TimeQuest Timing Analyzer report for TopLevel
Tue Dec 16 21:56:18 2025
Quartus II 64-Bit Version 13.1.0 Build 162 10/23/2013 SJ Web Edition


---------------------
; Table of Contents ;
---------------------
  1. Legal Notice
  2. TimeQuest Timing Analyzer Summary
  3. Parallel Compilation
  4. SDC File List
  5. Clocks
  6. Slow 1200mV 85C Model Fmax Summary
  7. Timing Closure Recommendations
  8. Slow 1200mV 85C Model Setup Summary
  9. Slow 1200mV 85C Model Hold Summary
 10. Slow 1200mV 85C Model Recovery Summary
 11. Slow 1200mV 85C Model Removal Summary
 12. Slow 1200mV 85C Model Minimum Pulse Width Summary
 13. Slow 1200mV 85C Model Setup: 'altera_reserved_tck'
 14. Slow 1200mV 85C Model Hold: 'altera_reserved_tck'
 15. Slow 1200mV 85C Model Recovery: 'altera_reserved_tck'
 16. Slow 1200mV 85C Model Removal: 'altera_reserved_tck'
 17. Slow 1200mV 85C Model Minimum Pulse Width: 'altera_reserved_tck'
 18. Setup Times
 19. Hold Times
 20. Clock to Output Times
 21. Minimum Clock to Output Times
 22. Propagation Delay
 23. Minimum Propagation Delay
 24. MTBF Summary
 25. Synchronizer Summary
 26. Synchronizer Chain #1: Typical MTBF is Greater than 1 Billion Years
 27. Synchronizer Chain #2: Typical MTBF is Greater than 1 Billion Years
 28. Slow 1200mV 0C Model Fmax Summary
 29. Slow 1200mV 0C Model Setup Summary
 30. Slow 1200mV 0C Model Hold Summary
 31. Slow 1200mV 0C Model Recovery Summary
 32. Slow 1200mV 0C Model Removal Summary
 33. Slow 1200mV 0C Model Minimum Pulse Width Summary
 34. Slow 1200mV 0C Model Setup: 'altera_reserved_tck'
 35. Slow 1200mV 0C Model Hold: 'altera_reserved_tck'
 36. Slow 1200mV 0C Model Recovery: 'altera_reserved_tck'
 37. Slow 1200mV 0C Model Removal: 'altera_reserved_tck'
 38. Slow 1200mV 0C Model Minimum Pulse Width: 'altera_reserved_tck'
 39. Setup Times
 40. Hold Times
 41. Clock to Output Times
 42. Minimum Clock to Output Times
 43. Propagation Delay
 44. Minimum Propagation Delay
 45. MTBF Summary
 46. Synchronizer Summary
 47. Synchronizer Chain #1: Typical MTBF is Greater than 1 Billion Years
 48. Synchronizer Chain #2: Typical MTBF is Greater than 1 Billion Years
 49. Fast 1200mV 0C Model Setup Summary
 50. Fast 1200mV 0C Model Hold Summary
 51. Fast 1200mV 0C Model Recovery Summary
 52. Fast 1200mV 0C Model Removal Summary
 53. Fast 1200mV 0C Model Minimum Pulse Width Summary
 54. Fast 1200mV 0C Model Setup: 'altera_reserved_tck'
 55. Fast 1200mV 0C Model Hold: 'altera_reserved_tck'
 56. Fast 1200mV 0C Model Recovery: 'altera_reserved_tck'
 57. Fast 1200mV 0C Model Removal: 'altera_reserved_tck'
 58. Fast 1200mV 0C Model Minimum Pulse Width: 'altera_reserved_tck'
 59. Setup Times
 60. Hold Times
 61. Clock to Output Times
 62. Minimum Clock to Output Times
 63. Propagation Delay
 64. Minimum Propagation Delay
 65. MTBF Summary
 66. Synchronizer Summary
 67. Synchronizer Chain #1: Typical MTBF is Greater than 1 Billion Years
 68. Synchronizer Chain #2: Typical MTBF is Greater than 1 Billion Years
 69. Multicorner Timing Analysis Summary
 70. Setup Times
 71. Hold Times
 72. Clock to Output Times
 73. Minimum Clock to Output Times
 74. Propagation Delay
 75. Minimum Propagation Delay
 76. Board Trace Model Assignments
 77. Input Transition Times
 78. Signal Integrity Metrics (Slow 1200mv 0c Model)
 79. Signal Integrity Metrics (Slow 1200mv 85c Model)
 80. Signal Integrity Metrics (Fast 1200mv 0c Model)
 81. Setup Transfers
 82. Hold Transfers
 83. Recovery Transfers
 84. Removal Transfers
 85. Report TCCS
 86. Report RSKM
 87. Unconstrained Paths
 88. TimeQuest Timing Analyzer Messages



----------------
; Legal Notice ;
----------------
Copyright (C) 1991-2013 Altera Corporation
Your use of Altera Corporation's design tools, logic functions 
and other software and tools, and its AMPP partner logic 
functions, and any output files from any of the foregoing 
(including device programming or simulation files), and any 
associated documentation or information are expressly subject 
to the terms and conditions of the Altera Program License 
Subscription Agreement, Altera MegaCore Function License 
Agreement, or other applicable license agreement, including, 
without limitation, that your use is for the sole purpose of 
programming logic devices manufactured by Altera and sold by 
Altera or its authorized distributors.  Please refer to the 
applicable agreement for further details.



+-------------------------------------------------------------------------+
; TimeQuest Timing Analyzer Summary                                       ;
+--------------------+----------------------------------------------------+
; Quartus II Version ; Version 13.1.0 Build 162 10/23/2013 SJ Web Edition ;
; Revision Name      ; TopLevel                                           ;
; Device Family      ; Cyclone IV E                                       ;
; Device Name        ; EP4CE115F29C7                                      ;
; Timing Models      ; Final                                              ;
; Delay Model        ; Combined                                           ;
; Rise/Fall Delays   ; Enabled                                            ;
+--------------------+----------------------------------------------------+


Parallel compilation was disabled, but you have multiple processors available. Enable parallel compilation to reduce compilation time.
+-------------------------------------+
; Parallel Compilation                ;
+----------------------------+--------+
; Processors                 ; Number ;
+----------------------------+--------+
; Number detected on machine ; 12     ;
; Maximum allowed            ; 1      ;
+----------------------------+--------+


+------------------------------------------------------------------------------------------+
; SDC File List                                                                            ;
+------------------------------------------------------+--------+--------------------------+
; SDC File Path                                        ; Status ; Read at                  ;
+------------------------------------------------------+--------+--------------------------+
; SoC/synthesis/submodules/altera_reset_controller.sdc ; OK     ; Tue Dec 16 21:56:15 2025 ;
; SoC/synthesis/submodules/SoC_cpu.sdc                 ; OK     ; Tue Dec 16 21:56:15 2025 ;
+------------------------------------------------------+--------+--------------------------+


+-----------------------------------------------------------------------------------------------------------------------------------------------------------------------------------------------------------+
; Clocks                                                                                                                                                                                                    ;
+---------------------+------+---------+-----------+-------+--------+------------+-----------+-------------+-------+--------+-----------+------------+----------+--------+--------+-------------------------+
; Clock Name          ; Type ; Period  ; Frequency ; Rise  ; Fall   ; Duty Cycle ; Divide by ; Multiply by ; Phase ; Offset ; Edge List ; Edge Shift ; Inverted ; Master ; Source ; Targets                 ;
+---------------------+------+---------+-----------+-------+--------+------------+-----------+-------------+-------+--------+-----------+------------+----------+--------+--------+-------------------------+
; altera_reserved_tck ; Base ; 100.000 ; 10.0 MHz  ; 0.000 ; 50.000 ;            ;           ;             ;       ;        ;           ;            ;          ;        ;        ; { altera_reserved_tck } ;
+---------------------+------+---------+-----------+-------+--------+------------+-----------+-------------+-------+--------+-----------+------------+----------+--------+--------+-------------------------+


+-----------------------------------------------------------+
; Slow 1200mV 85C Model Fmax Summary                        ;
+------------+-----------------+---------------------+------+
; Fmax       ; Restricted Fmax ; Clock Name          ; Note ;
+------------+-----------------+---------------------+------+
; 128.37 MHz ; 128.37 MHz      ; altera_reserved_tck ;      ;
+------------+-----------------+---------------------+------+
This panel reports FMAX for every clock in the design, regardless of the user-specified clock periods.  FMAX is only computed for paths where the source and destination registers or ports are driven by the same clock.  Paths of different clocks, including generated clocks, are ignored.  For paths between a clock and its inversion, FMAX is computed as if the rising and falling edges are scaled along with FMAX, such that the duty cycle (in terms of a percentage) is maintained. Altera recommends that you always use clock constraints and other slack reports for sign-off analysis.


----------------------------------
; Timing Closure Recommendations ;
----------------------------------
HTML report is unavailable in plain text report export.


+----------------------------------------------+
; Slow 1200mV 85C Model Setup Summary          ;
+---------------------+--------+---------------+
; Clock               ; Slack  ; End Point TNS ;
+---------------------+--------+---------------+
; altera_reserved_tck ; 46.105 ; 0.000         ;
+---------------------+--------+---------------+


+---------------------------------------------+
; Slow 1200mV 85C Model Hold Summary          ;
+---------------------+-------+---------------+
; Clock               ; Slack ; End Point TNS ;
+---------------------+-------+---------------+
; altera_reserved_tck ; 0.404 ; 0.000         ;
+---------------------+-------+---------------+


+----------------------------------------------+
; Slow 1200mV 85C Model Recovery Summary       ;
+---------------------+--------+---------------+
; Clock               ; Slack  ; End Point TNS ;
+---------------------+--------+---------------+
; altera_reserved_tck ; 47.574 ; 0.000         ;
+---------------------+--------+---------------+


+---------------------------------------------+
; Slow 1200mV 85C Model Removal Summary       ;
+---------------------+-------+---------------+
; Clock               ; Slack ; End Point TNS ;
+---------------------+-------+---------------+
; altera_reserved_tck ; 1.213 ; 0.000         ;
+---------------------+-------+---------------+


+---------------------------------------------------+
; Slow 1200mV 85C Model Minimum Pulse Width Summary ;
+---------------------+--------+--------------------+
; Clock               ; Slack  ; End Point TNS      ;
+---------------------+--------+--------------------+
; altera_reserved_tck ; 49.623 ; 0.000              ;
+---------------------+--------+--------------------+


+------------------------------------------------------------------------------------------------------------------------------------------------------------------------------------------------------------------------------------------------------------------------------------------------------------------------------------------------------------------------------------------------------------------------------------------------------------------------------------------------------------------------+
; Slow 1200mV 85C Model Setup: 'altera_reserved_tck'                                                                                                                                                                                                                                                                                                                                                                                                                                                                     ;
+--------+------------------------------------------------------------------------------------------------------------------------------------------------------------------------------------------------------------+-------------------------------------------------------------------------------------------------------------------------------------------------------------------------------------------------------------+---------------------+---------------------+--------------+------------+------------+
; Slack  ; From Node                                                                                                                                                                                                  ; To Node                                                                                                                                                                                                     ; Launch Clock        ; Latch Clock         ; Relationship ; Clock Skew ; Data Delay ;
+--------+------------------------------------------------------------------------------------------------------------------------------------------------------------------------------------------------------------+-------------------------------------------------------------------------------------------------------------------------------------------------------------------------------------------------------------+---------------------+---------------------+--------------+------------+------------+
; 46.105 ; sld_hub:auto_hub|sld_jtag_hub:\jtag_hub_gen:sld_jtag_hub_inst|sld_shadow_jsm:shadow_jsm|state[4]                                                                                                           ; sld_hub:auto_hub|sld_jtag_hub:\jtag_hub_gen:sld_jtag_hub_inst|tdo                                                                                                                                           ; altera_reserved_tck ; altera_reserved_tck ; 50.000       ; 0.084      ; 3.997      ;
; 46.904 ; sld_hub:auto_hub|sld_jtag_hub:\jtag_hub_gen:sld_jtag_hub_inst|irsr_reg[1]                                                                                                                                  ; sld_hub:auto_hub|sld_jtag_hub:\jtag_hub_gen:sld_jtag_hub_inst|tdo                                                                                                                                           ; altera_reserved_tck ; altera_reserved_tck ; 50.000       ; 0.094      ; 3.208      ;
; 47.173 ; sld_hub:auto_hub|sld_jtag_hub:\jtag_hub_gen:sld_jtag_hub_inst|irsr_reg[2]                                                                                                                                  ; sld_hub:auto_hub|sld_jtag_hub:\jtag_hub_gen:sld_jtag_hub_inst|tdo                                                                                                                                           ; altera_reserved_tck ; altera_reserved_tck ; 50.000       ; 0.094      ; 2.939      ;
; 47.222 ; sld_hub:auto_hub|sld_jtag_hub:\jtag_hub_gen:sld_jtag_hub_inst|virtual_ir_scan_reg                                                                                                                          ; SoC:inst|SoC_jtag_uart:jtag_uart|alt_jtag_atlantic:SoC_jtag_uart_alt_jtag_atlantic|jupdate                                                                                                                  ; altera_reserved_tck ; altera_reserved_tck ; 50.000       ; 0.067      ; 2.863      ;
; 47.290 ; sld_hub:auto_hub|sld_jtag_hub:\jtag_hub_gen:sld_jtag_hub_inst|virtual_ir_scan_reg                                                                                                                          ; sld_hub:auto_hub|sld_jtag_hub:\jtag_hub_gen:sld_jtag_hub_inst|tdo                                                                                                                                           ; altera_reserved_tck ; altera_reserved_tck ; 50.000       ; 0.085      ; 2.813      ;
; 47.358 ; sld_hub:auto_hub|sld_jtag_hub:\jtag_hub_gen:sld_jtag_hub_inst|irf_reg[2][0]                                                                                                                                ; SoC:inst|SoC_jtag_uart:jtag_uart|alt_jtag_atlantic:SoC_jtag_uart_alt_jtag_atlantic|jupdate                                                                                                                  ; altera_reserved_tck ; altera_reserved_tck ; 50.000       ; 0.073      ; 2.733      ;
; 47.392 ; sld_hub:auto_hub|sld_jtag_hub:\jtag_hub_gen:sld_jtag_hub_inst|sld_shadow_jsm:shadow_jsm|state[3]                                                                                                           ; sld_hub:auto_hub|sld_jtag_hub:\jtag_hub_gen:sld_jtag_hub_inst|tdo                                                                                                                                           ; altera_reserved_tck ; altera_reserved_tck ; 50.000       ; 0.083      ; 2.709      ;
; 47.457 ; sld_hub:auto_hub|sld_jtag_hub:\jtag_hub_gen:sld_jtag_hub_inst|hub_minor_ver_reg[0]                                                                                                                         ; sld_hub:auto_hub|sld_jtag_hub:\jtag_hub_gen:sld_jtag_hub_inst|tdo                                                                                                                                           ; altera_reserved_tck ; altera_reserved_tck ; 50.000       ; 0.093      ; 2.654      ;
; 47.459 ; sld_hub:auto_hub|sld_jtag_hub:\jtag_hub_gen:sld_jtag_hub_inst|design_hash_reg[0]                                                                                                                           ; sld_hub:auto_hub|sld_jtag_hub:\jtag_hub_gen:sld_jtag_hub_inst|tdo                                                                                                                                           ; altera_reserved_tck ; altera_reserved_tck ; 50.000       ; 0.083      ; 2.642      ;
; 47.466 ; sld_hub:auto_hub|sld_jtag_hub:\jtag_hub_gen:sld_jtag_hub_inst|tdo_bypass_reg                                                                                                                               ; sld_hub:auto_hub|sld_jtag_hub:\jtag_hub_gen:sld_jtag_hub_inst|tdo                                                                                                                                           ; altera_reserved_tck ; altera_reserved_tck ; 50.000       ; 0.083      ; 2.635      ;
; 47.620 ; sld_hub:auto_hub|sld_jtag_hub:\jtag_hub_gen:sld_jtag_hub_inst|irsr_reg[5]                                                                                                                                  ; sld_hub:auto_hub|sld_jtag_hub:\jtag_hub_gen:sld_jtag_hub_inst|tdo                                                                                                                                           ; altera_reserved_tck ; altera_reserved_tck ; 50.000       ; 0.094      ; 2.492      ;
; 47.634 ; sld_hub:auto_hub|sld_jtag_hub:\jtag_hub_gen:sld_jtag_hub_inst|irsr_reg[0]                                                                                                                                  ; sld_hub:auto_hub|sld_jtag_hub:\jtag_hub_gen:sld_jtag_hub_inst|tdo                                                                                                                                           ; altera_reserved_tck ; altera_reserved_tck ; 50.000       ; 0.094      ; 2.478      ;
; 47.703 ; SoC:inst|SoC_cpu:cpu|SoC_cpu_nios2_oci:the_SoC_cpu_nios2_oci|SoC_cpu_jtag_debug_module_wrapper:the_SoC_cpu_jtag_debug_module_wrapper|SoC_cpu_jtag_debug_module_tck:the_SoC_cpu_jtag_debug_module_tck|sr[0] ; sld_hub:auto_hub|sld_jtag_hub:\jtag_hub_gen:sld_jtag_hub_inst|tdo                                                                                                                                           ; altera_reserved_tck ; altera_reserved_tck ; 50.000       ; 0.096      ; 2.411      ;
; 47.713 ; sld_hub:auto_hub|sld_jtag_hub:\jtag_hub_gen:sld_jtag_hub_inst|irsr_reg[6]                                                                                                                                  ; sld_hub:auto_hub|sld_jtag_hub:\jtag_hub_gen:sld_jtag_hub_inst|tdo                                                                                                                                           ; altera_reserved_tck ; altera_reserved_tck ; 50.000       ; 0.093      ; 2.398      ;
; 47.714 ; sld_hub:auto_hub|sld_jtag_hub:\jtag_hub_gen:sld_jtag_hub_inst|node_ena[2]~reg0                                                                                                                             ; SoC:inst|SoC_jtag_uart:jtag_uart|alt_jtag_atlantic:SoC_jtag_uart_alt_jtag_atlantic|jupdate                                                                                                                  ; altera_reserved_tck ; altera_reserved_tck ; 50.000       ; 0.070      ; 2.374      ;
; 47.913 ; sld_hub:auto_hub|sld_jtag_hub:\jtag_hub_gen:sld_jtag_hub_inst|sld_shadow_jsm:shadow_jsm|state[8]                                                                                                           ; SoC:inst|SoC_jtag_uart:jtag_uart|alt_jtag_atlantic:SoC_jtag_uart_alt_jtag_atlantic|jupdate                                                                                                                  ; altera_reserved_tck ; altera_reserved_tck ; 50.000       ; 0.066      ; 2.171      ;
; 47.938 ; sld_hub:auto_hub|sld_jtag_hub:\jtag_hub_gen:sld_jtag_hub_inst|sld_rom_sr:hub_info_reg|WORD_SR[0]                                                                                                           ; sld_hub:auto_hub|sld_jtag_hub:\jtag_hub_gen:sld_jtag_hub_inst|tdo                                                                                                                                           ; altera_reserved_tck ; altera_reserved_tck ; 50.000       ; 0.088      ; 2.168      ;
; 48.840 ; SoC:inst|SoC_jtag_uart:jtag_uart|alt_jtag_atlantic:SoC_jtag_uart_alt_jtag_atlantic|td_shift[0]                                                                                                             ; SoC:inst|SoC_jtag_uart:jtag_uart|alt_jtag_atlantic:SoC_jtag_uart_alt_jtag_atlantic|tdo~reg0                                                                                                                 ; altera_reserved_tck ; altera_reserved_tck ; 50.000       ; 0.098      ; 1.276      ;
; 94.942 ; sld_hub:auto_hub|sld_jtag_hub:\jtag_hub_gen:sld_jtag_hub_inst|virtual_ir_scan_reg                                                                                                                          ; sld_hub:auto_hub|sld_jtag_hub:\jtag_hub_gen:sld_jtag_hub_inst|sld_rom_sr:hub_info_reg|WORD_SR[2]                                                                                                            ; altera_reserved_tck ; altera_reserved_tck ; 100.000      ; -0.082     ; 4.994      ;
; 95.077 ; sld_hub:auto_hub|sld_jtag_hub:\jtag_hub_gen:sld_jtag_hub_inst|sld_shadow_jsm:shadow_jsm|state[4]                                                                                                           ; sld_hub:auto_hub|sld_jtag_hub:\jtag_hub_gen:sld_jtag_hub_inst|node_ena[1]~reg0                                                                                                                              ; altera_reserved_tck ; altera_reserved_tck ; 100.000      ; -0.083     ; 4.858      ;
; 95.077 ; sld_hub:auto_hub|sld_jtag_hub:\jtag_hub_gen:sld_jtag_hub_inst|sld_shadow_jsm:shadow_jsm|state[4]                                                                                                           ; sld_hub:auto_hub|sld_jtag_hub:\jtag_hub_gen:sld_jtag_hub_inst|node_ena[2]~reg0                                                                                                                              ; altera_reserved_tck ; altera_reserved_tck ; 100.000      ; -0.083     ; 4.858      ;
; 95.179 ; sld_hub:auto_hub|sld_jtag_hub:\jtag_hub_gen:sld_jtag_hub_inst|virtual_ir_scan_reg                                                                                                                          ; SoC:inst|SoC_jtag_uart:jtag_uart|alt_jtag_atlantic:SoC_jtag_uart_alt_jtag_atlantic|write_stalled                                                                                                            ; altera_reserved_tck ; altera_reserved_tck ; 100.000      ; -0.100     ; 4.739      ;
; 95.179 ; sld_hub:auto_hub|sld_jtag_hub:\jtag_hub_gen:sld_jtag_hub_inst|virtual_ir_scan_reg                                                                                                                          ; SoC:inst|SoC_jtag_uart:jtag_uart|alt_jtag_atlantic:SoC_jtag_uart_alt_jtag_atlantic|write_valid                                                                                                              ; altera_reserved_tck ; altera_reserved_tck ; 100.000      ; -0.100     ; 4.739      ;
; 95.179 ; sld_hub:auto_hub|sld_jtag_hub:\jtag_hub_gen:sld_jtag_hub_inst|virtual_ir_scan_reg                                                                                                                          ; SoC:inst|SoC_jtag_uart:jtag_uart|alt_jtag_atlantic:SoC_jtag_uart_alt_jtag_atlantic|wdata[0]                                                                                                                 ; altera_reserved_tck ; altera_reserved_tck ; 100.000      ; -0.100     ; 4.739      ;
; 95.211 ; sld_hub:auto_hub|sld_jtag_hub:\jtag_hub_gen:sld_jtag_hub_inst|sld_shadow_jsm:shadow_jsm|state[4]                                                                                                           ; SoC:inst|SoC_cpu:cpu|SoC_cpu_nios2_oci:the_SoC_cpu_nios2_oci|SoC_cpu_jtag_debug_module_wrapper:the_SoC_cpu_jtag_debug_module_wrapper|SoC_cpu_jtag_debug_module_tck:the_SoC_cpu_jtag_debug_module_tck|sr[25] ; altera_reserved_tck ; altera_reserved_tck ; 100.000      ; -0.104     ; 4.703      ;
; 95.211 ; sld_hub:auto_hub|sld_jtag_hub:\jtag_hub_gen:sld_jtag_hub_inst|sld_shadow_jsm:shadow_jsm|state[4]                                                                                                           ; SoC:inst|SoC_cpu:cpu|SoC_cpu_nios2_oci:the_SoC_cpu_nios2_oci|SoC_cpu_jtag_debug_module_wrapper:the_SoC_cpu_jtag_debug_module_wrapper|SoC_cpu_jtag_debug_module_tck:the_SoC_cpu_jtag_debug_module_tck|sr[24] ; altera_reserved_tck ; altera_reserved_tck ; 100.000      ; -0.104     ; 4.703      ;
; 95.211 ; sld_hub:auto_hub|sld_jtag_hub:\jtag_hub_gen:sld_jtag_hub_inst|sld_shadow_jsm:shadow_jsm|state[4]                                                                                                           ; SoC:inst|SoC_cpu:cpu|SoC_cpu_nios2_oci:the_SoC_cpu_nios2_oci|SoC_cpu_jtag_debug_module_wrapper:the_SoC_cpu_jtag_debug_module_wrapper|SoC_cpu_jtag_debug_module_tck:the_SoC_cpu_jtag_debug_module_tck|sr[32] ; altera_reserved_tck ; altera_reserved_tck ; 100.000      ; -0.104     ; 4.703      ;
; 95.211 ; sld_hub:auto_hub|sld_jtag_hub:\jtag_hub_gen:sld_jtag_hub_inst|sld_shadow_jsm:shadow_jsm|state[4]                                                                                                           ; SoC:inst|SoC_cpu:cpu|SoC_cpu_nios2_oci:the_SoC_cpu_nios2_oci|SoC_cpu_jtag_debug_module_wrapper:the_SoC_cpu_jtag_debug_module_wrapper|SoC_cpu_jtag_debug_module_tck:the_SoC_cpu_jtag_debug_module_tck|sr[33] ; altera_reserved_tck ; altera_reserved_tck ; 100.000      ; -0.104     ; 4.703      ;
; 95.211 ; sld_hub:auto_hub|sld_jtag_hub:\jtag_hub_gen:sld_jtag_hub_inst|sld_shadow_jsm:shadow_jsm|state[4]                                                                                                           ; SoC:inst|SoC_cpu:cpu|SoC_cpu_nios2_oci:the_SoC_cpu_nios2_oci|SoC_cpu_jtag_debug_module_wrapper:the_SoC_cpu_jtag_debug_module_wrapper|SoC_cpu_jtag_debug_module_tck:the_SoC_cpu_jtag_debug_module_tck|sr[34] ; altera_reserved_tck ; altera_reserved_tck ; 100.000      ; -0.104     ; 4.703      ;
; 95.315 ; sld_hub:auto_hub|sld_jtag_hub:\jtag_hub_gen:sld_jtag_hub_inst|irf_reg[2][0]                                                                                                                                ; SoC:inst|SoC_jtag_uart:jtag_uart|alt_jtag_atlantic:SoC_jtag_uart_alt_jtag_atlantic|write_stalled                                                                                                            ; altera_reserved_tck ; altera_reserved_tck ; 100.000      ; -0.094     ; 4.609      ;
; 95.315 ; sld_hub:auto_hub|sld_jtag_hub:\jtag_hub_gen:sld_jtag_hub_inst|irf_reg[2][0]                                                                                                                                ; SoC:inst|SoC_jtag_uart:jtag_uart|alt_jtag_atlantic:SoC_jtag_uart_alt_jtag_atlantic|write_valid                                                                                                              ; altera_reserved_tck ; altera_reserved_tck ; 100.000      ; -0.094     ; 4.609      ;
; 95.315 ; sld_hub:auto_hub|sld_jtag_hub:\jtag_hub_gen:sld_jtag_hub_inst|irf_reg[2][0]                                                                                                                                ; SoC:inst|SoC_jtag_uart:jtag_uart|alt_jtag_atlantic:SoC_jtag_uart_alt_jtag_atlantic|wdata[0]                                                                                                                 ; altera_reserved_tck ; altera_reserved_tck ; 100.000      ; -0.094     ; 4.609      ;
; 95.322 ; sld_hub:auto_hub|sld_jtag_hub:\jtag_hub_gen:sld_jtag_hub_inst|virtual_ir_scan_reg                                                                                                                          ; SoC:inst|SoC_cpu:cpu|SoC_cpu_nios2_oci:the_SoC_cpu_nios2_oci|SoC_cpu_jtag_debug_module_wrapper:the_SoC_cpu_jtag_debug_module_wrapper|SoC_cpu_jtag_debug_module_tck:the_SoC_cpu_jtag_debug_module_tck|sr[25] ; altera_reserved_tck ; altera_reserved_tck ; 100.000      ; -0.103     ; 4.593      ;
; 95.322 ; sld_hub:auto_hub|sld_jtag_hub:\jtag_hub_gen:sld_jtag_hub_inst|virtual_ir_scan_reg                                                                                                                          ; SoC:inst|SoC_cpu:cpu|SoC_cpu_nios2_oci:the_SoC_cpu_nios2_oci|SoC_cpu_jtag_debug_module_wrapper:the_SoC_cpu_jtag_debug_module_wrapper|SoC_cpu_jtag_debug_module_tck:the_SoC_cpu_jtag_debug_module_tck|sr[24] ; altera_reserved_tck ; altera_reserved_tck ; 100.000      ; -0.103     ; 4.593      ;
; 95.322 ; sld_hub:auto_hub|sld_jtag_hub:\jtag_hub_gen:sld_jtag_hub_inst|virtual_ir_scan_reg                                                                                                                          ; SoC:inst|SoC_cpu:cpu|SoC_cpu_nios2_oci:the_SoC_cpu_nios2_oci|SoC_cpu_jtag_debug_module_wrapper:the_SoC_cpu_jtag_debug_module_wrapper|SoC_cpu_jtag_debug_module_tck:the_SoC_cpu_jtag_debug_module_tck|sr[32] ; altera_reserved_tck ; altera_reserved_tck ; 100.000      ; -0.103     ; 4.593      ;
; 95.322 ; sld_hub:auto_hub|sld_jtag_hub:\jtag_hub_gen:sld_jtag_hub_inst|virtual_ir_scan_reg                                                                                                                          ; SoC:inst|SoC_cpu:cpu|SoC_cpu_nios2_oci:the_SoC_cpu_nios2_oci|SoC_cpu_jtag_debug_module_wrapper:the_SoC_cpu_jtag_debug_module_wrapper|SoC_cpu_jtag_debug_module_tck:the_SoC_cpu_jtag_debug_module_tck|sr[33] ; altera_reserved_tck ; altera_reserved_tck ; 100.000      ; -0.103     ; 4.593      ;
; 95.322 ; sld_hub:auto_hub|sld_jtag_hub:\jtag_hub_gen:sld_jtag_hub_inst|virtual_ir_scan_reg                                                                                                                          ; SoC:inst|SoC_cpu:cpu|SoC_cpu_nios2_oci:the_SoC_cpu_nios2_oci|SoC_cpu_jtag_debug_module_wrapper:the_SoC_cpu_jtag_debug_module_wrapper|SoC_cpu_jtag_debug_module_tck:the_SoC_cpu_jtag_debug_module_tck|sr[34] ; altera_reserved_tck ; altera_reserved_tck ; 100.000      ; -0.103     ; 4.593      ;
; 95.404 ; sld_hub:auto_hub|sld_jtag_hub:\jtag_hub_gen:sld_jtag_hub_inst|sld_shadow_jsm:shadow_jsm|state[4]                                                                                                           ; sld_hub:auto_hub|sld_jtag_hub:\jtag_hub_gen:sld_jtag_hub_inst|sld_rom_sr:hub_info_reg|WORD_SR[2]                                                                                                            ; altera_reserved_tck ; altera_reserved_tck ; 100.000      ; -0.083     ; 4.531      ;
; 95.453 ; sld_hub:auto_hub|sld_jtag_hub:\jtag_hub_gen:sld_jtag_hub_inst|sld_shadow_jsm:shadow_jsm|state[4]                                                                                                           ; SoC:inst|SoC_cpu:cpu|SoC_cpu_nios2_oci:the_SoC_cpu_nios2_oci|SoC_cpu_jtag_debug_module_wrapper:the_SoC_cpu_jtag_debug_module_wrapper|SoC_cpu_jtag_debug_module_tck:the_SoC_cpu_jtag_debug_module_tck|sr[26] ; altera_reserved_tck ; altera_reserved_tck ; 100.000      ; -0.102     ; 4.463      ;
; 95.458 ; sld_hub:auto_hub|sld_jtag_hub:\jtag_hub_gen:sld_jtag_hub_inst|sld_shadow_jsm:shadow_jsm|state[4]                                                                                                           ; SoC:inst|SoC_cpu:cpu|SoC_cpu_nios2_oci:the_SoC_cpu_nios2_oci|SoC_cpu_jtag_debug_module_wrapper:the_SoC_cpu_jtag_debug_module_wrapper|SoC_cpu_jtag_debug_module_tck:the_SoC_cpu_jtag_debug_module_tck|sr[27] ; altera_reserved_tck ; altera_reserved_tck ; 100.000      ; -0.102     ; 4.458      ;
; 95.458 ; sld_hub:auto_hub|sld_jtag_hub:\jtag_hub_gen:sld_jtag_hub_inst|sld_shadow_jsm:shadow_jsm|state[4]                                                                                                           ; SoC:inst|SoC_cpu:cpu|SoC_cpu_nios2_oci:the_SoC_cpu_nios2_oci|SoC_cpu_jtag_debug_module_wrapper:the_SoC_cpu_jtag_debug_module_wrapper|SoC_cpu_jtag_debug_module_tck:the_SoC_cpu_jtag_debug_module_tck|sr[29] ; altera_reserved_tck ; altera_reserved_tck ; 100.000      ; -0.102     ; 4.458      ;
; 95.458 ; sld_hub:auto_hub|sld_jtag_hub:\jtag_hub_gen:sld_jtag_hub_inst|sld_shadow_jsm:shadow_jsm|state[4]                                                                                                           ; SoC:inst|SoC_cpu:cpu|SoC_cpu_nios2_oci:the_SoC_cpu_nios2_oci|SoC_cpu_jtag_debug_module_wrapper:the_SoC_cpu_jtag_debug_module_wrapper|SoC_cpu_jtag_debug_module_tck:the_SoC_cpu_jtag_debug_module_tck|sr[28] ; altera_reserved_tck ; altera_reserved_tck ; 100.000      ; -0.102     ; 4.458      ;
; 95.458 ; sld_hub:auto_hub|sld_jtag_hub:\jtag_hub_gen:sld_jtag_hub_inst|sld_shadow_jsm:shadow_jsm|state[4]                                                                                                           ; SoC:inst|SoC_cpu:cpu|SoC_cpu_nios2_oci:the_SoC_cpu_nios2_oci|SoC_cpu_jtag_debug_module_wrapper:the_SoC_cpu_jtag_debug_module_wrapper|SoC_cpu_jtag_debug_module_tck:the_SoC_cpu_jtag_debug_module_tck|sr[30] ; altera_reserved_tck ; altera_reserved_tck ; 100.000      ; -0.102     ; 4.458      ;
; 95.471 ; sld_hub:auto_hub|sld_jtag_hub:\jtag_hub_gen:sld_jtag_hub_inst|sld_shadow_jsm:shadow_jsm|state[4]                                                                                                           ; SoC:inst|SoC_cpu:cpu|SoC_cpu_nios2_oci:the_SoC_cpu_nios2_oci|SoC_cpu_jtag_debug_module_wrapper:the_SoC_cpu_jtag_debug_module_wrapper|SoC_cpu_jtag_debug_module_tck:the_SoC_cpu_jtag_debug_module_tck|sr[23] ; altera_reserved_tck ; altera_reserved_tck ; 100.000      ; -0.110     ; 4.437      ;
; 95.472 ; sld_hub:auto_hub|sld_jtag_hub:\jtag_hub_gen:sld_jtag_hub_inst|sld_shadow_jsm:shadow_jsm|state[4]                                                                                                           ; SoC:inst|SoC_cpu:cpu|SoC_cpu_nios2_oci:the_SoC_cpu_nios2_oci|SoC_cpu_jtag_debug_module_wrapper:the_SoC_cpu_jtag_debug_module_wrapper|SoC_cpu_jtag_debug_module_tck:the_SoC_cpu_jtag_debug_module_tck|sr[22] ; altera_reserved_tck ; altera_reserved_tck ; 100.000      ; -0.110     ; 4.436      ;
; 95.474 ; sld_hub:auto_hub|sld_jtag_hub:\jtag_hub_gen:sld_jtag_hub_inst|sld_shadow_jsm:shadow_jsm|state[4]                                                                                                           ; SoC:inst|SoC_cpu:cpu|SoC_cpu_nios2_oci:the_SoC_cpu_nios2_oci|SoC_cpu_jtag_debug_module_wrapper:the_SoC_cpu_jtag_debug_module_wrapper|SoC_cpu_jtag_debug_module_tck:the_SoC_cpu_jtag_debug_module_tck|sr[16] ; altera_reserved_tck ; altera_reserved_tck ; 100.000      ; -0.110     ; 4.434      ;
; 95.483 ; sld_hub:auto_hub|sld_jtag_hub:\jtag_hub_gen:sld_jtag_hub_inst|virtual_ir_scan_reg                                                                                                                          ; SoC:inst|SoC_jtag_uart:jtag_uart|alt_jtag_atlantic:SoC_jtag_uart_alt_jtag_atlantic|read                                                                                                                     ; altera_reserved_tck ; altera_reserved_tck ; 100.000      ; -0.094     ; 4.441      ;
; 95.483 ; sld_hub:auto_hub|sld_jtag_hub:\jtag_hub_gen:sld_jtag_hub_inst|virtual_ir_scan_reg                                                                                                                          ; SoC:inst|SoC_jtag_uart:jtag_uart|alt_jtag_atlantic:SoC_jtag_uart_alt_jtag_atlantic|read_req                                                                                                                 ; altera_reserved_tck ; altera_reserved_tck ; 100.000      ; -0.094     ; 4.441      ;
; 95.518 ; sld_hub:auto_hub|sld_jtag_hub:\jtag_hub_gen:sld_jtag_hub_inst|sld_shadow_jsm:shadow_jsm|state[4]                                                                                                           ; SoC:inst|SoC_cpu:cpu|SoC_cpu_nios2_oci:the_SoC_cpu_nios2_oci|SoC_cpu_jtag_debug_module_wrapper:the_SoC_cpu_jtag_debug_module_wrapper|SoC_cpu_jtag_debug_module_tck:the_SoC_cpu_jtag_debug_module_tck|sr[17] ; altera_reserved_tck ; altera_reserved_tck ; 100.000      ; -0.110     ; 4.390      ;
; 95.518 ; sld_hub:auto_hub|sld_jtag_hub:\jtag_hub_gen:sld_jtag_hub_inst|sld_shadow_jsm:shadow_jsm|state[4]                                                                                                           ; SoC:inst|SoC_cpu:cpu|SoC_cpu_nios2_oci:the_SoC_cpu_nios2_oci|SoC_cpu_jtag_debug_module_wrapper:the_SoC_cpu_jtag_debug_module_wrapper|SoC_cpu_jtag_debug_module_tck:the_SoC_cpu_jtag_debug_module_tck|sr[20] ; altera_reserved_tck ; altera_reserved_tck ; 100.000      ; -0.110     ; 4.390      ;
; 95.518 ; sld_hub:auto_hub|sld_jtag_hub:\jtag_hub_gen:sld_jtag_hub_inst|sld_shadow_jsm:shadow_jsm|state[4]                                                                                                           ; SoC:inst|SoC_cpu:cpu|SoC_cpu_nios2_oci:the_SoC_cpu_nios2_oci|SoC_cpu_jtag_debug_module_wrapper:the_SoC_cpu_jtag_debug_module_wrapper|SoC_cpu_jtag_debug_module_tck:the_SoC_cpu_jtag_debug_module_tck|sr[19] ; altera_reserved_tck ; altera_reserved_tck ; 100.000      ; -0.110     ; 4.390      ;
; 95.518 ; sld_hub:auto_hub|sld_jtag_hub:\jtag_hub_gen:sld_jtag_hub_inst|sld_shadow_jsm:shadow_jsm|state[4]                                                                                                           ; SoC:inst|SoC_cpu:cpu|SoC_cpu_nios2_oci:the_SoC_cpu_nios2_oci|SoC_cpu_jtag_debug_module_wrapper:the_SoC_cpu_jtag_debug_module_wrapper|SoC_cpu_jtag_debug_module_tck:the_SoC_cpu_jtag_debug_module_tck|sr[18] ; altera_reserved_tck ; altera_reserved_tck ; 100.000      ; -0.110     ; 4.390      ;
; 95.518 ; sld_hub:auto_hub|sld_jtag_hub:\jtag_hub_gen:sld_jtag_hub_inst|sld_shadow_jsm:shadow_jsm|state[4]                                                                                                           ; SoC:inst|SoC_cpu:cpu|SoC_cpu_nios2_oci:the_SoC_cpu_nios2_oci|SoC_cpu_jtag_debug_module_wrapper:the_SoC_cpu_jtag_debug_module_wrapper|SoC_cpu_jtag_debug_module_tck:the_SoC_cpu_jtag_debug_module_tck|sr[21] ; altera_reserved_tck ; altera_reserved_tck ; 100.000      ; -0.110     ; 4.390      ;
; 95.556 ; sld_hub:auto_hub|sld_jtag_hub:\jtag_hub_gen:sld_jtag_hub_inst|sld_shadow_jsm:shadow_jsm|state[3]                                                                                                           ; SoC:inst|SoC_cpu:cpu|SoC_cpu_nios2_oci:the_SoC_cpu_nios2_oci|SoC_cpu_jtag_debug_module_wrapper:the_SoC_cpu_jtag_debug_module_wrapper|SoC_cpu_jtag_debug_module_tck:the_SoC_cpu_jtag_debug_module_tck|sr[25] ; altera_reserved_tck ; altera_reserved_tck ; 100.000      ; -0.105     ; 4.357      ;
; 95.556 ; sld_hub:auto_hub|sld_jtag_hub:\jtag_hub_gen:sld_jtag_hub_inst|sld_shadow_jsm:shadow_jsm|state[3]                                                                                                           ; SoC:inst|SoC_cpu:cpu|SoC_cpu_nios2_oci:the_SoC_cpu_nios2_oci|SoC_cpu_jtag_debug_module_wrapper:the_SoC_cpu_jtag_debug_module_wrapper|SoC_cpu_jtag_debug_module_tck:the_SoC_cpu_jtag_debug_module_tck|sr[24] ; altera_reserved_tck ; altera_reserved_tck ; 100.000      ; -0.105     ; 4.357      ;
; 95.556 ; sld_hub:auto_hub|sld_jtag_hub:\jtag_hub_gen:sld_jtag_hub_inst|sld_shadow_jsm:shadow_jsm|state[3]                                                                                                           ; SoC:inst|SoC_cpu:cpu|SoC_cpu_nios2_oci:the_SoC_cpu_nios2_oci|SoC_cpu_jtag_debug_module_wrapper:the_SoC_cpu_jtag_debug_module_wrapper|SoC_cpu_jtag_debug_module_tck:the_SoC_cpu_jtag_debug_module_tck|sr[32] ; altera_reserved_tck ; altera_reserved_tck ; 100.000      ; -0.105     ; 4.357      ;
; 95.556 ; sld_hub:auto_hub|sld_jtag_hub:\jtag_hub_gen:sld_jtag_hub_inst|sld_shadow_jsm:shadow_jsm|state[3]                                                                                                           ; SoC:inst|SoC_cpu:cpu|SoC_cpu_nios2_oci:the_SoC_cpu_nios2_oci|SoC_cpu_jtag_debug_module_wrapper:the_SoC_cpu_jtag_debug_module_wrapper|SoC_cpu_jtag_debug_module_tck:the_SoC_cpu_jtag_debug_module_tck|sr[33] ; altera_reserved_tck ; altera_reserved_tck ; 100.000      ; -0.105     ; 4.357      ;
; 95.556 ; sld_hub:auto_hub|sld_jtag_hub:\jtag_hub_gen:sld_jtag_hub_inst|sld_shadow_jsm:shadow_jsm|state[3]                                                                                                           ; SoC:inst|SoC_cpu:cpu|SoC_cpu_nios2_oci:the_SoC_cpu_nios2_oci|SoC_cpu_jtag_debug_module_wrapper:the_SoC_cpu_jtag_debug_module_wrapper|SoC_cpu_jtag_debug_module_tck:the_SoC_cpu_jtag_debug_module_tck|sr[34] ; altera_reserved_tck ; altera_reserved_tck ; 100.000      ; -0.105     ; 4.357      ;
; 95.566 ; sld_hub:auto_hub|sld_jtag_hub:\jtag_hub_gen:sld_jtag_hub_inst|virtual_ir_scan_reg                                                                                                                          ; SoC:inst|SoC_cpu:cpu|SoC_cpu_nios2_oci:the_SoC_cpu_nios2_oci|SoC_cpu_jtag_debug_module_wrapper:the_SoC_cpu_jtag_debug_module_wrapper|SoC_cpu_jtag_debug_module_tck:the_SoC_cpu_jtag_debug_module_tck|sr[26] ; altera_reserved_tck ; altera_reserved_tck ; 100.000      ; -0.101     ; 4.351      ;
; 95.575 ; sld_hub:auto_hub|sld_jtag_hub:\jtag_hub_gen:sld_jtag_hub_inst|virtual_ir_scan_reg                                                                                                                          ; SoC:inst|SoC_cpu:cpu|SoC_cpu_nios2_oci:the_SoC_cpu_nios2_oci|SoC_cpu_jtag_debug_module_wrapper:the_SoC_cpu_jtag_debug_module_wrapper|SoC_cpu_jtag_debug_module_tck:the_SoC_cpu_jtag_debug_module_tck|sr[27] ; altera_reserved_tck ; altera_reserved_tck ; 100.000      ; -0.101     ; 4.342      ;
; 95.575 ; sld_hub:auto_hub|sld_jtag_hub:\jtag_hub_gen:sld_jtag_hub_inst|virtual_ir_scan_reg                                                                                                                          ; SoC:inst|SoC_cpu:cpu|SoC_cpu_nios2_oci:the_SoC_cpu_nios2_oci|SoC_cpu_jtag_debug_module_wrapper:the_SoC_cpu_jtag_debug_module_wrapper|SoC_cpu_jtag_debug_module_tck:the_SoC_cpu_jtag_debug_module_tck|sr[29] ; altera_reserved_tck ; altera_reserved_tck ; 100.000      ; -0.101     ; 4.342      ;
; 95.575 ; sld_hub:auto_hub|sld_jtag_hub:\jtag_hub_gen:sld_jtag_hub_inst|virtual_ir_scan_reg                                                                                                                          ; SoC:inst|SoC_cpu:cpu|SoC_cpu_nios2_oci:the_SoC_cpu_nios2_oci|SoC_cpu_jtag_debug_module_wrapper:the_SoC_cpu_jtag_debug_module_wrapper|SoC_cpu_jtag_debug_module_tck:the_SoC_cpu_jtag_debug_module_tck|sr[28] ; altera_reserved_tck ; altera_reserved_tck ; 100.000      ; -0.101     ; 4.342      ;
; 95.575 ; sld_hub:auto_hub|sld_jtag_hub:\jtag_hub_gen:sld_jtag_hub_inst|virtual_ir_scan_reg                                                                                                                          ; SoC:inst|SoC_cpu:cpu|SoC_cpu_nios2_oci:the_SoC_cpu_nios2_oci|SoC_cpu_jtag_debug_module_wrapper:the_SoC_cpu_jtag_debug_module_wrapper|SoC_cpu_jtag_debug_module_tck:the_SoC_cpu_jtag_debug_module_tck|sr[30] ; altera_reserved_tck ; altera_reserved_tck ; 100.000      ; -0.101     ; 4.342      ;
; 95.619 ; sld_hub:auto_hub|sld_jtag_hub:\jtag_hub_gen:sld_jtag_hub_inst|irf_reg[2][0]                                                                                                                                ; SoC:inst|SoC_jtag_uart:jtag_uart|alt_jtag_atlantic:SoC_jtag_uart_alt_jtag_atlantic|read                                                                                                                     ; altera_reserved_tck ; altera_reserved_tck ; 100.000      ; -0.088     ; 4.311      ;
; 95.619 ; sld_hub:auto_hub|sld_jtag_hub:\jtag_hub_gen:sld_jtag_hub_inst|irf_reg[2][0]                                                                                                                                ; SoC:inst|SoC_jtag_uart:jtag_uart|alt_jtag_atlantic:SoC_jtag_uart_alt_jtag_atlantic|read_req                                                                                                                 ; altera_reserved_tck ; altera_reserved_tck ; 100.000      ; -0.088     ; 4.311      ;
; 95.619 ; sld_hub:auto_hub|sld_jtag_hub:\jtag_hub_gen:sld_jtag_hub_inst|virtual_ir_scan_reg                                                                                                                          ; SoC:inst|SoC_cpu:cpu|SoC_cpu_nios2_oci:the_SoC_cpu_nios2_oci|SoC_cpu_jtag_debug_module_wrapper:the_SoC_cpu_jtag_debug_module_wrapper|SoC_cpu_jtag_debug_module_tck:the_SoC_cpu_jtag_debug_module_tck|sr[23] ; altera_reserved_tck ; altera_reserved_tck ; 100.000      ; -0.109     ; 4.290      ;
; 95.620 ; sld_hub:auto_hub|sld_jtag_hub:\jtag_hub_gen:sld_jtag_hub_inst|virtual_ir_scan_reg                                                                                                                          ; SoC:inst|SoC_cpu:cpu|SoC_cpu_nios2_oci:the_SoC_cpu_nios2_oci|SoC_cpu_jtag_debug_module_wrapper:the_SoC_cpu_jtag_debug_module_wrapper|SoC_cpu_jtag_debug_module_tck:the_SoC_cpu_jtag_debug_module_tck|sr[22] ; altera_reserved_tck ; altera_reserved_tck ; 100.000      ; -0.109     ; 4.289      ;
; 95.622 ; sld_hub:auto_hub|sld_jtag_hub:\jtag_hub_gen:sld_jtag_hub_inst|virtual_ir_scan_reg                                                                                                                          ; SoC:inst|SoC_cpu:cpu|SoC_cpu_nios2_oci:the_SoC_cpu_nios2_oci|SoC_cpu_jtag_debug_module_wrapper:the_SoC_cpu_jtag_debug_module_wrapper|SoC_cpu_jtag_debug_module_tck:the_SoC_cpu_jtag_debug_module_tck|sr[16] ; altera_reserved_tck ; altera_reserved_tck ; 100.000      ; -0.109     ; 4.287      ;
; 95.625 ; sld_hub:auto_hub|sld_jtag_hub:\jtag_hub_gen:sld_jtag_hub_inst|virtual_ir_scan_reg                                                                                                                          ; SoC:inst|SoC_cpu:cpu|SoC_cpu_nios2_oci:the_SoC_cpu_nios2_oci|SoC_cpu_jtag_debug_module_wrapper:the_SoC_cpu_jtag_debug_module_wrapper|SoC_cpu_jtag_debug_module_tck:the_SoC_cpu_jtag_debug_module_tck|sr[17] ; altera_reserved_tck ; altera_reserved_tck ; 100.000      ; -0.109     ; 4.284      ;
; 95.625 ; sld_hub:auto_hub|sld_jtag_hub:\jtag_hub_gen:sld_jtag_hub_inst|virtual_ir_scan_reg                                                                                                                          ; SoC:inst|SoC_cpu:cpu|SoC_cpu_nios2_oci:the_SoC_cpu_nios2_oci|SoC_cpu_jtag_debug_module_wrapper:the_SoC_cpu_jtag_debug_module_wrapper|SoC_cpu_jtag_debug_module_tck:the_SoC_cpu_jtag_debug_module_tck|sr[20] ; altera_reserved_tck ; altera_reserved_tck ; 100.000      ; -0.109     ; 4.284      ;
; 95.625 ; sld_hub:auto_hub|sld_jtag_hub:\jtag_hub_gen:sld_jtag_hub_inst|virtual_ir_scan_reg                                                                                                                          ; SoC:inst|SoC_cpu:cpu|SoC_cpu_nios2_oci:the_SoC_cpu_nios2_oci|SoC_cpu_jtag_debug_module_wrapper:the_SoC_cpu_jtag_debug_module_wrapper|SoC_cpu_jtag_debug_module_tck:the_SoC_cpu_jtag_debug_module_tck|sr[19] ; altera_reserved_tck ; altera_reserved_tck ; 100.000      ; -0.109     ; 4.284      ;
; 95.625 ; sld_hub:auto_hub|sld_jtag_hub:\jtag_hub_gen:sld_jtag_hub_inst|virtual_ir_scan_reg                                                                                                                          ; SoC:inst|SoC_cpu:cpu|SoC_cpu_nios2_oci:the_SoC_cpu_nios2_oci|SoC_cpu_jtag_debug_module_wrapper:the_SoC_cpu_jtag_debug_module_wrapper|SoC_cpu_jtag_debug_module_tck:the_SoC_cpu_jtag_debug_module_tck|sr[18] ; altera_reserved_tck ; altera_reserved_tck ; 100.000      ; -0.109     ; 4.284      ;
; 95.625 ; sld_hub:auto_hub|sld_jtag_hub:\jtag_hub_gen:sld_jtag_hub_inst|virtual_ir_scan_reg                                                                                                                          ; SoC:inst|SoC_cpu:cpu|SoC_cpu_nios2_oci:the_SoC_cpu_nios2_oci|SoC_cpu_jtag_debug_module_wrapper:the_SoC_cpu_jtag_debug_module_wrapper|SoC_cpu_jtag_debug_module_tck:the_SoC_cpu_jtag_debug_module_tck|sr[21] ; altera_reserved_tck ; altera_reserved_tck ; 100.000      ; -0.109     ; 4.284      ;
; 95.640 ; sld_hub:auto_hub|sld_jtag_hub:\jtag_hub_gen:sld_jtag_hub_inst|sld_shadow_jsm:shadow_jsm|state[8]                                                                                                           ; sld_hub:auto_hub|sld_jtag_hub:\jtag_hub_gen:sld_jtag_hub_inst|sld_rom_sr:hub_info_reg|WORD_SR[2]                                                                                                            ; altera_reserved_tck ; altera_reserved_tck ; 100.000      ; -0.083     ; 4.295      ;
; 95.671 ; sld_hub:auto_hub|sld_jtag_hub:\jtag_hub_gen:sld_jtag_hub_inst|node_ena[2]~reg0                                                                                                                             ; SoC:inst|SoC_jtag_uart:jtag_uart|alt_jtag_atlantic:SoC_jtag_uart_alt_jtag_atlantic|write_stalled                                                                                                            ; altera_reserved_tck ; altera_reserved_tck ; 100.000      ; -0.097     ; 4.250      ;
; 95.671 ; sld_hub:auto_hub|sld_jtag_hub:\jtag_hub_gen:sld_jtag_hub_inst|node_ena[2]~reg0                                                                                                                             ; SoC:inst|SoC_jtag_uart:jtag_uart|alt_jtag_atlantic:SoC_jtag_uart_alt_jtag_atlantic|write_valid                                                                                                              ; altera_reserved_tck ; altera_reserved_tck ; 100.000      ; -0.097     ; 4.250      ;
; 95.671 ; sld_hub:auto_hub|sld_jtag_hub:\jtag_hub_gen:sld_jtag_hub_inst|node_ena[2]~reg0                                                                                                                             ; SoC:inst|SoC_jtag_uart:jtag_uart|alt_jtag_atlantic:SoC_jtag_uart_alt_jtag_atlantic|wdata[0]                                                                                                                 ; altera_reserved_tck ; altera_reserved_tck ; 100.000      ; -0.097     ; 4.250      ;
; 95.801 ; sld_hub:auto_hub|sld_jtag_hub:\jtag_hub_gen:sld_jtag_hub_inst|virtual_ir_scan_reg                                                                                                                          ; sld_hub:auto_hub|sld_jtag_hub:\jtag_hub_gen:sld_jtag_hub_inst|irf_reg[2][4]                                                                                                                                 ; altera_reserved_tck ; altera_reserved_tck ; 100.000      ; -0.085     ; 4.132      ;
; 95.801 ; sld_hub:auto_hub|sld_jtag_hub:\jtag_hub_gen:sld_jtag_hub_inst|virtual_ir_scan_reg                                                                                                                          ; sld_hub:auto_hub|sld_jtag_hub:\jtag_hub_gen:sld_jtag_hub_inst|irf_reg[2][3]                                                                                                                                 ; altera_reserved_tck ; altera_reserved_tck ; 100.000      ; -0.085     ; 4.132      ;
; 95.801 ; sld_hub:auto_hub|sld_jtag_hub:\jtag_hub_gen:sld_jtag_hub_inst|virtual_ir_scan_reg                                                                                                                          ; sld_hub:auto_hub|sld_jtag_hub:\jtag_hub_gen:sld_jtag_hub_inst|irf_reg[2][2]                                                                                                                                 ; altera_reserved_tck ; altera_reserved_tck ; 100.000      ; -0.085     ; 4.132      ;
; 95.801 ; sld_hub:auto_hub|sld_jtag_hub:\jtag_hub_gen:sld_jtag_hub_inst|virtual_ir_scan_reg                                                                                                                          ; sld_hub:auto_hub|sld_jtag_hub:\jtag_hub_gen:sld_jtag_hub_inst|irf_reg[2][1]                                                                                                                                 ; altera_reserved_tck ; altera_reserved_tck ; 100.000      ; -0.085     ; 4.132      ;
; 95.801 ; sld_hub:auto_hub|sld_jtag_hub:\jtag_hub_gen:sld_jtag_hub_inst|virtual_ir_scan_reg                                                                                                                          ; sld_hub:auto_hub|sld_jtag_hub:\jtag_hub_gen:sld_jtag_hub_inst|irf_reg[2][0]                                                                                                                                 ; altera_reserved_tck ; altera_reserved_tck ; 100.000      ; -0.085     ; 4.132      ;
; 95.804 ; sld_hub:auto_hub|sld_jtag_hub:\jtag_hub_gen:sld_jtag_hub_inst|node_ena[1]~reg0                                                                                                                             ; SoC:inst|SoC_cpu:cpu|SoC_cpu_nios2_oci:the_SoC_cpu_nios2_oci|SoC_cpu_jtag_debug_module_wrapper:the_SoC_cpu_jtag_debug_module_wrapper|SoC_cpu_jtag_debug_module_tck:the_SoC_cpu_jtag_debug_module_tck|sr[25] ; altera_reserved_tck ; altera_reserved_tck ; 100.000      ; -0.100     ; 4.114      ;
; 95.804 ; sld_hub:auto_hub|sld_jtag_hub:\jtag_hub_gen:sld_jtag_hub_inst|node_ena[1]~reg0                                                                                                                             ; SoC:inst|SoC_cpu:cpu|SoC_cpu_nios2_oci:the_SoC_cpu_nios2_oci|SoC_cpu_jtag_debug_module_wrapper:the_SoC_cpu_jtag_debug_module_wrapper|SoC_cpu_jtag_debug_module_tck:the_SoC_cpu_jtag_debug_module_tck|sr[24] ; altera_reserved_tck ; altera_reserved_tck ; 100.000      ; -0.100     ; 4.114      ;
; 95.804 ; sld_hub:auto_hub|sld_jtag_hub:\jtag_hub_gen:sld_jtag_hub_inst|node_ena[1]~reg0                                                                                                                             ; SoC:inst|SoC_cpu:cpu|SoC_cpu_nios2_oci:the_SoC_cpu_nios2_oci|SoC_cpu_jtag_debug_module_wrapper:the_SoC_cpu_jtag_debug_module_wrapper|SoC_cpu_jtag_debug_module_tck:the_SoC_cpu_jtag_debug_module_tck|sr[32] ; altera_reserved_tck ; altera_reserved_tck ; 100.000      ; -0.100     ; 4.114      ;
; 95.804 ; sld_hub:auto_hub|sld_jtag_hub:\jtag_hub_gen:sld_jtag_hub_inst|node_ena[1]~reg0                                                                                                                             ; SoC:inst|SoC_cpu:cpu|SoC_cpu_nios2_oci:the_SoC_cpu_nios2_oci|SoC_cpu_jtag_debug_module_wrapper:the_SoC_cpu_jtag_debug_module_wrapper|SoC_cpu_jtag_debug_module_tck:the_SoC_cpu_jtag_debug_module_tck|sr[33] ; altera_reserved_tck ; altera_reserved_tck ; 100.000      ; -0.100     ; 4.114      ;
; 95.804 ; sld_hub:auto_hub|sld_jtag_hub:\jtag_hub_gen:sld_jtag_hub_inst|node_ena[1]~reg0                                                                                                                             ; SoC:inst|SoC_cpu:cpu|SoC_cpu_nios2_oci:the_SoC_cpu_nios2_oci|SoC_cpu_jtag_debug_module_wrapper:the_SoC_cpu_jtag_debug_module_wrapper|SoC_cpu_jtag_debug_module_tck:the_SoC_cpu_jtag_debug_module_tck|sr[34] ; altera_reserved_tck ; altera_reserved_tck ; 100.000      ; -0.100     ; 4.114      ;
; 95.808 ; sld_hub:auto_hub|sld_jtag_hub:\jtag_hub_gen:sld_jtag_hub_inst|sld_shadow_jsm:shadow_jsm|state[3]                                                                                                           ; SoC:inst|SoC_cpu:cpu|SoC_cpu_nios2_oci:the_SoC_cpu_nios2_oci|SoC_cpu_jtag_debug_module_wrapper:the_SoC_cpu_jtag_debug_module_wrapper|SoC_cpu_jtag_debug_module_tck:the_SoC_cpu_jtag_debug_module_tck|sr[26] ; altera_reserved_tck ; altera_reserved_tck ; 100.000      ; -0.103     ; 4.107      ;
; 95.808 ; sld_hub:auto_hub|sld_jtag_hub:\jtag_hub_gen:sld_jtag_hub_inst|sld_shadow_jsm:shadow_jsm|state[3]                                                                                                           ; SoC:inst|SoC_cpu:cpu|SoC_cpu_nios2_oci:the_SoC_cpu_nios2_oci|SoC_cpu_jtag_debug_module_wrapper:the_SoC_cpu_jtag_debug_module_wrapper|SoC_cpu_jtag_debug_module_tck:the_SoC_cpu_jtag_debug_module_tck|sr[27] ; altera_reserved_tck ; altera_reserved_tck ; 100.000      ; -0.103     ; 4.107      ;
; 95.808 ; sld_hub:auto_hub|sld_jtag_hub:\jtag_hub_gen:sld_jtag_hub_inst|sld_shadow_jsm:shadow_jsm|state[3]                                                                                                           ; SoC:inst|SoC_cpu:cpu|SoC_cpu_nios2_oci:the_SoC_cpu_nios2_oci|SoC_cpu_jtag_debug_module_wrapper:the_SoC_cpu_jtag_debug_module_wrapper|SoC_cpu_jtag_debug_module_tck:the_SoC_cpu_jtag_debug_module_tck|sr[29] ; altera_reserved_tck ; altera_reserved_tck ; 100.000      ; -0.103     ; 4.107      ;
; 95.808 ; sld_hub:auto_hub|sld_jtag_hub:\jtag_hub_gen:sld_jtag_hub_inst|sld_shadow_jsm:shadow_jsm|state[3]                                                                                                           ; SoC:inst|SoC_cpu:cpu|SoC_cpu_nios2_oci:the_SoC_cpu_nios2_oci|SoC_cpu_jtag_debug_module_wrapper:the_SoC_cpu_jtag_debug_module_wrapper|SoC_cpu_jtag_debug_module_tck:the_SoC_cpu_jtag_debug_module_tck|sr[28] ; altera_reserved_tck ; altera_reserved_tck ; 100.000      ; -0.103     ; 4.107      ;
; 95.808 ; sld_hub:auto_hub|sld_jtag_hub:\jtag_hub_gen:sld_jtag_hub_inst|sld_shadow_jsm:shadow_jsm|state[3]                                                                                                           ; SoC:inst|SoC_cpu:cpu|SoC_cpu_nios2_oci:the_SoC_cpu_nios2_oci|SoC_cpu_jtag_debug_module_wrapper:the_SoC_cpu_jtag_debug_module_wrapper|SoC_cpu_jtag_debug_module_tck:the_SoC_cpu_jtag_debug_module_tck|sr[30] ; altera_reserved_tck ; altera_reserved_tck ; 100.000      ; -0.103     ; 4.107      ;
; 95.812 ; sld_hub:auto_hub|sld_jtag_hub:\jtag_hub_gen:sld_jtag_hub_inst|virtual_ir_scan_reg                                                                                                                          ; SoC:inst|SoC_jtag_uart:jtag_uart|alt_jtag_atlantic:SoC_jtag_uart_alt_jtag_atlantic|wdata[7]                                                                                                                 ; altera_reserved_tck ; altera_reserved_tck ; 100.000      ; -0.100     ; 4.106      ;
; 95.812 ; sld_hub:auto_hub|sld_jtag_hub:\jtag_hub_gen:sld_jtag_hub_inst|virtual_ir_scan_reg                                                                                                                          ; SoC:inst|SoC_jtag_uart:jtag_uart|alt_jtag_atlantic:SoC_jtag_uart_alt_jtag_atlantic|wdata[6]                                                                                                                 ; altera_reserved_tck ; altera_reserved_tck ; 100.000      ; -0.100     ; 4.106      ;
; 95.812 ; sld_hub:auto_hub|sld_jtag_hub:\jtag_hub_gen:sld_jtag_hub_inst|virtual_ir_scan_reg                                                                                                                          ; SoC:inst|SoC_jtag_uart:jtag_uart|alt_jtag_atlantic:SoC_jtag_uart_alt_jtag_atlantic|wdata[5]                                                                                                                 ; altera_reserved_tck ; altera_reserved_tck ; 100.000      ; -0.100     ; 4.106      ;
; 95.812 ; sld_hub:auto_hub|sld_jtag_hub:\jtag_hub_gen:sld_jtag_hub_inst|virtual_ir_scan_reg                                                                                                                          ; SoC:inst|SoC_jtag_uart:jtag_uart|alt_jtag_atlantic:SoC_jtag_uart_alt_jtag_atlantic|write                                                                                                                    ; altera_reserved_tck ; altera_reserved_tck ; 100.000      ; -0.100     ; 4.106      ;
; 95.812 ; sld_hub:auto_hub|sld_jtag_hub:\jtag_hub_gen:sld_jtag_hub_inst|virtual_ir_scan_reg                                                                                                                          ; SoC:inst|SoC_jtag_uart:jtag_uart|alt_jtag_atlantic:SoC_jtag_uart_alt_jtag_atlantic|wdata[4]                                                                                                                 ; altera_reserved_tck ; altera_reserved_tck ; 100.000      ; -0.100     ; 4.106      ;
; 95.812 ; sld_hub:auto_hub|sld_jtag_hub:\jtag_hub_gen:sld_jtag_hub_inst|virtual_ir_scan_reg                                                                                                                          ; SoC:inst|SoC_jtag_uart:jtag_uart|alt_jtag_atlantic:SoC_jtag_uart_alt_jtag_atlantic|wdata[3]                                                                                                                 ; altera_reserved_tck ; altera_reserved_tck ; 100.000      ; -0.100     ; 4.106      ;
; 95.812 ; sld_hub:auto_hub|sld_jtag_hub:\jtag_hub_gen:sld_jtag_hub_inst|virtual_ir_scan_reg                                                                                                                          ; SoC:inst|SoC_jtag_uart:jtag_uart|alt_jtag_atlantic:SoC_jtag_uart_alt_jtag_atlantic|wdata[2]                                                                                                                 ; altera_reserved_tck ; altera_reserved_tck ; 100.000      ; -0.100     ; 4.106      ;
; 95.812 ; sld_hub:auto_hub|sld_jtag_hub:\jtag_hub_gen:sld_jtag_hub_inst|virtual_ir_scan_reg                                                                                                                          ; SoC:inst|SoC_jtag_uart:jtag_uart|alt_jtag_atlantic:SoC_jtag_uart_alt_jtag_atlantic|wdata[1]                                                                                                                 ; altera_reserved_tck ; altera_reserved_tck ; 100.000      ; -0.100     ; 4.106      ;
+--------+------------------------------------------------------------------------------------------------------------------------------------------------------------------------------------------------------------+-------------------------------------------------------------------------------------------------------------------------------------------------------------------------------------------------------------+---------------------+---------------------+--------------+------------+------------+


+------------------------------------------------------------------------------------------------------------------------------------------------------------------------------------------------------------------------------------------------------------------------------------------------------------------------------------------------------------------------------------------------------------------------------------------------------------------------------------------------------------------------------------------------------------------------------------------------------------------------------------+
; Slow 1200mV 85C Model Hold: 'altera_reserved_tck'                                                                                                                                                                                                                                                                                                                                                                                                                                                                                                                                                                                  ;
+-------+-------------------------------------------------------------------------------------------------------------------------------------------------------------------------------------------------------------------------------------------------------------------+-------------------------------------------------------------------------------------------------------------------------------------------------------------------------------------------------------------------------------------------------------------------+---------------------+---------------------+--------------+------------+------------+
; Slack ; From Node                                                                                                                                                                                                                                                         ; To Node                                                                                                                                                                                                                                                           ; Launch Clock        ; Latch Clock         ; Relationship ; Clock Skew ; Data Delay ;
+-------+-------------------------------------------------------------------------------------------------------------------------------------------------------------------------------------------------------------------------------------------------------------------+-------------------------------------------------------------------------------------------------------------------------------------------------------------------------------------------------------------------------------------------------------------------+---------------------+---------------------+--------------+------------+------------+
; 0.404 ; sld_hub:auto_hub|sld_jtag_hub:\jtag_hub_gen:sld_jtag_hub_inst|hub_mode_reg[2]                                                                                                                                                                                     ; sld_hub:auto_hub|sld_jtag_hub:\jtag_hub_gen:sld_jtag_hub_inst|hub_mode_reg[2]                                                                                                                                                                                     ; altera_reserved_tck ; altera_reserved_tck ; 0.000        ; 0.079      ; 0.669      ;
; 0.404 ; SoC:inst|SoC_jtag_uart:jtag_uart|alt_jtag_atlantic:SoC_jtag_uart_alt_jtag_atlantic|state                                                                                                                                                                          ; SoC:inst|SoC_jtag_uart:jtag_uart|alt_jtag_atlantic:SoC_jtag_uart_alt_jtag_atlantic|state                                                                                                                                                                          ; altera_reserved_tck ; altera_reserved_tck ; 0.000        ; 0.079      ; 0.669      ;
; 0.404 ; sld_hub:auto_hub|sld_jtag_hub:\jtag_hub_gen:sld_jtag_hub_inst|hub_mode_reg[0]                                                                                                                                                                                     ; sld_hub:auto_hub|sld_jtag_hub:\jtag_hub_gen:sld_jtag_hub_inst|hub_mode_reg[0]                                                                                                                                                                                     ; altera_reserved_tck ; altera_reserved_tck ; 0.000        ; 0.079      ; 0.669      ;
; 0.404 ; sld_hub:auto_hub|sld_jtag_hub:\jtag_hub_gen:sld_jtag_hub_inst|irsr_reg[5]                                                                                                                                                                                         ; sld_hub:auto_hub|sld_jtag_hub:\jtag_hub_gen:sld_jtag_hub_inst|irsr_reg[5]                                                                                                                                                                                         ; altera_reserved_tck ; altera_reserved_tck ; 0.000        ; 0.079      ; 0.669      ;
; 0.404 ; sld_hub:auto_hub|sld_jtag_hub:\jtag_hub_gen:sld_jtag_hub_inst|irsr_reg[4]                                                                                                                                                                                         ; sld_hub:auto_hub|sld_jtag_hub:\jtag_hub_gen:sld_jtag_hub_inst|irsr_reg[4]                                                                                                                                                                                         ; altera_reserved_tck ; altera_reserved_tck ; 0.000        ; 0.079      ; 0.669      ;
; 0.404 ; sld_hub:auto_hub|sld_jtag_hub:\jtag_hub_gen:sld_jtag_hub_inst|irsr_reg[6]                                                                                                                                                                                         ; sld_hub:auto_hub|sld_jtag_hub:\jtag_hub_gen:sld_jtag_hub_inst|irsr_reg[6]                                                                                                                                                                                         ; altera_reserved_tck ; altera_reserved_tck ; 0.000        ; 0.079      ; 0.669      ;
; 0.404 ; sld_hub:auto_hub|sld_jtag_hub:\jtag_hub_gen:sld_jtag_hub_inst|sld_shadow_jsm:shadow_jsm|state[13]                                                                                                                                                                 ; sld_hub:auto_hub|sld_jtag_hub:\jtag_hub_gen:sld_jtag_hub_inst|sld_shadow_jsm:shadow_jsm|state[13]                                                                                                                                                                 ; altera_reserved_tck ; altera_reserved_tck ; 0.000        ; 0.079      ; 0.669      ;
; 0.404 ; sld_hub:auto_hub|sld_jtag_hub:\jtag_hub_gen:sld_jtag_hub_inst|sld_shadow_jsm:shadow_jsm|state[11]                                                                                                                                                                 ; sld_hub:auto_hub|sld_jtag_hub:\jtag_hub_gen:sld_jtag_hub_inst|sld_shadow_jsm:shadow_jsm|state[11]                                                                                                                                                                 ; altera_reserved_tck ; altera_reserved_tck ; 0.000        ; 0.079      ; 0.669      ;
; 0.404 ; sld_hub:auto_hub|sld_jtag_hub:\jtag_hub_gen:sld_jtag_hub_inst|tdo_bypass_reg                                                                                                                                                                                      ; sld_hub:auto_hub|sld_jtag_hub:\jtag_hub_gen:sld_jtag_hub_inst|tdo_bypass_reg                                                                                                                                                                                      ; altera_reserved_tck ; altera_reserved_tck ; 0.000        ; 0.079      ; 0.669      ;
; 0.404 ; sld_hub:auto_hub|sld_jtag_hub:\jtag_hub_gen:sld_jtag_hub_inst|sld_shadow_jsm:shadow_jsm|state[4]                                                                                                                                                                  ; sld_hub:auto_hub|sld_jtag_hub:\jtag_hub_gen:sld_jtag_hub_inst|sld_shadow_jsm:shadow_jsm|state[4]                                                                                                                                                                  ; altera_reserved_tck ; altera_reserved_tck ; 0.000        ; 0.079      ; 0.669      ;
; 0.404 ; sld_hub:auto_hub|sld_jtag_hub:\jtag_hub_gen:sld_jtag_hub_inst|sld_shadow_jsm:shadow_jsm|state[1]                                                                                                                                                                  ; sld_hub:auto_hub|sld_jtag_hub:\jtag_hub_gen:sld_jtag_hub_inst|sld_shadow_jsm:shadow_jsm|state[1]                                                                                                                                                                  ; altera_reserved_tck ; altera_reserved_tck ; 0.000        ; 0.079      ; 0.669      ;
; 0.404 ; sld_hub:auto_hub|sld_jtag_hub:\jtag_hub_gen:sld_jtag_hub_inst|sld_shadow_jsm:shadow_jsm|state[0]                                                                                                                                                                  ; sld_hub:auto_hub|sld_jtag_hub:\jtag_hub_gen:sld_jtag_hub_inst|sld_shadow_jsm:shadow_jsm|state[0]                                                                                                                                                                  ; altera_reserved_tck ; altera_reserved_tck ; 0.000        ; 0.079      ; 0.669      ;
; 0.404 ; sld_hub:auto_hub|sld_jtag_hub:\jtag_hub_gen:sld_jtag_hub_inst|sld_shadow_jsm:shadow_jsm|state[6]                                                                                                                                                                  ; sld_hub:auto_hub|sld_jtag_hub:\jtag_hub_gen:sld_jtag_hub_inst|sld_shadow_jsm:shadow_jsm|state[6]                                                                                                                                                                  ; altera_reserved_tck ; altera_reserved_tck ; 0.000        ; 0.079      ; 0.669      ;
; 0.405 ; sld_hub:auto_hub|sld_jtag_hub:\jtag_hub_gen:sld_jtag_hub_inst|hub_mode_reg[1]                                                                                                                                                                                     ; sld_hub:auto_hub|sld_jtag_hub:\jtag_hub_gen:sld_jtag_hub_inst|hub_mode_reg[1]                                                                                                                                                                                     ; altera_reserved_tck ; altera_reserved_tck ; 0.000        ; 0.078      ; 0.669      ;
; 0.405 ; SoC:inst|SoC_jtag_uart:jtag_uart|alt_jtag_atlantic:SoC_jtag_uart_alt_jtag_atlantic|write_stalled                                                                                                                                                                  ; SoC:inst|SoC_jtag_uart:jtag_uart|alt_jtag_atlantic:SoC_jtag_uart_alt_jtag_atlantic|write_stalled                                                                                                                                                                  ; altera_reserved_tck ; altera_reserved_tck ; 0.000        ; 0.078      ; 0.669      ;
; 0.405 ; SoC:inst|SoC_jtag_uart:jtag_uart|alt_jtag_atlantic:SoC_jtag_uart_alt_jtag_atlantic|user_saw_rvalid                                                                                                                                                                ; SoC:inst|SoC_jtag_uart:jtag_uart|alt_jtag_atlantic:SoC_jtag_uart_alt_jtag_atlantic|user_saw_rvalid                                                                                                                                                                ; altera_reserved_tck ; altera_reserved_tck ; 0.000        ; 0.078      ; 0.669      ;
; 0.405 ; sld_hub:auto_hub|sld_jtag_hub:\jtag_hub_gen:sld_jtag_hub_inst|sld_shadow_jsm:shadow_jsm|tms_cnt[2]                                                                                                                                                                ; sld_hub:auto_hub|sld_jtag_hub:\jtag_hub_gen:sld_jtag_hub_inst|sld_shadow_jsm:shadow_jsm|tms_cnt[2]                                                                                                                                                                ; altera_reserved_tck ; altera_reserved_tck ; 0.000        ; 0.078      ; 0.669      ;
; 0.405 ; sld_hub:auto_hub|sld_jtag_hub:\jtag_hub_gen:sld_jtag_hub_inst|sld_shadow_jsm:shadow_jsm|tms_cnt[1]                                                                                                                                                                ; sld_hub:auto_hub|sld_jtag_hub:\jtag_hub_gen:sld_jtag_hub_inst|sld_shadow_jsm:shadow_jsm|tms_cnt[1]                                                                                                                                                                ; altera_reserved_tck ; altera_reserved_tck ; 0.000        ; 0.078      ; 0.669      ;
; 0.406 ; SoC:inst|SoC_cpu:cpu|SoC_cpu_nios2_oci:the_SoC_cpu_nios2_oci|SoC_cpu_jtag_debug_module_wrapper:the_SoC_cpu_jtag_debug_module_wrapper|SoC_cpu_jtag_debug_module_tck:the_SoC_cpu_jtag_debug_module_tck|sr[31]                                                       ; SoC:inst|SoC_cpu:cpu|SoC_cpu_nios2_oci:the_SoC_cpu_nios2_oci|SoC_cpu_jtag_debug_module_wrapper:the_SoC_cpu_jtag_debug_module_wrapper|SoC_cpu_jtag_debug_module_tck:the_SoC_cpu_jtag_debug_module_tck|sr[31]                                                       ; altera_reserved_tck ; altera_reserved_tck ; 0.000        ; 0.077      ; 0.669      ;
; 0.406 ; SoC:inst|SoC_cpu:cpu|SoC_cpu_nios2_oci:the_SoC_cpu_nios2_oci|SoC_cpu_jtag_debug_module_wrapper:the_SoC_cpu_jtag_debug_module_wrapper|SoC_cpu_jtag_debug_module_tck:the_SoC_cpu_jtag_debug_module_tck|sr[7]                                                        ; SoC:inst|SoC_cpu:cpu|SoC_cpu_nios2_oci:the_SoC_cpu_nios2_oci|SoC_cpu_jtag_debug_module_wrapper:the_SoC_cpu_jtag_debug_module_wrapper|SoC_cpu_jtag_debug_module_tck:the_SoC_cpu_jtag_debug_module_tck|sr[7]                                                        ; altera_reserved_tck ; altera_reserved_tck ; 0.000        ; 0.077      ; 0.669      ;
; 0.407 ; SoC:inst|SoC_jtag_uart:jtag_uart|alt_jtag_atlantic:SoC_jtag_uart_alt_jtag_atlantic|jupdate                                                                                                                                                                        ; SoC:inst|SoC_jtag_uart:jtag_uart|alt_jtag_atlantic:SoC_jtag_uart_alt_jtag_atlantic|jupdate                                                                                                                                                                        ; altera_reserved_tck ; altera_reserved_tck ; 0.000        ; 0.076      ; 0.669      ;
; 0.410 ; SoC:inst|SoC_jtag_uart:jtag_uart|alt_jtag_atlantic:SoC_jtag_uart_alt_jtag_atlantic|write                                                                                                                                                                          ; SoC:inst|SoC_jtag_uart:jtag_uart|alt_jtag_atlantic:SoC_jtag_uart_alt_jtag_atlantic|write                                                                                                                                                                          ; altera_reserved_tck ; altera_reserved_tck ; 0.000        ; 0.078      ; 0.674      ;
; 0.410 ; SoC:inst|SoC_jtag_uart:jtag_uart|alt_jtag_atlantic:SoC_jtag_uart_alt_jtag_atlantic|read                                                                                                                                                                           ; SoC:inst|SoC_jtag_uart:jtag_uart|alt_jtag_atlantic:SoC_jtag_uart_alt_jtag_atlantic|read                                                                                                                                                                           ; altera_reserved_tck ; altera_reserved_tck ; 0.000        ; 0.078      ; 0.674      ;
; 0.410 ; sld_hub:auto_hub|sld_jtag_hub:\jtag_hub_gen:sld_jtag_hub_inst|sld_shadow_jsm:shadow_jsm|tms_cnt[0]                                                                                                                                                                ; sld_hub:auto_hub|sld_jtag_hub:\jtag_hub_gen:sld_jtag_hub_inst|sld_shadow_jsm:shadow_jsm|tms_cnt[0]                                                                                                                                                                ; altera_reserved_tck ; altera_reserved_tck ; 0.000        ; 0.078      ; 0.674      ;
; 0.421 ; sld_hub:auto_hub|sld_jtag_hub:\jtag_hub_gen:sld_jtag_hub_inst|sld_shadow_jsm:shadow_jsm|tms_cnt[1]                                                                                                                                                                ; sld_hub:auto_hub|sld_jtag_hub:\jtag_hub_gen:sld_jtag_hub_inst|sld_shadow_jsm:shadow_jsm|tms_cnt[2]                                                                                                                                                                ; altera_reserved_tck ; altera_reserved_tck ; 0.000        ; 0.078      ; 0.685      ;
; 0.429 ; sld_hub:auto_hub|sld_jtag_hub:\jtag_hub_gen:sld_jtag_hub_inst|identity_contrib_shift_reg[0]                                                                                                                                                                       ; sld_hub:auto_hub|sld_jtag_hub:\jtag_hub_gen:sld_jtag_hub_inst|identity_contrib_update_reg[0]                                                                                                                                                                      ; altera_reserved_tck ; altera_reserved_tck ; 0.000        ; 0.080      ; 0.695      ;
; 0.429 ; sld_hub:auto_hub|sld_jtag_hub:\jtag_hub_gen:sld_jtag_hub_inst|sld_shadow_jsm:shadow_jsm|state[9]                                                                                                                                                                  ; sld_hub:auto_hub|sld_jtag_hub:\jtag_hub_gen:sld_jtag_hub_inst|sld_shadow_jsm:shadow_jsm|state[0]                                                                                                                                                                  ; altera_reserved_tck ; altera_reserved_tck ; 0.000        ; 0.079      ; 0.694      ;
; 0.430 ; sld_hub:auto_hub|sld_jtag_hub:\jtag_hub_gen:sld_jtag_hub_inst|irf_reg[2][1]                                                                                                                                                                                       ; sld_hub:auto_hub|sld_jtag_hub:\jtag_hub_gen:sld_jtag_hub_inst|shadow_irf_reg[2][1]                                                                                                                                                                                ; altera_reserved_tck ; altera_reserved_tck ; 0.000        ; 0.079      ; 0.695      ;
; 0.430 ; SoC:inst|SoC_jtag_uart:jtag_uart|alt_jtag_atlantic:SoC_jtag_uart_alt_jtag_atlantic|count[4]                                                                                                                                                                       ; SoC:inst|SoC_jtag_uart:jtag_uart|alt_jtag_atlantic:SoC_jtag_uart_alt_jtag_atlantic|count[5]                                                                                                                                                                       ; altera_reserved_tck ; altera_reserved_tck ; 0.000        ; 0.078      ; 0.694      ;
; 0.430 ; sld_hub:auto_hub|sld_jtag_hub:\jtag_hub_gen:sld_jtag_hub_inst|hub_minor_ver_reg[1]                                                                                                                                                                                ; sld_hub:auto_hub|sld_jtag_hub:\jtag_hub_gen:sld_jtag_hub_inst|hub_minor_ver_reg[0]                                                                                                                                                                                ; altera_reserved_tck ; altera_reserved_tck ; 0.000        ; 0.079      ; 0.695      ;
; 0.431 ; sld_hub:auto_hub|sld_jtag_hub:\jtag_hub_gen:sld_jtag_hub_inst|hub_minor_ver_reg[2]                                                                                                                                                                                ; sld_hub:auto_hub|sld_jtag_hub:\jtag_hub_gen:sld_jtag_hub_inst|hub_minor_ver_reg[1]                                                                                                                                                                                ; altera_reserved_tck ; altera_reserved_tck ; 0.000        ; 0.079      ; 0.696      ;
; 0.431 ; sld_hub:auto_hub|sld_jtag_hub:\jtag_hub_gen:sld_jtag_hub_inst|hub_mode_reg[2]                                                                                                                                                                                     ; sld_hub:auto_hub|sld_jtag_hub:\jtag_hub_gen:sld_jtag_hub_inst|clr_reg                                                                                                                                                                                             ; altera_reserved_tck ; altera_reserved_tck ; 0.000        ; 0.079      ; 0.696      ;
; 0.431 ; sld_hub:auto_hub|sld_jtag_hub:\jtag_hub_gen:sld_jtag_hub_inst|sld_shadow_jsm:shadow_jsm|tms_cnt[0]                                                                                                                                                                ; sld_hub:auto_hub|sld_jtag_hub:\jtag_hub_gen:sld_jtag_hub_inst|sld_shadow_jsm:shadow_jsm|tms_cnt[1]                                                                                                                                                                ; altera_reserved_tck ; altera_reserved_tck ; 0.000        ; 0.078      ; 0.695      ;
; 0.432 ; sld_hub:auto_hub|sld_jtag_hub:\jtag_hub_gen:sld_jtag_hub_inst|irf_reg[2][2]                                                                                                                                                                                       ; sld_hub:auto_hub|sld_jtag_hub:\jtag_hub_gen:sld_jtag_hub_inst|shadow_irf_reg[2][2]                                                                                                                                                                                ; altera_reserved_tck ; altera_reserved_tck ; 0.000        ; 0.079      ; 0.697      ;
; 0.432 ; SoC:inst|SoC_jtag_uart:jtag_uart|alt_jtag_atlantic:SoC_jtag_uart_alt_jtag_atlantic|count[5]                                                                                                                                                                       ; SoC:inst|SoC_jtag_uart:jtag_uart|alt_jtag_atlantic:SoC_jtag_uart_alt_jtag_atlantic|count[6]                                                                                                                                                                       ; altera_reserved_tck ; altera_reserved_tck ; 0.000        ; 0.078      ; 0.696      ;
; 0.433 ; SoC:inst|SoC_jtag_uart:jtag_uart|alt_jtag_atlantic:SoC_jtag_uart_alt_jtag_atlantic|count[7]                                                                                                                                                                       ; SoC:inst|SoC_jtag_uart:jtag_uart|alt_jtag_atlantic:SoC_jtag_uart_alt_jtag_atlantic|count[8]                                                                                                                                                                       ; altera_reserved_tck ; altera_reserved_tck ; 0.000        ; 0.078      ; 0.697      ;
; 0.433 ; SoC:inst|SoC_cpu:cpu|SoC_cpu_nios2_oci:the_SoC_cpu_nios2_oci|SoC_cpu_jtag_debug_module_wrapper:the_SoC_cpu_jtag_debug_module_wrapper|SoC_cpu_jtag_debug_module_tck:the_SoC_cpu_jtag_debug_module_tck|altera_std_synchronizer:the_altera_std_synchronizer2|din_s1  ; SoC:inst|SoC_cpu:cpu|SoC_cpu_nios2_oci:the_SoC_cpu_nios2_oci|SoC_cpu_jtag_debug_module_wrapper:the_SoC_cpu_jtag_debug_module_wrapper|SoC_cpu_jtag_debug_module_tck:the_SoC_cpu_jtag_debug_module_tck|altera_std_synchronizer:the_altera_std_synchronizer2|dreg[0] ; altera_reserved_tck ; altera_reserved_tck ; 0.000        ; 0.079      ; 0.698      ;
; 0.434 ; SoC:inst|SoC_cpu:cpu|SoC_cpu_nios2_oci:the_SoC_cpu_nios2_oci|SoC_cpu_jtag_debug_module_wrapper:the_SoC_cpu_jtag_debug_module_wrapper|SoC_cpu_jtag_debug_module_tck:the_SoC_cpu_jtag_debug_module_tck|altera_std_synchronizer:the_altera_std_synchronizer1|din_s1  ; SoC:inst|SoC_cpu:cpu|SoC_cpu_nios2_oci:the_SoC_cpu_nios2_oci|SoC_cpu_jtag_debug_module_wrapper:the_SoC_cpu_jtag_debug_module_wrapper|SoC_cpu_jtag_debug_module_tck:the_SoC_cpu_jtag_debug_module_tck|altera_std_synchronizer:the_altera_std_synchronizer1|dreg[0] ; altera_reserved_tck ; altera_reserved_tck ; 0.000        ; 0.079      ; 0.699      ;
; 0.436 ; sld_hub:auto_hub|sld_jtag_hub:\jtag_hub_gen:sld_jtag_hub_inst|jtag_ir_reg[1]                                                                                                                                                                                      ; sld_hub:auto_hub|sld_jtag_hub:\jtag_hub_gen:sld_jtag_hub_inst|jtag_ir_reg[0]                                                                                                                                                                                      ; altera_reserved_tck ; altera_reserved_tck ; 0.000        ; 0.079      ; 0.701      ;
; 0.437 ; sld_hub:auto_hub|sld_jtag_hub:\jtag_hub_gen:sld_jtag_hub_inst|jtag_ir_reg[1]                                                                                                                                                                                      ; sld_hub:auto_hub|sld_jtag_hub:\jtag_hub_gen:sld_jtag_hub_inst|virtual_ir_scan_reg                                                                                                                                                                                 ; altera_reserved_tck ; altera_reserved_tck ; 0.000        ; 0.079      ; 0.702      ;
; 0.437 ; sld_hub:auto_hub|sld_jtag_hub:\jtag_hub_gen:sld_jtag_hub_inst|jtag_ir_reg[4]                                                                                                                                                                                      ; sld_hub:auto_hub|sld_jtag_hub:\jtag_hub_gen:sld_jtag_hub_inst|jtag_ir_reg[3]                                                                                                                                                                                      ; altera_reserved_tck ; altera_reserved_tck ; 0.000        ; 0.079      ; 0.702      ;
; 0.437 ; sld_hub:auto_hub|sld_jtag_hub:\jtag_hub_gen:sld_jtag_hub_inst|identity_contrib_shift_reg[2]                                                                                                                                                                       ; sld_hub:auto_hub|sld_jtag_hub:\jtag_hub_gen:sld_jtag_hub_inst|identity_contrib_shift_reg[1]                                                                                                                                                                       ; altera_reserved_tck ; altera_reserved_tck ; 0.000        ; 0.080      ; 0.703      ;
; 0.437 ; sld_hub:auto_hub|sld_jtag_hub:\jtag_hub_gen:sld_jtag_hub_inst|sld_shadow_jsm:shadow_jsm|state[12]                                                                                                                                                                 ; sld_hub:auto_hub|sld_jtag_hub:\jtag_hub_gen:sld_jtag_hub_inst|sld_shadow_jsm:shadow_jsm|state[13]                                                                                                                                                                 ; altera_reserved_tck ; altera_reserved_tck ; 0.000        ; 0.079      ; 0.702      ;
; 0.438 ; sld_hub:auto_hub|sld_jtag_hub:\jtag_hub_gen:sld_jtag_hub_inst|jtag_ir_reg[2]                                                                                                                                                                                      ; sld_hub:auto_hub|sld_jtag_hub:\jtag_hub_gen:sld_jtag_hub_inst|jtag_ir_reg[1]                                                                                                                                                                                      ; altera_reserved_tck ; altera_reserved_tck ; 0.000        ; 0.079      ; 0.703      ;
; 0.438 ; sld_hub:auto_hub|sld_jtag_hub:\jtag_hub_gen:sld_jtag_hub_inst|identity_contrib_shift_reg[2]                                                                                                                                                                       ; sld_hub:auto_hub|sld_jtag_hub:\jtag_hub_gen:sld_jtag_hub_inst|identity_contrib_update_reg[2]                                                                                                                                                                      ; altera_reserved_tck ; altera_reserved_tck ; 0.000        ; 0.080      ; 0.704      ;
; 0.438 ; SoC:inst|SoC_cpu:cpu|SoC_cpu_nios2_oci:the_SoC_cpu_nios2_oci|SoC_cpu_jtag_debug_module_wrapper:the_SoC_cpu_jtag_debug_module_wrapper|SoC_cpu_jtag_debug_module_tck:the_SoC_cpu_jtag_debug_module_tck|sr[33]                                                       ; SoC:inst|SoC_cpu:cpu|SoC_cpu_nios2_oci:the_SoC_cpu_nios2_oci|SoC_cpu_jtag_debug_module_wrapper:the_SoC_cpu_jtag_debug_module_wrapper|SoC_cpu_jtag_debug_module_tck:the_SoC_cpu_jtag_debug_module_tck|sr[32]                                                       ; altera_reserved_tck ; altera_reserved_tck ; 0.000        ; 0.078      ; 0.702      ;
; 0.439 ; sld_hub:auto_hub|sld_jtag_hub:\jtag_hub_gen:sld_jtag_hub_inst|sld_shadow_jsm:shadow_jsm|state[12]                                                                                                                                                                 ; sld_hub:auto_hub|sld_jtag_hub:\jtag_hub_gen:sld_jtag_hub_inst|sld_shadow_jsm:shadow_jsm|state[15]                                                                                                                                                                 ; altera_reserved_tck ; altera_reserved_tck ; 0.000        ; 0.079      ; 0.704      ;
; 0.439 ; sld_hub:auto_hub|sld_jtag_hub:\jtag_hub_gen:sld_jtag_hub_inst|sld_shadow_jsm:shadow_jsm|state[9]                                                                                                                                                                  ; sld_hub:auto_hub|sld_jtag_hub:\jtag_hub_gen:sld_jtag_hub_inst|sld_shadow_jsm:shadow_jsm|state[10]                                                                                                                                                                 ; altera_reserved_tck ; altera_reserved_tck ; 0.000        ; 0.079      ; 0.704      ;
; 0.440 ; SoC:inst|SoC_cpu:cpu|SoC_cpu_nios2_oci:the_SoC_cpu_nios2_oci|SoC_cpu_jtag_debug_module_wrapper:the_SoC_cpu_jtag_debug_module_wrapper|SoC_cpu_jtag_debug_module_tck:the_SoC_cpu_jtag_debug_module_tck|sr[10]                                                       ; SoC:inst|SoC_cpu:cpu|SoC_cpu_nios2_oci:the_SoC_cpu_nios2_oci|SoC_cpu_jtag_debug_module_wrapper:the_SoC_cpu_jtag_debug_module_wrapper|SoC_cpu_jtag_debug_module_tck:the_SoC_cpu_jtag_debug_module_tck|sr[9]                                                        ; altera_reserved_tck ; altera_reserved_tck ; 0.000        ; 0.078      ; 0.704      ;
; 0.440 ; SoC:inst|SoC_cpu:cpu|SoC_cpu_nios2_oci:the_SoC_cpu_nios2_oci|SoC_cpu_jtag_debug_module_wrapper:the_SoC_cpu_jtag_debug_module_wrapper|SoC_cpu_jtag_debug_module_tck:the_SoC_cpu_jtag_debug_module_tck|sr[9]                                                        ; SoC:inst|SoC_cpu:cpu|SoC_cpu_nios2_oci:the_SoC_cpu_nios2_oci|SoC_cpu_jtag_debug_module_wrapper:the_SoC_cpu_jtag_debug_module_wrapper|SoC_cpu_jtag_debug_module_tck:the_SoC_cpu_jtag_debug_module_tck|sr[8]                                                        ; altera_reserved_tck ; altera_reserved_tck ; 0.000        ; 0.078      ; 0.704      ;
; 0.440 ; SoC:inst|SoC_cpu:cpu|SoC_cpu_nios2_oci:the_SoC_cpu_nios2_oci|SoC_cpu_jtag_debug_module_wrapper:the_SoC_cpu_jtag_debug_module_wrapper|SoC_cpu_jtag_debug_module_tck:the_SoC_cpu_jtag_debug_module_tck|sr[6]                                                        ; SoC:inst|SoC_cpu:cpu|SoC_cpu_nios2_oci:the_SoC_cpu_nios2_oci|SoC_cpu_jtag_debug_module_wrapper:the_SoC_cpu_jtag_debug_module_wrapper|SoC_cpu_jtag_debug_module_tck:the_SoC_cpu_jtag_debug_module_tck|sr[5]                                                        ; altera_reserved_tck ; altera_reserved_tck ; 0.000        ; 0.078      ; 0.704      ;
; 0.440 ; SoC:inst|SoC_cpu:cpu|SoC_cpu_nios2_oci:the_SoC_cpu_nios2_oci|SoC_cpu_jtag_debug_module_wrapper:the_SoC_cpu_jtag_debug_module_wrapper|SoC_cpu_jtag_debug_module_tck:the_SoC_cpu_jtag_debug_module_tck|sr[5]                                                        ; SoC:inst|SoC_cpu:cpu|SoC_cpu_nios2_oci:the_SoC_cpu_nios2_oci|SoC_cpu_jtag_debug_module_wrapper:the_SoC_cpu_jtag_debug_module_wrapper|SoC_cpu_jtag_debug_module_tck:the_SoC_cpu_jtag_debug_module_tck|sr[4]                                                        ; altera_reserved_tck ; altera_reserved_tck ; 0.000        ; 0.078      ; 0.704      ;
; 0.440 ; SoC:inst|SoC_cpu:cpu|SoC_cpu_nios2_oci:the_SoC_cpu_nios2_oci|SoC_cpu_jtag_debug_module_wrapper:the_SoC_cpu_jtag_debug_module_wrapper|SoC_cpu_jtag_debug_module_tck:the_SoC_cpu_jtag_debug_module_tck|sr[29]                                                       ; SoC:inst|SoC_cpu:cpu|SoC_cpu_nios2_oci:the_SoC_cpu_nios2_oci|SoC_cpu_jtag_debug_module_wrapper:the_SoC_cpu_jtag_debug_module_wrapper|SoC_cpu_jtag_debug_module_tck:the_SoC_cpu_jtag_debug_module_tck|sr[28]                                                       ; altera_reserved_tck ; altera_reserved_tck ; 0.000        ; 0.078      ; 0.704      ;
; 0.443 ; sld_hub:auto_hub|sld_jtag_hub:\jtag_hub_gen:sld_jtag_hub_inst|jtag_ir_reg[3]                                                                                                                                                                                      ; sld_hub:auto_hub|sld_jtag_hub:\jtag_hub_gen:sld_jtag_hub_inst|jtag_ir_reg[2]                                                                                                                                                                                      ; altera_reserved_tck ; altera_reserved_tck ; 0.000        ; 0.079      ; 0.708      ;
; 0.444 ; sld_hub:auto_hub|sld_jtag_hub:\jtag_hub_gen:sld_jtag_hub_inst|sld_shadow_jsm:shadow_jsm|state[7]                                                                                                                                                                  ; sld_hub:auto_hub|sld_jtag_hub:\jtag_hub_gen:sld_jtag_hub_inst|reset_ena_reg                                                                                                                                                                                       ; altera_reserved_tck ; altera_reserved_tck ; 0.000        ; 0.079      ; 0.709      ;
; 0.444 ; sld_hub:auto_hub|sld_jtag_hub:\jtag_hub_gen:sld_jtag_hub_inst|sld_shadow_jsm:shadow_jsm|state[7]                                                                                                                                                                  ; sld_hub:auto_hub|sld_jtag_hub:\jtag_hub_gen:sld_jtag_hub_inst|sld_shadow_jsm:shadow_jsm|state[8]                                                                                                                                                                  ; altera_reserved_tck ; altera_reserved_tck ; 0.000        ; 0.079      ; 0.709      ;
; 0.446 ; sld_hub:auto_hub|sld_jtag_hub:\jtag_hub_gen:sld_jtag_hub_inst|sld_shadow_jsm:shadow_jsm|state[7]                                                                                                                                                                  ; sld_hub:auto_hub|sld_jtag_hub:\jtag_hub_gen:sld_jtag_hub_inst|sld_shadow_jsm:shadow_jsm|state[4]                                                                                                                                                                  ; altera_reserved_tck ; altera_reserved_tck ; 0.000        ; 0.079      ; 0.711      ;
; 0.447 ; sld_hub:auto_hub|sld_jtag_hub:\jtag_hub_gen:sld_jtag_hub_inst|jtag_ir_reg[1]                                                                                                                                                                                      ; sld_hub:auto_hub|sld_jtag_hub:\jtag_hub_gen:sld_jtag_hub_inst|virtual_dr_scan_reg                                                                                                                                                                                 ; altera_reserved_tck ; altera_reserved_tck ; 0.000        ; 0.079      ; 0.712      ;
; 0.449 ; sld_hub:auto_hub|sld_jtag_hub:\jtag_hub_gen:sld_jtag_hub_inst|sld_rom_sr:hub_info_reg|word_counter[4]                                                                                                                                                             ; sld_hub:auto_hub|sld_jtag_hub:\jtag_hub_gen:sld_jtag_hub_inst|sld_rom_sr:hub_info_reg|word_counter[4]                                                                                                                                                             ; altera_reserved_tck ; altera_reserved_tck ; 0.000        ; 0.079      ; 0.714      ;
; 0.452 ; sld_hub:auto_hub|sld_jtag_hub:\jtag_hub_gen:sld_jtag_hub_inst|sld_shadow_jsm:shadow_jsm|state[11]                                                                                                                                                                 ; sld_hub:auto_hub|sld_jtag_hub:\jtag_hub_gen:sld_jtag_hub_inst|sld_shadow_jsm:shadow_jsm|state[12]                                                                                                                                                                 ; altera_reserved_tck ; altera_reserved_tck ; 0.000        ; 0.079      ; 0.717      ;
; 0.452 ; sld_hub:auto_hub|sld_jtag_hub:\jtag_hub_gen:sld_jtag_hub_inst|sld_shadow_jsm:shadow_jsm|state[2]                                                                                                                                                                  ; sld_hub:auto_hub|sld_jtag_hub:\jtag_hub_gen:sld_jtag_hub_inst|sld_shadow_jsm:shadow_jsm|state[9]                                                                                                                                                                  ; altera_reserved_tck ; altera_reserved_tck ; 0.000        ; 0.079      ; 0.717      ;
; 0.452 ; SoC:inst|SoC_cpu:cpu|SoC_cpu_nios2_oci:the_SoC_cpu_nios2_oci|SoC_cpu_jtag_debug_module_wrapper:the_SoC_cpu_jtag_debug_module_wrapper|SoC_cpu_jtag_debug_module_tck:the_SoC_cpu_jtag_debug_module_tck|sr[13]                                                       ; SoC:inst|SoC_cpu:cpu|SoC_cpu_nios2_oci:the_SoC_cpu_nios2_oci|SoC_cpu_jtag_debug_module_wrapper:the_SoC_cpu_jtag_debug_module_wrapper|SoC_cpu_jtag_debug_module_tck:the_SoC_cpu_jtag_debug_module_tck|sr[12]                                                       ; altera_reserved_tck ; altera_reserved_tck ; 0.000        ; 0.078      ; 0.716      ;
; 0.453 ; sld_hub:auto_hub|sld_jtag_hub:\jtag_hub_gen:sld_jtag_hub_inst|irf_reg[1][1]                                                                                                                                                                                       ; sld_hub:auto_hub|sld_jtag_hub:\jtag_hub_gen:sld_jtag_hub_inst|shadow_irf_reg[1][1]                                                                                                                                                                                ; altera_reserved_tck ; altera_reserved_tck ; 0.000        ; 0.079      ; 0.718      ;
; 0.453 ; SoC:inst|SoC_cpu:cpu|SoC_cpu_nios2_oci:the_SoC_cpu_nios2_oci|SoC_cpu_jtag_debug_module_wrapper:the_SoC_cpu_jtag_debug_module_wrapper|SoC_cpu_jtag_debug_module_tck:the_SoC_cpu_jtag_debug_module_tck|sr[23]                                                       ; SoC:inst|SoC_cpu:cpu|SoC_cpu_nios2_oci:the_SoC_cpu_nios2_oci|SoC_cpu_jtag_debug_module_wrapper:the_SoC_cpu_jtag_debug_module_wrapper|SoC_cpu_jtag_debug_module_tck:the_SoC_cpu_jtag_debug_module_tck|sr[22]                                                       ; altera_reserved_tck ; altera_reserved_tck ; 0.000        ; 0.078      ; 0.717      ;
; 0.454 ; SoC:inst|SoC_jtag_uart:jtag_uart|alt_jtag_atlantic:SoC_jtag_uart_alt_jtag_atlantic|td_shift[10]                                                                                                                                                                   ; SoC:inst|SoC_jtag_uart:jtag_uart|alt_jtag_atlantic:SoC_jtag_uart_alt_jtag_atlantic|td_shift[9]                                                                                                                                                                    ; altera_reserved_tck ; altera_reserved_tck ; 0.000        ; 0.078      ; 0.718      ;
; 0.454 ; SoC:inst|SoC_jtag_uart:jtag_uart|alt_jtag_atlantic:SoC_jtag_uart_alt_jtag_atlantic|td_shift[9]                                                                                                                                                                    ; SoC:inst|SoC_jtag_uart:jtag_uart|alt_jtag_atlantic:SoC_jtag_uart_alt_jtag_atlantic|td_shift[8]                                                                                                                                                                    ; altera_reserved_tck ; altera_reserved_tck ; 0.000        ; 0.078      ; 0.718      ;
; 0.454 ; SoC:inst|SoC_cpu:cpu|SoC_cpu_nios2_oci:the_SoC_cpu_nios2_oci|SoC_cpu_jtag_debug_module_wrapper:the_SoC_cpu_jtag_debug_module_wrapper|SoC_cpu_jtag_debug_module_tck:the_SoC_cpu_jtag_debug_module_tck|sr[2]                                                        ; SoC:inst|SoC_cpu:cpu|SoC_cpu_nios2_oci:the_SoC_cpu_nios2_oci|SoC_cpu_jtag_debug_module_wrapper:the_SoC_cpu_jtag_debug_module_wrapper|SoC_cpu_jtag_debug_module_tck:the_SoC_cpu_jtag_debug_module_tck|sr[1]                                                        ; altera_reserved_tck ; altera_reserved_tck ; 0.000        ; 0.078      ; 0.718      ;
; 0.454 ; SoC:inst|SoC_cpu:cpu|SoC_cpu_nios2_oci:the_SoC_cpu_nios2_oci|SoC_cpu_jtag_debug_module_wrapper:the_SoC_cpu_jtag_debug_module_wrapper|SoC_cpu_jtag_debug_module_tck:the_SoC_cpu_jtag_debug_module_tck|sr[17]                                                       ; SoC:inst|SoC_cpu:cpu|SoC_cpu_nios2_oci:the_SoC_cpu_nios2_oci|SoC_cpu_jtag_debug_module_wrapper:the_SoC_cpu_jtag_debug_module_wrapper|SoC_cpu_jtag_debug_module_tck:the_SoC_cpu_jtag_debug_module_tck|sr[16]                                                       ; altera_reserved_tck ; altera_reserved_tck ; 0.000        ; 0.078      ; 0.718      ;
; 0.461 ; sld_hub:auto_hub|sld_jtag_hub:\jtag_hub_gen:sld_jtag_hub_inst|sld_shadow_jsm:shadow_jsm|state[15]                                                                                                                                                                 ; sld_hub:auto_hub|sld_jtag_hub:\jtag_hub_gen:sld_jtag_hub_inst|sld_shadow_jsm:shadow_jsm|state[2]                                                                                                                                                                  ; altera_reserved_tck ; altera_reserved_tck ; 0.000        ; 0.079      ; 0.726      ;
; 0.461 ; sld_hub:auto_hub|sld_jtag_hub:\jtag_hub_gen:sld_jtag_hub_inst|sld_shadow_jsm:shadow_jsm|state[8]                                                                                                                                                                  ; sld_hub:auto_hub|sld_jtag_hub:\jtag_hub_gen:sld_jtag_hub_inst|sld_shadow_jsm:shadow_jsm|state[1]                                                                                                                                                                  ; altera_reserved_tck ; altera_reserved_tck ; 0.000        ; 0.079      ; 0.726      ;
; 0.467 ; SoC:inst|SoC_jtag_uart:jtag_uart|alt_jtag_atlantic:SoC_jtag_uart_alt_jtag_atlantic|count[9]                                                                                                                                                                       ; SoC:inst|SoC_jtag_uart:jtag_uart|alt_jtag_atlantic:SoC_jtag_uart_alt_jtag_atlantic|count[0]                                                                                                                                                                       ; altera_reserved_tck ; altera_reserved_tck ; 0.000        ; 0.078      ; 0.731      ;
; 0.471 ; SoC:inst|SoC_jtag_uart:jtag_uart|alt_jtag_atlantic:SoC_jtag_uart_alt_jtag_atlantic|count[1]                                                                                                                                                                       ; SoC:inst|SoC_jtag_uart:jtag_uart|alt_jtag_atlantic:SoC_jtag_uart_alt_jtag_atlantic|count[2]                                                                                                                                                                       ; altera_reserved_tck ; altera_reserved_tck ; 0.000        ; 0.078      ; 0.735      ;
; 0.552 ; sld_hub:auto_hub|sld_jtag_hub:\jtag_hub_gen:sld_jtag_hub_inst|jtag_ir_reg[0]                                                                                                                                                                                      ; sld_hub:auto_hub|sld_jtag_hub:\jtag_hub_gen:sld_jtag_hub_inst|virtual_ir_scan_reg                                                                                                                                                                                 ; altera_reserved_tck ; altera_reserved_tck ; 0.000        ; 0.079      ; 0.817      ;
; 0.555 ; sld_hub:auto_hub|sld_jtag_hub:\jtag_hub_gen:sld_jtag_hub_inst|hub_minor_ver_reg[3]                                                                                                                                                                                ; sld_hub:auto_hub|sld_jtag_hub:\jtag_hub_gen:sld_jtag_hub_inst|hub_minor_ver_reg[2]                                                                                                                                                                                ; altera_reserved_tck ; altera_reserved_tck ; 0.000        ; 0.079      ; 0.820      ;
; 0.555 ; sld_hub:auto_hub|sld_jtag_hub:\jtag_hub_gen:sld_jtag_hub_inst|sld_shadow_jsm:shadow_jsm|state[6]                                                                                                                                                                  ; sld_hub:auto_hub|sld_jtag_hub:\jtag_hub_gen:sld_jtag_hub_inst|sld_shadow_jsm:shadow_jsm|state[7]                                                                                                                                                                  ; altera_reserved_tck ; altera_reserved_tck ; 0.000        ; 0.079      ; 0.820      ;
; 0.556 ; sld_hub:auto_hub|sld_jtag_hub:\jtag_hub_gen:sld_jtag_hub_inst|sld_shadow_jsm:shadow_jsm|state[13]                                                                                                                                                                 ; sld_hub:auto_hub|sld_jtag_hub:\jtag_hub_gen:sld_jtag_hub_inst|sld_shadow_jsm:shadow_jsm|state[14]                                                                                                                                                                 ; altera_reserved_tck ; altera_reserved_tck ; 0.000        ; 0.079      ; 0.821      ;
; 0.557 ; sld_hub:auto_hub|sld_jtag_hub:\jtag_hub_gen:sld_jtag_hub_inst|shadow_irf_reg[1][4]                                                                                                                                                                                ; sld_hub:auto_hub|sld_jtag_hub:\jtag_hub_gen:sld_jtag_hub_inst|irf_reg[1][4]                                                                                                                                                                                       ; altera_reserved_tck ; altera_reserved_tck ; 0.000        ; 0.079      ; 0.822      ;
; 0.557 ; sld_hub:auto_hub|sld_jtag_hub:\jtag_hub_gen:sld_jtag_hub_inst|jtag_ir_reg[0]                                                                                                                                                                                      ; sld_hub:auto_hub|sld_jtag_hub:\jtag_hub_gen:sld_jtag_hub_inst|virtual_dr_scan_reg                                                                                                                                                                                 ; altera_reserved_tck ; altera_reserved_tck ; 0.000        ; 0.079      ; 0.822      ;
; 0.562 ; sld_hub:auto_hub|sld_jtag_hub:\jtag_hub_gen:sld_jtag_hub_inst|sld_shadow_jsm:shadow_jsm|state[14]                                                                                                                                                                 ; sld_hub:auto_hub|sld_jtag_hub:\jtag_hub_gen:sld_jtag_hub_inst|sld_shadow_jsm:shadow_jsm|state[15]                                                                                                                                                                 ; altera_reserved_tck ; altera_reserved_tck ; 0.000        ; 0.079      ; 0.827      ;
; 0.565 ; SoC:inst|SoC_cpu:cpu|SoC_cpu_nios2_oci:the_SoC_cpu_nios2_oci|SoC_cpu_jtag_debug_module_wrapper:the_SoC_cpu_jtag_debug_module_wrapper|SoC_cpu_jtag_debug_module_tck:the_SoC_cpu_jtag_debug_module_tck|sr[11]                                                       ; SoC:inst|SoC_cpu:cpu|SoC_cpu_nios2_oci:the_SoC_cpu_nios2_oci|SoC_cpu_jtag_debug_module_wrapper:the_SoC_cpu_jtag_debug_module_wrapper|SoC_cpu_jtag_debug_module_tck:the_SoC_cpu_jtag_debug_module_tck|sr[10]                                                       ; altera_reserved_tck ; altera_reserved_tck ; 0.000        ; 0.078      ; 0.829      ;
; 0.568 ; sld_hub:auto_hub|sld_jtag_hub:\jtag_hub_gen:sld_jtag_hub_inst|sld_shadow_jsm:shadow_jsm|state[5]                                                                                                                                                                  ; sld_hub:auto_hub|sld_jtag_hub:\jtag_hub_gen:sld_jtag_hub_inst|sld_shadow_jsm:shadow_jsm|state[8]                                                                                                                                                                  ; altera_reserved_tck ; altera_reserved_tck ; 0.000        ; 0.079      ; 0.833      ;
; 0.581 ; SoC:inst|SoC_cpu:cpu|SoC_cpu_nios2_oci:the_SoC_cpu_nios2_oci|SoC_cpu_jtag_debug_module_wrapper:the_SoC_cpu_jtag_debug_module_wrapper|SoC_cpu_jtag_debug_module_tck:the_SoC_cpu_jtag_debug_module_tck|DRsize.000                                                   ; SoC:inst|SoC_cpu:cpu|SoC_cpu_nios2_oci:the_SoC_cpu_nios2_oci|SoC_cpu_jtag_debug_module_wrapper:the_SoC_cpu_jtag_debug_module_wrapper|SoC_cpu_jtag_debug_module_tck:the_SoC_cpu_jtag_debug_module_tck|sr[0]                                                        ; altera_reserved_tck ; altera_reserved_tck ; 0.000        ; 0.085      ; 0.852      ;
; 0.581 ; sld_hub:auto_hub|sld_jtag_hub:\jtag_hub_gen:sld_jtag_hub_inst|sld_shadow_jsm:shadow_jsm|state[10]                                                                                                                                                                 ; sld_hub:auto_hub|sld_jtag_hub:\jtag_hub_gen:sld_jtag_hub_inst|sld_shadow_jsm:shadow_jsm|state[12]                                                                                                                                                                 ; altera_reserved_tck ; altera_reserved_tck ; 0.000        ; 0.079      ; 0.846      ;
; 0.589 ; sld_hub:auto_hub|sld_jtag_hub:\jtag_hub_gen:sld_jtag_hub_inst|irf_reg[2][3]                                                                                                                                                                                       ; sld_hub:auto_hub|sld_jtag_hub:\jtag_hub_gen:sld_jtag_hub_inst|shadow_irf_reg[2][3]                                                                                                                                                                                ; altera_reserved_tck ; altera_reserved_tck ; 0.000        ; 0.079      ; 0.854      ;
; 0.591 ; SoC:inst|SoC_jtag_uart:jtag_uart|alt_jtag_atlantic:SoC_jtag_uart_alt_jtag_atlantic|tck_t_dav                                                                                                                                                                      ; SoC:inst|SoC_jtag_uart:jtag_uart|alt_jtag_atlantic:SoC_jtag_uart_alt_jtag_atlantic|write_stalled                                                                                                                                                                  ; altera_reserved_tck ; altera_reserved_tck ; 0.000        ; 0.078      ; 0.855      ;
; 0.598 ; sld_hub:auto_hub|sld_jtag_hub:\jtag_hub_gen:sld_jtag_hub_inst|jtag_ir_reg[5]                                                                                                                                                                                      ; sld_hub:auto_hub|sld_jtag_hub:\jtag_hub_gen:sld_jtag_hub_inst|jtag_ir_reg[4]                                                                                                                                                                                      ; altera_reserved_tck ; altera_reserved_tck ; 0.000        ; 0.079      ; 0.863      ;
; 0.601 ; sld_hub:auto_hub|sld_jtag_hub:\jtag_hub_gen:sld_jtag_hub_inst|design_hash_reg[1]                                                                                                                                                                                  ; sld_hub:auto_hub|sld_jtag_hub:\jtag_hub_gen:sld_jtag_hub_inst|design_hash_reg[0]                                                                                                                                                                                  ; altera_reserved_tck ; altera_reserved_tck ; 0.000        ; 0.079      ; 0.866      ;
; 0.601 ; SoC:inst|SoC_cpu:cpu|SoC_cpu_nios2_oci:the_SoC_cpu_nios2_oci|SoC_cpu_jtag_debug_module_wrapper:the_SoC_cpu_jtag_debug_module_wrapper|SoC_cpu_jtag_debug_module_tck:the_SoC_cpu_jtag_debug_module_tck|altera_std_synchronizer:the_altera_std_synchronizer2|dreg[0] ; SoC:inst|SoC_cpu:cpu|SoC_cpu_nios2_oci:the_SoC_cpu_nios2_oci|SoC_cpu_jtag_debug_module_wrapper:the_SoC_cpu_jtag_debug_module_wrapper|SoC_cpu_jtag_debug_module_tck:the_SoC_cpu_jtag_debug_module_tck|ir_out[0]                                                    ; altera_reserved_tck ; altera_reserved_tck ; 0.000        ; 0.079      ; 0.866      ;
; 0.603 ; SoC:inst|SoC_cpu:cpu|SoC_cpu_nios2_oci:the_SoC_cpu_nios2_oci|SoC_cpu_jtag_debug_module_wrapper:the_SoC_cpu_jtag_debug_module_wrapper|SoC_cpu_jtag_debug_module_tck:the_SoC_cpu_jtag_debug_module_tck|altera_std_synchronizer:the_altera_std_synchronizer1|dreg[0] ; SoC:inst|SoC_cpu:cpu|SoC_cpu_nios2_oci:the_SoC_cpu_nios2_oci|SoC_cpu_jtag_debug_module_wrapper:the_SoC_cpu_jtag_debug_module_wrapper|SoC_cpu_jtag_debug_module_tck:the_SoC_cpu_jtag_debug_module_tck|ir_out[1]                                                    ; altera_reserved_tck ; altera_reserved_tck ; 0.000        ; 0.079      ; 0.868      ;
; 0.604 ; SoC:inst|SoC_jtag_uart:jtag_uart|alt_jtag_atlantic:SoC_jtag_uart_alt_jtag_atlantic|td_shift[5]                                                                                                                                                                    ; SoC:inst|SoC_jtag_uart:jtag_uart|alt_jtag_atlantic:SoC_jtag_uart_alt_jtag_atlantic|wdata[1]                                                                                                                                                                       ; altera_reserved_tck ; altera_reserved_tck ; 0.000        ; 0.079      ; 0.869      ;
; 0.604 ; sld_hub:auto_hub|sld_jtag_hub:\jtag_hub_gen:sld_jtag_hub_inst|design_hash_reg[2]                                                                                                                                                                                  ; sld_hub:auto_hub|sld_jtag_hub:\jtag_hub_gen:sld_jtag_hub_inst|design_hash_reg[1]                                                                                                                                                                                  ; altera_reserved_tck ; altera_reserved_tck ; 0.000        ; 0.079      ; 0.869      ;
; 0.604 ; sld_hub:auto_hub|sld_jtag_hub:\jtag_hub_gen:sld_jtag_hub_inst|design_hash_reg[3]                                                                                                                                                                                  ; sld_hub:auto_hub|sld_jtag_hub:\jtag_hub_gen:sld_jtag_hub_inst|design_hash_reg[2]                                                                                                                                                                                  ; altera_reserved_tck ; altera_reserved_tck ; 0.000        ; 0.079      ; 0.869      ;
; 0.605 ; sld_hub:auto_hub|sld_jtag_hub:\jtag_hub_gen:sld_jtag_hub_inst|jtag_ir_reg[8]                                                                                                                                                                                      ; sld_hub:auto_hub|sld_jtag_hub:\jtag_hub_gen:sld_jtag_hub_inst|jtag_ir_reg[7]                                                                                                                                                                                      ; altera_reserved_tck ; altera_reserved_tck ; 0.000        ; 0.079      ; 0.870      ;
; 0.607 ; sld_hub:auto_hub|sld_jtag_hub:\jtag_hub_gen:sld_jtag_hub_inst|identity_contrib_shift_reg[3]                                                                                                                                                                       ; sld_hub:auto_hub|sld_jtag_hub:\jtag_hub_gen:sld_jtag_hub_inst|identity_contrib_update_reg[3]                                                                                                                                                                      ; altera_reserved_tck ; altera_reserved_tck ; 0.000        ; 0.080      ; 0.873      ;
; 0.608 ; sld_hub:auto_hub|sld_jtag_hub:\jtag_hub_gen:sld_jtag_hub_inst|identity_contrib_shift_reg[1]                                                                                                                                                                       ; sld_hub:auto_hub|sld_jtag_hub:\jtag_hub_gen:sld_jtag_hub_inst|identity_contrib_shift_reg[0]                                                                                                                                                                       ; altera_reserved_tck ; altera_reserved_tck ; 0.000        ; 0.080      ; 0.874      ;
; 0.608 ; sld_hub:auto_hub|sld_jtag_hub:\jtag_hub_gen:sld_jtag_hub_inst|identity_contrib_shift_reg[1]                                                                                                                                                                       ; sld_hub:auto_hub|sld_jtag_hub:\jtag_hub_gen:sld_jtag_hub_inst|identity_contrib_update_reg[1]                                                                                                                                                                      ; altera_reserved_tck ; altera_reserved_tck ; 0.000        ; 0.080      ; 0.874      ;
; 0.609 ; sld_hub:auto_hub|sld_jtag_hub:\jtag_hub_gen:sld_jtag_hub_inst|jtag_ir_reg[6]                                                                                                                                                                                      ; sld_hub:auto_hub|sld_jtag_hub:\jtag_hub_gen:sld_jtag_hub_inst|jtag_ir_reg[5]                                                                                                                                                                                      ; altera_reserved_tck ; altera_reserved_tck ; 0.000        ; 0.079      ; 0.874      ;
; 0.609 ; sld_hub:auto_hub|sld_jtag_hub:\jtag_hub_gen:sld_jtag_hub_inst|identity_contrib_shift_reg[3]                                                                                                                                                                       ; sld_hub:auto_hub|sld_jtag_hub:\jtag_hub_gen:sld_jtag_hub_inst|identity_contrib_shift_reg[2]                                                                                                                                                                       ; altera_reserved_tck ; altera_reserved_tck ; 0.000        ; 0.080      ; 0.875      ;
; 0.610 ; sld_hub:auto_hub|sld_jtag_hub:\jtag_hub_gen:sld_jtag_hub_inst|jtag_ir_reg[7]                                                                                                                                                                                      ; sld_hub:auto_hub|sld_jtag_hub:\jtag_hub_gen:sld_jtag_hub_inst|jtag_ir_reg[6]                                                                                                                                                                                      ; altera_reserved_tck ; altera_reserved_tck ; 0.000        ; 0.079      ; 0.875      ;
; 0.618 ; sld_hub:auto_hub|sld_jtag_hub:\jtag_hub_gen:sld_jtag_hub_inst|sld_shadow_jsm:shadow_jsm|state[10]                                                                                                                                                                 ; sld_hub:auto_hub|sld_jtag_hub:\jtag_hub_gen:sld_jtag_hub_inst|sld_shadow_jsm:shadow_jsm|state[11]                                                                                                                                                                 ; altera_reserved_tck ; altera_reserved_tck ; 0.000        ; 0.079      ; 0.883      ;
+-------+-------------------------------------------------------------------------------------------------------------------------------------------------------------------------------------------------------------------------------------------------------------------+-------------------------------------------------------------------------------------------------------------------------------------------------------------------------------------------------------------------------------------------------------------------+---------------------+---------------------+--------------+------------+------------+


+-----------------------------------------------------------------------------------------------------------------------------------------------------------------------------------------------------------------------------------------------------------------------------------------------------+
; Slow 1200mV 85C Model Recovery: 'altera_reserved_tck'                                                                                                                                                                                                                                               ;
+--------+--------------------------------------------------------------------------------------------------+----------------------------------------------------------------------------------------------------+---------------------+---------------------+--------------+------------+------------+
; Slack  ; From Node                                                                                        ; To Node                                                                                            ; Launch Clock        ; Latch Clock         ; Relationship ; Clock Skew ; Data Delay ;
+--------+--------------------------------------------------------------------------------------------------+----------------------------------------------------------------------------------------------------+---------------------+---------------------+--------------+------------+------------+
; 47.574 ; sld_hub:auto_hub|sld_jtag_hub:\jtag_hub_gen:sld_jtag_hub_inst|clr_reg                            ; SoC:inst|SoC_jtag_uart:jtag_uart|alt_jtag_atlantic:SoC_jtag_uart_alt_jtag_atlantic|tdo~reg0        ; altera_reserved_tck ; altera_reserved_tck ; 50.000       ; 0.072      ; 2.516      ;
; 47.642 ; sld_hub:auto_hub|sld_jtag_hub:\jtag_hub_gen:sld_jtag_hub_inst|clr_reg                            ; SoC:inst|SoC_jtag_uart:jtag_uart|alt_jtag_atlantic:SoC_jtag_uart_alt_jtag_atlantic|jupdate         ; altera_reserved_tck ; altera_reserved_tck ; 50.000       ; 0.071      ; 2.447      ;
; 47.993 ; sld_hub:auto_hub|sld_jtag_hub:\jtag_hub_gen:sld_jtag_hub_inst|sld_shadow_jsm:shadow_jsm|state[8] ; sld_hub:auto_hub|sld_jtag_hub:\jtag_hub_gen:sld_jtag_hub_inst|tdo                                  ; altera_reserved_tck ; altera_reserved_tck ; 50.000       ; 0.084      ; 2.109      ;
; 97.377 ; sld_hub:auto_hub|sld_jtag_hub:\jtag_hub_gen:sld_jtag_hub_inst|clr_reg                            ; SoC:inst|SoC_jtag_uart:jtag_uart|alt_jtag_atlantic:SoC_jtag_uart_alt_jtag_atlantic|count[8]        ; altera_reserved_tck ; altera_reserved_tck ; 100.000      ; -0.104     ; 2.537      ;
; 97.377 ; sld_hub:auto_hub|sld_jtag_hub:\jtag_hub_gen:sld_jtag_hub_inst|clr_reg                            ; SoC:inst|SoC_jtag_uart:jtag_uart|alt_jtag_atlantic:SoC_jtag_uart_alt_jtag_atlantic|count[7]        ; altera_reserved_tck ; altera_reserved_tck ; 100.000      ; -0.104     ; 2.537      ;
; 97.377 ; sld_hub:auto_hub|sld_jtag_hub:\jtag_hub_gen:sld_jtag_hub_inst|clr_reg                            ; SoC:inst|SoC_jtag_uart:jtag_uart|alt_jtag_atlantic:SoC_jtag_uart_alt_jtag_atlantic|count[6]        ; altera_reserved_tck ; altera_reserved_tck ; 100.000      ; -0.104     ; 2.537      ;
; 97.377 ; sld_hub:auto_hub|sld_jtag_hub:\jtag_hub_gen:sld_jtag_hub_inst|clr_reg                            ; SoC:inst|SoC_jtag_uart:jtag_uart|alt_jtag_atlantic:SoC_jtag_uart_alt_jtag_atlantic|count[5]        ; altera_reserved_tck ; altera_reserved_tck ; 100.000      ; -0.104     ; 2.537      ;
; 97.377 ; sld_hub:auto_hub|sld_jtag_hub:\jtag_hub_gen:sld_jtag_hub_inst|clr_reg                            ; SoC:inst|SoC_jtag_uart:jtag_uart|alt_jtag_atlantic:SoC_jtag_uart_alt_jtag_atlantic|count[4]        ; altera_reserved_tck ; altera_reserved_tck ; 100.000      ; -0.104     ; 2.537      ;
; 97.377 ; sld_hub:auto_hub|sld_jtag_hub:\jtag_hub_gen:sld_jtag_hub_inst|clr_reg                            ; SoC:inst|SoC_jtag_uart:jtag_uart|alt_jtag_atlantic:SoC_jtag_uart_alt_jtag_atlantic|count[3]        ; altera_reserved_tck ; altera_reserved_tck ; 100.000      ; -0.104     ; 2.537      ;
; 97.377 ; sld_hub:auto_hub|sld_jtag_hub:\jtag_hub_gen:sld_jtag_hub_inst|clr_reg                            ; SoC:inst|SoC_jtag_uart:jtag_uart|alt_jtag_atlantic:SoC_jtag_uart_alt_jtag_atlantic|count[2]        ; altera_reserved_tck ; altera_reserved_tck ; 100.000      ; -0.104     ; 2.537      ;
; 97.377 ; sld_hub:auto_hub|sld_jtag_hub:\jtag_hub_gen:sld_jtag_hub_inst|clr_reg                            ; SoC:inst|SoC_jtag_uart:jtag_uart|alt_jtag_atlantic:SoC_jtag_uart_alt_jtag_atlantic|count[1]        ; altera_reserved_tck ; altera_reserved_tck ; 100.000      ; -0.104     ; 2.537      ;
; 97.377 ; sld_hub:auto_hub|sld_jtag_hub:\jtag_hub_gen:sld_jtag_hub_inst|clr_reg                            ; SoC:inst|SoC_jtag_uart:jtag_uart|alt_jtag_atlantic:SoC_jtag_uart_alt_jtag_atlantic|count[0]        ; altera_reserved_tck ; altera_reserved_tck ; 100.000      ; -0.104     ; 2.537      ;
; 97.377 ; sld_hub:auto_hub|sld_jtag_hub:\jtag_hub_gen:sld_jtag_hub_inst|clr_reg                            ; SoC:inst|SoC_jtag_uart:jtag_uart|alt_jtag_atlantic:SoC_jtag_uart_alt_jtag_atlantic|count[9]        ; altera_reserved_tck ; altera_reserved_tck ; 100.000      ; -0.104     ; 2.537      ;
; 97.377 ; sld_hub:auto_hub|sld_jtag_hub:\jtag_hub_gen:sld_jtag_hub_inst|clr_reg                            ; SoC:inst|SoC_jtag_uart:jtag_uart|alt_jtag_atlantic:SoC_jtag_uart_alt_jtag_atlantic|td_shift[0]     ; altera_reserved_tck ; altera_reserved_tck ; 100.000      ; -0.104     ; 2.537      ;
; 97.377 ; sld_hub:auto_hub|sld_jtag_hub:\jtag_hub_gen:sld_jtag_hub_inst|clr_reg                            ; SoC:inst|SoC_jtag_uart:jtag_uart|alt_jtag_atlantic:SoC_jtag_uart_alt_jtag_atlantic|user_saw_rvalid ; altera_reserved_tck ; altera_reserved_tck ; 100.000      ; -0.104     ; 2.537      ;
; 97.401 ; sld_hub:auto_hub|sld_jtag_hub:\jtag_hub_gen:sld_jtag_hub_inst|clr_reg                            ; SoC:inst|SoC_jtag_uart:jtag_uart|alt_jtag_atlantic:SoC_jtag_uart_alt_jtag_atlantic|td_shift[10]    ; altera_reserved_tck ; altera_reserved_tck ; 100.000      ; -0.097     ; 2.520      ;
; 97.401 ; sld_hub:auto_hub|sld_jtag_hub:\jtag_hub_gen:sld_jtag_hub_inst|clr_reg                            ; SoC:inst|SoC_jtag_uart:jtag_uart|alt_jtag_atlantic:SoC_jtag_uart_alt_jtag_atlantic|td_shift[9]     ; altera_reserved_tck ; altera_reserved_tck ; 100.000      ; -0.097     ; 2.520      ;
; 97.401 ; sld_hub:auto_hub|sld_jtag_hub:\jtag_hub_gen:sld_jtag_hub_inst|clr_reg                            ; SoC:inst|SoC_jtag_uart:jtag_uart|alt_jtag_atlantic:SoC_jtag_uart_alt_jtag_atlantic|td_shift[1]     ; altera_reserved_tck ; altera_reserved_tck ; 100.000      ; -0.097     ; 2.520      ;
; 97.401 ; sld_hub:auto_hub|sld_jtag_hub:\jtag_hub_gen:sld_jtag_hub_inst|clr_reg                            ; SoC:inst|SoC_jtag_uart:jtag_uart|alt_jtag_atlantic:SoC_jtag_uart_alt_jtag_atlantic|td_shift[2]     ; altera_reserved_tck ; altera_reserved_tck ; 100.000      ; -0.097     ; 2.520      ;
; 97.401 ; sld_hub:auto_hub|sld_jtag_hub:\jtag_hub_gen:sld_jtag_hub_inst|clr_reg                            ; SoC:inst|SoC_jtag_uart:jtag_uart|alt_jtag_atlantic:SoC_jtag_uart_alt_jtag_atlantic|td_shift[3]     ; altera_reserved_tck ; altera_reserved_tck ; 100.000      ; -0.097     ; 2.520      ;
; 97.401 ; sld_hub:auto_hub|sld_jtag_hub:\jtag_hub_gen:sld_jtag_hub_inst|clr_reg                            ; SoC:inst|SoC_jtag_uart:jtag_uart|alt_jtag_atlantic:SoC_jtag_uart_alt_jtag_atlantic|td_shift[4]     ; altera_reserved_tck ; altera_reserved_tck ; 100.000      ; -0.097     ; 2.520      ;
; 97.401 ; sld_hub:auto_hub|sld_jtag_hub:\jtag_hub_gen:sld_jtag_hub_inst|clr_reg                            ; SoC:inst|SoC_jtag_uart:jtag_uart|alt_jtag_atlantic:SoC_jtag_uart_alt_jtag_atlantic|td_shift[5]     ; altera_reserved_tck ; altera_reserved_tck ; 100.000      ; -0.097     ; 2.520      ;
; 97.401 ; sld_hub:auto_hub|sld_jtag_hub:\jtag_hub_gen:sld_jtag_hub_inst|clr_reg                            ; SoC:inst|SoC_jtag_uart:jtag_uart|alt_jtag_atlantic:SoC_jtag_uart_alt_jtag_atlantic|td_shift[6]     ; altera_reserved_tck ; altera_reserved_tck ; 100.000      ; -0.097     ; 2.520      ;
; 97.401 ; sld_hub:auto_hub|sld_jtag_hub:\jtag_hub_gen:sld_jtag_hub_inst|clr_reg                            ; SoC:inst|SoC_jtag_uart:jtag_uart|alt_jtag_atlantic:SoC_jtag_uart_alt_jtag_atlantic|td_shift[7]     ; altera_reserved_tck ; altera_reserved_tck ; 100.000      ; -0.097     ; 2.520      ;
; 97.401 ; sld_hub:auto_hub|sld_jtag_hub:\jtag_hub_gen:sld_jtag_hub_inst|clr_reg                            ; SoC:inst|SoC_jtag_uart:jtag_uart|alt_jtag_atlantic:SoC_jtag_uart_alt_jtag_atlantic|td_shift[8]     ; altera_reserved_tck ; altera_reserved_tck ; 100.000      ; -0.097     ; 2.520      ;
; 97.406 ; sld_hub:auto_hub|sld_jtag_hub:\jtag_hub_gen:sld_jtag_hub_inst|clr_reg                            ; SoC:inst|SoC_jtag_uart:jtag_uart|alt_jtag_atlantic:SoC_jtag_uart_alt_jtag_atlantic|wdata[7]        ; altera_reserved_tck ; altera_reserved_tck ; 100.000      ; -0.096     ; 2.516      ;
; 97.406 ; sld_hub:auto_hub|sld_jtag_hub:\jtag_hub_gen:sld_jtag_hub_inst|clr_reg                            ; SoC:inst|SoC_jtag_uart:jtag_uart|alt_jtag_atlantic:SoC_jtag_uart_alt_jtag_atlantic|wdata[6]        ; altera_reserved_tck ; altera_reserved_tck ; 100.000      ; -0.096     ; 2.516      ;
; 97.406 ; sld_hub:auto_hub|sld_jtag_hub:\jtag_hub_gen:sld_jtag_hub_inst|clr_reg                            ; SoC:inst|SoC_jtag_uart:jtag_uart|alt_jtag_atlantic:SoC_jtag_uart_alt_jtag_atlantic|wdata[5]        ; altera_reserved_tck ; altera_reserved_tck ; 100.000      ; -0.096     ; 2.516      ;
; 97.406 ; sld_hub:auto_hub|sld_jtag_hub:\jtag_hub_gen:sld_jtag_hub_inst|clr_reg                            ; SoC:inst|SoC_jtag_uart:jtag_uart|alt_jtag_atlantic:SoC_jtag_uart_alt_jtag_atlantic|write           ; altera_reserved_tck ; altera_reserved_tck ; 100.000      ; -0.096     ; 2.516      ;
; 97.406 ; sld_hub:auto_hub|sld_jtag_hub:\jtag_hub_gen:sld_jtag_hub_inst|clr_reg                            ; SoC:inst|SoC_jtag_uart:jtag_uart|alt_jtag_atlantic:SoC_jtag_uart_alt_jtag_atlantic|wdata[4]        ; altera_reserved_tck ; altera_reserved_tck ; 100.000      ; -0.096     ; 2.516      ;
; 97.406 ; sld_hub:auto_hub|sld_jtag_hub:\jtag_hub_gen:sld_jtag_hub_inst|clr_reg                            ; SoC:inst|SoC_jtag_uart:jtag_uart|alt_jtag_atlantic:SoC_jtag_uart_alt_jtag_atlantic|wdata[3]        ; altera_reserved_tck ; altera_reserved_tck ; 100.000      ; -0.096     ; 2.516      ;
; 97.406 ; sld_hub:auto_hub|sld_jtag_hub:\jtag_hub_gen:sld_jtag_hub_inst|clr_reg                            ; SoC:inst|SoC_jtag_uart:jtag_uart|alt_jtag_atlantic:SoC_jtag_uart_alt_jtag_atlantic|wdata[2]        ; altera_reserved_tck ; altera_reserved_tck ; 100.000      ; -0.096     ; 2.516      ;
; 97.406 ; sld_hub:auto_hub|sld_jtag_hub:\jtag_hub_gen:sld_jtag_hub_inst|clr_reg                            ; SoC:inst|SoC_jtag_uart:jtag_uart|alt_jtag_atlantic:SoC_jtag_uart_alt_jtag_atlantic|wdata[1]        ; altera_reserved_tck ; altera_reserved_tck ; 100.000      ; -0.096     ; 2.516      ;
; 97.424 ; sld_hub:auto_hub|sld_jtag_hub:\jtag_hub_gen:sld_jtag_hub_inst|clr_reg                            ; SoC:inst|SoC_jtag_uart:jtag_uart|alt_jtag_atlantic:SoC_jtag_uart_alt_jtag_atlantic|write_stalled   ; altera_reserved_tck ; altera_reserved_tck ; 100.000      ; -0.096     ; 2.498      ;
; 97.424 ; sld_hub:auto_hub|sld_jtag_hub:\jtag_hub_gen:sld_jtag_hub_inst|clr_reg                            ; SoC:inst|SoC_jtag_uart:jtag_uart|alt_jtag_atlantic:SoC_jtag_uart_alt_jtag_atlantic|write_valid     ; altera_reserved_tck ; altera_reserved_tck ; 100.000      ; -0.096     ; 2.498      ;
; 97.424 ; sld_hub:auto_hub|sld_jtag_hub:\jtag_hub_gen:sld_jtag_hub_inst|clr_reg                            ; SoC:inst|SoC_jtag_uart:jtag_uart|alt_jtag_atlantic:SoC_jtag_uart_alt_jtag_atlantic|wdata[0]        ; altera_reserved_tck ; altera_reserved_tck ; 100.000      ; -0.096     ; 2.498      ;
; 97.424 ; sld_hub:auto_hub|sld_jtag_hub:\jtag_hub_gen:sld_jtag_hub_inst|clr_reg                            ; SoC:inst|SoC_jtag_uart:jtag_uart|alt_jtag_atlantic:SoC_jtag_uart_alt_jtag_atlantic|tck_t_dav       ; altera_reserved_tck ; altera_reserved_tck ; 100.000      ; -0.096     ; 2.498      ;
; 97.518 ; sld_hub:auto_hub|sld_jtag_hub:\jtag_hub_gen:sld_jtag_hub_inst|clr_reg                            ; sld_hub:auto_hub|sld_jtag_hub:\jtag_hub_gen:sld_jtag_hub_inst|hub_mode_reg[1]                      ; altera_reserved_tck ; altera_reserved_tck ; 100.000      ; -0.078     ; 2.422      ;
; 97.538 ; sld_hub:auto_hub|sld_jtag_hub:\jtag_hub_gen:sld_jtag_hub_inst|clr_reg                            ; SoC:inst|SoC_jtag_uart:jtag_uart|alt_jtag_atlantic:SoC_jtag_uart_alt_jtag_atlantic|state           ; altera_reserved_tck ; altera_reserved_tck ; 100.000      ; -0.085     ; 2.395      ;
; 97.709 ; sld_hub:auto_hub|sld_jtag_hub:\jtag_hub_gen:sld_jtag_hub_inst|virtual_ir_scan_reg                ; sld_hub:auto_hub|sld_jtag_hub:\jtag_hub_gen:sld_jtag_hub_inst|hub_mode_reg[2]                      ; altera_reserved_tck ; altera_reserved_tck ; 100.000      ; -0.083     ; 2.226      ;
; 97.712 ; sld_hub:auto_hub|sld_jtag_hub:\jtag_hub_gen:sld_jtag_hub_inst|clr_reg                            ; sld_hub:auto_hub|sld_jtag_hub:\jtag_hub_gen:sld_jtag_hub_inst|irsr_reg[6]                          ; altera_reserved_tck ; altera_reserved_tck ; 100.000      ; -0.083     ; 2.223      ;
; 98.012 ; sld_hub:auto_hub|sld_jtag_hub:\jtag_hub_gen:sld_jtag_hub_inst|clr_reg                            ; sld_hub:auto_hub|sld_jtag_hub:\jtag_hub_gen:sld_jtag_hub_inst|hub_mode_reg[0]                      ; altera_reserved_tck ; altera_reserved_tck ; 100.000      ; -0.084     ; 1.922      ;
; 98.012 ; sld_hub:auto_hub|sld_jtag_hub:\jtag_hub_gen:sld_jtag_hub_inst|clr_reg                            ; sld_hub:auto_hub|sld_jtag_hub:\jtag_hub_gen:sld_jtag_hub_inst|irsr_reg[5]                          ; altera_reserved_tck ; altera_reserved_tck ; 100.000      ; -0.084     ; 1.922      ;
; 98.012 ; sld_hub:auto_hub|sld_jtag_hub:\jtag_hub_gen:sld_jtag_hub_inst|clr_reg                            ; sld_hub:auto_hub|sld_jtag_hub:\jtag_hub_gen:sld_jtag_hub_inst|irsr_reg[2]                          ; altera_reserved_tck ; altera_reserved_tck ; 100.000      ; -0.084     ; 1.922      ;
; 98.012 ; sld_hub:auto_hub|sld_jtag_hub:\jtag_hub_gen:sld_jtag_hub_inst|clr_reg                            ; sld_hub:auto_hub|sld_jtag_hub:\jtag_hub_gen:sld_jtag_hub_inst|irsr_reg[4]                          ; altera_reserved_tck ; altera_reserved_tck ; 100.000      ; -0.084     ; 1.922      ;
; 98.012 ; sld_hub:auto_hub|sld_jtag_hub:\jtag_hub_gen:sld_jtag_hub_inst|clr_reg                            ; sld_hub:auto_hub|sld_jtag_hub:\jtag_hub_gen:sld_jtag_hub_inst|irsr_reg[1]                          ; altera_reserved_tck ; altera_reserved_tck ; 100.000      ; -0.084     ; 1.922      ;
; 98.012 ; sld_hub:auto_hub|sld_jtag_hub:\jtag_hub_gen:sld_jtag_hub_inst|clr_reg                            ; sld_hub:auto_hub|sld_jtag_hub:\jtag_hub_gen:sld_jtag_hub_inst|irsr_reg[0]                          ; altera_reserved_tck ; altera_reserved_tck ; 100.000      ; -0.084     ; 1.922      ;
; 98.012 ; sld_hub:auto_hub|sld_jtag_hub:\jtag_hub_gen:sld_jtag_hub_inst|clr_reg                            ; sld_hub:auto_hub|sld_jtag_hub:\jtag_hub_gen:sld_jtag_hub_inst|irsr_reg[3]                          ; altera_reserved_tck ; altera_reserved_tck ; 100.000      ; -0.084     ; 1.922      ;
; 98.097 ; sld_hub:auto_hub|sld_jtag_hub:\jtag_hub_gen:sld_jtag_hub_inst|clr_reg                            ; sld_hub:auto_hub|sld_jtag_hub:\jtag_hub_gen:sld_jtag_hub_inst|shadow_irf_reg[2][4]                 ; altera_reserved_tck ; altera_reserved_tck ; 100.000      ; -0.081     ; 1.840      ;
; 98.097 ; sld_hub:auto_hub|sld_jtag_hub:\jtag_hub_gen:sld_jtag_hub_inst|clr_reg                            ; sld_hub:auto_hub|sld_jtag_hub:\jtag_hub_gen:sld_jtag_hub_inst|irf_reg[2][4]                        ; altera_reserved_tck ; altera_reserved_tck ; 100.000      ; -0.081     ; 1.840      ;
; 98.097 ; sld_hub:auto_hub|sld_jtag_hub:\jtag_hub_gen:sld_jtag_hub_inst|clr_reg                            ; sld_hub:auto_hub|sld_jtag_hub:\jtag_hub_gen:sld_jtag_hub_inst|shadow_irf_reg[2][3]                 ; altera_reserved_tck ; altera_reserved_tck ; 100.000      ; -0.081     ; 1.840      ;
; 98.097 ; sld_hub:auto_hub|sld_jtag_hub:\jtag_hub_gen:sld_jtag_hub_inst|clr_reg                            ; sld_hub:auto_hub|sld_jtag_hub:\jtag_hub_gen:sld_jtag_hub_inst|irf_reg[2][3]                        ; altera_reserved_tck ; altera_reserved_tck ; 100.000      ; -0.081     ; 1.840      ;
; 98.097 ; sld_hub:auto_hub|sld_jtag_hub:\jtag_hub_gen:sld_jtag_hub_inst|clr_reg                            ; sld_hub:auto_hub|sld_jtag_hub:\jtag_hub_gen:sld_jtag_hub_inst|shadow_irf_reg[2][2]                 ; altera_reserved_tck ; altera_reserved_tck ; 100.000      ; -0.081     ; 1.840      ;
; 98.097 ; sld_hub:auto_hub|sld_jtag_hub:\jtag_hub_gen:sld_jtag_hub_inst|clr_reg                            ; sld_hub:auto_hub|sld_jtag_hub:\jtag_hub_gen:sld_jtag_hub_inst|irf_reg[2][2]                        ; altera_reserved_tck ; altera_reserved_tck ; 100.000      ; -0.081     ; 1.840      ;
; 98.097 ; sld_hub:auto_hub|sld_jtag_hub:\jtag_hub_gen:sld_jtag_hub_inst|clr_reg                            ; sld_hub:auto_hub|sld_jtag_hub:\jtag_hub_gen:sld_jtag_hub_inst|shadow_irf_reg[2][1]                 ; altera_reserved_tck ; altera_reserved_tck ; 100.000      ; -0.081     ; 1.840      ;
; 98.097 ; sld_hub:auto_hub|sld_jtag_hub:\jtag_hub_gen:sld_jtag_hub_inst|clr_reg                            ; sld_hub:auto_hub|sld_jtag_hub:\jtag_hub_gen:sld_jtag_hub_inst|irf_reg[2][1]                        ; altera_reserved_tck ; altera_reserved_tck ; 100.000      ; -0.081     ; 1.840      ;
; 98.097 ; sld_hub:auto_hub|sld_jtag_hub:\jtag_hub_gen:sld_jtag_hub_inst|clr_reg                            ; sld_hub:auto_hub|sld_jtag_hub:\jtag_hub_gen:sld_jtag_hub_inst|shadow_irf_reg[2][0]                 ; altera_reserved_tck ; altera_reserved_tck ; 100.000      ; -0.081     ; 1.840      ;
; 98.097 ; sld_hub:auto_hub|sld_jtag_hub:\jtag_hub_gen:sld_jtag_hub_inst|clr_reg                            ; sld_hub:auto_hub|sld_jtag_hub:\jtag_hub_gen:sld_jtag_hub_inst|irf_reg[2][0]                        ; altera_reserved_tck ; altera_reserved_tck ; 100.000      ; -0.081     ; 1.840      ;
; 98.102 ; sld_hub:auto_hub|sld_jtag_hub:\jtag_hub_gen:sld_jtag_hub_inst|clr_reg                            ; SoC:inst|SoC_jtag_uart:jtag_uart|alt_jtag_atlantic:SoC_jtag_uart_alt_jtag_atlantic|read            ; altera_reserved_tck ; altera_reserved_tck ; 100.000      ; -0.090     ; 1.826      ;
; 98.102 ; sld_hub:auto_hub|sld_jtag_hub:\jtag_hub_gen:sld_jtag_hub_inst|clr_reg                            ; SoC:inst|SoC_jtag_uart:jtag_uart|alt_jtag_atlantic:SoC_jtag_uart_alt_jtag_atlantic|read_req        ; altera_reserved_tck ; altera_reserved_tck ; 100.000      ; -0.090     ; 1.826      ;
; 98.109 ; sld_hub:auto_hub|sld_jtag_hub:\jtag_hub_gen:sld_jtag_hub_inst|clr_reg                            ; sld_hub:auto_hub|sld_jtag_hub:\jtag_hub_gen:sld_jtag_hub_inst|shadow_irf_reg[1][4]                 ; altera_reserved_tck ; altera_reserved_tck ; 100.000      ; -0.080     ; 1.829      ;
; 98.109 ; sld_hub:auto_hub|sld_jtag_hub:\jtag_hub_gen:sld_jtag_hub_inst|clr_reg                            ; sld_hub:auto_hub|sld_jtag_hub:\jtag_hub_gen:sld_jtag_hub_inst|irf_reg[1][4]                        ; altera_reserved_tck ; altera_reserved_tck ; 100.000      ; -0.080     ; 1.829      ;
; 98.109 ; sld_hub:auto_hub|sld_jtag_hub:\jtag_hub_gen:sld_jtag_hub_inst|clr_reg                            ; sld_hub:auto_hub|sld_jtag_hub:\jtag_hub_gen:sld_jtag_hub_inst|shadow_irf_reg[1][3]                 ; altera_reserved_tck ; altera_reserved_tck ; 100.000      ; -0.080     ; 1.829      ;
; 98.109 ; sld_hub:auto_hub|sld_jtag_hub:\jtag_hub_gen:sld_jtag_hub_inst|clr_reg                            ; sld_hub:auto_hub|sld_jtag_hub:\jtag_hub_gen:sld_jtag_hub_inst|irf_reg[1][3]                        ; altera_reserved_tck ; altera_reserved_tck ; 100.000      ; -0.080     ; 1.829      ;
; 98.109 ; sld_hub:auto_hub|sld_jtag_hub:\jtag_hub_gen:sld_jtag_hub_inst|clr_reg                            ; sld_hub:auto_hub|sld_jtag_hub:\jtag_hub_gen:sld_jtag_hub_inst|shadow_irf_reg[1][2]                 ; altera_reserved_tck ; altera_reserved_tck ; 100.000      ; -0.080     ; 1.829      ;
; 98.109 ; sld_hub:auto_hub|sld_jtag_hub:\jtag_hub_gen:sld_jtag_hub_inst|clr_reg                            ; sld_hub:auto_hub|sld_jtag_hub:\jtag_hub_gen:sld_jtag_hub_inst|irf_reg[1][2]                        ; altera_reserved_tck ; altera_reserved_tck ; 100.000      ; -0.080     ; 1.829      ;
; 98.109 ; sld_hub:auto_hub|sld_jtag_hub:\jtag_hub_gen:sld_jtag_hub_inst|clr_reg                            ; sld_hub:auto_hub|sld_jtag_hub:\jtag_hub_gen:sld_jtag_hub_inst|shadow_irf_reg[1][1]                 ; altera_reserved_tck ; altera_reserved_tck ; 100.000      ; -0.080     ; 1.829      ;
; 98.109 ; sld_hub:auto_hub|sld_jtag_hub:\jtag_hub_gen:sld_jtag_hub_inst|clr_reg                            ; sld_hub:auto_hub|sld_jtag_hub:\jtag_hub_gen:sld_jtag_hub_inst|shadow_irf_reg[1][0]                 ; altera_reserved_tck ; altera_reserved_tck ; 100.000      ; -0.080     ; 1.829      ;
; 98.109 ; sld_hub:auto_hub|sld_jtag_hub:\jtag_hub_gen:sld_jtag_hub_inst|clr_reg                            ; sld_hub:auto_hub|sld_jtag_hub:\jtag_hub_gen:sld_jtag_hub_inst|irf_reg[1][0]                        ; altera_reserved_tck ; altera_reserved_tck ; 100.000      ; -0.080     ; 1.829      ;
; 98.109 ; sld_hub:auto_hub|sld_jtag_hub:\jtag_hub_gen:sld_jtag_hub_inst|clr_reg                            ; sld_hub:auto_hub|sld_jtag_hub:\jtag_hub_gen:sld_jtag_hub_inst|irf_reg[1][1]                        ; altera_reserved_tck ; altera_reserved_tck ; 100.000      ; -0.080     ; 1.829      ;
; 98.145 ; sld_hub:auto_hub|sld_jtag_hub:\jtag_hub_gen:sld_jtag_hub_inst|clr_reg                            ; sld_hub:auto_hub|sld_jtag_hub:\jtag_hub_gen:sld_jtag_hub_inst|node_ena[1]~reg0                     ; altera_reserved_tck ; altera_reserved_tck ; 100.000      ; -0.078     ; 1.795      ;
; 98.145 ; sld_hub:auto_hub|sld_jtag_hub:\jtag_hub_gen:sld_jtag_hub_inst|clr_reg                            ; sld_hub:auto_hub|sld_jtag_hub:\jtag_hub_gen:sld_jtag_hub_inst|node_ena[2]~reg0                     ; altera_reserved_tck ; altera_reserved_tck ; 100.000      ; -0.078     ; 1.795      ;
; 98.311 ; sld_hub:auto_hub|sld_jtag_hub:\jtag_hub_gen:sld_jtag_hub_inst|sld_shadow_jsm:shadow_jsm|state[0] ; sld_hub:auto_hub|sld_jtag_hub:\jtag_hub_gen:sld_jtag_hub_inst|virtual_ir_scan_reg                  ; altera_reserved_tck ; altera_reserved_tck ; 100.000      ; -0.080     ; 1.627      ;
; 98.311 ; sld_hub:auto_hub|sld_jtag_hub:\jtag_hub_gen:sld_jtag_hub_inst|sld_shadow_jsm:shadow_jsm|state[0] ; sld_hub:auto_hub|sld_jtag_hub:\jtag_hub_gen:sld_jtag_hub_inst|virtual_dr_scan_reg                  ; altera_reserved_tck ; altera_reserved_tck ; 100.000      ; -0.080     ; 1.627      ;
; 98.311 ; sld_hub:auto_hub|sld_jtag_hub:\jtag_hub_gen:sld_jtag_hub_inst|sld_shadow_jsm:shadow_jsm|state[0] ; sld_hub:auto_hub|sld_jtag_hub:\jtag_hub_gen:sld_jtag_hub_inst|jtag_ir_reg[0]                       ; altera_reserved_tck ; altera_reserved_tck ; 100.000      ; -0.080     ; 1.627      ;
; 98.311 ; sld_hub:auto_hub|sld_jtag_hub:\jtag_hub_gen:sld_jtag_hub_inst|sld_shadow_jsm:shadow_jsm|state[0] ; sld_hub:auto_hub|sld_jtag_hub:\jtag_hub_gen:sld_jtag_hub_inst|jtag_ir_reg[9]                       ; altera_reserved_tck ; altera_reserved_tck ; 100.000      ; -0.080     ; 1.627      ;
; 98.311 ; sld_hub:auto_hub|sld_jtag_hub:\jtag_hub_gen:sld_jtag_hub_inst|sld_shadow_jsm:shadow_jsm|state[0] ; sld_hub:auto_hub|sld_jtag_hub:\jtag_hub_gen:sld_jtag_hub_inst|jtag_ir_reg[8]                       ; altera_reserved_tck ; altera_reserved_tck ; 100.000      ; -0.080     ; 1.627      ;
; 98.311 ; sld_hub:auto_hub|sld_jtag_hub:\jtag_hub_gen:sld_jtag_hub_inst|sld_shadow_jsm:shadow_jsm|state[0] ; sld_hub:auto_hub|sld_jtag_hub:\jtag_hub_gen:sld_jtag_hub_inst|jtag_ir_reg[7]                       ; altera_reserved_tck ; altera_reserved_tck ; 100.000      ; -0.080     ; 1.627      ;
; 98.311 ; sld_hub:auto_hub|sld_jtag_hub:\jtag_hub_gen:sld_jtag_hub_inst|sld_shadow_jsm:shadow_jsm|state[0] ; sld_hub:auto_hub|sld_jtag_hub:\jtag_hub_gen:sld_jtag_hub_inst|jtag_ir_reg[6]                       ; altera_reserved_tck ; altera_reserved_tck ; 100.000      ; -0.080     ; 1.627      ;
; 98.311 ; sld_hub:auto_hub|sld_jtag_hub:\jtag_hub_gen:sld_jtag_hub_inst|sld_shadow_jsm:shadow_jsm|state[0] ; sld_hub:auto_hub|sld_jtag_hub:\jtag_hub_gen:sld_jtag_hub_inst|jtag_ir_reg[5]                       ; altera_reserved_tck ; altera_reserved_tck ; 100.000      ; -0.080     ; 1.627      ;
; 98.311 ; sld_hub:auto_hub|sld_jtag_hub:\jtag_hub_gen:sld_jtag_hub_inst|sld_shadow_jsm:shadow_jsm|state[0] ; sld_hub:auto_hub|sld_jtag_hub:\jtag_hub_gen:sld_jtag_hub_inst|jtag_ir_reg[4]                       ; altera_reserved_tck ; altera_reserved_tck ; 100.000      ; -0.080     ; 1.627      ;
; 98.311 ; sld_hub:auto_hub|sld_jtag_hub:\jtag_hub_gen:sld_jtag_hub_inst|sld_shadow_jsm:shadow_jsm|state[0] ; sld_hub:auto_hub|sld_jtag_hub:\jtag_hub_gen:sld_jtag_hub_inst|jtag_ir_reg[3]                       ; altera_reserved_tck ; altera_reserved_tck ; 100.000      ; -0.080     ; 1.627      ;
; 98.311 ; sld_hub:auto_hub|sld_jtag_hub:\jtag_hub_gen:sld_jtag_hub_inst|sld_shadow_jsm:shadow_jsm|state[0] ; sld_hub:auto_hub|sld_jtag_hub:\jtag_hub_gen:sld_jtag_hub_inst|jtag_ir_reg[2]                       ; altera_reserved_tck ; altera_reserved_tck ; 100.000      ; -0.080     ; 1.627      ;
; 98.311 ; sld_hub:auto_hub|sld_jtag_hub:\jtag_hub_gen:sld_jtag_hub_inst|sld_shadow_jsm:shadow_jsm|state[0] ; sld_hub:auto_hub|sld_jtag_hub:\jtag_hub_gen:sld_jtag_hub_inst|jtag_ir_reg[1]                       ; altera_reserved_tck ; altera_reserved_tck ; 100.000      ; -0.080     ; 1.627      ;
+--------+--------------------------------------------------------------------------------------------------+----------------------------------------------------------------------------------------------------+---------------------+---------------------+--------------+------------+------------+


+-----------------------------------------------------------------------------------------------------------------------------------------------------------------------------------------------------------------------------------------------------------------------------------------------------+
; Slow 1200mV 85C Model Removal: 'altera_reserved_tck'                                                                                                                                                                                                                                                ;
+--------+--------------------------------------------------------------------------------------------------+----------------------------------------------------------------------------------------------------+---------------------+---------------------+--------------+------------+------------+
; Slack  ; From Node                                                                                        ; To Node                                                                                            ; Launch Clock        ; Latch Clock         ; Relationship ; Clock Skew ; Data Delay ;
+--------+--------------------------------------------------------------------------------------------------+----------------------------------------------------------------------------------------------------+---------------------+---------------------+--------------+------------+------------+
; 1.213  ; sld_hub:auto_hub|sld_jtag_hub:\jtag_hub_gen:sld_jtag_hub_inst|sld_shadow_jsm:shadow_jsm|state[0] ; sld_hub:auto_hub|sld_jtag_hub:\jtag_hub_gen:sld_jtag_hub_inst|virtual_ir_scan_reg                  ; altera_reserved_tck ; altera_reserved_tck ; 0.000        ; 0.078      ; 1.477      ;
; 1.213  ; sld_hub:auto_hub|sld_jtag_hub:\jtag_hub_gen:sld_jtag_hub_inst|sld_shadow_jsm:shadow_jsm|state[0] ; sld_hub:auto_hub|sld_jtag_hub:\jtag_hub_gen:sld_jtag_hub_inst|virtual_dr_scan_reg                  ; altera_reserved_tck ; altera_reserved_tck ; 0.000        ; 0.078      ; 1.477      ;
; 1.213  ; sld_hub:auto_hub|sld_jtag_hub:\jtag_hub_gen:sld_jtag_hub_inst|sld_shadow_jsm:shadow_jsm|state[0] ; sld_hub:auto_hub|sld_jtag_hub:\jtag_hub_gen:sld_jtag_hub_inst|jtag_ir_reg[0]                       ; altera_reserved_tck ; altera_reserved_tck ; 0.000        ; 0.078      ; 1.477      ;
; 1.213  ; sld_hub:auto_hub|sld_jtag_hub:\jtag_hub_gen:sld_jtag_hub_inst|sld_shadow_jsm:shadow_jsm|state[0] ; sld_hub:auto_hub|sld_jtag_hub:\jtag_hub_gen:sld_jtag_hub_inst|jtag_ir_reg[9]                       ; altera_reserved_tck ; altera_reserved_tck ; 0.000        ; 0.078      ; 1.477      ;
; 1.213  ; sld_hub:auto_hub|sld_jtag_hub:\jtag_hub_gen:sld_jtag_hub_inst|sld_shadow_jsm:shadow_jsm|state[0] ; sld_hub:auto_hub|sld_jtag_hub:\jtag_hub_gen:sld_jtag_hub_inst|jtag_ir_reg[8]                       ; altera_reserved_tck ; altera_reserved_tck ; 0.000        ; 0.078      ; 1.477      ;
; 1.213  ; sld_hub:auto_hub|sld_jtag_hub:\jtag_hub_gen:sld_jtag_hub_inst|sld_shadow_jsm:shadow_jsm|state[0] ; sld_hub:auto_hub|sld_jtag_hub:\jtag_hub_gen:sld_jtag_hub_inst|jtag_ir_reg[7]                       ; altera_reserved_tck ; altera_reserved_tck ; 0.000        ; 0.078      ; 1.477      ;
; 1.213  ; sld_hub:auto_hub|sld_jtag_hub:\jtag_hub_gen:sld_jtag_hub_inst|sld_shadow_jsm:shadow_jsm|state[0] ; sld_hub:auto_hub|sld_jtag_hub:\jtag_hub_gen:sld_jtag_hub_inst|jtag_ir_reg[6]                       ; altera_reserved_tck ; altera_reserved_tck ; 0.000        ; 0.078      ; 1.477      ;
; 1.213  ; sld_hub:auto_hub|sld_jtag_hub:\jtag_hub_gen:sld_jtag_hub_inst|sld_shadow_jsm:shadow_jsm|state[0] ; sld_hub:auto_hub|sld_jtag_hub:\jtag_hub_gen:sld_jtag_hub_inst|jtag_ir_reg[5]                       ; altera_reserved_tck ; altera_reserved_tck ; 0.000        ; 0.078      ; 1.477      ;
; 1.213  ; sld_hub:auto_hub|sld_jtag_hub:\jtag_hub_gen:sld_jtag_hub_inst|sld_shadow_jsm:shadow_jsm|state[0] ; sld_hub:auto_hub|sld_jtag_hub:\jtag_hub_gen:sld_jtag_hub_inst|jtag_ir_reg[4]                       ; altera_reserved_tck ; altera_reserved_tck ; 0.000        ; 0.078      ; 1.477      ;
; 1.213  ; sld_hub:auto_hub|sld_jtag_hub:\jtag_hub_gen:sld_jtag_hub_inst|sld_shadow_jsm:shadow_jsm|state[0] ; sld_hub:auto_hub|sld_jtag_hub:\jtag_hub_gen:sld_jtag_hub_inst|jtag_ir_reg[3]                       ; altera_reserved_tck ; altera_reserved_tck ; 0.000        ; 0.078      ; 1.477      ;
; 1.213  ; sld_hub:auto_hub|sld_jtag_hub:\jtag_hub_gen:sld_jtag_hub_inst|sld_shadow_jsm:shadow_jsm|state[0] ; sld_hub:auto_hub|sld_jtag_hub:\jtag_hub_gen:sld_jtag_hub_inst|jtag_ir_reg[2]                       ; altera_reserved_tck ; altera_reserved_tck ; 0.000        ; 0.078      ; 1.477      ;
; 1.213  ; sld_hub:auto_hub|sld_jtag_hub:\jtag_hub_gen:sld_jtag_hub_inst|sld_shadow_jsm:shadow_jsm|state[0] ; sld_hub:auto_hub|sld_jtag_hub:\jtag_hub_gen:sld_jtag_hub_inst|jtag_ir_reg[1]                       ; altera_reserved_tck ; altera_reserved_tck ; 0.000        ; 0.078      ; 1.477      ;
; 1.399  ; sld_hub:auto_hub|sld_jtag_hub:\jtag_hub_gen:sld_jtag_hub_inst|clr_reg                            ; sld_hub:auto_hub|sld_jtag_hub:\jtag_hub_gen:sld_jtag_hub_inst|node_ena[1]~reg0                     ; altera_reserved_tck ; altera_reserved_tck ; 0.000        ; 0.080      ; 1.665      ;
; 1.399  ; sld_hub:auto_hub|sld_jtag_hub:\jtag_hub_gen:sld_jtag_hub_inst|clr_reg                            ; sld_hub:auto_hub|sld_jtag_hub:\jtag_hub_gen:sld_jtag_hub_inst|node_ena[2]~reg0                     ; altera_reserved_tck ; altera_reserved_tck ; 0.000        ; 0.080      ; 1.665      ;
; 1.422  ; sld_hub:auto_hub|sld_jtag_hub:\jtag_hub_gen:sld_jtag_hub_inst|clr_reg                            ; sld_hub:auto_hub|sld_jtag_hub:\jtag_hub_gen:sld_jtag_hub_inst|shadow_irf_reg[1][4]                 ; altera_reserved_tck ; altera_reserved_tck ; 0.000        ; 0.078      ; 1.686      ;
; 1.422  ; sld_hub:auto_hub|sld_jtag_hub:\jtag_hub_gen:sld_jtag_hub_inst|clr_reg                            ; sld_hub:auto_hub|sld_jtag_hub:\jtag_hub_gen:sld_jtag_hub_inst|irf_reg[1][4]                        ; altera_reserved_tck ; altera_reserved_tck ; 0.000        ; 0.078      ; 1.686      ;
; 1.422  ; sld_hub:auto_hub|sld_jtag_hub:\jtag_hub_gen:sld_jtag_hub_inst|clr_reg                            ; sld_hub:auto_hub|sld_jtag_hub:\jtag_hub_gen:sld_jtag_hub_inst|shadow_irf_reg[1][3]                 ; altera_reserved_tck ; altera_reserved_tck ; 0.000        ; 0.078      ; 1.686      ;
; 1.422  ; sld_hub:auto_hub|sld_jtag_hub:\jtag_hub_gen:sld_jtag_hub_inst|clr_reg                            ; sld_hub:auto_hub|sld_jtag_hub:\jtag_hub_gen:sld_jtag_hub_inst|irf_reg[1][3]                        ; altera_reserved_tck ; altera_reserved_tck ; 0.000        ; 0.078      ; 1.686      ;
; 1.422  ; sld_hub:auto_hub|sld_jtag_hub:\jtag_hub_gen:sld_jtag_hub_inst|clr_reg                            ; sld_hub:auto_hub|sld_jtag_hub:\jtag_hub_gen:sld_jtag_hub_inst|shadow_irf_reg[1][2]                 ; altera_reserved_tck ; altera_reserved_tck ; 0.000        ; 0.078      ; 1.686      ;
; 1.422  ; sld_hub:auto_hub|sld_jtag_hub:\jtag_hub_gen:sld_jtag_hub_inst|clr_reg                            ; sld_hub:auto_hub|sld_jtag_hub:\jtag_hub_gen:sld_jtag_hub_inst|irf_reg[1][2]                        ; altera_reserved_tck ; altera_reserved_tck ; 0.000        ; 0.078      ; 1.686      ;
; 1.422  ; sld_hub:auto_hub|sld_jtag_hub:\jtag_hub_gen:sld_jtag_hub_inst|clr_reg                            ; sld_hub:auto_hub|sld_jtag_hub:\jtag_hub_gen:sld_jtag_hub_inst|shadow_irf_reg[1][1]                 ; altera_reserved_tck ; altera_reserved_tck ; 0.000        ; 0.078      ; 1.686      ;
; 1.422  ; sld_hub:auto_hub|sld_jtag_hub:\jtag_hub_gen:sld_jtag_hub_inst|clr_reg                            ; sld_hub:auto_hub|sld_jtag_hub:\jtag_hub_gen:sld_jtag_hub_inst|shadow_irf_reg[1][0]                 ; altera_reserved_tck ; altera_reserved_tck ; 0.000        ; 0.078      ; 1.686      ;
; 1.422  ; sld_hub:auto_hub|sld_jtag_hub:\jtag_hub_gen:sld_jtag_hub_inst|clr_reg                            ; sld_hub:auto_hub|sld_jtag_hub:\jtag_hub_gen:sld_jtag_hub_inst|irf_reg[1][0]                        ; altera_reserved_tck ; altera_reserved_tck ; 0.000        ; 0.078      ; 1.686      ;
; 1.422  ; sld_hub:auto_hub|sld_jtag_hub:\jtag_hub_gen:sld_jtag_hub_inst|clr_reg                            ; sld_hub:auto_hub|sld_jtag_hub:\jtag_hub_gen:sld_jtag_hub_inst|irf_reg[1][1]                        ; altera_reserved_tck ; altera_reserved_tck ; 0.000        ; 0.078      ; 1.686      ;
; 1.432  ; sld_hub:auto_hub|sld_jtag_hub:\jtag_hub_gen:sld_jtag_hub_inst|clr_reg                            ; sld_hub:auto_hub|sld_jtag_hub:\jtag_hub_gen:sld_jtag_hub_inst|shadow_irf_reg[2][4]                 ; altera_reserved_tck ; altera_reserved_tck ; 0.000        ; 0.077      ; 1.695      ;
; 1.432  ; sld_hub:auto_hub|sld_jtag_hub:\jtag_hub_gen:sld_jtag_hub_inst|clr_reg                            ; sld_hub:auto_hub|sld_jtag_hub:\jtag_hub_gen:sld_jtag_hub_inst|irf_reg[2][4]                        ; altera_reserved_tck ; altera_reserved_tck ; 0.000        ; 0.077      ; 1.695      ;
; 1.432  ; sld_hub:auto_hub|sld_jtag_hub:\jtag_hub_gen:sld_jtag_hub_inst|clr_reg                            ; sld_hub:auto_hub|sld_jtag_hub:\jtag_hub_gen:sld_jtag_hub_inst|shadow_irf_reg[2][3]                 ; altera_reserved_tck ; altera_reserved_tck ; 0.000        ; 0.077      ; 1.695      ;
; 1.432  ; sld_hub:auto_hub|sld_jtag_hub:\jtag_hub_gen:sld_jtag_hub_inst|clr_reg                            ; sld_hub:auto_hub|sld_jtag_hub:\jtag_hub_gen:sld_jtag_hub_inst|irf_reg[2][3]                        ; altera_reserved_tck ; altera_reserved_tck ; 0.000        ; 0.077      ; 1.695      ;
; 1.432  ; sld_hub:auto_hub|sld_jtag_hub:\jtag_hub_gen:sld_jtag_hub_inst|clr_reg                            ; sld_hub:auto_hub|sld_jtag_hub:\jtag_hub_gen:sld_jtag_hub_inst|shadow_irf_reg[2][2]                 ; altera_reserved_tck ; altera_reserved_tck ; 0.000        ; 0.077      ; 1.695      ;
; 1.432  ; sld_hub:auto_hub|sld_jtag_hub:\jtag_hub_gen:sld_jtag_hub_inst|clr_reg                            ; sld_hub:auto_hub|sld_jtag_hub:\jtag_hub_gen:sld_jtag_hub_inst|irf_reg[2][2]                        ; altera_reserved_tck ; altera_reserved_tck ; 0.000        ; 0.077      ; 1.695      ;
; 1.432  ; sld_hub:auto_hub|sld_jtag_hub:\jtag_hub_gen:sld_jtag_hub_inst|clr_reg                            ; sld_hub:auto_hub|sld_jtag_hub:\jtag_hub_gen:sld_jtag_hub_inst|shadow_irf_reg[2][1]                 ; altera_reserved_tck ; altera_reserved_tck ; 0.000        ; 0.077      ; 1.695      ;
; 1.432  ; sld_hub:auto_hub|sld_jtag_hub:\jtag_hub_gen:sld_jtag_hub_inst|clr_reg                            ; sld_hub:auto_hub|sld_jtag_hub:\jtag_hub_gen:sld_jtag_hub_inst|irf_reg[2][1]                        ; altera_reserved_tck ; altera_reserved_tck ; 0.000        ; 0.077      ; 1.695      ;
; 1.432  ; sld_hub:auto_hub|sld_jtag_hub:\jtag_hub_gen:sld_jtag_hub_inst|clr_reg                            ; sld_hub:auto_hub|sld_jtag_hub:\jtag_hub_gen:sld_jtag_hub_inst|shadow_irf_reg[2][0]                 ; altera_reserved_tck ; altera_reserved_tck ; 0.000        ; 0.077      ; 1.695      ;
; 1.432  ; sld_hub:auto_hub|sld_jtag_hub:\jtag_hub_gen:sld_jtag_hub_inst|clr_reg                            ; sld_hub:auto_hub|sld_jtag_hub:\jtag_hub_gen:sld_jtag_hub_inst|irf_reg[2][0]                        ; altera_reserved_tck ; altera_reserved_tck ; 0.000        ; 0.077      ; 1.695      ;
; 1.453  ; sld_hub:auto_hub|sld_jtag_hub:\jtag_hub_gen:sld_jtag_hub_inst|clr_reg                            ; SoC:inst|SoC_jtag_uart:jtag_uart|alt_jtag_atlantic:SoC_jtag_uart_alt_jtag_atlantic|read            ; altera_reserved_tck ; altera_reserved_tck ; 0.000        ; 0.067      ; 1.706      ;
; 1.453  ; sld_hub:auto_hub|sld_jtag_hub:\jtag_hub_gen:sld_jtag_hub_inst|clr_reg                            ; SoC:inst|SoC_jtag_uart:jtag_uart|alt_jtag_atlantic:SoC_jtag_uart_alt_jtag_atlantic|read_req        ; altera_reserved_tck ; altera_reserved_tck ; 0.000        ; 0.067      ; 1.706      ;
; 1.517  ; sld_hub:auto_hub|sld_jtag_hub:\jtag_hub_gen:sld_jtag_hub_inst|clr_reg                            ; sld_hub:auto_hub|sld_jtag_hub:\jtag_hub_gen:sld_jtag_hub_inst|hub_mode_reg[0]                      ; altera_reserved_tck ; altera_reserved_tck ; 0.000        ; 0.074      ; 1.777      ;
; 1.517  ; sld_hub:auto_hub|sld_jtag_hub:\jtag_hub_gen:sld_jtag_hub_inst|clr_reg                            ; sld_hub:auto_hub|sld_jtag_hub:\jtag_hub_gen:sld_jtag_hub_inst|irsr_reg[5]                          ; altera_reserved_tck ; altera_reserved_tck ; 0.000        ; 0.074      ; 1.777      ;
; 1.517  ; sld_hub:auto_hub|sld_jtag_hub:\jtag_hub_gen:sld_jtag_hub_inst|clr_reg                            ; sld_hub:auto_hub|sld_jtag_hub:\jtag_hub_gen:sld_jtag_hub_inst|irsr_reg[2]                          ; altera_reserved_tck ; altera_reserved_tck ; 0.000        ; 0.074      ; 1.777      ;
; 1.517  ; sld_hub:auto_hub|sld_jtag_hub:\jtag_hub_gen:sld_jtag_hub_inst|clr_reg                            ; sld_hub:auto_hub|sld_jtag_hub:\jtag_hub_gen:sld_jtag_hub_inst|irsr_reg[4]                          ; altera_reserved_tck ; altera_reserved_tck ; 0.000        ; 0.074      ; 1.777      ;
; 1.517  ; sld_hub:auto_hub|sld_jtag_hub:\jtag_hub_gen:sld_jtag_hub_inst|clr_reg                            ; sld_hub:auto_hub|sld_jtag_hub:\jtag_hub_gen:sld_jtag_hub_inst|irsr_reg[1]                          ; altera_reserved_tck ; altera_reserved_tck ; 0.000        ; 0.074      ; 1.777      ;
; 1.517  ; sld_hub:auto_hub|sld_jtag_hub:\jtag_hub_gen:sld_jtag_hub_inst|clr_reg                            ; sld_hub:auto_hub|sld_jtag_hub:\jtag_hub_gen:sld_jtag_hub_inst|irsr_reg[0]                          ; altera_reserved_tck ; altera_reserved_tck ; 0.000        ; 0.074      ; 1.777      ;
; 1.517  ; sld_hub:auto_hub|sld_jtag_hub:\jtag_hub_gen:sld_jtag_hub_inst|clr_reg                            ; sld_hub:auto_hub|sld_jtag_hub:\jtag_hub_gen:sld_jtag_hub_inst|irsr_reg[3]                          ; altera_reserved_tck ; altera_reserved_tck ; 0.000        ; 0.074      ; 1.777      ;
; 1.817  ; sld_hub:auto_hub|sld_jtag_hub:\jtag_hub_gen:sld_jtag_hub_inst|virtual_ir_scan_reg                ; sld_hub:auto_hub|sld_jtag_hub:\jtag_hub_gen:sld_jtag_hub_inst|hub_mode_reg[2]                      ; altera_reserved_tck ; altera_reserved_tck ; 0.000        ; 0.075      ; 2.078      ;
; 1.823  ; sld_hub:auto_hub|sld_jtag_hub:\jtag_hub_gen:sld_jtag_hub_inst|clr_reg                            ; sld_hub:auto_hub|sld_jtag_hub:\jtag_hub_gen:sld_jtag_hub_inst|irsr_reg[6]                          ; altera_reserved_tck ; altera_reserved_tck ; 0.000        ; 0.075      ; 2.084      ;
; 2.000  ; sld_hub:auto_hub|sld_jtag_hub:\jtag_hub_gen:sld_jtag_hub_inst|clr_reg                            ; SoC:inst|SoC_jtag_uart:jtag_uart|alt_jtag_atlantic:SoC_jtag_uart_alt_jtag_atlantic|state           ; altera_reserved_tck ; altera_reserved_tck ; 0.000        ; 0.073      ; 2.259      ;
; 2.044  ; sld_hub:auto_hub|sld_jtag_hub:\jtag_hub_gen:sld_jtag_hub_inst|clr_reg                            ; sld_hub:auto_hub|sld_jtag_hub:\jtag_hub_gen:sld_jtag_hub_inst|hub_mode_reg[1]                      ; altera_reserved_tck ; altera_reserved_tck ; 0.000        ; 0.079      ; 2.309      ;
; 2.105  ; sld_hub:auto_hub|sld_jtag_hub:\jtag_hub_gen:sld_jtag_hub_inst|clr_reg                            ; SoC:inst|SoC_jtag_uart:jtag_uart|alt_jtag_atlantic:SoC_jtag_uart_alt_jtag_atlantic|write_stalled   ; altera_reserved_tck ; altera_reserved_tck ; 0.000        ; 0.061      ; 2.352      ;
; 2.105  ; sld_hub:auto_hub|sld_jtag_hub:\jtag_hub_gen:sld_jtag_hub_inst|clr_reg                            ; SoC:inst|SoC_jtag_uart:jtag_uart|alt_jtag_atlantic:SoC_jtag_uart_alt_jtag_atlantic|write_valid     ; altera_reserved_tck ; altera_reserved_tck ; 0.000        ; 0.061      ; 2.352      ;
; 2.105  ; sld_hub:auto_hub|sld_jtag_hub:\jtag_hub_gen:sld_jtag_hub_inst|clr_reg                            ; SoC:inst|SoC_jtag_uart:jtag_uart|alt_jtag_atlantic:SoC_jtag_uart_alt_jtag_atlantic|wdata[0]        ; altera_reserved_tck ; altera_reserved_tck ; 0.000        ; 0.061      ; 2.352      ;
; 2.105  ; sld_hub:auto_hub|sld_jtag_hub:\jtag_hub_gen:sld_jtag_hub_inst|clr_reg                            ; SoC:inst|SoC_jtag_uart:jtag_uart|alt_jtag_atlantic:SoC_jtag_uart_alt_jtag_atlantic|tck_t_dav       ; altera_reserved_tck ; altera_reserved_tck ; 0.000        ; 0.061      ; 2.352      ;
; 2.128  ; sld_hub:auto_hub|sld_jtag_hub:\jtag_hub_gen:sld_jtag_hub_inst|clr_reg                            ; SoC:inst|SoC_jtag_uart:jtag_uart|alt_jtag_atlantic:SoC_jtag_uart_alt_jtag_atlantic|td_shift[10]    ; altera_reserved_tck ; altera_reserved_tck ; 0.000        ; 0.060      ; 2.374      ;
; 2.128  ; sld_hub:auto_hub|sld_jtag_hub:\jtag_hub_gen:sld_jtag_hub_inst|clr_reg                            ; SoC:inst|SoC_jtag_uart:jtag_uart|alt_jtag_atlantic:SoC_jtag_uart_alt_jtag_atlantic|td_shift[9]     ; altera_reserved_tck ; altera_reserved_tck ; 0.000        ; 0.060      ; 2.374      ;
; 2.128  ; sld_hub:auto_hub|sld_jtag_hub:\jtag_hub_gen:sld_jtag_hub_inst|clr_reg                            ; SoC:inst|SoC_jtag_uart:jtag_uart|alt_jtag_atlantic:SoC_jtag_uart_alt_jtag_atlantic|td_shift[1]     ; altera_reserved_tck ; altera_reserved_tck ; 0.000        ; 0.060      ; 2.374      ;
; 2.128  ; sld_hub:auto_hub|sld_jtag_hub:\jtag_hub_gen:sld_jtag_hub_inst|clr_reg                            ; SoC:inst|SoC_jtag_uart:jtag_uart|alt_jtag_atlantic:SoC_jtag_uart_alt_jtag_atlantic|td_shift[2]     ; altera_reserved_tck ; altera_reserved_tck ; 0.000        ; 0.060      ; 2.374      ;
; 2.128  ; sld_hub:auto_hub|sld_jtag_hub:\jtag_hub_gen:sld_jtag_hub_inst|clr_reg                            ; SoC:inst|SoC_jtag_uart:jtag_uart|alt_jtag_atlantic:SoC_jtag_uart_alt_jtag_atlantic|td_shift[3]     ; altera_reserved_tck ; altera_reserved_tck ; 0.000        ; 0.060      ; 2.374      ;
; 2.128  ; sld_hub:auto_hub|sld_jtag_hub:\jtag_hub_gen:sld_jtag_hub_inst|clr_reg                            ; SoC:inst|SoC_jtag_uart:jtag_uart|alt_jtag_atlantic:SoC_jtag_uart_alt_jtag_atlantic|td_shift[4]     ; altera_reserved_tck ; altera_reserved_tck ; 0.000        ; 0.060      ; 2.374      ;
; 2.128  ; sld_hub:auto_hub|sld_jtag_hub:\jtag_hub_gen:sld_jtag_hub_inst|clr_reg                            ; SoC:inst|SoC_jtag_uart:jtag_uart|alt_jtag_atlantic:SoC_jtag_uart_alt_jtag_atlantic|td_shift[5]     ; altera_reserved_tck ; altera_reserved_tck ; 0.000        ; 0.060      ; 2.374      ;
; 2.128  ; sld_hub:auto_hub|sld_jtag_hub:\jtag_hub_gen:sld_jtag_hub_inst|clr_reg                            ; SoC:inst|SoC_jtag_uart:jtag_uart|alt_jtag_atlantic:SoC_jtag_uart_alt_jtag_atlantic|td_shift[6]     ; altera_reserved_tck ; altera_reserved_tck ; 0.000        ; 0.060      ; 2.374      ;
; 2.128  ; sld_hub:auto_hub|sld_jtag_hub:\jtag_hub_gen:sld_jtag_hub_inst|clr_reg                            ; SoC:inst|SoC_jtag_uart:jtag_uart|alt_jtag_atlantic:SoC_jtag_uart_alt_jtag_atlantic|td_shift[7]     ; altera_reserved_tck ; altera_reserved_tck ; 0.000        ; 0.060      ; 2.374      ;
; 2.128  ; sld_hub:auto_hub|sld_jtag_hub:\jtag_hub_gen:sld_jtag_hub_inst|clr_reg                            ; SoC:inst|SoC_jtag_uart:jtag_uart|alt_jtag_atlantic:SoC_jtag_uart_alt_jtag_atlantic|td_shift[8]     ; altera_reserved_tck ; altera_reserved_tck ; 0.000        ; 0.060      ; 2.374      ;
; 2.133  ; sld_hub:auto_hub|sld_jtag_hub:\jtag_hub_gen:sld_jtag_hub_inst|clr_reg                            ; SoC:inst|SoC_jtag_uart:jtag_uart|alt_jtag_atlantic:SoC_jtag_uart_alt_jtag_atlantic|wdata[7]        ; altera_reserved_tck ; altera_reserved_tck ; 0.000        ; 0.061      ; 2.380      ;
; 2.133  ; sld_hub:auto_hub|sld_jtag_hub:\jtag_hub_gen:sld_jtag_hub_inst|clr_reg                            ; SoC:inst|SoC_jtag_uart:jtag_uart|alt_jtag_atlantic:SoC_jtag_uart_alt_jtag_atlantic|wdata[6]        ; altera_reserved_tck ; altera_reserved_tck ; 0.000        ; 0.061      ; 2.380      ;
; 2.133  ; sld_hub:auto_hub|sld_jtag_hub:\jtag_hub_gen:sld_jtag_hub_inst|clr_reg                            ; SoC:inst|SoC_jtag_uart:jtag_uart|alt_jtag_atlantic:SoC_jtag_uart_alt_jtag_atlantic|wdata[5]        ; altera_reserved_tck ; altera_reserved_tck ; 0.000        ; 0.061      ; 2.380      ;
; 2.133  ; sld_hub:auto_hub|sld_jtag_hub:\jtag_hub_gen:sld_jtag_hub_inst|clr_reg                            ; SoC:inst|SoC_jtag_uart:jtag_uart|alt_jtag_atlantic:SoC_jtag_uart_alt_jtag_atlantic|write           ; altera_reserved_tck ; altera_reserved_tck ; 0.000        ; 0.061      ; 2.380      ;
; 2.133  ; sld_hub:auto_hub|sld_jtag_hub:\jtag_hub_gen:sld_jtag_hub_inst|clr_reg                            ; SoC:inst|SoC_jtag_uart:jtag_uart|alt_jtag_atlantic:SoC_jtag_uart_alt_jtag_atlantic|wdata[4]        ; altera_reserved_tck ; altera_reserved_tck ; 0.000        ; 0.061      ; 2.380      ;
; 2.133  ; sld_hub:auto_hub|sld_jtag_hub:\jtag_hub_gen:sld_jtag_hub_inst|clr_reg                            ; SoC:inst|SoC_jtag_uart:jtag_uart|alt_jtag_atlantic:SoC_jtag_uart_alt_jtag_atlantic|wdata[3]        ; altera_reserved_tck ; altera_reserved_tck ; 0.000        ; 0.061      ; 2.380      ;
; 2.133  ; sld_hub:auto_hub|sld_jtag_hub:\jtag_hub_gen:sld_jtag_hub_inst|clr_reg                            ; SoC:inst|SoC_jtag_uart:jtag_uart|alt_jtag_atlantic:SoC_jtag_uart_alt_jtag_atlantic|wdata[2]        ; altera_reserved_tck ; altera_reserved_tck ; 0.000        ; 0.061      ; 2.380      ;
; 2.133  ; sld_hub:auto_hub|sld_jtag_hub:\jtag_hub_gen:sld_jtag_hub_inst|clr_reg                            ; SoC:inst|SoC_jtag_uart:jtag_uart|alt_jtag_atlantic:SoC_jtag_uart_alt_jtag_atlantic|wdata[1]        ; altera_reserved_tck ; altera_reserved_tck ; 0.000        ; 0.061      ; 2.380      ;
; 2.145  ; sld_hub:auto_hub|sld_jtag_hub:\jtag_hub_gen:sld_jtag_hub_inst|clr_reg                            ; SoC:inst|SoC_jtag_uart:jtag_uart|alt_jtag_atlantic:SoC_jtag_uart_alt_jtag_atlantic|count[8]        ; altera_reserved_tck ; altera_reserved_tck ; 0.000        ; 0.053      ; 2.384      ;
; 2.145  ; sld_hub:auto_hub|sld_jtag_hub:\jtag_hub_gen:sld_jtag_hub_inst|clr_reg                            ; SoC:inst|SoC_jtag_uart:jtag_uart|alt_jtag_atlantic:SoC_jtag_uart_alt_jtag_atlantic|count[7]        ; altera_reserved_tck ; altera_reserved_tck ; 0.000        ; 0.053      ; 2.384      ;
; 2.145  ; sld_hub:auto_hub|sld_jtag_hub:\jtag_hub_gen:sld_jtag_hub_inst|clr_reg                            ; SoC:inst|SoC_jtag_uart:jtag_uart|alt_jtag_atlantic:SoC_jtag_uart_alt_jtag_atlantic|count[6]        ; altera_reserved_tck ; altera_reserved_tck ; 0.000        ; 0.053      ; 2.384      ;
; 2.145  ; sld_hub:auto_hub|sld_jtag_hub:\jtag_hub_gen:sld_jtag_hub_inst|clr_reg                            ; SoC:inst|SoC_jtag_uart:jtag_uart|alt_jtag_atlantic:SoC_jtag_uart_alt_jtag_atlantic|count[5]        ; altera_reserved_tck ; altera_reserved_tck ; 0.000        ; 0.053      ; 2.384      ;
; 2.145  ; sld_hub:auto_hub|sld_jtag_hub:\jtag_hub_gen:sld_jtag_hub_inst|clr_reg                            ; SoC:inst|SoC_jtag_uart:jtag_uart|alt_jtag_atlantic:SoC_jtag_uart_alt_jtag_atlantic|count[4]        ; altera_reserved_tck ; altera_reserved_tck ; 0.000        ; 0.053      ; 2.384      ;
; 2.145  ; sld_hub:auto_hub|sld_jtag_hub:\jtag_hub_gen:sld_jtag_hub_inst|clr_reg                            ; SoC:inst|SoC_jtag_uart:jtag_uart|alt_jtag_atlantic:SoC_jtag_uart_alt_jtag_atlantic|count[3]        ; altera_reserved_tck ; altera_reserved_tck ; 0.000        ; 0.053      ; 2.384      ;
; 2.145  ; sld_hub:auto_hub|sld_jtag_hub:\jtag_hub_gen:sld_jtag_hub_inst|clr_reg                            ; SoC:inst|SoC_jtag_uart:jtag_uart|alt_jtag_atlantic:SoC_jtag_uart_alt_jtag_atlantic|count[2]        ; altera_reserved_tck ; altera_reserved_tck ; 0.000        ; 0.053      ; 2.384      ;
; 2.145  ; sld_hub:auto_hub|sld_jtag_hub:\jtag_hub_gen:sld_jtag_hub_inst|clr_reg                            ; SoC:inst|SoC_jtag_uart:jtag_uart|alt_jtag_atlantic:SoC_jtag_uart_alt_jtag_atlantic|count[1]        ; altera_reserved_tck ; altera_reserved_tck ; 0.000        ; 0.053      ; 2.384      ;
; 2.145  ; sld_hub:auto_hub|sld_jtag_hub:\jtag_hub_gen:sld_jtag_hub_inst|clr_reg                            ; SoC:inst|SoC_jtag_uart:jtag_uart|alt_jtag_atlantic:SoC_jtag_uart_alt_jtag_atlantic|count[0]        ; altera_reserved_tck ; altera_reserved_tck ; 0.000        ; 0.053      ; 2.384      ;
; 2.145  ; sld_hub:auto_hub|sld_jtag_hub:\jtag_hub_gen:sld_jtag_hub_inst|clr_reg                            ; SoC:inst|SoC_jtag_uart:jtag_uart|alt_jtag_atlantic:SoC_jtag_uart_alt_jtag_atlantic|count[9]        ; altera_reserved_tck ; altera_reserved_tck ; 0.000        ; 0.053      ; 2.384      ;
; 2.145  ; sld_hub:auto_hub|sld_jtag_hub:\jtag_hub_gen:sld_jtag_hub_inst|clr_reg                            ; SoC:inst|SoC_jtag_uart:jtag_uart|alt_jtag_atlantic:SoC_jtag_uart_alt_jtag_atlantic|td_shift[0]     ; altera_reserved_tck ; altera_reserved_tck ; 0.000        ; 0.053      ; 2.384      ;
; 2.145  ; sld_hub:auto_hub|sld_jtag_hub:\jtag_hub_gen:sld_jtag_hub_inst|clr_reg                            ; SoC:inst|SoC_jtag_uart:jtag_uart|alt_jtag_atlantic:SoC_jtag_uart_alt_jtag_atlantic|user_saw_rvalid ; altera_reserved_tck ; altera_reserved_tck ; 0.000        ; 0.053      ; 2.384      ;
; 51.549 ; sld_hub:auto_hub|sld_jtag_hub:\jtag_hub_gen:sld_jtag_hub_inst|sld_shadow_jsm:shadow_jsm|state[8] ; sld_hub:auto_hub|sld_jtag_hub:\jtag_hub_gen:sld_jtag_hub_inst|tdo                                  ; altera_reserved_tck ; altera_reserved_tck ; -50.000      ; 0.244      ; 1.979      ;
; 51.902 ; sld_hub:auto_hub|sld_jtag_hub:\jtag_hub_gen:sld_jtag_hub_inst|clr_reg                            ; SoC:inst|SoC_jtag_uart:jtag_uart|alt_jtag_atlantic:SoC_jtag_uart_alt_jtag_atlantic|jupdate         ; altera_reserved_tck ; altera_reserved_tck ; -50.000      ; 0.231      ; 2.319      ;
; 51.962 ; sld_hub:auto_hub|sld_jtag_hub:\jtag_hub_gen:sld_jtag_hub_inst|clr_reg                            ; SoC:inst|SoC_jtag_uart:jtag_uart|alt_jtag_atlantic:SoC_jtag_uart_alt_jtag_atlantic|tdo~reg0        ; altera_reserved_tck ; altera_reserved_tck ; -50.000      ; 0.232      ; 2.380      ;
+--------+--------------------------------------------------------------------------------------------------+----------------------------------------------------------------------------------------------------+---------------------+---------------------+--------------+------------+------------+


+------------------------------------------------------------------------------------------------------------------------------------------------------------------------------------------------------------------------------------------------------------------------------------------------------------------------------------------------------------------+
; Slow 1200mV 85C Model Minimum Pulse Width: 'altera_reserved_tck'                                                                                                                                                                                                                                                                                                 ;
+--------+--------------+----------------+------------------+---------------------+------------+-------------------------------------------------------------------------------------------------------------------------------------------------------------------------------------------------------------------------------------------------------------------+
; Slack  ; Actual Width ; Required Width ; Type             ; Clock               ; Clock Edge ; Target                                                                                                                                                                                                                                                            ;
+--------+--------------+----------------+------------------+---------------------+------------+-------------------------------------------------------------------------------------------------------------------------------------------------------------------------------------------------------------------------------------------------------------------+
; 49.623 ; 49.843       ; 0.220          ; High Pulse Width ; altera_reserved_tck ; Fall       ; SoC:inst|SoC_jtag_uart:jtag_uart|alt_jtag_atlantic:SoC_jtag_uart_alt_jtag_atlantic|jupdate                                                                                                                                                                        ;
; 49.623 ; 49.843       ; 0.220          ; High Pulse Width ; altera_reserved_tck ; Fall       ; SoC:inst|SoC_jtag_uart:jtag_uart|alt_jtag_atlantic:SoC_jtag_uart_alt_jtag_atlantic|tdo~reg0                                                                                                                                                                       ;
; 49.624 ; 49.844       ; 0.220          ; High Pulse Width ; altera_reserved_tck ; Fall       ; sld_hub:auto_hub|sld_jtag_hub:\jtag_hub_gen:sld_jtag_hub_inst|tdo                                                                                                                                                                                                 ;
; 49.675 ; 49.863       ; 0.188          ; Low Pulse Width  ; altera_reserved_tck ; Rise       ; SoC:inst|SoC_cpu:cpu|SoC_cpu_nios2_oci:the_SoC_cpu_nios2_oci|SoC_cpu_jtag_debug_module_wrapper:the_SoC_cpu_jtag_debug_module_wrapper|SoC_cpu_jtag_debug_module_tck:the_SoC_cpu_jtag_debug_module_tck|sr[24]                                                       ;
; 49.675 ; 49.863       ; 0.188          ; Low Pulse Width  ; altera_reserved_tck ; Rise       ; SoC:inst|SoC_cpu:cpu|SoC_cpu_nios2_oci:the_SoC_cpu_nios2_oci|SoC_cpu_jtag_debug_module_wrapper:the_SoC_cpu_jtag_debug_module_wrapper|SoC_cpu_jtag_debug_module_tck:the_SoC_cpu_jtag_debug_module_tck|sr[25]                                                       ;
; 49.675 ; 49.863       ; 0.188          ; Low Pulse Width  ; altera_reserved_tck ; Rise       ; SoC:inst|SoC_cpu:cpu|SoC_cpu_nios2_oci:the_SoC_cpu_nios2_oci|SoC_cpu_jtag_debug_module_wrapper:the_SoC_cpu_jtag_debug_module_wrapper|SoC_cpu_jtag_debug_module_tck:the_SoC_cpu_jtag_debug_module_tck|sr[32]                                                       ;
; 49.675 ; 49.863       ; 0.188          ; Low Pulse Width  ; altera_reserved_tck ; Rise       ; SoC:inst|SoC_cpu:cpu|SoC_cpu_nios2_oci:the_SoC_cpu_nios2_oci|SoC_cpu_jtag_debug_module_wrapper:the_SoC_cpu_jtag_debug_module_wrapper|SoC_cpu_jtag_debug_module_tck:the_SoC_cpu_jtag_debug_module_tck|sr[33]                                                       ;
; 49.675 ; 49.863       ; 0.188          ; Low Pulse Width  ; altera_reserved_tck ; Rise       ; SoC:inst|SoC_cpu:cpu|SoC_cpu_nios2_oci:the_SoC_cpu_nios2_oci|SoC_cpu_jtag_debug_module_wrapper:the_SoC_cpu_jtag_debug_module_wrapper|SoC_cpu_jtag_debug_module_tck:the_SoC_cpu_jtag_debug_module_tck|sr[34]                                                       ;
; 49.675 ; 49.863       ; 0.188          ; Low Pulse Width  ; altera_reserved_tck ; Rise       ; SoC:inst|SoC_jtag_uart:jtag_uart|alt_jtag_atlantic:SoC_jtag_uart_alt_jtag_atlantic|tck_t_dav                                                                                                                                                                      ;
; 49.675 ; 49.863       ; 0.188          ; Low Pulse Width  ; altera_reserved_tck ; Rise       ; SoC:inst|SoC_jtag_uart:jtag_uart|alt_jtag_atlantic:SoC_jtag_uart_alt_jtag_atlantic|td_shift[10]                                                                                                                                                                   ;
; 49.675 ; 49.863       ; 0.188          ; Low Pulse Width  ; altera_reserved_tck ; Rise       ; SoC:inst|SoC_jtag_uart:jtag_uart|alt_jtag_atlantic:SoC_jtag_uart_alt_jtag_atlantic|td_shift[1]                                                                                                                                                                    ;
; 49.675 ; 49.863       ; 0.188          ; Low Pulse Width  ; altera_reserved_tck ; Rise       ; SoC:inst|SoC_jtag_uart:jtag_uart|alt_jtag_atlantic:SoC_jtag_uart_alt_jtag_atlantic|td_shift[2]                                                                                                                                                                    ;
; 49.675 ; 49.863       ; 0.188          ; Low Pulse Width  ; altera_reserved_tck ; Rise       ; SoC:inst|SoC_jtag_uart:jtag_uart|alt_jtag_atlantic:SoC_jtag_uart_alt_jtag_atlantic|td_shift[3]                                                                                                                                                                    ;
; 49.675 ; 49.863       ; 0.188          ; Low Pulse Width  ; altera_reserved_tck ; Rise       ; SoC:inst|SoC_jtag_uart:jtag_uart|alt_jtag_atlantic:SoC_jtag_uart_alt_jtag_atlantic|td_shift[4]                                                                                                                                                                    ;
; 49.675 ; 49.863       ; 0.188          ; Low Pulse Width  ; altera_reserved_tck ; Rise       ; SoC:inst|SoC_jtag_uart:jtag_uart|alt_jtag_atlantic:SoC_jtag_uart_alt_jtag_atlantic|td_shift[5]                                                                                                                                                                    ;
; 49.675 ; 49.863       ; 0.188          ; Low Pulse Width  ; altera_reserved_tck ; Rise       ; SoC:inst|SoC_jtag_uart:jtag_uart|alt_jtag_atlantic:SoC_jtag_uart_alt_jtag_atlantic|td_shift[6]                                                                                                                                                                    ;
; 49.675 ; 49.863       ; 0.188          ; Low Pulse Width  ; altera_reserved_tck ; Rise       ; SoC:inst|SoC_jtag_uart:jtag_uart|alt_jtag_atlantic:SoC_jtag_uart_alt_jtag_atlantic|td_shift[7]                                                                                                                                                                    ;
; 49.675 ; 49.863       ; 0.188          ; Low Pulse Width  ; altera_reserved_tck ; Rise       ; SoC:inst|SoC_jtag_uart:jtag_uart|alt_jtag_atlantic:SoC_jtag_uart_alt_jtag_atlantic|td_shift[8]                                                                                                                                                                    ;
; 49.675 ; 49.863       ; 0.188          ; Low Pulse Width  ; altera_reserved_tck ; Rise       ; SoC:inst|SoC_jtag_uart:jtag_uart|alt_jtag_atlantic:SoC_jtag_uart_alt_jtag_atlantic|td_shift[9]                                                                                                                                                                    ;
; 49.675 ; 49.863       ; 0.188          ; Low Pulse Width  ; altera_reserved_tck ; Rise       ; SoC:inst|SoC_jtag_uart:jtag_uart|alt_jtag_atlantic:SoC_jtag_uart_alt_jtag_atlantic|wdata[0]                                                                                                                                                                       ;
; 49.675 ; 49.863       ; 0.188          ; Low Pulse Width  ; altera_reserved_tck ; Rise       ; SoC:inst|SoC_jtag_uart:jtag_uart|alt_jtag_atlantic:SoC_jtag_uart_alt_jtag_atlantic|wdata[1]                                                                                                                                                                       ;
; 49.675 ; 49.863       ; 0.188          ; Low Pulse Width  ; altera_reserved_tck ; Rise       ; SoC:inst|SoC_jtag_uart:jtag_uart|alt_jtag_atlantic:SoC_jtag_uart_alt_jtag_atlantic|wdata[2]                                                                                                                                                                       ;
; 49.675 ; 49.863       ; 0.188          ; Low Pulse Width  ; altera_reserved_tck ; Rise       ; SoC:inst|SoC_jtag_uart:jtag_uart|alt_jtag_atlantic:SoC_jtag_uart_alt_jtag_atlantic|wdata[3]                                                                                                                                                                       ;
; 49.675 ; 49.863       ; 0.188          ; Low Pulse Width  ; altera_reserved_tck ; Rise       ; SoC:inst|SoC_jtag_uart:jtag_uart|alt_jtag_atlantic:SoC_jtag_uart_alt_jtag_atlantic|wdata[4]                                                                                                                                                                       ;
; 49.675 ; 49.863       ; 0.188          ; Low Pulse Width  ; altera_reserved_tck ; Rise       ; SoC:inst|SoC_jtag_uart:jtag_uart|alt_jtag_atlantic:SoC_jtag_uart_alt_jtag_atlantic|wdata[5]                                                                                                                                                                       ;
; 49.675 ; 49.863       ; 0.188          ; Low Pulse Width  ; altera_reserved_tck ; Rise       ; SoC:inst|SoC_jtag_uart:jtag_uart|alt_jtag_atlantic:SoC_jtag_uart_alt_jtag_atlantic|wdata[6]                                                                                                                                                                       ;
; 49.675 ; 49.863       ; 0.188          ; Low Pulse Width  ; altera_reserved_tck ; Rise       ; SoC:inst|SoC_jtag_uart:jtag_uart|alt_jtag_atlantic:SoC_jtag_uart_alt_jtag_atlantic|wdata[7]                                                                                                                                                                       ;
; 49.675 ; 49.863       ; 0.188          ; Low Pulse Width  ; altera_reserved_tck ; Rise       ; SoC:inst|SoC_jtag_uart:jtag_uart|alt_jtag_atlantic:SoC_jtag_uart_alt_jtag_atlantic|write                                                                                                                                                                          ;
; 49.675 ; 49.863       ; 0.188          ; Low Pulse Width  ; altera_reserved_tck ; Rise       ; SoC:inst|SoC_jtag_uart:jtag_uart|alt_jtag_atlantic:SoC_jtag_uart_alt_jtag_atlantic|write_stalled                                                                                                                                                                  ;
; 49.675 ; 49.863       ; 0.188          ; Low Pulse Width  ; altera_reserved_tck ; Rise       ; SoC:inst|SoC_jtag_uart:jtag_uart|alt_jtag_atlantic:SoC_jtag_uart_alt_jtag_atlantic|write_valid                                                                                                                                                                    ;
; 49.676 ; 49.864       ; 0.188          ; Low Pulse Width  ; altera_reserved_tck ; Rise       ; SoC:inst|SoC_cpu:cpu|SoC_cpu_nios2_oci:the_SoC_cpu_nios2_oci|SoC_cpu_jtag_debug_module_wrapper:the_SoC_cpu_jtag_debug_module_wrapper|SoC_cpu_jtag_debug_module_tck:the_SoC_cpu_jtag_debug_module_tck|altera_std_synchronizer:the_altera_std_synchronizer1|din_s1  ;
; 49.676 ; 49.864       ; 0.188          ; Low Pulse Width  ; altera_reserved_tck ; Rise       ; SoC:inst|SoC_cpu:cpu|SoC_cpu_nios2_oci:the_SoC_cpu_nios2_oci|SoC_cpu_jtag_debug_module_wrapper:the_SoC_cpu_jtag_debug_module_wrapper|SoC_cpu_jtag_debug_module_tck:the_SoC_cpu_jtag_debug_module_tck|altera_std_synchronizer:the_altera_std_synchronizer1|dreg[0] ;
; 49.676 ; 49.864       ; 0.188          ; Low Pulse Width  ; altera_reserved_tck ; Rise       ; SoC:inst|SoC_cpu:cpu|SoC_cpu_nios2_oci:the_SoC_cpu_nios2_oci|SoC_cpu_jtag_debug_module_wrapper:the_SoC_cpu_jtag_debug_module_wrapper|SoC_cpu_jtag_debug_module_tck:the_SoC_cpu_jtag_debug_module_tck|ir_out[1]                                                    ;
; 49.676 ; 49.864       ; 0.188          ; Low Pulse Width  ; altera_reserved_tck ; Rise       ; SoC:inst|SoC_cpu:cpu|SoC_cpu_nios2_oci:the_SoC_cpu_nios2_oci|SoC_cpu_jtag_debug_module_wrapper:the_SoC_cpu_jtag_debug_module_wrapper|SoC_cpu_jtag_debug_module_tck:the_SoC_cpu_jtag_debug_module_tck|sr[0]                                                        ;
; 49.676 ; 49.864       ; 0.188          ; Low Pulse Width  ; altera_reserved_tck ; Rise       ; SoC:inst|SoC_cpu:cpu|SoC_cpu_nios2_oci:the_SoC_cpu_nios2_oci|SoC_cpu_jtag_debug_module_wrapper:the_SoC_cpu_jtag_debug_module_wrapper|SoC_cpu_jtag_debug_module_tck:the_SoC_cpu_jtag_debug_module_tck|sr[10]                                                       ;
; 49.676 ; 49.864       ; 0.188          ; Low Pulse Width  ; altera_reserved_tck ; Rise       ; SoC:inst|SoC_cpu:cpu|SoC_cpu_nios2_oci:the_SoC_cpu_nios2_oci|SoC_cpu_jtag_debug_module_wrapper:the_SoC_cpu_jtag_debug_module_wrapper|SoC_cpu_jtag_debug_module_tck:the_SoC_cpu_jtag_debug_module_tck|sr[11]                                                       ;
; 49.676 ; 49.864       ; 0.188          ; Low Pulse Width  ; altera_reserved_tck ; Rise       ; SoC:inst|SoC_cpu:cpu|SoC_cpu_nios2_oci:the_SoC_cpu_nios2_oci|SoC_cpu_jtag_debug_module_wrapper:the_SoC_cpu_jtag_debug_module_wrapper|SoC_cpu_jtag_debug_module_tck:the_SoC_cpu_jtag_debug_module_tck|sr[12]                                                       ;
; 49.676 ; 49.864       ; 0.188          ; Low Pulse Width  ; altera_reserved_tck ; Rise       ; SoC:inst|SoC_cpu:cpu|SoC_cpu_nios2_oci:the_SoC_cpu_nios2_oci|SoC_cpu_jtag_debug_module_wrapper:the_SoC_cpu_jtag_debug_module_wrapper|SoC_cpu_jtag_debug_module_tck:the_SoC_cpu_jtag_debug_module_tck|sr[13]                                                       ;
; 49.676 ; 49.864       ; 0.188          ; Low Pulse Width  ; altera_reserved_tck ; Rise       ; SoC:inst|SoC_cpu:cpu|SoC_cpu_nios2_oci:the_SoC_cpu_nios2_oci|SoC_cpu_jtag_debug_module_wrapper:the_SoC_cpu_jtag_debug_module_wrapper|SoC_cpu_jtag_debug_module_tck:the_SoC_cpu_jtag_debug_module_tck|sr[14]                                                       ;
; 49.676 ; 49.864       ; 0.188          ; Low Pulse Width  ; altera_reserved_tck ; Rise       ; SoC:inst|SoC_cpu:cpu|SoC_cpu_nios2_oci:the_SoC_cpu_nios2_oci|SoC_cpu_jtag_debug_module_wrapper:the_SoC_cpu_jtag_debug_module_wrapper|SoC_cpu_jtag_debug_module_tck:the_SoC_cpu_jtag_debug_module_tck|sr[15]                                                       ;
; 49.676 ; 49.864       ; 0.188          ; Low Pulse Width  ; altera_reserved_tck ; Rise       ; SoC:inst|SoC_cpu:cpu|SoC_cpu_nios2_oci:the_SoC_cpu_nios2_oci|SoC_cpu_jtag_debug_module_wrapper:the_SoC_cpu_jtag_debug_module_wrapper|SoC_cpu_jtag_debug_module_tck:the_SoC_cpu_jtag_debug_module_tck|sr[26]                                                       ;
; 49.676 ; 49.864       ; 0.188          ; Low Pulse Width  ; altera_reserved_tck ; Rise       ; SoC:inst|SoC_cpu:cpu|SoC_cpu_nios2_oci:the_SoC_cpu_nios2_oci|SoC_cpu_jtag_debug_module_wrapper:the_SoC_cpu_jtag_debug_module_wrapper|SoC_cpu_jtag_debug_module_tck:the_SoC_cpu_jtag_debug_module_tck|sr[27]                                                       ;
; 49.676 ; 49.864       ; 0.188          ; Low Pulse Width  ; altera_reserved_tck ; Rise       ; SoC:inst|SoC_cpu:cpu|SoC_cpu_nios2_oci:the_SoC_cpu_nios2_oci|SoC_cpu_jtag_debug_module_wrapper:the_SoC_cpu_jtag_debug_module_wrapper|SoC_cpu_jtag_debug_module_tck:the_SoC_cpu_jtag_debug_module_tck|sr[28]                                                       ;
; 49.676 ; 49.864       ; 0.188          ; Low Pulse Width  ; altera_reserved_tck ; Rise       ; SoC:inst|SoC_cpu:cpu|SoC_cpu_nios2_oci:the_SoC_cpu_nios2_oci|SoC_cpu_jtag_debug_module_wrapper:the_SoC_cpu_jtag_debug_module_wrapper|SoC_cpu_jtag_debug_module_tck:the_SoC_cpu_jtag_debug_module_tck|sr[29]                                                       ;
; 49.676 ; 49.864       ; 0.188          ; Low Pulse Width  ; altera_reserved_tck ; Rise       ; SoC:inst|SoC_cpu:cpu|SoC_cpu_nios2_oci:the_SoC_cpu_nios2_oci|SoC_cpu_jtag_debug_module_wrapper:the_SoC_cpu_jtag_debug_module_wrapper|SoC_cpu_jtag_debug_module_tck:the_SoC_cpu_jtag_debug_module_tck|sr[30]                                                       ;
; 49.676 ; 49.864       ; 0.188          ; Low Pulse Width  ; altera_reserved_tck ; Rise       ; SoC:inst|SoC_cpu:cpu|SoC_cpu_nios2_oci:the_SoC_cpu_nios2_oci|SoC_cpu_jtag_debug_module_wrapper:the_SoC_cpu_jtag_debug_module_wrapper|SoC_cpu_jtag_debug_module_tck:the_SoC_cpu_jtag_debug_module_tck|sr[35]                                                       ;
; 49.676 ; 49.864       ; 0.188          ; Low Pulse Width  ; altera_reserved_tck ; Rise       ; SoC:inst|SoC_cpu:cpu|SoC_cpu_nios2_oci:the_SoC_cpu_nios2_oci|SoC_cpu_jtag_debug_module_wrapper:the_SoC_cpu_jtag_debug_module_wrapper|SoC_cpu_jtag_debug_module_tck:the_SoC_cpu_jtag_debug_module_tck|sr[36]                                                       ;
; 49.676 ; 49.864       ; 0.188          ; Low Pulse Width  ; altera_reserved_tck ; Rise       ; SoC:inst|SoC_cpu:cpu|SoC_cpu_nios2_oci:the_SoC_cpu_nios2_oci|SoC_cpu_jtag_debug_module_wrapper:the_SoC_cpu_jtag_debug_module_wrapper|SoC_cpu_jtag_debug_module_tck:the_SoC_cpu_jtag_debug_module_tck|sr[37]                                                       ;
; 49.676 ; 49.864       ; 0.188          ; Low Pulse Width  ; altera_reserved_tck ; Rise       ; SoC:inst|SoC_cpu:cpu|SoC_cpu_nios2_oci:the_SoC_cpu_nios2_oci|SoC_cpu_jtag_debug_module_wrapper:the_SoC_cpu_jtag_debug_module_wrapper|SoC_cpu_jtag_debug_module_tck:the_SoC_cpu_jtag_debug_module_tck|sr[8]                                                        ;
; 49.676 ; 49.864       ; 0.188          ; Low Pulse Width  ; altera_reserved_tck ; Rise       ; SoC:inst|SoC_cpu:cpu|SoC_cpu_nios2_oci:the_SoC_cpu_nios2_oci|SoC_cpu_jtag_debug_module_wrapper:the_SoC_cpu_jtag_debug_module_wrapper|SoC_cpu_jtag_debug_module_tck:the_SoC_cpu_jtag_debug_module_tck|sr[9]                                                        ;
; 49.676 ; 49.864       ; 0.188          ; Low Pulse Width  ; altera_reserved_tck ; Rise       ; SoC:inst|SoC_jtag_uart:jtag_uart|alt_jtag_atlantic:SoC_jtag_uart_alt_jtag_atlantic|state                                                                                                                                                                          ;
; 49.676 ; 49.864       ; 0.188          ; Low Pulse Width  ; altera_reserved_tck ; Rise       ; sld_hub:auto_hub|sld_jtag_hub:\jtag_hub_gen:sld_jtag_hub_inst|clr_reg                                                                                                                                                                                             ;
; 49.676 ; 49.864       ; 0.188          ; Low Pulse Width  ; altera_reserved_tck ; Rise       ; sld_hub:auto_hub|sld_jtag_hub:\jtag_hub_gen:sld_jtag_hub_inst|design_hash_reg[0]                                                                                                                                                                                  ;
; 49.676 ; 49.864       ; 0.188          ; Low Pulse Width  ; altera_reserved_tck ; Rise       ; sld_hub:auto_hub|sld_jtag_hub:\jtag_hub_gen:sld_jtag_hub_inst|design_hash_reg[1]                                                                                                                                                                                  ;
; 49.676 ; 49.864       ; 0.188          ; Low Pulse Width  ; altera_reserved_tck ; Rise       ; sld_hub:auto_hub|sld_jtag_hub:\jtag_hub_gen:sld_jtag_hub_inst|design_hash_reg[2]                                                                                                                                                                                  ;
; 49.676 ; 49.864       ; 0.188          ; Low Pulse Width  ; altera_reserved_tck ; Rise       ; sld_hub:auto_hub|sld_jtag_hub:\jtag_hub_gen:sld_jtag_hub_inst|design_hash_reg[3]                                                                                                                                                                                  ;
; 49.676 ; 49.864       ; 0.188          ; Low Pulse Width  ; altera_reserved_tck ; Rise       ; sld_hub:auto_hub|sld_jtag_hub:\jtag_hub_gen:sld_jtag_hub_inst|hub_minor_ver_reg[0]                                                                                                                                                                                ;
; 49.676 ; 49.864       ; 0.188          ; Low Pulse Width  ; altera_reserved_tck ; Rise       ; sld_hub:auto_hub|sld_jtag_hub:\jtag_hub_gen:sld_jtag_hub_inst|hub_minor_ver_reg[1]                                                                                                                                                                                ;
; 49.676 ; 49.864       ; 0.188          ; Low Pulse Width  ; altera_reserved_tck ; Rise       ; sld_hub:auto_hub|sld_jtag_hub:\jtag_hub_gen:sld_jtag_hub_inst|hub_minor_ver_reg[2]                                                                                                                                                                                ;
; 49.676 ; 49.864       ; 0.188          ; Low Pulse Width  ; altera_reserved_tck ; Rise       ; sld_hub:auto_hub|sld_jtag_hub:\jtag_hub_gen:sld_jtag_hub_inst|hub_minor_ver_reg[3]                                                                                                                                                                                ;
; 49.676 ; 49.864       ; 0.188          ; Low Pulse Width  ; altera_reserved_tck ; Rise       ; sld_hub:auto_hub|sld_jtag_hub:\jtag_hub_gen:sld_jtag_hub_inst|hub_mode_reg[0]                                                                                                                                                                                     ;
; 49.676 ; 49.864       ; 0.188          ; Low Pulse Width  ; altera_reserved_tck ; Rise       ; sld_hub:auto_hub|sld_jtag_hub:\jtag_hub_gen:sld_jtag_hub_inst|hub_mode_reg[1]                                                                                                                                                                                     ;
; 49.676 ; 49.864       ; 0.188          ; Low Pulse Width  ; altera_reserved_tck ; Rise       ; sld_hub:auto_hub|sld_jtag_hub:\jtag_hub_gen:sld_jtag_hub_inst|hub_mode_reg[2]                                                                                                                                                                                     ;
; 49.676 ; 49.864       ; 0.188          ; Low Pulse Width  ; altera_reserved_tck ; Rise       ; sld_hub:auto_hub|sld_jtag_hub:\jtag_hub_gen:sld_jtag_hub_inst|irf_reg[1][0]                                                                                                                                                                                       ;
; 49.676 ; 49.864       ; 0.188          ; Low Pulse Width  ; altera_reserved_tck ; Rise       ; sld_hub:auto_hub|sld_jtag_hub:\jtag_hub_gen:sld_jtag_hub_inst|irf_reg[1][1]                                                                                                                                                                                       ;
; 49.676 ; 49.864       ; 0.188          ; Low Pulse Width  ; altera_reserved_tck ; Rise       ; sld_hub:auto_hub|sld_jtag_hub:\jtag_hub_gen:sld_jtag_hub_inst|irf_reg[1][2]                                                                                                                                                                                       ;
; 49.676 ; 49.864       ; 0.188          ; Low Pulse Width  ; altera_reserved_tck ; Rise       ; sld_hub:auto_hub|sld_jtag_hub:\jtag_hub_gen:sld_jtag_hub_inst|irf_reg[1][3]                                                                                                                                                                                       ;
; 49.676 ; 49.864       ; 0.188          ; Low Pulse Width  ; altera_reserved_tck ; Rise       ; sld_hub:auto_hub|sld_jtag_hub:\jtag_hub_gen:sld_jtag_hub_inst|irf_reg[1][4]                                                                                                                                                                                       ;
; 49.676 ; 49.864       ; 0.188          ; Low Pulse Width  ; altera_reserved_tck ; Rise       ; sld_hub:auto_hub|sld_jtag_hub:\jtag_hub_gen:sld_jtag_hub_inst|irf_reg[2][0]                                                                                                                                                                                       ;
; 49.676 ; 49.864       ; 0.188          ; Low Pulse Width  ; altera_reserved_tck ; Rise       ; sld_hub:auto_hub|sld_jtag_hub:\jtag_hub_gen:sld_jtag_hub_inst|irf_reg[2][1]                                                                                                                                                                                       ;
; 49.676 ; 49.864       ; 0.188          ; Low Pulse Width  ; altera_reserved_tck ; Rise       ; sld_hub:auto_hub|sld_jtag_hub:\jtag_hub_gen:sld_jtag_hub_inst|irf_reg[2][2]                                                                                                                                                                                       ;
; 49.676 ; 49.864       ; 0.188          ; Low Pulse Width  ; altera_reserved_tck ; Rise       ; sld_hub:auto_hub|sld_jtag_hub:\jtag_hub_gen:sld_jtag_hub_inst|irf_reg[2][3]                                                                                                                                                                                       ;
; 49.676 ; 49.864       ; 0.188          ; Low Pulse Width  ; altera_reserved_tck ; Rise       ; sld_hub:auto_hub|sld_jtag_hub:\jtag_hub_gen:sld_jtag_hub_inst|irf_reg[2][4]                                                                                                                                                                                       ;
; 49.676 ; 49.864       ; 0.188          ; Low Pulse Width  ; altera_reserved_tck ; Rise       ; sld_hub:auto_hub|sld_jtag_hub:\jtag_hub_gen:sld_jtag_hub_inst|irsr_reg[0]                                                                                                                                                                                         ;
; 49.676 ; 49.864       ; 0.188          ; Low Pulse Width  ; altera_reserved_tck ; Rise       ; sld_hub:auto_hub|sld_jtag_hub:\jtag_hub_gen:sld_jtag_hub_inst|irsr_reg[1]                                                                                                                                                                                         ;
; 49.676 ; 49.864       ; 0.188          ; Low Pulse Width  ; altera_reserved_tck ; Rise       ; sld_hub:auto_hub|sld_jtag_hub:\jtag_hub_gen:sld_jtag_hub_inst|irsr_reg[2]                                                                                                                                                                                         ;
; 49.676 ; 49.864       ; 0.188          ; Low Pulse Width  ; altera_reserved_tck ; Rise       ; sld_hub:auto_hub|sld_jtag_hub:\jtag_hub_gen:sld_jtag_hub_inst|irsr_reg[3]                                                                                                                                                                                         ;
; 49.676 ; 49.864       ; 0.188          ; Low Pulse Width  ; altera_reserved_tck ; Rise       ; sld_hub:auto_hub|sld_jtag_hub:\jtag_hub_gen:sld_jtag_hub_inst|irsr_reg[4]                                                                                                                                                                                         ;
; 49.676 ; 49.864       ; 0.188          ; Low Pulse Width  ; altera_reserved_tck ; Rise       ; sld_hub:auto_hub|sld_jtag_hub:\jtag_hub_gen:sld_jtag_hub_inst|irsr_reg[5]                                                                                                                                                                                         ;
; 49.676 ; 49.864       ; 0.188          ; Low Pulse Width  ; altera_reserved_tck ; Rise       ; sld_hub:auto_hub|sld_jtag_hub:\jtag_hub_gen:sld_jtag_hub_inst|irsr_reg[6]                                                                                                                                                                                         ;
; 49.676 ; 49.864       ; 0.188          ; Low Pulse Width  ; altera_reserved_tck ; Rise       ; sld_hub:auto_hub|sld_jtag_hub:\jtag_hub_gen:sld_jtag_hub_inst|jtag_ir_reg[0]                                                                                                                                                                                      ;
; 49.676 ; 49.864       ; 0.188          ; Low Pulse Width  ; altera_reserved_tck ; Rise       ; sld_hub:auto_hub|sld_jtag_hub:\jtag_hub_gen:sld_jtag_hub_inst|jtag_ir_reg[1]                                                                                                                                                                                      ;
; 49.676 ; 49.864       ; 0.188          ; Low Pulse Width  ; altera_reserved_tck ; Rise       ; sld_hub:auto_hub|sld_jtag_hub:\jtag_hub_gen:sld_jtag_hub_inst|jtag_ir_reg[2]                                                                                                                                                                                      ;
; 49.676 ; 49.864       ; 0.188          ; Low Pulse Width  ; altera_reserved_tck ; Rise       ; sld_hub:auto_hub|sld_jtag_hub:\jtag_hub_gen:sld_jtag_hub_inst|jtag_ir_reg[3]                                                                                                                                                                                      ;
; 49.676 ; 49.864       ; 0.188          ; Low Pulse Width  ; altera_reserved_tck ; Rise       ; sld_hub:auto_hub|sld_jtag_hub:\jtag_hub_gen:sld_jtag_hub_inst|jtag_ir_reg[4]                                                                                                                                                                                      ;
; 49.676 ; 49.864       ; 0.188          ; Low Pulse Width  ; altera_reserved_tck ; Rise       ; sld_hub:auto_hub|sld_jtag_hub:\jtag_hub_gen:sld_jtag_hub_inst|jtag_ir_reg[5]                                                                                                                                                                                      ;
; 49.676 ; 49.864       ; 0.188          ; Low Pulse Width  ; altera_reserved_tck ; Rise       ; sld_hub:auto_hub|sld_jtag_hub:\jtag_hub_gen:sld_jtag_hub_inst|jtag_ir_reg[6]                                                                                                                                                                                      ;
; 49.676 ; 49.864       ; 0.188          ; Low Pulse Width  ; altera_reserved_tck ; Rise       ; sld_hub:auto_hub|sld_jtag_hub:\jtag_hub_gen:sld_jtag_hub_inst|jtag_ir_reg[7]                                                                                                                                                                                      ;
; 49.676 ; 49.864       ; 0.188          ; Low Pulse Width  ; altera_reserved_tck ; Rise       ; sld_hub:auto_hub|sld_jtag_hub:\jtag_hub_gen:sld_jtag_hub_inst|jtag_ir_reg[8]                                                                                                                                                                                      ;
; 49.676 ; 49.864       ; 0.188          ; Low Pulse Width  ; altera_reserved_tck ; Rise       ; sld_hub:auto_hub|sld_jtag_hub:\jtag_hub_gen:sld_jtag_hub_inst|jtag_ir_reg[9]                                                                                                                                                                                      ;
; 49.676 ; 49.864       ; 0.188          ; Low Pulse Width  ; altera_reserved_tck ; Rise       ; sld_hub:auto_hub|sld_jtag_hub:\jtag_hub_gen:sld_jtag_hub_inst|mixer_addr_reg[0]                                                                                                                                                                                   ;
; 49.676 ; 49.864       ; 0.188          ; Low Pulse Width  ; altera_reserved_tck ; Rise       ; sld_hub:auto_hub|sld_jtag_hub:\jtag_hub_gen:sld_jtag_hub_inst|mixer_addr_reg[1]                                                                                                                                                                                   ;
; 49.676 ; 49.864       ; 0.188          ; Low Pulse Width  ; altera_reserved_tck ; Rise       ; sld_hub:auto_hub|sld_jtag_hub:\jtag_hub_gen:sld_jtag_hub_inst|mixer_addr_reg[2]                                                                                                                                                                                   ;
; 49.676 ; 49.864       ; 0.188          ; Low Pulse Width  ; altera_reserved_tck ; Rise       ; sld_hub:auto_hub|sld_jtag_hub:\jtag_hub_gen:sld_jtag_hub_inst|mixer_addr_reg[3]                                                                                                                                                                                   ;
; 49.676 ; 49.864       ; 0.188          ; Low Pulse Width  ; altera_reserved_tck ; Rise       ; sld_hub:auto_hub|sld_jtag_hub:\jtag_hub_gen:sld_jtag_hub_inst|mixer_addr_reg[4]                                                                                                                                                                                   ;
; 49.676 ; 49.864       ; 0.188          ; Low Pulse Width  ; altera_reserved_tck ; Rise       ; sld_hub:auto_hub|sld_jtag_hub:\jtag_hub_gen:sld_jtag_hub_inst|node_ena[1]~reg0                                                                                                                                                                                    ;
; 49.676 ; 49.864       ; 0.188          ; Low Pulse Width  ; altera_reserved_tck ; Rise       ; sld_hub:auto_hub|sld_jtag_hub:\jtag_hub_gen:sld_jtag_hub_inst|node_ena[2]~reg0                                                                                                                                                                                    ;
; 49.676 ; 49.864       ; 0.188          ; Low Pulse Width  ; altera_reserved_tck ; Rise       ; sld_hub:auto_hub|sld_jtag_hub:\jtag_hub_gen:sld_jtag_hub_inst|shadow_irf_reg[1][0]                                                                                                                                                                                ;
; 49.676 ; 49.864       ; 0.188          ; Low Pulse Width  ; altera_reserved_tck ; Rise       ; sld_hub:auto_hub|sld_jtag_hub:\jtag_hub_gen:sld_jtag_hub_inst|shadow_irf_reg[1][1]                                                                                                                                                                                ;
; 49.676 ; 49.864       ; 0.188          ; Low Pulse Width  ; altera_reserved_tck ; Rise       ; sld_hub:auto_hub|sld_jtag_hub:\jtag_hub_gen:sld_jtag_hub_inst|shadow_irf_reg[1][2]                                                                                                                                                                                ;
+--------+--------------+----------------+------------------+---------------------+------------+-------------------------------------------------------------------------------------------------------------------------------------------------------------------------------------------------------------------------------------------------------------------+


+------------------------------------------------------------------------------------------------+
; Setup Times                                                                                    ;
+---------------------+---------------------+--------+--------+------------+---------------------+
; Data Port           ; Clock Port          ; Rise   ; Fall   ; Clock Edge ; Clock Reference     ;
+---------------------+---------------------+--------+--------+------------+---------------------+
; altera_reserved_tdi ; altera_reserved_tck ; 5.343  ; 5.461  ; Rise       ; altera_reserved_tck ;
; altera_reserved_tms ; altera_reserved_tck ; 12.011 ; 12.029 ; Rise       ; altera_reserved_tck ;
+---------------------+---------------------+--------+--------+------------+---------------------+


+------------------------------------------------------------------------------------------------+
; Hold Times                                                                                     ;
+---------------------+---------------------+--------+--------+------------+---------------------+
; Data Port           ; Clock Port          ; Rise   ; Fall   ; Clock Edge ; Clock Reference     ;
+---------------------+---------------------+--------+--------+------------+---------------------+
; altera_reserved_tdi ; altera_reserved_tck ; -1.595 ; -1.702 ; Rise       ; altera_reserved_tck ;
; altera_reserved_tms ; altera_reserved_tck ; -5.500 ; -5.554 ; Rise       ; altera_reserved_tck ;
+---------------------+---------------------+--------+--------+------------+---------------------+


+------------------------------------------------------------------------------------------------+
; Clock to Output Times                                                                          ;
+---------------------+---------------------+--------+--------+------------+---------------------+
; Data Port           ; Clock Port          ; Rise   ; Fall   ; Clock Edge ; Clock Reference     ;
+---------------------+---------------------+--------+--------+------------+---------------------+
; altera_reserved_tdo ; altera_reserved_tck ; 14.669 ; 15.412 ; Fall       ; altera_reserved_tck ;
+---------------------+---------------------+--------+--------+------------+---------------------+


+------------------------------------------------------------------------------------------------+
; Minimum Clock to Output Times                                                                  ;
+---------------------+---------------------+--------+--------+------------+---------------------+
; Data Port           ; Clock Port          ; Rise   ; Fall   ; Clock Edge ; Clock Reference     ;
+---------------------+---------------------+--------+--------+------------+---------------------+
; altera_reserved_tdo ; altera_reserved_tck ; 12.256 ; 12.996 ; Fall       ; altera_reserved_tck ;
+---------------------+---------------------+--------+--------+------------+---------------------+


+----------------------------------------------------+
; Propagation Delay                                  ;
+------------+-------------+-------+----+----+-------+
; Input Port ; Output Port ; RR    ; RF ; FR ; FF    ;
+------------+-------------+-------+----+----+-------+
; INPUT      ; SDRAM_CLK   ; 0.812 ;    ;    ; 0.904 ;
+------------+-------------+-------+----+----+-------+


+----------------------------------------------------+
; Minimum Propagation Delay                          ;
+------------+-------------+-------+----+----+-------+
; Input Port ; Output Port ; RR    ; RF ; FR ; FF    ;
+------------+-------------+-------+----+----+-------+
; INPUT      ; SDRAM_CLK   ; 0.354 ;    ;    ; 0.444 ;
+------------+-------------+-------+----+----+-------+


----------------
; MTBF Summary ;
----------------
Typical MTBF of Design is 1e+09 years or 3.15e+16 seconds.

Number of Synchronizer Chains Found: 2
Shortest Synchronizer Chain: 2 Registers
Fraction of Chains for which MTBFs Could Not be Calculated: 0.000
Worst Case Available Settling Time: 196.744 ns

Typical MTBF values are calculated based on the nominal silicon characteristics, at nominal operating conditions.
  - Under typical conditions, an increase of 100ps in available settling time will increase MTBF values by a factor of 10.8



+------------------------------------------------------------------------------------------------------------------------------------------------------------------------------------------------------------------------------------------------------------------------------------------------------------------------------------------------------------------------------------------------------------------------------------------------------+
; Synchronizer Summary                                                                                                                                                                                                                                                                                                                                                                                                                                 ;
+--------------------------------------------------------------------------------------------------------------------------------+------------------------------------------------------------------------------------------------------------------------------------------------------------------------------------------------------------------------------------------------------------------+------------------------+-------------------------+
; Source Node                                                                                                                    ; Synchronization Node                                                                                                                                                                                                                                             ; Typical MTBF (Years)   ; Included in Design MTBF ;
+--------------------------------------------------------------------------------------------------------------------------------+------------------------------------------------------------------------------------------------------------------------------------------------------------------------------------------------------------------------------------------------------------------+------------------------+-------------------------+
; SoC:inst|SoC_cpu:cpu|hbreak_enabled                                                                                            ; SoC:inst|SoC_cpu:cpu|SoC_cpu_nios2_oci:the_SoC_cpu_nios2_oci|SoC_cpu_jtag_debug_module_wrapper:the_SoC_cpu_jtag_debug_module_wrapper|SoC_cpu_jtag_debug_module_tck:the_SoC_cpu_jtag_debug_module_tck|altera_std_synchronizer:the_altera_std_synchronizer1|din_s1 ; Greater than 1 Billion ; Yes                     ;
; SoC:inst|SoC_cpu:cpu|SoC_cpu_nios2_oci:the_SoC_cpu_nios2_oci|SoC_cpu_nios2_oci_debug:the_SoC_cpu_nios2_oci_debug|monitor_ready ; SoC:inst|SoC_cpu:cpu|SoC_cpu_nios2_oci:the_SoC_cpu_nios2_oci|SoC_cpu_jtag_debug_module_wrapper:the_SoC_cpu_jtag_debug_module_wrapper|SoC_cpu_jtag_debug_module_tck:the_SoC_cpu_jtag_debug_module_tck|altera_std_synchronizer:the_altera_std_synchronizer2|din_s1 ; Greater than 1 Billion ; Yes                     ;
+--------------------------------------------------------------------------------------------------------------------------------+------------------------------------------------------------------------------------------------------------------------------------------------------------------------------------------------------------------------------------------------------------------+------------------------+-------------------------+


Synchronizer Chain #1: Typical MTBF is Greater than 1 Billion Years
===============================================================================
+--------------------------------------------------------------------------------------------------------------------------------------------------------------------------------------------------------------------------------------------------------------------------------------------+
; Chain Summary                                                                                                                                                                                                                                                                              ;
+-------------------------+------------------------------------------------------------------------------------------------------------------------------------------------------------------------------------------------------------------------------------------------------------------+
; Property                ; Value                                                                                                                                                                                                                                                            ;
+-------------------------+------------------------------------------------------------------------------------------------------------------------------------------------------------------------------------------------------------------------------------------------------------------+
; Source Node             ; SoC:inst|SoC_cpu:cpu|hbreak_enabled                                                                                                                                                                                                                              ;
; Synchronization Node    ; SoC:inst|SoC_cpu:cpu|SoC_cpu_nios2_oci:the_SoC_cpu_nios2_oci|SoC_cpu_jtag_debug_module_wrapper:the_SoC_cpu_jtag_debug_module_wrapper|SoC_cpu_jtag_debug_module_tck:the_SoC_cpu_jtag_debug_module_tck|altera_std_synchronizer:the_altera_std_synchronizer1|din_s1 ;
; Typical MTBF (years)    ; Greater than 1 Billion                                                                                                                                                                                                                                           ;
; Included in Design MTBF ; Yes                                                                                                                                                                                                                                                              ;
+-------------------------+------------------------------------------------------------------------------------------------------------------------------------------------------------------------------------------------------------------------------------------------------------------+

+----------------------------------------------------------------------------------------------------------------------------------------------------------------------------------------------------------------------------------------------------------------------------------------------------------------------------------------------+
; Statistics                                                                                                                                                                                                                                                                                                                                   ;
+--------------------------------------------------------------------------------------------------------------------------------------------------------------------------------------------------------------------------------------------------------------------+------------------------+--------------+------------------+--------------+
; Property                                                                                                                                                                                                                                                           ; Value                  ; Clock Period ; Active Edge Rate ; Output Slack ;
+--------------------------------------------------------------------------------------------------------------------------------------------------------------------------------------------------------------------------------------------------------------------+------------------------+--------------+------------------+--------------+
; Method of Synchronizer Identification                                                                                                                                                                                                                              ; User Specified         ;              ;                  ;              ;
; Typical MTBF (years)                                                                                                                                                                                                                                               ; Greater than 1 Billion ;              ;                  ;              ;
; Number of Synchronization Registers in Chain                                                                                                                                                                                                                       ; 2                      ;              ;                  ;              ;
; Available Settling Time (ns)                                                                                                                                                                                                                                       ; 196.744                ;              ;                  ;              ;
; Data Toggle Rate Used in MTBF Calculation (millions of transitions / sec)                                                                                                                                                                                          ; 1.25                   ;              ;                  ;              ;
; Source Clock                                                                                                                                                                                                                                                       ;                        ;              ;                  ;              ;
;  Unknown                                                                                                                                                                                                                                                           ;                        ;              ;                  ;              ;
; Synchronization Clock                                                                                                                                                                                                                                              ;                        ;              ;                  ;              ;
;  altera_reserved_tck                                                                                                                                                                                                                                               ;                        ; 100.000      ; 10.0 MHz         ;              ;
; Asynchronous Source                                                                                                                                                                                                                                                ;                        ;              ;                  ;              ;
;  SoC:inst|SoC_cpu:cpu|hbreak_enabled                                                                                                                                                                                                                               ;                        ;              ;                  ;              ;
; Synchronization Registers                                                                                                                                                                                                                                          ;                        ;              ;                  ;              ;
;  SoC:inst|SoC_cpu:cpu|SoC_cpu_nios2_oci:the_SoC_cpu_nios2_oci|SoC_cpu_jtag_debug_module_wrapper:the_SoC_cpu_jtag_debug_module_wrapper|SoC_cpu_jtag_debug_module_tck:the_SoC_cpu_jtag_debug_module_tck|altera_std_synchronizer:the_altera_std_synchronizer1|din_s1  ;                        ;              ;                  ; 99.146       ;
;  SoC:inst|SoC_cpu:cpu|SoC_cpu_nios2_oci:the_SoC_cpu_nios2_oci|SoC_cpu_jtag_debug_module_wrapper:the_SoC_cpu_jtag_debug_module_wrapper|SoC_cpu_jtag_debug_module_tck:the_SoC_cpu_jtag_debug_module_tck|altera_std_synchronizer:the_altera_std_synchronizer1|dreg[0] ;                        ;              ;                  ; 97.598       ;
+--------------------------------------------------------------------------------------------------------------------------------------------------------------------------------------------------------------------------------------------------------------------+------------------------+--------------+------------------+--------------+



Synchronizer Chain #2: Typical MTBF is Greater than 1 Billion Years
===============================================================================
+--------------------------------------------------------------------------------------------------------------------------------------------------------------------------------------------------------------------------------------------------------------------------------------------+
; Chain Summary                                                                                                                                                                                                                                                                              ;
+-------------------------+------------------------------------------------------------------------------------------------------------------------------------------------------------------------------------------------------------------------------------------------------------------+
; Property                ; Value                                                                                                                                                                                                                                                            ;
+-------------------------+------------------------------------------------------------------------------------------------------------------------------------------------------------------------------------------------------------------------------------------------------------------+
; Source Node             ; SoC:inst|SoC_cpu:cpu|SoC_cpu_nios2_oci:the_SoC_cpu_nios2_oci|SoC_cpu_nios2_oci_debug:the_SoC_cpu_nios2_oci_debug|monitor_ready                                                                                                                                   ;
; Synchronization Node    ; SoC:inst|SoC_cpu:cpu|SoC_cpu_nios2_oci:the_SoC_cpu_nios2_oci|SoC_cpu_jtag_debug_module_wrapper:the_SoC_cpu_jtag_debug_module_wrapper|SoC_cpu_jtag_debug_module_tck:the_SoC_cpu_jtag_debug_module_tck|altera_std_synchronizer:the_altera_std_synchronizer2|din_s1 ;
; Typical MTBF (years)    ; Greater than 1 Billion                                                                                                                                                                                                                                           ;
; Included in Design MTBF ; Yes                                                                                                                                                                                                                                                              ;
+-------------------------+------------------------------------------------------------------------------------------------------------------------------------------------------------------------------------------------------------------------------------------------------------------+

+----------------------------------------------------------------------------------------------------------------------------------------------------------------------------------------------------------------------------------------------------------------------------------------------------------------------------------------------+
; Statistics                                                                                                                                                                                                                                                                                                                                   ;
+--------------------------------------------------------------------------------------------------------------------------------------------------------------------------------------------------------------------------------------------------------------------+------------------------+--------------+------------------+--------------+
; Property                                                                                                                                                                                                                                                           ; Value                  ; Clock Period ; Active Edge Rate ; Output Slack ;
+--------------------------------------------------------------------------------------------------------------------------------------------------------------------------------------------------------------------------------------------------------------------+------------------------+--------------+------------------+--------------+
; Method of Synchronizer Identification                                                                                                                                                                                                                              ; User Specified         ;              ;                  ;              ;
; Typical MTBF (years)                                                                                                                                                                                                                                               ; Greater than 1 Billion ;              ;                  ;              ;
; Number of Synchronization Registers in Chain                                                                                                                                                                                                                       ; 2                      ;              ;                  ;              ;
; Available Settling Time (ns)                                                                                                                                                                                                                                       ; 197.460                ;              ;                  ;              ;
; Data Toggle Rate Used in MTBF Calculation (millions of transitions / sec)                                                                                                                                                                                          ; 1.25                   ;              ;                  ;              ;
; Source Clock                                                                                                                                                                                                                                                       ;                        ;              ;                  ;              ;
;  Unknown                                                                                                                                                                                                                                                           ;                        ;              ;                  ;              ;
; Synchronization Clock                                                                                                                                                                                                                                              ;                        ;              ;                  ;              ;
;  altera_reserved_tck                                                                                                                                                                                                                                               ;                        ; 100.000      ; 10.0 MHz         ;              ;
; Asynchronous Source                                                                                                                                                                                                                                                ;                        ;              ;                  ;              ;
;  SoC:inst|SoC_cpu:cpu|SoC_cpu_nios2_oci:the_SoC_cpu_nios2_oci|SoC_cpu_nios2_oci_debug:the_SoC_cpu_nios2_oci_debug|monitor_ready                                                                                                                                    ;                        ;              ;                  ;              ;
; Synchronization Registers                                                                                                                                                                                                                                          ;                        ;              ;                  ;              ;
;  SoC:inst|SoC_cpu:cpu|SoC_cpu_nios2_oci:the_SoC_cpu_nios2_oci|SoC_cpu_jtag_debug_module_wrapper:the_SoC_cpu_jtag_debug_module_wrapper|SoC_cpu_jtag_debug_module_tck:the_SoC_cpu_jtag_debug_module_tck|altera_std_synchronizer:the_altera_std_synchronizer2|din_s1  ;                        ;              ;                  ; 99.148       ;
;  SoC:inst|SoC_cpu:cpu|SoC_cpu_nios2_oci:the_SoC_cpu_nios2_oci|SoC_cpu_jtag_debug_module_wrapper:the_SoC_cpu_jtag_debug_module_wrapper|SoC_cpu_jtag_debug_module_tck:the_SoC_cpu_jtag_debug_module_tck|altera_std_synchronizer:the_altera_std_synchronizer2|dreg[0] ;                        ;              ;                  ; 98.312       ;
+--------------------------------------------------------------------------------------------------------------------------------------------------------------------------------------------------------------------------------------------------------------------+------------------------+--------------+------------------+--------------+



+-----------------------------------------------------------+
; Slow 1200mV 0C Model Fmax Summary                         ;
+------------+-----------------+---------------------+------+
; Fmax       ; Restricted Fmax ; Clock Name          ; Note ;
+------------+-----------------+---------------------+------+
; 141.12 MHz ; 141.12 MHz      ; altera_reserved_tck ;      ;
+------------+-----------------+---------------------+------+
This panel reports FMAX for every clock in the design, regardless of the user-specified clock periods.  FMAX is only computed for paths where the source and destination registers or ports are driven by the same clock.  Paths of different clocks, including generated clocks, are ignored.  For paths between a clock and its inversion, FMAX is computed as if the rising and falling edges are scaled along with FMAX, such that the duty cycle (in terms of a percentage) is maintained. Altera recommends that you always use clock constraints and other slack reports for sign-off analysis.


+----------------------------------------------+
; Slow 1200mV 0C Model Setup Summary           ;
+---------------------+--------+---------------+
; Clock               ; Slack  ; End Point TNS ;
+---------------------+--------+---------------+
; altera_reserved_tck ; 46.457 ; 0.000         ;
+---------------------+--------+---------------+


+---------------------------------------------+
; Slow 1200mV 0C Model Hold Summary           ;
+---------------------+-------+---------------+
; Clock               ; Slack ; End Point TNS ;
+---------------------+-------+---------------+
; altera_reserved_tck ; 0.355 ; 0.000         ;
+---------------------+-------+---------------+


+----------------------------------------------+
; Slow 1200mV 0C Model Recovery Summary        ;
+---------------------+--------+---------------+
; Clock               ; Slack  ; End Point TNS ;
+---------------------+--------+---------------+
; altera_reserved_tck ; 47.883 ; 0.000         ;
+---------------------+--------+---------------+


+---------------------------------------------+
; Slow 1200mV 0C Model Removal Summary        ;
+---------------------+-------+---------------+
; Clock               ; Slack ; End Point TNS ;
+---------------------+-------+---------------+
; altera_reserved_tck ; 1.118 ; 0.000         ;
+---------------------+-------+---------------+


+--------------------------------------------------+
; Slow 1200mV 0C Model Minimum Pulse Width Summary ;
+---------------------+--------+-------------------+
; Clock               ; Slack  ; End Point TNS     ;
+---------------------+--------+-------------------+
; altera_reserved_tck ; 49.566 ; 0.000             ;
+---------------------+--------+-------------------+


+------------------------------------------------------------------------------------------------------------------------------------------------------------------------------------------------------------------------------------------------------------------------------------------------------------------------------------------------------------------------------------------------------------------------------------------------------------------------------------------------------------------------+
; Slow 1200mV 0C Model Setup: 'altera_reserved_tck'                                                                                                                                                                                                                                                                                                                                                                                                                                                                      ;
+--------+------------------------------------------------------------------------------------------------------------------------------------------------------------------------------------------------------------+-------------------------------------------------------------------------------------------------------------------------------------------------------------------------------------------------------------+---------------------+---------------------+--------------+------------+------------+
; Slack  ; From Node                                                                                                                                                                                                  ; To Node                                                                                                                                                                                                     ; Launch Clock        ; Latch Clock         ; Relationship ; Clock Skew ; Data Delay ;
+--------+------------------------------------------------------------------------------------------------------------------------------------------------------------------------------------------------------------+-------------------------------------------------------------------------------------------------------------------------------------------------------------------------------------------------------------+---------------------+---------------------+--------------+------------+------------+
; 46.457 ; sld_hub:auto_hub|sld_jtag_hub:\jtag_hub_gen:sld_jtag_hub_inst|sld_shadow_jsm:shadow_jsm|state[4]                                                                                                           ; sld_hub:auto_hub|sld_jtag_hub:\jtag_hub_gen:sld_jtag_hub_inst|tdo                                                                                                                                           ; altera_reserved_tck ; altera_reserved_tck ; 50.000       ; 0.152      ; 3.714      ;
; 47.304 ; sld_hub:auto_hub|sld_jtag_hub:\jtag_hub_gen:sld_jtag_hub_inst|irsr_reg[1]                                                                                                                                  ; sld_hub:auto_hub|sld_jtag_hub:\jtag_hub_gen:sld_jtag_hub_inst|tdo                                                                                                                                           ; altera_reserved_tck ; altera_reserved_tck ; 50.000       ; 0.162      ; 2.877      ;
; 47.469 ; sld_hub:auto_hub|sld_jtag_hub:\jtag_hub_gen:sld_jtag_hub_inst|irsr_reg[2]                                                                                                                                  ; sld_hub:auto_hub|sld_jtag_hub:\jtag_hub_gen:sld_jtag_hub_inst|tdo                                                                                                                                           ; altera_reserved_tck ; altera_reserved_tck ; 50.000       ; 0.162      ; 2.712      ;
; 47.543 ; sld_hub:auto_hub|sld_jtag_hub:\jtag_hub_gen:sld_jtag_hub_inst|virtual_ir_scan_reg                                                                                                                          ; SoC:inst|SoC_jtag_uart:jtag_uart|alt_jtag_atlantic:SoC_jtag_uart_alt_jtag_atlantic|jupdate                                                                                                                  ; altera_reserved_tck ; altera_reserved_tck ; 50.000       ; 0.134      ; 2.610      ;
; 47.594 ; sld_hub:auto_hub|sld_jtag_hub:\jtag_hub_gen:sld_jtag_hub_inst|virtual_ir_scan_reg                                                                                                                          ; sld_hub:auto_hub|sld_jtag_hub:\jtag_hub_gen:sld_jtag_hub_inst|tdo                                                                                                                                           ; altera_reserved_tck ; altera_reserved_tck ; 50.000       ; 0.153      ; 2.578      ;
; 47.658 ; sld_hub:auto_hub|sld_jtag_hub:\jtag_hub_gen:sld_jtag_hub_inst|sld_shadow_jsm:shadow_jsm|state[3]                                                                                                           ; sld_hub:auto_hub|sld_jtag_hub:\jtag_hub_gen:sld_jtag_hub_inst|tdo                                                                                                                                           ; altera_reserved_tck ; altera_reserved_tck ; 50.000       ; 0.151      ; 2.512      ;
; 47.672 ; sld_hub:auto_hub|sld_jtag_hub:\jtag_hub_gen:sld_jtag_hub_inst|irf_reg[2][0]                                                                                                                                ; SoC:inst|SoC_jtag_uart:jtag_uart|alt_jtag_atlantic:SoC_jtag_uart_alt_jtag_atlantic|jupdate                                                                                                                  ; altera_reserved_tck ; altera_reserved_tck ; 50.000       ; 0.139      ; 2.486      ;
; 47.789 ; sld_hub:auto_hub|sld_jtag_hub:\jtag_hub_gen:sld_jtag_hub_inst|hub_minor_ver_reg[0]                                                                                                                         ; sld_hub:auto_hub|sld_jtag_hub:\jtag_hub_gen:sld_jtag_hub_inst|tdo                                                                                                                                           ; altera_reserved_tck ; altera_reserved_tck ; 50.000       ; 0.161      ; 2.391      ;
; 47.794 ; sld_hub:auto_hub|sld_jtag_hub:\jtag_hub_gen:sld_jtag_hub_inst|design_hash_reg[0]                                                                                                                           ; sld_hub:auto_hub|sld_jtag_hub:\jtag_hub_gen:sld_jtag_hub_inst|tdo                                                                                                                                           ; altera_reserved_tck ; altera_reserved_tck ; 50.000       ; 0.151      ; 2.376      ;
; 47.803 ; sld_hub:auto_hub|sld_jtag_hub:\jtag_hub_gen:sld_jtag_hub_inst|tdo_bypass_reg                                                                                                                               ; sld_hub:auto_hub|sld_jtag_hub:\jtag_hub_gen:sld_jtag_hub_inst|tdo                                                                                                                                           ; altera_reserved_tck ; altera_reserved_tck ; 50.000       ; 0.151      ; 2.367      ;
; 47.926 ; sld_hub:auto_hub|sld_jtag_hub:\jtag_hub_gen:sld_jtag_hub_inst|irsr_reg[5]                                                                                                                                  ; sld_hub:auto_hub|sld_jtag_hub:\jtag_hub_gen:sld_jtag_hub_inst|tdo                                                                                                                                           ; altera_reserved_tck ; altera_reserved_tck ; 50.000       ; 0.162      ; 2.255      ;
; 47.929 ; sld_hub:auto_hub|sld_jtag_hub:\jtag_hub_gen:sld_jtag_hub_inst|node_ena[2]~reg0                                                                                                                             ; SoC:inst|SoC_jtag_uart:jtag_uart|alt_jtag_atlantic:SoC_jtag_uart_alt_jtag_atlantic|jupdate                                                                                                                  ; altera_reserved_tck ; altera_reserved_tck ; 50.000       ; 0.136      ; 2.226      ;
; 47.948 ; sld_hub:auto_hub|sld_jtag_hub:\jtag_hub_gen:sld_jtag_hub_inst|irsr_reg[0]                                                                                                                                  ; sld_hub:auto_hub|sld_jtag_hub:\jtag_hub_gen:sld_jtag_hub_inst|tdo                                                                                                                                           ; altera_reserved_tck ; altera_reserved_tck ; 50.000       ; 0.162      ; 2.233      ;
; 47.951 ; SoC:inst|SoC_cpu:cpu|SoC_cpu_nios2_oci:the_SoC_cpu_nios2_oci|SoC_cpu_jtag_debug_module_wrapper:the_SoC_cpu_jtag_debug_module_wrapper|SoC_cpu_jtag_debug_module_tck:the_SoC_cpu_jtag_debug_module_tck|sr[0] ; sld_hub:auto_hub|sld_jtag_hub:\jtag_hub_gen:sld_jtag_hub_inst|tdo                                                                                                                                           ; altera_reserved_tck ; altera_reserved_tck ; 50.000       ; 0.163      ; 2.231      ;
; 47.964 ; sld_hub:auto_hub|sld_jtag_hub:\jtag_hub_gen:sld_jtag_hub_inst|irsr_reg[6]                                                                                                                                  ; sld_hub:auto_hub|sld_jtag_hub:\jtag_hub_gen:sld_jtag_hub_inst|tdo                                                                                                                                           ; altera_reserved_tck ; altera_reserved_tck ; 50.000       ; 0.161      ; 2.216      ;
; 48.166 ; sld_hub:auto_hub|sld_jtag_hub:\jtag_hub_gen:sld_jtag_hub_inst|sld_shadow_jsm:shadow_jsm|state[8]                                                                                                           ; SoC:inst|SoC_jtag_uart:jtag_uart|alt_jtag_atlantic:SoC_jtag_uart_alt_jtag_atlantic|jupdate                                                                                                                  ; altera_reserved_tck ; altera_reserved_tck ; 50.000       ; 0.133      ; 1.986      ;
; 48.223 ; sld_hub:auto_hub|sld_jtag_hub:\jtag_hub_gen:sld_jtag_hub_inst|sld_rom_sr:hub_info_reg|WORD_SR[0]                                                                                                           ; sld_hub:auto_hub|sld_jtag_hub:\jtag_hub_gen:sld_jtag_hub_inst|tdo                                                                                                                                           ; altera_reserved_tck ; altera_reserved_tck ; 50.000       ; 0.155      ; 1.951      ;
; 49.026 ; SoC:inst|SoC_jtag_uart:jtag_uart|alt_jtag_atlantic:SoC_jtag_uart_alt_jtag_atlantic|td_shift[0]                                                                                                             ; SoC:inst|SoC_jtag_uart:jtag_uart|alt_jtag_atlantic:SoC_jtag_uart_alt_jtag_atlantic|tdo~reg0                                                                                                                 ; altera_reserved_tck ; altera_reserved_tck ; 50.000       ; 0.165      ; 1.158      ;
; 95.399 ; sld_hub:auto_hub|sld_jtag_hub:\jtag_hub_gen:sld_jtag_hub_inst|virtual_ir_scan_reg                                                                                                                          ; sld_hub:auto_hub|sld_jtag_hub:\jtag_hub_gen:sld_jtag_hub_inst|sld_rom_sr:hub_info_reg|WORD_SR[2]                                                                                                            ; altera_reserved_tck ; altera_reserved_tck ; 100.000      ; -0.073     ; 4.547      ;
; 95.495 ; sld_hub:auto_hub|sld_jtag_hub:\jtag_hub_gen:sld_jtag_hub_inst|sld_shadow_jsm:shadow_jsm|state[4]                                                                                                           ; sld_hub:auto_hub|sld_jtag_hub:\jtag_hub_gen:sld_jtag_hub_inst|node_ena[1]~reg0                                                                                                                              ; altera_reserved_tck ; altera_reserved_tck ; 100.000      ; -0.074     ; 4.450      ;
; 95.495 ; sld_hub:auto_hub|sld_jtag_hub:\jtag_hub_gen:sld_jtag_hub_inst|sld_shadow_jsm:shadow_jsm|state[4]                                                                                                           ; sld_hub:auto_hub|sld_jtag_hub:\jtag_hub_gen:sld_jtag_hub_inst|node_ena[2]~reg0                                                                                                                              ; altera_reserved_tck ; altera_reserved_tck ; 100.000      ; -0.074     ; 4.450      ;
; 95.540 ; sld_hub:auto_hub|sld_jtag_hub:\jtag_hub_gen:sld_jtag_hub_inst|sld_shadow_jsm:shadow_jsm|state[4]                                                                                                           ; SoC:inst|SoC_cpu:cpu|SoC_cpu_nios2_oci:the_SoC_cpu_nios2_oci|SoC_cpu_jtag_debug_module_wrapper:the_SoC_cpu_jtag_debug_module_wrapper|SoC_cpu_jtag_debug_module_tck:the_SoC_cpu_jtag_debug_module_tck|sr[25] ; altera_reserved_tck ; altera_reserved_tck ; 100.000      ; -0.097     ; 4.382      ;
; 95.540 ; sld_hub:auto_hub|sld_jtag_hub:\jtag_hub_gen:sld_jtag_hub_inst|sld_shadow_jsm:shadow_jsm|state[4]                                                                                                           ; SoC:inst|SoC_cpu:cpu|SoC_cpu_nios2_oci:the_SoC_cpu_nios2_oci|SoC_cpu_jtag_debug_module_wrapper:the_SoC_cpu_jtag_debug_module_wrapper|SoC_cpu_jtag_debug_module_tck:the_SoC_cpu_jtag_debug_module_tck|sr[24] ; altera_reserved_tck ; altera_reserved_tck ; 100.000      ; -0.097     ; 4.382      ;
; 95.540 ; sld_hub:auto_hub|sld_jtag_hub:\jtag_hub_gen:sld_jtag_hub_inst|sld_shadow_jsm:shadow_jsm|state[4]                                                                                                           ; SoC:inst|SoC_cpu:cpu|SoC_cpu_nios2_oci:the_SoC_cpu_nios2_oci|SoC_cpu_jtag_debug_module_wrapper:the_SoC_cpu_jtag_debug_module_wrapper|SoC_cpu_jtag_debug_module_tck:the_SoC_cpu_jtag_debug_module_tck|sr[32] ; altera_reserved_tck ; altera_reserved_tck ; 100.000      ; -0.097     ; 4.382      ;
; 95.540 ; sld_hub:auto_hub|sld_jtag_hub:\jtag_hub_gen:sld_jtag_hub_inst|sld_shadow_jsm:shadow_jsm|state[4]                                                                                                           ; SoC:inst|SoC_cpu:cpu|SoC_cpu_nios2_oci:the_SoC_cpu_nios2_oci|SoC_cpu_jtag_debug_module_wrapper:the_SoC_cpu_jtag_debug_module_wrapper|SoC_cpu_jtag_debug_module_tck:the_SoC_cpu_jtag_debug_module_tck|sr[33] ; altera_reserved_tck ; altera_reserved_tck ; 100.000      ; -0.097     ; 4.382      ;
; 95.540 ; sld_hub:auto_hub|sld_jtag_hub:\jtag_hub_gen:sld_jtag_hub_inst|sld_shadow_jsm:shadow_jsm|state[4]                                                                                                           ; SoC:inst|SoC_cpu:cpu|SoC_cpu_nios2_oci:the_SoC_cpu_nios2_oci|SoC_cpu_jtag_debug_module_wrapper:the_SoC_cpu_jtag_debug_module_wrapper|SoC_cpu_jtag_debug_module_tck:the_SoC_cpu_jtag_debug_module_tck|sr[34] ; altera_reserved_tck ; altera_reserved_tck ; 100.000      ; -0.097     ; 4.382      ;
; 95.579 ; sld_hub:auto_hub|sld_jtag_hub:\jtag_hub_gen:sld_jtag_hub_inst|virtual_ir_scan_reg                                                                                                                          ; SoC:inst|SoC_jtag_uart:jtag_uart|alt_jtag_atlantic:SoC_jtag_uart_alt_jtag_atlantic|write_stalled                                                                                                            ; altera_reserved_tck ; altera_reserved_tck ; 100.000      ; -0.093     ; 4.347      ;
; 95.579 ; sld_hub:auto_hub|sld_jtag_hub:\jtag_hub_gen:sld_jtag_hub_inst|virtual_ir_scan_reg                                                                                                                          ; SoC:inst|SoC_jtag_uart:jtag_uart|alt_jtag_atlantic:SoC_jtag_uart_alt_jtag_atlantic|write_valid                                                                                                              ; altera_reserved_tck ; altera_reserved_tck ; 100.000      ; -0.093     ; 4.347      ;
; 95.579 ; sld_hub:auto_hub|sld_jtag_hub:\jtag_hub_gen:sld_jtag_hub_inst|virtual_ir_scan_reg                                                                                                                          ; SoC:inst|SoC_jtag_uart:jtag_uart|alt_jtag_atlantic:SoC_jtag_uart_alt_jtag_atlantic|wdata[0]                                                                                                                 ; altera_reserved_tck ; altera_reserved_tck ; 100.000      ; -0.093     ; 4.347      ;
; 95.698 ; sld_hub:auto_hub|sld_jtag_hub:\jtag_hub_gen:sld_jtag_hub_inst|virtual_ir_scan_reg                                                                                                                          ; SoC:inst|SoC_cpu:cpu|SoC_cpu_nios2_oci:the_SoC_cpu_nios2_oci|SoC_cpu_jtag_debug_module_wrapper:the_SoC_cpu_jtag_debug_module_wrapper|SoC_cpu_jtag_debug_module_tck:the_SoC_cpu_jtag_debug_module_tck|sr[25] ; altera_reserved_tck ; altera_reserved_tck ; 100.000      ; -0.096     ; 4.225      ;
; 95.698 ; sld_hub:auto_hub|sld_jtag_hub:\jtag_hub_gen:sld_jtag_hub_inst|virtual_ir_scan_reg                                                                                                                          ; SoC:inst|SoC_cpu:cpu|SoC_cpu_nios2_oci:the_SoC_cpu_nios2_oci|SoC_cpu_jtag_debug_module_wrapper:the_SoC_cpu_jtag_debug_module_wrapper|SoC_cpu_jtag_debug_module_tck:the_SoC_cpu_jtag_debug_module_tck|sr[24] ; altera_reserved_tck ; altera_reserved_tck ; 100.000      ; -0.096     ; 4.225      ;
; 95.698 ; sld_hub:auto_hub|sld_jtag_hub:\jtag_hub_gen:sld_jtag_hub_inst|virtual_ir_scan_reg                                                                                                                          ; SoC:inst|SoC_cpu:cpu|SoC_cpu_nios2_oci:the_SoC_cpu_nios2_oci|SoC_cpu_jtag_debug_module_wrapper:the_SoC_cpu_jtag_debug_module_wrapper|SoC_cpu_jtag_debug_module_tck:the_SoC_cpu_jtag_debug_module_tck|sr[32] ; altera_reserved_tck ; altera_reserved_tck ; 100.000      ; -0.096     ; 4.225      ;
; 95.698 ; sld_hub:auto_hub|sld_jtag_hub:\jtag_hub_gen:sld_jtag_hub_inst|virtual_ir_scan_reg                                                                                                                          ; SoC:inst|SoC_cpu:cpu|SoC_cpu_nios2_oci:the_SoC_cpu_nios2_oci|SoC_cpu_jtag_debug_module_wrapper:the_SoC_cpu_jtag_debug_module_wrapper|SoC_cpu_jtag_debug_module_tck:the_SoC_cpu_jtag_debug_module_tck|sr[33] ; altera_reserved_tck ; altera_reserved_tck ; 100.000      ; -0.096     ; 4.225      ;
; 95.698 ; sld_hub:auto_hub|sld_jtag_hub:\jtag_hub_gen:sld_jtag_hub_inst|virtual_ir_scan_reg                                                                                                                          ; SoC:inst|SoC_cpu:cpu|SoC_cpu_nios2_oci:the_SoC_cpu_nios2_oci|SoC_cpu_jtag_debug_module_wrapper:the_SoC_cpu_jtag_debug_module_wrapper|SoC_cpu_jtag_debug_module_tck:the_SoC_cpu_jtag_debug_module_tck|sr[34] ; altera_reserved_tck ; altera_reserved_tck ; 100.000      ; -0.096     ; 4.225      ;
; 95.708 ; sld_hub:auto_hub|sld_jtag_hub:\jtag_hub_gen:sld_jtag_hub_inst|irf_reg[2][0]                                                                                                                                ; SoC:inst|SoC_jtag_uart:jtag_uart|alt_jtag_atlantic:SoC_jtag_uart_alt_jtag_atlantic|write_stalled                                                                                                            ; altera_reserved_tck ; altera_reserved_tck ; 100.000      ; -0.088     ; 4.223      ;
; 95.708 ; sld_hub:auto_hub|sld_jtag_hub:\jtag_hub_gen:sld_jtag_hub_inst|irf_reg[2][0]                                                                                                                                ; SoC:inst|SoC_jtag_uart:jtag_uart|alt_jtag_atlantic:SoC_jtag_uart_alt_jtag_atlantic|write_valid                                                                                                              ; altera_reserved_tck ; altera_reserved_tck ; 100.000      ; -0.088     ; 4.223      ;
; 95.708 ; sld_hub:auto_hub|sld_jtag_hub:\jtag_hub_gen:sld_jtag_hub_inst|irf_reg[2][0]                                                                                                                                ; SoC:inst|SoC_jtag_uart:jtag_uart|alt_jtag_atlantic:SoC_jtag_uart_alt_jtag_atlantic|wdata[0]                                                                                                                 ; altera_reserved_tck ; altera_reserved_tck ; 100.000      ; -0.088     ; 4.223      ;
; 95.776 ; sld_hub:auto_hub|sld_jtag_hub:\jtag_hub_gen:sld_jtag_hub_inst|sld_shadow_jsm:shadow_jsm|state[4]                                                                                                           ; SoC:inst|SoC_cpu:cpu|SoC_cpu_nios2_oci:the_SoC_cpu_nios2_oci|SoC_cpu_jtag_debug_module_wrapper:the_SoC_cpu_jtag_debug_module_wrapper|SoC_cpu_jtag_debug_module_tck:the_SoC_cpu_jtag_debug_module_tck|sr[26] ; altera_reserved_tck ; altera_reserved_tck ; 100.000      ; -0.095     ; 4.148      ;
; 95.783 ; sld_hub:auto_hub|sld_jtag_hub:\jtag_hub_gen:sld_jtag_hub_inst|sld_shadow_jsm:shadow_jsm|state[4]                                                                                                           ; SoC:inst|SoC_cpu:cpu|SoC_cpu_nios2_oci:the_SoC_cpu_nios2_oci|SoC_cpu_jtag_debug_module_wrapper:the_SoC_cpu_jtag_debug_module_wrapper|SoC_cpu_jtag_debug_module_tck:the_SoC_cpu_jtag_debug_module_tck|sr[27] ; altera_reserved_tck ; altera_reserved_tck ; 100.000      ; -0.095     ; 4.141      ;
; 95.783 ; sld_hub:auto_hub|sld_jtag_hub:\jtag_hub_gen:sld_jtag_hub_inst|sld_shadow_jsm:shadow_jsm|state[4]                                                                                                           ; SoC:inst|SoC_cpu:cpu|SoC_cpu_nios2_oci:the_SoC_cpu_nios2_oci|SoC_cpu_jtag_debug_module_wrapper:the_SoC_cpu_jtag_debug_module_wrapper|SoC_cpu_jtag_debug_module_tck:the_SoC_cpu_jtag_debug_module_tck|sr[29] ; altera_reserved_tck ; altera_reserved_tck ; 100.000      ; -0.095     ; 4.141      ;
; 95.783 ; sld_hub:auto_hub|sld_jtag_hub:\jtag_hub_gen:sld_jtag_hub_inst|sld_shadow_jsm:shadow_jsm|state[4]                                                                                                           ; SoC:inst|SoC_cpu:cpu|SoC_cpu_nios2_oci:the_SoC_cpu_nios2_oci|SoC_cpu_jtag_debug_module_wrapper:the_SoC_cpu_jtag_debug_module_wrapper|SoC_cpu_jtag_debug_module_tck:the_SoC_cpu_jtag_debug_module_tck|sr[28] ; altera_reserved_tck ; altera_reserved_tck ; 100.000      ; -0.095     ; 4.141      ;
; 95.783 ; sld_hub:auto_hub|sld_jtag_hub:\jtag_hub_gen:sld_jtag_hub_inst|sld_shadow_jsm:shadow_jsm|state[4]                                                                                                           ; SoC:inst|SoC_cpu:cpu|SoC_cpu_nios2_oci:the_SoC_cpu_nios2_oci|SoC_cpu_jtag_debug_module_wrapper:the_SoC_cpu_jtag_debug_module_wrapper|SoC_cpu_jtag_debug_module_tck:the_SoC_cpu_jtag_debug_module_tck|sr[30] ; altera_reserved_tck ; altera_reserved_tck ; 100.000      ; -0.095     ; 4.141      ;
; 95.830 ; sld_hub:auto_hub|sld_jtag_hub:\jtag_hub_gen:sld_jtag_hub_inst|sld_shadow_jsm:shadow_jsm|state[4]                                                                                                           ; SoC:inst|SoC_cpu:cpu|SoC_cpu_nios2_oci:the_SoC_cpu_nios2_oci|SoC_cpu_jtag_debug_module_wrapper:the_SoC_cpu_jtag_debug_module_wrapper|SoC_cpu_jtag_debug_module_tck:the_SoC_cpu_jtag_debug_module_tck|sr[17] ; altera_reserved_tck ; altera_reserved_tck ; 100.000      ; -0.101     ; 4.088      ;
; 95.830 ; sld_hub:auto_hub|sld_jtag_hub:\jtag_hub_gen:sld_jtag_hub_inst|sld_shadow_jsm:shadow_jsm|state[4]                                                                                                           ; SoC:inst|SoC_cpu:cpu|SoC_cpu_nios2_oci:the_SoC_cpu_nios2_oci|SoC_cpu_jtag_debug_module_wrapper:the_SoC_cpu_jtag_debug_module_wrapper|SoC_cpu_jtag_debug_module_tck:the_SoC_cpu_jtag_debug_module_tck|sr[20] ; altera_reserved_tck ; altera_reserved_tck ; 100.000      ; -0.101     ; 4.088      ;
; 95.830 ; sld_hub:auto_hub|sld_jtag_hub:\jtag_hub_gen:sld_jtag_hub_inst|sld_shadow_jsm:shadow_jsm|state[4]                                                                                                           ; SoC:inst|SoC_cpu:cpu|SoC_cpu_nios2_oci:the_SoC_cpu_nios2_oci|SoC_cpu_jtag_debug_module_wrapper:the_SoC_cpu_jtag_debug_module_wrapper|SoC_cpu_jtag_debug_module_tck:the_SoC_cpu_jtag_debug_module_tck|sr[19] ; altera_reserved_tck ; altera_reserved_tck ; 100.000      ; -0.101     ; 4.088      ;
; 95.830 ; sld_hub:auto_hub|sld_jtag_hub:\jtag_hub_gen:sld_jtag_hub_inst|sld_shadow_jsm:shadow_jsm|state[4]                                                                                                           ; SoC:inst|SoC_cpu:cpu|SoC_cpu_nios2_oci:the_SoC_cpu_nios2_oci|SoC_cpu_jtag_debug_module_wrapper:the_SoC_cpu_jtag_debug_module_wrapper|SoC_cpu_jtag_debug_module_tck:the_SoC_cpu_jtag_debug_module_tck|sr[18] ; altera_reserved_tck ; altera_reserved_tck ; 100.000      ; -0.101     ; 4.088      ;
; 95.830 ; sld_hub:auto_hub|sld_jtag_hub:\jtag_hub_gen:sld_jtag_hub_inst|sld_shadow_jsm:shadow_jsm|state[4]                                                                                                           ; SoC:inst|SoC_cpu:cpu|SoC_cpu_nios2_oci:the_SoC_cpu_nios2_oci|SoC_cpu_jtag_debug_module_wrapper:the_SoC_cpu_jtag_debug_module_wrapper|SoC_cpu_jtag_debug_module_tck:the_SoC_cpu_jtag_debug_module_tck|sr[23] ; altera_reserved_tck ; altera_reserved_tck ; 100.000      ; -0.101     ; 4.088      ;
; 95.830 ; sld_hub:auto_hub|sld_jtag_hub:\jtag_hub_gen:sld_jtag_hub_inst|sld_shadow_jsm:shadow_jsm|state[4]                                                                                                           ; SoC:inst|SoC_cpu:cpu|SoC_cpu_nios2_oci:the_SoC_cpu_nios2_oci|SoC_cpu_jtag_debug_module_wrapper:the_SoC_cpu_jtag_debug_module_wrapper|SoC_cpu_jtag_debug_module_tck:the_SoC_cpu_jtag_debug_module_tck|sr[22] ; altera_reserved_tck ; altera_reserved_tck ; 100.000      ; -0.101     ; 4.088      ;
; 95.830 ; sld_hub:auto_hub|sld_jtag_hub:\jtag_hub_gen:sld_jtag_hub_inst|sld_shadow_jsm:shadow_jsm|state[4]                                                                                                           ; SoC:inst|SoC_cpu:cpu|SoC_cpu_nios2_oci:the_SoC_cpu_nios2_oci|SoC_cpu_jtag_debug_module_wrapper:the_SoC_cpu_jtag_debug_module_wrapper|SoC_cpu_jtag_debug_module_tck:the_SoC_cpu_jtag_debug_module_tck|sr[21] ; altera_reserved_tck ; altera_reserved_tck ; 100.000      ; -0.101     ; 4.088      ;
; 95.830 ; sld_hub:auto_hub|sld_jtag_hub:\jtag_hub_gen:sld_jtag_hub_inst|sld_shadow_jsm:shadow_jsm|state[4]                                                                                                           ; SoC:inst|SoC_cpu:cpu|SoC_cpu_nios2_oci:the_SoC_cpu_nios2_oci|SoC_cpu_jtag_debug_module_wrapper:the_SoC_cpu_jtag_debug_module_wrapper|SoC_cpu_jtag_debug_module_tck:the_SoC_cpu_jtag_debug_module_tck|sr[16] ; altera_reserved_tck ; altera_reserved_tck ; 100.000      ; -0.101     ; 4.088      ;
; 95.839 ; sld_hub:auto_hub|sld_jtag_hub:\jtag_hub_gen:sld_jtag_hub_inst|sld_shadow_jsm:shadow_jsm|state[4]                                                                                                           ; sld_hub:auto_hub|sld_jtag_hub:\jtag_hub_gen:sld_jtag_hub_inst|sld_rom_sr:hub_info_reg|WORD_SR[2]                                                                                                            ; altera_reserved_tck ; altera_reserved_tck ; 100.000      ; -0.074     ; 4.106      ;
; 95.856 ; sld_hub:auto_hub|sld_jtag_hub:\jtag_hub_gen:sld_jtag_hub_inst|virtual_ir_scan_reg                                                                                                                          ; SoC:inst|SoC_jtag_uart:jtag_uart|alt_jtag_atlantic:SoC_jtag_uart_alt_jtag_atlantic|read                                                                                                                     ; altera_reserved_tck ; altera_reserved_tck ; 100.000      ; -0.086     ; 4.077      ;
; 95.856 ; sld_hub:auto_hub|sld_jtag_hub:\jtag_hub_gen:sld_jtag_hub_inst|virtual_ir_scan_reg                                                                                                                          ; SoC:inst|SoC_jtag_uart:jtag_uart|alt_jtag_atlantic:SoC_jtag_uart_alt_jtag_atlantic|read_req                                                                                                                 ; altera_reserved_tck ; altera_reserved_tck ; 100.000      ; -0.086     ; 4.077      ;
; 95.906 ; sld_hub:auto_hub|sld_jtag_hub:\jtag_hub_gen:sld_jtag_hub_inst|sld_shadow_jsm:shadow_jsm|state[3]                                                                                                           ; SoC:inst|SoC_cpu:cpu|SoC_cpu_nios2_oci:the_SoC_cpu_nios2_oci|SoC_cpu_jtag_debug_module_wrapper:the_SoC_cpu_jtag_debug_module_wrapper|SoC_cpu_jtag_debug_module_tck:the_SoC_cpu_jtag_debug_module_tck|sr[25] ; altera_reserved_tck ; altera_reserved_tck ; 100.000      ; -0.098     ; 4.015      ;
; 95.906 ; sld_hub:auto_hub|sld_jtag_hub:\jtag_hub_gen:sld_jtag_hub_inst|sld_shadow_jsm:shadow_jsm|state[3]                                                                                                           ; SoC:inst|SoC_cpu:cpu|SoC_cpu_nios2_oci:the_SoC_cpu_nios2_oci|SoC_cpu_jtag_debug_module_wrapper:the_SoC_cpu_jtag_debug_module_wrapper|SoC_cpu_jtag_debug_module_tck:the_SoC_cpu_jtag_debug_module_tck|sr[24] ; altera_reserved_tck ; altera_reserved_tck ; 100.000      ; -0.098     ; 4.015      ;
; 95.906 ; sld_hub:auto_hub|sld_jtag_hub:\jtag_hub_gen:sld_jtag_hub_inst|sld_shadow_jsm:shadow_jsm|state[3]                                                                                                           ; SoC:inst|SoC_cpu:cpu|SoC_cpu_nios2_oci:the_SoC_cpu_nios2_oci|SoC_cpu_jtag_debug_module_wrapper:the_SoC_cpu_jtag_debug_module_wrapper|SoC_cpu_jtag_debug_module_tck:the_SoC_cpu_jtag_debug_module_tck|sr[32] ; altera_reserved_tck ; altera_reserved_tck ; 100.000      ; -0.098     ; 4.015      ;
; 95.906 ; sld_hub:auto_hub|sld_jtag_hub:\jtag_hub_gen:sld_jtag_hub_inst|sld_shadow_jsm:shadow_jsm|state[3]                                                                                                           ; SoC:inst|SoC_cpu:cpu|SoC_cpu_nios2_oci:the_SoC_cpu_nios2_oci|SoC_cpu_jtag_debug_module_wrapper:the_SoC_cpu_jtag_debug_module_wrapper|SoC_cpu_jtag_debug_module_tck:the_SoC_cpu_jtag_debug_module_tck|sr[33] ; altera_reserved_tck ; altera_reserved_tck ; 100.000      ; -0.098     ; 4.015      ;
; 95.906 ; sld_hub:auto_hub|sld_jtag_hub:\jtag_hub_gen:sld_jtag_hub_inst|sld_shadow_jsm:shadow_jsm|state[3]                                                                                                           ; SoC:inst|SoC_cpu:cpu|SoC_cpu_nios2_oci:the_SoC_cpu_nios2_oci|SoC_cpu_jtag_debug_module_wrapper:the_SoC_cpu_jtag_debug_module_wrapper|SoC_cpu_jtag_debug_module_tck:the_SoC_cpu_jtag_debug_module_tck|sr[34] ; altera_reserved_tck ; altera_reserved_tck ; 100.000      ; -0.098     ; 4.015      ;
; 95.934 ; sld_hub:auto_hub|sld_jtag_hub:\jtag_hub_gen:sld_jtag_hub_inst|virtual_ir_scan_reg                                                                                                                          ; SoC:inst|SoC_cpu:cpu|SoC_cpu_nios2_oci:the_SoC_cpu_nios2_oci|SoC_cpu_jtag_debug_module_wrapper:the_SoC_cpu_jtag_debug_module_wrapper|SoC_cpu_jtag_debug_module_tck:the_SoC_cpu_jtag_debug_module_tck|sr[26] ; altera_reserved_tck ; altera_reserved_tck ; 100.000      ; -0.094     ; 3.991      ;
; 95.941 ; sld_hub:auto_hub|sld_jtag_hub:\jtag_hub_gen:sld_jtag_hub_inst|virtual_ir_scan_reg                                                                                                                          ; SoC:inst|SoC_cpu:cpu|SoC_cpu_nios2_oci:the_SoC_cpu_nios2_oci|SoC_cpu_jtag_debug_module_wrapper:the_SoC_cpu_jtag_debug_module_wrapper|SoC_cpu_jtag_debug_module_tck:the_SoC_cpu_jtag_debug_module_tck|sr[27] ; altera_reserved_tck ; altera_reserved_tck ; 100.000      ; -0.094     ; 3.984      ;
; 95.941 ; sld_hub:auto_hub|sld_jtag_hub:\jtag_hub_gen:sld_jtag_hub_inst|virtual_ir_scan_reg                                                                                                                          ; SoC:inst|SoC_cpu:cpu|SoC_cpu_nios2_oci:the_SoC_cpu_nios2_oci|SoC_cpu_jtag_debug_module_wrapper:the_SoC_cpu_jtag_debug_module_wrapper|SoC_cpu_jtag_debug_module_tck:the_SoC_cpu_jtag_debug_module_tck|sr[29] ; altera_reserved_tck ; altera_reserved_tck ; 100.000      ; -0.094     ; 3.984      ;
; 95.941 ; sld_hub:auto_hub|sld_jtag_hub:\jtag_hub_gen:sld_jtag_hub_inst|virtual_ir_scan_reg                                                                                                                          ; SoC:inst|SoC_cpu:cpu|SoC_cpu_nios2_oci:the_SoC_cpu_nios2_oci|SoC_cpu_jtag_debug_module_wrapper:the_SoC_cpu_jtag_debug_module_wrapper|SoC_cpu_jtag_debug_module_tck:the_SoC_cpu_jtag_debug_module_tck|sr[28] ; altera_reserved_tck ; altera_reserved_tck ; 100.000      ; -0.094     ; 3.984      ;
; 95.941 ; sld_hub:auto_hub|sld_jtag_hub:\jtag_hub_gen:sld_jtag_hub_inst|virtual_ir_scan_reg                                                                                                                          ; SoC:inst|SoC_cpu:cpu|SoC_cpu_nios2_oci:the_SoC_cpu_nios2_oci|SoC_cpu_jtag_debug_module_wrapper:the_SoC_cpu_jtag_debug_module_wrapper|SoC_cpu_jtag_debug_module_tck:the_SoC_cpu_jtag_debug_module_tck|sr[30] ; altera_reserved_tck ; altera_reserved_tck ; 100.000      ; -0.094     ; 3.984      ;
; 95.965 ; sld_hub:auto_hub|sld_jtag_hub:\jtag_hub_gen:sld_jtag_hub_inst|node_ena[2]~reg0                                                                                                                             ; SoC:inst|SoC_jtag_uart:jtag_uart|alt_jtag_atlantic:SoC_jtag_uart_alt_jtag_atlantic|write_stalled                                                                                                            ; altera_reserved_tck ; altera_reserved_tck ; 100.000      ; -0.091     ; 3.963      ;
; 95.965 ; sld_hub:auto_hub|sld_jtag_hub:\jtag_hub_gen:sld_jtag_hub_inst|node_ena[2]~reg0                                                                                                                             ; SoC:inst|SoC_jtag_uart:jtag_uart|alt_jtag_atlantic:SoC_jtag_uart_alt_jtag_atlantic|write_valid                                                                                                              ; altera_reserved_tck ; altera_reserved_tck ; 100.000      ; -0.091     ; 3.963      ;
; 95.965 ; sld_hub:auto_hub|sld_jtag_hub:\jtag_hub_gen:sld_jtag_hub_inst|node_ena[2]~reg0                                                                                                                             ; SoC:inst|SoC_jtag_uart:jtag_uart|alt_jtag_atlantic:SoC_jtag_uart_alt_jtag_atlantic|wdata[0]                                                                                                                 ; altera_reserved_tck ; altera_reserved_tck ; 100.000      ; -0.091     ; 3.963      ;
; 95.985 ; sld_hub:auto_hub|sld_jtag_hub:\jtag_hub_gen:sld_jtag_hub_inst|irf_reg[2][0]                                                                                                                                ; SoC:inst|SoC_jtag_uart:jtag_uart|alt_jtag_atlantic:SoC_jtag_uart_alt_jtag_atlantic|read                                                                                                                     ; altera_reserved_tck ; altera_reserved_tck ; 100.000      ; -0.081     ; 3.953      ;
; 95.985 ; sld_hub:auto_hub|sld_jtag_hub:\jtag_hub_gen:sld_jtag_hub_inst|irf_reg[2][0]                                                                                                                                ; SoC:inst|SoC_jtag_uart:jtag_uart|alt_jtag_atlantic:SoC_jtag_uart_alt_jtag_atlantic|read_req                                                                                                                 ; altera_reserved_tck ; altera_reserved_tck ; 100.000      ; -0.081     ; 3.953      ;
; 95.988 ; sld_hub:auto_hub|sld_jtag_hub:\jtag_hub_gen:sld_jtag_hub_inst|virtual_ir_scan_reg                                                                                                                          ; SoC:inst|SoC_cpu:cpu|SoC_cpu_nios2_oci:the_SoC_cpu_nios2_oci|SoC_cpu_jtag_debug_module_wrapper:the_SoC_cpu_jtag_debug_module_wrapper|SoC_cpu_jtag_debug_module_tck:the_SoC_cpu_jtag_debug_module_tck|sr[17] ; altera_reserved_tck ; altera_reserved_tck ; 100.000      ; -0.100     ; 3.931      ;
; 95.988 ; sld_hub:auto_hub|sld_jtag_hub:\jtag_hub_gen:sld_jtag_hub_inst|virtual_ir_scan_reg                                                                                                                          ; SoC:inst|SoC_cpu:cpu|SoC_cpu_nios2_oci:the_SoC_cpu_nios2_oci|SoC_cpu_jtag_debug_module_wrapper:the_SoC_cpu_jtag_debug_module_wrapper|SoC_cpu_jtag_debug_module_tck:the_SoC_cpu_jtag_debug_module_tck|sr[20] ; altera_reserved_tck ; altera_reserved_tck ; 100.000      ; -0.100     ; 3.931      ;
; 95.988 ; sld_hub:auto_hub|sld_jtag_hub:\jtag_hub_gen:sld_jtag_hub_inst|virtual_ir_scan_reg                                                                                                                          ; SoC:inst|SoC_cpu:cpu|SoC_cpu_nios2_oci:the_SoC_cpu_nios2_oci|SoC_cpu_jtag_debug_module_wrapper:the_SoC_cpu_jtag_debug_module_wrapper|SoC_cpu_jtag_debug_module_tck:the_SoC_cpu_jtag_debug_module_tck|sr[19] ; altera_reserved_tck ; altera_reserved_tck ; 100.000      ; -0.100     ; 3.931      ;
; 95.988 ; sld_hub:auto_hub|sld_jtag_hub:\jtag_hub_gen:sld_jtag_hub_inst|virtual_ir_scan_reg                                                                                                                          ; SoC:inst|SoC_cpu:cpu|SoC_cpu_nios2_oci:the_SoC_cpu_nios2_oci|SoC_cpu_jtag_debug_module_wrapper:the_SoC_cpu_jtag_debug_module_wrapper|SoC_cpu_jtag_debug_module_tck:the_SoC_cpu_jtag_debug_module_tck|sr[18] ; altera_reserved_tck ; altera_reserved_tck ; 100.000      ; -0.100     ; 3.931      ;
; 95.988 ; sld_hub:auto_hub|sld_jtag_hub:\jtag_hub_gen:sld_jtag_hub_inst|virtual_ir_scan_reg                                                                                                                          ; SoC:inst|SoC_cpu:cpu|SoC_cpu_nios2_oci:the_SoC_cpu_nios2_oci|SoC_cpu_jtag_debug_module_wrapper:the_SoC_cpu_jtag_debug_module_wrapper|SoC_cpu_jtag_debug_module_tck:the_SoC_cpu_jtag_debug_module_tck|sr[23] ; altera_reserved_tck ; altera_reserved_tck ; 100.000      ; -0.100     ; 3.931      ;
; 95.988 ; sld_hub:auto_hub|sld_jtag_hub:\jtag_hub_gen:sld_jtag_hub_inst|virtual_ir_scan_reg                                                                                                                          ; SoC:inst|SoC_cpu:cpu|SoC_cpu_nios2_oci:the_SoC_cpu_nios2_oci|SoC_cpu_jtag_debug_module_wrapper:the_SoC_cpu_jtag_debug_module_wrapper|SoC_cpu_jtag_debug_module_tck:the_SoC_cpu_jtag_debug_module_tck|sr[22] ; altera_reserved_tck ; altera_reserved_tck ; 100.000      ; -0.100     ; 3.931      ;
; 95.988 ; sld_hub:auto_hub|sld_jtag_hub:\jtag_hub_gen:sld_jtag_hub_inst|virtual_ir_scan_reg                                                                                                                          ; SoC:inst|SoC_cpu:cpu|SoC_cpu_nios2_oci:the_SoC_cpu_nios2_oci|SoC_cpu_jtag_debug_module_wrapper:the_SoC_cpu_jtag_debug_module_wrapper|SoC_cpu_jtag_debug_module_tck:the_SoC_cpu_jtag_debug_module_tck|sr[21] ; altera_reserved_tck ; altera_reserved_tck ; 100.000      ; -0.100     ; 3.931      ;
; 95.988 ; sld_hub:auto_hub|sld_jtag_hub:\jtag_hub_gen:sld_jtag_hub_inst|virtual_ir_scan_reg                                                                                                                          ; SoC:inst|SoC_cpu:cpu|SoC_cpu_nios2_oci:the_SoC_cpu_nios2_oci|SoC_cpu_jtag_debug_module_wrapper:the_SoC_cpu_jtag_debug_module_wrapper|SoC_cpu_jtag_debug_module_tck:the_SoC_cpu_jtag_debug_module_tck|sr[16] ; altera_reserved_tck ; altera_reserved_tck ; 100.000      ; -0.100     ; 3.931      ;
; 96.057 ; sld_hub:auto_hub|sld_jtag_hub:\jtag_hub_gen:sld_jtag_hub_inst|sld_shadow_jsm:shadow_jsm|state[8]                                                                                                           ; sld_hub:auto_hub|sld_jtag_hub:\jtag_hub_gen:sld_jtag_hub_inst|sld_rom_sr:hub_info_reg|WORD_SR[2]                                                                                                            ; altera_reserved_tck ; altera_reserved_tck ; 100.000      ; -0.074     ; 3.888      ;
; 96.075 ; sld_hub:auto_hub|sld_jtag_hub:\jtag_hub_gen:sld_jtag_hub_inst|node_ena[1]~reg0                                                                                                                             ; SoC:inst|SoC_cpu:cpu|SoC_cpu_nios2_oci:the_SoC_cpu_nios2_oci|SoC_cpu_jtag_debug_module_wrapper:the_SoC_cpu_jtag_debug_module_wrapper|SoC_cpu_jtag_debug_module_tck:the_SoC_cpu_jtag_debug_module_tck|sr[25] ; altera_reserved_tck ; altera_reserved_tck ; 100.000      ; -0.094     ; 3.850      ;
; 96.075 ; sld_hub:auto_hub|sld_jtag_hub:\jtag_hub_gen:sld_jtag_hub_inst|node_ena[1]~reg0                                                                                                                             ; SoC:inst|SoC_cpu:cpu|SoC_cpu_nios2_oci:the_SoC_cpu_nios2_oci|SoC_cpu_jtag_debug_module_wrapper:the_SoC_cpu_jtag_debug_module_wrapper|SoC_cpu_jtag_debug_module_tck:the_SoC_cpu_jtag_debug_module_tck|sr[24] ; altera_reserved_tck ; altera_reserved_tck ; 100.000      ; -0.094     ; 3.850      ;
; 96.075 ; sld_hub:auto_hub|sld_jtag_hub:\jtag_hub_gen:sld_jtag_hub_inst|node_ena[1]~reg0                                                                                                                             ; SoC:inst|SoC_cpu:cpu|SoC_cpu_nios2_oci:the_SoC_cpu_nios2_oci|SoC_cpu_jtag_debug_module_wrapper:the_SoC_cpu_jtag_debug_module_wrapper|SoC_cpu_jtag_debug_module_tck:the_SoC_cpu_jtag_debug_module_tck|sr[32] ; altera_reserved_tck ; altera_reserved_tck ; 100.000      ; -0.094     ; 3.850      ;
; 96.075 ; sld_hub:auto_hub|sld_jtag_hub:\jtag_hub_gen:sld_jtag_hub_inst|node_ena[1]~reg0                                                                                                                             ; SoC:inst|SoC_cpu:cpu|SoC_cpu_nios2_oci:the_SoC_cpu_nios2_oci|SoC_cpu_jtag_debug_module_wrapper:the_SoC_cpu_jtag_debug_module_wrapper|SoC_cpu_jtag_debug_module_tck:the_SoC_cpu_jtag_debug_module_tck|sr[33] ; altera_reserved_tck ; altera_reserved_tck ; 100.000      ; -0.094     ; 3.850      ;
; 96.075 ; sld_hub:auto_hub|sld_jtag_hub:\jtag_hub_gen:sld_jtag_hub_inst|node_ena[1]~reg0                                                                                                                             ; SoC:inst|SoC_cpu:cpu|SoC_cpu_nios2_oci:the_SoC_cpu_nios2_oci|SoC_cpu_jtag_debug_module_wrapper:the_SoC_cpu_jtag_debug_module_wrapper|SoC_cpu_jtag_debug_module_tck:the_SoC_cpu_jtag_debug_module_tck|sr[34] ; altera_reserved_tck ; altera_reserved_tck ; 100.000      ; -0.094     ; 3.850      ;
; 96.128 ; sld_hub:auto_hub|sld_jtag_hub:\jtag_hub_gen:sld_jtag_hub_inst|virtual_ir_scan_reg                                                                                                                          ; sld_hub:auto_hub|sld_jtag_hub:\jtag_hub_gen:sld_jtag_hub_inst|irf_reg[2][4]                                                                                                                                 ; altera_reserved_tck ; altera_reserved_tck ; 100.000      ; -0.076     ; 3.815      ;
; 96.128 ; sld_hub:auto_hub|sld_jtag_hub:\jtag_hub_gen:sld_jtag_hub_inst|virtual_ir_scan_reg                                                                                                                          ; sld_hub:auto_hub|sld_jtag_hub:\jtag_hub_gen:sld_jtag_hub_inst|irf_reg[2][3]                                                                                                                                 ; altera_reserved_tck ; altera_reserved_tck ; 100.000      ; -0.076     ; 3.815      ;
; 96.128 ; sld_hub:auto_hub|sld_jtag_hub:\jtag_hub_gen:sld_jtag_hub_inst|virtual_ir_scan_reg                                                                                                                          ; sld_hub:auto_hub|sld_jtag_hub:\jtag_hub_gen:sld_jtag_hub_inst|irf_reg[2][2]                                                                                                                                 ; altera_reserved_tck ; altera_reserved_tck ; 100.000      ; -0.076     ; 3.815      ;
; 96.128 ; sld_hub:auto_hub|sld_jtag_hub:\jtag_hub_gen:sld_jtag_hub_inst|virtual_ir_scan_reg                                                                                                                          ; sld_hub:auto_hub|sld_jtag_hub:\jtag_hub_gen:sld_jtag_hub_inst|irf_reg[2][1]                                                                                                                                 ; altera_reserved_tck ; altera_reserved_tck ; 100.000      ; -0.076     ; 3.815      ;
; 96.128 ; sld_hub:auto_hub|sld_jtag_hub:\jtag_hub_gen:sld_jtag_hub_inst|virtual_ir_scan_reg                                                                                                                          ; sld_hub:auto_hub|sld_jtag_hub:\jtag_hub_gen:sld_jtag_hub_inst|irf_reg[2][0]                                                                                                                                 ; altera_reserved_tck ; altera_reserved_tck ; 100.000      ; -0.076     ; 3.815      ;
; 96.129 ; sld_hub:auto_hub|sld_jtag_hub:\jtag_hub_gen:sld_jtag_hub_inst|sld_shadow_jsm:shadow_jsm|state[4]                                                                                                           ; SoC:inst|SoC_cpu:cpu|SoC_cpu_nios2_oci:the_SoC_cpu_nios2_oci|SoC_cpu_jtag_debug_module_wrapper:the_SoC_cpu_jtag_debug_module_wrapper|SoC_cpu_jtag_debug_module_tck:the_SoC_cpu_jtag_debug_module_tck|sr[36] ; altera_reserved_tck ; altera_reserved_tck ; 100.000      ; -0.081     ; 3.809      ;
; 96.129 ; sld_hub:auto_hub|sld_jtag_hub:\jtag_hub_gen:sld_jtag_hub_inst|sld_shadow_jsm:shadow_jsm|state[4]                                                                                                           ; SoC:inst|SoC_cpu:cpu|SoC_cpu_nios2_oci:the_SoC_cpu_nios2_oci|SoC_cpu_jtag_debug_module_wrapper:the_SoC_cpu_jtag_debug_module_wrapper|SoC_cpu_jtag_debug_module_tck:the_SoC_cpu_jtag_debug_module_tck|sr[37] ; altera_reserved_tck ; altera_reserved_tck ; 100.000      ; -0.081     ; 3.809      ;
; 96.149 ; sld_hub:auto_hub|sld_jtag_hub:\jtag_hub_gen:sld_jtag_hub_inst|sld_shadow_jsm:shadow_jsm|state[3]                                                                                                           ; SoC:inst|SoC_cpu:cpu|SoC_cpu_nios2_oci:the_SoC_cpu_nios2_oci|SoC_cpu_jtag_debug_module_wrapper:the_SoC_cpu_jtag_debug_module_wrapper|SoC_cpu_jtag_debug_module_tck:the_SoC_cpu_jtag_debug_module_tck|sr[26] ; altera_reserved_tck ; altera_reserved_tck ; 100.000      ; -0.096     ; 3.774      ;
; 96.149 ; sld_hub:auto_hub|sld_jtag_hub:\jtag_hub_gen:sld_jtag_hub_inst|sld_shadow_jsm:shadow_jsm|state[3]                                                                                                           ; SoC:inst|SoC_cpu:cpu|SoC_cpu_nios2_oci:the_SoC_cpu_nios2_oci|SoC_cpu_jtag_debug_module_wrapper:the_SoC_cpu_jtag_debug_module_wrapper|SoC_cpu_jtag_debug_module_tck:the_SoC_cpu_jtag_debug_module_tck|sr[27] ; altera_reserved_tck ; altera_reserved_tck ; 100.000      ; -0.096     ; 3.774      ;
; 96.149 ; sld_hub:auto_hub|sld_jtag_hub:\jtag_hub_gen:sld_jtag_hub_inst|sld_shadow_jsm:shadow_jsm|state[3]                                                                                                           ; SoC:inst|SoC_cpu:cpu|SoC_cpu_nios2_oci:the_SoC_cpu_nios2_oci|SoC_cpu_jtag_debug_module_wrapper:the_SoC_cpu_jtag_debug_module_wrapper|SoC_cpu_jtag_debug_module_tck:the_SoC_cpu_jtag_debug_module_tck|sr[29] ; altera_reserved_tck ; altera_reserved_tck ; 100.000      ; -0.096     ; 3.774      ;
; 96.149 ; sld_hub:auto_hub|sld_jtag_hub:\jtag_hub_gen:sld_jtag_hub_inst|sld_shadow_jsm:shadow_jsm|state[3]                                                                                                           ; SoC:inst|SoC_cpu:cpu|SoC_cpu_nios2_oci:the_SoC_cpu_nios2_oci|SoC_cpu_jtag_debug_module_wrapper:the_SoC_cpu_jtag_debug_module_wrapper|SoC_cpu_jtag_debug_module_tck:the_SoC_cpu_jtag_debug_module_tck|sr[28] ; altera_reserved_tck ; altera_reserved_tck ; 100.000      ; -0.096     ; 3.774      ;
; 96.149 ; sld_hub:auto_hub|sld_jtag_hub:\jtag_hub_gen:sld_jtag_hub_inst|sld_shadow_jsm:shadow_jsm|state[3]                                                                                                           ; SoC:inst|SoC_cpu:cpu|SoC_cpu_nios2_oci:the_SoC_cpu_nios2_oci|SoC_cpu_jtag_debug_module_wrapper:the_SoC_cpu_jtag_debug_module_wrapper|SoC_cpu_jtag_debug_module_tck:the_SoC_cpu_jtag_debug_module_tck|sr[30] ; altera_reserved_tck ; altera_reserved_tck ; 100.000      ; -0.096     ; 3.774      ;
; 96.165 ; sld_hub:auto_hub|sld_jtag_hub:\jtag_hub_gen:sld_jtag_hub_inst|virtual_ir_scan_reg                                                                                                                          ; SoC:inst|SoC_jtag_uart:jtag_uart|alt_jtag_atlantic:SoC_jtag_uart_alt_jtag_atlantic|wdata[7]                                                                                                                 ; altera_reserved_tck ; altera_reserved_tck ; 100.000      ; -0.093     ; 3.761      ;
; 96.165 ; sld_hub:auto_hub|sld_jtag_hub:\jtag_hub_gen:sld_jtag_hub_inst|virtual_ir_scan_reg                                                                                                                          ; SoC:inst|SoC_jtag_uart:jtag_uart|alt_jtag_atlantic:SoC_jtag_uart_alt_jtag_atlantic|wdata[6]                                                                                                                 ; altera_reserved_tck ; altera_reserved_tck ; 100.000      ; -0.093     ; 3.761      ;
; 96.165 ; sld_hub:auto_hub|sld_jtag_hub:\jtag_hub_gen:sld_jtag_hub_inst|virtual_ir_scan_reg                                                                                                                          ; SoC:inst|SoC_jtag_uart:jtag_uart|alt_jtag_atlantic:SoC_jtag_uart_alt_jtag_atlantic|wdata[5]                                                                                                                 ; altera_reserved_tck ; altera_reserved_tck ; 100.000      ; -0.093     ; 3.761      ;
; 96.165 ; sld_hub:auto_hub|sld_jtag_hub:\jtag_hub_gen:sld_jtag_hub_inst|virtual_ir_scan_reg                                                                                                                          ; SoC:inst|SoC_jtag_uart:jtag_uart|alt_jtag_atlantic:SoC_jtag_uart_alt_jtag_atlantic|write                                                                                                                    ; altera_reserved_tck ; altera_reserved_tck ; 100.000      ; -0.093     ; 3.761      ;
; 96.165 ; sld_hub:auto_hub|sld_jtag_hub:\jtag_hub_gen:sld_jtag_hub_inst|virtual_ir_scan_reg                                                                                                                          ; SoC:inst|SoC_jtag_uart:jtag_uart|alt_jtag_atlantic:SoC_jtag_uart_alt_jtag_atlantic|wdata[4]                                                                                                                 ; altera_reserved_tck ; altera_reserved_tck ; 100.000      ; -0.093     ; 3.761      ;
; 96.165 ; sld_hub:auto_hub|sld_jtag_hub:\jtag_hub_gen:sld_jtag_hub_inst|virtual_ir_scan_reg                                                                                                                          ; SoC:inst|SoC_jtag_uart:jtag_uart|alt_jtag_atlantic:SoC_jtag_uart_alt_jtag_atlantic|wdata[3]                                                                                                                 ; altera_reserved_tck ; altera_reserved_tck ; 100.000      ; -0.093     ; 3.761      ;
+--------+------------------------------------------------------------------------------------------------------------------------------------------------------------------------------------------------------------+-------------------------------------------------------------------------------------------------------------------------------------------------------------------------------------------------------------+---------------------+---------------------+--------------+------------+------------+


+------------------------------------------------------------------------------------------------------------------------------------------------------------------------------------------------------------------------------------------------------------------------------------------------------------------------------------------------------------------------------------------------------------------------------------------------------------------------------------------------------------------------------------------------------------------------------------------------------------------------------------+
; Slow 1200mV 0C Model Hold: 'altera_reserved_tck'                                                                                                                                                                                                                                                                                                                                                                                                                                                                                                                                                                                   ;
+-------+-------------------------------------------------------------------------------------------------------------------------------------------------------------------------------------------------------------------------------------------------------------------+-------------------------------------------------------------------------------------------------------------------------------------------------------------------------------------------------------------------------------------------------------------------+---------------------+---------------------+--------------+------------+------------+
; Slack ; From Node                                                                                                                                                                                                                                                         ; To Node                                                                                                                                                                                                                                                           ; Launch Clock        ; Latch Clock         ; Relationship ; Clock Skew ; Data Delay ;
+-------+-------------------------------------------------------------------------------------------------------------------------------------------------------------------------------------------------------------------------------------------------------------------+-------------------------------------------------------------------------------------------------------------------------------------------------------------------------------------------------------------------------------------------------------------------+---------------------+---------------------+--------------+------------+------------+
; 0.355 ; SoC:inst|SoC_jtag_uart:jtag_uart|alt_jtag_atlantic:SoC_jtag_uart_alt_jtag_atlantic|state                                                                                                                                                                          ; SoC:inst|SoC_jtag_uart:jtag_uart|alt_jtag_atlantic:SoC_jtag_uart_alt_jtag_atlantic|state                                                                                                                                                                          ; altera_reserved_tck ; altera_reserved_tck ; 0.000        ; 0.071      ; 0.597      ;
; 0.355 ; sld_hub:auto_hub|sld_jtag_hub:\jtag_hub_gen:sld_jtag_hub_inst|sld_shadow_jsm:shadow_jsm|state[13]                                                                                                                                                                 ; sld_hub:auto_hub|sld_jtag_hub:\jtag_hub_gen:sld_jtag_hub_inst|sld_shadow_jsm:shadow_jsm|state[13]                                                                                                                                                                 ; altera_reserved_tck ; altera_reserved_tck ; 0.000        ; 0.071      ; 0.597      ;
; 0.355 ; sld_hub:auto_hub|sld_jtag_hub:\jtag_hub_gen:sld_jtag_hub_inst|sld_shadow_jsm:shadow_jsm|state[11]                                                                                                                                                                 ; sld_hub:auto_hub|sld_jtag_hub:\jtag_hub_gen:sld_jtag_hub_inst|sld_shadow_jsm:shadow_jsm|state[11]                                                                                                                                                                 ; altera_reserved_tck ; altera_reserved_tck ; 0.000        ; 0.071      ; 0.597      ;
; 0.355 ; sld_hub:auto_hub|sld_jtag_hub:\jtag_hub_gen:sld_jtag_hub_inst|sld_shadow_jsm:shadow_jsm|state[4]                                                                                                                                                                  ; sld_hub:auto_hub|sld_jtag_hub:\jtag_hub_gen:sld_jtag_hub_inst|sld_shadow_jsm:shadow_jsm|state[4]                                                                                                                                                                  ; altera_reserved_tck ; altera_reserved_tck ; 0.000        ; 0.071      ; 0.597      ;
; 0.355 ; sld_hub:auto_hub|sld_jtag_hub:\jtag_hub_gen:sld_jtag_hub_inst|sld_shadow_jsm:shadow_jsm|state[1]                                                                                                                                                                  ; sld_hub:auto_hub|sld_jtag_hub:\jtag_hub_gen:sld_jtag_hub_inst|sld_shadow_jsm:shadow_jsm|state[1]                                                                                                                                                                  ; altera_reserved_tck ; altera_reserved_tck ; 0.000        ; 0.071      ; 0.597      ;
; 0.355 ; sld_hub:auto_hub|sld_jtag_hub:\jtag_hub_gen:sld_jtag_hub_inst|sld_shadow_jsm:shadow_jsm|state[0]                                                                                                                                                                  ; sld_hub:auto_hub|sld_jtag_hub:\jtag_hub_gen:sld_jtag_hub_inst|sld_shadow_jsm:shadow_jsm|state[0]                                                                                                                                                                  ; altera_reserved_tck ; altera_reserved_tck ; 0.000        ; 0.071      ; 0.597      ;
; 0.355 ; sld_hub:auto_hub|sld_jtag_hub:\jtag_hub_gen:sld_jtag_hub_inst|sld_shadow_jsm:shadow_jsm|state[6]                                                                                                                                                                  ; sld_hub:auto_hub|sld_jtag_hub:\jtag_hub_gen:sld_jtag_hub_inst|sld_shadow_jsm:shadow_jsm|state[6]                                                                                                                                                                  ; altera_reserved_tck ; altera_reserved_tck ; 0.000        ; 0.071      ; 0.597      ;
; 0.356 ; sld_hub:auto_hub|sld_jtag_hub:\jtag_hub_gen:sld_jtag_hub_inst|hub_mode_reg[2]                                                                                                                                                                                     ; sld_hub:auto_hub|sld_jtag_hub:\jtag_hub_gen:sld_jtag_hub_inst|hub_mode_reg[2]                                                                                                                                                                                     ; altera_reserved_tck ; altera_reserved_tck ; 0.000        ; 0.070      ; 0.597      ;
; 0.356 ; sld_hub:auto_hub|sld_jtag_hub:\jtag_hub_gen:sld_jtag_hub_inst|hub_mode_reg[1]                                                                                                                                                                                     ; sld_hub:auto_hub|sld_jtag_hub:\jtag_hub_gen:sld_jtag_hub_inst|hub_mode_reg[1]                                                                                                                                                                                     ; altera_reserved_tck ; altera_reserved_tck ; 0.000        ; 0.070      ; 0.597      ;
; 0.356 ; SoC:inst|SoC_jtag_uart:jtag_uart|alt_jtag_atlantic:SoC_jtag_uart_alt_jtag_atlantic|write_stalled                                                                                                                                                                  ; SoC:inst|SoC_jtag_uart:jtag_uart|alt_jtag_atlantic:SoC_jtag_uart_alt_jtag_atlantic|write_stalled                                                                                                                                                                  ; altera_reserved_tck ; altera_reserved_tck ; 0.000        ; 0.070      ; 0.597      ;
; 0.356 ; sld_hub:auto_hub|sld_jtag_hub:\jtag_hub_gen:sld_jtag_hub_inst|hub_mode_reg[0]                                                                                                                                                                                     ; sld_hub:auto_hub|sld_jtag_hub:\jtag_hub_gen:sld_jtag_hub_inst|hub_mode_reg[0]                                                                                                                                                                                     ; altera_reserved_tck ; altera_reserved_tck ; 0.000        ; 0.070      ; 0.597      ;
; 0.356 ; sld_hub:auto_hub|sld_jtag_hub:\jtag_hub_gen:sld_jtag_hub_inst|irsr_reg[5]                                                                                                                                                                                         ; sld_hub:auto_hub|sld_jtag_hub:\jtag_hub_gen:sld_jtag_hub_inst|irsr_reg[5]                                                                                                                                                                                         ; altera_reserved_tck ; altera_reserved_tck ; 0.000        ; 0.070      ; 0.597      ;
; 0.356 ; sld_hub:auto_hub|sld_jtag_hub:\jtag_hub_gen:sld_jtag_hub_inst|irsr_reg[4]                                                                                                                                                                                         ; sld_hub:auto_hub|sld_jtag_hub:\jtag_hub_gen:sld_jtag_hub_inst|irsr_reg[4]                                                                                                                                                                                         ; altera_reserved_tck ; altera_reserved_tck ; 0.000        ; 0.070      ; 0.597      ;
; 0.356 ; sld_hub:auto_hub|sld_jtag_hub:\jtag_hub_gen:sld_jtag_hub_inst|irsr_reg[6]                                                                                                                                                                                         ; sld_hub:auto_hub|sld_jtag_hub:\jtag_hub_gen:sld_jtag_hub_inst|irsr_reg[6]                                                                                                                                                                                         ; altera_reserved_tck ; altera_reserved_tck ; 0.000        ; 0.070      ; 0.597      ;
; 0.356 ; sld_hub:auto_hub|sld_jtag_hub:\jtag_hub_gen:sld_jtag_hub_inst|tdo_bypass_reg                                                                                                                                                                                      ; sld_hub:auto_hub|sld_jtag_hub:\jtag_hub_gen:sld_jtag_hub_inst|tdo_bypass_reg                                                                                                                                                                                      ; altera_reserved_tck ; altera_reserved_tck ; 0.000        ; 0.070      ; 0.597      ;
; 0.356 ; sld_hub:auto_hub|sld_jtag_hub:\jtag_hub_gen:sld_jtag_hub_inst|sld_shadow_jsm:shadow_jsm|tms_cnt[2]                                                                                                                                                                ; sld_hub:auto_hub|sld_jtag_hub:\jtag_hub_gen:sld_jtag_hub_inst|sld_shadow_jsm:shadow_jsm|tms_cnt[2]                                                                                                                                                                ; altera_reserved_tck ; altera_reserved_tck ; 0.000        ; 0.070      ; 0.597      ;
; 0.356 ; sld_hub:auto_hub|sld_jtag_hub:\jtag_hub_gen:sld_jtag_hub_inst|sld_shadow_jsm:shadow_jsm|tms_cnt[1]                                                                                                                                                                ; sld_hub:auto_hub|sld_jtag_hub:\jtag_hub_gen:sld_jtag_hub_inst|sld_shadow_jsm:shadow_jsm|tms_cnt[1]                                                                                                                                                                ; altera_reserved_tck ; altera_reserved_tck ; 0.000        ; 0.070      ; 0.597      ;
; 0.357 ; SoC:inst|SoC_jtag_uart:jtag_uart|alt_jtag_atlantic:SoC_jtag_uart_alt_jtag_atlantic|user_saw_rvalid                                                                                                                                                                ; SoC:inst|SoC_jtag_uart:jtag_uart|alt_jtag_atlantic:SoC_jtag_uart_alt_jtag_atlantic|user_saw_rvalid                                                                                                                                                                ; altera_reserved_tck ; altera_reserved_tck ; 0.000        ; 0.069      ; 0.597      ;
; 0.357 ; SoC:inst|SoC_cpu:cpu|SoC_cpu_nios2_oci:the_SoC_cpu_nios2_oci|SoC_cpu_jtag_debug_module_wrapper:the_SoC_cpu_jtag_debug_module_wrapper|SoC_cpu_jtag_debug_module_tck:the_SoC_cpu_jtag_debug_module_tck|sr[31]                                                       ; SoC:inst|SoC_cpu:cpu|SoC_cpu_nios2_oci:the_SoC_cpu_nios2_oci|SoC_cpu_jtag_debug_module_wrapper:the_SoC_cpu_jtag_debug_module_wrapper|SoC_cpu_jtag_debug_module_tck:the_SoC_cpu_jtag_debug_module_tck|sr[31]                                                       ; altera_reserved_tck ; altera_reserved_tck ; 0.000        ; 0.069      ; 0.597      ;
; 0.357 ; SoC:inst|SoC_cpu:cpu|SoC_cpu_nios2_oci:the_SoC_cpu_nios2_oci|SoC_cpu_jtag_debug_module_wrapper:the_SoC_cpu_jtag_debug_module_wrapper|SoC_cpu_jtag_debug_module_tck:the_SoC_cpu_jtag_debug_module_tck|sr[7]                                                        ; SoC:inst|SoC_cpu:cpu|SoC_cpu_nios2_oci:the_SoC_cpu_nios2_oci|SoC_cpu_jtag_debug_module_wrapper:the_SoC_cpu_jtag_debug_module_wrapper|SoC_cpu_jtag_debug_module_tck:the_SoC_cpu_jtag_debug_module_tck|sr[7]                                                        ; altera_reserved_tck ; altera_reserved_tck ; 0.000        ; 0.069      ; 0.597      ;
; 0.357 ; SoC:inst|SoC_jtag_uart:jtag_uart|alt_jtag_atlantic:SoC_jtag_uart_alt_jtag_atlantic|jupdate                                                                                                                                                                        ; SoC:inst|SoC_jtag_uart:jtag_uart|alt_jtag_atlantic:SoC_jtag_uart_alt_jtag_atlantic|jupdate                                                                                                                                                                        ; altera_reserved_tck ; altera_reserved_tck ; 0.000        ; 0.069      ; 0.597      ;
; 0.367 ; SoC:inst|SoC_jtag_uart:jtag_uart|alt_jtag_atlantic:SoC_jtag_uart_alt_jtag_atlantic|write                                                                                                                                                                          ; SoC:inst|SoC_jtag_uart:jtag_uart|alt_jtag_atlantic:SoC_jtag_uart_alt_jtag_atlantic|write                                                                                                                                                                          ; altera_reserved_tck ; altera_reserved_tck ; 0.000        ; 0.070      ; 0.608      ;
; 0.367 ; SoC:inst|SoC_jtag_uart:jtag_uart|alt_jtag_atlantic:SoC_jtag_uart_alt_jtag_atlantic|read                                                                                                                                                                           ; SoC:inst|SoC_jtag_uart:jtag_uart|alt_jtag_atlantic:SoC_jtag_uart_alt_jtag_atlantic|read                                                                                                                                                                           ; altera_reserved_tck ; altera_reserved_tck ; 0.000        ; 0.070      ; 0.608      ;
; 0.367 ; sld_hub:auto_hub|sld_jtag_hub:\jtag_hub_gen:sld_jtag_hub_inst|sld_shadow_jsm:shadow_jsm|tms_cnt[0]                                                                                                                                                                ; sld_hub:auto_hub|sld_jtag_hub:\jtag_hub_gen:sld_jtag_hub_inst|sld_shadow_jsm:shadow_jsm|tms_cnt[0]                                                                                                                                                                ; altera_reserved_tck ; altera_reserved_tck ; 0.000        ; 0.070      ; 0.608      ;
; 0.381 ; sld_hub:auto_hub|sld_jtag_hub:\jtag_hub_gen:sld_jtag_hub_inst|sld_shadow_jsm:shadow_jsm|tms_cnt[1]                                                                                                                                                                ; sld_hub:auto_hub|sld_jtag_hub:\jtag_hub_gen:sld_jtag_hub_inst|sld_shadow_jsm:shadow_jsm|tms_cnt[2]                                                                                                                                                                ; altera_reserved_tck ; altera_reserved_tck ; 0.000        ; 0.070      ; 0.622      ;
; 0.387 ; sld_hub:auto_hub|sld_jtag_hub:\jtag_hub_gen:sld_jtag_hub_inst|sld_shadow_jsm:shadow_jsm|state[9]                                                                                                                                                                  ; sld_hub:auto_hub|sld_jtag_hub:\jtag_hub_gen:sld_jtag_hub_inst|sld_shadow_jsm:shadow_jsm|state[0]                                                                                                                                                                  ; altera_reserved_tck ; altera_reserved_tck ; 0.000        ; 0.071      ; 0.629      ;
; 0.391 ; sld_hub:auto_hub|sld_jtag_hub:\jtag_hub_gen:sld_jtag_hub_inst|sld_shadow_jsm:shadow_jsm|tms_cnt[0]                                                                                                                                                                ; sld_hub:auto_hub|sld_jtag_hub:\jtag_hub_gen:sld_jtag_hub_inst|sld_shadow_jsm:shadow_jsm|tms_cnt[1]                                                                                                                                                                ; altera_reserved_tck ; altera_reserved_tck ; 0.000        ; 0.070      ; 0.632      ;
; 0.395 ; sld_hub:auto_hub|sld_jtag_hub:\jtag_hub_gen:sld_jtag_hub_inst|jtag_ir_reg[1]                                                                                                                                                                                      ; sld_hub:auto_hub|sld_jtag_hub:\jtag_hub_gen:sld_jtag_hub_inst|virtual_ir_scan_reg                                                                                                                                                                                 ; altera_reserved_tck ; altera_reserved_tck ; 0.000        ; 0.070      ; 0.636      ;
; 0.395 ; sld_hub:auto_hub|sld_jtag_hub:\jtag_hub_gen:sld_jtag_hub_inst|jtag_ir_reg[1]                                                                                                                                                                                      ; sld_hub:auto_hub|sld_jtag_hub:\jtag_hub_gen:sld_jtag_hub_inst|jtag_ir_reg[0]                                                                                                                                                                                      ; altera_reserved_tck ; altera_reserved_tck ; 0.000        ; 0.070      ; 0.636      ;
; 0.396 ; sld_hub:auto_hub|sld_jtag_hub:\jtag_hub_gen:sld_jtag_hub_inst|identity_contrib_shift_reg[0]                                                                                                                                                                       ; sld_hub:auto_hub|sld_jtag_hub:\jtag_hub_gen:sld_jtag_hub_inst|identity_contrib_update_reg[0]                                                                                                                                                                      ; altera_reserved_tck ; altera_reserved_tck ; 0.000        ; 0.071      ; 0.638      ;
; 0.397 ; sld_hub:auto_hub|sld_jtag_hub:\jtag_hub_gen:sld_jtag_hub_inst|irf_reg[2][1]                                                                                                                                                                                       ; sld_hub:auto_hub|sld_jtag_hub:\jtag_hub_gen:sld_jtag_hub_inst|shadow_irf_reg[2][1]                                                                                                                                                                                ; altera_reserved_tck ; altera_reserved_tck ; 0.000        ; 0.071      ; 0.639      ;
; 0.397 ; sld_hub:auto_hub|sld_jtag_hub:\jtag_hub_gen:sld_jtag_hub_inst|hub_minor_ver_reg[1]                                                                                                                                                                                ; sld_hub:auto_hub|sld_jtag_hub:\jtag_hub_gen:sld_jtag_hub_inst|hub_minor_ver_reg[0]                                                                                                                                                                                ; altera_reserved_tck ; altera_reserved_tck ; 0.000        ; 0.070      ; 0.638      ;
; 0.398 ; sld_hub:auto_hub|sld_jtag_hub:\jtag_hub_gen:sld_jtag_hub_inst|irf_reg[2][2]                                                                                                                                                                                       ; sld_hub:auto_hub|sld_jtag_hub:\jtag_hub_gen:sld_jtag_hub_inst|shadow_irf_reg[2][2]                                                                                                                                                                                ; altera_reserved_tck ; altera_reserved_tck ; 0.000        ; 0.071      ; 0.640      ;
; 0.398 ; SoC:inst|SoC_jtag_uart:jtag_uart|alt_jtag_atlantic:SoC_jtag_uart_alt_jtag_atlantic|count[4]                                                                                                                                                                       ; SoC:inst|SoC_jtag_uart:jtag_uart|alt_jtag_atlantic:SoC_jtag_uart_alt_jtag_atlantic|count[5]                                                                                                                                                                       ; altera_reserved_tck ; altera_reserved_tck ; 0.000        ; 0.069      ; 0.638      ;
; 0.398 ; sld_hub:auto_hub|sld_jtag_hub:\jtag_hub_gen:sld_jtag_hub_inst|hub_minor_ver_reg[2]                                                                                                                                                                                ; sld_hub:auto_hub|sld_jtag_hub:\jtag_hub_gen:sld_jtag_hub_inst|hub_minor_ver_reg[1]                                                                                                                                                                                ; altera_reserved_tck ; altera_reserved_tck ; 0.000        ; 0.070      ; 0.639      ;
; 0.399 ; SoC:inst|SoC_jtag_uart:jtag_uart|alt_jtag_atlantic:SoC_jtag_uart_alt_jtag_atlantic|count[5]                                                                                                                                                                       ; SoC:inst|SoC_jtag_uart:jtag_uart|alt_jtag_atlantic:SoC_jtag_uart_alt_jtag_atlantic|count[6]                                                                                                                                                                       ; altera_reserved_tck ; altera_reserved_tck ; 0.000        ; 0.069      ; 0.639      ;
; 0.399 ; sld_hub:auto_hub|sld_jtag_hub:\jtag_hub_gen:sld_jtag_hub_inst|hub_mode_reg[2]                                                                                                                                                                                     ; sld_hub:auto_hub|sld_jtag_hub:\jtag_hub_gen:sld_jtag_hub_inst|clr_reg                                                                                                                                                                                             ; altera_reserved_tck ; altera_reserved_tck ; 0.000        ; 0.070      ; 0.640      ;
; 0.400 ; SoC:inst|SoC_cpu:cpu|SoC_cpu_nios2_oci:the_SoC_cpu_nios2_oci|SoC_cpu_jtag_debug_module_wrapper:the_SoC_cpu_jtag_debug_module_wrapper|SoC_cpu_jtag_debug_module_tck:the_SoC_cpu_jtag_debug_module_tck|altera_std_synchronizer:the_altera_std_synchronizer1|din_s1  ; SoC:inst|SoC_cpu:cpu|SoC_cpu_nios2_oci:the_SoC_cpu_nios2_oci|SoC_cpu_jtag_debug_module_wrapper:the_SoC_cpu_jtag_debug_module_wrapper|SoC_cpu_jtag_debug_module_tck:the_SoC_cpu_jtag_debug_module_tck|altera_std_synchronizer:the_altera_std_synchronizer1|dreg[0] ; altera_reserved_tck ; altera_reserved_tck ; 0.000        ; 0.071      ; 0.642      ;
; 0.400 ; SoC:inst|SoC_cpu:cpu|SoC_cpu_nios2_oci:the_SoC_cpu_nios2_oci|SoC_cpu_jtag_debug_module_wrapper:the_SoC_cpu_jtag_debug_module_wrapper|SoC_cpu_jtag_debug_module_tck:the_SoC_cpu_jtag_debug_module_tck|altera_std_synchronizer:the_altera_std_synchronizer2|din_s1  ; SoC:inst|SoC_cpu:cpu|SoC_cpu_nios2_oci:the_SoC_cpu_nios2_oci|SoC_cpu_jtag_debug_module_wrapper:the_SoC_cpu_jtag_debug_module_wrapper|SoC_cpu_jtag_debug_module_tck:the_SoC_cpu_jtag_debug_module_tck|altera_std_synchronizer:the_altera_std_synchronizer2|dreg[0] ; altera_reserved_tck ; altera_reserved_tck ; 0.000        ; 0.070      ; 0.641      ;
; 0.401 ; SoC:inst|SoC_jtag_uart:jtag_uart|alt_jtag_atlantic:SoC_jtag_uart_alt_jtag_atlantic|count[7]                                                                                                                                                                       ; SoC:inst|SoC_jtag_uart:jtag_uart|alt_jtag_atlantic:SoC_jtag_uart_alt_jtag_atlantic|count[8]                                                                                                                                                                       ; altera_reserved_tck ; altera_reserved_tck ; 0.000        ; 0.069      ; 0.641      ;
; 0.402 ; sld_hub:auto_hub|sld_jtag_hub:\jtag_hub_gen:sld_jtag_hub_inst|jtag_ir_reg[3]                                                                                                                                                                                      ; sld_hub:auto_hub|sld_jtag_hub:\jtag_hub_gen:sld_jtag_hub_inst|jtag_ir_reg[2]                                                                                                                                                                                      ; altera_reserved_tck ; altera_reserved_tck ; 0.000        ; 0.070      ; 0.643      ;
; 0.402 ; sld_hub:auto_hub|sld_jtag_hub:\jtag_hub_gen:sld_jtag_hub_inst|sld_shadow_jsm:shadow_jsm|state[12]                                                                                                                                                                 ; sld_hub:auto_hub|sld_jtag_hub:\jtag_hub_gen:sld_jtag_hub_inst|sld_shadow_jsm:shadow_jsm|state[13]                                                                                                                                                                 ; altera_reserved_tck ; altera_reserved_tck ; 0.000        ; 0.071      ; 0.644      ;
; 0.403 ; sld_hub:auto_hub|sld_jtag_hub:\jtag_hub_gen:sld_jtag_hub_inst|jtag_ir_reg[4]                                                                                                                                                                                      ; sld_hub:auto_hub|sld_jtag_hub:\jtag_hub_gen:sld_jtag_hub_inst|jtag_ir_reg[3]                                                                                                                                                                                      ; altera_reserved_tck ; altera_reserved_tck ; 0.000        ; 0.070      ; 0.644      ;
; 0.404 ; sld_hub:auto_hub|sld_jtag_hub:\jtag_hub_gen:sld_jtag_hub_inst|identity_contrib_shift_reg[2]                                                                                                                                                                       ; sld_hub:auto_hub|sld_jtag_hub:\jtag_hub_gen:sld_jtag_hub_inst|identity_contrib_shift_reg[1]                                                                                                                                                                       ; altera_reserved_tck ; altera_reserved_tck ; 0.000        ; 0.071      ; 0.646      ;
; 0.404 ; sld_hub:auto_hub|sld_jtag_hub:\jtag_hub_gen:sld_jtag_hub_inst|sld_shadow_jsm:shadow_jsm|state[9]                                                                                                                                                                  ; sld_hub:auto_hub|sld_jtag_hub:\jtag_hub_gen:sld_jtag_hub_inst|sld_shadow_jsm:shadow_jsm|state[10]                                                                                                                                                                 ; altera_reserved_tck ; altera_reserved_tck ; 0.000        ; 0.071      ; 0.646      ;
; 0.404 ; SoC:inst|SoC_cpu:cpu|SoC_cpu_nios2_oci:the_SoC_cpu_nios2_oci|SoC_cpu_jtag_debug_module_wrapper:the_SoC_cpu_jtag_debug_module_wrapper|SoC_cpu_jtag_debug_module_tck:the_SoC_cpu_jtag_debug_module_tck|sr[33]                                                       ; SoC:inst|SoC_cpu:cpu|SoC_cpu_nios2_oci:the_SoC_cpu_nios2_oci|SoC_cpu_jtag_debug_module_wrapper:the_SoC_cpu_jtag_debug_module_wrapper|SoC_cpu_jtag_debug_module_tck:the_SoC_cpu_jtag_debug_module_tck|sr[32]                                                       ; altera_reserved_tck ; altera_reserved_tck ; 0.000        ; 0.070      ; 0.645      ;
; 0.405 ; sld_hub:auto_hub|sld_jtag_hub:\jtag_hub_gen:sld_jtag_hub_inst|sld_shadow_jsm:shadow_jsm|state[12]                                                                                                                                                                 ; sld_hub:auto_hub|sld_jtag_hub:\jtag_hub_gen:sld_jtag_hub_inst|sld_shadow_jsm:shadow_jsm|state[15]                                                                                                                                                                 ; altera_reserved_tck ; altera_reserved_tck ; 0.000        ; 0.071      ; 0.647      ;
; 0.405 ; sld_hub:auto_hub|sld_jtag_hub:\jtag_hub_gen:sld_jtag_hub_inst|jtag_ir_reg[2]                                                                                                                                                                                      ; sld_hub:auto_hub|sld_jtag_hub:\jtag_hub_gen:sld_jtag_hub_inst|jtag_ir_reg[1]                                                                                                                                                                                      ; altera_reserved_tck ; altera_reserved_tck ; 0.000        ; 0.070      ; 0.646      ;
; 0.405 ; sld_hub:auto_hub|sld_jtag_hub:\jtag_hub_gen:sld_jtag_hub_inst|identity_contrib_shift_reg[2]                                                                                                                                                                       ; sld_hub:auto_hub|sld_jtag_hub:\jtag_hub_gen:sld_jtag_hub_inst|identity_contrib_update_reg[2]                                                                                                                                                                      ; altera_reserved_tck ; altera_reserved_tck ; 0.000        ; 0.071      ; 0.647      ;
; 0.406 ; sld_hub:auto_hub|sld_jtag_hub:\jtag_hub_gen:sld_jtag_hub_inst|sld_rom_sr:hub_info_reg|word_counter[4]                                                                                                                                                             ; sld_hub:auto_hub|sld_jtag_hub:\jtag_hub_gen:sld_jtag_hub_inst|sld_rom_sr:hub_info_reg|word_counter[4]                                                                                                                                                             ; altera_reserved_tck ; altera_reserved_tck ; 0.000        ; 0.071      ; 0.648      ;
; 0.406 ; SoC:inst|SoC_cpu:cpu|SoC_cpu_nios2_oci:the_SoC_cpu_nios2_oci|SoC_cpu_jtag_debug_module_wrapper:the_SoC_cpu_jtag_debug_module_wrapper|SoC_cpu_jtag_debug_module_tck:the_SoC_cpu_jtag_debug_module_tck|sr[10]                                                       ; SoC:inst|SoC_cpu:cpu|SoC_cpu_nios2_oci:the_SoC_cpu_nios2_oci|SoC_cpu_jtag_debug_module_wrapper:the_SoC_cpu_jtag_debug_module_wrapper|SoC_cpu_jtag_debug_module_tck:the_SoC_cpu_jtag_debug_module_tck|sr[9]                                                        ; altera_reserved_tck ; altera_reserved_tck ; 0.000        ; 0.069      ; 0.646      ;
; 0.406 ; SoC:inst|SoC_cpu:cpu|SoC_cpu_nios2_oci:the_SoC_cpu_nios2_oci|SoC_cpu_jtag_debug_module_wrapper:the_SoC_cpu_jtag_debug_module_wrapper|SoC_cpu_jtag_debug_module_tck:the_SoC_cpu_jtag_debug_module_tck|sr[5]                                                        ; SoC:inst|SoC_cpu:cpu|SoC_cpu_nios2_oci:the_SoC_cpu_nios2_oci|SoC_cpu_jtag_debug_module_wrapper:the_SoC_cpu_jtag_debug_module_wrapper|SoC_cpu_jtag_debug_module_tck:the_SoC_cpu_jtag_debug_module_tck|sr[4]                                                        ; altera_reserved_tck ; altera_reserved_tck ; 0.000        ; 0.069      ; 0.646      ;
; 0.407 ; SoC:inst|SoC_cpu:cpu|SoC_cpu_nios2_oci:the_SoC_cpu_nios2_oci|SoC_cpu_jtag_debug_module_wrapper:the_SoC_cpu_jtag_debug_module_wrapper|SoC_cpu_jtag_debug_module_tck:the_SoC_cpu_jtag_debug_module_tck|sr[9]                                                        ; SoC:inst|SoC_cpu:cpu|SoC_cpu_nios2_oci:the_SoC_cpu_nios2_oci|SoC_cpu_jtag_debug_module_wrapper:the_SoC_cpu_jtag_debug_module_wrapper|SoC_cpu_jtag_debug_module_tck:the_SoC_cpu_jtag_debug_module_tck|sr[8]                                                        ; altera_reserved_tck ; altera_reserved_tck ; 0.000        ; 0.069      ; 0.647      ;
; 0.407 ; SoC:inst|SoC_cpu:cpu|SoC_cpu_nios2_oci:the_SoC_cpu_nios2_oci|SoC_cpu_jtag_debug_module_wrapper:the_SoC_cpu_jtag_debug_module_wrapper|SoC_cpu_jtag_debug_module_tck:the_SoC_cpu_jtag_debug_module_tck|sr[6]                                                        ; SoC:inst|SoC_cpu:cpu|SoC_cpu_nios2_oci:the_SoC_cpu_nios2_oci|SoC_cpu_jtag_debug_module_wrapper:the_SoC_cpu_jtag_debug_module_wrapper|SoC_cpu_jtag_debug_module_tck:the_SoC_cpu_jtag_debug_module_tck|sr[5]                                                        ; altera_reserved_tck ; altera_reserved_tck ; 0.000        ; 0.069      ; 0.647      ;
; 0.407 ; SoC:inst|SoC_cpu:cpu|SoC_cpu_nios2_oci:the_SoC_cpu_nios2_oci|SoC_cpu_jtag_debug_module_wrapper:the_SoC_cpu_jtag_debug_module_wrapper|SoC_cpu_jtag_debug_module_tck:the_SoC_cpu_jtag_debug_module_tck|sr[29]                                                       ; SoC:inst|SoC_cpu:cpu|SoC_cpu_nios2_oci:the_SoC_cpu_nios2_oci|SoC_cpu_jtag_debug_module_wrapper:the_SoC_cpu_jtag_debug_module_wrapper|SoC_cpu_jtag_debug_module_tck:the_SoC_cpu_jtag_debug_module_tck|sr[28]                                                       ; altera_reserved_tck ; altera_reserved_tck ; 0.000        ; 0.069      ; 0.647      ;
; 0.409 ; sld_hub:auto_hub|sld_jtag_hub:\jtag_hub_gen:sld_jtag_hub_inst|sld_shadow_jsm:shadow_jsm|state[7]                                                                                                                                                                  ; sld_hub:auto_hub|sld_jtag_hub:\jtag_hub_gen:sld_jtag_hub_inst|reset_ena_reg                                                                                                                                                                                       ; altera_reserved_tck ; altera_reserved_tck ; 0.000        ; 0.071      ; 0.651      ;
; 0.409 ; sld_hub:auto_hub|sld_jtag_hub:\jtag_hub_gen:sld_jtag_hub_inst|sld_shadow_jsm:shadow_jsm|state[7]                                                                                                                                                                  ; sld_hub:auto_hub|sld_jtag_hub:\jtag_hub_gen:sld_jtag_hub_inst|sld_shadow_jsm:shadow_jsm|state[8]                                                                                                                                                                  ; altera_reserved_tck ; altera_reserved_tck ; 0.000        ; 0.071      ; 0.651      ;
; 0.411 ; sld_hub:auto_hub|sld_jtag_hub:\jtag_hub_gen:sld_jtag_hub_inst|sld_shadow_jsm:shadow_jsm|state[7]                                                                                                                                                                  ; sld_hub:auto_hub|sld_jtag_hub:\jtag_hub_gen:sld_jtag_hub_inst|sld_shadow_jsm:shadow_jsm|state[4]                                                                                                                                                                  ; altera_reserved_tck ; altera_reserved_tck ; 0.000        ; 0.071      ; 0.653      ;
; 0.413 ; sld_hub:auto_hub|sld_jtag_hub:\jtag_hub_gen:sld_jtag_hub_inst|jtag_ir_reg[1]                                                                                                                                                                                      ; sld_hub:auto_hub|sld_jtag_hub:\jtag_hub_gen:sld_jtag_hub_inst|virtual_dr_scan_reg                                                                                                                                                                                 ; altera_reserved_tck ; altera_reserved_tck ; 0.000        ; 0.070      ; 0.654      ;
; 0.416 ; sld_hub:auto_hub|sld_jtag_hub:\jtag_hub_gen:sld_jtag_hub_inst|sld_shadow_jsm:shadow_jsm|state[11]                                                                                                                                                                 ; sld_hub:auto_hub|sld_jtag_hub:\jtag_hub_gen:sld_jtag_hub_inst|sld_shadow_jsm:shadow_jsm|state[12]                                                                                                                                                                 ; altera_reserved_tck ; altera_reserved_tck ; 0.000        ; 0.071      ; 0.658      ;
; 0.416 ; sld_hub:auto_hub|sld_jtag_hub:\jtag_hub_gen:sld_jtag_hub_inst|sld_shadow_jsm:shadow_jsm|state[2]                                                                                                                                                                  ; sld_hub:auto_hub|sld_jtag_hub:\jtag_hub_gen:sld_jtag_hub_inst|sld_shadow_jsm:shadow_jsm|state[9]                                                                                                                                                                  ; altera_reserved_tck ; altera_reserved_tck ; 0.000        ; 0.071      ; 0.658      ;
; 0.417 ; SoC:inst|SoC_cpu:cpu|SoC_cpu_nios2_oci:the_SoC_cpu_nios2_oci|SoC_cpu_jtag_debug_module_wrapper:the_SoC_cpu_jtag_debug_module_wrapper|SoC_cpu_jtag_debug_module_tck:the_SoC_cpu_jtag_debug_module_tck|sr[23]                                                       ; SoC:inst|SoC_cpu:cpu|SoC_cpu_nios2_oci:the_SoC_cpu_nios2_oci|SoC_cpu_jtag_debug_module_wrapper:the_SoC_cpu_jtag_debug_module_wrapper|SoC_cpu_jtag_debug_module_tck:the_SoC_cpu_jtag_debug_module_tck|sr[22]                                                       ; altera_reserved_tck ; altera_reserved_tck ; 0.000        ; 0.070      ; 0.658      ;
; 0.418 ; SoC:inst|SoC_jtag_uart:jtag_uart|alt_jtag_atlantic:SoC_jtag_uart_alt_jtag_atlantic|td_shift[10]                                                                                                                                                                   ; SoC:inst|SoC_jtag_uart:jtag_uart|alt_jtag_atlantic:SoC_jtag_uart_alt_jtag_atlantic|td_shift[9]                                                                                                                                                                    ; altera_reserved_tck ; altera_reserved_tck ; 0.000        ; 0.070      ; 0.659      ;
; 0.418 ; SoC:inst|SoC_cpu:cpu|SoC_cpu_nios2_oci:the_SoC_cpu_nios2_oci|SoC_cpu_jtag_debug_module_wrapper:the_SoC_cpu_jtag_debug_module_wrapper|SoC_cpu_jtag_debug_module_tck:the_SoC_cpu_jtag_debug_module_tck|sr[13]                                                       ; SoC:inst|SoC_cpu:cpu|SoC_cpu_nios2_oci:the_SoC_cpu_nios2_oci|SoC_cpu_jtag_debug_module_wrapper:the_SoC_cpu_jtag_debug_module_wrapper|SoC_cpu_jtag_debug_module_tck:the_SoC_cpu_jtag_debug_module_tck|sr[12]                                                       ; altera_reserved_tck ; altera_reserved_tck ; 0.000        ; 0.069      ; 0.658      ;
; 0.419 ; sld_hub:auto_hub|sld_jtag_hub:\jtag_hub_gen:sld_jtag_hub_inst|irf_reg[1][1]                                                                                                                                                                                       ; sld_hub:auto_hub|sld_jtag_hub:\jtag_hub_gen:sld_jtag_hub_inst|shadow_irf_reg[1][1]                                                                                                                                                                                ; altera_reserved_tck ; altera_reserved_tck ; 0.000        ; 0.070      ; 0.660      ;
; 0.419 ; SoC:inst|SoC_jtag_uart:jtag_uart|alt_jtag_atlantic:SoC_jtag_uart_alt_jtag_atlantic|td_shift[9]                                                                                                                                                                    ; SoC:inst|SoC_jtag_uart:jtag_uart|alt_jtag_atlantic:SoC_jtag_uart_alt_jtag_atlantic|td_shift[8]                                                                                                                                                                    ; altera_reserved_tck ; altera_reserved_tck ; 0.000        ; 0.070      ; 0.660      ;
; 0.419 ; SoC:inst|SoC_cpu:cpu|SoC_cpu_nios2_oci:the_SoC_cpu_nios2_oci|SoC_cpu_jtag_debug_module_wrapper:the_SoC_cpu_jtag_debug_module_wrapper|SoC_cpu_jtag_debug_module_tck:the_SoC_cpu_jtag_debug_module_tck|sr[17]                                                       ; SoC:inst|SoC_cpu:cpu|SoC_cpu_nios2_oci:the_SoC_cpu_nios2_oci|SoC_cpu_jtag_debug_module_wrapper:the_SoC_cpu_jtag_debug_module_wrapper|SoC_cpu_jtag_debug_module_tck:the_SoC_cpu_jtag_debug_module_tck|sr[16]                                                       ; altera_reserved_tck ; altera_reserved_tck ; 0.000        ; 0.070      ; 0.660      ;
; 0.420 ; SoC:inst|SoC_cpu:cpu|SoC_cpu_nios2_oci:the_SoC_cpu_nios2_oci|SoC_cpu_jtag_debug_module_wrapper:the_SoC_cpu_jtag_debug_module_wrapper|SoC_cpu_jtag_debug_module_tck:the_SoC_cpu_jtag_debug_module_tck|sr[2]                                                        ; SoC:inst|SoC_cpu:cpu|SoC_cpu_nios2_oci:the_SoC_cpu_nios2_oci|SoC_cpu_jtag_debug_module_wrapper:the_SoC_cpu_jtag_debug_module_wrapper|SoC_cpu_jtag_debug_module_tck:the_SoC_cpu_jtag_debug_module_tck|sr[1]                                                        ; altera_reserved_tck ; altera_reserved_tck ; 0.000        ; 0.069      ; 0.660      ;
; 0.422 ; SoC:inst|SoC_jtag_uart:jtag_uart|alt_jtag_atlantic:SoC_jtag_uart_alt_jtag_atlantic|count[9]                                                                                                                                                                       ; SoC:inst|SoC_jtag_uart:jtag_uart|alt_jtag_atlantic:SoC_jtag_uart_alt_jtag_atlantic|count[0]                                                                                                                                                                       ; altera_reserved_tck ; altera_reserved_tck ; 0.000        ; 0.069      ; 0.662      ;
; 0.424 ; sld_hub:auto_hub|sld_jtag_hub:\jtag_hub_gen:sld_jtag_hub_inst|sld_shadow_jsm:shadow_jsm|state[15]                                                                                                                                                                 ; sld_hub:auto_hub|sld_jtag_hub:\jtag_hub_gen:sld_jtag_hub_inst|sld_shadow_jsm:shadow_jsm|state[2]                                                                                                                                                                  ; altera_reserved_tck ; altera_reserved_tck ; 0.000        ; 0.071      ; 0.666      ;
; 0.424 ; sld_hub:auto_hub|sld_jtag_hub:\jtag_hub_gen:sld_jtag_hub_inst|sld_shadow_jsm:shadow_jsm|state[8]                                                                                                                                                                  ; sld_hub:auto_hub|sld_jtag_hub:\jtag_hub_gen:sld_jtag_hub_inst|sld_shadow_jsm:shadow_jsm|state[1]                                                                                                                                                                  ; altera_reserved_tck ; altera_reserved_tck ; 0.000        ; 0.071      ; 0.666      ;
; 0.435 ; SoC:inst|SoC_jtag_uart:jtag_uart|alt_jtag_atlantic:SoC_jtag_uart_alt_jtag_atlantic|count[1]                                                                                                                                                                       ; SoC:inst|SoC_jtag_uart:jtag_uart|alt_jtag_atlantic:SoC_jtag_uart_alt_jtag_atlantic|count[2]                                                                                                                                                                       ; altera_reserved_tck ; altera_reserved_tck ; 0.000        ; 0.069      ; 0.675      ;
; 0.501 ; sld_hub:auto_hub|sld_jtag_hub:\jtag_hub_gen:sld_jtag_hub_inst|jtag_ir_reg[0]                                                                                                                                                                                      ; sld_hub:auto_hub|sld_jtag_hub:\jtag_hub_gen:sld_jtag_hub_inst|virtual_ir_scan_reg                                                                                                                                                                                 ; altera_reserved_tck ; altera_reserved_tck ; 0.000        ; 0.070      ; 0.742      ;
; 0.505 ; sld_hub:auto_hub|sld_jtag_hub:\jtag_hub_gen:sld_jtag_hub_inst|jtag_ir_reg[0]                                                                                                                                                                                      ; sld_hub:auto_hub|sld_jtag_hub:\jtag_hub_gen:sld_jtag_hub_inst|virtual_dr_scan_reg                                                                                                                                                                                 ; altera_reserved_tck ; altera_reserved_tck ; 0.000        ; 0.070      ; 0.746      ;
; 0.509 ; sld_hub:auto_hub|sld_jtag_hub:\jtag_hub_gen:sld_jtag_hub_inst|hub_minor_ver_reg[3]                                                                                                                                                                                ; sld_hub:auto_hub|sld_jtag_hub:\jtag_hub_gen:sld_jtag_hub_inst|hub_minor_ver_reg[2]                                                                                                                                                                                ; altera_reserved_tck ; altera_reserved_tck ; 0.000        ; 0.070      ; 0.750      ;
; 0.509 ; sld_hub:auto_hub|sld_jtag_hub:\jtag_hub_gen:sld_jtag_hub_inst|sld_shadow_jsm:shadow_jsm|state[6]                                                                                                                                                                  ; sld_hub:auto_hub|sld_jtag_hub:\jtag_hub_gen:sld_jtag_hub_inst|sld_shadow_jsm:shadow_jsm|state[7]                                                                                                                                                                  ; altera_reserved_tck ; altera_reserved_tck ; 0.000        ; 0.071      ; 0.751      ;
; 0.510 ; sld_hub:auto_hub|sld_jtag_hub:\jtag_hub_gen:sld_jtag_hub_inst|sld_shadow_jsm:shadow_jsm|state[13]                                                                                                                                                                 ; sld_hub:auto_hub|sld_jtag_hub:\jtag_hub_gen:sld_jtag_hub_inst|sld_shadow_jsm:shadow_jsm|state[14]                                                                                                                                                                 ; altera_reserved_tck ; altera_reserved_tck ; 0.000        ; 0.071      ; 0.752      ;
; 0.512 ; sld_hub:auto_hub|sld_jtag_hub:\jtag_hub_gen:sld_jtag_hub_inst|shadow_irf_reg[1][4]                                                                                                                                                                                ; sld_hub:auto_hub|sld_jtag_hub:\jtag_hub_gen:sld_jtag_hub_inst|irf_reg[1][4]                                                                                                                                                                                       ; altera_reserved_tck ; altera_reserved_tck ; 0.000        ; 0.070      ; 0.753      ;
; 0.516 ; sld_hub:auto_hub|sld_jtag_hub:\jtag_hub_gen:sld_jtag_hub_inst|sld_shadow_jsm:shadow_jsm|state[14]                                                                                                                                                                 ; sld_hub:auto_hub|sld_jtag_hub:\jtag_hub_gen:sld_jtag_hub_inst|sld_shadow_jsm:shadow_jsm|state[15]                                                                                                                                                                 ; altera_reserved_tck ; altera_reserved_tck ; 0.000        ; 0.071      ; 0.758      ;
; 0.518 ; SoC:inst|SoC_cpu:cpu|SoC_cpu_nios2_oci:the_SoC_cpu_nios2_oci|SoC_cpu_jtag_debug_module_wrapper:the_SoC_cpu_jtag_debug_module_wrapper|SoC_cpu_jtag_debug_module_tck:the_SoC_cpu_jtag_debug_module_tck|sr[11]                                                       ; SoC:inst|SoC_cpu:cpu|SoC_cpu_nios2_oci:the_SoC_cpu_nios2_oci|SoC_cpu_jtag_debug_module_wrapper:the_SoC_cpu_jtag_debug_module_wrapper|SoC_cpu_jtag_debug_module_tck:the_SoC_cpu_jtag_debug_module_tck|sr[10]                                                       ; altera_reserved_tck ; altera_reserved_tck ; 0.000        ; 0.069      ; 0.758      ;
; 0.522 ; sld_hub:auto_hub|sld_jtag_hub:\jtag_hub_gen:sld_jtag_hub_inst|sld_shadow_jsm:shadow_jsm|state[5]                                                                                                                                                                  ; sld_hub:auto_hub|sld_jtag_hub:\jtag_hub_gen:sld_jtag_hub_inst|sld_shadow_jsm:shadow_jsm|state[8]                                                                                                                                                                  ; altera_reserved_tck ; altera_reserved_tck ; 0.000        ; 0.071      ; 0.764      ;
; 0.532 ; sld_hub:auto_hub|sld_jtag_hub:\jtag_hub_gen:sld_jtag_hub_inst|sld_shadow_jsm:shadow_jsm|state[10]                                                                                                                                                                 ; sld_hub:auto_hub|sld_jtag_hub:\jtag_hub_gen:sld_jtag_hub_inst|sld_shadow_jsm:shadow_jsm|state[12]                                                                                                                                                                 ; altera_reserved_tck ; altera_reserved_tck ; 0.000        ; 0.071      ; 0.774      ;
; 0.537 ; SoC:inst|SoC_cpu:cpu|SoC_cpu_nios2_oci:the_SoC_cpu_nios2_oci|SoC_cpu_jtag_debug_module_wrapper:the_SoC_cpu_jtag_debug_module_wrapper|SoC_cpu_jtag_debug_module_tck:the_SoC_cpu_jtag_debug_module_tck|DRsize.000                                                   ; SoC:inst|SoC_cpu:cpu|SoC_cpu_nios2_oci:the_SoC_cpu_nios2_oci|SoC_cpu_jtag_debug_module_wrapper:the_SoC_cpu_jtag_debug_module_wrapper|SoC_cpu_jtag_debug_module_tck:the_SoC_cpu_jtag_debug_module_tck|sr[0]                                                        ; altera_reserved_tck ; altera_reserved_tck ; 0.000        ; 0.077      ; 0.785      ;
; 0.544 ; sld_hub:auto_hub|sld_jtag_hub:\jtag_hub_gen:sld_jtag_hub_inst|irf_reg[2][3]                                                                                                                                                                                       ; sld_hub:auto_hub|sld_jtag_hub:\jtag_hub_gen:sld_jtag_hub_inst|shadow_irf_reg[2][3]                                                                                                                                                                                ; altera_reserved_tck ; altera_reserved_tck ; 0.000        ; 0.071      ; 0.786      ;
; 0.544 ; sld_hub:auto_hub|sld_jtag_hub:\jtag_hub_gen:sld_jtag_hub_inst|jtag_ir_reg[5]                                                                                                                                                                                      ; sld_hub:auto_hub|sld_jtag_hub:\jtag_hub_gen:sld_jtag_hub_inst|jtag_ir_reg[4]                                                                                                                                                                                      ; altera_reserved_tck ; altera_reserved_tck ; 0.000        ; 0.070      ; 0.785      ;
; 0.545 ; SoC:inst|SoC_jtag_uart:jtag_uart|alt_jtag_atlantic:SoC_jtag_uart_alt_jtag_atlantic|tck_t_dav                                                                                                                                                                      ; SoC:inst|SoC_jtag_uart:jtag_uart|alt_jtag_atlantic:SoC_jtag_uart_alt_jtag_atlantic|write_stalled                                                                                                                                                                  ; altera_reserved_tck ; altera_reserved_tck ; 0.000        ; 0.070      ; 0.786      ;
; 0.550 ; sld_hub:auto_hub|sld_jtag_hub:\jtag_hub_gen:sld_jtag_hub_inst|design_hash_reg[1]                                                                                                                                                                                  ; sld_hub:auto_hub|sld_jtag_hub:\jtag_hub_gen:sld_jtag_hub_inst|design_hash_reg[0]                                                                                                                                                                                  ; altera_reserved_tck ; altera_reserved_tck ; 0.000        ; 0.070      ; 0.791      ;
; 0.550 ; SoC:inst|SoC_cpu:cpu|SoC_cpu_nios2_oci:the_SoC_cpu_nios2_oci|SoC_cpu_jtag_debug_module_wrapper:the_SoC_cpu_jtag_debug_module_wrapper|SoC_cpu_jtag_debug_module_tck:the_SoC_cpu_jtag_debug_module_tck|altera_std_synchronizer:the_altera_std_synchronizer2|dreg[0] ; SoC:inst|SoC_cpu:cpu|SoC_cpu_nios2_oci:the_SoC_cpu_nios2_oci|SoC_cpu_jtag_debug_module_wrapper:the_SoC_cpu_jtag_debug_module_wrapper|SoC_cpu_jtag_debug_module_tck:the_SoC_cpu_jtag_debug_module_tck|ir_out[0]                                                    ; altera_reserved_tck ; altera_reserved_tck ; 0.000        ; 0.070      ; 0.791      ;
; 0.551 ; SoC:inst|SoC_cpu:cpu|SoC_cpu_nios2_oci:the_SoC_cpu_nios2_oci|SoC_cpu_jtag_debug_module_wrapper:the_SoC_cpu_jtag_debug_module_wrapper|SoC_cpu_jtag_debug_module_tck:the_SoC_cpu_jtag_debug_module_tck|altera_std_synchronizer:the_altera_std_synchronizer1|dreg[0] ; SoC:inst|SoC_cpu:cpu|SoC_cpu_nios2_oci:the_SoC_cpu_nios2_oci|SoC_cpu_jtag_debug_module_wrapper:the_SoC_cpu_jtag_debug_module_wrapper|SoC_cpu_jtag_debug_module_tck:the_SoC_cpu_jtag_debug_module_tck|ir_out[1]                                                    ; altera_reserved_tck ; altera_reserved_tck ; 0.000        ; 0.071      ; 0.793      ;
; 0.552 ; SoC:inst|SoC_jtag_uart:jtag_uart|alt_jtag_atlantic:SoC_jtag_uart_alt_jtag_atlantic|td_shift[5]                                                                                                                                                                    ; SoC:inst|SoC_jtag_uart:jtag_uart|alt_jtag_atlantic:SoC_jtag_uart_alt_jtag_atlantic|wdata[1]                                                                                                                                                                       ; altera_reserved_tck ; altera_reserved_tck ; 0.000        ; 0.071      ; 0.794      ;
; 0.552 ; sld_hub:auto_hub|sld_jtag_hub:\jtag_hub_gen:sld_jtag_hub_inst|design_hash_reg[2]                                                                                                                                                                                  ; sld_hub:auto_hub|sld_jtag_hub:\jtag_hub_gen:sld_jtag_hub_inst|design_hash_reg[1]                                                                                                                                                                                  ; altera_reserved_tck ; altera_reserved_tck ; 0.000        ; 0.070      ; 0.793      ;
; 0.553 ; sld_hub:auto_hub|sld_jtag_hub:\jtag_hub_gen:sld_jtag_hub_inst|design_hash_reg[3]                                                                                                                                                                                  ; sld_hub:auto_hub|sld_jtag_hub:\jtag_hub_gen:sld_jtag_hub_inst|design_hash_reg[2]                                                                                                                                                                                  ; altera_reserved_tck ; altera_reserved_tck ; 0.000        ; 0.070      ; 0.794      ;
; 0.555 ; sld_hub:auto_hub|sld_jtag_hub:\jtag_hub_gen:sld_jtag_hub_inst|identity_contrib_shift_reg[3]                                                                                                                                                                       ; sld_hub:auto_hub|sld_jtag_hub:\jtag_hub_gen:sld_jtag_hub_inst|identity_contrib_update_reg[3]                                                                                                                                                                      ; altera_reserved_tck ; altera_reserved_tck ; 0.000        ; 0.071      ; 0.797      ;
; 0.556 ; sld_hub:auto_hub|sld_jtag_hub:\jtag_hub_gen:sld_jtag_hub_inst|identity_contrib_shift_reg[1]                                                                                                                                                                       ; sld_hub:auto_hub|sld_jtag_hub:\jtag_hub_gen:sld_jtag_hub_inst|identity_contrib_shift_reg[0]                                                                                                                                                                       ; altera_reserved_tck ; altera_reserved_tck ; 0.000        ; 0.071      ; 0.798      ;
; 0.556 ; sld_hub:auto_hub|sld_jtag_hub:\jtag_hub_gen:sld_jtag_hub_inst|identity_contrib_shift_reg[1]                                                                                                                                                                       ; sld_hub:auto_hub|sld_jtag_hub:\jtag_hub_gen:sld_jtag_hub_inst|identity_contrib_update_reg[1]                                                                                                                                                                      ; altera_reserved_tck ; altera_reserved_tck ; 0.000        ; 0.071      ; 0.798      ;
; 0.557 ; sld_hub:auto_hub|sld_jtag_hub:\jtag_hub_gen:sld_jtag_hub_inst|identity_contrib_shift_reg[3]                                                                                                                                                                       ; sld_hub:auto_hub|sld_jtag_hub:\jtag_hub_gen:sld_jtag_hub_inst|identity_contrib_shift_reg[2]                                                                                                                                                                       ; altera_reserved_tck ; altera_reserved_tck ; 0.000        ; 0.071      ; 0.799      ;
; 0.558 ; sld_hub:auto_hub|sld_jtag_hub:\jtag_hub_gen:sld_jtag_hub_inst|jtag_ir_reg[7]                                                                                                                                                                                      ; sld_hub:auto_hub|sld_jtag_hub:\jtag_hub_gen:sld_jtag_hub_inst|jtag_ir_reg[6]                                                                                                                                                                                      ; altera_reserved_tck ; altera_reserved_tck ; 0.000        ; 0.070      ; 0.799      ;
; 0.558 ; sld_hub:auto_hub|sld_jtag_hub:\jtag_hub_gen:sld_jtag_hub_inst|jtag_ir_reg[6]                                                                                                                                                                                      ; sld_hub:auto_hub|sld_jtag_hub:\jtag_hub_gen:sld_jtag_hub_inst|jtag_ir_reg[5]                                                                                                                                                                                      ; altera_reserved_tck ; altera_reserved_tck ; 0.000        ; 0.070      ; 0.799      ;
; 0.562 ; sld_hub:auto_hub|sld_jtag_hub:\jtag_hub_gen:sld_jtag_hub_inst|jtag_ir_reg[8]                                                                                                                                                                                      ; sld_hub:auto_hub|sld_jtag_hub:\jtag_hub_gen:sld_jtag_hub_inst|jtag_ir_reg[7]                                                                                                                                                                                      ; altera_reserved_tck ; altera_reserved_tck ; 0.000        ; 0.070      ; 0.803      ;
; 0.570 ; SoC:inst|SoC_jtag_uart:jtag_uart|alt_jtag_atlantic:SoC_jtag_uart_alt_jtag_atlantic|td_shift[8]                                                                                                                                                                    ; SoC:inst|SoC_jtag_uart:jtag_uart|alt_jtag_atlantic:SoC_jtag_uart_alt_jtag_atlantic|wdata[4]                                                                                                                                                                       ; altera_reserved_tck ; altera_reserved_tck ; 0.000        ; 0.071      ; 0.812      ;
+-------+-------------------------------------------------------------------------------------------------------------------------------------------------------------------------------------------------------------------------------------------------------------------+-------------------------------------------------------------------------------------------------------------------------------------------------------------------------------------------------------------------------------------------------------------------+---------------------+---------------------+--------------+------------+------------+


+-----------------------------------------------------------------------------------------------------------------------------------------------------------------------------------------------------------------------------------------------------------------------------------------------------+
; Slow 1200mV 0C Model Recovery: 'altera_reserved_tck'                                                                                                                                                                                                                                                ;
+--------+--------------------------------------------------------------------------------------------------+----------------------------------------------------------------------------------------------------+---------------------+---------------------+--------------+------------+------------+
; Slack  ; From Node                                                                                        ; To Node                                                                                            ; Launch Clock        ; Latch Clock         ; Relationship ; Clock Skew ; Data Delay ;
+--------+--------------------------------------------------------------------------------------------------+----------------------------------------------------------------------------------------------------+---------------------+---------------------+--------------+------------+------------+
; 47.883 ; sld_hub:auto_hub|sld_jtag_hub:\jtag_hub_gen:sld_jtag_hub_inst|clr_reg                            ; SoC:inst|SoC_jtag_uart:jtag_uart|alt_jtag_atlantic:SoC_jtag_uart_alt_jtag_atlantic|tdo~reg0        ; altera_reserved_tck ; altera_reserved_tck ; 50.000       ; 0.139      ; 2.275      ;
; 47.940 ; sld_hub:auto_hub|sld_jtag_hub:\jtag_hub_gen:sld_jtag_hub_inst|clr_reg                            ; SoC:inst|SoC_jtag_uart:jtag_uart|alt_jtag_atlantic:SoC_jtag_uart_alt_jtag_atlantic|jupdate         ; altera_reserved_tck ; altera_reserved_tck ; 50.000       ; 0.138      ; 2.217      ;
; 48.275 ; sld_hub:auto_hub|sld_jtag_hub:\jtag_hub_gen:sld_jtag_hub_inst|sld_shadow_jsm:shadow_jsm|state[8] ; sld_hub:auto_hub|sld_jtag_hub:\jtag_hub_gen:sld_jtag_hub_inst|tdo                                  ; altera_reserved_tck ; altera_reserved_tck ; 50.000       ; 0.152      ; 1.896      ;
; 97.642 ; sld_hub:auto_hub|sld_jtag_hub:\jtag_hub_gen:sld_jtag_hub_inst|clr_reg                            ; SoC:inst|SoC_jtag_uart:jtag_uart|alt_jtag_atlantic:SoC_jtag_uart_alt_jtag_atlantic|count[8]        ; altera_reserved_tck ; altera_reserved_tck ; 100.000      ; -0.095     ; 2.282      ;
; 97.642 ; sld_hub:auto_hub|sld_jtag_hub:\jtag_hub_gen:sld_jtag_hub_inst|clr_reg                            ; SoC:inst|SoC_jtag_uart:jtag_uart|alt_jtag_atlantic:SoC_jtag_uart_alt_jtag_atlantic|count[7]        ; altera_reserved_tck ; altera_reserved_tck ; 100.000      ; -0.095     ; 2.282      ;
; 97.642 ; sld_hub:auto_hub|sld_jtag_hub:\jtag_hub_gen:sld_jtag_hub_inst|clr_reg                            ; SoC:inst|SoC_jtag_uart:jtag_uart|alt_jtag_atlantic:SoC_jtag_uart_alt_jtag_atlantic|count[6]        ; altera_reserved_tck ; altera_reserved_tck ; 100.000      ; -0.095     ; 2.282      ;
; 97.642 ; sld_hub:auto_hub|sld_jtag_hub:\jtag_hub_gen:sld_jtag_hub_inst|clr_reg                            ; SoC:inst|SoC_jtag_uart:jtag_uart|alt_jtag_atlantic:SoC_jtag_uart_alt_jtag_atlantic|count[5]        ; altera_reserved_tck ; altera_reserved_tck ; 100.000      ; -0.095     ; 2.282      ;
; 97.642 ; sld_hub:auto_hub|sld_jtag_hub:\jtag_hub_gen:sld_jtag_hub_inst|clr_reg                            ; SoC:inst|SoC_jtag_uart:jtag_uart|alt_jtag_atlantic:SoC_jtag_uart_alt_jtag_atlantic|count[4]        ; altera_reserved_tck ; altera_reserved_tck ; 100.000      ; -0.095     ; 2.282      ;
; 97.642 ; sld_hub:auto_hub|sld_jtag_hub:\jtag_hub_gen:sld_jtag_hub_inst|clr_reg                            ; SoC:inst|SoC_jtag_uart:jtag_uart|alt_jtag_atlantic:SoC_jtag_uart_alt_jtag_atlantic|count[3]        ; altera_reserved_tck ; altera_reserved_tck ; 100.000      ; -0.095     ; 2.282      ;
; 97.642 ; sld_hub:auto_hub|sld_jtag_hub:\jtag_hub_gen:sld_jtag_hub_inst|clr_reg                            ; SoC:inst|SoC_jtag_uart:jtag_uart|alt_jtag_atlantic:SoC_jtag_uart_alt_jtag_atlantic|count[2]        ; altera_reserved_tck ; altera_reserved_tck ; 100.000      ; -0.095     ; 2.282      ;
; 97.642 ; sld_hub:auto_hub|sld_jtag_hub:\jtag_hub_gen:sld_jtag_hub_inst|clr_reg                            ; SoC:inst|SoC_jtag_uart:jtag_uart|alt_jtag_atlantic:SoC_jtag_uart_alt_jtag_atlantic|count[1]        ; altera_reserved_tck ; altera_reserved_tck ; 100.000      ; -0.095     ; 2.282      ;
; 97.642 ; sld_hub:auto_hub|sld_jtag_hub:\jtag_hub_gen:sld_jtag_hub_inst|clr_reg                            ; SoC:inst|SoC_jtag_uart:jtag_uart|alt_jtag_atlantic:SoC_jtag_uart_alt_jtag_atlantic|count[0]        ; altera_reserved_tck ; altera_reserved_tck ; 100.000      ; -0.095     ; 2.282      ;
; 97.642 ; sld_hub:auto_hub|sld_jtag_hub:\jtag_hub_gen:sld_jtag_hub_inst|clr_reg                            ; SoC:inst|SoC_jtag_uart:jtag_uart|alt_jtag_atlantic:SoC_jtag_uart_alt_jtag_atlantic|count[9]        ; altera_reserved_tck ; altera_reserved_tck ; 100.000      ; -0.095     ; 2.282      ;
; 97.642 ; sld_hub:auto_hub|sld_jtag_hub:\jtag_hub_gen:sld_jtag_hub_inst|clr_reg                            ; SoC:inst|SoC_jtag_uart:jtag_uart|alt_jtag_atlantic:SoC_jtag_uart_alt_jtag_atlantic|td_shift[0]     ; altera_reserved_tck ; altera_reserved_tck ; 100.000      ; -0.095     ; 2.282      ;
; 97.642 ; sld_hub:auto_hub|sld_jtag_hub:\jtag_hub_gen:sld_jtag_hub_inst|clr_reg                            ; SoC:inst|SoC_jtag_uart:jtag_uart|alt_jtag_atlantic:SoC_jtag_uart_alt_jtag_atlantic|user_saw_rvalid ; altera_reserved_tck ; altera_reserved_tck ; 100.000      ; -0.095     ; 2.282      ;
; 97.654 ; sld_hub:auto_hub|sld_jtag_hub:\jtag_hub_gen:sld_jtag_hub_inst|clr_reg                            ; SoC:inst|SoC_jtag_uart:jtag_uart|alt_jtag_atlantic:SoC_jtag_uart_alt_jtag_atlantic|td_shift[10]    ; altera_reserved_tck ; altera_reserved_tck ; 100.000      ; -0.090     ; 2.275      ;
; 97.654 ; sld_hub:auto_hub|sld_jtag_hub:\jtag_hub_gen:sld_jtag_hub_inst|clr_reg                            ; SoC:inst|SoC_jtag_uart:jtag_uart|alt_jtag_atlantic:SoC_jtag_uart_alt_jtag_atlantic|td_shift[9]     ; altera_reserved_tck ; altera_reserved_tck ; 100.000      ; -0.090     ; 2.275      ;
; 97.654 ; sld_hub:auto_hub|sld_jtag_hub:\jtag_hub_gen:sld_jtag_hub_inst|clr_reg                            ; SoC:inst|SoC_jtag_uart:jtag_uart|alt_jtag_atlantic:SoC_jtag_uart_alt_jtag_atlantic|td_shift[1]     ; altera_reserved_tck ; altera_reserved_tck ; 100.000      ; -0.090     ; 2.275      ;
; 97.654 ; sld_hub:auto_hub|sld_jtag_hub:\jtag_hub_gen:sld_jtag_hub_inst|clr_reg                            ; SoC:inst|SoC_jtag_uart:jtag_uart|alt_jtag_atlantic:SoC_jtag_uart_alt_jtag_atlantic|td_shift[2]     ; altera_reserved_tck ; altera_reserved_tck ; 100.000      ; -0.090     ; 2.275      ;
; 97.654 ; sld_hub:auto_hub|sld_jtag_hub:\jtag_hub_gen:sld_jtag_hub_inst|clr_reg                            ; SoC:inst|SoC_jtag_uart:jtag_uart|alt_jtag_atlantic:SoC_jtag_uart_alt_jtag_atlantic|td_shift[3]     ; altera_reserved_tck ; altera_reserved_tck ; 100.000      ; -0.090     ; 2.275      ;
; 97.654 ; sld_hub:auto_hub|sld_jtag_hub:\jtag_hub_gen:sld_jtag_hub_inst|clr_reg                            ; SoC:inst|SoC_jtag_uart:jtag_uart|alt_jtag_atlantic:SoC_jtag_uart_alt_jtag_atlantic|td_shift[4]     ; altera_reserved_tck ; altera_reserved_tck ; 100.000      ; -0.090     ; 2.275      ;
; 97.654 ; sld_hub:auto_hub|sld_jtag_hub:\jtag_hub_gen:sld_jtag_hub_inst|clr_reg                            ; SoC:inst|SoC_jtag_uart:jtag_uart|alt_jtag_atlantic:SoC_jtag_uart_alt_jtag_atlantic|td_shift[5]     ; altera_reserved_tck ; altera_reserved_tck ; 100.000      ; -0.090     ; 2.275      ;
; 97.654 ; sld_hub:auto_hub|sld_jtag_hub:\jtag_hub_gen:sld_jtag_hub_inst|clr_reg                            ; SoC:inst|SoC_jtag_uart:jtag_uart|alt_jtag_atlantic:SoC_jtag_uart_alt_jtag_atlantic|td_shift[6]     ; altera_reserved_tck ; altera_reserved_tck ; 100.000      ; -0.090     ; 2.275      ;
; 97.654 ; sld_hub:auto_hub|sld_jtag_hub:\jtag_hub_gen:sld_jtag_hub_inst|clr_reg                            ; SoC:inst|SoC_jtag_uart:jtag_uart|alt_jtag_atlantic:SoC_jtag_uart_alt_jtag_atlantic|td_shift[7]     ; altera_reserved_tck ; altera_reserved_tck ; 100.000      ; -0.090     ; 2.275      ;
; 97.654 ; sld_hub:auto_hub|sld_jtag_hub:\jtag_hub_gen:sld_jtag_hub_inst|clr_reg                            ; SoC:inst|SoC_jtag_uart:jtag_uart|alt_jtag_atlantic:SoC_jtag_uart_alt_jtag_atlantic|td_shift[8]     ; altera_reserved_tck ; altera_reserved_tck ; 100.000      ; -0.090     ; 2.275      ;
; 97.655 ; sld_hub:auto_hub|sld_jtag_hub:\jtag_hub_gen:sld_jtag_hub_inst|clr_reg                            ; SoC:inst|SoC_jtag_uart:jtag_uart|alt_jtag_atlantic:SoC_jtag_uart_alt_jtag_atlantic|wdata[7]        ; altera_reserved_tck ; altera_reserved_tck ; 100.000      ; -0.089     ; 2.275      ;
; 97.655 ; sld_hub:auto_hub|sld_jtag_hub:\jtag_hub_gen:sld_jtag_hub_inst|clr_reg                            ; SoC:inst|SoC_jtag_uart:jtag_uart|alt_jtag_atlantic:SoC_jtag_uart_alt_jtag_atlantic|wdata[6]        ; altera_reserved_tck ; altera_reserved_tck ; 100.000      ; -0.089     ; 2.275      ;
; 97.655 ; sld_hub:auto_hub|sld_jtag_hub:\jtag_hub_gen:sld_jtag_hub_inst|clr_reg                            ; SoC:inst|SoC_jtag_uart:jtag_uart|alt_jtag_atlantic:SoC_jtag_uart_alt_jtag_atlantic|wdata[5]        ; altera_reserved_tck ; altera_reserved_tck ; 100.000      ; -0.089     ; 2.275      ;
; 97.655 ; sld_hub:auto_hub|sld_jtag_hub:\jtag_hub_gen:sld_jtag_hub_inst|clr_reg                            ; SoC:inst|SoC_jtag_uart:jtag_uart|alt_jtag_atlantic:SoC_jtag_uart_alt_jtag_atlantic|write           ; altera_reserved_tck ; altera_reserved_tck ; 100.000      ; -0.089     ; 2.275      ;
; 97.655 ; sld_hub:auto_hub|sld_jtag_hub:\jtag_hub_gen:sld_jtag_hub_inst|clr_reg                            ; SoC:inst|SoC_jtag_uart:jtag_uart|alt_jtag_atlantic:SoC_jtag_uart_alt_jtag_atlantic|wdata[4]        ; altera_reserved_tck ; altera_reserved_tck ; 100.000      ; -0.089     ; 2.275      ;
; 97.655 ; sld_hub:auto_hub|sld_jtag_hub:\jtag_hub_gen:sld_jtag_hub_inst|clr_reg                            ; SoC:inst|SoC_jtag_uart:jtag_uart|alt_jtag_atlantic:SoC_jtag_uart_alt_jtag_atlantic|wdata[3]        ; altera_reserved_tck ; altera_reserved_tck ; 100.000      ; -0.089     ; 2.275      ;
; 97.655 ; sld_hub:auto_hub|sld_jtag_hub:\jtag_hub_gen:sld_jtag_hub_inst|clr_reg                            ; SoC:inst|SoC_jtag_uart:jtag_uart|alt_jtag_atlantic:SoC_jtag_uart_alt_jtag_atlantic|wdata[2]        ; altera_reserved_tck ; altera_reserved_tck ; 100.000      ; -0.089     ; 2.275      ;
; 97.655 ; sld_hub:auto_hub|sld_jtag_hub:\jtag_hub_gen:sld_jtag_hub_inst|clr_reg                            ; SoC:inst|SoC_jtag_uart:jtag_uart|alt_jtag_atlantic:SoC_jtag_uart_alt_jtag_atlantic|wdata[1]        ; altera_reserved_tck ; altera_reserved_tck ; 100.000      ; -0.089     ; 2.275      ;
; 97.676 ; sld_hub:auto_hub|sld_jtag_hub:\jtag_hub_gen:sld_jtag_hub_inst|clr_reg                            ; SoC:inst|SoC_jtag_uart:jtag_uart|alt_jtag_atlantic:SoC_jtag_uart_alt_jtag_atlantic|write_stalled   ; altera_reserved_tck ; altera_reserved_tck ; 100.000      ; -0.089     ; 2.254      ;
; 97.676 ; sld_hub:auto_hub|sld_jtag_hub:\jtag_hub_gen:sld_jtag_hub_inst|clr_reg                            ; SoC:inst|SoC_jtag_uart:jtag_uart|alt_jtag_atlantic:SoC_jtag_uart_alt_jtag_atlantic|write_valid     ; altera_reserved_tck ; altera_reserved_tck ; 100.000      ; -0.089     ; 2.254      ;
; 97.676 ; sld_hub:auto_hub|sld_jtag_hub:\jtag_hub_gen:sld_jtag_hub_inst|clr_reg                            ; SoC:inst|SoC_jtag_uart:jtag_uart|alt_jtag_atlantic:SoC_jtag_uart_alt_jtag_atlantic|wdata[0]        ; altera_reserved_tck ; altera_reserved_tck ; 100.000      ; -0.089     ; 2.254      ;
; 97.676 ; sld_hub:auto_hub|sld_jtag_hub:\jtag_hub_gen:sld_jtag_hub_inst|clr_reg                            ; SoC:inst|SoC_jtag_uart:jtag_uart|alt_jtag_atlantic:SoC_jtag_uart_alt_jtag_atlantic|tck_t_dav       ; altera_reserved_tck ; altera_reserved_tck ; 100.000      ; -0.089     ; 2.254      ;
; 97.751 ; sld_hub:auto_hub|sld_jtag_hub:\jtag_hub_gen:sld_jtag_hub_inst|clr_reg                            ; sld_hub:auto_hub|sld_jtag_hub:\jtag_hub_gen:sld_jtag_hub_inst|hub_mode_reg[1]                      ; altera_reserved_tck ; altera_reserved_tck ; 100.000      ; -0.069     ; 2.199      ;
; 97.772 ; sld_hub:auto_hub|sld_jtag_hub:\jtag_hub_gen:sld_jtag_hub_inst|clr_reg                            ; SoC:inst|SoC_jtag_uart:jtag_uart|alt_jtag_atlantic:SoC_jtag_uart_alt_jtag_atlantic|state           ; altera_reserved_tck ; altera_reserved_tck ; 100.000      ; -0.076     ; 2.171      ;
; 97.914 ; sld_hub:auto_hub|sld_jtag_hub:\jtag_hub_gen:sld_jtag_hub_inst|virtual_ir_scan_reg                ; sld_hub:auto_hub|sld_jtag_hub:\jtag_hub_gen:sld_jtag_hub_inst|hub_mode_reg[2]                      ; altera_reserved_tck ; altera_reserved_tck ; 100.000      ; -0.074     ; 2.031      ;
; 97.953 ; sld_hub:auto_hub|sld_jtag_hub:\jtag_hub_gen:sld_jtag_hub_inst|clr_reg                            ; sld_hub:auto_hub|sld_jtag_hub:\jtag_hub_gen:sld_jtag_hub_inst|irsr_reg[6]                          ; altera_reserved_tck ; altera_reserved_tck ; 100.000      ; -0.074     ; 1.992      ;
; 98.219 ; sld_hub:auto_hub|sld_jtag_hub:\jtag_hub_gen:sld_jtag_hub_inst|clr_reg                            ; sld_hub:auto_hub|sld_jtag_hub:\jtag_hub_gen:sld_jtag_hub_inst|hub_mode_reg[0]                      ; altera_reserved_tck ; altera_reserved_tck ; 100.000      ; -0.075     ; 1.725      ;
; 98.219 ; sld_hub:auto_hub|sld_jtag_hub:\jtag_hub_gen:sld_jtag_hub_inst|clr_reg                            ; sld_hub:auto_hub|sld_jtag_hub:\jtag_hub_gen:sld_jtag_hub_inst|irsr_reg[5]                          ; altera_reserved_tck ; altera_reserved_tck ; 100.000      ; -0.075     ; 1.725      ;
; 98.219 ; sld_hub:auto_hub|sld_jtag_hub:\jtag_hub_gen:sld_jtag_hub_inst|clr_reg                            ; sld_hub:auto_hub|sld_jtag_hub:\jtag_hub_gen:sld_jtag_hub_inst|irsr_reg[2]                          ; altera_reserved_tck ; altera_reserved_tck ; 100.000      ; -0.075     ; 1.725      ;
; 98.219 ; sld_hub:auto_hub|sld_jtag_hub:\jtag_hub_gen:sld_jtag_hub_inst|clr_reg                            ; sld_hub:auto_hub|sld_jtag_hub:\jtag_hub_gen:sld_jtag_hub_inst|irsr_reg[4]                          ; altera_reserved_tck ; altera_reserved_tck ; 100.000      ; -0.075     ; 1.725      ;
; 98.219 ; sld_hub:auto_hub|sld_jtag_hub:\jtag_hub_gen:sld_jtag_hub_inst|clr_reg                            ; sld_hub:auto_hub|sld_jtag_hub:\jtag_hub_gen:sld_jtag_hub_inst|irsr_reg[1]                          ; altera_reserved_tck ; altera_reserved_tck ; 100.000      ; -0.075     ; 1.725      ;
; 98.219 ; sld_hub:auto_hub|sld_jtag_hub:\jtag_hub_gen:sld_jtag_hub_inst|clr_reg                            ; sld_hub:auto_hub|sld_jtag_hub:\jtag_hub_gen:sld_jtag_hub_inst|irsr_reg[0]                          ; altera_reserved_tck ; altera_reserved_tck ; 100.000      ; -0.075     ; 1.725      ;
; 98.219 ; sld_hub:auto_hub|sld_jtag_hub:\jtag_hub_gen:sld_jtag_hub_inst|clr_reg                            ; sld_hub:auto_hub|sld_jtag_hub:\jtag_hub_gen:sld_jtag_hub_inst|irsr_reg[3]                          ; altera_reserved_tck ; altera_reserved_tck ; 100.000      ; -0.075     ; 1.725      ;
; 98.293 ; sld_hub:auto_hub|sld_jtag_hub:\jtag_hub_gen:sld_jtag_hub_inst|clr_reg                            ; SoC:inst|SoC_jtag_uart:jtag_uart|alt_jtag_atlantic:SoC_jtag_uart_alt_jtag_atlantic|read            ; altera_reserved_tck ; altera_reserved_tck ; 100.000      ; -0.082     ; 1.644      ;
; 98.293 ; sld_hub:auto_hub|sld_jtag_hub:\jtag_hub_gen:sld_jtag_hub_inst|clr_reg                            ; SoC:inst|SoC_jtag_uart:jtag_uart|alt_jtag_atlantic:SoC_jtag_uart_alt_jtag_atlantic|read_req        ; altera_reserved_tck ; altera_reserved_tck ; 100.000      ; -0.082     ; 1.644      ;
; 98.295 ; sld_hub:auto_hub|sld_jtag_hub:\jtag_hub_gen:sld_jtag_hub_inst|clr_reg                            ; sld_hub:auto_hub|sld_jtag_hub:\jtag_hub_gen:sld_jtag_hub_inst|shadow_irf_reg[2][4]                 ; altera_reserved_tck ; altera_reserved_tck ; 100.000      ; -0.072     ; 1.652      ;
; 98.295 ; sld_hub:auto_hub|sld_jtag_hub:\jtag_hub_gen:sld_jtag_hub_inst|clr_reg                            ; sld_hub:auto_hub|sld_jtag_hub:\jtag_hub_gen:sld_jtag_hub_inst|irf_reg[2][4]                        ; altera_reserved_tck ; altera_reserved_tck ; 100.000      ; -0.072     ; 1.652      ;
; 98.295 ; sld_hub:auto_hub|sld_jtag_hub:\jtag_hub_gen:sld_jtag_hub_inst|clr_reg                            ; sld_hub:auto_hub|sld_jtag_hub:\jtag_hub_gen:sld_jtag_hub_inst|shadow_irf_reg[2][3]                 ; altera_reserved_tck ; altera_reserved_tck ; 100.000      ; -0.072     ; 1.652      ;
; 98.295 ; sld_hub:auto_hub|sld_jtag_hub:\jtag_hub_gen:sld_jtag_hub_inst|clr_reg                            ; sld_hub:auto_hub|sld_jtag_hub:\jtag_hub_gen:sld_jtag_hub_inst|irf_reg[2][3]                        ; altera_reserved_tck ; altera_reserved_tck ; 100.000      ; -0.072     ; 1.652      ;
; 98.295 ; sld_hub:auto_hub|sld_jtag_hub:\jtag_hub_gen:sld_jtag_hub_inst|clr_reg                            ; sld_hub:auto_hub|sld_jtag_hub:\jtag_hub_gen:sld_jtag_hub_inst|shadow_irf_reg[2][2]                 ; altera_reserved_tck ; altera_reserved_tck ; 100.000      ; -0.072     ; 1.652      ;
; 98.295 ; sld_hub:auto_hub|sld_jtag_hub:\jtag_hub_gen:sld_jtag_hub_inst|clr_reg                            ; sld_hub:auto_hub|sld_jtag_hub:\jtag_hub_gen:sld_jtag_hub_inst|irf_reg[2][2]                        ; altera_reserved_tck ; altera_reserved_tck ; 100.000      ; -0.072     ; 1.652      ;
; 98.295 ; sld_hub:auto_hub|sld_jtag_hub:\jtag_hub_gen:sld_jtag_hub_inst|clr_reg                            ; sld_hub:auto_hub|sld_jtag_hub:\jtag_hub_gen:sld_jtag_hub_inst|shadow_irf_reg[2][1]                 ; altera_reserved_tck ; altera_reserved_tck ; 100.000      ; -0.072     ; 1.652      ;
; 98.295 ; sld_hub:auto_hub|sld_jtag_hub:\jtag_hub_gen:sld_jtag_hub_inst|clr_reg                            ; sld_hub:auto_hub|sld_jtag_hub:\jtag_hub_gen:sld_jtag_hub_inst|irf_reg[2][1]                        ; altera_reserved_tck ; altera_reserved_tck ; 100.000      ; -0.072     ; 1.652      ;
; 98.295 ; sld_hub:auto_hub|sld_jtag_hub:\jtag_hub_gen:sld_jtag_hub_inst|clr_reg                            ; sld_hub:auto_hub|sld_jtag_hub:\jtag_hub_gen:sld_jtag_hub_inst|shadow_irf_reg[2][0]                 ; altera_reserved_tck ; altera_reserved_tck ; 100.000      ; -0.072     ; 1.652      ;
; 98.295 ; sld_hub:auto_hub|sld_jtag_hub:\jtag_hub_gen:sld_jtag_hub_inst|clr_reg                            ; sld_hub:auto_hub|sld_jtag_hub:\jtag_hub_gen:sld_jtag_hub_inst|irf_reg[2][0]                        ; altera_reserved_tck ; altera_reserved_tck ; 100.000      ; -0.072     ; 1.652      ;
; 98.307 ; sld_hub:auto_hub|sld_jtag_hub:\jtag_hub_gen:sld_jtag_hub_inst|clr_reg                            ; sld_hub:auto_hub|sld_jtag_hub:\jtag_hub_gen:sld_jtag_hub_inst|shadow_irf_reg[1][4]                 ; altera_reserved_tck ; altera_reserved_tck ; 100.000      ; -0.071     ; 1.641      ;
; 98.307 ; sld_hub:auto_hub|sld_jtag_hub:\jtag_hub_gen:sld_jtag_hub_inst|clr_reg                            ; sld_hub:auto_hub|sld_jtag_hub:\jtag_hub_gen:sld_jtag_hub_inst|irf_reg[1][4]                        ; altera_reserved_tck ; altera_reserved_tck ; 100.000      ; -0.071     ; 1.641      ;
; 98.307 ; sld_hub:auto_hub|sld_jtag_hub:\jtag_hub_gen:sld_jtag_hub_inst|clr_reg                            ; sld_hub:auto_hub|sld_jtag_hub:\jtag_hub_gen:sld_jtag_hub_inst|shadow_irf_reg[1][3]                 ; altera_reserved_tck ; altera_reserved_tck ; 100.000      ; -0.071     ; 1.641      ;
; 98.307 ; sld_hub:auto_hub|sld_jtag_hub:\jtag_hub_gen:sld_jtag_hub_inst|clr_reg                            ; sld_hub:auto_hub|sld_jtag_hub:\jtag_hub_gen:sld_jtag_hub_inst|irf_reg[1][3]                        ; altera_reserved_tck ; altera_reserved_tck ; 100.000      ; -0.071     ; 1.641      ;
; 98.307 ; sld_hub:auto_hub|sld_jtag_hub:\jtag_hub_gen:sld_jtag_hub_inst|clr_reg                            ; sld_hub:auto_hub|sld_jtag_hub:\jtag_hub_gen:sld_jtag_hub_inst|shadow_irf_reg[1][2]                 ; altera_reserved_tck ; altera_reserved_tck ; 100.000      ; -0.071     ; 1.641      ;
; 98.307 ; sld_hub:auto_hub|sld_jtag_hub:\jtag_hub_gen:sld_jtag_hub_inst|clr_reg                            ; sld_hub:auto_hub|sld_jtag_hub:\jtag_hub_gen:sld_jtag_hub_inst|irf_reg[1][2]                        ; altera_reserved_tck ; altera_reserved_tck ; 100.000      ; -0.071     ; 1.641      ;
; 98.307 ; sld_hub:auto_hub|sld_jtag_hub:\jtag_hub_gen:sld_jtag_hub_inst|clr_reg                            ; sld_hub:auto_hub|sld_jtag_hub:\jtag_hub_gen:sld_jtag_hub_inst|shadow_irf_reg[1][1]                 ; altera_reserved_tck ; altera_reserved_tck ; 100.000      ; -0.071     ; 1.641      ;
; 98.307 ; sld_hub:auto_hub|sld_jtag_hub:\jtag_hub_gen:sld_jtag_hub_inst|clr_reg                            ; sld_hub:auto_hub|sld_jtag_hub:\jtag_hub_gen:sld_jtag_hub_inst|shadow_irf_reg[1][0]                 ; altera_reserved_tck ; altera_reserved_tck ; 100.000      ; -0.071     ; 1.641      ;
; 98.307 ; sld_hub:auto_hub|sld_jtag_hub:\jtag_hub_gen:sld_jtag_hub_inst|clr_reg                            ; sld_hub:auto_hub|sld_jtag_hub:\jtag_hub_gen:sld_jtag_hub_inst|irf_reg[1][0]                        ; altera_reserved_tck ; altera_reserved_tck ; 100.000      ; -0.071     ; 1.641      ;
; 98.307 ; sld_hub:auto_hub|sld_jtag_hub:\jtag_hub_gen:sld_jtag_hub_inst|clr_reg                            ; sld_hub:auto_hub|sld_jtag_hub:\jtag_hub_gen:sld_jtag_hub_inst|irf_reg[1][1]                        ; altera_reserved_tck ; altera_reserved_tck ; 100.000      ; -0.071     ; 1.641      ;
; 98.339 ; sld_hub:auto_hub|sld_jtag_hub:\jtag_hub_gen:sld_jtag_hub_inst|clr_reg                            ; sld_hub:auto_hub|sld_jtag_hub:\jtag_hub_gen:sld_jtag_hub_inst|node_ena[1]~reg0                     ; altera_reserved_tck ; altera_reserved_tck ; 100.000      ; -0.069     ; 1.611      ;
; 98.339 ; sld_hub:auto_hub|sld_jtag_hub:\jtag_hub_gen:sld_jtag_hub_inst|clr_reg                            ; sld_hub:auto_hub|sld_jtag_hub:\jtag_hub_gen:sld_jtag_hub_inst|node_ena[2]~reg0                     ; altera_reserved_tck ; altera_reserved_tck ; 100.000      ; -0.069     ; 1.611      ;
; 98.493 ; sld_hub:auto_hub|sld_jtag_hub:\jtag_hub_gen:sld_jtag_hub_inst|sld_shadow_jsm:shadow_jsm|state[0] ; sld_hub:auto_hub|sld_jtag_hub:\jtag_hub_gen:sld_jtag_hub_inst|virtual_ir_scan_reg                  ; altera_reserved_tck ; altera_reserved_tck ; 100.000      ; -0.071     ; 1.455      ;
; 98.493 ; sld_hub:auto_hub|sld_jtag_hub:\jtag_hub_gen:sld_jtag_hub_inst|sld_shadow_jsm:shadow_jsm|state[0] ; sld_hub:auto_hub|sld_jtag_hub:\jtag_hub_gen:sld_jtag_hub_inst|virtual_dr_scan_reg                  ; altera_reserved_tck ; altera_reserved_tck ; 100.000      ; -0.071     ; 1.455      ;
; 98.493 ; sld_hub:auto_hub|sld_jtag_hub:\jtag_hub_gen:sld_jtag_hub_inst|sld_shadow_jsm:shadow_jsm|state[0] ; sld_hub:auto_hub|sld_jtag_hub:\jtag_hub_gen:sld_jtag_hub_inst|jtag_ir_reg[0]                       ; altera_reserved_tck ; altera_reserved_tck ; 100.000      ; -0.071     ; 1.455      ;
; 98.493 ; sld_hub:auto_hub|sld_jtag_hub:\jtag_hub_gen:sld_jtag_hub_inst|sld_shadow_jsm:shadow_jsm|state[0] ; sld_hub:auto_hub|sld_jtag_hub:\jtag_hub_gen:sld_jtag_hub_inst|jtag_ir_reg[9]                       ; altera_reserved_tck ; altera_reserved_tck ; 100.000      ; -0.071     ; 1.455      ;
; 98.493 ; sld_hub:auto_hub|sld_jtag_hub:\jtag_hub_gen:sld_jtag_hub_inst|sld_shadow_jsm:shadow_jsm|state[0] ; sld_hub:auto_hub|sld_jtag_hub:\jtag_hub_gen:sld_jtag_hub_inst|jtag_ir_reg[8]                       ; altera_reserved_tck ; altera_reserved_tck ; 100.000      ; -0.071     ; 1.455      ;
; 98.493 ; sld_hub:auto_hub|sld_jtag_hub:\jtag_hub_gen:sld_jtag_hub_inst|sld_shadow_jsm:shadow_jsm|state[0] ; sld_hub:auto_hub|sld_jtag_hub:\jtag_hub_gen:sld_jtag_hub_inst|jtag_ir_reg[7]                       ; altera_reserved_tck ; altera_reserved_tck ; 100.000      ; -0.071     ; 1.455      ;
; 98.493 ; sld_hub:auto_hub|sld_jtag_hub:\jtag_hub_gen:sld_jtag_hub_inst|sld_shadow_jsm:shadow_jsm|state[0] ; sld_hub:auto_hub|sld_jtag_hub:\jtag_hub_gen:sld_jtag_hub_inst|jtag_ir_reg[6]                       ; altera_reserved_tck ; altera_reserved_tck ; 100.000      ; -0.071     ; 1.455      ;
; 98.493 ; sld_hub:auto_hub|sld_jtag_hub:\jtag_hub_gen:sld_jtag_hub_inst|sld_shadow_jsm:shadow_jsm|state[0] ; sld_hub:auto_hub|sld_jtag_hub:\jtag_hub_gen:sld_jtag_hub_inst|jtag_ir_reg[5]                       ; altera_reserved_tck ; altera_reserved_tck ; 100.000      ; -0.071     ; 1.455      ;
; 98.493 ; sld_hub:auto_hub|sld_jtag_hub:\jtag_hub_gen:sld_jtag_hub_inst|sld_shadow_jsm:shadow_jsm|state[0] ; sld_hub:auto_hub|sld_jtag_hub:\jtag_hub_gen:sld_jtag_hub_inst|jtag_ir_reg[4]                       ; altera_reserved_tck ; altera_reserved_tck ; 100.000      ; -0.071     ; 1.455      ;
; 98.493 ; sld_hub:auto_hub|sld_jtag_hub:\jtag_hub_gen:sld_jtag_hub_inst|sld_shadow_jsm:shadow_jsm|state[0] ; sld_hub:auto_hub|sld_jtag_hub:\jtag_hub_gen:sld_jtag_hub_inst|jtag_ir_reg[3]                       ; altera_reserved_tck ; altera_reserved_tck ; 100.000      ; -0.071     ; 1.455      ;
; 98.493 ; sld_hub:auto_hub|sld_jtag_hub:\jtag_hub_gen:sld_jtag_hub_inst|sld_shadow_jsm:shadow_jsm|state[0] ; sld_hub:auto_hub|sld_jtag_hub:\jtag_hub_gen:sld_jtag_hub_inst|jtag_ir_reg[2]                       ; altera_reserved_tck ; altera_reserved_tck ; 100.000      ; -0.071     ; 1.455      ;
; 98.493 ; sld_hub:auto_hub|sld_jtag_hub:\jtag_hub_gen:sld_jtag_hub_inst|sld_shadow_jsm:shadow_jsm|state[0] ; sld_hub:auto_hub|sld_jtag_hub:\jtag_hub_gen:sld_jtag_hub_inst|jtag_ir_reg[1]                       ; altera_reserved_tck ; altera_reserved_tck ; 100.000      ; -0.071     ; 1.455      ;
+--------+--------------------------------------------------------------------------------------------------+----------------------------------------------------------------------------------------------------+---------------------+---------------------+--------------+------------+------------+


+-----------------------------------------------------------------------------------------------------------------------------------------------------------------------------------------------------------------------------------------------------------------------------------------------------+
; Slow 1200mV 0C Model Removal: 'altera_reserved_tck'                                                                                                                                                                                                                                                 ;
+--------+--------------------------------------------------------------------------------------------------+----------------------------------------------------------------------------------------------------+---------------------+---------------------+--------------+------------+------------+
; Slack  ; From Node                                                                                        ; To Node                                                                                            ; Launch Clock        ; Latch Clock         ; Relationship ; Clock Skew ; Data Delay ;
+--------+--------------------------------------------------------------------------------------------------+----------------------------------------------------------------------------------------------------+---------------------+---------------------+--------------+------------+------------+
; 1.118  ; sld_hub:auto_hub|sld_jtag_hub:\jtag_hub_gen:sld_jtag_hub_inst|sld_shadow_jsm:shadow_jsm|state[0] ; sld_hub:auto_hub|sld_jtag_hub:\jtag_hub_gen:sld_jtag_hub_inst|virtual_ir_scan_reg                  ; altera_reserved_tck ; altera_reserved_tck ; 0.000        ; 0.070      ; 1.359      ;
; 1.118  ; sld_hub:auto_hub|sld_jtag_hub:\jtag_hub_gen:sld_jtag_hub_inst|sld_shadow_jsm:shadow_jsm|state[0] ; sld_hub:auto_hub|sld_jtag_hub:\jtag_hub_gen:sld_jtag_hub_inst|virtual_dr_scan_reg                  ; altera_reserved_tck ; altera_reserved_tck ; 0.000        ; 0.070      ; 1.359      ;
; 1.118  ; sld_hub:auto_hub|sld_jtag_hub:\jtag_hub_gen:sld_jtag_hub_inst|sld_shadow_jsm:shadow_jsm|state[0] ; sld_hub:auto_hub|sld_jtag_hub:\jtag_hub_gen:sld_jtag_hub_inst|jtag_ir_reg[0]                       ; altera_reserved_tck ; altera_reserved_tck ; 0.000        ; 0.070      ; 1.359      ;
; 1.118  ; sld_hub:auto_hub|sld_jtag_hub:\jtag_hub_gen:sld_jtag_hub_inst|sld_shadow_jsm:shadow_jsm|state[0] ; sld_hub:auto_hub|sld_jtag_hub:\jtag_hub_gen:sld_jtag_hub_inst|jtag_ir_reg[9]                       ; altera_reserved_tck ; altera_reserved_tck ; 0.000        ; 0.070      ; 1.359      ;
; 1.118  ; sld_hub:auto_hub|sld_jtag_hub:\jtag_hub_gen:sld_jtag_hub_inst|sld_shadow_jsm:shadow_jsm|state[0] ; sld_hub:auto_hub|sld_jtag_hub:\jtag_hub_gen:sld_jtag_hub_inst|jtag_ir_reg[8]                       ; altera_reserved_tck ; altera_reserved_tck ; 0.000        ; 0.070      ; 1.359      ;
; 1.118  ; sld_hub:auto_hub|sld_jtag_hub:\jtag_hub_gen:sld_jtag_hub_inst|sld_shadow_jsm:shadow_jsm|state[0] ; sld_hub:auto_hub|sld_jtag_hub:\jtag_hub_gen:sld_jtag_hub_inst|jtag_ir_reg[7]                       ; altera_reserved_tck ; altera_reserved_tck ; 0.000        ; 0.070      ; 1.359      ;
; 1.118  ; sld_hub:auto_hub|sld_jtag_hub:\jtag_hub_gen:sld_jtag_hub_inst|sld_shadow_jsm:shadow_jsm|state[0] ; sld_hub:auto_hub|sld_jtag_hub:\jtag_hub_gen:sld_jtag_hub_inst|jtag_ir_reg[6]                       ; altera_reserved_tck ; altera_reserved_tck ; 0.000        ; 0.070      ; 1.359      ;
; 1.118  ; sld_hub:auto_hub|sld_jtag_hub:\jtag_hub_gen:sld_jtag_hub_inst|sld_shadow_jsm:shadow_jsm|state[0] ; sld_hub:auto_hub|sld_jtag_hub:\jtag_hub_gen:sld_jtag_hub_inst|jtag_ir_reg[5]                       ; altera_reserved_tck ; altera_reserved_tck ; 0.000        ; 0.070      ; 1.359      ;
; 1.118  ; sld_hub:auto_hub|sld_jtag_hub:\jtag_hub_gen:sld_jtag_hub_inst|sld_shadow_jsm:shadow_jsm|state[0] ; sld_hub:auto_hub|sld_jtag_hub:\jtag_hub_gen:sld_jtag_hub_inst|jtag_ir_reg[4]                       ; altera_reserved_tck ; altera_reserved_tck ; 0.000        ; 0.070      ; 1.359      ;
; 1.118  ; sld_hub:auto_hub|sld_jtag_hub:\jtag_hub_gen:sld_jtag_hub_inst|sld_shadow_jsm:shadow_jsm|state[0] ; sld_hub:auto_hub|sld_jtag_hub:\jtag_hub_gen:sld_jtag_hub_inst|jtag_ir_reg[3]                       ; altera_reserved_tck ; altera_reserved_tck ; 0.000        ; 0.070      ; 1.359      ;
; 1.118  ; sld_hub:auto_hub|sld_jtag_hub:\jtag_hub_gen:sld_jtag_hub_inst|sld_shadow_jsm:shadow_jsm|state[0] ; sld_hub:auto_hub|sld_jtag_hub:\jtag_hub_gen:sld_jtag_hub_inst|jtag_ir_reg[2]                       ; altera_reserved_tck ; altera_reserved_tck ; 0.000        ; 0.070      ; 1.359      ;
; 1.118  ; sld_hub:auto_hub|sld_jtag_hub:\jtag_hub_gen:sld_jtag_hub_inst|sld_shadow_jsm:shadow_jsm|state[0] ; sld_hub:auto_hub|sld_jtag_hub:\jtag_hub_gen:sld_jtag_hub_inst|jtag_ir_reg[1]                       ; altera_reserved_tck ; altera_reserved_tck ; 0.000        ; 0.070      ; 1.359      ;
; 1.284  ; sld_hub:auto_hub|sld_jtag_hub:\jtag_hub_gen:sld_jtag_hub_inst|clr_reg                            ; sld_hub:auto_hub|sld_jtag_hub:\jtag_hub_gen:sld_jtag_hub_inst|node_ena[1]~reg0                     ; altera_reserved_tck ; altera_reserved_tck ; 0.000        ; 0.072      ; 1.527      ;
; 1.284  ; sld_hub:auto_hub|sld_jtag_hub:\jtag_hub_gen:sld_jtag_hub_inst|clr_reg                            ; sld_hub:auto_hub|sld_jtag_hub:\jtag_hub_gen:sld_jtag_hub_inst|node_ena[2]~reg0                     ; altera_reserved_tck ; altera_reserved_tck ; 0.000        ; 0.072      ; 1.527      ;
; 1.311  ; sld_hub:auto_hub|sld_jtag_hub:\jtag_hub_gen:sld_jtag_hub_inst|clr_reg                            ; sld_hub:auto_hub|sld_jtag_hub:\jtag_hub_gen:sld_jtag_hub_inst|shadow_irf_reg[1][4]                 ; altera_reserved_tck ; altera_reserved_tck ; 0.000        ; 0.069      ; 1.551      ;
; 1.311  ; sld_hub:auto_hub|sld_jtag_hub:\jtag_hub_gen:sld_jtag_hub_inst|clr_reg                            ; sld_hub:auto_hub|sld_jtag_hub:\jtag_hub_gen:sld_jtag_hub_inst|irf_reg[1][4]                        ; altera_reserved_tck ; altera_reserved_tck ; 0.000        ; 0.069      ; 1.551      ;
; 1.311  ; sld_hub:auto_hub|sld_jtag_hub:\jtag_hub_gen:sld_jtag_hub_inst|clr_reg                            ; sld_hub:auto_hub|sld_jtag_hub:\jtag_hub_gen:sld_jtag_hub_inst|shadow_irf_reg[1][3]                 ; altera_reserved_tck ; altera_reserved_tck ; 0.000        ; 0.069      ; 1.551      ;
; 1.311  ; sld_hub:auto_hub|sld_jtag_hub:\jtag_hub_gen:sld_jtag_hub_inst|clr_reg                            ; sld_hub:auto_hub|sld_jtag_hub:\jtag_hub_gen:sld_jtag_hub_inst|irf_reg[1][3]                        ; altera_reserved_tck ; altera_reserved_tck ; 0.000        ; 0.069      ; 1.551      ;
; 1.311  ; sld_hub:auto_hub|sld_jtag_hub:\jtag_hub_gen:sld_jtag_hub_inst|clr_reg                            ; sld_hub:auto_hub|sld_jtag_hub:\jtag_hub_gen:sld_jtag_hub_inst|shadow_irf_reg[1][2]                 ; altera_reserved_tck ; altera_reserved_tck ; 0.000        ; 0.069      ; 1.551      ;
; 1.311  ; sld_hub:auto_hub|sld_jtag_hub:\jtag_hub_gen:sld_jtag_hub_inst|clr_reg                            ; sld_hub:auto_hub|sld_jtag_hub:\jtag_hub_gen:sld_jtag_hub_inst|irf_reg[1][2]                        ; altera_reserved_tck ; altera_reserved_tck ; 0.000        ; 0.069      ; 1.551      ;
; 1.311  ; sld_hub:auto_hub|sld_jtag_hub:\jtag_hub_gen:sld_jtag_hub_inst|clr_reg                            ; sld_hub:auto_hub|sld_jtag_hub:\jtag_hub_gen:sld_jtag_hub_inst|shadow_irf_reg[1][1]                 ; altera_reserved_tck ; altera_reserved_tck ; 0.000        ; 0.069      ; 1.551      ;
; 1.311  ; sld_hub:auto_hub|sld_jtag_hub:\jtag_hub_gen:sld_jtag_hub_inst|clr_reg                            ; sld_hub:auto_hub|sld_jtag_hub:\jtag_hub_gen:sld_jtag_hub_inst|shadow_irf_reg[1][0]                 ; altera_reserved_tck ; altera_reserved_tck ; 0.000        ; 0.069      ; 1.551      ;
; 1.311  ; sld_hub:auto_hub|sld_jtag_hub:\jtag_hub_gen:sld_jtag_hub_inst|clr_reg                            ; sld_hub:auto_hub|sld_jtag_hub:\jtag_hub_gen:sld_jtag_hub_inst|irf_reg[1][0]                        ; altera_reserved_tck ; altera_reserved_tck ; 0.000        ; 0.069      ; 1.551      ;
; 1.311  ; sld_hub:auto_hub|sld_jtag_hub:\jtag_hub_gen:sld_jtag_hub_inst|clr_reg                            ; sld_hub:auto_hub|sld_jtag_hub:\jtag_hub_gen:sld_jtag_hub_inst|irf_reg[1][1]                        ; altera_reserved_tck ; altera_reserved_tck ; 0.000        ; 0.069      ; 1.551      ;
; 1.320  ; sld_hub:auto_hub|sld_jtag_hub:\jtag_hub_gen:sld_jtag_hub_inst|clr_reg                            ; sld_hub:auto_hub|sld_jtag_hub:\jtag_hub_gen:sld_jtag_hub_inst|shadow_irf_reg[2][4]                 ; altera_reserved_tck ; altera_reserved_tck ; 0.000        ; 0.069      ; 1.560      ;
; 1.320  ; sld_hub:auto_hub|sld_jtag_hub:\jtag_hub_gen:sld_jtag_hub_inst|clr_reg                            ; sld_hub:auto_hub|sld_jtag_hub:\jtag_hub_gen:sld_jtag_hub_inst|irf_reg[2][4]                        ; altera_reserved_tck ; altera_reserved_tck ; 0.000        ; 0.069      ; 1.560      ;
; 1.320  ; sld_hub:auto_hub|sld_jtag_hub:\jtag_hub_gen:sld_jtag_hub_inst|clr_reg                            ; sld_hub:auto_hub|sld_jtag_hub:\jtag_hub_gen:sld_jtag_hub_inst|shadow_irf_reg[2][3]                 ; altera_reserved_tck ; altera_reserved_tck ; 0.000        ; 0.069      ; 1.560      ;
; 1.320  ; sld_hub:auto_hub|sld_jtag_hub:\jtag_hub_gen:sld_jtag_hub_inst|clr_reg                            ; sld_hub:auto_hub|sld_jtag_hub:\jtag_hub_gen:sld_jtag_hub_inst|irf_reg[2][3]                        ; altera_reserved_tck ; altera_reserved_tck ; 0.000        ; 0.069      ; 1.560      ;
; 1.320  ; sld_hub:auto_hub|sld_jtag_hub:\jtag_hub_gen:sld_jtag_hub_inst|clr_reg                            ; sld_hub:auto_hub|sld_jtag_hub:\jtag_hub_gen:sld_jtag_hub_inst|shadow_irf_reg[2][2]                 ; altera_reserved_tck ; altera_reserved_tck ; 0.000        ; 0.069      ; 1.560      ;
; 1.320  ; sld_hub:auto_hub|sld_jtag_hub:\jtag_hub_gen:sld_jtag_hub_inst|clr_reg                            ; sld_hub:auto_hub|sld_jtag_hub:\jtag_hub_gen:sld_jtag_hub_inst|irf_reg[2][2]                        ; altera_reserved_tck ; altera_reserved_tck ; 0.000        ; 0.069      ; 1.560      ;
; 1.320  ; sld_hub:auto_hub|sld_jtag_hub:\jtag_hub_gen:sld_jtag_hub_inst|clr_reg                            ; sld_hub:auto_hub|sld_jtag_hub:\jtag_hub_gen:sld_jtag_hub_inst|shadow_irf_reg[2][1]                 ; altera_reserved_tck ; altera_reserved_tck ; 0.000        ; 0.069      ; 1.560      ;
; 1.320  ; sld_hub:auto_hub|sld_jtag_hub:\jtag_hub_gen:sld_jtag_hub_inst|clr_reg                            ; sld_hub:auto_hub|sld_jtag_hub:\jtag_hub_gen:sld_jtag_hub_inst|irf_reg[2][1]                        ; altera_reserved_tck ; altera_reserved_tck ; 0.000        ; 0.069      ; 1.560      ;
; 1.320  ; sld_hub:auto_hub|sld_jtag_hub:\jtag_hub_gen:sld_jtag_hub_inst|clr_reg                            ; sld_hub:auto_hub|sld_jtag_hub:\jtag_hub_gen:sld_jtag_hub_inst|shadow_irf_reg[2][0]                 ; altera_reserved_tck ; altera_reserved_tck ; 0.000        ; 0.069      ; 1.560      ;
; 1.320  ; sld_hub:auto_hub|sld_jtag_hub:\jtag_hub_gen:sld_jtag_hub_inst|clr_reg                            ; sld_hub:auto_hub|sld_jtag_hub:\jtag_hub_gen:sld_jtag_hub_inst|irf_reg[2][0]                        ; altera_reserved_tck ; altera_reserved_tck ; 0.000        ; 0.069      ; 1.560      ;
; 1.334  ; sld_hub:auto_hub|sld_jtag_hub:\jtag_hub_gen:sld_jtag_hub_inst|clr_reg                            ; SoC:inst|SoC_jtag_uart:jtag_uart|alt_jtag_atlantic:SoC_jtag_uart_alt_jtag_atlantic|read            ; altera_reserved_tck ; altera_reserved_tck ; 0.000        ; 0.058      ; 1.563      ;
; 1.334  ; sld_hub:auto_hub|sld_jtag_hub:\jtag_hub_gen:sld_jtag_hub_inst|clr_reg                            ; SoC:inst|SoC_jtag_uart:jtag_uart|alt_jtag_atlantic:SoC_jtag_uart_alt_jtag_atlantic|read_req        ; altera_reserved_tck ; altera_reserved_tck ; 0.000        ; 0.058      ; 1.563      ;
; 1.393  ; sld_hub:auto_hub|sld_jtag_hub:\jtag_hub_gen:sld_jtag_hub_inst|clr_reg                            ; sld_hub:auto_hub|sld_jtag_hub:\jtag_hub_gen:sld_jtag_hub_inst|hub_mode_reg[0]                      ; altera_reserved_tck ; altera_reserved_tck ; 0.000        ; 0.065      ; 1.629      ;
; 1.393  ; sld_hub:auto_hub|sld_jtag_hub:\jtag_hub_gen:sld_jtag_hub_inst|clr_reg                            ; sld_hub:auto_hub|sld_jtag_hub:\jtag_hub_gen:sld_jtag_hub_inst|irsr_reg[5]                          ; altera_reserved_tck ; altera_reserved_tck ; 0.000        ; 0.065      ; 1.629      ;
; 1.393  ; sld_hub:auto_hub|sld_jtag_hub:\jtag_hub_gen:sld_jtag_hub_inst|clr_reg                            ; sld_hub:auto_hub|sld_jtag_hub:\jtag_hub_gen:sld_jtag_hub_inst|irsr_reg[2]                          ; altera_reserved_tck ; altera_reserved_tck ; 0.000        ; 0.065      ; 1.629      ;
; 1.393  ; sld_hub:auto_hub|sld_jtag_hub:\jtag_hub_gen:sld_jtag_hub_inst|clr_reg                            ; sld_hub:auto_hub|sld_jtag_hub:\jtag_hub_gen:sld_jtag_hub_inst|irsr_reg[4]                          ; altera_reserved_tck ; altera_reserved_tck ; 0.000        ; 0.065      ; 1.629      ;
; 1.393  ; sld_hub:auto_hub|sld_jtag_hub:\jtag_hub_gen:sld_jtag_hub_inst|clr_reg                            ; sld_hub:auto_hub|sld_jtag_hub:\jtag_hub_gen:sld_jtag_hub_inst|irsr_reg[1]                          ; altera_reserved_tck ; altera_reserved_tck ; 0.000        ; 0.065      ; 1.629      ;
; 1.393  ; sld_hub:auto_hub|sld_jtag_hub:\jtag_hub_gen:sld_jtag_hub_inst|clr_reg                            ; sld_hub:auto_hub|sld_jtag_hub:\jtag_hub_gen:sld_jtag_hub_inst|irsr_reg[0]                          ; altera_reserved_tck ; altera_reserved_tck ; 0.000        ; 0.065      ; 1.629      ;
; 1.393  ; sld_hub:auto_hub|sld_jtag_hub:\jtag_hub_gen:sld_jtag_hub_inst|clr_reg                            ; sld_hub:auto_hub|sld_jtag_hub:\jtag_hub_gen:sld_jtag_hub_inst|irsr_reg[3]                          ; altera_reserved_tck ; altera_reserved_tck ; 0.000        ; 0.065      ; 1.629      ;
; 1.644  ; sld_hub:auto_hub|sld_jtag_hub:\jtag_hub_gen:sld_jtag_hub_inst|virtual_ir_scan_reg                ; sld_hub:auto_hub|sld_jtag_hub:\jtag_hub_gen:sld_jtag_hub_inst|hub_mode_reg[2]                      ; altera_reserved_tck ; altera_reserved_tck ; 0.000        ; 0.066      ; 1.881      ;
; 1.672  ; sld_hub:auto_hub|sld_jtag_hub:\jtag_hub_gen:sld_jtag_hub_inst|clr_reg                            ; sld_hub:auto_hub|sld_jtag_hub:\jtag_hub_gen:sld_jtag_hub_inst|irsr_reg[6]                          ; altera_reserved_tck ; altera_reserved_tck ; 0.000        ; 0.066      ; 1.909      ;
; 1.818  ; sld_hub:auto_hub|sld_jtag_hub:\jtag_hub_gen:sld_jtag_hub_inst|clr_reg                            ; SoC:inst|SoC_jtag_uart:jtag_uart|alt_jtag_atlantic:SoC_jtag_uart_alt_jtag_atlantic|state           ; altera_reserved_tck ; altera_reserved_tck ; 0.000        ; 0.065      ; 2.054      ;
; 1.842  ; sld_hub:auto_hub|sld_jtag_hub:\jtag_hub_gen:sld_jtag_hub_inst|clr_reg                            ; sld_hub:auto_hub|sld_jtag_hub:\jtag_hub_gen:sld_jtag_hub_inst|hub_mode_reg[1]                      ; altera_reserved_tck ; altera_reserved_tck ; 0.000        ; 0.071      ; 2.084      ;
; 1.931  ; sld_hub:auto_hub|sld_jtag_hub:\jtag_hub_gen:sld_jtag_hub_inst|clr_reg                            ; SoC:inst|SoC_jtag_uart:jtag_uart|alt_jtag_atlantic:SoC_jtag_uart_alt_jtag_atlantic|write_stalled   ; altera_reserved_tck ; altera_reserved_tck ; 0.000        ; 0.051      ; 2.153      ;
; 1.931  ; sld_hub:auto_hub|sld_jtag_hub:\jtag_hub_gen:sld_jtag_hub_inst|clr_reg                            ; SoC:inst|SoC_jtag_uart:jtag_uart|alt_jtag_atlantic:SoC_jtag_uart_alt_jtag_atlantic|write_valid     ; altera_reserved_tck ; altera_reserved_tck ; 0.000        ; 0.051      ; 2.153      ;
; 1.931  ; sld_hub:auto_hub|sld_jtag_hub:\jtag_hub_gen:sld_jtag_hub_inst|clr_reg                            ; SoC:inst|SoC_jtag_uart:jtag_uart|alt_jtag_atlantic:SoC_jtag_uart_alt_jtag_atlantic|wdata[0]        ; altera_reserved_tck ; altera_reserved_tck ; 0.000        ; 0.051      ; 2.153      ;
; 1.931  ; sld_hub:auto_hub|sld_jtag_hub:\jtag_hub_gen:sld_jtag_hub_inst|clr_reg                            ; SoC:inst|SoC_jtag_uart:jtag_uart|alt_jtag_atlantic:SoC_jtag_uart_alt_jtag_atlantic|tck_t_dav       ; altera_reserved_tck ; altera_reserved_tck ; 0.000        ; 0.051      ; 2.153      ;
; 1.943  ; sld_hub:auto_hub|sld_jtag_hub:\jtag_hub_gen:sld_jtag_hub_inst|clr_reg                            ; SoC:inst|SoC_jtag_uart:jtag_uart|alt_jtag_atlantic:SoC_jtag_uart_alt_jtag_atlantic|wdata[7]        ; altera_reserved_tck ; altera_reserved_tck ; 0.000        ; 0.051      ; 2.165      ;
; 1.943  ; sld_hub:auto_hub|sld_jtag_hub:\jtag_hub_gen:sld_jtag_hub_inst|clr_reg                            ; SoC:inst|SoC_jtag_uart:jtag_uart|alt_jtag_atlantic:SoC_jtag_uart_alt_jtag_atlantic|wdata[6]        ; altera_reserved_tck ; altera_reserved_tck ; 0.000        ; 0.051      ; 2.165      ;
; 1.943  ; sld_hub:auto_hub|sld_jtag_hub:\jtag_hub_gen:sld_jtag_hub_inst|clr_reg                            ; SoC:inst|SoC_jtag_uart:jtag_uart|alt_jtag_atlantic:SoC_jtag_uart_alt_jtag_atlantic|wdata[5]        ; altera_reserved_tck ; altera_reserved_tck ; 0.000        ; 0.051      ; 2.165      ;
; 1.943  ; sld_hub:auto_hub|sld_jtag_hub:\jtag_hub_gen:sld_jtag_hub_inst|clr_reg                            ; SoC:inst|SoC_jtag_uart:jtag_uart|alt_jtag_atlantic:SoC_jtag_uart_alt_jtag_atlantic|write           ; altera_reserved_tck ; altera_reserved_tck ; 0.000        ; 0.051      ; 2.165      ;
; 1.943  ; sld_hub:auto_hub|sld_jtag_hub:\jtag_hub_gen:sld_jtag_hub_inst|clr_reg                            ; SoC:inst|SoC_jtag_uart:jtag_uart|alt_jtag_atlantic:SoC_jtag_uart_alt_jtag_atlantic|wdata[4]        ; altera_reserved_tck ; altera_reserved_tck ; 0.000        ; 0.051      ; 2.165      ;
; 1.943  ; sld_hub:auto_hub|sld_jtag_hub:\jtag_hub_gen:sld_jtag_hub_inst|clr_reg                            ; SoC:inst|SoC_jtag_uart:jtag_uart|alt_jtag_atlantic:SoC_jtag_uart_alt_jtag_atlantic|wdata[3]        ; altera_reserved_tck ; altera_reserved_tck ; 0.000        ; 0.051      ; 2.165      ;
; 1.943  ; sld_hub:auto_hub|sld_jtag_hub:\jtag_hub_gen:sld_jtag_hub_inst|clr_reg                            ; SoC:inst|SoC_jtag_uart:jtag_uart|alt_jtag_atlantic:SoC_jtag_uart_alt_jtag_atlantic|wdata[2]        ; altera_reserved_tck ; altera_reserved_tck ; 0.000        ; 0.051      ; 2.165      ;
; 1.943  ; sld_hub:auto_hub|sld_jtag_hub:\jtag_hub_gen:sld_jtag_hub_inst|clr_reg                            ; SoC:inst|SoC_jtag_uart:jtag_uart|alt_jtag_atlantic:SoC_jtag_uart_alt_jtag_atlantic|wdata[1]        ; altera_reserved_tck ; altera_reserved_tck ; 0.000        ; 0.051      ; 2.165      ;
; 1.948  ; sld_hub:auto_hub|sld_jtag_hub:\jtag_hub_gen:sld_jtag_hub_inst|clr_reg                            ; SoC:inst|SoC_jtag_uart:jtag_uart|alt_jtag_atlantic:SoC_jtag_uart_alt_jtag_atlantic|td_shift[10]    ; altera_reserved_tck ; altera_reserved_tck ; 0.000        ; 0.050      ; 2.169      ;
; 1.948  ; sld_hub:auto_hub|sld_jtag_hub:\jtag_hub_gen:sld_jtag_hub_inst|clr_reg                            ; SoC:inst|SoC_jtag_uart:jtag_uart|alt_jtag_atlantic:SoC_jtag_uart_alt_jtag_atlantic|td_shift[9]     ; altera_reserved_tck ; altera_reserved_tck ; 0.000        ; 0.050      ; 2.169      ;
; 1.948  ; sld_hub:auto_hub|sld_jtag_hub:\jtag_hub_gen:sld_jtag_hub_inst|clr_reg                            ; SoC:inst|SoC_jtag_uart:jtag_uart|alt_jtag_atlantic:SoC_jtag_uart_alt_jtag_atlantic|td_shift[1]     ; altera_reserved_tck ; altera_reserved_tck ; 0.000        ; 0.050      ; 2.169      ;
; 1.948  ; sld_hub:auto_hub|sld_jtag_hub:\jtag_hub_gen:sld_jtag_hub_inst|clr_reg                            ; SoC:inst|SoC_jtag_uart:jtag_uart|alt_jtag_atlantic:SoC_jtag_uart_alt_jtag_atlantic|td_shift[2]     ; altera_reserved_tck ; altera_reserved_tck ; 0.000        ; 0.050      ; 2.169      ;
; 1.948  ; sld_hub:auto_hub|sld_jtag_hub:\jtag_hub_gen:sld_jtag_hub_inst|clr_reg                            ; SoC:inst|SoC_jtag_uart:jtag_uart|alt_jtag_atlantic:SoC_jtag_uart_alt_jtag_atlantic|td_shift[3]     ; altera_reserved_tck ; altera_reserved_tck ; 0.000        ; 0.050      ; 2.169      ;
; 1.948  ; sld_hub:auto_hub|sld_jtag_hub:\jtag_hub_gen:sld_jtag_hub_inst|clr_reg                            ; SoC:inst|SoC_jtag_uart:jtag_uart|alt_jtag_atlantic:SoC_jtag_uart_alt_jtag_atlantic|td_shift[4]     ; altera_reserved_tck ; altera_reserved_tck ; 0.000        ; 0.050      ; 2.169      ;
; 1.948  ; sld_hub:auto_hub|sld_jtag_hub:\jtag_hub_gen:sld_jtag_hub_inst|clr_reg                            ; SoC:inst|SoC_jtag_uart:jtag_uart|alt_jtag_atlantic:SoC_jtag_uart_alt_jtag_atlantic|td_shift[5]     ; altera_reserved_tck ; altera_reserved_tck ; 0.000        ; 0.050      ; 2.169      ;
; 1.948  ; sld_hub:auto_hub|sld_jtag_hub:\jtag_hub_gen:sld_jtag_hub_inst|clr_reg                            ; SoC:inst|SoC_jtag_uart:jtag_uart|alt_jtag_atlantic:SoC_jtag_uart_alt_jtag_atlantic|td_shift[6]     ; altera_reserved_tck ; altera_reserved_tck ; 0.000        ; 0.050      ; 2.169      ;
; 1.948  ; sld_hub:auto_hub|sld_jtag_hub:\jtag_hub_gen:sld_jtag_hub_inst|clr_reg                            ; SoC:inst|SoC_jtag_uart:jtag_uart|alt_jtag_atlantic:SoC_jtag_uart_alt_jtag_atlantic|td_shift[7]     ; altera_reserved_tck ; altera_reserved_tck ; 0.000        ; 0.050      ; 2.169      ;
; 1.948  ; sld_hub:auto_hub|sld_jtag_hub:\jtag_hub_gen:sld_jtag_hub_inst|clr_reg                            ; SoC:inst|SoC_jtag_uart:jtag_uart|alt_jtag_atlantic:SoC_jtag_uart_alt_jtag_atlantic|td_shift[8]     ; altera_reserved_tck ; altera_reserved_tck ; 0.000        ; 0.050      ; 2.169      ;
; 1.965  ; sld_hub:auto_hub|sld_jtag_hub:\jtag_hub_gen:sld_jtag_hub_inst|clr_reg                            ; SoC:inst|SoC_jtag_uart:jtag_uart|alt_jtag_atlantic:SoC_jtag_uart_alt_jtag_atlantic|count[8]        ; altera_reserved_tck ; altera_reserved_tck ; 0.000        ; 0.044      ; 2.180      ;
; 1.965  ; sld_hub:auto_hub|sld_jtag_hub:\jtag_hub_gen:sld_jtag_hub_inst|clr_reg                            ; SoC:inst|SoC_jtag_uart:jtag_uart|alt_jtag_atlantic:SoC_jtag_uart_alt_jtag_atlantic|count[7]        ; altera_reserved_tck ; altera_reserved_tck ; 0.000        ; 0.044      ; 2.180      ;
; 1.965  ; sld_hub:auto_hub|sld_jtag_hub:\jtag_hub_gen:sld_jtag_hub_inst|clr_reg                            ; SoC:inst|SoC_jtag_uart:jtag_uart|alt_jtag_atlantic:SoC_jtag_uart_alt_jtag_atlantic|count[6]        ; altera_reserved_tck ; altera_reserved_tck ; 0.000        ; 0.044      ; 2.180      ;
; 1.965  ; sld_hub:auto_hub|sld_jtag_hub:\jtag_hub_gen:sld_jtag_hub_inst|clr_reg                            ; SoC:inst|SoC_jtag_uart:jtag_uart|alt_jtag_atlantic:SoC_jtag_uart_alt_jtag_atlantic|count[5]        ; altera_reserved_tck ; altera_reserved_tck ; 0.000        ; 0.044      ; 2.180      ;
; 1.965  ; sld_hub:auto_hub|sld_jtag_hub:\jtag_hub_gen:sld_jtag_hub_inst|clr_reg                            ; SoC:inst|SoC_jtag_uart:jtag_uart|alt_jtag_atlantic:SoC_jtag_uart_alt_jtag_atlantic|count[4]        ; altera_reserved_tck ; altera_reserved_tck ; 0.000        ; 0.044      ; 2.180      ;
; 1.965  ; sld_hub:auto_hub|sld_jtag_hub:\jtag_hub_gen:sld_jtag_hub_inst|clr_reg                            ; SoC:inst|SoC_jtag_uart:jtag_uart|alt_jtag_atlantic:SoC_jtag_uart_alt_jtag_atlantic|count[3]        ; altera_reserved_tck ; altera_reserved_tck ; 0.000        ; 0.044      ; 2.180      ;
; 1.965  ; sld_hub:auto_hub|sld_jtag_hub:\jtag_hub_gen:sld_jtag_hub_inst|clr_reg                            ; SoC:inst|SoC_jtag_uart:jtag_uart|alt_jtag_atlantic:SoC_jtag_uart_alt_jtag_atlantic|count[2]        ; altera_reserved_tck ; altera_reserved_tck ; 0.000        ; 0.044      ; 2.180      ;
; 1.965  ; sld_hub:auto_hub|sld_jtag_hub:\jtag_hub_gen:sld_jtag_hub_inst|clr_reg                            ; SoC:inst|SoC_jtag_uart:jtag_uart|alt_jtag_atlantic:SoC_jtag_uart_alt_jtag_atlantic|count[1]        ; altera_reserved_tck ; altera_reserved_tck ; 0.000        ; 0.044      ; 2.180      ;
; 1.965  ; sld_hub:auto_hub|sld_jtag_hub:\jtag_hub_gen:sld_jtag_hub_inst|clr_reg                            ; SoC:inst|SoC_jtag_uart:jtag_uart|alt_jtag_atlantic:SoC_jtag_uart_alt_jtag_atlantic|count[0]        ; altera_reserved_tck ; altera_reserved_tck ; 0.000        ; 0.044      ; 2.180      ;
; 1.965  ; sld_hub:auto_hub|sld_jtag_hub:\jtag_hub_gen:sld_jtag_hub_inst|clr_reg                            ; SoC:inst|SoC_jtag_uart:jtag_uart|alt_jtag_atlantic:SoC_jtag_uart_alt_jtag_atlantic|count[9]        ; altera_reserved_tck ; altera_reserved_tck ; 0.000        ; 0.044      ; 2.180      ;
; 1.965  ; sld_hub:auto_hub|sld_jtag_hub:\jtag_hub_gen:sld_jtag_hub_inst|clr_reg                            ; SoC:inst|SoC_jtag_uart:jtag_uart|alt_jtag_atlantic:SoC_jtag_uart_alt_jtag_atlantic|td_shift[0]     ; altera_reserved_tck ; altera_reserved_tck ; 0.000        ; 0.044      ; 2.180      ;
; 1.965  ; sld_hub:auto_hub|sld_jtag_hub:\jtag_hub_gen:sld_jtag_hub_inst|clr_reg                            ; SoC:inst|SoC_jtag_uart:jtag_uart|alt_jtag_atlantic:SoC_jtag_uart_alt_jtag_atlantic|user_saw_rvalid ; altera_reserved_tck ; altera_reserved_tck ; 0.000        ; 0.044      ; 2.180      ;
; 51.345 ; sld_hub:auto_hub|sld_jtag_hub:\jtag_hub_gen:sld_jtag_hub_inst|sld_shadow_jsm:shadow_jsm|state[8] ; sld_hub:auto_hub|sld_jtag_hub:\jtag_hub_gen:sld_jtag_hub_inst|tdo                                  ; altera_reserved_tck ; altera_reserved_tck ; -50.000      ; 0.300      ; 1.816      ;
; 51.655 ; sld_hub:auto_hub|sld_jtag_hub:\jtag_hub_gen:sld_jtag_hub_inst|clr_reg                            ; SoC:inst|SoC_jtag_uart:jtag_uart|alt_jtag_atlantic:SoC_jtag_uart_alt_jtag_atlantic|jupdate         ; altera_reserved_tck ; altera_reserved_tck ; -50.000      ; 0.283      ; 2.109      ;
; 51.710 ; sld_hub:auto_hub|sld_jtag_hub:\jtag_hub_gen:sld_jtag_hub_inst|clr_reg                            ; SoC:inst|SoC_jtag_uart:jtag_uart|alt_jtag_atlantic:SoC_jtag_uart_alt_jtag_atlantic|tdo~reg0        ; altera_reserved_tck ; altera_reserved_tck ; -50.000      ; 0.284      ; 2.165      ;
+--------+--------------------------------------------------------------------------------------------------+----------------------------------------------------------------------------------------------------+---------------------+---------------------+--------------+------------+------------+


+----------------------------------------------------------------------------------------------------------------------------------------------------------------------------------------------------------------------------------------------------------------------------------------------------------------+
; Slow 1200mV 0C Model Minimum Pulse Width: 'altera_reserved_tck'                                                                                                                                                                                                                                                ;
+--------+--------------+----------------+------------------+---------------------+------------+-----------------------------------------------------------------------------------------------------------------------------------------------------------------------------------------------------------------+
; Slack  ; Actual Width ; Required Width ; Type             ; Clock               ; Clock Edge ; Target                                                                                                                                                                                                          ;
+--------+--------------+----------------+------------------+---------------------+------------+-----------------------------------------------------------------------------------------------------------------------------------------------------------------------------------------------------------------+
; 49.566 ; 49.784       ; 0.218          ; High Pulse Width ; altera_reserved_tck ; Fall       ; SoC:inst|SoC_jtag_uart:jtag_uart|alt_jtag_atlantic:SoC_jtag_uart_alt_jtag_atlantic|jupdate                                                                                                                      ;
; 49.566 ; 49.784       ; 0.218          ; High Pulse Width ; altera_reserved_tck ; Fall       ; SoC:inst|SoC_jtag_uart:jtag_uart|alt_jtag_atlantic:SoC_jtag_uart_alt_jtag_atlantic|tdo~reg0                                                                                                                     ;
; 49.566 ; 49.784       ; 0.218          ; High Pulse Width ; altera_reserved_tck ; Fall       ; sld_hub:auto_hub|sld_jtag_hub:\jtag_hub_gen:sld_jtag_hub_inst|tdo                                                                                                                                               ;
; 49.608 ; 49.794       ; 0.186          ; Low Pulse Width  ; altera_reserved_tck ; Rise       ; sld_hub:auto_hub|sld_jtag_hub:\jtag_hub_gen:sld_jtag_hub_inst|design_hash_reg[0]                                                                                                                                ;
; 49.608 ; 49.794       ; 0.186          ; Low Pulse Width  ; altera_reserved_tck ; Rise       ; sld_hub:auto_hub|sld_jtag_hub:\jtag_hub_gen:sld_jtag_hub_inst|design_hash_reg[1]                                                                                                                                ;
; 49.608 ; 49.794       ; 0.186          ; Low Pulse Width  ; altera_reserved_tck ; Rise       ; sld_hub:auto_hub|sld_jtag_hub:\jtag_hub_gen:sld_jtag_hub_inst|design_hash_reg[2]                                                                                                                                ;
; 49.608 ; 49.794       ; 0.186          ; Low Pulse Width  ; altera_reserved_tck ; Rise       ; sld_hub:auto_hub|sld_jtag_hub:\jtag_hub_gen:sld_jtag_hub_inst|design_hash_reg[3]                                                                                                                                ;
; 49.608 ; 49.794       ; 0.186          ; Low Pulse Width  ; altera_reserved_tck ; Rise       ; sld_hub:auto_hub|sld_jtag_hub:\jtag_hub_gen:sld_jtag_hub_inst|sld_shadow_jsm:shadow_jsm|state[3]                                                                                                                ;
; 49.608 ; 49.794       ; 0.186          ; Low Pulse Width  ; altera_reserved_tck ; Rise       ; sld_hub:auto_hub|sld_jtag_hub:\jtag_hub_gen:sld_jtag_hub_inst|tdo_bypass_reg                                                                                                                                    ;
; 49.609 ; 49.795       ; 0.186          ; Low Pulse Width  ; altera_reserved_tck ; Rise       ; SoC:inst|SoC_cpu:cpu|SoC_cpu_nios2_oci:the_SoC_cpu_nios2_oci|SoC_cpu_jtag_debug_module_wrapper:the_SoC_cpu_jtag_debug_module_wrapper|SoC_cpu_jtag_debug_module_tck:the_SoC_cpu_jtag_debug_module_tck|DRsize.000 ;
; 49.609 ; 49.795       ; 0.186          ; Low Pulse Width  ; altera_reserved_tck ; Rise       ; SoC:inst|SoC_cpu:cpu|SoC_cpu_nios2_oci:the_SoC_cpu_nios2_oci|SoC_cpu_jtag_debug_module_wrapper:the_SoC_cpu_jtag_debug_module_wrapper|SoC_cpu_jtag_debug_module_tck:the_SoC_cpu_jtag_debug_module_tck|DRsize.010 ;
; 49.609 ; 49.795       ; 0.186          ; Low Pulse Width  ; altera_reserved_tck ; Rise       ; SoC:inst|SoC_jtag_uart:jtag_uart|alt_jtag_atlantic:SoC_jtag_uart_alt_jtag_atlantic|read                                                                                                                         ;
; 49.609 ; 49.795       ; 0.186          ; Low Pulse Width  ; altera_reserved_tck ; Rise       ; SoC:inst|SoC_jtag_uart:jtag_uart|alt_jtag_atlantic:SoC_jtag_uart_alt_jtag_atlantic|read_req                                                                                                                     ;
; 49.609 ; 49.795       ; 0.186          ; Low Pulse Width  ; altera_reserved_tck ; Rise       ; sld_hub:auto_hub|sld_jtag_hub:\jtag_hub_gen:sld_jtag_hub_inst|identity_contrib_shift_reg[0]                                                                                                                     ;
; 49.609 ; 49.795       ; 0.186          ; Low Pulse Width  ; altera_reserved_tck ; Rise       ; sld_hub:auto_hub|sld_jtag_hub:\jtag_hub_gen:sld_jtag_hub_inst|identity_contrib_shift_reg[1]                                                                                                                     ;
; 49.609 ; 49.795       ; 0.186          ; Low Pulse Width  ; altera_reserved_tck ; Rise       ; sld_hub:auto_hub|sld_jtag_hub:\jtag_hub_gen:sld_jtag_hub_inst|identity_contrib_shift_reg[2]                                                                                                                     ;
; 49.609 ; 49.795       ; 0.186          ; Low Pulse Width  ; altera_reserved_tck ; Rise       ; sld_hub:auto_hub|sld_jtag_hub:\jtag_hub_gen:sld_jtag_hub_inst|identity_contrib_shift_reg[3]                                                                                                                     ;
; 49.609 ; 49.795       ; 0.186          ; Low Pulse Width  ; altera_reserved_tck ; Rise       ; sld_hub:auto_hub|sld_jtag_hub:\jtag_hub_gen:sld_jtag_hub_inst|identity_contrib_update_reg[0]                                                                                                                    ;
; 49.609 ; 49.795       ; 0.186          ; Low Pulse Width  ; altera_reserved_tck ; Rise       ; sld_hub:auto_hub|sld_jtag_hub:\jtag_hub_gen:sld_jtag_hub_inst|identity_contrib_update_reg[1]                                                                                                                    ;
; 49.609 ; 49.795       ; 0.186          ; Low Pulse Width  ; altera_reserved_tck ; Rise       ; sld_hub:auto_hub|sld_jtag_hub:\jtag_hub_gen:sld_jtag_hub_inst|identity_contrib_update_reg[2]                                                                                                                    ;
; 49.609 ; 49.795       ; 0.186          ; Low Pulse Width  ; altera_reserved_tck ; Rise       ; sld_hub:auto_hub|sld_jtag_hub:\jtag_hub_gen:sld_jtag_hub_inst|identity_contrib_update_reg[3]                                                                                                                    ;
; 49.609 ; 49.795       ; 0.186          ; Low Pulse Width  ; altera_reserved_tck ; Rise       ; sld_hub:auto_hub|sld_jtag_hub:\jtag_hub_gen:sld_jtag_hub_inst|jtag_ir_reg[0]                                                                                                                                    ;
; 49.609 ; 49.795       ; 0.186          ; Low Pulse Width  ; altera_reserved_tck ; Rise       ; sld_hub:auto_hub|sld_jtag_hub:\jtag_hub_gen:sld_jtag_hub_inst|jtag_ir_reg[1]                                                                                                                                    ;
; 49.609 ; 49.795       ; 0.186          ; Low Pulse Width  ; altera_reserved_tck ; Rise       ; sld_hub:auto_hub|sld_jtag_hub:\jtag_hub_gen:sld_jtag_hub_inst|jtag_ir_reg[2]                                                                                                                                    ;
; 49.609 ; 49.795       ; 0.186          ; Low Pulse Width  ; altera_reserved_tck ; Rise       ; sld_hub:auto_hub|sld_jtag_hub:\jtag_hub_gen:sld_jtag_hub_inst|jtag_ir_reg[3]                                                                                                                                    ;
; 49.609 ; 49.795       ; 0.186          ; Low Pulse Width  ; altera_reserved_tck ; Rise       ; sld_hub:auto_hub|sld_jtag_hub:\jtag_hub_gen:sld_jtag_hub_inst|jtag_ir_reg[4]                                                                                                                                    ;
; 49.609 ; 49.795       ; 0.186          ; Low Pulse Width  ; altera_reserved_tck ; Rise       ; sld_hub:auto_hub|sld_jtag_hub:\jtag_hub_gen:sld_jtag_hub_inst|jtag_ir_reg[5]                                                                                                                                    ;
; 49.609 ; 49.795       ; 0.186          ; Low Pulse Width  ; altera_reserved_tck ; Rise       ; sld_hub:auto_hub|sld_jtag_hub:\jtag_hub_gen:sld_jtag_hub_inst|jtag_ir_reg[6]                                                                                                                                    ;
; 49.609 ; 49.795       ; 0.186          ; Low Pulse Width  ; altera_reserved_tck ; Rise       ; sld_hub:auto_hub|sld_jtag_hub:\jtag_hub_gen:sld_jtag_hub_inst|jtag_ir_reg[7]                                                                                                                                    ;
; 49.609 ; 49.795       ; 0.186          ; Low Pulse Width  ; altera_reserved_tck ; Rise       ; sld_hub:auto_hub|sld_jtag_hub:\jtag_hub_gen:sld_jtag_hub_inst|jtag_ir_reg[8]                                                                                                                                    ;
; 49.609 ; 49.795       ; 0.186          ; Low Pulse Width  ; altera_reserved_tck ; Rise       ; sld_hub:auto_hub|sld_jtag_hub:\jtag_hub_gen:sld_jtag_hub_inst|jtag_ir_reg[9]                                                                                                                                    ;
; 49.609 ; 49.795       ; 0.186          ; Low Pulse Width  ; altera_reserved_tck ; Rise       ; sld_hub:auto_hub|sld_jtag_hub:\jtag_hub_gen:sld_jtag_hub_inst|mixer_addr_reg[0]                                                                                                                                 ;
; 49.609 ; 49.795       ; 0.186          ; Low Pulse Width  ; altera_reserved_tck ; Rise       ; sld_hub:auto_hub|sld_jtag_hub:\jtag_hub_gen:sld_jtag_hub_inst|mixer_addr_reg[1]                                                                                                                                 ;
; 49.609 ; 49.795       ; 0.186          ; Low Pulse Width  ; altera_reserved_tck ; Rise       ; sld_hub:auto_hub|sld_jtag_hub:\jtag_hub_gen:sld_jtag_hub_inst|mixer_addr_reg[2]                                                                                                                                 ;
; 49.609 ; 49.795       ; 0.186          ; Low Pulse Width  ; altera_reserved_tck ; Rise       ; sld_hub:auto_hub|sld_jtag_hub:\jtag_hub_gen:sld_jtag_hub_inst|mixer_addr_reg[3]                                                                                                                                 ;
; 49.609 ; 49.795       ; 0.186          ; Low Pulse Width  ; altera_reserved_tck ; Rise       ; sld_hub:auto_hub|sld_jtag_hub:\jtag_hub_gen:sld_jtag_hub_inst|mixer_addr_reg[4]                                                                                                                                 ;
; 49.609 ; 49.795       ; 0.186          ; Low Pulse Width  ; altera_reserved_tck ; Rise       ; sld_hub:auto_hub|sld_jtag_hub:\jtag_hub_gen:sld_jtag_hub_inst|reset_ena_reg                                                                                                                                     ;
; 49.609 ; 49.795       ; 0.186          ; Low Pulse Width  ; altera_reserved_tck ; Rise       ; sld_hub:auto_hub|sld_jtag_hub:\jtag_hub_gen:sld_jtag_hub_inst|sld_shadow_jsm:shadow_jsm|state[0]                                                                                                                ;
; 49.609 ; 49.795       ; 0.186          ; Low Pulse Width  ; altera_reserved_tck ; Rise       ; sld_hub:auto_hub|sld_jtag_hub:\jtag_hub_gen:sld_jtag_hub_inst|sld_shadow_jsm:shadow_jsm|state[10]                                                                                                               ;
; 49.609 ; 49.795       ; 0.186          ; Low Pulse Width  ; altera_reserved_tck ; Rise       ; sld_hub:auto_hub|sld_jtag_hub:\jtag_hub_gen:sld_jtag_hub_inst|sld_shadow_jsm:shadow_jsm|state[11]                                                                                                               ;
; 49.609 ; 49.795       ; 0.186          ; Low Pulse Width  ; altera_reserved_tck ; Rise       ; sld_hub:auto_hub|sld_jtag_hub:\jtag_hub_gen:sld_jtag_hub_inst|sld_shadow_jsm:shadow_jsm|state[12]                                                                                                               ;
; 49.609 ; 49.795       ; 0.186          ; Low Pulse Width  ; altera_reserved_tck ; Rise       ; sld_hub:auto_hub|sld_jtag_hub:\jtag_hub_gen:sld_jtag_hub_inst|sld_shadow_jsm:shadow_jsm|state[13]                                                                                                               ;
; 49.609 ; 49.795       ; 0.186          ; Low Pulse Width  ; altera_reserved_tck ; Rise       ; sld_hub:auto_hub|sld_jtag_hub:\jtag_hub_gen:sld_jtag_hub_inst|sld_shadow_jsm:shadow_jsm|state[14]                                                                                                               ;
; 49.609 ; 49.795       ; 0.186          ; Low Pulse Width  ; altera_reserved_tck ; Rise       ; sld_hub:auto_hub|sld_jtag_hub:\jtag_hub_gen:sld_jtag_hub_inst|sld_shadow_jsm:shadow_jsm|state[15]                                                                                                               ;
; 49.609 ; 49.795       ; 0.186          ; Low Pulse Width  ; altera_reserved_tck ; Rise       ; sld_hub:auto_hub|sld_jtag_hub:\jtag_hub_gen:sld_jtag_hub_inst|sld_shadow_jsm:shadow_jsm|state[1]                                                                                                                ;
; 49.609 ; 49.795       ; 0.186          ; Low Pulse Width  ; altera_reserved_tck ; Rise       ; sld_hub:auto_hub|sld_jtag_hub:\jtag_hub_gen:sld_jtag_hub_inst|sld_shadow_jsm:shadow_jsm|state[2]                                                                                                                ;
; 49.609 ; 49.795       ; 0.186          ; Low Pulse Width  ; altera_reserved_tck ; Rise       ; sld_hub:auto_hub|sld_jtag_hub:\jtag_hub_gen:sld_jtag_hub_inst|sld_shadow_jsm:shadow_jsm|state[4]                                                                                                                ;
; 49.609 ; 49.795       ; 0.186          ; Low Pulse Width  ; altera_reserved_tck ; Rise       ; sld_hub:auto_hub|sld_jtag_hub:\jtag_hub_gen:sld_jtag_hub_inst|sld_shadow_jsm:shadow_jsm|state[5]                                                                                                                ;
; 49.609 ; 49.795       ; 0.186          ; Low Pulse Width  ; altera_reserved_tck ; Rise       ; sld_hub:auto_hub|sld_jtag_hub:\jtag_hub_gen:sld_jtag_hub_inst|sld_shadow_jsm:shadow_jsm|state[6]                                                                                                                ;
; 49.609 ; 49.795       ; 0.186          ; Low Pulse Width  ; altera_reserved_tck ; Rise       ; sld_hub:auto_hub|sld_jtag_hub:\jtag_hub_gen:sld_jtag_hub_inst|sld_shadow_jsm:shadow_jsm|state[7]                                                                                                                ;
; 49.609 ; 49.795       ; 0.186          ; Low Pulse Width  ; altera_reserved_tck ; Rise       ; sld_hub:auto_hub|sld_jtag_hub:\jtag_hub_gen:sld_jtag_hub_inst|sld_shadow_jsm:shadow_jsm|state[8]                                                                                                                ;
; 49.609 ; 49.795       ; 0.186          ; Low Pulse Width  ; altera_reserved_tck ; Rise       ; sld_hub:auto_hub|sld_jtag_hub:\jtag_hub_gen:sld_jtag_hub_inst|sld_shadow_jsm:shadow_jsm|state[9]                                                                                                                ;
; 49.609 ; 49.795       ; 0.186          ; Low Pulse Width  ; altera_reserved_tck ; Rise       ; sld_hub:auto_hub|sld_jtag_hub:\jtag_hub_gen:sld_jtag_hub_inst|virtual_dr_scan_reg                                                                                                                               ;
; 49.609 ; 49.795       ; 0.186          ; Low Pulse Width  ; altera_reserved_tck ; Rise       ; sld_hub:auto_hub|sld_jtag_hub:\jtag_hub_gen:sld_jtag_hub_inst|virtual_ir_scan_reg                                                                                                                               ;
; 49.610 ; 49.796       ; 0.186          ; Low Pulse Width  ; altera_reserved_tck ; Rise       ; SoC:inst|SoC_cpu:cpu|SoC_cpu_nios2_oci:the_SoC_cpu_nios2_oci|SoC_cpu_jtag_debug_module_wrapper:the_SoC_cpu_jtag_debug_module_wrapper|SoC_cpu_jtag_debug_module_tck:the_SoC_cpu_jtag_debug_module_tck|sr[10]     ;
; 49.610 ; 49.796       ; 0.186          ; Low Pulse Width  ; altera_reserved_tck ; Rise       ; SoC:inst|SoC_cpu:cpu|SoC_cpu_nios2_oci:the_SoC_cpu_nios2_oci|SoC_cpu_jtag_debug_module_wrapper:the_SoC_cpu_jtag_debug_module_wrapper|SoC_cpu_jtag_debug_module_tck:the_SoC_cpu_jtag_debug_module_tck|sr[11]     ;
; 49.610 ; 49.796       ; 0.186          ; Low Pulse Width  ; altera_reserved_tck ; Rise       ; SoC:inst|SoC_cpu:cpu|SoC_cpu_nios2_oci:the_SoC_cpu_nios2_oci|SoC_cpu_jtag_debug_module_wrapper:the_SoC_cpu_jtag_debug_module_wrapper|SoC_cpu_jtag_debug_module_tck:the_SoC_cpu_jtag_debug_module_tck|sr[12]     ;
; 49.610 ; 49.796       ; 0.186          ; Low Pulse Width  ; altera_reserved_tck ; Rise       ; SoC:inst|SoC_cpu:cpu|SoC_cpu_nios2_oci:the_SoC_cpu_nios2_oci|SoC_cpu_jtag_debug_module_wrapper:the_SoC_cpu_jtag_debug_module_wrapper|SoC_cpu_jtag_debug_module_tck:the_SoC_cpu_jtag_debug_module_tck|sr[13]     ;
; 49.610 ; 49.796       ; 0.186          ; Low Pulse Width  ; altera_reserved_tck ; Rise       ; SoC:inst|SoC_cpu:cpu|SoC_cpu_nios2_oci:the_SoC_cpu_nios2_oci|SoC_cpu_jtag_debug_module_wrapper:the_SoC_cpu_jtag_debug_module_wrapper|SoC_cpu_jtag_debug_module_tck:the_SoC_cpu_jtag_debug_module_tck|sr[14]     ;
; 49.610 ; 49.796       ; 0.186          ; Low Pulse Width  ; altera_reserved_tck ; Rise       ; SoC:inst|SoC_cpu:cpu|SoC_cpu_nios2_oci:the_SoC_cpu_nios2_oci|SoC_cpu_jtag_debug_module_wrapper:the_SoC_cpu_jtag_debug_module_wrapper|SoC_cpu_jtag_debug_module_tck:the_SoC_cpu_jtag_debug_module_tck|sr[24]     ;
; 49.610 ; 49.796       ; 0.186          ; Low Pulse Width  ; altera_reserved_tck ; Rise       ; SoC:inst|SoC_cpu:cpu|SoC_cpu_nios2_oci:the_SoC_cpu_nios2_oci|SoC_cpu_jtag_debug_module_wrapper:the_SoC_cpu_jtag_debug_module_wrapper|SoC_cpu_jtag_debug_module_tck:the_SoC_cpu_jtag_debug_module_tck|sr[25]     ;
; 49.610 ; 49.796       ; 0.186          ; Low Pulse Width  ; altera_reserved_tck ; Rise       ; SoC:inst|SoC_cpu:cpu|SoC_cpu_nios2_oci:the_SoC_cpu_nios2_oci|SoC_cpu_jtag_debug_module_wrapper:the_SoC_cpu_jtag_debug_module_wrapper|SoC_cpu_jtag_debug_module_tck:the_SoC_cpu_jtag_debug_module_tck|sr[26]     ;
; 49.610 ; 49.796       ; 0.186          ; Low Pulse Width  ; altera_reserved_tck ; Rise       ; SoC:inst|SoC_cpu:cpu|SoC_cpu_nios2_oci:the_SoC_cpu_nios2_oci|SoC_cpu_jtag_debug_module_wrapper:the_SoC_cpu_jtag_debug_module_wrapper|SoC_cpu_jtag_debug_module_tck:the_SoC_cpu_jtag_debug_module_tck|sr[27]     ;
; 49.610 ; 49.796       ; 0.186          ; Low Pulse Width  ; altera_reserved_tck ; Rise       ; SoC:inst|SoC_cpu:cpu|SoC_cpu_nios2_oci:the_SoC_cpu_nios2_oci|SoC_cpu_jtag_debug_module_wrapper:the_SoC_cpu_jtag_debug_module_wrapper|SoC_cpu_jtag_debug_module_tck:the_SoC_cpu_jtag_debug_module_tck|sr[28]     ;
; 49.610 ; 49.796       ; 0.186          ; Low Pulse Width  ; altera_reserved_tck ; Rise       ; SoC:inst|SoC_cpu:cpu|SoC_cpu_nios2_oci:the_SoC_cpu_nios2_oci|SoC_cpu_jtag_debug_module_wrapper:the_SoC_cpu_jtag_debug_module_wrapper|SoC_cpu_jtag_debug_module_tck:the_SoC_cpu_jtag_debug_module_tck|sr[29]     ;
; 49.610 ; 49.796       ; 0.186          ; Low Pulse Width  ; altera_reserved_tck ; Rise       ; SoC:inst|SoC_cpu:cpu|SoC_cpu_nios2_oci:the_SoC_cpu_nios2_oci|SoC_cpu_jtag_debug_module_wrapper:the_SoC_cpu_jtag_debug_module_wrapper|SoC_cpu_jtag_debug_module_tck:the_SoC_cpu_jtag_debug_module_tck|sr[30]     ;
; 49.610 ; 49.796       ; 0.186          ; Low Pulse Width  ; altera_reserved_tck ; Rise       ; SoC:inst|SoC_cpu:cpu|SoC_cpu_nios2_oci:the_SoC_cpu_nios2_oci|SoC_cpu_jtag_debug_module_wrapper:the_SoC_cpu_jtag_debug_module_wrapper|SoC_cpu_jtag_debug_module_tck:the_SoC_cpu_jtag_debug_module_tck|sr[32]     ;
; 49.610 ; 49.796       ; 0.186          ; Low Pulse Width  ; altera_reserved_tck ; Rise       ; SoC:inst|SoC_cpu:cpu|SoC_cpu_nios2_oci:the_SoC_cpu_nios2_oci|SoC_cpu_jtag_debug_module_wrapper:the_SoC_cpu_jtag_debug_module_wrapper|SoC_cpu_jtag_debug_module_tck:the_SoC_cpu_jtag_debug_module_tck|sr[33]     ;
; 49.610 ; 49.796       ; 0.186          ; Low Pulse Width  ; altera_reserved_tck ; Rise       ; SoC:inst|SoC_cpu:cpu|SoC_cpu_nios2_oci:the_SoC_cpu_nios2_oci|SoC_cpu_jtag_debug_module_wrapper:the_SoC_cpu_jtag_debug_module_wrapper|SoC_cpu_jtag_debug_module_tck:the_SoC_cpu_jtag_debug_module_tck|sr[34]     ;
; 49.610 ; 49.796       ; 0.186          ; Low Pulse Width  ; altera_reserved_tck ; Rise       ; SoC:inst|SoC_cpu:cpu|SoC_cpu_nios2_oci:the_SoC_cpu_nios2_oci|SoC_cpu_jtag_debug_module_wrapper:the_SoC_cpu_jtag_debug_module_wrapper|SoC_cpu_jtag_debug_module_tck:the_SoC_cpu_jtag_debug_module_tck|sr[8]      ;
; 49.610 ; 49.796       ; 0.186          ; Low Pulse Width  ; altera_reserved_tck ; Rise       ; SoC:inst|SoC_cpu:cpu|SoC_cpu_nios2_oci:the_SoC_cpu_nios2_oci|SoC_cpu_jtag_debug_module_wrapper:the_SoC_cpu_jtag_debug_module_wrapper|SoC_cpu_jtag_debug_module_tck:the_SoC_cpu_jtag_debug_module_tck|sr[9]      ;
; 49.610 ; 49.796       ; 0.186          ; Low Pulse Width  ; altera_reserved_tck ; Rise       ; SoC:inst|SoC_jtag_uart:jtag_uart|alt_jtag_atlantic:SoC_jtag_uart_alt_jtag_atlantic|tck_t_dav                                                                                                                    ;
; 49.610 ; 49.796       ; 0.186          ; Low Pulse Width  ; altera_reserved_tck ; Rise       ; SoC:inst|SoC_jtag_uart:jtag_uart|alt_jtag_atlantic:SoC_jtag_uart_alt_jtag_atlantic|td_shift[10]                                                                                                                 ;
; 49.610 ; 49.796       ; 0.186          ; Low Pulse Width  ; altera_reserved_tck ; Rise       ; SoC:inst|SoC_jtag_uart:jtag_uart|alt_jtag_atlantic:SoC_jtag_uart_alt_jtag_atlantic|td_shift[1]                                                                                                                  ;
; 49.610 ; 49.796       ; 0.186          ; Low Pulse Width  ; altera_reserved_tck ; Rise       ; SoC:inst|SoC_jtag_uart:jtag_uart|alt_jtag_atlantic:SoC_jtag_uart_alt_jtag_atlantic|td_shift[2]                                                                                                                  ;
; 49.610 ; 49.796       ; 0.186          ; Low Pulse Width  ; altera_reserved_tck ; Rise       ; SoC:inst|SoC_jtag_uart:jtag_uart|alt_jtag_atlantic:SoC_jtag_uart_alt_jtag_atlantic|td_shift[3]                                                                                                                  ;
; 49.610 ; 49.796       ; 0.186          ; Low Pulse Width  ; altera_reserved_tck ; Rise       ; SoC:inst|SoC_jtag_uart:jtag_uart|alt_jtag_atlantic:SoC_jtag_uart_alt_jtag_atlantic|td_shift[4]                                                                                                                  ;
; 49.610 ; 49.796       ; 0.186          ; Low Pulse Width  ; altera_reserved_tck ; Rise       ; SoC:inst|SoC_jtag_uart:jtag_uart|alt_jtag_atlantic:SoC_jtag_uart_alt_jtag_atlantic|td_shift[5]                                                                                                                  ;
; 49.610 ; 49.796       ; 0.186          ; Low Pulse Width  ; altera_reserved_tck ; Rise       ; SoC:inst|SoC_jtag_uart:jtag_uart|alt_jtag_atlantic:SoC_jtag_uart_alt_jtag_atlantic|td_shift[6]                                                                                                                  ;
; 49.610 ; 49.796       ; 0.186          ; Low Pulse Width  ; altera_reserved_tck ; Rise       ; SoC:inst|SoC_jtag_uart:jtag_uart|alt_jtag_atlantic:SoC_jtag_uart_alt_jtag_atlantic|td_shift[7]                                                                                                                  ;
; 49.610 ; 49.796       ; 0.186          ; Low Pulse Width  ; altera_reserved_tck ; Rise       ; SoC:inst|SoC_jtag_uart:jtag_uart|alt_jtag_atlantic:SoC_jtag_uart_alt_jtag_atlantic|td_shift[8]                                                                                                                  ;
; 49.610 ; 49.796       ; 0.186          ; Low Pulse Width  ; altera_reserved_tck ; Rise       ; SoC:inst|SoC_jtag_uart:jtag_uart|alt_jtag_atlantic:SoC_jtag_uart_alt_jtag_atlantic|td_shift[9]                                                                                                                  ;
; 49.610 ; 49.796       ; 0.186          ; Low Pulse Width  ; altera_reserved_tck ; Rise       ; SoC:inst|SoC_jtag_uart:jtag_uart|alt_jtag_atlantic:SoC_jtag_uart_alt_jtag_atlantic|wdata[0]                                                                                                                     ;
; 49.610 ; 49.796       ; 0.186          ; Low Pulse Width  ; altera_reserved_tck ; Rise       ; SoC:inst|SoC_jtag_uart:jtag_uart|alt_jtag_atlantic:SoC_jtag_uart_alt_jtag_atlantic|wdata[1]                                                                                                                     ;
; 49.610 ; 49.796       ; 0.186          ; Low Pulse Width  ; altera_reserved_tck ; Rise       ; SoC:inst|SoC_jtag_uart:jtag_uart|alt_jtag_atlantic:SoC_jtag_uart_alt_jtag_atlantic|wdata[2]                                                                                                                     ;
; 49.610 ; 49.796       ; 0.186          ; Low Pulse Width  ; altera_reserved_tck ; Rise       ; SoC:inst|SoC_jtag_uart:jtag_uart|alt_jtag_atlantic:SoC_jtag_uart_alt_jtag_atlantic|wdata[3]                                                                                                                     ;
; 49.610 ; 49.796       ; 0.186          ; Low Pulse Width  ; altera_reserved_tck ; Rise       ; SoC:inst|SoC_jtag_uart:jtag_uart|alt_jtag_atlantic:SoC_jtag_uart_alt_jtag_atlantic|wdata[4]                                                                                                                     ;
; 49.610 ; 49.796       ; 0.186          ; Low Pulse Width  ; altera_reserved_tck ; Rise       ; SoC:inst|SoC_jtag_uart:jtag_uart|alt_jtag_atlantic:SoC_jtag_uart_alt_jtag_atlantic|wdata[5]                                                                                                                     ;
; 49.610 ; 49.796       ; 0.186          ; Low Pulse Width  ; altera_reserved_tck ; Rise       ; SoC:inst|SoC_jtag_uart:jtag_uart|alt_jtag_atlantic:SoC_jtag_uart_alt_jtag_atlantic|wdata[6]                                                                                                                     ;
; 49.610 ; 49.796       ; 0.186          ; Low Pulse Width  ; altera_reserved_tck ; Rise       ; SoC:inst|SoC_jtag_uart:jtag_uart|alt_jtag_atlantic:SoC_jtag_uart_alt_jtag_atlantic|wdata[7]                                                                                                                     ;
; 49.610 ; 49.796       ; 0.186          ; Low Pulse Width  ; altera_reserved_tck ; Rise       ; SoC:inst|SoC_jtag_uart:jtag_uart|alt_jtag_atlantic:SoC_jtag_uart_alt_jtag_atlantic|write                                                                                                                        ;
; 49.610 ; 49.796       ; 0.186          ; Low Pulse Width  ; altera_reserved_tck ; Rise       ; SoC:inst|SoC_jtag_uart:jtag_uart|alt_jtag_atlantic:SoC_jtag_uart_alt_jtag_atlantic|write_stalled                                                                                                                ;
; 49.610 ; 49.796       ; 0.186          ; Low Pulse Width  ; altera_reserved_tck ; Rise       ; SoC:inst|SoC_jtag_uart:jtag_uart|alt_jtag_atlantic:SoC_jtag_uart_alt_jtag_atlantic|write_valid                                                                                                                  ;
; 49.610 ; 49.796       ; 0.186          ; Low Pulse Width  ; altera_reserved_tck ; Rise       ; sld_hub:auto_hub|sld_jtag_hub:\jtag_hub_gen:sld_jtag_hub_inst|clr_reg                                                                                                                                           ;
; 49.610 ; 49.796       ; 0.186          ; Low Pulse Width  ; altera_reserved_tck ; Rise       ; sld_hub:auto_hub|sld_jtag_hub:\jtag_hub_gen:sld_jtag_hub_inst|hub_minor_ver_reg[0]                                                                                                                              ;
; 49.610 ; 49.796       ; 0.186          ; Low Pulse Width  ; altera_reserved_tck ; Rise       ; sld_hub:auto_hub|sld_jtag_hub:\jtag_hub_gen:sld_jtag_hub_inst|hub_minor_ver_reg[1]                                                                                                                              ;
; 49.610 ; 49.796       ; 0.186          ; Low Pulse Width  ; altera_reserved_tck ; Rise       ; sld_hub:auto_hub|sld_jtag_hub:\jtag_hub_gen:sld_jtag_hub_inst|hub_minor_ver_reg[2]                                                                                                                              ;
; 49.610 ; 49.796       ; 0.186          ; Low Pulse Width  ; altera_reserved_tck ; Rise       ; sld_hub:auto_hub|sld_jtag_hub:\jtag_hub_gen:sld_jtag_hub_inst|hub_minor_ver_reg[3]                                                                                                                              ;
; 49.610 ; 49.796       ; 0.186          ; Low Pulse Width  ; altera_reserved_tck ; Rise       ; sld_hub:auto_hub|sld_jtag_hub:\jtag_hub_gen:sld_jtag_hub_inst|hub_mode_reg[0]                                                                                                                                   ;
; 49.610 ; 49.796       ; 0.186          ; Low Pulse Width  ; altera_reserved_tck ; Rise       ; sld_hub:auto_hub|sld_jtag_hub:\jtag_hub_gen:sld_jtag_hub_inst|hub_mode_reg[1]                                                                                                                                   ;
+--------+--------------+----------------+------------------+---------------------+------------+-----------------------------------------------------------------------------------------------------------------------------------------------------------------------------------------------------------------+


+------------------------------------------------------------------------------------------------+
; Setup Times                                                                                    ;
+---------------------+---------------------+--------+--------+------------+---------------------+
; Data Port           ; Clock Port          ; Rise   ; Fall   ; Clock Edge ; Clock Reference     ;
+---------------------+---------------------+--------+--------+------------+---------------------+
; altera_reserved_tdi ; altera_reserved_tck ; 5.108  ; 5.330  ; Rise       ; altera_reserved_tck ;
; altera_reserved_tms ; altera_reserved_tck ; 11.434 ; 11.575 ; Rise       ; altera_reserved_tck ;
+---------------------+---------------------+--------+--------+------------+---------------------+


+------------------------------------------------------------------------------------------------+
; Hold Times                                                                                     ;
+---------------------+---------------------+--------+--------+------------+---------------------+
; Data Port           ; Clock Port          ; Rise   ; Fall   ; Clock Edge ; Clock Reference     ;
+---------------------+---------------------+--------+--------+------------+---------------------+
; altera_reserved_tdi ; altera_reserved_tck ; -1.570 ; -1.787 ; Rise       ; altera_reserved_tck ;
; altera_reserved_tms ; altera_reserved_tck ; -5.252 ; -5.508 ; Rise       ; altera_reserved_tck ;
+---------------------+---------------------+--------+--------+------------+---------------------+


+------------------------------------------------------------------------------------------------+
; Clock to Output Times                                                                          ;
+---------------------+---------------------+--------+--------+------------+---------------------+
; Data Port           ; Clock Port          ; Rise   ; Fall   ; Clock Edge ; Clock Reference     ;
+---------------------+---------------------+--------+--------+------------+---------------------+
; altera_reserved_tdo ; altera_reserved_tck ; 13.652 ; 14.095 ; Fall       ; altera_reserved_tck ;
+---------------------+---------------------+--------+--------+------------+---------------------+


+------------------------------------------------------------------------------------------------+
; Minimum Clock to Output Times                                                                  ;
+---------------------+---------------------+--------+--------+------------+---------------------+
; Data Port           ; Clock Port          ; Rise   ; Fall   ; Clock Edge ; Clock Reference     ;
+---------------------+---------------------+--------+--------+------------+---------------------+
; altera_reserved_tdo ; altera_reserved_tck ; 11.275 ; 11.723 ; Fall       ; altera_reserved_tck ;
+---------------------+---------------------+--------+--------+------------+---------------------+


+----------------------------------------------------+
; Propagation Delay                                  ;
+------------+-------------+-------+----+----+-------+
; Input Port ; Output Port ; RR    ; RF ; FR ; FF    ;
+------------+-------------+-------+----+----+-------+
; INPUT      ; SDRAM_CLK   ; 0.828 ;    ;    ; 0.941 ;
+------------+-------------+-------+----+----+-------+


+----------------------------------------------------+
; Minimum Propagation Delay                          ;
+------------+-------------+-------+----+----+-------+
; Input Port ; Output Port ; RR    ; RF ; FR ; FF    ;
+------------+-------------+-------+----+----+-------+
; INPUT      ; SDRAM_CLK   ; 0.404 ;    ;    ; 0.516 ;
+------------+-------------+-------+----+----+-------+


----------------
; MTBF Summary ;
----------------
Typical MTBF of Design is 1e+09 years or 3.15e+16 seconds.

Number of Synchronizer Chains Found: 2
Shortest Synchronizer Chain: 2 Registers
Fraction of Chains for which MTBFs Could Not be Calculated: 0.000
Worst Case Available Settling Time: 197.068 ns

Typical MTBF values are calculated based on the nominal silicon characteristics, at nominal operating conditions.
  - Under typical conditions, an increase of 100ps in available settling time will increase MTBF values by a factor of 10.8



+------------------------------------------------------------------------------------------------------------------------------------------------------------------------------------------------------------------------------------------------------------------------------------------------------------------------------------------------------------------------------------------------------------------------------------------------------+
; Synchronizer Summary                                                                                                                                                                                                                                                                                                                                                                                                                                 ;
+--------------------------------------------------------------------------------------------------------------------------------+------------------------------------------------------------------------------------------------------------------------------------------------------------------------------------------------------------------------------------------------------------------+------------------------+-------------------------+
; Source Node                                                                                                                    ; Synchronization Node                                                                                                                                                                                                                                             ; Typical MTBF (Years)   ; Included in Design MTBF ;
+--------------------------------------------------------------------------------------------------------------------------------+------------------------------------------------------------------------------------------------------------------------------------------------------------------------------------------------------------------------------------------------------------------+------------------------+-------------------------+
; SoC:inst|SoC_cpu:cpu|hbreak_enabled                                                                                            ; SoC:inst|SoC_cpu:cpu|SoC_cpu_nios2_oci:the_SoC_cpu_nios2_oci|SoC_cpu_jtag_debug_module_wrapper:the_SoC_cpu_jtag_debug_module_wrapper|SoC_cpu_jtag_debug_module_tck:the_SoC_cpu_jtag_debug_module_tck|altera_std_synchronizer:the_altera_std_synchronizer1|din_s1 ; Greater than 1 Billion ; Yes                     ;
; SoC:inst|SoC_cpu:cpu|SoC_cpu_nios2_oci:the_SoC_cpu_nios2_oci|SoC_cpu_nios2_oci_debug:the_SoC_cpu_nios2_oci_debug|monitor_ready ; SoC:inst|SoC_cpu:cpu|SoC_cpu_nios2_oci:the_SoC_cpu_nios2_oci|SoC_cpu_jtag_debug_module_wrapper:the_SoC_cpu_jtag_debug_module_wrapper|SoC_cpu_jtag_debug_module_tck:the_SoC_cpu_jtag_debug_module_tck|altera_std_synchronizer:the_altera_std_synchronizer2|din_s1 ; Greater than 1 Billion ; Yes                     ;
+--------------------------------------------------------------------------------------------------------------------------------+------------------------------------------------------------------------------------------------------------------------------------------------------------------------------------------------------------------------------------------------------------------+------------------------+-------------------------+


Synchronizer Chain #1: Typical MTBF is Greater than 1 Billion Years
===============================================================================
+--------------------------------------------------------------------------------------------------------------------------------------------------------------------------------------------------------------------------------------------------------------------------------------------+
; Chain Summary                                                                                                                                                                                                                                                                              ;
+-------------------------+------------------------------------------------------------------------------------------------------------------------------------------------------------------------------------------------------------------------------------------------------------------+
; Property                ; Value                                                                                                                                                                                                                                                            ;
+-------------------------+------------------------------------------------------------------------------------------------------------------------------------------------------------------------------------------------------------------------------------------------------------------+
; Source Node             ; SoC:inst|SoC_cpu:cpu|hbreak_enabled                                                                                                                                                                                                                              ;
; Synchronization Node    ; SoC:inst|SoC_cpu:cpu|SoC_cpu_nios2_oci:the_SoC_cpu_nios2_oci|SoC_cpu_jtag_debug_module_wrapper:the_SoC_cpu_jtag_debug_module_wrapper|SoC_cpu_jtag_debug_module_tck:the_SoC_cpu_jtag_debug_module_tck|altera_std_synchronizer:the_altera_std_synchronizer1|din_s1 ;
; Typical MTBF (years)    ; Greater than 1 Billion                                                                                                                                                                                                                                           ;
; Included in Design MTBF ; Yes                                                                                                                                                                                                                                                              ;
+-------------------------+------------------------------------------------------------------------------------------------------------------------------------------------------------------------------------------------------------------------------------------------------------------+

+----------------------------------------------------------------------------------------------------------------------------------------------------------------------------------------------------------------------------------------------------------------------------------------------------------------------------------------------+
; Statistics                                                                                                                                                                                                                                                                                                                                   ;
+--------------------------------------------------------------------------------------------------------------------------------------------------------------------------------------------------------------------------------------------------------------------+------------------------+--------------+------------------+--------------+
; Property                                                                                                                                                                                                                                                           ; Value                  ; Clock Period ; Active Edge Rate ; Output Slack ;
+--------------------------------------------------------------------------------------------------------------------------------------------------------------------------------------------------------------------------------------------------------------------+------------------------+--------------+------------------+--------------+
; Method of Synchronizer Identification                                                                                                                                                                                                                              ; User Specified         ;              ;                  ;              ;
; Typical MTBF (years)                                                                                                                                                                                                                                               ; Greater than 1 Billion ;              ;                  ;              ;
; Number of Synchronization Registers in Chain                                                                                                                                                                                                                       ; 2                      ;              ;                  ;              ;
; Available Settling Time (ns)                                                                                                                                                                                                                                       ; 197.068                ;              ;                  ;              ;
; Data Toggle Rate Used in MTBF Calculation (millions of transitions / sec)                                                                                                                                                                                          ; 1.25                   ;              ;                  ;              ;
; Source Clock                                                                                                                                                                                                                                                       ;                        ;              ;                  ;              ;
;  Unknown                                                                                                                                                                                                                                                           ;                        ;              ;                  ;              ;
; Synchronization Clock                                                                                                                                                                                                                                              ;                        ;              ;                  ;              ;
;  altera_reserved_tck                                                                                                                                                                                                                                               ;                        ; 100.000      ; 10.0 MHz         ;              ;
; Asynchronous Source                                                                                                                                                                                                                                                ;                        ;              ;                  ;              ;
;  SoC:inst|SoC_cpu:cpu|hbreak_enabled                                                                                                                                                                                                                               ;                        ;              ;                  ;              ;
; Synchronization Registers                                                                                                                                                                                                                                          ;                        ;              ;                  ;              ;
;  SoC:inst|SoC_cpu:cpu|SoC_cpu_nios2_oci:the_SoC_cpu_nios2_oci|SoC_cpu_jtag_debug_module_wrapper:the_SoC_cpu_jtag_debug_module_wrapper|SoC_cpu_jtag_debug_module_tck:the_SoC_cpu_jtag_debug_module_tck|altera_std_synchronizer:the_altera_std_synchronizer1|din_s1  ;                        ;              ;                  ; 99.234       ;
;  SoC:inst|SoC_cpu:cpu|SoC_cpu_nios2_oci:the_SoC_cpu_nios2_oci|SoC_cpu_jtag_debug_module_wrapper:the_SoC_cpu_jtag_debug_module_wrapper|SoC_cpu_jtag_debug_module_tck:the_SoC_cpu_jtag_debug_module_tck|altera_std_synchronizer:the_altera_std_synchronizer1|dreg[0] ;                        ;              ;                  ; 97.834       ;
+--------------------------------------------------------------------------------------------------------------------------------------------------------------------------------------------------------------------------------------------------------------------+------------------------+--------------+------------------+--------------+



Synchronizer Chain #2: Typical MTBF is Greater than 1 Billion Years
===============================================================================
+--------------------------------------------------------------------------------------------------------------------------------------------------------------------------------------------------------------------------------------------------------------------------------------------+
; Chain Summary                                                                                                                                                                                                                                                                              ;
+-------------------------+------------------------------------------------------------------------------------------------------------------------------------------------------------------------------------------------------------------------------------------------------------------+
; Property                ; Value                                                                                                                                                                                                                                                            ;
+-------------------------+------------------------------------------------------------------------------------------------------------------------------------------------------------------------------------------------------------------------------------------------------------------+
; Source Node             ; SoC:inst|SoC_cpu:cpu|SoC_cpu_nios2_oci:the_SoC_cpu_nios2_oci|SoC_cpu_nios2_oci_debug:the_SoC_cpu_nios2_oci_debug|monitor_ready                                                                                                                                   ;
; Synchronization Node    ; SoC:inst|SoC_cpu:cpu|SoC_cpu_nios2_oci:the_SoC_cpu_nios2_oci|SoC_cpu_jtag_debug_module_wrapper:the_SoC_cpu_jtag_debug_module_wrapper|SoC_cpu_jtag_debug_module_tck:the_SoC_cpu_jtag_debug_module_tck|altera_std_synchronizer:the_altera_std_synchronizer2|din_s1 ;
; Typical MTBF (years)    ; Greater than 1 Billion                                                                                                                                                                                                                                           ;
; Included in Design MTBF ; Yes                                                                                                                                                                                                                                                              ;
+-------------------------+------------------------------------------------------------------------------------------------------------------------------------------------------------------------------------------------------------------------------------------------------------------+

+----------------------------------------------------------------------------------------------------------------------------------------------------------------------------------------------------------------------------------------------------------------------------------------------------------------------------------------------+
; Statistics                                                                                                                                                                                                                                                                                                                                   ;
+--------------------------------------------------------------------------------------------------------------------------------------------------------------------------------------------------------------------------------------------------------------------+------------------------+--------------+------------------+--------------+
; Property                                                                                                                                                                                                                                                           ; Value                  ; Clock Period ; Active Edge Rate ; Output Slack ;
+--------------------------------------------------------------------------------------------------------------------------------------------------------------------------------------------------------------------------------------------------------------------+------------------------+--------------+------------------+--------------+
; Method of Synchronizer Identification                                                                                                                                                                                                                              ; User Specified         ;              ;                  ;              ;
; Typical MTBF (years)                                                                                                                                                                                                                                               ; Greater than 1 Billion ;              ;                  ;              ;
; Number of Synchronization Registers in Chain                                                                                                                                                                                                                       ; 2                      ;              ;                  ;              ;
; Available Settling Time (ns)                                                                                                                                                                                                                                       ; 197.710                ;              ;                  ;              ;
; Data Toggle Rate Used in MTBF Calculation (millions of transitions / sec)                                                                                                                                                                                          ; 1.25                   ;              ;                  ;              ;
; Source Clock                                                                                                                                                                                                                                                       ;                        ;              ;                  ;              ;
;  Unknown                                                                                                                                                                                                                                                           ;                        ;              ;                  ;              ;
; Synchronization Clock                                                                                                                                                                                                                                              ;                        ;              ;                  ;              ;
;  altera_reserved_tck                                                                                                                                                                                                                                               ;                        ; 100.000      ; 10.0 MHz         ;              ;
; Asynchronous Source                                                                                                                                                                                                                                                ;                        ;              ;                  ;              ;
;  SoC:inst|SoC_cpu:cpu|SoC_cpu_nios2_oci:the_SoC_cpu_nios2_oci|SoC_cpu_nios2_oci_debug:the_SoC_cpu_nios2_oci_debug|monitor_ready                                                                                                                                    ;                        ;              ;                  ;              ;
; Synchronization Registers                                                                                                                                                                                                                                          ;                        ;              ;                  ;              ;
;  SoC:inst|SoC_cpu:cpu|SoC_cpu_nios2_oci:the_SoC_cpu_nios2_oci|SoC_cpu_jtag_debug_module_wrapper:the_SoC_cpu_jtag_debug_module_wrapper|SoC_cpu_jtag_debug_module_tck:the_SoC_cpu_jtag_debug_module_tck|altera_std_synchronizer:the_altera_std_synchronizer2|din_s1  ;                        ;              ;                  ; 99.237       ;
;  SoC:inst|SoC_cpu:cpu|SoC_cpu_nios2_oci:the_SoC_cpu_nios2_oci|SoC_cpu_jtag_debug_module_wrapper:the_SoC_cpu_jtag_debug_module_wrapper|SoC_cpu_jtag_debug_module_tck:the_SoC_cpu_jtag_debug_module_tck|altera_std_synchronizer:the_altera_std_synchronizer2|dreg[0] ;                        ;              ;                  ; 98.473       ;
+--------------------------------------------------------------------------------------------------------------------------------------------------------------------------------------------------------------------------------------------------------------------+------------------------+--------------+------------------+--------------+



+----------------------------------------------+
; Fast 1200mV 0C Model Setup Summary           ;
+---------------------+--------+---------------+
; Clock               ; Slack  ; End Point TNS ;
+---------------------+--------+---------------+
; altera_reserved_tck ; 48.226 ; 0.000         ;
+---------------------+--------+---------------+


+---------------------------------------------+
; Fast 1200mV 0C Model Hold Summary           ;
+---------------------+-------+---------------+
; Clock               ; Slack ; End Point TNS ;
+---------------------+-------+---------------+
; altera_reserved_tck ; 0.181 ; 0.000         ;
+---------------------+-------+---------------+


+----------------------------------------------+
; Fast 1200mV 0C Model Recovery Summary        ;
+---------------------+--------+---------------+
; Clock               ; Slack  ; End Point TNS ;
+---------------------+--------+---------------+
; altera_reserved_tck ; 48.951 ; 0.000         ;
+---------------------+--------+---------------+


+---------------------------------------------+
; Fast 1200mV 0C Model Removal Summary        ;
+---------------------+-------+---------------+
; Clock               ; Slack ; End Point TNS ;
+---------------------+-------+---------------+
; altera_reserved_tck ; 0.566 ; 0.000         ;
+---------------------+-------+---------------+


+--------------------------------------------------+
; Fast 1200mV 0C Model Minimum Pulse Width Summary ;
+---------------------+--------+-------------------+
; Clock               ; Slack  ; End Point TNS     ;
+---------------------+--------+-------------------+
; altera_reserved_tck ; 49.473 ; 0.000             ;
+---------------------+--------+-------------------+


+------------------------------------------------------------------------------------------------------------------------------------------------------------------------------------------------------------------------------------------------------------------------------------------------------------------------------------------------------------------------------------------------------------------------------------------------------------------------------------------------------------------------+
; Fast 1200mV 0C Model Setup: 'altera_reserved_tck'                                                                                                                                                                                                                                                                                                                                                                                                                                                                      ;
+--------+------------------------------------------------------------------------------------------------------------------------------------------------------------------------------------------------------------+-------------------------------------------------------------------------------------------------------------------------------------------------------------------------------------------------------------+---------------------+---------------------+--------------+------------+------------+
; Slack  ; From Node                                                                                                                                                                                                  ; To Node                                                                                                                                                                                                     ; Launch Clock        ; Latch Clock         ; Relationship ; Clock Skew ; Data Delay ;
+--------+------------------------------------------------------------------------------------------------------------------------------------------------------------------------------------------------------------+-------------------------------------------------------------------------------------------------------------------------------------------------------------------------------------------------------------+---------------------+---------------------+--------------+------------+------------+
; 48.226 ; sld_hub:auto_hub|sld_jtag_hub:\jtag_hub_gen:sld_jtag_hub_inst|sld_shadow_jsm:shadow_jsm|state[4]                                                                                                           ; sld_hub:auto_hub|sld_jtag_hub:\jtag_hub_gen:sld_jtag_hub_inst|tdo                                                                                                                                           ; altera_reserved_tck ; altera_reserved_tck ; 50.000       ; 0.267      ; 2.048      ;
; 48.686 ; sld_hub:auto_hub|sld_jtag_hub:\jtag_hub_gen:sld_jtag_hub_inst|irsr_reg[1]                                                                                                                                  ; sld_hub:auto_hub|sld_jtag_hub:\jtag_hub_gen:sld_jtag_hub_inst|tdo                                                                                                                                           ; altera_reserved_tck ; altera_reserved_tck ; 50.000       ; 0.278      ; 1.599      ;
; 48.814 ; sld_hub:auto_hub|sld_jtag_hub:\jtag_hub_gen:sld_jtag_hub_inst|virtual_ir_scan_reg                                                                                                                          ; SoC:inst|SoC_jtag_uart:jtag_uart|alt_jtag_atlantic:SoC_jtag_uart_alt_jtag_atlantic|jupdate                                                                                                                  ; altera_reserved_tck ; altera_reserved_tck ; 50.000       ; 0.248      ; 1.441      ;
; 48.837 ; sld_hub:auto_hub|sld_jtag_hub:\jtag_hub_gen:sld_jtag_hub_inst|irsr_reg[2]                                                                                                                                  ; sld_hub:auto_hub|sld_jtag_hub:\jtag_hub_gen:sld_jtag_hub_inst|tdo                                                                                                                                           ; altera_reserved_tck ; altera_reserved_tck ; 50.000       ; 0.278      ; 1.448      ;
; 48.898 ; sld_hub:auto_hub|sld_jtag_hub:\jtag_hub_gen:sld_jtag_hub_inst|virtual_ir_scan_reg                                                                                                                          ; sld_hub:auto_hub|sld_jtag_hub:\jtag_hub_gen:sld_jtag_hub_inst|tdo                                                                                                                                           ; altera_reserved_tck ; altera_reserved_tck ; 50.000       ; 0.267      ; 1.376      ;
; 48.900 ; sld_hub:auto_hub|sld_jtag_hub:\jtag_hub_gen:sld_jtag_hub_inst|sld_shadow_jsm:shadow_jsm|state[3]                                                                                                           ; sld_hub:auto_hub|sld_jtag_hub:\jtag_hub_gen:sld_jtag_hub_inst|tdo                                                                                                                                           ; altera_reserved_tck ; altera_reserved_tck ; 50.000       ; 0.266      ; 1.373      ;
; 48.908 ; sld_hub:auto_hub|sld_jtag_hub:\jtag_hub_gen:sld_jtag_hub_inst|irf_reg[2][0]                                                                                                                                ; SoC:inst|SoC_jtag_uart:jtag_uart|alt_jtag_atlantic:SoC_jtag_uart_alt_jtag_atlantic|jupdate                                                                                                                  ; altera_reserved_tck ; altera_reserved_tck ; 50.000       ; 0.254      ; 1.353      ;
; 48.973 ; sld_hub:auto_hub|sld_jtag_hub:\jtag_hub_gen:sld_jtag_hub_inst|design_hash_reg[0]                                                                                                                           ; sld_hub:auto_hub|sld_jtag_hub:\jtag_hub_gen:sld_jtag_hub_inst|tdo                                                                                                                                           ; altera_reserved_tck ; altera_reserved_tck ; 50.000       ; 0.266      ; 1.300      ;
; 48.981 ; sld_hub:auto_hub|sld_jtag_hub:\jtag_hub_gen:sld_jtag_hub_inst|tdo_bypass_reg                                                                                                                               ; sld_hub:auto_hub|sld_jtag_hub:\jtag_hub_gen:sld_jtag_hub_inst|tdo                                                                                                                                           ; altera_reserved_tck ; altera_reserved_tck ; 50.000       ; 0.266      ; 1.292      ;
; 48.996 ; sld_hub:auto_hub|sld_jtag_hub:\jtag_hub_gen:sld_jtag_hub_inst|hub_minor_ver_reg[0]                                                                                                                         ; sld_hub:auto_hub|sld_jtag_hub:\jtag_hub_gen:sld_jtag_hub_inst|tdo                                                                                                                                           ; altera_reserved_tck ; altera_reserved_tck ; 50.000       ; 0.278      ; 1.289      ;
; 49.039 ; sld_hub:auto_hub|sld_jtag_hub:\jtag_hub_gen:sld_jtag_hub_inst|node_ena[2]~reg0                                                                                                                             ; SoC:inst|SoC_jtag_uart:jtag_uart|alt_jtag_atlantic:SoC_jtag_uart_alt_jtag_atlantic|jupdate                                                                                                                  ; altera_reserved_tck ; altera_reserved_tck ; 50.000       ; 0.253      ; 1.221      ;
; 49.058 ; sld_hub:auto_hub|sld_jtag_hub:\jtag_hub_gen:sld_jtag_hub_inst|irsr_reg[0]                                                                                                                                  ; sld_hub:auto_hub|sld_jtag_hub:\jtag_hub_gen:sld_jtag_hub_inst|tdo                                                                                                                                           ; altera_reserved_tck ; altera_reserved_tck ; 50.000       ; 0.278      ; 1.227      ;
; 49.076 ; sld_hub:auto_hub|sld_jtag_hub:\jtag_hub_gen:sld_jtag_hub_inst|irsr_reg[5]                                                                                                                                  ; sld_hub:auto_hub|sld_jtag_hub:\jtag_hub_gen:sld_jtag_hub_inst|tdo                                                                                                                                           ; altera_reserved_tck ; altera_reserved_tck ; 50.000       ; 0.278      ; 1.209      ;
; 49.089 ; SoC:inst|SoC_cpu:cpu|SoC_cpu_nios2_oci:the_SoC_cpu_nios2_oci|SoC_cpu_jtag_debug_module_wrapper:the_SoC_cpu_jtag_debug_module_wrapper|SoC_cpu_jtag_debug_module_tck:the_SoC_cpu_jtag_debug_module_tck|sr[0] ; sld_hub:auto_hub|sld_jtag_hub:\jtag_hub_gen:sld_jtag_hub_inst|tdo                                                                                                                                           ; altera_reserved_tck ; altera_reserved_tck ; 50.000       ; 0.279      ; 1.197      ;
; 49.091 ; sld_hub:auto_hub|sld_jtag_hub:\jtag_hub_gen:sld_jtag_hub_inst|irsr_reg[6]                                                                                                                                  ; sld_hub:auto_hub|sld_jtag_hub:\jtag_hub_gen:sld_jtag_hub_inst|tdo                                                                                                                                           ; altera_reserved_tck ; altera_reserved_tck ; 50.000       ; 0.278      ; 1.194      ;
; 49.125 ; sld_hub:auto_hub|sld_jtag_hub:\jtag_hub_gen:sld_jtag_hub_inst|sld_shadow_jsm:shadow_jsm|state[8]                                                                                                           ; SoC:inst|SoC_jtag_uart:jtag_uart|alt_jtag_atlantic:SoC_jtag_uart_alt_jtag_atlantic|jupdate                                                                                                                  ; altera_reserved_tck ; altera_reserved_tck ; 50.000       ; 0.248      ; 1.130      ;
; 49.242 ; sld_hub:auto_hub|sld_jtag_hub:\jtag_hub_gen:sld_jtag_hub_inst|sld_rom_sr:hub_info_reg|WORD_SR[0]                                                                                                           ; sld_hub:auto_hub|sld_jtag_hub:\jtag_hub_gen:sld_jtag_hub_inst|tdo                                                                                                                                           ; altera_reserved_tck ; altera_reserved_tck ; 50.000       ; 0.272      ; 1.037      ;
; 49.647 ; SoC:inst|SoC_jtag_uart:jtag_uart|alt_jtag_atlantic:SoC_jtag_uart_alt_jtag_atlantic|td_shift[0]                                                                                                             ; SoC:inst|SoC_jtag_uart:jtag_uart|alt_jtag_atlantic:SoC_jtag_uart_alt_jtag_atlantic|tdo~reg0                                                                                                                 ; altera_reserved_tck ; altera_reserved_tck ; 50.000       ; 0.280      ; 0.640      ;
; 97.525 ; sld_hub:auto_hub|sld_jtag_hub:\jtag_hub_gen:sld_jtag_hub_inst|sld_shadow_jsm:shadow_jsm|state[4]                                                                                                           ; sld_hub:auto_hub|sld_jtag_hub:\jtag_hub_gen:sld_jtag_hub_inst|node_ena[1]~reg0                                                                                                                              ; altera_reserved_tck ; altera_reserved_tck ; 100.000      ; -0.045     ; 2.437      ;
; 97.525 ; sld_hub:auto_hub|sld_jtag_hub:\jtag_hub_gen:sld_jtag_hub_inst|sld_shadow_jsm:shadow_jsm|state[4]                                                                                                           ; sld_hub:auto_hub|sld_jtag_hub:\jtag_hub_gen:sld_jtag_hub_inst|node_ena[2]~reg0                                                                                                                              ; altera_reserved_tck ; altera_reserved_tck ; 100.000      ; -0.045     ; 2.437      ;
; 97.531 ; sld_hub:auto_hub|sld_jtag_hub:\jtag_hub_gen:sld_jtag_hub_inst|virtual_ir_scan_reg                                                                                                                          ; sld_hub:auto_hub|sld_jtag_hub:\jtag_hub_gen:sld_jtag_hub_inst|sld_rom_sr:hub_info_reg|WORD_SR[2]                                                                                                            ; altera_reserved_tck ; altera_reserved_tck ; 100.000      ; -0.045     ; 2.431      ;
; 97.536 ; sld_hub:auto_hub|sld_jtag_hub:\jtag_hub_gen:sld_jtag_hub_inst|sld_shadow_jsm:shadow_jsm|state[4]                                                                                                           ; SoC:inst|SoC_cpu:cpu|SoC_cpu_nios2_oci:the_SoC_cpu_nios2_oci|SoC_cpu_jtag_debug_module_wrapper:the_SoC_cpu_jtag_debug_module_wrapper|SoC_cpu_jtag_debug_module_tck:the_SoC_cpu_jtag_debug_module_tck|sr[25] ; altera_reserved_tck ; altera_reserved_tck ; 100.000      ; -0.065     ; 2.406      ;
; 97.536 ; sld_hub:auto_hub|sld_jtag_hub:\jtag_hub_gen:sld_jtag_hub_inst|sld_shadow_jsm:shadow_jsm|state[4]                                                                                                           ; SoC:inst|SoC_cpu:cpu|SoC_cpu_nios2_oci:the_SoC_cpu_nios2_oci|SoC_cpu_jtag_debug_module_wrapper:the_SoC_cpu_jtag_debug_module_wrapper|SoC_cpu_jtag_debug_module_tck:the_SoC_cpu_jtag_debug_module_tck|sr[24] ; altera_reserved_tck ; altera_reserved_tck ; 100.000      ; -0.065     ; 2.406      ;
; 97.536 ; sld_hub:auto_hub|sld_jtag_hub:\jtag_hub_gen:sld_jtag_hub_inst|sld_shadow_jsm:shadow_jsm|state[4]                                                                                                           ; SoC:inst|SoC_cpu:cpu|SoC_cpu_nios2_oci:the_SoC_cpu_nios2_oci|SoC_cpu_jtag_debug_module_wrapper:the_SoC_cpu_jtag_debug_module_wrapper|SoC_cpu_jtag_debug_module_tck:the_SoC_cpu_jtag_debug_module_tck|sr[32] ; altera_reserved_tck ; altera_reserved_tck ; 100.000      ; -0.065     ; 2.406      ;
; 97.536 ; sld_hub:auto_hub|sld_jtag_hub:\jtag_hub_gen:sld_jtag_hub_inst|sld_shadow_jsm:shadow_jsm|state[4]                                                                                                           ; SoC:inst|SoC_cpu:cpu|SoC_cpu_nios2_oci:the_SoC_cpu_nios2_oci|SoC_cpu_jtag_debug_module_wrapper:the_SoC_cpu_jtag_debug_module_wrapper|SoC_cpu_jtag_debug_module_tck:the_SoC_cpu_jtag_debug_module_tck|sr[33] ; altera_reserved_tck ; altera_reserved_tck ; 100.000      ; -0.065     ; 2.406      ;
; 97.536 ; sld_hub:auto_hub|sld_jtag_hub:\jtag_hub_gen:sld_jtag_hub_inst|sld_shadow_jsm:shadow_jsm|state[4]                                                                                                           ; SoC:inst|SoC_cpu:cpu|SoC_cpu_nios2_oci:the_SoC_cpu_nios2_oci|SoC_cpu_jtag_debug_module_wrapper:the_SoC_cpu_jtag_debug_module_wrapper|SoC_cpu_jtag_debug_module_tck:the_SoC_cpu_jtag_debug_module_tck|sr[34] ; altera_reserved_tck ; altera_reserved_tck ; 100.000      ; -0.065     ; 2.406      ;
; 97.619 ; sld_hub:auto_hub|sld_jtag_hub:\jtag_hub_gen:sld_jtag_hub_inst|virtual_ir_scan_reg                                                                                                                          ; SoC:inst|SoC_jtag_uart:jtag_uart|alt_jtag_atlantic:SoC_jtag_uart_alt_jtag_atlantic|write_stalled                                                                                                            ; altera_reserved_tck ; altera_reserved_tck ; 100.000      ; -0.064     ; 2.324      ;
; 97.619 ; sld_hub:auto_hub|sld_jtag_hub:\jtag_hub_gen:sld_jtag_hub_inst|virtual_ir_scan_reg                                                                                                                          ; SoC:inst|SoC_jtag_uart:jtag_uart|alt_jtag_atlantic:SoC_jtag_uart_alt_jtag_atlantic|write_valid                                                                                                              ; altera_reserved_tck ; altera_reserved_tck ; 100.000      ; -0.064     ; 2.324      ;
; 97.619 ; sld_hub:auto_hub|sld_jtag_hub:\jtag_hub_gen:sld_jtag_hub_inst|virtual_ir_scan_reg                                                                                                                          ; SoC:inst|SoC_jtag_uart:jtag_uart|alt_jtag_atlantic:SoC_jtag_uart_alt_jtag_atlantic|wdata[0]                                                                                                                 ; altera_reserved_tck ; altera_reserved_tck ; 100.000      ; -0.064     ; 2.324      ;
; 97.642 ; sld_hub:auto_hub|sld_jtag_hub:\jtag_hub_gen:sld_jtag_hub_inst|sld_shadow_jsm:shadow_jsm|state[4]                                                                                                           ; SoC:inst|SoC_cpu:cpu|SoC_cpu_nios2_oci:the_SoC_cpu_nios2_oci|SoC_cpu_jtag_debug_module_wrapper:the_SoC_cpu_jtag_debug_module_wrapper|SoC_cpu_jtag_debug_module_tck:the_SoC_cpu_jtag_debug_module_tck|sr[23] ; altera_reserved_tck ; altera_reserved_tck ; 100.000      ; -0.072     ; 2.293      ;
; 97.643 ; sld_hub:auto_hub|sld_jtag_hub:\jtag_hub_gen:sld_jtag_hub_inst|sld_shadow_jsm:shadow_jsm|state[4]                                                                                                           ; SoC:inst|SoC_cpu:cpu|SoC_cpu_nios2_oci:the_SoC_cpu_nios2_oci|SoC_cpu_jtag_debug_module_wrapper:the_SoC_cpu_jtag_debug_module_wrapper|SoC_cpu_jtag_debug_module_tck:the_SoC_cpu_jtag_debug_module_tck|sr[22] ; altera_reserved_tck ; altera_reserved_tck ; 100.000      ; -0.072     ; 2.292      ;
; 97.645 ; sld_hub:auto_hub|sld_jtag_hub:\jtag_hub_gen:sld_jtag_hub_inst|sld_shadow_jsm:shadow_jsm|state[4]                                                                                                           ; SoC:inst|SoC_cpu:cpu|SoC_cpu_nios2_oci:the_SoC_cpu_nios2_oci|SoC_cpu_jtag_debug_module_wrapper:the_SoC_cpu_jtag_debug_module_wrapper|SoC_cpu_jtag_debug_module_tck:the_SoC_cpu_jtag_debug_module_tck|sr[16] ; altera_reserved_tck ; altera_reserved_tck ; 100.000      ; -0.072     ; 2.290      ;
; 97.648 ; sld_hub:auto_hub|sld_jtag_hub:\jtag_hub_gen:sld_jtag_hub_inst|sld_shadow_jsm:shadow_jsm|state[4]                                                                                                           ; SoC:inst|SoC_cpu:cpu|SoC_cpu_nios2_oci:the_SoC_cpu_nios2_oci|SoC_cpu_jtag_debug_module_wrapper:the_SoC_cpu_jtag_debug_module_wrapper|SoC_cpu_jtag_debug_module_tck:the_SoC_cpu_jtag_debug_module_tck|sr[26] ; altera_reserved_tck ; altera_reserved_tck ; 100.000      ; -0.064     ; 2.295      ;
; 97.665 ; sld_hub:auto_hub|sld_jtag_hub:\jtag_hub_gen:sld_jtag_hub_inst|sld_shadow_jsm:shadow_jsm|state[4]                                                                                                           ; SoC:inst|SoC_cpu:cpu|SoC_cpu_nios2_oci:the_SoC_cpu_nios2_oci|SoC_cpu_jtag_debug_module_wrapper:the_SoC_cpu_jtag_debug_module_wrapper|SoC_cpu_jtag_debug_module_tck:the_SoC_cpu_jtag_debug_module_tck|sr[27] ; altera_reserved_tck ; altera_reserved_tck ; 100.000      ; -0.064     ; 2.278      ;
; 97.665 ; sld_hub:auto_hub|sld_jtag_hub:\jtag_hub_gen:sld_jtag_hub_inst|sld_shadow_jsm:shadow_jsm|state[4]                                                                                                           ; SoC:inst|SoC_cpu:cpu|SoC_cpu_nios2_oci:the_SoC_cpu_nios2_oci|SoC_cpu_jtag_debug_module_wrapper:the_SoC_cpu_jtag_debug_module_wrapper|SoC_cpu_jtag_debug_module_tck:the_SoC_cpu_jtag_debug_module_tck|sr[29] ; altera_reserved_tck ; altera_reserved_tck ; 100.000      ; -0.064     ; 2.278      ;
; 97.665 ; sld_hub:auto_hub|sld_jtag_hub:\jtag_hub_gen:sld_jtag_hub_inst|sld_shadow_jsm:shadow_jsm|state[4]                                                                                                           ; SoC:inst|SoC_cpu:cpu|SoC_cpu_nios2_oci:the_SoC_cpu_nios2_oci|SoC_cpu_jtag_debug_module_wrapper:the_SoC_cpu_jtag_debug_module_wrapper|SoC_cpu_jtag_debug_module_tck:the_SoC_cpu_jtag_debug_module_tck|sr[28] ; altera_reserved_tck ; altera_reserved_tck ; 100.000      ; -0.064     ; 2.278      ;
; 97.665 ; sld_hub:auto_hub|sld_jtag_hub:\jtag_hub_gen:sld_jtag_hub_inst|sld_shadow_jsm:shadow_jsm|state[4]                                                                                                           ; SoC:inst|SoC_cpu:cpu|SoC_cpu_nios2_oci:the_SoC_cpu_nios2_oci|SoC_cpu_jtag_debug_module_wrapper:the_SoC_cpu_jtag_debug_module_wrapper|SoC_cpu_jtag_debug_module_tck:the_SoC_cpu_jtag_debug_module_tck|sr[30] ; altera_reserved_tck ; altera_reserved_tck ; 100.000      ; -0.064     ; 2.278      ;
; 97.668 ; sld_hub:auto_hub|sld_jtag_hub:\jtag_hub_gen:sld_jtag_hub_inst|sld_shadow_jsm:shadow_jsm|state[4]                                                                                                           ; SoC:inst|SoC_cpu:cpu|SoC_cpu_nios2_oci:the_SoC_cpu_nios2_oci|SoC_cpu_jtag_debug_module_wrapper:the_SoC_cpu_jtag_debug_module_wrapper|SoC_cpu_jtag_debug_module_tck:the_SoC_cpu_jtag_debug_module_tck|sr[21] ; altera_reserved_tck ; altera_reserved_tck ; 100.000      ; -0.072     ; 2.267      ;
; 97.675 ; sld_hub:auto_hub|sld_jtag_hub:\jtag_hub_gen:sld_jtag_hub_inst|virtual_ir_scan_reg                                                                                                                          ; SoC:inst|SoC_cpu:cpu|SoC_cpu_nios2_oci:the_SoC_cpu_nios2_oci|SoC_cpu_jtag_debug_module_wrapper:the_SoC_cpu_jtag_debug_module_wrapper|SoC_cpu_jtag_debug_module_tck:the_SoC_cpu_jtag_debug_module_tck|sr[25] ; altera_reserved_tck ; altera_reserved_tck ; 100.000      ; -0.065     ; 2.267      ;
; 97.675 ; sld_hub:auto_hub|sld_jtag_hub:\jtag_hub_gen:sld_jtag_hub_inst|virtual_ir_scan_reg                                                                                                                          ; SoC:inst|SoC_cpu:cpu|SoC_cpu_nios2_oci:the_SoC_cpu_nios2_oci|SoC_cpu_jtag_debug_module_wrapper:the_SoC_cpu_jtag_debug_module_wrapper|SoC_cpu_jtag_debug_module_tck:the_SoC_cpu_jtag_debug_module_tck|sr[24] ; altera_reserved_tck ; altera_reserved_tck ; 100.000      ; -0.065     ; 2.267      ;
; 97.675 ; sld_hub:auto_hub|sld_jtag_hub:\jtag_hub_gen:sld_jtag_hub_inst|virtual_ir_scan_reg                                                                                                                          ; SoC:inst|SoC_cpu:cpu|SoC_cpu_nios2_oci:the_SoC_cpu_nios2_oci|SoC_cpu_jtag_debug_module_wrapper:the_SoC_cpu_jtag_debug_module_wrapper|SoC_cpu_jtag_debug_module_tck:the_SoC_cpu_jtag_debug_module_tck|sr[32] ; altera_reserved_tck ; altera_reserved_tck ; 100.000      ; -0.065     ; 2.267      ;
; 97.675 ; sld_hub:auto_hub|sld_jtag_hub:\jtag_hub_gen:sld_jtag_hub_inst|virtual_ir_scan_reg                                                                                                                          ; SoC:inst|SoC_cpu:cpu|SoC_cpu_nios2_oci:the_SoC_cpu_nios2_oci|SoC_cpu_jtag_debug_module_wrapper:the_SoC_cpu_jtag_debug_module_wrapper|SoC_cpu_jtag_debug_module_tck:the_SoC_cpu_jtag_debug_module_tck|sr[33] ; altera_reserved_tck ; altera_reserved_tck ; 100.000      ; -0.065     ; 2.267      ;
; 97.675 ; sld_hub:auto_hub|sld_jtag_hub:\jtag_hub_gen:sld_jtag_hub_inst|virtual_ir_scan_reg                                                                                                                          ; SoC:inst|SoC_cpu:cpu|SoC_cpu_nios2_oci:the_SoC_cpu_nios2_oci|SoC_cpu_jtag_debug_module_wrapper:the_SoC_cpu_jtag_debug_module_wrapper|SoC_cpu_jtag_debug_module_tck:the_SoC_cpu_jtag_debug_module_tck|sr[34] ; altera_reserved_tck ; altera_reserved_tck ; 100.000      ; -0.065     ; 2.267      ;
; 97.692 ; sld_hub:auto_hub|sld_jtag_hub:\jtag_hub_gen:sld_jtag_hub_inst|sld_shadow_jsm:shadow_jsm|state[4]                                                                                                           ; SoC:inst|SoC_cpu:cpu|SoC_cpu_nios2_oci:the_SoC_cpu_nios2_oci|SoC_cpu_jtag_debug_module_wrapper:the_SoC_cpu_jtag_debug_module_wrapper|SoC_cpu_jtag_debug_module_tck:the_SoC_cpu_jtag_debug_module_tck|sr[17] ; altera_reserved_tck ; altera_reserved_tck ; 100.000      ; -0.072     ; 2.243      ;
; 97.692 ; sld_hub:auto_hub|sld_jtag_hub:\jtag_hub_gen:sld_jtag_hub_inst|sld_shadow_jsm:shadow_jsm|state[4]                                                                                                           ; SoC:inst|SoC_cpu:cpu|SoC_cpu_nios2_oci:the_SoC_cpu_nios2_oci|SoC_cpu_jtag_debug_module_wrapper:the_SoC_cpu_jtag_debug_module_wrapper|SoC_cpu_jtag_debug_module_tck:the_SoC_cpu_jtag_debug_module_tck|sr[20] ; altera_reserved_tck ; altera_reserved_tck ; 100.000      ; -0.072     ; 2.243      ;
; 97.692 ; sld_hub:auto_hub|sld_jtag_hub:\jtag_hub_gen:sld_jtag_hub_inst|sld_shadow_jsm:shadow_jsm|state[4]                                                                                                           ; SoC:inst|SoC_cpu:cpu|SoC_cpu_nios2_oci:the_SoC_cpu_nios2_oci|SoC_cpu_jtag_debug_module_wrapper:the_SoC_cpu_jtag_debug_module_wrapper|SoC_cpu_jtag_debug_module_tck:the_SoC_cpu_jtag_debug_module_tck|sr[19] ; altera_reserved_tck ; altera_reserved_tck ; 100.000      ; -0.072     ; 2.243      ;
; 97.692 ; sld_hub:auto_hub|sld_jtag_hub:\jtag_hub_gen:sld_jtag_hub_inst|sld_shadow_jsm:shadow_jsm|state[4]                                                                                                           ; SoC:inst|SoC_cpu:cpu|SoC_cpu_nios2_oci:the_SoC_cpu_nios2_oci|SoC_cpu_jtag_debug_module_wrapper:the_SoC_cpu_jtag_debug_module_wrapper|SoC_cpu_jtag_debug_module_tck:the_SoC_cpu_jtag_debug_module_tck|sr[18] ; altera_reserved_tck ; altera_reserved_tck ; 100.000      ; -0.072     ; 2.243      ;
; 97.705 ; sld_hub:auto_hub|sld_jtag_hub:\jtag_hub_gen:sld_jtag_hub_inst|irf_reg[2][0]                                                                                                                                ; SoC:inst|SoC_jtag_uart:jtag_uart|alt_jtag_atlantic:SoC_jtag_uart_alt_jtag_atlantic|write_stalled                                                                                                            ; altera_reserved_tck ; altera_reserved_tck ; 100.000      ; -0.058     ; 2.244      ;
; 97.705 ; sld_hub:auto_hub|sld_jtag_hub:\jtag_hub_gen:sld_jtag_hub_inst|irf_reg[2][0]                                                                                                                                ; SoC:inst|SoC_jtag_uart:jtag_uart|alt_jtag_atlantic:SoC_jtag_uart_alt_jtag_atlantic|write_valid                                                                                                              ; altera_reserved_tck ; altera_reserved_tck ; 100.000      ; -0.058     ; 2.244      ;
; 97.705 ; sld_hub:auto_hub|sld_jtag_hub:\jtag_hub_gen:sld_jtag_hub_inst|irf_reg[2][0]                                                                                                                                ; SoC:inst|SoC_jtag_uart:jtag_uart|alt_jtag_atlantic:SoC_jtag_uart_alt_jtag_atlantic|wdata[0]                                                                                                                 ; altera_reserved_tck ; altera_reserved_tck ; 100.000      ; -0.058     ; 2.244      ;
; 97.757 ; sld_hub:auto_hub|sld_jtag_hub:\jtag_hub_gen:sld_jtag_hub_inst|sld_shadow_jsm:shadow_jsm|state[3]                                                                                                           ; SoC:inst|SoC_cpu:cpu|SoC_cpu_nios2_oci:the_SoC_cpu_nios2_oci|SoC_cpu_jtag_debug_module_wrapper:the_SoC_cpu_jtag_debug_module_wrapper|SoC_cpu_jtag_debug_module_tck:the_SoC_cpu_jtag_debug_module_tck|sr[25] ; altera_reserved_tck ; altera_reserved_tck ; 100.000      ; -0.066     ; 2.184      ;
; 97.757 ; sld_hub:auto_hub|sld_jtag_hub:\jtag_hub_gen:sld_jtag_hub_inst|sld_shadow_jsm:shadow_jsm|state[3]                                                                                                           ; SoC:inst|SoC_cpu:cpu|SoC_cpu_nios2_oci:the_SoC_cpu_nios2_oci|SoC_cpu_jtag_debug_module_wrapper:the_SoC_cpu_jtag_debug_module_wrapper|SoC_cpu_jtag_debug_module_tck:the_SoC_cpu_jtag_debug_module_tck|sr[24] ; altera_reserved_tck ; altera_reserved_tck ; 100.000      ; -0.066     ; 2.184      ;
; 97.757 ; sld_hub:auto_hub|sld_jtag_hub:\jtag_hub_gen:sld_jtag_hub_inst|sld_shadow_jsm:shadow_jsm|state[3]                                                                                                           ; SoC:inst|SoC_cpu:cpu|SoC_cpu_nios2_oci:the_SoC_cpu_nios2_oci|SoC_cpu_jtag_debug_module_wrapper:the_SoC_cpu_jtag_debug_module_wrapper|SoC_cpu_jtag_debug_module_tck:the_SoC_cpu_jtag_debug_module_tck|sr[32] ; altera_reserved_tck ; altera_reserved_tck ; 100.000      ; -0.066     ; 2.184      ;
; 97.757 ; sld_hub:auto_hub|sld_jtag_hub:\jtag_hub_gen:sld_jtag_hub_inst|sld_shadow_jsm:shadow_jsm|state[3]                                                                                                           ; SoC:inst|SoC_cpu:cpu|SoC_cpu_nios2_oci:the_SoC_cpu_nios2_oci|SoC_cpu_jtag_debug_module_wrapper:the_SoC_cpu_jtag_debug_module_wrapper|SoC_cpu_jtag_debug_module_tck:the_SoC_cpu_jtag_debug_module_tck|sr[33] ; altera_reserved_tck ; altera_reserved_tck ; 100.000      ; -0.066     ; 2.184      ;
; 97.757 ; sld_hub:auto_hub|sld_jtag_hub:\jtag_hub_gen:sld_jtag_hub_inst|sld_shadow_jsm:shadow_jsm|state[3]                                                                                                           ; SoC:inst|SoC_cpu:cpu|SoC_cpu_nios2_oci:the_SoC_cpu_nios2_oci|SoC_cpu_jtag_debug_module_wrapper:the_SoC_cpu_jtag_debug_module_wrapper|SoC_cpu_jtag_debug_module_tck:the_SoC_cpu_jtag_debug_module_tck|sr[34] ; altera_reserved_tck ; altera_reserved_tck ; 100.000      ; -0.066     ; 2.184      ;
; 97.763 ; sld_hub:auto_hub|sld_jtag_hub:\jtag_hub_gen:sld_jtag_hub_inst|virtual_ir_scan_reg                                                                                                                          ; SoC:inst|SoC_jtag_uart:jtag_uart|alt_jtag_atlantic:SoC_jtag_uart_alt_jtag_atlantic|read                                                                                                                     ; altera_reserved_tck ; altera_reserved_tck ; 100.000      ; -0.058     ; 2.186      ;
; 97.763 ; sld_hub:auto_hub|sld_jtag_hub:\jtag_hub_gen:sld_jtag_hub_inst|virtual_ir_scan_reg                                                                                                                          ; SoC:inst|SoC_jtag_uart:jtag_uart|alt_jtag_atlantic:SoC_jtag_uart_alt_jtag_atlantic|read_req                                                                                                                 ; altera_reserved_tck ; altera_reserved_tck ; 100.000      ; -0.058     ; 2.186      ;
; 97.782 ; sld_hub:auto_hub|sld_jtag_hub:\jtag_hub_gen:sld_jtag_hub_inst|node_ena[2]~reg0                                                                                                                             ; SoC:inst|SoC_jtag_uart:jtag_uart|alt_jtag_atlantic:SoC_jtag_uart_alt_jtag_atlantic|write_stalled                                                                                                            ; altera_reserved_tck ; altera_reserved_tck ; 100.000      ; -0.059     ; 2.166      ;
; 97.782 ; sld_hub:auto_hub|sld_jtag_hub:\jtag_hub_gen:sld_jtag_hub_inst|node_ena[2]~reg0                                                                                                                             ; SoC:inst|SoC_jtag_uart:jtag_uart|alt_jtag_atlantic:SoC_jtag_uart_alt_jtag_atlantic|write_valid                                                                                                              ; altera_reserved_tck ; altera_reserved_tck ; 100.000      ; -0.059     ; 2.166      ;
; 97.782 ; sld_hub:auto_hub|sld_jtag_hub:\jtag_hub_gen:sld_jtag_hub_inst|node_ena[2]~reg0                                                                                                                             ; SoC:inst|SoC_jtag_uart:jtag_uart|alt_jtag_atlantic:SoC_jtag_uart_alt_jtag_atlantic|wdata[0]                                                                                                                 ; altera_reserved_tck ; altera_reserved_tck ; 100.000      ; -0.059     ; 2.166      ;
; 97.795 ; sld_hub:auto_hub|sld_jtag_hub:\jtag_hub_gen:sld_jtag_hub_inst|virtual_ir_scan_reg                                                                                                                          ; SoC:inst|SoC_cpu:cpu|SoC_cpu_nios2_oci:the_SoC_cpu_nios2_oci|SoC_cpu_jtag_debug_module_wrapper:the_SoC_cpu_jtag_debug_module_wrapper|SoC_cpu_jtag_debug_module_tck:the_SoC_cpu_jtag_debug_module_tck|sr[26] ; altera_reserved_tck ; altera_reserved_tck ; 100.000      ; -0.064     ; 2.148      ;
; 97.795 ; sld_hub:auto_hub|sld_jtag_hub:\jtag_hub_gen:sld_jtag_hub_inst|virtual_ir_scan_reg                                                                                                                          ; SoC:inst|SoC_cpu:cpu|SoC_cpu_nios2_oci:the_SoC_cpu_nios2_oci|SoC_cpu_jtag_debug_module_wrapper:the_SoC_cpu_jtag_debug_module_wrapper|SoC_cpu_jtag_debug_module_tck:the_SoC_cpu_jtag_debug_module_tck|sr[27] ; altera_reserved_tck ; altera_reserved_tck ; 100.000      ; -0.064     ; 2.148      ;
; 97.795 ; sld_hub:auto_hub|sld_jtag_hub:\jtag_hub_gen:sld_jtag_hub_inst|virtual_ir_scan_reg                                                                                                                          ; SoC:inst|SoC_cpu:cpu|SoC_cpu_nios2_oci:the_SoC_cpu_nios2_oci|SoC_cpu_jtag_debug_module_wrapper:the_SoC_cpu_jtag_debug_module_wrapper|SoC_cpu_jtag_debug_module_tck:the_SoC_cpu_jtag_debug_module_tck|sr[29] ; altera_reserved_tck ; altera_reserved_tck ; 100.000      ; -0.064     ; 2.148      ;
; 97.795 ; sld_hub:auto_hub|sld_jtag_hub:\jtag_hub_gen:sld_jtag_hub_inst|virtual_ir_scan_reg                                                                                                                          ; SoC:inst|SoC_cpu:cpu|SoC_cpu_nios2_oci:the_SoC_cpu_nios2_oci|SoC_cpu_jtag_debug_module_wrapper:the_SoC_cpu_jtag_debug_module_wrapper|SoC_cpu_jtag_debug_module_tck:the_SoC_cpu_jtag_debug_module_tck|sr[28] ; altera_reserved_tck ; altera_reserved_tck ; 100.000      ; -0.064     ; 2.148      ;
; 97.795 ; sld_hub:auto_hub|sld_jtag_hub:\jtag_hub_gen:sld_jtag_hub_inst|virtual_ir_scan_reg                                                                                                                          ; SoC:inst|SoC_cpu:cpu|SoC_cpu_nios2_oci:the_SoC_cpu_nios2_oci|SoC_cpu_jtag_debug_module_wrapper:the_SoC_cpu_jtag_debug_module_wrapper|SoC_cpu_jtag_debug_module_tck:the_SoC_cpu_jtag_debug_module_tck|sr[30] ; altera_reserved_tck ; altera_reserved_tck ; 100.000      ; -0.064     ; 2.148      ;
; 97.796 ; sld_hub:auto_hub|sld_jtag_hub:\jtag_hub_gen:sld_jtag_hub_inst|sld_shadow_jsm:shadow_jsm|state[4]                                                                                                           ; sld_hub:auto_hub|sld_jtag_hub:\jtag_hub_gen:sld_jtag_hub_inst|sld_rom_sr:hub_info_reg|WORD_SR[2]                                                                                                            ; altera_reserved_tck ; altera_reserved_tck ; 100.000      ; -0.045     ; 2.166      ;
; 97.806 ; sld_hub:auto_hub|sld_jtag_hub:\jtag_hub_gen:sld_jtag_hub_inst|virtual_ir_scan_reg                                                                                                                          ; SoC:inst|SoC_cpu:cpu|SoC_cpu_nios2_oci:the_SoC_cpu_nios2_oci|SoC_cpu_jtag_debug_module_wrapper:the_SoC_cpu_jtag_debug_module_wrapper|SoC_cpu_jtag_debug_module_tck:the_SoC_cpu_jtag_debug_module_tck|sr[17] ; altera_reserved_tck ; altera_reserved_tck ; 100.000      ; -0.072     ; 2.129      ;
; 97.806 ; sld_hub:auto_hub|sld_jtag_hub:\jtag_hub_gen:sld_jtag_hub_inst|virtual_ir_scan_reg                                                                                                                          ; SoC:inst|SoC_cpu:cpu|SoC_cpu_nios2_oci:the_SoC_cpu_nios2_oci|SoC_cpu_jtag_debug_module_wrapper:the_SoC_cpu_jtag_debug_module_wrapper|SoC_cpu_jtag_debug_module_tck:the_SoC_cpu_jtag_debug_module_tck|sr[20] ; altera_reserved_tck ; altera_reserved_tck ; 100.000      ; -0.072     ; 2.129      ;
; 97.806 ; sld_hub:auto_hub|sld_jtag_hub:\jtag_hub_gen:sld_jtag_hub_inst|virtual_ir_scan_reg                                                                                                                          ; SoC:inst|SoC_cpu:cpu|SoC_cpu_nios2_oci:the_SoC_cpu_nios2_oci|SoC_cpu_jtag_debug_module_wrapper:the_SoC_cpu_jtag_debug_module_wrapper|SoC_cpu_jtag_debug_module_tck:the_SoC_cpu_jtag_debug_module_tck|sr[19] ; altera_reserved_tck ; altera_reserved_tck ; 100.000      ; -0.072     ; 2.129      ;
; 97.806 ; sld_hub:auto_hub|sld_jtag_hub:\jtag_hub_gen:sld_jtag_hub_inst|virtual_ir_scan_reg                                                                                                                          ; SoC:inst|SoC_cpu:cpu|SoC_cpu_nios2_oci:the_SoC_cpu_nios2_oci|SoC_cpu_jtag_debug_module_wrapper:the_SoC_cpu_jtag_debug_module_wrapper|SoC_cpu_jtag_debug_module_tck:the_SoC_cpu_jtag_debug_module_tck|sr[18] ; altera_reserved_tck ; altera_reserved_tck ; 100.000      ; -0.072     ; 2.129      ;
; 97.806 ; sld_hub:auto_hub|sld_jtag_hub:\jtag_hub_gen:sld_jtag_hub_inst|virtual_ir_scan_reg                                                                                                                          ; SoC:inst|SoC_cpu:cpu|SoC_cpu_nios2_oci:the_SoC_cpu_nios2_oci|SoC_cpu_jtag_debug_module_wrapper:the_SoC_cpu_jtag_debug_module_wrapper|SoC_cpu_jtag_debug_module_tck:the_SoC_cpu_jtag_debug_module_tck|sr[23] ; altera_reserved_tck ; altera_reserved_tck ; 100.000      ; -0.072     ; 2.129      ;
; 97.806 ; sld_hub:auto_hub|sld_jtag_hub:\jtag_hub_gen:sld_jtag_hub_inst|virtual_ir_scan_reg                                                                                                                          ; SoC:inst|SoC_cpu:cpu|SoC_cpu_nios2_oci:the_SoC_cpu_nios2_oci|SoC_cpu_jtag_debug_module_wrapper:the_SoC_cpu_jtag_debug_module_wrapper|SoC_cpu_jtag_debug_module_tck:the_SoC_cpu_jtag_debug_module_tck|sr[22] ; altera_reserved_tck ; altera_reserved_tck ; 100.000      ; -0.072     ; 2.129      ;
; 97.806 ; sld_hub:auto_hub|sld_jtag_hub:\jtag_hub_gen:sld_jtag_hub_inst|virtual_ir_scan_reg                                                                                                                          ; SoC:inst|SoC_cpu:cpu|SoC_cpu_nios2_oci:the_SoC_cpu_nios2_oci|SoC_cpu_jtag_debug_module_wrapper:the_SoC_cpu_jtag_debug_module_wrapper|SoC_cpu_jtag_debug_module_tck:the_SoC_cpu_jtag_debug_module_tck|sr[21] ; altera_reserved_tck ; altera_reserved_tck ; 100.000      ; -0.072     ; 2.129      ;
; 97.806 ; sld_hub:auto_hub|sld_jtag_hub:\jtag_hub_gen:sld_jtag_hub_inst|virtual_ir_scan_reg                                                                                                                          ; SoC:inst|SoC_cpu:cpu|SoC_cpu_nios2_oci:the_SoC_cpu_nios2_oci|SoC_cpu_jtag_debug_module_wrapper:the_SoC_cpu_jtag_debug_module_wrapper|SoC_cpu_jtag_debug_module_tck:the_SoC_cpu_jtag_debug_module_tck|sr[16] ; altera_reserved_tck ; altera_reserved_tck ; 100.000      ; -0.072     ; 2.129      ;
; 97.848 ; sld_hub:auto_hub|sld_jtag_hub:\jtag_hub_gen:sld_jtag_hub_inst|node_ena[1]~reg0                                                                                                                             ; SoC:inst|SoC_cpu:cpu|SoC_cpu_nios2_oci:the_SoC_cpu_nios2_oci|SoC_cpu_jtag_debug_module_wrapper:the_SoC_cpu_jtag_debug_module_wrapper|SoC_cpu_jtag_debug_module_tck:the_SoC_cpu_jtag_debug_module_tck|sr[25] ; altera_reserved_tck ; altera_reserved_tck ; 100.000      ; -0.060     ; 2.099      ;
; 97.848 ; sld_hub:auto_hub|sld_jtag_hub:\jtag_hub_gen:sld_jtag_hub_inst|node_ena[1]~reg0                                                                                                                             ; SoC:inst|SoC_cpu:cpu|SoC_cpu_nios2_oci:the_SoC_cpu_nios2_oci|SoC_cpu_jtag_debug_module_wrapper:the_SoC_cpu_jtag_debug_module_wrapper|SoC_cpu_jtag_debug_module_tck:the_SoC_cpu_jtag_debug_module_tck|sr[24] ; altera_reserved_tck ; altera_reserved_tck ; 100.000      ; -0.060     ; 2.099      ;
; 97.848 ; sld_hub:auto_hub|sld_jtag_hub:\jtag_hub_gen:sld_jtag_hub_inst|node_ena[1]~reg0                                                                                                                             ; SoC:inst|SoC_cpu:cpu|SoC_cpu_nios2_oci:the_SoC_cpu_nios2_oci|SoC_cpu_jtag_debug_module_wrapper:the_SoC_cpu_jtag_debug_module_wrapper|SoC_cpu_jtag_debug_module_tck:the_SoC_cpu_jtag_debug_module_tck|sr[32] ; altera_reserved_tck ; altera_reserved_tck ; 100.000      ; -0.060     ; 2.099      ;
; 97.848 ; sld_hub:auto_hub|sld_jtag_hub:\jtag_hub_gen:sld_jtag_hub_inst|node_ena[1]~reg0                                                                                                                             ; SoC:inst|SoC_cpu:cpu|SoC_cpu_nios2_oci:the_SoC_cpu_nios2_oci|SoC_cpu_jtag_debug_module_wrapper:the_SoC_cpu_jtag_debug_module_wrapper|SoC_cpu_jtag_debug_module_tck:the_SoC_cpu_jtag_debug_module_tck|sr[33] ; altera_reserved_tck ; altera_reserved_tck ; 100.000      ; -0.060     ; 2.099      ;
; 97.848 ; sld_hub:auto_hub|sld_jtag_hub:\jtag_hub_gen:sld_jtag_hub_inst|node_ena[1]~reg0                                                                                                                             ; SoC:inst|SoC_cpu:cpu|SoC_cpu_nios2_oci:the_SoC_cpu_nios2_oci|SoC_cpu_jtag_debug_module_wrapper:the_SoC_cpu_jtag_debug_module_wrapper|SoC_cpu_jtag_debug_module_tck:the_SoC_cpu_jtag_debug_module_tck|sr[34] ; altera_reserved_tck ; altera_reserved_tck ; 100.000      ; -0.060     ; 2.099      ;
; 97.849 ; sld_hub:auto_hub|sld_jtag_hub:\jtag_hub_gen:sld_jtag_hub_inst|irf_reg[2][0]                                                                                                                                ; SoC:inst|SoC_jtag_uart:jtag_uart|alt_jtag_atlantic:SoC_jtag_uart_alt_jtag_atlantic|read                                                                                                                     ; altera_reserved_tck ; altera_reserved_tck ; 100.000      ; -0.052     ; 2.106      ;
; 97.849 ; sld_hub:auto_hub|sld_jtag_hub:\jtag_hub_gen:sld_jtag_hub_inst|irf_reg[2][0]                                                                                                                                ; SoC:inst|SoC_jtag_uart:jtag_uart|alt_jtag_atlantic:SoC_jtag_uart_alt_jtag_atlantic|read_req                                                                                                                 ; altera_reserved_tck ; altera_reserved_tck ; 100.000      ; -0.052     ; 2.106      ;
; 97.881 ; sld_hub:auto_hub|sld_jtag_hub:\jtag_hub_gen:sld_jtag_hub_inst|sld_shadow_jsm:shadow_jsm|state[4]                                                                                                           ; SoC:inst|SoC_jtag_uart:jtag_uart|alt_jtag_atlantic:SoC_jtag_uart_alt_jtag_atlantic|write_stalled                                                                                                            ; altera_reserved_tck ; altera_reserved_tck ; 100.000      ; -0.064     ; 2.062      ;
; 97.881 ; sld_hub:auto_hub|sld_jtag_hub:\jtag_hub_gen:sld_jtag_hub_inst|sld_shadow_jsm:shadow_jsm|state[4]                                                                                                           ; SoC:inst|SoC_jtag_uart:jtag_uart|alt_jtag_atlantic:SoC_jtag_uart_alt_jtag_atlantic|write_valid                                                                                                              ; altera_reserved_tck ; altera_reserved_tck ; 100.000      ; -0.064     ; 2.062      ;
; 97.881 ; sld_hub:auto_hub|sld_jtag_hub:\jtag_hub_gen:sld_jtag_hub_inst|sld_shadow_jsm:shadow_jsm|state[4]                                                                                                           ; SoC:inst|SoC_jtag_uart:jtag_uart|alt_jtag_atlantic:SoC_jtag_uart_alt_jtag_atlantic|wdata[0]                                                                                                                 ; altera_reserved_tck ; altera_reserved_tck ; 100.000      ; -0.064     ; 2.062      ;
; 97.885 ; sld_hub:auto_hub|sld_jtag_hub:\jtag_hub_gen:sld_jtag_hub_inst|sld_shadow_jsm:shadow_jsm|state[4]                                                                                                           ; SoC:inst|SoC_cpu:cpu|SoC_cpu_nios2_oci:the_SoC_cpu_nios2_oci|SoC_cpu_jtag_debug_module_wrapper:the_SoC_cpu_jtag_debug_module_wrapper|SoC_cpu_jtag_debug_module_tck:the_SoC_cpu_jtag_debug_module_tck|sr[36] ; altera_reserved_tck ; altera_reserved_tck ; 100.000      ; -0.051     ; 2.071      ;
; 97.885 ; sld_hub:auto_hub|sld_jtag_hub:\jtag_hub_gen:sld_jtag_hub_inst|sld_shadow_jsm:shadow_jsm|state[4]                                                                                                           ; SoC:inst|SoC_cpu:cpu|SoC_cpu_nios2_oci:the_SoC_cpu_nios2_oci|SoC_cpu_jtag_debug_module_wrapper:the_SoC_cpu_jtag_debug_module_wrapper|SoC_cpu_jtag_debug_module_tck:the_SoC_cpu_jtag_debug_module_tck|sr[37] ; altera_reserved_tck ; altera_reserved_tck ; 100.000      ; -0.051     ; 2.071      ;
; 97.886 ; sld_hub:auto_hub|sld_jtag_hub:\jtag_hub_gen:sld_jtag_hub_inst|sld_shadow_jsm:shadow_jsm|state[3]                                                                                                           ; SoC:inst|SoC_cpu:cpu|SoC_cpu_nios2_oci:the_SoC_cpu_nios2_oci|SoC_cpu_jtag_debug_module_wrapper:the_SoC_cpu_jtag_debug_module_wrapper|SoC_cpu_jtag_debug_module_tck:the_SoC_cpu_jtag_debug_module_tck|sr[26] ; altera_reserved_tck ; altera_reserved_tck ; 100.000      ; -0.065     ; 2.056      ;
; 97.886 ; sld_hub:auto_hub|sld_jtag_hub:\jtag_hub_gen:sld_jtag_hub_inst|sld_shadow_jsm:shadow_jsm|state[3]                                                                                                           ; SoC:inst|SoC_cpu:cpu|SoC_cpu_nios2_oci:the_SoC_cpu_nios2_oci|SoC_cpu_jtag_debug_module_wrapper:the_SoC_cpu_jtag_debug_module_wrapper|SoC_cpu_jtag_debug_module_tck:the_SoC_cpu_jtag_debug_module_tck|sr[27] ; altera_reserved_tck ; altera_reserved_tck ; 100.000      ; -0.065     ; 2.056      ;
; 97.886 ; sld_hub:auto_hub|sld_jtag_hub:\jtag_hub_gen:sld_jtag_hub_inst|sld_shadow_jsm:shadow_jsm|state[3]                                                                                                           ; SoC:inst|SoC_cpu:cpu|SoC_cpu_nios2_oci:the_SoC_cpu_nios2_oci|SoC_cpu_jtag_debug_module_wrapper:the_SoC_cpu_jtag_debug_module_wrapper|SoC_cpu_jtag_debug_module_tck:the_SoC_cpu_jtag_debug_module_tck|sr[29] ; altera_reserved_tck ; altera_reserved_tck ; 100.000      ; -0.065     ; 2.056      ;
; 97.886 ; sld_hub:auto_hub|sld_jtag_hub:\jtag_hub_gen:sld_jtag_hub_inst|sld_shadow_jsm:shadow_jsm|state[3]                                                                                                           ; SoC:inst|SoC_cpu:cpu|SoC_cpu_nios2_oci:the_SoC_cpu_nios2_oci|SoC_cpu_jtag_debug_module_wrapper:the_SoC_cpu_jtag_debug_module_wrapper|SoC_cpu_jtag_debug_module_tck:the_SoC_cpu_jtag_debug_module_tck|sr[28] ; altera_reserved_tck ; altera_reserved_tck ; 100.000      ; -0.065     ; 2.056      ;
; 97.886 ; sld_hub:auto_hub|sld_jtag_hub:\jtag_hub_gen:sld_jtag_hub_inst|sld_shadow_jsm:shadow_jsm|state[3]                                                                                                           ; SoC:inst|SoC_cpu:cpu|SoC_cpu_nios2_oci:the_SoC_cpu_nios2_oci|SoC_cpu_jtag_debug_module_wrapper:the_SoC_cpu_jtag_debug_module_wrapper|SoC_cpu_jtag_debug_module_tck:the_SoC_cpu_jtag_debug_module_tck|sr[30] ; altera_reserved_tck ; altera_reserved_tck ; 100.000      ; -0.065     ; 2.056      ;
; 97.893 ; sld_hub:auto_hub|sld_jtag_hub:\jtag_hub_gen:sld_jtag_hub_inst|virtual_ir_scan_reg                                                                                                                          ; sld_hub:auto_hub|sld_jtag_hub:\jtag_hub_gen:sld_jtag_hub_inst|irf_reg[2][4]                                                                                                                                 ; altera_reserved_tck ; altera_reserved_tck ; 100.000      ; -0.047     ; 2.067      ;
; 97.893 ; sld_hub:auto_hub|sld_jtag_hub:\jtag_hub_gen:sld_jtag_hub_inst|virtual_ir_scan_reg                                                                                                                          ; sld_hub:auto_hub|sld_jtag_hub:\jtag_hub_gen:sld_jtag_hub_inst|irf_reg[2][3]                                                                                                                                 ; altera_reserved_tck ; altera_reserved_tck ; 100.000      ; -0.047     ; 2.067      ;
; 97.893 ; sld_hub:auto_hub|sld_jtag_hub:\jtag_hub_gen:sld_jtag_hub_inst|virtual_ir_scan_reg                                                                                                                          ; sld_hub:auto_hub|sld_jtag_hub:\jtag_hub_gen:sld_jtag_hub_inst|irf_reg[2][2]                                                                                                                                 ; altera_reserved_tck ; altera_reserved_tck ; 100.000      ; -0.047     ; 2.067      ;
; 97.893 ; sld_hub:auto_hub|sld_jtag_hub:\jtag_hub_gen:sld_jtag_hub_inst|virtual_ir_scan_reg                                                                                                                          ; sld_hub:auto_hub|sld_jtag_hub:\jtag_hub_gen:sld_jtag_hub_inst|irf_reg[2][1]                                                                                                                                 ; altera_reserved_tck ; altera_reserved_tck ; 100.000      ; -0.047     ; 2.067      ;
; 97.893 ; sld_hub:auto_hub|sld_jtag_hub:\jtag_hub_gen:sld_jtag_hub_inst|virtual_ir_scan_reg                                                                                                                          ; sld_hub:auto_hub|sld_jtag_hub:\jtag_hub_gen:sld_jtag_hub_inst|irf_reg[2][0]                                                                                                                                 ; altera_reserved_tck ; altera_reserved_tck ; 100.000      ; -0.047     ; 2.067      ;
; 97.905 ; sld_hub:auto_hub|sld_jtag_hub:\jtag_hub_gen:sld_jtag_hub_inst|sld_shadow_jsm:shadow_jsm|state[8]                                                                                                           ; sld_hub:auto_hub|sld_jtag_hub:\jtag_hub_gen:sld_jtag_hub_inst|sld_rom_sr:hub_info_reg|WORD_SR[2]                                                                                                            ; altera_reserved_tck ; altera_reserved_tck ; 100.000      ; -0.045     ; 2.057      ;
; 97.913 ; sld_hub:auto_hub|sld_jtag_hub:\jtag_hub_gen:sld_jtag_hub_inst|sld_shadow_jsm:shadow_jsm|state[3]                                                                                                           ; SoC:inst|SoC_cpu:cpu|SoC_cpu_nios2_oci:the_SoC_cpu_nios2_oci|SoC_cpu_jtag_debug_module_wrapper:the_SoC_cpu_jtag_debug_module_wrapper|SoC_cpu_jtag_debug_module_tck:the_SoC_cpu_jtag_debug_module_tck|sr[17] ; altera_reserved_tck ; altera_reserved_tck ; 100.000      ; -0.073     ; 2.021      ;
; 97.913 ; sld_hub:auto_hub|sld_jtag_hub:\jtag_hub_gen:sld_jtag_hub_inst|sld_shadow_jsm:shadow_jsm|state[3]                                                                                                           ; SoC:inst|SoC_cpu:cpu|SoC_cpu_nios2_oci:the_SoC_cpu_nios2_oci|SoC_cpu_jtag_debug_module_wrapper:the_SoC_cpu_jtag_debug_module_wrapper|SoC_cpu_jtag_debug_module_tck:the_SoC_cpu_jtag_debug_module_tck|sr[20] ; altera_reserved_tck ; altera_reserved_tck ; 100.000      ; -0.073     ; 2.021      ;
; 97.913 ; sld_hub:auto_hub|sld_jtag_hub:\jtag_hub_gen:sld_jtag_hub_inst|sld_shadow_jsm:shadow_jsm|state[3]                                                                                                           ; SoC:inst|SoC_cpu:cpu|SoC_cpu_nios2_oci:the_SoC_cpu_nios2_oci|SoC_cpu_jtag_debug_module_wrapper:the_SoC_cpu_jtag_debug_module_wrapper|SoC_cpu_jtag_debug_module_tck:the_SoC_cpu_jtag_debug_module_tck|sr[19] ; altera_reserved_tck ; altera_reserved_tck ; 100.000      ; -0.073     ; 2.021      ;
+--------+------------------------------------------------------------------------------------------------------------------------------------------------------------------------------------------------------------+-------------------------------------------------------------------------------------------------------------------------------------------------------------------------------------------------------------+---------------------+---------------------+--------------+------------+------------+


+------------------------------------------------------------------------------------------------------------------------------------------------------------------------------------------------------------------------------------------------------------------------------------------------------------------------------------------------------------------------------------------------------------------------------------------------------------------------------------------------------------------------------------------------------------------------------------------------------------------------------------+
; Fast 1200mV 0C Model Hold: 'altera_reserved_tck'                                                                                                                                                                                                                                                                                                                                                                                                                                                                                                                                                                                   ;
+-------+-------------------------------------------------------------------------------------------------------------------------------------------------------------------------------------------------------------------------------------------------------------------+-------------------------------------------------------------------------------------------------------------------------------------------------------------------------------------------------------------------------------------------------------------------+---------------------+---------------------+--------------+------------+------------+
; Slack ; From Node                                                                                                                                                                                                                                                         ; To Node                                                                                                                                                                                                                                                           ; Launch Clock        ; Latch Clock         ; Relationship ; Clock Skew ; Data Delay ;
+-------+-------------------------------------------------------------------------------------------------------------------------------------------------------------------------------------------------------------------------------------------------------------------+-------------------------------------------------------------------------------------------------------------------------------------------------------------------------------------------------------------------------------------------------------------------+---------------------+---------------------+--------------+------------+------------+
; 0.181 ; SoC:inst|SoC_jtag_uart:jtag_uart|alt_jtag_atlantic:SoC_jtag_uart_alt_jtag_atlantic|jupdate                                                                                                                                                                        ; SoC:inst|SoC_jtag_uart:jtag_uart|alt_jtag_atlantic:SoC_jtag_uart_alt_jtag_atlantic|jupdate                                                                                                                                                                        ; altera_reserved_tck ; altera_reserved_tck ; 0.000        ; 0.042      ; 0.307      ;
; 0.182 ; sld_hub:auto_hub|sld_jtag_hub:\jtag_hub_gen:sld_jtag_hub_inst|hub_mode_reg[1]                                                                                                                                                                                     ; sld_hub:auto_hub|sld_jtag_hub:\jtag_hub_gen:sld_jtag_hub_inst|hub_mode_reg[1]                                                                                                                                                                                     ; altera_reserved_tck ; altera_reserved_tck ; 0.000        ; 0.041      ; 0.307      ;
; 0.182 ; sld_hub:auto_hub|sld_jtag_hub:\jtag_hub_gen:sld_jtag_hub_inst|tdo_bypass_reg                                                                                                                                                                                      ; sld_hub:auto_hub|sld_jtag_hub:\jtag_hub_gen:sld_jtag_hub_inst|tdo_bypass_reg                                                                                                                                                                                      ; altera_reserved_tck ; altera_reserved_tck ; 0.000        ; 0.041      ; 0.307      ;
; 0.183 ; sld_hub:auto_hub|sld_jtag_hub:\jtag_hub_gen:sld_jtag_hub_inst|hub_mode_reg[2]                                                                                                                                                                                     ; sld_hub:auto_hub|sld_jtag_hub:\jtag_hub_gen:sld_jtag_hub_inst|hub_mode_reg[2]                                                                                                                                                                                     ; altera_reserved_tck ; altera_reserved_tck ; 0.000        ; 0.040      ; 0.307      ;
; 0.183 ; SoC:inst|SoC_jtag_uart:jtag_uart|alt_jtag_atlantic:SoC_jtag_uart_alt_jtag_atlantic|state                                                                                                                                                                          ; SoC:inst|SoC_jtag_uart:jtag_uart|alt_jtag_atlantic:SoC_jtag_uart_alt_jtag_atlantic|state                                                                                                                                                                          ; altera_reserved_tck ; altera_reserved_tck ; 0.000        ; 0.040      ; 0.307      ;
; 0.183 ; SoC:inst|SoC_jtag_uart:jtag_uart|alt_jtag_atlantic:SoC_jtag_uart_alt_jtag_atlantic|write_stalled                                                                                                                                                                  ; SoC:inst|SoC_jtag_uart:jtag_uart|alt_jtag_atlantic:SoC_jtag_uart_alt_jtag_atlantic|write_stalled                                                                                                                                                                  ; altera_reserved_tck ; altera_reserved_tck ; 0.000        ; 0.040      ; 0.307      ;
; 0.183 ; sld_hub:auto_hub|sld_jtag_hub:\jtag_hub_gen:sld_jtag_hub_inst|hub_mode_reg[0]                                                                                                                                                                                     ; sld_hub:auto_hub|sld_jtag_hub:\jtag_hub_gen:sld_jtag_hub_inst|hub_mode_reg[0]                                                                                                                                                                                     ; altera_reserved_tck ; altera_reserved_tck ; 0.000        ; 0.040      ; 0.307      ;
; 0.183 ; sld_hub:auto_hub|sld_jtag_hub:\jtag_hub_gen:sld_jtag_hub_inst|irsr_reg[5]                                                                                                                                                                                         ; sld_hub:auto_hub|sld_jtag_hub:\jtag_hub_gen:sld_jtag_hub_inst|irsr_reg[5]                                                                                                                                                                                         ; altera_reserved_tck ; altera_reserved_tck ; 0.000        ; 0.040      ; 0.307      ;
; 0.183 ; sld_hub:auto_hub|sld_jtag_hub:\jtag_hub_gen:sld_jtag_hub_inst|irsr_reg[4]                                                                                                                                                                                         ; sld_hub:auto_hub|sld_jtag_hub:\jtag_hub_gen:sld_jtag_hub_inst|irsr_reg[4]                                                                                                                                                                                         ; altera_reserved_tck ; altera_reserved_tck ; 0.000        ; 0.040      ; 0.307      ;
; 0.183 ; sld_hub:auto_hub|sld_jtag_hub:\jtag_hub_gen:sld_jtag_hub_inst|irsr_reg[6]                                                                                                                                                                                         ; sld_hub:auto_hub|sld_jtag_hub:\jtag_hub_gen:sld_jtag_hub_inst|irsr_reg[6]                                                                                                                                                                                         ; altera_reserved_tck ; altera_reserved_tck ; 0.000        ; 0.040      ; 0.307      ;
; 0.183 ; sld_hub:auto_hub|sld_jtag_hub:\jtag_hub_gen:sld_jtag_hub_inst|sld_shadow_jsm:shadow_jsm|state[13]                                                                                                                                                                 ; sld_hub:auto_hub|sld_jtag_hub:\jtag_hub_gen:sld_jtag_hub_inst|sld_shadow_jsm:shadow_jsm|state[13]                                                                                                                                                                 ; altera_reserved_tck ; altera_reserved_tck ; 0.000        ; 0.040      ; 0.307      ;
; 0.183 ; sld_hub:auto_hub|sld_jtag_hub:\jtag_hub_gen:sld_jtag_hub_inst|sld_shadow_jsm:shadow_jsm|state[11]                                                                                                                                                                 ; sld_hub:auto_hub|sld_jtag_hub:\jtag_hub_gen:sld_jtag_hub_inst|sld_shadow_jsm:shadow_jsm|state[11]                                                                                                                                                                 ; altera_reserved_tck ; altera_reserved_tck ; 0.000        ; 0.040      ; 0.307      ;
; 0.183 ; sld_hub:auto_hub|sld_jtag_hub:\jtag_hub_gen:sld_jtag_hub_inst|sld_shadow_jsm:shadow_jsm|state[4]                                                                                                                                                                  ; sld_hub:auto_hub|sld_jtag_hub:\jtag_hub_gen:sld_jtag_hub_inst|sld_shadow_jsm:shadow_jsm|state[4]                                                                                                                                                                  ; altera_reserved_tck ; altera_reserved_tck ; 0.000        ; 0.040      ; 0.307      ;
; 0.183 ; sld_hub:auto_hub|sld_jtag_hub:\jtag_hub_gen:sld_jtag_hub_inst|sld_shadow_jsm:shadow_jsm|state[1]                                                                                                                                                                  ; sld_hub:auto_hub|sld_jtag_hub:\jtag_hub_gen:sld_jtag_hub_inst|sld_shadow_jsm:shadow_jsm|state[1]                                                                                                                                                                  ; altera_reserved_tck ; altera_reserved_tck ; 0.000        ; 0.040      ; 0.307      ;
; 0.183 ; sld_hub:auto_hub|sld_jtag_hub:\jtag_hub_gen:sld_jtag_hub_inst|sld_shadow_jsm:shadow_jsm|state[0]                                                                                                                                                                  ; sld_hub:auto_hub|sld_jtag_hub:\jtag_hub_gen:sld_jtag_hub_inst|sld_shadow_jsm:shadow_jsm|state[0]                                                                                                                                                                  ; altera_reserved_tck ; altera_reserved_tck ; 0.000        ; 0.040      ; 0.307      ;
; 0.183 ; sld_hub:auto_hub|sld_jtag_hub:\jtag_hub_gen:sld_jtag_hub_inst|sld_shadow_jsm:shadow_jsm|tms_cnt[2]                                                                                                                                                                ; sld_hub:auto_hub|sld_jtag_hub:\jtag_hub_gen:sld_jtag_hub_inst|sld_shadow_jsm:shadow_jsm|tms_cnt[2]                                                                                                                                                                ; altera_reserved_tck ; altera_reserved_tck ; 0.000        ; 0.040      ; 0.307      ;
; 0.183 ; sld_hub:auto_hub|sld_jtag_hub:\jtag_hub_gen:sld_jtag_hub_inst|sld_shadow_jsm:shadow_jsm|tms_cnt[1]                                                                                                                                                                ; sld_hub:auto_hub|sld_jtag_hub:\jtag_hub_gen:sld_jtag_hub_inst|sld_shadow_jsm:shadow_jsm|tms_cnt[1]                                                                                                                                                                ; altera_reserved_tck ; altera_reserved_tck ; 0.000        ; 0.040      ; 0.307      ;
; 0.183 ; sld_hub:auto_hub|sld_jtag_hub:\jtag_hub_gen:sld_jtag_hub_inst|sld_shadow_jsm:shadow_jsm|state[6]                                                                                                                                                                  ; sld_hub:auto_hub|sld_jtag_hub:\jtag_hub_gen:sld_jtag_hub_inst|sld_shadow_jsm:shadow_jsm|state[6]                                                                                                                                                                  ; altera_reserved_tck ; altera_reserved_tck ; 0.000        ; 0.040      ; 0.307      ;
; 0.184 ; SoC:inst|SoC_jtag_uart:jtag_uart|alt_jtag_atlantic:SoC_jtag_uart_alt_jtag_atlantic|user_saw_rvalid                                                                                                                                                                ; SoC:inst|SoC_jtag_uart:jtag_uart|alt_jtag_atlantic:SoC_jtag_uart_alt_jtag_atlantic|user_saw_rvalid                                                                                                                                                                ; altera_reserved_tck ; altera_reserved_tck ; 0.000        ; 0.039      ; 0.307      ;
; 0.184 ; SoC:inst|SoC_cpu:cpu|SoC_cpu_nios2_oci:the_SoC_cpu_nios2_oci|SoC_cpu_jtag_debug_module_wrapper:the_SoC_cpu_jtag_debug_module_wrapper|SoC_cpu_jtag_debug_module_tck:the_SoC_cpu_jtag_debug_module_tck|sr[31]                                                       ; SoC:inst|SoC_cpu:cpu|SoC_cpu_nios2_oci:the_SoC_cpu_nios2_oci|SoC_cpu_jtag_debug_module_wrapper:the_SoC_cpu_jtag_debug_module_wrapper|SoC_cpu_jtag_debug_module_tck:the_SoC_cpu_jtag_debug_module_tck|sr[31]                                                       ; altera_reserved_tck ; altera_reserved_tck ; 0.000        ; 0.039      ; 0.307      ;
; 0.184 ; SoC:inst|SoC_cpu:cpu|SoC_cpu_nios2_oci:the_SoC_cpu_nios2_oci|SoC_cpu_jtag_debug_module_wrapper:the_SoC_cpu_jtag_debug_module_wrapper|SoC_cpu_jtag_debug_module_tck:the_SoC_cpu_jtag_debug_module_tck|sr[7]                                                        ; SoC:inst|SoC_cpu:cpu|SoC_cpu_nios2_oci:the_SoC_cpu_nios2_oci|SoC_cpu_jtag_debug_module_wrapper:the_SoC_cpu_jtag_debug_module_wrapper|SoC_cpu_jtag_debug_module_tck:the_SoC_cpu_jtag_debug_module_tck|sr[7]                                                        ; altera_reserved_tck ; altera_reserved_tck ; 0.000        ; 0.039      ; 0.307      ;
; 0.189 ; sld_hub:auto_hub|sld_jtag_hub:\jtag_hub_gen:sld_jtag_hub_inst|irf_reg[2][1]                                                                                                                                                                                       ; sld_hub:auto_hub|sld_jtag_hub:\jtag_hub_gen:sld_jtag_hub_inst|shadow_irf_reg[2][1]                                                                                                                                                                                ; altera_reserved_tck ; altera_reserved_tck ; 0.000        ; 0.041      ; 0.314      ;
; 0.189 ; sld_hub:auto_hub|sld_jtag_hub:\jtag_hub_gen:sld_jtag_hub_inst|hub_minor_ver_reg[1]                                                                                                                                                                                ; sld_hub:auto_hub|sld_jtag_hub:\jtag_hub_gen:sld_jtag_hub_inst|hub_minor_ver_reg[0]                                                                                                                                                                                ; altera_reserved_tck ; altera_reserved_tck ; 0.000        ; 0.040      ; 0.313      ;
; 0.189 ; sld_hub:auto_hub|sld_jtag_hub:\jtag_hub_gen:sld_jtag_hub_inst|sld_shadow_jsm:shadow_jsm|tms_cnt[1]                                                                                                                                                                ; sld_hub:auto_hub|sld_jtag_hub:\jtag_hub_gen:sld_jtag_hub_inst|sld_shadow_jsm:shadow_jsm|tms_cnt[2]                                                                                                                                                                ; altera_reserved_tck ; altera_reserved_tck ; 0.000        ; 0.040      ; 0.313      ;
; 0.190 ; sld_hub:auto_hub|sld_jtag_hub:\jtag_hub_gen:sld_jtag_hub_inst|irf_reg[2][2]                                                                                                                                                                                       ; sld_hub:auto_hub|sld_jtag_hub:\jtag_hub_gen:sld_jtag_hub_inst|shadow_irf_reg[2][2]                                                                                                                                                                                ; altera_reserved_tck ; altera_reserved_tck ; 0.000        ; 0.041      ; 0.315      ;
; 0.190 ; SoC:inst|SoC_jtag_uart:jtag_uart|alt_jtag_atlantic:SoC_jtag_uart_alt_jtag_atlantic|count[4]                                                                                                                                                                       ; SoC:inst|SoC_jtag_uart:jtag_uart|alt_jtag_atlantic:SoC_jtag_uart_alt_jtag_atlantic|count[5]                                                                                                                                                                       ; altera_reserved_tck ; altera_reserved_tck ; 0.000        ; 0.039      ; 0.313      ;
; 0.190 ; SoC:inst|SoC_jtag_uart:jtag_uart|alt_jtag_atlantic:SoC_jtag_uart_alt_jtag_atlantic|write                                                                                                                                                                          ; SoC:inst|SoC_jtag_uart:jtag_uart|alt_jtag_atlantic:SoC_jtag_uart_alt_jtag_atlantic|write                                                                                                                                                                          ; altera_reserved_tck ; altera_reserved_tck ; 0.000        ; 0.040      ; 0.314      ;
; 0.190 ; sld_hub:auto_hub|sld_jtag_hub:\jtag_hub_gen:sld_jtag_hub_inst|hub_minor_ver_reg[2]                                                                                                                                                                                ; sld_hub:auto_hub|sld_jtag_hub:\jtag_hub_gen:sld_jtag_hub_inst|hub_minor_ver_reg[1]                                                                                                                                                                                ; altera_reserved_tck ; altera_reserved_tck ; 0.000        ; 0.040      ; 0.314      ;
; 0.190 ; sld_hub:auto_hub|sld_jtag_hub:\jtag_hub_gen:sld_jtag_hub_inst|identity_contrib_shift_reg[0]                                                                                                                                                                       ; sld_hub:auto_hub|sld_jtag_hub:\jtag_hub_gen:sld_jtag_hub_inst|identity_contrib_update_reg[0]                                                                                                                                                                      ; altera_reserved_tck ; altera_reserved_tck ; 0.000        ; 0.040      ; 0.314      ;
; 0.190 ; sld_hub:auto_hub|sld_jtag_hub:\jtag_hub_gen:sld_jtag_hub_inst|sld_shadow_jsm:shadow_jsm|tms_cnt[0]                                                                                                                                                                ; sld_hub:auto_hub|sld_jtag_hub:\jtag_hub_gen:sld_jtag_hub_inst|sld_shadow_jsm:shadow_jsm|tms_cnt[0]                                                                                                                                                                ; altera_reserved_tck ; altera_reserved_tck ; 0.000        ; 0.040      ; 0.314      ;
; 0.191 ; SoC:inst|SoC_jtag_uart:jtag_uart|alt_jtag_atlantic:SoC_jtag_uart_alt_jtag_atlantic|read                                                                                                                                                                           ; SoC:inst|SoC_jtag_uart:jtag_uart|alt_jtag_atlantic:SoC_jtag_uart_alt_jtag_atlantic|read                                                                                                                                                                           ; altera_reserved_tck ; altera_reserved_tck ; 0.000        ; 0.039      ; 0.314      ;
; 0.191 ; sld_hub:auto_hub|sld_jtag_hub:\jtag_hub_gen:sld_jtag_hub_inst|hub_mode_reg[2]                                                                                                                                                                                     ; sld_hub:auto_hub|sld_jtag_hub:\jtag_hub_gen:sld_jtag_hub_inst|clr_reg                                                                                                                                                                                             ; altera_reserved_tck ; altera_reserved_tck ; 0.000        ; 0.040      ; 0.315      ;
; 0.192 ; SoC:inst|SoC_jtag_uart:jtag_uart|alt_jtag_atlantic:SoC_jtag_uart_alt_jtag_atlantic|count[7]                                                                                                                                                                       ; SoC:inst|SoC_jtag_uart:jtag_uart|alt_jtag_atlantic:SoC_jtag_uart_alt_jtag_atlantic|count[8]                                                                                                                                                                       ; altera_reserved_tck ; altera_reserved_tck ; 0.000        ; 0.039      ; 0.315      ;
; 0.192 ; SoC:inst|SoC_jtag_uart:jtag_uart|alt_jtag_atlantic:SoC_jtag_uart_alt_jtag_atlantic|count[5]                                                                                                                                                                       ; SoC:inst|SoC_jtag_uart:jtag_uart|alt_jtag_atlantic:SoC_jtag_uart_alt_jtag_atlantic|count[6]                                                                                                                                                                       ; altera_reserved_tck ; altera_reserved_tck ; 0.000        ; 0.039      ; 0.315      ;
; 0.192 ; sld_hub:auto_hub|sld_jtag_hub:\jtag_hub_gen:sld_jtag_hub_inst|jtag_ir_reg[4]                                                                                                                                                                                      ; sld_hub:auto_hub|sld_jtag_hub:\jtag_hub_gen:sld_jtag_hub_inst|jtag_ir_reg[3]                                                                                                                                                                                      ; altera_reserved_tck ; altera_reserved_tck ; 0.000        ; 0.041      ; 0.317      ;
; 0.192 ; SoC:inst|SoC_cpu:cpu|SoC_cpu_nios2_oci:the_SoC_cpu_nios2_oci|SoC_cpu_jtag_debug_module_wrapper:the_SoC_cpu_jtag_debug_module_wrapper|SoC_cpu_jtag_debug_module_tck:the_SoC_cpu_jtag_debug_module_tck|altera_std_synchronizer:the_altera_std_synchronizer2|din_s1  ; SoC:inst|SoC_cpu:cpu|SoC_cpu_nios2_oci:the_SoC_cpu_nios2_oci|SoC_cpu_jtag_debug_module_wrapper:the_SoC_cpu_jtag_debug_module_wrapper|SoC_cpu_jtag_debug_module_tck:the_SoC_cpu_jtag_debug_module_tck|altera_std_synchronizer:the_altera_std_synchronizer2|dreg[0] ; altera_reserved_tck ; altera_reserved_tck ; 0.000        ; 0.040      ; 0.316      ;
; 0.193 ; sld_hub:auto_hub|sld_jtag_hub:\jtag_hub_gen:sld_jtag_hub_inst|jtag_ir_reg[2]                                                                                                                                                                                      ; sld_hub:auto_hub|sld_jtag_hub:\jtag_hub_gen:sld_jtag_hub_inst|jtag_ir_reg[1]                                                                                                                                                                                      ; altera_reserved_tck ; altera_reserved_tck ; 0.000        ; 0.041      ; 0.318      ;
; 0.193 ; SoC:inst|SoC_cpu:cpu|SoC_cpu_nios2_oci:the_SoC_cpu_nios2_oci|SoC_cpu_jtag_debug_module_wrapper:the_SoC_cpu_jtag_debug_module_wrapper|SoC_cpu_jtag_debug_module_tck:the_SoC_cpu_jtag_debug_module_tck|altera_std_synchronizer:the_altera_std_synchronizer1|din_s1  ; SoC:inst|SoC_cpu:cpu|SoC_cpu_nios2_oci:the_SoC_cpu_nios2_oci|SoC_cpu_jtag_debug_module_wrapper:the_SoC_cpu_jtag_debug_module_wrapper|SoC_cpu_jtag_debug_module_tck:the_SoC_cpu_jtag_debug_module_tck|altera_std_synchronizer:the_altera_std_synchronizer1|dreg[0] ; altera_reserved_tck ; altera_reserved_tck ; 0.000        ; 0.040      ; 0.317      ;
; 0.193 ; sld_hub:auto_hub|sld_jtag_hub:\jtag_hub_gen:sld_jtag_hub_inst|sld_shadow_jsm:shadow_jsm|state[12]                                                                                                                                                                 ; sld_hub:auto_hub|sld_jtag_hub:\jtag_hub_gen:sld_jtag_hub_inst|sld_shadow_jsm:shadow_jsm|state[13]                                                                                                                                                                 ; altera_reserved_tck ; altera_reserved_tck ; 0.000        ; 0.040      ; 0.317      ;
; 0.194 ; sld_hub:auto_hub|sld_jtag_hub:\jtag_hub_gen:sld_jtag_hub_inst|identity_contrib_shift_reg[2]                                                                                                                                                                       ; sld_hub:auto_hub|sld_jtag_hub:\jtag_hub_gen:sld_jtag_hub_inst|identity_contrib_shift_reg[1]                                                                                                                                                                       ; altera_reserved_tck ; altera_reserved_tck ; 0.000        ; 0.040      ; 0.318      ;
; 0.194 ; sld_hub:auto_hub|sld_jtag_hub:\jtag_hub_gen:sld_jtag_hub_inst|sld_shadow_jsm:shadow_jsm|state[9]                                                                                                                                                                  ; sld_hub:auto_hub|sld_jtag_hub:\jtag_hub_gen:sld_jtag_hub_inst|sld_shadow_jsm:shadow_jsm|state[10]                                                                                                                                                                 ; altera_reserved_tck ; altera_reserved_tck ; 0.000        ; 0.040      ; 0.318      ;
; 0.195 ; sld_hub:auto_hub|sld_jtag_hub:\jtag_hub_gen:sld_jtag_hub_inst|identity_contrib_shift_reg[2]                                                                                                                                                                       ; sld_hub:auto_hub|sld_jtag_hub:\jtag_hub_gen:sld_jtag_hub_inst|identity_contrib_update_reg[2]                                                                                                                                                                      ; altera_reserved_tck ; altera_reserved_tck ; 0.000        ; 0.040      ; 0.319      ;
; 0.195 ; sld_hub:auto_hub|sld_jtag_hub:\jtag_hub_gen:sld_jtag_hub_inst|sld_shadow_jsm:shadow_jsm|tms_cnt[0]                                                                                                                                                                ; sld_hub:auto_hub|sld_jtag_hub:\jtag_hub_gen:sld_jtag_hub_inst|sld_shadow_jsm:shadow_jsm|tms_cnt[1]                                                                                                                                                                ; altera_reserved_tck ; altera_reserved_tck ; 0.000        ; 0.040      ; 0.319      ;
; 0.195 ; SoC:inst|SoC_cpu:cpu|SoC_cpu_nios2_oci:the_SoC_cpu_nios2_oci|SoC_cpu_jtag_debug_module_wrapper:the_SoC_cpu_jtag_debug_module_wrapper|SoC_cpu_jtag_debug_module_tck:the_SoC_cpu_jtag_debug_module_tck|sr[5]                                                        ; SoC:inst|SoC_cpu:cpu|SoC_cpu_nios2_oci:the_SoC_cpu_nios2_oci|SoC_cpu_jtag_debug_module_wrapper:the_SoC_cpu_jtag_debug_module_wrapper|SoC_cpu_jtag_debug_module_tck:the_SoC_cpu_jtag_debug_module_tck|sr[4]                                                        ; altera_reserved_tck ; altera_reserved_tck ; 0.000        ; 0.039      ; 0.318      ;
; 0.195 ; SoC:inst|SoC_cpu:cpu|SoC_cpu_nios2_oci:the_SoC_cpu_nios2_oci|SoC_cpu_jtag_debug_module_wrapper:the_SoC_cpu_jtag_debug_module_wrapper|SoC_cpu_jtag_debug_module_tck:the_SoC_cpu_jtag_debug_module_tck|sr[33]                                                       ; SoC:inst|SoC_cpu:cpu|SoC_cpu_nios2_oci:the_SoC_cpu_nios2_oci|SoC_cpu_jtag_debug_module_wrapper:the_SoC_cpu_jtag_debug_module_wrapper|SoC_cpu_jtag_debug_module_tck:the_SoC_cpu_jtag_debug_module_tck|sr[32]                                                       ; altera_reserved_tck ; altera_reserved_tck ; 0.000        ; 0.039      ; 0.318      ;
; 0.196 ; sld_hub:auto_hub|sld_jtag_hub:\jtag_hub_gen:sld_jtag_hub_inst|sld_shadow_jsm:shadow_jsm|state[12]                                                                                                                                                                 ; sld_hub:auto_hub|sld_jtag_hub:\jtag_hub_gen:sld_jtag_hub_inst|sld_shadow_jsm:shadow_jsm|state[15]                                                                                                                                                                 ; altera_reserved_tck ; altera_reserved_tck ; 0.000        ; 0.040      ; 0.320      ;
; 0.196 ; SoC:inst|SoC_cpu:cpu|SoC_cpu_nios2_oci:the_SoC_cpu_nios2_oci|SoC_cpu_jtag_debug_module_wrapper:the_SoC_cpu_jtag_debug_module_wrapper|SoC_cpu_jtag_debug_module_tck:the_SoC_cpu_jtag_debug_module_tck|sr[10]                                                       ; SoC:inst|SoC_cpu:cpu|SoC_cpu_nios2_oci:the_SoC_cpu_nios2_oci|SoC_cpu_jtag_debug_module_wrapper:the_SoC_cpu_jtag_debug_module_wrapper|SoC_cpu_jtag_debug_module_tck:the_SoC_cpu_jtag_debug_module_tck|sr[9]                                                        ; altera_reserved_tck ; altera_reserved_tck ; 0.000        ; 0.039      ; 0.319      ;
; 0.196 ; SoC:inst|SoC_cpu:cpu|SoC_cpu_nios2_oci:the_SoC_cpu_nios2_oci|SoC_cpu_jtag_debug_module_wrapper:the_SoC_cpu_jtag_debug_module_wrapper|SoC_cpu_jtag_debug_module_tck:the_SoC_cpu_jtag_debug_module_tck|sr[9]                                                        ; SoC:inst|SoC_cpu:cpu|SoC_cpu_nios2_oci:the_SoC_cpu_nios2_oci|SoC_cpu_jtag_debug_module_wrapper:the_SoC_cpu_jtag_debug_module_wrapper|SoC_cpu_jtag_debug_module_tck:the_SoC_cpu_jtag_debug_module_tck|sr[8]                                                        ; altera_reserved_tck ; altera_reserved_tck ; 0.000        ; 0.039      ; 0.319      ;
; 0.196 ; SoC:inst|SoC_cpu:cpu|SoC_cpu_nios2_oci:the_SoC_cpu_nios2_oci|SoC_cpu_jtag_debug_module_wrapper:the_SoC_cpu_jtag_debug_module_wrapper|SoC_cpu_jtag_debug_module_tck:the_SoC_cpu_jtag_debug_module_tck|sr[29]                                                       ; SoC:inst|SoC_cpu:cpu|SoC_cpu_nios2_oci:the_SoC_cpu_nios2_oci|SoC_cpu_jtag_debug_module_wrapper:the_SoC_cpu_jtag_debug_module_wrapper|SoC_cpu_jtag_debug_module_tck:the_SoC_cpu_jtag_debug_module_tck|sr[28]                                                       ; altera_reserved_tck ; altera_reserved_tck ; 0.000        ; 0.039      ; 0.319      ;
; 0.197 ; sld_hub:auto_hub|sld_jtag_hub:\jtag_hub_gen:sld_jtag_hub_inst|sld_shadow_jsm:shadow_jsm|state[7]                                                                                                                                                                  ; sld_hub:auto_hub|sld_jtag_hub:\jtag_hub_gen:sld_jtag_hub_inst|reset_ena_reg                                                                                                                                                                                       ; altera_reserved_tck ; altera_reserved_tck ; 0.000        ; 0.040      ; 0.321      ;
; 0.197 ; sld_hub:auto_hub|sld_jtag_hub:\jtag_hub_gen:sld_jtag_hub_inst|sld_shadow_jsm:shadow_jsm|state[7]                                                                                                                                                                  ; sld_hub:auto_hub|sld_jtag_hub:\jtag_hub_gen:sld_jtag_hub_inst|sld_shadow_jsm:shadow_jsm|state[8]                                                                                                                                                                  ; altera_reserved_tck ; altera_reserved_tck ; 0.000        ; 0.040      ; 0.321      ;
; 0.197 ; sld_hub:auto_hub|sld_jtag_hub:\jtag_hub_gen:sld_jtag_hub_inst|sld_shadow_jsm:shadow_jsm|state[9]                                                                                                                                                                  ; sld_hub:auto_hub|sld_jtag_hub:\jtag_hub_gen:sld_jtag_hub_inst|sld_shadow_jsm:shadow_jsm|state[0]                                                                                                                                                                  ; altera_reserved_tck ; altera_reserved_tck ; 0.000        ; 0.040      ; 0.321      ;
; 0.197 ; SoC:inst|SoC_cpu:cpu|SoC_cpu_nios2_oci:the_SoC_cpu_nios2_oci|SoC_cpu_jtag_debug_module_wrapper:the_SoC_cpu_jtag_debug_module_wrapper|SoC_cpu_jtag_debug_module_tck:the_SoC_cpu_jtag_debug_module_tck|sr[6]                                                        ; SoC:inst|SoC_cpu:cpu|SoC_cpu_nios2_oci:the_SoC_cpu_nios2_oci|SoC_cpu_jtag_debug_module_wrapper:the_SoC_cpu_jtag_debug_module_wrapper|SoC_cpu_jtag_debug_module_tck:the_SoC_cpu_jtag_debug_module_tck|sr[5]                                                        ; altera_reserved_tck ; altera_reserved_tck ; 0.000        ; 0.039      ; 0.320      ;
; 0.198 ; sld_hub:auto_hub|sld_jtag_hub:\jtag_hub_gen:sld_jtag_hub_inst|jtag_ir_reg[1]                                                                                                                                                                                      ; sld_hub:auto_hub|sld_jtag_hub:\jtag_hub_gen:sld_jtag_hub_inst|virtual_dr_scan_reg                                                                                                                                                                                 ; altera_reserved_tck ; altera_reserved_tck ; 0.000        ; 0.041      ; 0.323      ;
; 0.198 ; sld_hub:auto_hub|sld_jtag_hub:\jtag_hub_gen:sld_jtag_hub_inst|sld_shadow_jsm:shadow_jsm|state[7]                                                                                                                                                                  ; sld_hub:auto_hub|sld_jtag_hub:\jtag_hub_gen:sld_jtag_hub_inst|sld_shadow_jsm:shadow_jsm|state[4]                                                                                                                                                                  ; altera_reserved_tck ; altera_reserved_tck ; 0.000        ; 0.040      ; 0.322      ;
; 0.200 ; sld_hub:auto_hub|sld_jtag_hub:\jtag_hub_gen:sld_jtag_hub_inst|jtag_ir_reg[1]                                                                                                                                                                                      ; sld_hub:auto_hub|sld_jtag_hub:\jtag_hub_gen:sld_jtag_hub_inst|virtual_ir_scan_reg                                                                                                                                                                                 ; altera_reserved_tck ; altera_reserved_tck ; 0.000        ; 0.041      ; 0.325      ;
; 0.200 ; sld_hub:auto_hub|sld_jtag_hub:\jtag_hub_gen:sld_jtag_hub_inst|jtag_ir_reg[1]                                                                                                                                                                                      ; sld_hub:auto_hub|sld_jtag_hub:\jtag_hub_gen:sld_jtag_hub_inst|jtag_ir_reg[0]                                                                                                                                                                                      ; altera_reserved_tck ; altera_reserved_tck ; 0.000        ; 0.041      ; 0.325      ;
; 0.201 ; sld_hub:auto_hub|sld_jtag_hub:\jtag_hub_gen:sld_jtag_hub_inst|irf_reg[1][1]                                                                                                                                                                                       ; sld_hub:auto_hub|sld_jtag_hub:\jtag_hub_gen:sld_jtag_hub_inst|shadow_irf_reg[1][1]                                                                                                                                                                                ; altera_reserved_tck ; altera_reserved_tck ; 0.000        ; 0.040      ; 0.325      ;
; 0.201 ; sld_hub:auto_hub|sld_jtag_hub:\jtag_hub_gen:sld_jtag_hub_inst|sld_shadow_jsm:shadow_jsm|state[11]                                                                                                                                                                 ; sld_hub:auto_hub|sld_jtag_hub:\jtag_hub_gen:sld_jtag_hub_inst|sld_shadow_jsm:shadow_jsm|state[12]                                                                                                                                                                 ; altera_reserved_tck ; altera_reserved_tck ; 0.000        ; 0.040      ; 0.325      ;
; 0.201 ; SoC:inst|SoC_cpu:cpu|SoC_cpu_nios2_oci:the_SoC_cpu_nios2_oci|SoC_cpu_jtag_debug_module_wrapper:the_SoC_cpu_jtag_debug_module_wrapper|SoC_cpu_jtag_debug_module_tck:the_SoC_cpu_jtag_debug_module_tck|sr[13]                                                       ; SoC:inst|SoC_cpu:cpu|SoC_cpu_nios2_oci:the_SoC_cpu_nios2_oci|SoC_cpu_jtag_debug_module_wrapper:the_SoC_cpu_jtag_debug_module_wrapper|SoC_cpu_jtag_debug_module_tck:the_SoC_cpu_jtag_debug_module_tck|sr[12]                                                       ; altera_reserved_tck ; altera_reserved_tck ; 0.000        ; 0.039      ; 0.324      ;
; 0.202 ; sld_hub:auto_hub|sld_jtag_hub:\jtag_hub_gen:sld_jtag_hub_inst|sld_shadow_jsm:shadow_jsm|state[2]                                                                                                                                                                  ; sld_hub:auto_hub|sld_jtag_hub:\jtag_hub_gen:sld_jtag_hub_inst|sld_shadow_jsm:shadow_jsm|state[9]                                                                                                                                                                  ; altera_reserved_tck ; altera_reserved_tck ; 0.000        ; 0.040      ; 0.326      ;
; 0.202 ; SoC:inst|SoC_jtag_uart:jtag_uart|alt_jtag_atlantic:SoC_jtag_uart_alt_jtag_atlantic|td_shift[9]                                                                                                                                                                    ; SoC:inst|SoC_jtag_uart:jtag_uart|alt_jtag_atlantic:SoC_jtag_uart_alt_jtag_atlantic|td_shift[8]                                                                                                                                                                    ; altera_reserved_tck ; altera_reserved_tck ; 0.000        ; 0.039      ; 0.325      ;
; 0.202 ; SoC:inst|SoC_cpu:cpu|SoC_cpu_nios2_oci:the_SoC_cpu_nios2_oci|SoC_cpu_jtag_debug_module_wrapper:the_SoC_cpu_jtag_debug_module_wrapper|SoC_cpu_jtag_debug_module_tck:the_SoC_cpu_jtag_debug_module_tck|sr[23]                                                       ; SoC:inst|SoC_cpu:cpu|SoC_cpu_nios2_oci:the_SoC_cpu_nios2_oci|SoC_cpu_jtag_debug_module_wrapper:the_SoC_cpu_jtag_debug_module_wrapper|SoC_cpu_jtag_debug_module_tck:the_SoC_cpu_jtag_debug_module_tck|sr[22]                                                       ; altera_reserved_tck ; altera_reserved_tck ; 0.000        ; 0.039      ; 0.325      ;
; 0.202 ; SoC:inst|SoC_cpu:cpu|SoC_cpu_nios2_oci:the_SoC_cpu_nios2_oci|SoC_cpu_jtag_debug_module_wrapper:the_SoC_cpu_jtag_debug_module_wrapper|SoC_cpu_jtag_debug_module_tck:the_SoC_cpu_jtag_debug_module_tck|sr[17]                                                       ; SoC:inst|SoC_cpu:cpu|SoC_cpu_nios2_oci:the_SoC_cpu_nios2_oci|SoC_cpu_jtag_debug_module_wrapper:the_SoC_cpu_jtag_debug_module_wrapper|SoC_cpu_jtag_debug_module_tck:the_SoC_cpu_jtag_debug_module_tck|sr[16]                                                       ; altera_reserved_tck ; altera_reserved_tck ; 0.000        ; 0.039      ; 0.325      ;
; 0.203 ; SoC:inst|SoC_jtag_uart:jtag_uart|alt_jtag_atlantic:SoC_jtag_uart_alt_jtag_atlantic|td_shift[10]                                                                                                                                                                   ; SoC:inst|SoC_jtag_uart:jtag_uart|alt_jtag_atlantic:SoC_jtag_uart_alt_jtag_atlantic|td_shift[9]                                                                                                                                                                    ; altera_reserved_tck ; altera_reserved_tck ; 0.000        ; 0.039      ; 0.326      ;
; 0.204 ; sld_hub:auto_hub|sld_jtag_hub:\jtag_hub_gen:sld_jtag_hub_inst|sld_rom_sr:hub_info_reg|word_counter[4]                                                                                                                                                             ; sld_hub:auto_hub|sld_jtag_hub:\jtag_hub_gen:sld_jtag_hub_inst|sld_rom_sr:hub_info_reg|word_counter[4]                                                                                                                                                             ; altera_reserved_tck ; altera_reserved_tck ; 0.000        ; 0.040      ; 0.328      ;
; 0.204 ; SoC:inst|SoC_cpu:cpu|SoC_cpu_nios2_oci:the_SoC_cpu_nios2_oci|SoC_cpu_jtag_debug_module_wrapper:the_SoC_cpu_jtag_debug_module_wrapper|SoC_cpu_jtag_debug_module_tck:the_SoC_cpu_jtag_debug_module_tck|sr[2]                                                        ; SoC:inst|SoC_cpu:cpu|SoC_cpu_nios2_oci:the_SoC_cpu_nios2_oci|SoC_cpu_jtag_debug_module_wrapper:the_SoC_cpu_jtag_debug_module_wrapper|SoC_cpu_jtag_debug_module_tck:the_SoC_cpu_jtag_debug_module_tck|sr[1]                                                        ; altera_reserved_tck ; altera_reserved_tck ; 0.000        ; 0.039      ; 0.327      ;
; 0.205 ; sld_hub:auto_hub|sld_jtag_hub:\jtag_hub_gen:sld_jtag_hub_inst|jtag_ir_reg[3]                                                                                                                                                                                      ; sld_hub:auto_hub|sld_jtag_hub:\jtag_hub_gen:sld_jtag_hub_inst|jtag_ir_reg[2]                                                                                                                                                                                      ; altera_reserved_tck ; altera_reserved_tck ; 0.000        ; 0.041      ; 0.330      ;
; 0.206 ; sld_hub:auto_hub|sld_jtag_hub:\jtag_hub_gen:sld_jtag_hub_inst|sld_shadow_jsm:shadow_jsm|state[15]                                                                                                                                                                 ; sld_hub:auto_hub|sld_jtag_hub:\jtag_hub_gen:sld_jtag_hub_inst|sld_shadow_jsm:shadow_jsm|state[2]                                                                                                                                                                  ; altera_reserved_tck ; altera_reserved_tck ; 0.000        ; 0.040      ; 0.330      ;
; 0.206 ; sld_hub:auto_hub|sld_jtag_hub:\jtag_hub_gen:sld_jtag_hub_inst|sld_shadow_jsm:shadow_jsm|state[8]                                                                                                                                                                  ; sld_hub:auto_hub|sld_jtag_hub:\jtag_hub_gen:sld_jtag_hub_inst|sld_shadow_jsm:shadow_jsm|state[1]                                                                                                                                                                  ; altera_reserved_tck ; altera_reserved_tck ; 0.000        ; 0.040      ; 0.330      ;
; 0.212 ; SoC:inst|SoC_jtag_uart:jtag_uart|alt_jtag_atlantic:SoC_jtag_uart_alt_jtag_atlantic|count[1]                                                                                                                                                                       ; SoC:inst|SoC_jtag_uart:jtag_uart|alt_jtag_atlantic:SoC_jtag_uart_alt_jtag_atlantic|count[2]                                                                                                                                                                       ; altera_reserved_tck ; altera_reserved_tck ; 0.000        ; 0.039      ; 0.335      ;
; 0.218 ; SoC:inst|SoC_jtag_uart:jtag_uart|alt_jtag_atlantic:SoC_jtag_uart_alt_jtag_atlantic|count[9]                                                                                                                                                                       ; SoC:inst|SoC_jtag_uart:jtag_uart|alt_jtag_atlantic:SoC_jtag_uart_alt_jtag_atlantic|count[0]                                                                                                                                                                       ; altera_reserved_tck ; altera_reserved_tck ; 0.000        ; 0.039      ; 0.341      ;
; 0.249 ; sld_hub:auto_hub|sld_jtag_hub:\jtag_hub_gen:sld_jtag_hub_inst|hub_minor_ver_reg[3]                                                                                                                                                                                ; sld_hub:auto_hub|sld_jtag_hub:\jtag_hub_gen:sld_jtag_hub_inst|hub_minor_ver_reg[2]                                                                                                                                                                                ; altera_reserved_tck ; altera_reserved_tck ; 0.000        ; 0.040      ; 0.373      ;
; 0.250 ; sld_hub:auto_hub|sld_jtag_hub:\jtag_hub_gen:sld_jtag_hub_inst|sld_shadow_jsm:shadow_jsm|state[6]                                                                                                                                                                  ; sld_hub:auto_hub|sld_jtag_hub:\jtag_hub_gen:sld_jtag_hub_inst|sld_shadow_jsm:shadow_jsm|state[7]                                                                                                                                                                  ; altera_reserved_tck ; altera_reserved_tck ; 0.000        ; 0.040      ; 0.374      ;
; 0.251 ; sld_hub:auto_hub|sld_jtag_hub:\jtag_hub_gen:sld_jtag_hub_inst|sld_shadow_jsm:shadow_jsm|state[13]                                                                                                                                                                 ; sld_hub:auto_hub|sld_jtag_hub:\jtag_hub_gen:sld_jtag_hub_inst|sld_shadow_jsm:shadow_jsm|state[14]                                                                                                                                                                 ; altera_reserved_tck ; altera_reserved_tck ; 0.000        ; 0.040      ; 0.375      ;
; 0.252 ; sld_hub:auto_hub|sld_jtag_hub:\jtag_hub_gen:sld_jtag_hub_inst|shadow_irf_reg[1][4]                                                                                                                                                                                ; sld_hub:auto_hub|sld_jtag_hub:\jtag_hub_gen:sld_jtag_hub_inst|irf_reg[1][4]                                                                                                                                                                                       ; altera_reserved_tck ; altera_reserved_tck ; 0.000        ; 0.040      ; 0.376      ;
; 0.252 ; sld_hub:auto_hub|sld_jtag_hub:\jtag_hub_gen:sld_jtag_hub_inst|jtag_ir_reg[0]                                                                                                                                                                                      ; sld_hub:auto_hub|sld_jtag_hub:\jtag_hub_gen:sld_jtag_hub_inst|virtual_ir_scan_reg                                                                                                                                                                                 ; altera_reserved_tck ; altera_reserved_tck ; 0.000        ; 0.041      ; 0.377      ;
; 0.254 ; SoC:inst|SoC_cpu:cpu|SoC_cpu_nios2_oci:the_SoC_cpu_nios2_oci|SoC_cpu_jtag_debug_module_wrapper:the_SoC_cpu_jtag_debug_module_wrapper|SoC_cpu_jtag_debug_module_tck:the_SoC_cpu_jtag_debug_module_tck|DRsize.000                                                   ; SoC:inst|SoC_cpu:cpu|SoC_cpu_nios2_oci:the_SoC_cpu_nios2_oci|SoC_cpu_jtag_debug_module_wrapper:the_SoC_cpu_jtag_debug_module_wrapper|SoC_cpu_jtag_debug_module_tck:the_SoC_cpu_jtag_debug_module_tck|sr[0]                                                        ; altera_reserved_tck ; altera_reserved_tck ; 0.000        ; 0.047      ; 0.385      ;
; 0.254 ; sld_hub:auto_hub|sld_jtag_hub:\jtag_hub_gen:sld_jtag_hub_inst|sld_shadow_jsm:shadow_jsm|state[14]                                                                                                                                                                 ; sld_hub:auto_hub|sld_jtag_hub:\jtag_hub_gen:sld_jtag_hub_inst|sld_shadow_jsm:shadow_jsm|state[15]                                                                                                                                                                 ; altera_reserved_tck ; altera_reserved_tck ; 0.000        ; 0.040      ; 0.378      ;
; 0.255 ; sld_hub:auto_hub|sld_jtag_hub:\jtag_hub_gen:sld_jtag_hub_inst|irf_reg[2][3]                                                                                                                                                                                       ; sld_hub:auto_hub|sld_jtag_hub:\jtag_hub_gen:sld_jtag_hub_inst|shadow_irf_reg[2][3]                                                                                                                                                                                ; altera_reserved_tck ; altera_reserved_tck ; 0.000        ; 0.041      ; 0.380      ;
; 0.255 ; sld_hub:auto_hub|sld_jtag_hub:\jtag_hub_gen:sld_jtag_hub_inst|jtag_ir_reg[0]                                                                                                                                                                                      ; sld_hub:auto_hub|sld_jtag_hub:\jtag_hub_gen:sld_jtag_hub_inst|virtual_dr_scan_reg                                                                                                                                                                                 ; altera_reserved_tck ; altera_reserved_tck ; 0.000        ; 0.041      ; 0.380      ;
; 0.256 ; SoC:inst|SoC_cpu:cpu|SoC_cpu_nios2_oci:the_SoC_cpu_nios2_oci|SoC_cpu_jtag_debug_module_wrapper:the_SoC_cpu_jtag_debug_module_wrapper|SoC_cpu_jtag_debug_module_tck:the_SoC_cpu_jtag_debug_module_tck|sr[11]                                                       ; SoC:inst|SoC_cpu:cpu|SoC_cpu_nios2_oci:the_SoC_cpu_nios2_oci|SoC_cpu_jtag_debug_module_wrapper:the_SoC_cpu_jtag_debug_module_wrapper|SoC_cpu_jtag_debug_module_tck:the_SoC_cpu_jtag_debug_module_tck|sr[10]                                                       ; altera_reserved_tck ; altera_reserved_tck ; 0.000        ; 0.039      ; 0.379      ;
; 0.257 ; sld_hub:auto_hub|sld_jtag_hub:\jtag_hub_gen:sld_jtag_hub_inst|jtag_ir_reg[5]                                                                                                                                                                                      ; sld_hub:auto_hub|sld_jtag_hub:\jtag_hub_gen:sld_jtag_hub_inst|jtag_ir_reg[4]                                                                                                                                                                                      ; altera_reserved_tck ; altera_reserved_tck ; 0.000        ; 0.041      ; 0.382      ;
; 0.258 ; sld_hub:auto_hub|sld_jtag_hub:\jtag_hub_gen:sld_jtag_hub_inst|sld_shadow_jsm:shadow_jsm|state[5]                                                                                                                                                                  ; sld_hub:auto_hub|sld_jtag_hub:\jtag_hub_gen:sld_jtag_hub_inst|sld_shadow_jsm:shadow_jsm|state[8]                                                                                                                                                                  ; altera_reserved_tck ; altera_reserved_tck ; 0.000        ; 0.040      ; 0.382      ;
; 0.262 ; SoC:inst|SoC_jtag_uart:jtag_uart|alt_jtag_atlantic:SoC_jtag_uart_alt_jtag_atlantic|td_shift[5]                                                                                                                                                                    ; SoC:inst|SoC_jtag_uart:jtag_uart|alt_jtag_atlantic:SoC_jtag_uart_alt_jtag_atlantic|wdata[1]                                                                                                                                                                       ; altera_reserved_tck ; altera_reserved_tck ; 0.000        ; 0.040      ; 0.386      ;
; 0.262 ; sld_hub:auto_hub|sld_jtag_hub:\jtag_hub_gen:sld_jtag_hub_inst|design_hash_reg[1]                                                                                                                                                                                  ; sld_hub:auto_hub|sld_jtag_hub:\jtag_hub_gen:sld_jtag_hub_inst|design_hash_reg[0]                                                                                                                                                                                  ; altera_reserved_tck ; altera_reserved_tck ; 0.000        ; 0.041      ; 0.387      ;
; 0.263 ; sld_hub:auto_hub|sld_jtag_hub:\jtag_hub_gen:sld_jtag_hub_inst|sld_shadow_jsm:shadow_jsm|state[10]                                                                                                                                                                 ; sld_hub:auto_hub|sld_jtag_hub:\jtag_hub_gen:sld_jtag_hub_inst|sld_shadow_jsm:shadow_jsm|state[12]                                                                                                                                                                 ; altera_reserved_tck ; altera_reserved_tck ; 0.000        ; 0.040      ; 0.387      ;
; 0.264 ; sld_hub:auto_hub|sld_jtag_hub:\jtag_hub_gen:sld_jtag_hub_inst|design_hash_reg[2]                                                                                                                                                                                  ; sld_hub:auto_hub|sld_jtag_hub:\jtag_hub_gen:sld_jtag_hub_inst|design_hash_reg[1]                                                                                                                                                                                  ; altera_reserved_tck ; altera_reserved_tck ; 0.000        ; 0.041      ; 0.389      ;
; 0.264 ; SoC:inst|SoC_cpu:cpu|SoC_cpu_nios2_oci:the_SoC_cpu_nios2_oci|SoC_cpu_jtag_debug_module_wrapper:the_SoC_cpu_jtag_debug_module_wrapper|SoC_cpu_jtag_debug_module_tck:the_SoC_cpu_jtag_debug_module_tck|altera_std_synchronizer:the_altera_std_synchronizer2|dreg[0] ; SoC:inst|SoC_cpu:cpu|SoC_cpu_nios2_oci:the_SoC_cpu_nios2_oci|SoC_cpu_jtag_debug_module_wrapper:the_SoC_cpu_jtag_debug_module_wrapper|SoC_cpu_jtag_debug_module_tck:the_SoC_cpu_jtag_debug_module_tck|ir_out[0]                                                    ; altera_reserved_tck ; altera_reserved_tck ; 0.000        ; 0.040      ; 0.388      ;
; 0.265 ; sld_hub:auto_hub|sld_jtag_hub:\jtag_hub_gen:sld_jtag_hub_inst|jtag_ir_reg[8]                                                                                                                                                                                      ; sld_hub:auto_hub|sld_jtag_hub:\jtag_hub_gen:sld_jtag_hub_inst|jtag_ir_reg[7]                                                                                                                                                                                      ; altera_reserved_tck ; altera_reserved_tck ; 0.000        ; 0.041      ; 0.390      ;
; 0.265 ; sld_hub:auto_hub|sld_jtag_hub:\jtag_hub_gen:sld_jtag_hub_inst|design_hash_reg[3]                                                                                                                                                                                  ; sld_hub:auto_hub|sld_jtag_hub:\jtag_hub_gen:sld_jtag_hub_inst|design_hash_reg[2]                                                                                                                                                                                  ; altera_reserved_tck ; altera_reserved_tck ; 0.000        ; 0.041      ; 0.390      ;
; 0.265 ; SoC:inst|SoC_cpu:cpu|SoC_cpu_nios2_oci:the_SoC_cpu_nios2_oci|SoC_cpu_jtag_debug_module_wrapper:the_SoC_cpu_jtag_debug_module_wrapper|SoC_cpu_jtag_debug_module_tck:the_SoC_cpu_jtag_debug_module_tck|altera_std_synchronizer:the_altera_std_synchronizer1|dreg[0] ; SoC:inst|SoC_cpu:cpu|SoC_cpu_nios2_oci:the_SoC_cpu_nios2_oci|SoC_cpu_jtag_debug_module_wrapper:the_SoC_cpu_jtag_debug_module_wrapper|SoC_cpu_jtag_debug_module_tck:the_SoC_cpu_jtag_debug_module_tck|ir_out[1]                                                    ; altera_reserved_tck ; altera_reserved_tck ; 0.000        ; 0.040      ; 0.389      ;
; 0.266 ; SoC:inst|SoC_jtag_uart:jtag_uart|alt_jtag_atlantic:SoC_jtag_uart_alt_jtag_atlantic|tck_t_dav                                                                                                                                                                      ; SoC:inst|SoC_jtag_uart:jtag_uart|alt_jtag_atlantic:SoC_jtag_uart_alt_jtag_atlantic|write_stalled                                                                                                                                                                  ; altera_reserved_tck ; altera_reserved_tck ; 0.000        ; 0.040      ; 0.390      ;
; 0.267 ; sld_hub:auto_hub|sld_jtag_hub:\jtag_hub_gen:sld_jtag_hub_inst|identity_contrib_shift_reg[1]                                                                                                                                                                       ; sld_hub:auto_hub|sld_jtag_hub:\jtag_hub_gen:sld_jtag_hub_inst|identity_contrib_update_reg[1]                                                                                                                                                                      ; altera_reserved_tck ; altera_reserved_tck ; 0.000        ; 0.040      ; 0.391      ;
; 0.267 ; sld_hub:auto_hub|sld_jtag_hub:\jtag_hub_gen:sld_jtag_hub_inst|identity_contrib_shift_reg[3]                                                                                                                                                                       ; sld_hub:auto_hub|sld_jtag_hub:\jtag_hub_gen:sld_jtag_hub_inst|identity_contrib_update_reg[3]                                                                                                                                                                      ; altera_reserved_tck ; altera_reserved_tck ; 0.000        ; 0.040      ; 0.391      ;
; 0.268 ; SoC:inst|SoC_jtag_uart:jtag_uart|alt_jtag_atlantic:SoC_jtag_uart_alt_jtag_atlantic|td_shift[8]                                                                                                                                                                    ; SoC:inst|SoC_jtag_uart:jtag_uart|alt_jtag_atlantic:SoC_jtag_uart_alt_jtag_atlantic|wdata[4]                                                                                                                                                                       ; altera_reserved_tck ; altera_reserved_tck ; 0.000        ; 0.040      ; 0.392      ;
; 0.268 ; sld_hub:auto_hub|sld_jtag_hub:\jtag_hub_gen:sld_jtag_hub_inst|jtag_ir_reg[7]                                                                                                                                                                                      ; sld_hub:auto_hub|sld_jtag_hub:\jtag_hub_gen:sld_jtag_hub_inst|jtag_ir_reg[6]                                                                                                                                                                                      ; altera_reserved_tck ; altera_reserved_tck ; 0.000        ; 0.041      ; 0.393      ;
; 0.268 ; sld_hub:auto_hub|sld_jtag_hub:\jtag_hub_gen:sld_jtag_hub_inst|jtag_ir_reg[6]                                                                                                                                                                                      ; sld_hub:auto_hub|sld_jtag_hub:\jtag_hub_gen:sld_jtag_hub_inst|jtag_ir_reg[5]                                                                                                                                                                                      ; altera_reserved_tck ; altera_reserved_tck ; 0.000        ; 0.041      ; 0.393      ;
; 0.268 ; sld_hub:auto_hub|sld_jtag_hub:\jtag_hub_gen:sld_jtag_hub_inst|identity_contrib_shift_reg[1]                                                                                                                                                                       ; sld_hub:auto_hub|sld_jtag_hub:\jtag_hub_gen:sld_jtag_hub_inst|identity_contrib_shift_reg[0]                                                                                                                                                                       ; altera_reserved_tck ; altera_reserved_tck ; 0.000        ; 0.040      ; 0.392      ;
; 0.270 ; sld_hub:auto_hub|sld_jtag_hub:\jtag_hub_gen:sld_jtag_hub_inst|identity_contrib_shift_reg[3]                                                                                                                                                                       ; sld_hub:auto_hub|sld_jtag_hub:\jtag_hub_gen:sld_jtag_hub_inst|identity_contrib_shift_reg[2]                                                                                                                                                                       ; altera_reserved_tck ; altera_reserved_tck ; 0.000        ; 0.040      ; 0.394      ;
+-------+-------------------------------------------------------------------------------------------------------------------------------------------------------------------------------------------------------------------------------------------------------------------+-------------------------------------------------------------------------------------------------------------------------------------------------------------------------------------------------------------------------------------------------------------------+---------------------+---------------------+--------------+------------+------------+


+-----------------------------------------------------------------------------------------------------------------------------------------------------------------------------------------------------------------------------------------------------------------------------------------------------+
; Fast 1200mV 0C Model Recovery: 'altera_reserved_tck'                                                                                                                                                                                                                                                ;
+--------+--------------------------------------------------------------------------------------------------+----------------------------------------------------------------------------------------------------+---------------------+---------------------+--------------+------------+------------+
; Slack  ; From Node                                                                                        ; To Node                                                                                            ; Launch Clock        ; Latch Clock         ; Relationship ; Clock Skew ; Data Delay ;
+--------+--------------------------------------------------------------------------------------------------+----------------------------------------------------------------------------------------------------+---------------------+---------------------+--------------+------------+------------+
; 48.951 ; sld_hub:auto_hub|sld_jtag_hub:\jtag_hub_gen:sld_jtag_hub_inst|clr_reg                            ; SoC:inst|SoC_jtag_uart:jtag_uart|alt_jtag_atlantic:SoC_jtag_uart_alt_jtag_atlantic|tdo~reg0        ; altera_reserved_tck ; altera_reserved_tck ; 50.000       ; 0.254      ; 1.310      ;
; 48.985 ; sld_hub:auto_hub|sld_jtag_hub:\jtag_hub_gen:sld_jtag_hub_inst|clr_reg                            ; SoC:inst|SoC_jtag_uart:jtag_uart|alt_jtag_atlantic:SoC_jtag_uart_alt_jtag_atlantic|jupdate         ; altera_reserved_tck ; altera_reserved_tck ; 50.000       ; 0.254      ; 1.276      ;
; 49.201 ; sld_hub:auto_hub|sld_jtag_hub:\jtag_hub_gen:sld_jtag_hub_inst|sld_shadow_jsm:shadow_jsm|state[8] ; sld_hub:auto_hub|sld_jtag_hub:\jtag_hub_gen:sld_jtag_hub_inst|tdo                                  ; altera_reserved_tck ; altera_reserved_tck ; 50.000       ; 0.267      ; 1.073      ;
; 98.617 ; sld_hub:auto_hub|sld_jtag_hub:\jtag_hub_gen:sld_jtag_hub_inst|clr_reg                            ; SoC:inst|SoC_jtag_uart:jtag_uart|alt_jtag_atlantic:SoC_jtag_uart_alt_jtag_atlantic|count[8]        ; altera_reserved_tck ; altera_reserved_tck ; 100.000      ; -0.065     ; 1.325      ;
; 98.617 ; sld_hub:auto_hub|sld_jtag_hub:\jtag_hub_gen:sld_jtag_hub_inst|clr_reg                            ; SoC:inst|SoC_jtag_uart:jtag_uart|alt_jtag_atlantic:SoC_jtag_uart_alt_jtag_atlantic|count[7]        ; altera_reserved_tck ; altera_reserved_tck ; 100.000      ; -0.065     ; 1.325      ;
; 98.617 ; sld_hub:auto_hub|sld_jtag_hub:\jtag_hub_gen:sld_jtag_hub_inst|clr_reg                            ; SoC:inst|SoC_jtag_uart:jtag_uart|alt_jtag_atlantic:SoC_jtag_uart_alt_jtag_atlantic|count[6]        ; altera_reserved_tck ; altera_reserved_tck ; 100.000      ; -0.065     ; 1.325      ;
; 98.617 ; sld_hub:auto_hub|sld_jtag_hub:\jtag_hub_gen:sld_jtag_hub_inst|clr_reg                            ; SoC:inst|SoC_jtag_uart:jtag_uart|alt_jtag_atlantic:SoC_jtag_uart_alt_jtag_atlantic|count[5]        ; altera_reserved_tck ; altera_reserved_tck ; 100.000      ; -0.065     ; 1.325      ;
; 98.617 ; sld_hub:auto_hub|sld_jtag_hub:\jtag_hub_gen:sld_jtag_hub_inst|clr_reg                            ; SoC:inst|SoC_jtag_uart:jtag_uart|alt_jtag_atlantic:SoC_jtag_uart_alt_jtag_atlantic|count[4]        ; altera_reserved_tck ; altera_reserved_tck ; 100.000      ; -0.065     ; 1.325      ;
; 98.617 ; sld_hub:auto_hub|sld_jtag_hub:\jtag_hub_gen:sld_jtag_hub_inst|clr_reg                            ; SoC:inst|SoC_jtag_uart:jtag_uart|alt_jtag_atlantic:SoC_jtag_uart_alt_jtag_atlantic|count[3]        ; altera_reserved_tck ; altera_reserved_tck ; 100.000      ; -0.065     ; 1.325      ;
; 98.617 ; sld_hub:auto_hub|sld_jtag_hub:\jtag_hub_gen:sld_jtag_hub_inst|clr_reg                            ; SoC:inst|SoC_jtag_uart:jtag_uart|alt_jtag_atlantic:SoC_jtag_uart_alt_jtag_atlantic|count[2]        ; altera_reserved_tck ; altera_reserved_tck ; 100.000      ; -0.065     ; 1.325      ;
; 98.617 ; sld_hub:auto_hub|sld_jtag_hub:\jtag_hub_gen:sld_jtag_hub_inst|clr_reg                            ; SoC:inst|SoC_jtag_uart:jtag_uart|alt_jtag_atlantic:SoC_jtag_uart_alt_jtag_atlantic|count[1]        ; altera_reserved_tck ; altera_reserved_tck ; 100.000      ; -0.065     ; 1.325      ;
; 98.617 ; sld_hub:auto_hub|sld_jtag_hub:\jtag_hub_gen:sld_jtag_hub_inst|clr_reg                            ; SoC:inst|SoC_jtag_uart:jtag_uart|alt_jtag_atlantic:SoC_jtag_uart_alt_jtag_atlantic|count[0]        ; altera_reserved_tck ; altera_reserved_tck ; 100.000      ; -0.065     ; 1.325      ;
; 98.617 ; sld_hub:auto_hub|sld_jtag_hub:\jtag_hub_gen:sld_jtag_hub_inst|clr_reg                            ; SoC:inst|SoC_jtag_uart:jtag_uart|alt_jtag_atlantic:SoC_jtag_uart_alt_jtag_atlantic|count[9]        ; altera_reserved_tck ; altera_reserved_tck ; 100.000      ; -0.065     ; 1.325      ;
; 98.617 ; sld_hub:auto_hub|sld_jtag_hub:\jtag_hub_gen:sld_jtag_hub_inst|clr_reg                            ; SoC:inst|SoC_jtag_uart:jtag_uart|alt_jtag_atlantic:SoC_jtag_uart_alt_jtag_atlantic|td_shift[0]     ; altera_reserved_tck ; altera_reserved_tck ; 100.000      ; -0.065     ; 1.325      ;
; 98.617 ; sld_hub:auto_hub|sld_jtag_hub:\jtag_hub_gen:sld_jtag_hub_inst|clr_reg                            ; SoC:inst|SoC_jtag_uart:jtag_uart|alt_jtag_atlantic:SoC_jtag_uart_alt_jtag_atlantic|user_saw_rvalid ; altera_reserved_tck ; altera_reserved_tck ; 100.000      ; -0.065     ; 1.325      ;
; 98.639 ; sld_hub:auto_hub|sld_jtag_hub:\jtag_hub_gen:sld_jtag_hub_inst|clr_reg                            ; SoC:inst|SoC_jtag_uart:jtag_uart|alt_jtag_atlantic:SoC_jtag_uart_alt_jtag_atlantic|td_shift[10]    ; altera_reserved_tck ; altera_reserved_tck ; 100.000      ; -0.058     ; 1.310      ;
; 98.639 ; sld_hub:auto_hub|sld_jtag_hub:\jtag_hub_gen:sld_jtag_hub_inst|clr_reg                            ; SoC:inst|SoC_jtag_uart:jtag_uart|alt_jtag_atlantic:SoC_jtag_uart_alt_jtag_atlantic|td_shift[9]     ; altera_reserved_tck ; altera_reserved_tck ; 100.000      ; -0.058     ; 1.310      ;
; 98.639 ; sld_hub:auto_hub|sld_jtag_hub:\jtag_hub_gen:sld_jtag_hub_inst|clr_reg                            ; SoC:inst|SoC_jtag_uart:jtag_uart|alt_jtag_atlantic:SoC_jtag_uart_alt_jtag_atlantic|td_shift[1]     ; altera_reserved_tck ; altera_reserved_tck ; 100.000      ; -0.058     ; 1.310      ;
; 98.639 ; sld_hub:auto_hub|sld_jtag_hub:\jtag_hub_gen:sld_jtag_hub_inst|clr_reg                            ; SoC:inst|SoC_jtag_uart:jtag_uart|alt_jtag_atlantic:SoC_jtag_uart_alt_jtag_atlantic|td_shift[2]     ; altera_reserved_tck ; altera_reserved_tck ; 100.000      ; -0.058     ; 1.310      ;
; 98.639 ; sld_hub:auto_hub|sld_jtag_hub:\jtag_hub_gen:sld_jtag_hub_inst|clr_reg                            ; SoC:inst|SoC_jtag_uart:jtag_uart|alt_jtag_atlantic:SoC_jtag_uart_alt_jtag_atlantic|td_shift[3]     ; altera_reserved_tck ; altera_reserved_tck ; 100.000      ; -0.058     ; 1.310      ;
; 98.639 ; sld_hub:auto_hub|sld_jtag_hub:\jtag_hub_gen:sld_jtag_hub_inst|clr_reg                            ; SoC:inst|SoC_jtag_uart:jtag_uart|alt_jtag_atlantic:SoC_jtag_uart_alt_jtag_atlantic|td_shift[4]     ; altera_reserved_tck ; altera_reserved_tck ; 100.000      ; -0.058     ; 1.310      ;
; 98.639 ; sld_hub:auto_hub|sld_jtag_hub:\jtag_hub_gen:sld_jtag_hub_inst|clr_reg                            ; SoC:inst|SoC_jtag_uart:jtag_uart|alt_jtag_atlantic:SoC_jtag_uart_alt_jtag_atlantic|td_shift[5]     ; altera_reserved_tck ; altera_reserved_tck ; 100.000      ; -0.058     ; 1.310      ;
; 98.639 ; sld_hub:auto_hub|sld_jtag_hub:\jtag_hub_gen:sld_jtag_hub_inst|clr_reg                            ; SoC:inst|SoC_jtag_uart:jtag_uart|alt_jtag_atlantic:SoC_jtag_uart_alt_jtag_atlantic|td_shift[6]     ; altera_reserved_tck ; altera_reserved_tck ; 100.000      ; -0.058     ; 1.310      ;
; 98.639 ; sld_hub:auto_hub|sld_jtag_hub:\jtag_hub_gen:sld_jtag_hub_inst|clr_reg                            ; SoC:inst|SoC_jtag_uart:jtag_uart|alt_jtag_atlantic:SoC_jtag_uart_alt_jtag_atlantic|td_shift[7]     ; altera_reserved_tck ; altera_reserved_tck ; 100.000      ; -0.058     ; 1.310      ;
; 98.639 ; sld_hub:auto_hub|sld_jtag_hub:\jtag_hub_gen:sld_jtag_hub_inst|clr_reg                            ; SoC:inst|SoC_jtag_uart:jtag_uart|alt_jtag_atlantic:SoC_jtag_uart_alt_jtag_atlantic|td_shift[8]     ; altera_reserved_tck ; altera_reserved_tck ; 100.000      ; -0.058     ; 1.310      ;
; 98.639 ; sld_hub:auto_hub|sld_jtag_hub:\jtag_hub_gen:sld_jtag_hub_inst|clr_reg                            ; SoC:inst|SoC_jtag_uart:jtag_uart|alt_jtag_atlantic:SoC_jtag_uart_alt_jtag_atlantic|wdata[7]        ; altera_reserved_tck ; altera_reserved_tck ; 100.000      ; -0.058     ; 1.310      ;
; 98.639 ; sld_hub:auto_hub|sld_jtag_hub:\jtag_hub_gen:sld_jtag_hub_inst|clr_reg                            ; SoC:inst|SoC_jtag_uart:jtag_uart|alt_jtag_atlantic:SoC_jtag_uart_alt_jtag_atlantic|wdata[6]        ; altera_reserved_tck ; altera_reserved_tck ; 100.000      ; -0.058     ; 1.310      ;
; 98.639 ; sld_hub:auto_hub|sld_jtag_hub:\jtag_hub_gen:sld_jtag_hub_inst|clr_reg                            ; SoC:inst|SoC_jtag_uart:jtag_uart|alt_jtag_atlantic:SoC_jtag_uart_alt_jtag_atlantic|wdata[5]        ; altera_reserved_tck ; altera_reserved_tck ; 100.000      ; -0.058     ; 1.310      ;
; 98.639 ; sld_hub:auto_hub|sld_jtag_hub:\jtag_hub_gen:sld_jtag_hub_inst|clr_reg                            ; SoC:inst|SoC_jtag_uart:jtag_uart|alt_jtag_atlantic:SoC_jtag_uart_alt_jtag_atlantic|write           ; altera_reserved_tck ; altera_reserved_tck ; 100.000      ; -0.058     ; 1.310      ;
; 98.639 ; sld_hub:auto_hub|sld_jtag_hub:\jtag_hub_gen:sld_jtag_hub_inst|clr_reg                            ; SoC:inst|SoC_jtag_uart:jtag_uart|alt_jtag_atlantic:SoC_jtag_uart_alt_jtag_atlantic|wdata[4]        ; altera_reserved_tck ; altera_reserved_tck ; 100.000      ; -0.058     ; 1.310      ;
; 98.639 ; sld_hub:auto_hub|sld_jtag_hub:\jtag_hub_gen:sld_jtag_hub_inst|clr_reg                            ; SoC:inst|SoC_jtag_uart:jtag_uart|alt_jtag_atlantic:SoC_jtag_uart_alt_jtag_atlantic|wdata[3]        ; altera_reserved_tck ; altera_reserved_tck ; 100.000      ; -0.058     ; 1.310      ;
; 98.639 ; sld_hub:auto_hub|sld_jtag_hub:\jtag_hub_gen:sld_jtag_hub_inst|clr_reg                            ; SoC:inst|SoC_jtag_uart:jtag_uart|alt_jtag_atlantic:SoC_jtag_uart_alt_jtag_atlantic|wdata[2]        ; altera_reserved_tck ; altera_reserved_tck ; 100.000      ; -0.058     ; 1.310      ;
; 98.639 ; sld_hub:auto_hub|sld_jtag_hub:\jtag_hub_gen:sld_jtag_hub_inst|clr_reg                            ; SoC:inst|SoC_jtag_uart:jtag_uart|alt_jtag_atlantic:SoC_jtag_uart_alt_jtag_atlantic|wdata[1]        ; altera_reserved_tck ; altera_reserved_tck ; 100.000      ; -0.058     ; 1.310      ;
; 98.645 ; sld_hub:auto_hub|sld_jtag_hub:\jtag_hub_gen:sld_jtag_hub_inst|clr_reg                            ; SoC:inst|SoC_jtag_uart:jtag_uart|alt_jtag_atlantic:SoC_jtag_uart_alt_jtag_atlantic|write_stalled   ; altera_reserved_tck ; altera_reserved_tck ; 100.000      ; -0.058     ; 1.304      ;
; 98.645 ; sld_hub:auto_hub|sld_jtag_hub:\jtag_hub_gen:sld_jtag_hub_inst|clr_reg                            ; SoC:inst|SoC_jtag_uart:jtag_uart|alt_jtag_atlantic:SoC_jtag_uart_alt_jtag_atlantic|write_valid     ; altera_reserved_tck ; altera_reserved_tck ; 100.000      ; -0.058     ; 1.304      ;
; 98.645 ; sld_hub:auto_hub|sld_jtag_hub:\jtag_hub_gen:sld_jtag_hub_inst|clr_reg                            ; SoC:inst|SoC_jtag_uart:jtag_uart|alt_jtag_atlantic:SoC_jtag_uart_alt_jtag_atlantic|wdata[0]        ; altera_reserved_tck ; altera_reserved_tck ; 100.000      ; -0.058     ; 1.304      ;
; 98.645 ; sld_hub:auto_hub|sld_jtag_hub:\jtag_hub_gen:sld_jtag_hub_inst|clr_reg                            ; SoC:inst|SoC_jtag_uart:jtag_uart|alt_jtag_atlantic:SoC_jtag_uart_alt_jtag_atlantic|tck_t_dav       ; altera_reserved_tck ; altera_reserved_tck ; 100.000      ; -0.058     ; 1.304      ;
; 98.722 ; sld_hub:auto_hub|sld_jtag_hub:\jtag_hub_gen:sld_jtag_hub_inst|clr_reg                            ; sld_hub:auto_hub|sld_jtag_hub:\jtag_hub_gen:sld_jtag_hub_inst|hub_mode_reg[1]                      ; altera_reserved_tck ; altera_reserved_tck ; 100.000      ; -0.040     ; 1.245      ;
; 98.735 ; sld_hub:auto_hub|sld_jtag_hub:\jtag_hub_gen:sld_jtag_hub_inst|clr_reg                            ; SoC:inst|SoC_jtag_uart:jtag_uart|alt_jtag_atlantic:SoC_jtag_uart_alt_jtag_atlantic|state           ; altera_reserved_tck ; altera_reserved_tck ; 100.000      ; -0.045     ; 1.227      ;
; 98.809 ; sld_hub:auto_hub|sld_jtag_hub:\jtag_hub_gen:sld_jtag_hub_inst|virtual_ir_scan_reg                ; sld_hub:auto_hub|sld_jtag_hub:\jtag_hub_gen:sld_jtag_hub_inst|hub_mode_reg[2]                      ; altera_reserved_tck ; altera_reserved_tck ; 100.000      ; -0.046     ; 1.152      ;
; 98.823 ; sld_hub:auto_hub|sld_jtag_hub:\jtag_hub_gen:sld_jtag_hub_inst|clr_reg                            ; sld_hub:auto_hub|sld_jtag_hub:\jtag_hub_gen:sld_jtag_hub_inst|irsr_reg[6]                          ; altera_reserved_tck ; altera_reserved_tck ; 100.000      ; -0.045     ; 1.139      ;
; 98.991 ; sld_hub:auto_hub|sld_jtag_hub:\jtag_hub_gen:sld_jtag_hub_inst|clr_reg                            ; sld_hub:auto_hub|sld_jtag_hub:\jtag_hub_gen:sld_jtag_hub_inst|hub_mode_reg[0]                      ; altera_reserved_tck ; altera_reserved_tck ; 100.000      ; -0.045     ; 0.971      ;
; 98.991 ; sld_hub:auto_hub|sld_jtag_hub:\jtag_hub_gen:sld_jtag_hub_inst|clr_reg                            ; sld_hub:auto_hub|sld_jtag_hub:\jtag_hub_gen:sld_jtag_hub_inst|irsr_reg[5]                          ; altera_reserved_tck ; altera_reserved_tck ; 100.000      ; -0.045     ; 0.971      ;
; 98.991 ; sld_hub:auto_hub|sld_jtag_hub:\jtag_hub_gen:sld_jtag_hub_inst|clr_reg                            ; sld_hub:auto_hub|sld_jtag_hub:\jtag_hub_gen:sld_jtag_hub_inst|irsr_reg[2]                          ; altera_reserved_tck ; altera_reserved_tck ; 100.000      ; -0.045     ; 0.971      ;
; 98.991 ; sld_hub:auto_hub|sld_jtag_hub:\jtag_hub_gen:sld_jtag_hub_inst|clr_reg                            ; sld_hub:auto_hub|sld_jtag_hub:\jtag_hub_gen:sld_jtag_hub_inst|irsr_reg[4]                          ; altera_reserved_tck ; altera_reserved_tck ; 100.000      ; -0.045     ; 0.971      ;
; 98.991 ; sld_hub:auto_hub|sld_jtag_hub:\jtag_hub_gen:sld_jtag_hub_inst|clr_reg                            ; sld_hub:auto_hub|sld_jtag_hub:\jtag_hub_gen:sld_jtag_hub_inst|irsr_reg[1]                          ; altera_reserved_tck ; altera_reserved_tck ; 100.000      ; -0.045     ; 0.971      ;
; 98.991 ; sld_hub:auto_hub|sld_jtag_hub:\jtag_hub_gen:sld_jtag_hub_inst|clr_reg                            ; sld_hub:auto_hub|sld_jtag_hub:\jtag_hub_gen:sld_jtag_hub_inst|irsr_reg[0]                          ; altera_reserved_tck ; altera_reserved_tck ; 100.000      ; -0.045     ; 0.971      ;
; 98.991 ; sld_hub:auto_hub|sld_jtag_hub:\jtag_hub_gen:sld_jtag_hub_inst|clr_reg                            ; sld_hub:auto_hub|sld_jtag_hub:\jtag_hub_gen:sld_jtag_hub_inst|irsr_reg[3]                          ; altera_reserved_tck ; altera_reserved_tck ; 100.000      ; -0.045     ; 0.971      ;
; 99.029 ; sld_hub:auto_hub|sld_jtag_hub:\jtag_hub_gen:sld_jtag_hub_inst|clr_reg                            ; SoC:inst|SoC_jtag_uart:jtag_uart|alt_jtag_atlantic:SoC_jtag_uart_alt_jtag_atlantic|read            ; altera_reserved_tck ; altera_reserved_tck ; 100.000      ; -0.052     ; 0.926      ;
; 99.029 ; sld_hub:auto_hub|sld_jtag_hub:\jtag_hub_gen:sld_jtag_hub_inst|clr_reg                            ; SoC:inst|SoC_jtag_uart:jtag_uart|alt_jtag_atlantic:SoC_jtag_uart_alt_jtag_atlantic|read_req        ; altera_reserved_tck ; altera_reserved_tck ; 100.000      ; -0.052     ; 0.926      ;
; 99.042 ; sld_hub:auto_hub|sld_jtag_hub:\jtag_hub_gen:sld_jtag_hub_inst|clr_reg                            ; sld_hub:auto_hub|sld_jtag_hub:\jtag_hub_gen:sld_jtag_hub_inst|shadow_irf_reg[2][4]                 ; altera_reserved_tck ; altera_reserved_tck ; 100.000      ; -0.041     ; 0.924      ;
; 99.042 ; sld_hub:auto_hub|sld_jtag_hub:\jtag_hub_gen:sld_jtag_hub_inst|clr_reg                            ; sld_hub:auto_hub|sld_jtag_hub:\jtag_hub_gen:sld_jtag_hub_inst|irf_reg[2][4]                        ; altera_reserved_tck ; altera_reserved_tck ; 100.000      ; -0.041     ; 0.924      ;
; 99.042 ; sld_hub:auto_hub|sld_jtag_hub:\jtag_hub_gen:sld_jtag_hub_inst|clr_reg                            ; sld_hub:auto_hub|sld_jtag_hub:\jtag_hub_gen:sld_jtag_hub_inst|shadow_irf_reg[2][3]                 ; altera_reserved_tck ; altera_reserved_tck ; 100.000      ; -0.041     ; 0.924      ;
; 99.042 ; sld_hub:auto_hub|sld_jtag_hub:\jtag_hub_gen:sld_jtag_hub_inst|clr_reg                            ; sld_hub:auto_hub|sld_jtag_hub:\jtag_hub_gen:sld_jtag_hub_inst|irf_reg[2][3]                        ; altera_reserved_tck ; altera_reserved_tck ; 100.000      ; -0.041     ; 0.924      ;
; 99.042 ; sld_hub:auto_hub|sld_jtag_hub:\jtag_hub_gen:sld_jtag_hub_inst|clr_reg                            ; sld_hub:auto_hub|sld_jtag_hub:\jtag_hub_gen:sld_jtag_hub_inst|shadow_irf_reg[2][2]                 ; altera_reserved_tck ; altera_reserved_tck ; 100.000      ; -0.041     ; 0.924      ;
; 99.042 ; sld_hub:auto_hub|sld_jtag_hub:\jtag_hub_gen:sld_jtag_hub_inst|clr_reg                            ; sld_hub:auto_hub|sld_jtag_hub:\jtag_hub_gen:sld_jtag_hub_inst|irf_reg[2][2]                        ; altera_reserved_tck ; altera_reserved_tck ; 100.000      ; -0.041     ; 0.924      ;
; 99.042 ; sld_hub:auto_hub|sld_jtag_hub:\jtag_hub_gen:sld_jtag_hub_inst|clr_reg                            ; sld_hub:auto_hub|sld_jtag_hub:\jtag_hub_gen:sld_jtag_hub_inst|shadow_irf_reg[2][1]                 ; altera_reserved_tck ; altera_reserved_tck ; 100.000      ; -0.041     ; 0.924      ;
; 99.042 ; sld_hub:auto_hub|sld_jtag_hub:\jtag_hub_gen:sld_jtag_hub_inst|clr_reg                            ; sld_hub:auto_hub|sld_jtag_hub:\jtag_hub_gen:sld_jtag_hub_inst|irf_reg[2][1]                        ; altera_reserved_tck ; altera_reserved_tck ; 100.000      ; -0.041     ; 0.924      ;
; 99.042 ; sld_hub:auto_hub|sld_jtag_hub:\jtag_hub_gen:sld_jtag_hub_inst|clr_reg                            ; sld_hub:auto_hub|sld_jtag_hub:\jtag_hub_gen:sld_jtag_hub_inst|shadow_irf_reg[2][0]                 ; altera_reserved_tck ; altera_reserved_tck ; 100.000      ; -0.041     ; 0.924      ;
; 99.042 ; sld_hub:auto_hub|sld_jtag_hub:\jtag_hub_gen:sld_jtag_hub_inst|clr_reg                            ; sld_hub:auto_hub|sld_jtag_hub:\jtag_hub_gen:sld_jtag_hub_inst|irf_reg[2][0]                        ; altera_reserved_tck ; altera_reserved_tck ; 100.000      ; -0.041     ; 0.924      ;
; 99.053 ; sld_hub:auto_hub|sld_jtag_hub:\jtag_hub_gen:sld_jtag_hub_inst|clr_reg                            ; sld_hub:auto_hub|sld_jtag_hub:\jtag_hub_gen:sld_jtag_hub_inst|shadow_irf_reg[1][4]                 ; altera_reserved_tck ; altera_reserved_tck ; 100.000      ; -0.040     ; 0.914      ;
; 99.053 ; sld_hub:auto_hub|sld_jtag_hub:\jtag_hub_gen:sld_jtag_hub_inst|clr_reg                            ; sld_hub:auto_hub|sld_jtag_hub:\jtag_hub_gen:sld_jtag_hub_inst|irf_reg[1][4]                        ; altera_reserved_tck ; altera_reserved_tck ; 100.000      ; -0.040     ; 0.914      ;
; 99.053 ; sld_hub:auto_hub|sld_jtag_hub:\jtag_hub_gen:sld_jtag_hub_inst|clr_reg                            ; sld_hub:auto_hub|sld_jtag_hub:\jtag_hub_gen:sld_jtag_hub_inst|shadow_irf_reg[1][3]                 ; altera_reserved_tck ; altera_reserved_tck ; 100.000      ; -0.040     ; 0.914      ;
; 99.053 ; sld_hub:auto_hub|sld_jtag_hub:\jtag_hub_gen:sld_jtag_hub_inst|clr_reg                            ; sld_hub:auto_hub|sld_jtag_hub:\jtag_hub_gen:sld_jtag_hub_inst|irf_reg[1][3]                        ; altera_reserved_tck ; altera_reserved_tck ; 100.000      ; -0.040     ; 0.914      ;
; 99.053 ; sld_hub:auto_hub|sld_jtag_hub:\jtag_hub_gen:sld_jtag_hub_inst|clr_reg                            ; sld_hub:auto_hub|sld_jtag_hub:\jtag_hub_gen:sld_jtag_hub_inst|shadow_irf_reg[1][2]                 ; altera_reserved_tck ; altera_reserved_tck ; 100.000      ; -0.040     ; 0.914      ;
; 99.053 ; sld_hub:auto_hub|sld_jtag_hub:\jtag_hub_gen:sld_jtag_hub_inst|clr_reg                            ; sld_hub:auto_hub|sld_jtag_hub:\jtag_hub_gen:sld_jtag_hub_inst|irf_reg[1][2]                        ; altera_reserved_tck ; altera_reserved_tck ; 100.000      ; -0.040     ; 0.914      ;
; 99.053 ; sld_hub:auto_hub|sld_jtag_hub:\jtag_hub_gen:sld_jtag_hub_inst|clr_reg                            ; sld_hub:auto_hub|sld_jtag_hub:\jtag_hub_gen:sld_jtag_hub_inst|shadow_irf_reg[1][1]                 ; altera_reserved_tck ; altera_reserved_tck ; 100.000      ; -0.040     ; 0.914      ;
; 99.053 ; sld_hub:auto_hub|sld_jtag_hub:\jtag_hub_gen:sld_jtag_hub_inst|clr_reg                            ; sld_hub:auto_hub|sld_jtag_hub:\jtag_hub_gen:sld_jtag_hub_inst|shadow_irf_reg[1][0]                 ; altera_reserved_tck ; altera_reserved_tck ; 100.000      ; -0.040     ; 0.914      ;
; 99.053 ; sld_hub:auto_hub|sld_jtag_hub:\jtag_hub_gen:sld_jtag_hub_inst|clr_reg                            ; sld_hub:auto_hub|sld_jtag_hub:\jtag_hub_gen:sld_jtag_hub_inst|irf_reg[1][0]                        ; altera_reserved_tck ; altera_reserved_tck ; 100.000      ; -0.040     ; 0.914      ;
; 99.053 ; sld_hub:auto_hub|sld_jtag_hub:\jtag_hub_gen:sld_jtag_hub_inst|clr_reg                            ; sld_hub:auto_hub|sld_jtag_hub:\jtag_hub_gen:sld_jtag_hub_inst|irf_reg[1][1]                        ; altera_reserved_tck ; altera_reserved_tck ; 100.000      ; -0.040     ; 0.914      ;
; 99.070 ; sld_hub:auto_hub|sld_jtag_hub:\jtag_hub_gen:sld_jtag_hub_inst|clr_reg                            ; sld_hub:auto_hub|sld_jtag_hub:\jtag_hub_gen:sld_jtag_hub_inst|node_ena[1]~reg0                     ; altera_reserved_tck ; altera_reserved_tck ; 100.000      ; -0.039     ; 0.898      ;
; 99.070 ; sld_hub:auto_hub|sld_jtag_hub:\jtag_hub_gen:sld_jtag_hub_inst|clr_reg                            ; sld_hub:auto_hub|sld_jtag_hub:\jtag_hub_gen:sld_jtag_hub_inst|node_ena[2]~reg0                     ; altera_reserved_tck ; altera_reserved_tck ; 100.000      ; -0.039     ; 0.898      ;
; 99.154 ; sld_hub:auto_hub|sld_jtag_hub:\jtag_hub_gen:sld_jtag_hub_inst|sld_shadow_jsm:shadow_jsm|state[0] ; sld_hub:auto_hub|sld_jtag_hub:\jtag_hub_gen:sld_jtag_hub_inst|virtual_ir_scan_reg                  ; altera_reserved_tck ; altera_reserved_tck ; 100.000      ; -0.041     ; 0.812      ;
; 99.154 ; sld_hub:auto_hub|sld_jtag_hub:\jtag_hub_gen:sld_jtag_hub_inst|sld_shadow_jsm:shadow_jsm|state[0] ; sld_hub:auto_hub|sld_jtag_hub:\jtag_hub_gen:sld_jtag_hub_inst|virtual_dr_scan_reg                  ; altera_reserved_tck ; altera_reserved_tck ; 100.000      ; -0.041     ; 0.812      ;
; 99.154 ; sld_hub:auto_hub|sld_jtag_hub:\jtag_hub_gen:sld_jtag_hub_inst|sld_shadow_jsm:shadow_jsm|state[0] ; sld_hub:auto_hub|sld_jtag_hub:\jtag_hub_gen:sld_jtag_hub_inst|jtag_ir_reg[0]                       ; altera_reserved_tck ; altera_reserved_tck ; 100.000      ; -0.041     ; 0.812      ;
; 99.154 ; sld_hub:auto_hub|sld_jtag_hub:\jtag_hub_gen:sld_jtag_hub_inst|sld_shadow_jsm:shadow_jsm|state[0] ; sld_hub:auto_hub|sld_jtag_hub:\jtag_hub_gen:sld_jtag_hub_inst|jtag_ir_reg[9]                       ; altera_reserved_tck ; altera_reserved_tck ; 100.000      ; -0.041     ; 0.812      ;
; 99.154 ; sld_hub:auto_hub|sld_jtag_hub:\jtag_hub_gen:sld_jtag_hub_inst|sld_shadow_jsm:shadow_jsm|state[0] ; sld_hub:auto_hub|sld_jtag_hub:\jtag_hub_gen:sld_jtag_hub_inst|jtag_ir_reg[8]                       ; altera_reserved_tck ; altera_reserved_tck ; 100.000      ; -0.041     ; 0.812      ;
; 99.154 ; sld_hub:auto_hub|sld_jtag_hub:\jtag_hub_gen:sld_jtag_hub_inst|sld_shadow_jsm:shadow_jsm|state[0] ; sld_hub:auto_hub|sld_jtag_hub:\jtag_hub_gen:sld_jtag_hub_inst|jtag_ir_reg[7]                       ; altera_reserved_tck ; altera_reserved_tck ; 100.000      ; -0.041     ; 0.812      ;
; 99.154 ; sld_hub:auto_hub|sld_jtag_hub:\jtag_hub_gen:sld_jtag_hub_inst|sld_shadow_jsm:shadow_jsm|state[0] ; sld_hub:auto_hub|sld_jtag_hub:\jtag_hub_gen:sld_jtag_hub_inst|jtag_ir_reg[6]                       ; altera_reserved_tck ; altera_reserved_tck ; 100.000      ; -0.041     ; 0.812      ;
; 99.154 ; sld_hub:auto_hub|sld_jtag_hub:\jtag_hub_gen:sld_jtag_hub_inst|sld_shadow_jsm:shadow_jsm|state[0] ; sld_hub:auto_hub|sld_jtag_hub:\jtag_hub_gen:sld_jtag_hub_inst|jtag_ir_reg[5]                       ; altera_reserved_tck ; altera_reserved_tck ; 100.000      ; -0.041     ; 0.812      ;
; 99.154 ; sld_hub:auto_hub|sld_jtag_hub:\jtag_hub_gen:sld_jtag_hub_inst|sld_shadow_jsm:shadow_jsm|state[0] ; sld_hub:auto_hub|sld_jtag_hub:\jtag_hub_gen:sld_jtag_hub_inst|jtag_ir_reg[4]                       ; altera_reserved_tck ; altera_reserved_tck ; 100.000      ; -0.041     ; 0.812      ;
; 99.154 ; sld_hub:auto_hub|sld_jtag_hub:\jtag_hub_gen:sld_jtag_hub_inst|sld_shadow_jsm:shadow_jsm|state[0] ; sld_hub:auto_hub|sld_jtag_hub:\jtag_hub_gen:sld_jtag_hub_inst|jtag_ir_reg[3]                       ; altera_reserved_tck ; altera_reserved_tck ; 100.000      ; -0.041     ; 0.812      ;
; 99.154 ; sld_hub:auto_hub|sld_jtag_hub:\jtag_hub_gen:sld_jtag_hub_inst|sld_shadow_jsm:shadow_jsm|state[0] ; sld_hub:auto_hub|sld_jtag_hub:\jtag_hub_gen:sld_jtag_hub_inst|jtag_ir_reg[2]                       ; altera_reserved_tck ; altera_reserved_tck ; 100.000      ; -0.041     ; 0.812      ;
; 99.154 ; sld_hub:auto_hub|sld_jtag_hub:\jtag_hub_gen:sld_jtag_hub_inst|sld_shadow_jsm:shadow_jsm|state[0] ; sld_hub:auto_hub|sld_jtag_hub:\jtag_hub_gen:sld_jtag_hub_inst|jtag_ir_reg[1]                       ; altera_reserved_tck ; altera_reserved_tck ; 100.000      ; -0.041     ; 0.812      ;
+--------+--------------------------------------------------------------------------------------------------+----------------------------------------------------------------------------------------------------+---------------------+---------------------+--------------+------------+------------+


+-----------------------------------------------------------------------------------------------------------------------------------------------------------------------------------------------------------------------------------------------------------------------------------------------------+
; Fast 1200mV 0C Model Removal: 'altera_reserved_tck'                                                                                                                                                                                                                                                 ;
+--------+--------------------------------------------------------------------------------------------------+----------------------------------------------------------------------------------------------------+---------------------+---------------------+--------------+------------+------------+
; Slack  ; From Node                                                                                        ; To Node                                                                                            ; Launch Clock        ; Latch Clock         ; Relationship ; Clock Skew ; Data Delay ;
+--------+--------------------------------------------------------------------------------------------------+----------------------------------------------------------------------------------------------------+---------------------+---------------------+--------------+------------+------------+
; 0.566  ; sld_hub:auto_hub|sld_jtag_hub:\jtag_hub_gen:sld_jtag_hub_inst|sld_shadow_jsm:shadow_jsm|state[0] ; sld_hub:auto_hub|sld_jtag_hub:\jtag_hub_gen:sld_jtag_hub_inst|virtual_ir_scan_reg                  ; altera_reserved_tck ; altera_reserved_tck ; 0.000        ; 0.040      ; 0.690      ;
; 0.566  ; sld_hub:auto_hub|sld_jtag_hub:\jtag_hub_gen:sld_jtag_hub_inst|sld_shadow_jsm:shadow_jsm|state[0] ; sld_hub:auto_hub|sld_jtag_hub:\jtag_hub_gen:sld_jtag_hub_inst|virtual_dr_scan_reg                  ; altera_reserved_tck ; altera_reserved_tck ; 0.000        ; 0.040      ; 0.690      ;
; 0.566  ; sld_hub:auto_hub|sld_jtag_hub:\jtag_hub_gen:sld_jtag_hub_inst|sld_shadow_jsm:shadow_jsm|state[0] ; sld_hub:auto_hub|sld_jtag_hub:\jtag_hub_gen:sld_jtag_hub_inst|jtag_ir_reg[0]                       ; altera_reserved_tck ; altera_reserved_tck ; 0.000        ; 0.040      ; 0.690      ;
; 0.566  ; sld_hub:auto_hub|sld_jtag_hub:\jtag_hub_gen:sld_jtag_hub_inst|sld_shadow_jsm:shadow_jsm|state[0] ; sld_hub:auto_hub|sld_jtag_hub:\jtag_hub_gen:sld_jtag_hub_inst|jtag_ir_reg[9]                       ; altera_reserved_tck ; altera_reserved_tck ; 0.000        ; 0.040      ; 0.690      ;
; 0.566  ; sld_hub:auto_hub|sld_jtag_hub:\jtag_hub_gen:sld_jtag_hub_inst|sld_shadow_jsm:shadow_jsm|state[0] ; sld_hub:auto_hub|sld_jtag_hub:\jtag_hub_gen:sld_jtag_hub_inst|jtag_ir_reg[8]                       ; altera_reserved_tck ; altera_reserved_tck ; 0.000        ; 0.040      ; 0.690      ;
; 0.566  ; sld_hub:auto_hub|sld_jtag_hub:\jtag_hub_gen:sld_jtag_hub_inst|sld_shadow_jsm:shadow_jsm|state[0] ; sld_hub:auto_hub|sld_jtag_hub:\jtag_hub_gen:sld_jtag_hub_inst|jtag_ir_reg[7]                       ; altera_reserved_tck ; altera_reserved_tck ; 0.000        ; 0.040      ; 0.690      ;
; 0.566  ; sld_hub:auto_hub|sld_jtag_hub:\jtag_hub_gen:sld_jtag_hub_inst|sld_shadow_jsm:shadow_jsm|state[0] ; sld_hub:auto_hub|sld_jtag_hub:\jtag_hub_gen:sld_jtag_hub_inst|jtag_ir_reg[6]                       ; altera_reserved_tck ; altera_reserved_tck ; 0.000        ; 0.040      ; 0.690      ;
; 0.566  ; sld_hub:auto_hub|sld_jtag_hub:\jtag_hub_gen:sld_jtag_hub_inst|sld_shadow_jsm:shadow_jsm|state[0] ; sld_hub:auto_hub|sld_jtag_hub:\jtag_hub_gen:sld_jtag_hub_inst|jtag_ir_reg[5]                       ; altera_reserved_tck ; altera_reserved_tck ; 0.000        ; 0.040      ; 0.690      ;
; 0.566  ; sld_hub:auto_hub|sld_jtag_hub:\jtag_hub_gen:sld_jtag_hub_inst|sld_shadow_jsm:shadow_jsm|state[0] ; sld_hub:auto_hub|sld_jtag_hub:\jtag_hub_gen:sld_jtag_hub_inst|jtag_ir_reg[4]                       ; altera_reserved_tck ; altera_reserved_tck ; 0.000        ; 0.040      ; 0.690      ;
; 0.566  ; sld_hub:auto_hub|sld_jtag_hub:\jtag_hub_gen:sld_jtag_hub_inst|sld_shadow_jsm:shadow_jsm|state[0] ; sld_hub:auto_hub|sld_jtag_hub:\jtag_hub_gen:sld_jtag_hub_inst|jtag_ir_reg[3]                       ; altera_reserved_tck ; altera_reserved_tck ; 0.000        ; 0.040      ; 0.690      ;
; 0.566  ; sld_hub:auto_hub|sld_jtag_hub:\jtag_hub_gen:sld_jtag_hub_inst|sld_shadow_jsm:shadow_jsm|state[0] ; sld_hub:auto_hub|sld_jtag_hub:\jtag_hub_gen:sld_jtag_hub_inst|jtag_ir_reg[2]                       ; altera_reserved_tck ; altera_reserved_tck ; 0.000        ; 0.040      ; 0.690      ;
; 0.566  ; sld_hub:auto_hub|sld_jtag_hub:\jtag_hub_gen:sld_jtag_hub_inst|sld_shadow_jsm:shadow_jsm|state[0] ; sld_hub:auto_hub|sld_jtag_hub:\jtag_hub_gen:sld_jtag_hub_inst|jtag_ir_reg[1]                       ; altera_reserved_tck ; altera_reserved_tck ; 0.000        ; 0.040      ; 0.690      ;
; 0.666  ; sld_hub:auto_hub|sld_jtag_hub:\jtag_hub_gen:sld_jtag_hub_inst|clr_reg                            ; sld_hub:auto_hub|sld_jtag_hub:\jtag_hub_gen:sld_jtag_hub_inst|node_ena[1]~reg0                     ; altera_reserved_tck ; altera_reserved_tck ; 0.000        ; 0.041      ; 0.791      ;
; 0.666  ; sld_hub:auto_hub|sld_jtag_hub:\jtag_hub_gen:sld_jtag_hub_inst|clr_reg                            ; sld_hub:auto_hub|sld_jtag_hub:\jtag_hub_gen:sld_jtag_hub_inst|node_ena[2]~reg0                     ; altera_reserved_tck ; altera_reserved_tck ; 0.000        ; 0.041      ; 0.791      ;
; 0.678  ; sld_hub:auto_hub|sld_jtag_hub:\jtag_hub_gen:sld_jtag_hub_inst|clr_reg                            ; sld_hub:auto_hub|sld_jtag_hub:\jtag_hub_gen:sld_jtag_hub_inst|shadow_irf_reg[1][4]                 ; altera_reserved_tck ; altera_reserved_tck ; 0.000        ; 0.040      ; 0.802      ;
; 0.678  ; sld_hub:auto_hub|sld_jtag_hub:\jtag_hub_gen:sld_jtag_hub_inst|clr_reg                            ; sld_hub:auto_hub|sld_jtag_hub:\jtag_hub_gen:sld_jtag_hub_inst|irf_reg[1][4]                        ; altera_reserved_tck ; altera_reserved_tck ; 0.000        ; 0.040      ; 0.802      ;
; 0.678  ; sld_hub:auto_hub|sld_jtag_hub:\jtag_hub_gen:sld_jtag_hub_inst|clr_reg                            ; sld_hub:auto_hub|sld_jtag_hub:\jtag_hub_gen:sld_jtag_hub_inst|shadow_irf_reg[1][3]                 ; altera_reserved_tck ; altera_reserved_tck ; 0.000        ; 0.040      ; 0.802      ;
; 0.678  ; sld_hub:auto_hub|sld_jtag_hub:\jtag_hub_gen:sld_jtag_hub_inst|clr_reg                            ; sld_hub:auto_hub|sld_jtag_hub:\jtag_hub_gen:sld_jtag_hub_inst|irf_reg[1][3]                        ; altera_reserved_tck ; altera_reserved_tck ; 0.000        ; 0.040      ; 0.802      ;
; 0.678  ; sld_hub:auto_hub|sld_jtag_hub:\jtag_hub_gen:sld_jtag_hub_inst|clr_reg                            ; sld_hub:auto_hub|sld_jtag_hub:\jtag_hub_gen:sld_jtag_hub_inst|shadow_irf_reg[1][2]                 ; altera_reserved_tck ; altera_reserved_tck ; 0.000        ; 0.040      ; 0.802      ;
; 0.678  ; sld_hub:auto_hub|sld_jtag_hub:\jtag_hub_gen:sld_jtag_hub_inst|clr_reg                            ; sld_hub:auto_hub|sld_jtag_hub:\jtag_hub_gen:sld_jtag_hub_inst|irf_reg[1][2]                        ; altera_reserved_tck ; altera_reserved_tck ; 0.000        ; 0.040      ; 0.802      ;
; 0.678  ; sld_hub:auto_hub|sld_jtag_hub:\jtag_hub_gen:sld_jtag_hub_inst|clr_reg                            ; sld_hub:auto_hub|sld_jtag_hub:\jtag_hub_gen:sld_jtag_hub_inst|shadow_irf_reg[1][1]                 ; altera_reserved_tck ; altera_reserved_tck ; 0.000        ; 0.040      ; 0.802      ;
; 0.678  ; sld_hub:auto_hub|sld_jtag_hub:\jtag_hub_gen:sld_jtag_hub_inst|clr_reg                            ; sld_hub:auto_hub|sld_jtag_hub:\jtag_hub_gen:sld_jtag_hub_inst|shadow_irf_reg[1][0]                 ; altera_reserved_tck ; altera_reserved_tck ; 0.000        ; 0.040      ; 0.802      ;
; 0.678  ; sld_hub:auto_hub|sld_jtag_hub:\jtag_hub_gen:sld_jtag_hub_inst|clr_reg                            ; sld_hub:auto_hub|sld_jtag_hub:\jtag_hub_gen:sld_jtag_hub_inst|irf_reg[1][0]                        ; altera_reserved_tck ; altera_reserved_tck ; 0.000        ; 0.040      ; 0.802      ;
; 0.678  ; sld_hub:auto_hub|sld_jtag_hub:\jtag_hub_gen:sld_jtag_hub_inst|clr_reg                            ; sld_hub:auto_hub|sld_jtag_hub:\jtag_hub_gen:sld_jtag_hub_inst|irf_reg[1][1]                        ; altera_reserved_tck ; altera_reserved_tck ; 0.000        ; 0.040      ; 0.802      ;
; 0.686  ; sld_hub:auto_hub|sld_jtag_hub:\jtag_hub_gen:sld_jtag_hub_inst|clr_reg                            ; sld_hub:auto_hub|sld_jtag_hub:\jtag_hub_gen:sld_jtag_hub_inst|shadow_irf_reg[2][4]                 ; altera_reserved_tck ; altera_reserved_tck ; 0.000        ; 0.040      ; 0.810      ;
; 0.686  ; sld_hub:auto_hub|sld_jtag_hub:\jtag_hub_gen:sld_jtag_hub_inst|clr_reg                            ; sld_hub:auto_hub|sld_jtag_hub:\jtag_hub_gen:sld_jtag_hub_inst|irf_reg[2][4]                        ; altera_reserved_tck ; altera_reserved_tck ; 0.000        ; 0.040      ; 0.810      ;
; 0.686  ; sld_hub:auto_hub|sld_jtag_hub:\jtag_hub_gen:sld_jtag_hub_inst|clr_reg                            ; sld_hub:auto_hub|sld_jtag_hub:\jtag_hub_gen:sld_jtag_hub_inst|shadow_irf_reg[2][3]                 ; altera_reserved_tck ; altera_reserved_tck ; 0.000        ; 0.040      ; 0.810      ;
; 0.686  ; sld_hub:auto_hub|sld_jtag_hub:\jtag_hub_gen:sld_jtag_hub_inst|clr_reg                            ; sld_hub:auto_hub|sld_jtag_hub:\jtag_hub_gen:sld_jtag_hub_inst|irf_reg[2][3]                        ; altera_reserved_tck ; altera_reserved_tck ; 0.000        ; 0.040      ; 0.810      ;
; 0.686  ; sld_hub:auto_hub|sld_jtag_hub:\jtag_hub_gen:sld_jtag_hub_inst|clr_reg                            ; sld_hub:auto_hub|sld_jtag_hub:\jtag_hub_gen:sld_jtag_hub_inst|shadow_irf_reg[2][2]                 ; altera_reserved_tck ; altera_reserved_tck ; 0.000        ; 0.040      ; 0.810      ;
; 0.686  ; sld_hub:auto_hub|sld_jtag_hub:\jtag_hub_gen:sld_jtag_hub_inst|clr_reg                            ; sld_hub:auto_hub|sld_jtag_hub:\jtag_hub_gen:sld_jtag_hub_inst|irf_reg[2][2]                        ; altera_reserved_tck ; altera_reserved_tck ; 0.000        ; 0.040      ; 0.810      ;
; 0.686  ; sld_hub:auto_hub|sld_jtag_hub:\jtag_hub_gen:sld_jtag_hub_inst|clr_reg                            ; sld_hub:auto_hub|sld_jtag_hub:\jtag_hub_gen:sld_jtag_hub_inst|shadow_irf_reg[2][1]                 ; altera_reserved_tck ; altera_reserved_tck ; 0.000        ; 0.040      ; 0.810      ;
; 0.686  ; sld_hub:auto_hub|sld_jtag_hub:\jtag_hub_gen:sld_jtag_hub_inst|clr_reg                            ; sld_hub:auto_hub|sld_jtag_hub:\jtag_hub_gen:sld_jtag_hub_inst|irf_reg[2][1]                        ; altera_reserved_tck ; altera_reserved_tck ; 0.000        ; 0.040      ; 0.810      ;
; 0.686  ; sld_hub:auto_hub|sld_jtag_hub:\jtag_hub_gen:sld_jtag_hub_inst|clr_reg                            ; sld_hub:auto_hub|sld_jtag_hub:\jtag_hub_gen:sld_jtag_hub_inst|shadow_irf_reg[2][0]                 ; altera_reserved_tck ; altera_reserved_tck ; 0.000        ; 0.040      ; 0.810      ;
; 0.686  ; sld_hub:auto_hub|sld_jtag_hub:\jtag_hub_gen:sld_jtag_hub_inst|clr_reg                            ; sld_hub:auto_hub|sld_jtag_hub:\jtag_hub_gen:sld_jtag_hub_inst|irf_reg[2][0]                        ; altera_reserved_tck ; altera_reserved_tck ; 0.000        ; 0.040      ; 0.810      ;
; 0.710  ; sld_hub:auto_hub|sld_jtag_hub:\jtag_hub_gen:sld_jtag_hub_inst|clr_reg                            ; SoC:inst|SoC_jtag_uart:jtag_uart|alt_jtag_atlantic:SoC_jtag_uart_alt_jtag_atlantic|read            ; altera_reserved_tck ; altera_reserved_tck ; 0.000        ; 0.027      ; 0.821      ;
; 0.710  ; sld_hub:auto_hub|sld_jtag_hub:\jtag_hub_gen:sld_jtag_hub_inst|clr_reg                            ; SoC:inst|SoC_jtag_uart:jtag_uart|alt_jtag_atlantic:SoC_jtag_uart_alt_jtag_atlantic|read_req        ; altera_reserved_tck ; altera_reserved_tck ; 0.000        ; 0.027      ; 0.821      ;
; 0.724  ; sld_hub:auto_hub|sld_jtag_hub:\jtag_hub_gen:sld_jtag_hub_inst|clr_reg                            ; sld_hub:auto_hub|sld_jtag_hub:\jtag_hub_gen:sld_jtag_hub_inst|hub_mode_reg[0]                      ; altera_reserved_tck ; altera_reserved_tck ; 0.000        ; 0.035      ; 0.843      ;
; 0.724  ; sld_hub:auto_hub|sld_jtag_hub:\jtag_hub_gen:sld_jtag_hub_inst|clr_reg                            ; sld_hub:auto_hub|sld_jtag_hub:\jtag_hub_gen:sld_jtag_hub_inst|irsr_reg[5]                          ; altera_reserved_tck ; altera_reserved_tck ; 0.000        ; 0.035      ; 0.843      ;
; 0.724  ; sld_hub:auto_hub|sld_jtag_hub:\jtag_hub_gen:sld_jtag_hub_inst|clr_reg                            ; sld_hub:auto_hub|sld_jtag_hub:\jtag_hub_gen:sld_jtag_hub_inst|irsr_reg[2]                          ; altera_reserved_tck ; altera_reserved_tck ; 0.000        ; 0.035      ; 0.843      ;
; 0.724  ; sld_hub:auto_hub|sld_jtag_hub:\jtag_hub_gen:sld_jtag_hub_inst|clr_reg                            ; sld_hub:auto_hub|sld_jtag_hub:\jtag_hub_gen:sld_jtag_hub_inst|irsr_reg[4]                          ; altera_reserved_tck ; altera_reserved_tck ; 0.000        ; 0.035      ; 0.843      ;
; 0.724  ; sld_hub:auto_hub|sld_jtag_hub:\jtag_hub_gen:sld_jtag_hub_inst|clr_reg                            ; sld_hub:auto_hub|sld_jtag_hub:\jtag_hub_gen:sld_jtag_hub_inst|irsr_reg[1]                          ; altera_reserved_tck ; altera_reserved_tck ; 0.000        ; 0.035      ; 0.843      ;
; 0.724  ; sld_hub:auto_hub|sld_jtag_hub:\jtag_hub_gen:sld_jtag_hub_inst|clr_reg                            ; sld_hub:auto_hub|sld_jtag_hub:\jtag_hub_gen:sld_jtag_hub_inst|irsr_reg[0]                          ; altera_reserved_tck ; altera_reserved_tck ; 0.000        ; 0.035      ; 0.843      ;
; 0.724  ; sld_hub:auto_hub|sld_jtag_hub:\jtag_hub_gen:sld_jtag_hub_inst|clr_reg                            ; sld_hub:auto_hub|sld_jtag_hub:\jtag_hub_gen:sld_jtag_hub_inst|irsr_reg[3]                          ; altera_reserved_tck ; altera_reserved_tck ; 0.000        ; 0.035      ; 0.843      ;
; 0.859  ; sld_hub:auto_hub|sld_jtag_hub:\jtag_hub_gen:sld_jtag_hub_inst|virtual_ir_scan_reg                ; sld_hub:auto_hub|sld_jtag_hub:\jtag_hub_gen:sld_jtag_hub_inst|hub_mode_reg[2]                      ; altera_reserved_tck ; altera_reserved_tck ; 0.000        ; 0.035      ; 0.978      ;
; 0.868  ; sld_hub:auto_hub|sld_jtag_hub:\jtag_hub_gen:sld_jtag_hub_inst|clr_reg                            ; sld_hub:auto_hub|sld_jtag_hub:\jtag_hub_gen:sld_jtag_hub_inst|irsr_reg[6]                          ; altera_reserved_tck ; altera_reserved_tck ; 0.000        ; 0.035      ; 0.987      ;
; 0.946  ; sld_hub:auto_hub|sld_jtag_hub:\jtag_hub_gen:sld_jtag_hub_inst|clr_reg                            ; SoC:inst|SoC_jtag_uart:jtag_uart|alt_jtag_atlantic:SoC_jtag_uart_alt_jtag_atlantic|state           ; altera_reserved_tck ; altera_reserved_tck ; 0.000        ; 0.035      ; 1.065      ;
; 0.965  ; sld_hub:auto_hub|sld_jtag_hub:\jtag_hub_gen:sld_jtag_hub_inst|clr_reg                            ; sld_hub:auto_hub|sld_jtag_hub:\jtag_hub_gen:sld_jtag_hub_inst|hub_mode_reg[1]                      ; altera_reserved_tck ; altera_reserved_tck ; 0.000        ; 0.041      ; 1.090      ;
; 1.024  ; sld_hub:auto_hub|sld_jtag_hub:\jtag_hub_gen:sld_jtag_hub_inst|clr_reg                            ; SoC:inst|SoC_jtag_uart:jtag_uart|alt_jtag_atlantic:SoC_jtag_uart_alt_jtag_atlantic|write_stalled   ; altera_reserved_tck ; altera_reserved_tck ; 0.000        ; 0.022      ; 1.130      ;
; 1.024  ; sld_hub:auto_hub|sld_jtag_hub:\jtag_hub_gen:sld_jtag_hub_inst|clr_reg                            ; SoC:inst|SoC_jtag_uart:jtag_uart|alt_jtag_atlantic:SoC_jtag_uart_alt_jtag_atlantic|write_valid     ; altera_reserved_tck ; altera_reserved_tck ; 0.000        ; 0.022      ; 1.130      ;
; 1.024  ; sld_hub:auto_hub|sld_jtag_hub:\jtag_hub_gen:sld_jtag_hub_inst|clr_reg                            ; SoC:inst|SoC_jtag_uart:jtag_uart|alt_jtag_atlantic:SoC_jtag_uart_alt_jtag_atlantic|wdata[0]        ; altera_reserved_tck ; altera_reserved_tck ; 0.000        ; 0.022      ; 1.130      ;
; 1.024  ; sld_hub:auto_hub|sld_jtag_hub:\jtag_hub_gen:sld_jtag_hub_inst|clr_reg                            ; SoC:inst|SoC_jtag_uart:jtag_uart|alt_jtag_atlantic:SoC_jtag_uart_alt_jtag_atlantic|tck_t_dav       ; altera_reserved_tck ; altera_reserved_tck ; 0.000        ; 0.022      ; 1.130      ;
; 1.029  ; sld_hub:auto_hub|sld_jtag_hub:\jtag_hub_gen:sld_jtag_hub_inst|clr_reg                            ; SoC:inst|SoC_jtag_uart:jtag_uart|alt_jtag_atlantic:SoC_jtag_uart_alt_jtag_atlantic|td_shift[10]    ; altera_reserved_tck ; altera_reserved_tck ; 0.000        ; 0.021      ; 1.134      ;
; 1.029  ; sld_hub:auto_hub|sld_jtag_hub:\jtag_hub_gen:sld_jtag_hub_inst|clr_reg                            ; SoC:inst|SoC_jtag_uart:jtag_uart|alt_jtag_atlantic:SoC_jtag_uart_alt_jtag_atlantic|td_shift[9]     ; altera_reserved_tck ; altera_reserved_tck ; 0.000        ; 0.021      ; 1.134      ;
; 1.029  ; sld_hub:auto_hub|sld_jtag_hub:\jtag_hub_gen:sld_jtag_hub_inst|clr_reg                            ; SoC:inst|SoC_jtag_uart:jtag_uart|alt_jtag_atlantic:SoC_jtag_uart_alt_jtag_atlantic|td_shift[1]     ; altera_reserved_tck ; altera_reserved_tck ; 0.000        ; 0.021      ; 1.134      ;
; 1.029  ; sld_hub:auto_hub|sld_jtag_hub:\jtag_hub_gen:sld_jtag_hub_inst|clr_reg                            ; SoC:inst|SoC_jtag_uart:jtag_uart|alt_jtag_atlantic:SoC_jtag_uart_alt_jtag_atlantic|td_shift[2]     ; altera_reserved_tck ; altera_reserved_tck ; 0.000        ; 0.021      ; 1.134      ;
; 1.029  ; sld_hub:auto_hub|sld_jtag_hub:\jtag_hub_gen:sld_jtag_hub_inst|clr_reg                            ; SoC:inst|SoC_jtag_uart:jtag_uart|alt_jtag_atlantic:SoC_jtag_uart_alt_jtag_atlantic|td_shift[3]     ; altera_reserved_tck ; altera_reserved_tck ; 0.000        ; 0.021      ; 1.134      ;
; 1.029  ; sld_hub:auto_hub|sld_jtag_hub:\jtag_hub_gen:sld_jtag_hub_inst|clr_reg                            ; SoC:inst|SoC_jtag_uart:jtag_uart|alt_jtag_atlantic:SoC_jtag_uart_alt_jtag_atlantic|td_shift[4]     ; altera_reserved_tck ; altera_reserved_tck ; 0.000        ; 0.021      ; 1.134      ;
; 1.029  ; sld_hub:auto_hub|sld_jtag_hub:\jtag_hub_gen:sld_jtag_hub_inst|clr_reg                            ; SoC:inst|SoC_jtag_uart:jtag_uart|alt_jtag_atlantic:SoC_jtag_uart_alt_jtag_atlantic|td_shift[5]     ; altera_reserved_tck ; altera_reserved_tck ; 0.000        ; 0.021      ; 1.134      ;
; 1.029  ; sld_hub:auto_hub|sld_jtag_hub:\jtag_hub_gen:sld_jtag_hub_inst|clr_reg                            ; SoC:inst|SoC_jtag_uart:jtag_uart|alt_jtag_atlantic:SoC_jtag_uart_alt_jtag_atlantic|td_shift[6]     ; altera_reserved_tck ; altera_reserved_tck ; 0.000        ; 0.021      ; 1.134      ;
; 1.029  ; sld_hub:auto_hub|sld_jtag_hub:\jtag_hub_gen:sld_jtag_hub_inst|clr_reg                            ; SoC:inst|SoC_jtag_uart:jtag_uart|alt_jtag_atlantic:SoC_jtag_uart_alt_jtag_atlantic|td_shift[7]     ; altera_reserved_tck ; altera_reserved_tck ; 0.000        ; 0.021      ; 1.134      ;
; 1.029  ; sld_hub:auto_hub|sld_jtag_hub:\jtag_hub_gen:sld_jtag_hub_inst|clr_reg                            ; SoC:inst|SoC_jtag_uart:jtag_uart|alt_jtag_atlantic:SoC_jtag_uart_alt_jtag_atlantic|td_shift[8]     ; altera_reserved_tck ; altera_reserved_tck ; 0.000        ; 0.021      ; 1.134      ;
; 1.029  ; sld_hub:auto_hub|sld_jtag_hub:\jtag_hub_gen:sld_jtag_hub_inst|clr_reg                            ; SoC:inst|SoC_jtag_uart:jtag_uart|alt_jtag_atlantic:SoC_jtag_uart_alt_jtag_atlantic|wdata[7]        ; altera_reserved_tck ; altera_reserved_tck ; 0.000        ; 0.022      ; 1.135      ;
; 1.029  ; sld_hub:auto_hub|sld_jtag_hub:\jtag_hub_gen:sld_jtag_hub_inst|clr_reg                            ; SoC:inst|SoC_jtag_uart:jtag_uart|alt_jtag_atlantic:SoC_jtag_uart_alt_jtag_atlantic|wdata[6]        ; altera_reserved_tck ; altera_reserved_tck ; 0.000        ; 0.022      ; 1.135      ;
; 1.029  ; sld_hub:auto_hub|sld_jtag_hub:\jtag_hub_gen:sld_jtag_hub_inst|clr_reg                            ; SoC:inst|SoC_jtag_uart:jtag_uart|alt_jtag_atlantic:SoC_jtag_uart_alt_jtag_atlantic|wdata[5]        ; altera_reserved_tck ; altera_reserved_tck ; 0.000        ; 0.022      ; 1.135      ;
; 1.029  ; sld_hub:auto_hub|sld_jtag_hub:\jtag_hub_gen:sld_jtag_hub_inst|clr_reg                            ; SoC:inst|SoC_jtag_uart:jtag_uart|alt_jtag_atlantic:SoC_jtag_uart_alt_jtag_atlantic|write           ; altera_reserved_tck ; altera_reserved_tck ; 0.000        ; 0.022      ; 1.135      ;
; 1.029  ; sld_hub:auto_hub|sld_jtag_hub:\jtag_hub_gen:sld_jtag_hub_inst|clr_reg                            ; SoC:inst|SoC_jtag_uart:jtag_uart|alt_jtag_atlantic:SoC_jtag_uart_alt_jtag_atlantic|wdata[4]        ; altera_reserved_tck ; altera_reserved_tck ; 0.000        ; 0.022      ; 1.135      ;
; 1.029  ; sld_hub:auto_hub|sld_jtag_hub:\jtag_hub_gen:sld_jtag_hub_inst|clr_reg                            ; SoC:inst|SoC_jtag_uart:jtag_uart|alt_jtag_atlantic:SoC_jtag_uart_alt_jtag_atlantic|wdata[3]        ; altera_reserved_tck ; altera_reserved_tck ; 0.000        ; 0.022      ; 1.135      ;
; 1.029  ; sld_hub:auto_hub|sld_jtag_hub:\jtag_hub_gen:sld_jtag_hub_inst|clr_reg                            ; SoC:inst|SoC_jtag_uart:jtag_uart|alt_jtag_atlantic:SoC_jtag_uart_alt_jtag_atlantic|wdata[2]        ; altera_reserved_tck ; altera_reserved_tck ; 0.000        ; 0.022      ; 1.135      ;
; 1.029  ; sld_hub:auto_hub|sld_jtag_hub:\jtag_hub_gen:sld_jtag_hub_inst|clr_reg                            ; SoC:inst|SoC_jtag_uart:jtag_uart|alt_jtag_atlantic:SoC_jtag_uart_alt_jtag_atlantic|wdata[1]        ; altera_reserved_tck ; altera_reserved_tck ; 0.000        ; 0.022      ; 1.135      ;
; 1.042  ; sld_hub:auto_hub|sld_jtag_hub:\jtag_hub_gen:sld_jtag_hub_inst|clr_reg                            ; SoC:inst|SoC_jtag_uart:jtag_uart|alt_jtag_atlantic:SoC_jtag_uart_alt_jtag_atlantic|count[8]        ; altera_reserved_tck ; altera_reserved_tck ; 0.000        ; 0.014      ; 1.140      ;
; 1.042  ; sld_hub:auto_hub|sld_jtag_hub:\jtag_hub_gen:sld_jtag_hub_inst|clr_reg                            ; SoC:inst|SoC_jtag_uart:jtag_uart|alt_jtag_atlantic:SoC_jtag_uart_alt_jtag_atlantic|count[7]        ; altera_reserved_tck ; altera_reserved_tck ; 0.000        ; 0.014      ; 1.140      ;
; 1.042  ; sld_hub:auto_hub|sld_jtag_hub:\jtag_hub_gen:sld_jtag_hub_inst|clr_reg                            ; SoC:inst|SoC_jtag_uart:jtag_uart|alt_jtag_atlantic:SoC_jtag_uart_alt_jtag_atlantic|count[6]        ; altera_reserved_tck ; altera_reserved_tck ; 0.000        ; 0.014      ; 1.140      ;
; 1.042  ; sld_hub:auto_hub|sld_jtag_hub:\jtag_hub_gen:sld_jtag_hub_inst|clr_reg                            ; SoC:inst|SoC_jtag_uart:jtag_uart|alt_jtag_atlantic:SoC_jtag_uart_alt_jtag_atlantic|count[5]        ; altera_reserved_tck ; altera_reserved_tck ; 0.000        ; 0.014      ; 1.140      ;
; 1.042  ; sld_hub:auto_hub|sld_jtag_hub:\jtag_hub_gen:sld_jtag_hub_inst|clr_reg                            ; SoC:inst|SoC_jtag_uart:jtag_uart|alt_jtag_atlantic:SoC_jtag_uart_alt_jtag_atlantic|count[4]        ; altera_reserved_tck ; altera_reserved_tck ; 0.000        ; 0.014      ; 1.140      ;
; 1.042  ; sld_hub:auto_hub|sld_jtag_hub:\jtag_hub_gen:sld_jtag_hub_inst|clr_reg                            ; SoC:inst|SoC_jtag_uart:jtag_uart|alt_jtag_atlantic:SoC_jtag_uart_alt_jtag_atlantic|count[3]        ; altera_reserved_tck ; altera_reserved_tck ; 0.000        ; 0.014      ; 1.140      ;
; 1.042  ; sld_hub:auto_hub|sld_jtag_hub:\jtag_hub_gen:sld_jtag_hub_inst|clr_reg                            ; SoC:inst|SoC_jtag_uart:jtag_uart|alt_jtag_atlantic:SoC_jtag_uart_alt_jtag_atlantic|count[2]        ; altera_reserved_tck ; altera_reserved_tck ; 0.000        ; 0.014      ; 1.140      ;
; 1.042  ; sld_hub:auto_hub|sld_jtag_hub:\jtag_hub_gen:sld_jtag_hub_inst|clr_reg                            ; SoC:inst|SoC_jtag_uart:jtag_uart|alt_jtag_atlantic:SoC_jtag_uart_alt_jtag_atlantic|count[1]        ; altera_reserved_tck ; altera_reserved_tck ; 0.000        ; 0.014      ; 1.140      ;
; 1.042  ; sld_hub:auto_hub|sld_jtag_hub:\jtag_hub_gen:sld_jtag_hub_inst|clr_reg                            ; SoC:inst|SoC_jtag_uart:jtag_uart|alt_jtag_atlantic:SoC_jtag_uart_alt_jtag_atlantic|count[0]        ; altera_reserved_tck ; altera_reserved_tck ; 0.000        ; 0.014      ; 1.140      ;
; 1.042  ; sld_hub:auto_hub|sld_jtag_hub:\jtag_hub_gen:sld_jtag_hub_inst|clr_reg                            ; SoC:inst|SoC_jtag_uart:jtag_uart|alt_jtag_atlantic:SoC_jtag_uart_alt_jtag_atlantic|count[9]        ; altera_reserved_tck ; altera_reserved_tck ; 0.000        ; 0.014      ; 1.140      ;
; 1.042  ; sld_hub:auto_hub|sld_jtag_hub:\jtag_hub_gen:sld_jtag_hub_inst|clr_reg                            ; SoC:inst|SoC_jtag_uart:jtag_uart|alt_jtag_atlantic:SoC_jtag_uart_alt_jtag_atlantic|td_shift[0]     ; altera_reserved_tck ; altera_reserved_tck ; 0.000        ; 0.014      ; 1.140      ;
; 1.042  ; sld_hub:auto_hub|sld_jtag_hub:\jtag_hub_gen:sld_jtag_hub_inst|clr_reg                            ; SoC:inst|SoC_jtag_uart:jtag_uart|alt_jtag_atlantic:SoC_jtag_uart_alt_jtag_atlantic|user_saw_rvalid ; altera_reserved_tck ; altera_reserved_tck ; 0.000        ; 0.014      ; 1.140      ;
; 50.508 ; sld_hub:auto_hub|sld_jtag_hub:\jtag_hub_gen:sld_jtag_hub_inst|sld_shadow_jsm:shadow_jsm|state[8] ; sld_hub:auto_hub|sld_jtag_hub:\jtag_hub_gen:sld_jtag_hub_inst|tdo                                  ; altera_reserved_tck ; altera_reserved_tck ; -50.000      ; 0.354      ; 0.946      ;
; 50.689 ; sld_hub:auto_hub|sld_jtag_hub:\jtag_hub_gen:sld_jtag_hub_inst|clr_reg                            ; SoC:inst|SoC_jtag_uart:jtag_uart|alt_jtag_atlantic:SoC_jtag_uart_alt_jtag_atlantic|jupdate         ; altera_reserved_tck ; altera_reserved_tck ; -50.000      ; 0.340      ; 1.113      ;
; 50.711 ; sld_hub:auto_hub|sld_jtag_hub:\jtag_hub_gen:sld_jtag_hub_inst|clr_reg                            ; SoC:inst|SoC_jtag_uart:jtag_uart|alt_jtag_atlantic:SoC_jtag_uart_alt_jtag_atlantic|tdo~reg0        ; altera_reserved_tck ; altera_reserved_tck ; -50.000      ; 0.340      ; 1.135      ;
+--------+--------------------------------------------------------------------------------------------------+----------------------------------------------------------------------------------------------------+---------------------+---------------------+--------------+------------+------------+


+------------------------------------------------------------------------------------------------------------------------------------------------------------------------------------------------------------------------------------------------------------------------------------------------------------------------------------------------------------------+
; Fast 1200mV 0C Model Minimum Pulse Width: 'altera_reserved_tck'                                                                                                                                                                                                                                                                                                  ;
+--------+--------------+----------------+------------------+---------------------+------------+-------------------------------------------------------------------------------------------------------------------------------------------------------------------------------------------------------------------------------------------------------------------+
; Slack  ; Actual Width ; Required Width ; Type             ; Clock               ; Clock Edge ; Target                                                                                                                                                                                                                                                            ;
+--------+--------------+----------------+------------------+---------------------+------------+-------------------------------------------------------------------------------------------------------------------------------------------------------------------------------------------------------------------------------------------------------------------+
; 49.473 ; 49.689       ; 0.216          ; High Pulse Width ; altera_reserved_tck ; Fall       ; sld_hub:auto_hub|sld_jtag_hub:\jtag_hub_gen:sld_jtag_hub_inst|tdo                                                                                                                                                                                                 ;
; 49.474 ; 49.690       ; 0.216          ; High Pulse Width ; altera_reserved_tck ; Fall       ; SoC:inst|SoC_jtag_uart:jtag_uart|alt_jtag_atlantic:SoC_jtag_uart_alt_jtag_atlantic|jupdate                                                                                                                                                                        ;
; 49.474 ; 49.690       ; 0.216          ; High Pulse Width ; altera_reserved_tck ; Fall       ; SoC:inst|SoC_jtag_uart:jtag_uart|alt_jtag_atlantic:SoC_jtag_uart_alt_jtag_atlantic|tdo~reg0                                                                                                                                                                       ;
; 49.517 ; 49.701       ; 0.184          ; Low Pulse Width  ; altera_reserved_tck ; Rise       ; SoC:inst|SoC_cpu:cpu|SoC_cpu_nios2_oci:the_SoC_cpu_nios2_oci|SoC_cpu_jtag_debug_module_wrapper:the_SoC_cpu_jtag_debug_module_wrapper|SoC_cpu_jtag_debug_module_tck:the_SoC_cpu_jtag_debug_module_tck|DRsize.000                                                   ;
; 49.517 ; 49.701       ; 0.184          ; Low Pulse Width  ; altera_reserved_tck ; Rise       ; SoC:inst|SoC_cpu:cpu|SoC_cpu_nios2_oci:the_SoC_cpu_nios2_oci|SoC_cpu_jtag_debug_module_wrapper:the_SoC_cpu_jtag_debug_module_wrapper|SoC_cpu_jtag_debug_module_tck:the_SoC_cpu_jtag_debug_module_tck|DRsize.010                                                   ;
; 49.517 ; 49.701       ; 0.184          ; Low Pulse Width  ; altera_reserved_tck ; Rise       ; SoC:inst|SoC_cpu:cpu|SoC_cpu_nios2_oci:the_SoC_cpu_nios2_oci|SoC_cpu_jtag_debug_module_wrapper:the_SoC_cpu_jtag_debug_module_wrapper|SoC_cpu_jtag_debug_module_tck:the_SoC_cpu_jtag_debug_module_tck|sr[0]                                                        ;
; 49.517 ; 49.701       ; 0.184          ; Low Pulse Width  ; altera_reserved_tck ; Rise       ; SoC:inst|SoC_cpu:cpu|SoC_cpu_nios2_oci:the_SoC_cpu_nios2_oci|SoC_cpu_jtag_debug_module_wrapper:the_SoC_cpu_jtag_debug_module_wrapper|SoC_cpu_jtag_debug_module_tck:the_SoC_cpu_jtag_debug_module_tck|sr[15]                                                       ;
; 49.517 ; 49.701       ; 0.184          ; Low Pulse Width  ; altera_reserved_tck ; Rise       ; SoC:inst|SoC_cpu:cpu|SoC_cpu_nios2_oci:the_SoC_cpu_nios2_oci|SoC_cpu_jtag_debug_module_wrapper:the_SoC_cpu_jtag_debug_module_wrapper|SoC_cpu_jtag_debug_module_tck:the_SoC_cpu_jtag_debug_module_tck|sr[35]                                                       ;
; 49.517 ; 49.701       ; 0.184          ; Low Pulse Width  ; altera_reserved_tck ; Rise       ; SoC:inst|SoC_jtag_uart:jtag_uart|alt_jtag_atlantic:SoC_jtag_uart_alt_jtag_atlantic|read                                                                                                                                                                           ;
; 49.517 ; 49.701       ; 0.184          ; Low Pulse Width  ; altera_reserved_tck ; Rise       ; SoC:inst|SoC_jtag_uart:jtag_uart|alt_jtag_atlantic:SoC_jtag_uart_alt_jtag_atlantic|read_req                                                                                                                                                                       ;
; 49.517 ; 49.701       ; 0.184          ; Low Pulse Width  ; altera_reserved_tck ; Rise       ; sld_hub:auto_hub|sld_jtag_hub:\jtag_hub_gen:sld_jtag_hub_inst|hub_minor_ver_reg[0]                                                                                                                                                                                ;
; 49.517 ; 49.701       ; 0.184          ; Low Pulse Width  ; altera_reserved_tck ; Rise       ; sld_hub:auto_hub|sld_jtag_hub:\jtag_hub_gen:sld_jtag_hub_inst|hub_minor_ver_reg[1]                                                                                                                                                                                ;
; 49.517 ; 49.701       ; 0.184          ; Low Pulse Width  ; altera_reserved_tck ; Rise       ; sld_hub:auto_hub|sld_jtag_hub:\jtag_hub_gen:sld_jtag_hub_inst|hub_minor_ver_reg[2]                                                                                                                                                                                ;
; 49.517 ; 49.701       ; 0.184          ; Low Pulse Width  ; altera_reserved_tck ; Rise       ; sld_hub:auto_hub|sld_jtag_hub:\jtag_hub_gen:sld_jtag_hub_inst|hub_minor_ver_reg[3]                                                                                                                                                                                ;
; 49.517 ; 49.701       ; 0.184          ; Low Pulse Width  ; altera_reserved_tck ; Rise       ; sld_hub:auto_hub|sld_jtag_hub:\jtag_hub_gen:sld_jtag_hub_inst|hub_mode_reg[1]                                                                                                                                                                                     ;
; 49.517 ; 49.701       ; 0.184          ; Low Pulse Width  ; altera_reserved_tck ; Rise       ; sld_hub:auto_hub|sld_jtag_hub:\jtag_hub_gen:sld_jtag_hub_inst|irf_reg[2][0]                                                                                                                                                                                       ;
; 49.517 ; 49.701       ; 0.184          ; Low Pulse Width  ; altera_reserved_tck ; Rise       ; sld_hub:auto_hub|sld_jtag_hub:\jtag_hub_gen:sld_jtag_hub_inst|irf_reg[2][1]                                                                                                                                                                                       ;
; 49.517 ; 49.701       ; 0.184          ; Low Pulse Width  ; altera_reserved_tck ; Rise       ; sld_hub:auto_hub|sld_jtag_hub:\jtag_hub_gen:sld_jtag_hub_inst|irf_reg[2][2]                                                                                                                                                                                       ;
; 49.517 ; 49.701       ; 0.184          ; Low Pulse Width  ; altera_reserved_tck ; Rise       ; sld_hub:auto_hub|sld_jtag_hub:\jtag_hub_gen:sld_jtag_hub_inst|irf_reg[2][3]                                                                                                                                                                                       ;
; 49.517 ; 49.701       ; 0.184          ; Low Pulse Width  ; altera_reserved_tck ; Rise       ; sld_hub:auto_hub|sld_jtag_hub:\jtag_hub_gen:sld_jtag_hub_inst|irf_reg[2][4]                                                                                                                                                                                       ;
; 49.517 ; 49.701       ; 0.184          ; Low Pulse Width  ; altera_reserved_tck ; Rise       ; sld_hub:auto_hub|sld_jtag_hub:\jtag_hub_gen:sld_jtag_hub_inst|irsr_reg[6]                                                                                                                                                                                         ;
; 49.517 ; 49.701       ; 0.184          ; Low Pulse Width  ; altera_reserved_tck ; Rise       ; sld_hub:auto_hub|sld_jtag_hub:\jtag_hub_gen:sld_jtag_hub_inst|shadow_irf_reg[2][0]                                                                                                                                                                                ;
; 49.517 ; 49.701       ; 0.184          ; Low Pulse Width  ; altera_reserved_tck ; Rise       ; sld_hub:auto_hub|sld_jtag_hub:\jtag_hub_gen:sld_jtag_hub_inst|shadow_irf_reg[2][1]                                                                                                                                                                                ;
; 49.517 ; 49.701       ; 0.184          ; Low Pulse Width  ; altera_reserved_tck ; Rise       ; sld_hub:auto_hub|sld_jtag_hub:\jtag_hub_gen:sld_jtag_hub_inst|shadow_irf_reg[2][2]                                                                                                                                                                                ;
; 49.517 ; 49.701       ; 0.184          ; Low Pulse Width  ; altera_reserved_tck ; Rise       ; sld_hub:auto_hub|sld_jtag_hub:\jtag_hub_gen:sld_jtag_hub_inst|shadow_irf_reg[2][3]                                                                                                                                                                                ;
; 49.517 ; 49.701       ; 0.184          ; Low Pulse Width  ; altera_reserved_tck ; Rise       ; sld_hub:auto_hub|sld_jtag_hub:\jtag_hub_gen:sld_jtag_hub_inst|shadow_irf_reg[2][4]                                                                                                                                                                                ;
; 49.517 ; 49.701       ; 0.184          ; Low Pulse Width  ; altera_reserved_tck ; Rise       ; sld_hub:auto_hub|sld_jtag_hub:\jtag_hub_gen:sld_jtag_hub_inst|sld_rom_sr:hub_info_reg|word_counter[0]                                                                                                                                                             ;
; 49.517 ; 49.701       ; 0.184          ; Low Pulse Width  ; altera_reserved_tck ; Rise       ; sld_hub:auto_hub|sld_jtag_hub:\jtag_hub_gen:sld_jtag_hub_inst|sld_rom_sr:hub_info_reg|word_counter[1]                                                                                                                                                             ;
; 49.517 ; 49.701       ; 0.184          ; Low Pulse Width  ; altera_reserved_tck ; Rise       ; sld_hub:auto_hub|sld_jtag_hub:\jtag_hub_gen:sld_jtag_hub_inst|sld_rom_sr:hub_info_reg|word_counter[2]                                                                                                                                                             ;
; 49.517 ; 49.701       ; 0.184          ; Low Pulse Width  ; altera_reserved_tck ; Rise       ; sld_hub:auto_hub|sld_jtag_hub:\jtag_hub_gen:sld_jtag_hub_inst|sld_rom_sr:hub_info_reg|word_counter[3]                                                                                                                                                             ;
; 49.517 ; 49.701       ; 0.184          ; Low Pulse Width  ; altera_reserved_tck ; Rise       ; sld_hub:auto_hub|sld_jtag_hub:\jtag_hub_gen:sld_jtag_hub_inst|sld_rom_sr:hub_info_reg|word_counter[4]                                                                                                                                                             ;
; 49.517 ; 49.701       ; 0.184          ; Low Pulse Width  ; altera_reserved_tck ; Rise       ; sld_hub:auto_hub|sld_jtag_hub:\jtag_hub_gen:sld_jtag_hub_inst|sld_shadow_jsm:shadow_jsm|tms_cnt[0]                                                                                                                                                                ;
; 49.517 ; 49.701       ; 0.184          ; Low Pulse Width  ; altera_reserved_tck ; Rise       ; sld_hub:auto_hub|sld_jtag_hub:\jtag_hub_gen:sld_jtag_hub_inst|sld_shadow_jsm:shadow_jsm|tms_cnt[1]                                                                                                                                                                ;
; 49.517 ; 49.701       ; 0.184          ; Low Pulse Width  ; altera_reserved_tck ; Rise       ; sld_hub:auto_hub|sld_jtag_hub:\jtag_hub_gen:sld_jtag_hub_inst|sld_shadow_jsm:shadow_jsm|tms_cnt[2]                                                                                                                                                                ;
; 49.518 ; 49.702       ; 0.184          ; Low Pulse Width  ; altera_reserved_tck ; Rise       ; SoC:inst|SoC_cpu:cpu|SoC_cpu_nios2_oci:the_SoC_cpu_nios2_oci|SoC_cpu_jtag_debug_module_wrapper:the_SoC_cpu_jtag_debug_module_wrapper|SoC_cpu_jtag_debug_module_tck:the_SoC_cpu_jtag_debug_module_tck|DRsize.100                                                   ;
; 49.518 ; 49.702       ; 0.184          ; Low Pulse Width  ; altera_reserved_tck ; Rise       ; SoC:inst|SoC_cpu:cpu|SoC_cpu_nios2_oci:the_SoC_cpu_nios2_oci|SoC_cpu_jtag_debug_module_wrapper:the_SoC_cpu_jtag_debug_module_wrapper|SoC_cpu_jtag_debug_module_tck:the_SoC_cpu_jtag_debug_module_tck|altera_std_synchronizer:the_altera_std_synchronizer1|din_s1  ;
; 49.518 ; 49.702       ; 0.184          ; Low Pulse Width  ; altera_reserved_tck ; Rise       ; SoC:inst|SoC_cpu:cpu|SoC_cpu_nios2_oci:the_SoC_cpu_nios2_oci|SoC_cpu_jtag_debug_module_wrapper:the_SoC_cpu_jtag_debug_module_wrapper|SoC_cpu_jtag_debug_module_tck:the_SoC_cpu_jtag_debug_module_tck|altera_std_synchronizer:the_altera_std_synchronizer1|dreg[0] ;
; 49.518 ; 49.702       ; 0.184          ; Low Pulse Width  ; altera_reserved_tck ; Rise       ; SoC:inst|SoC_cpu:cpu|SoC_cpu_nios2_oci:the_SoC_cpu_nios2_oci|SoC_cpu_jtag_debug_module_wrapper:the_SoC_cpu_jtag_debug_module_wrapper|SoC_cpu_jtag_debug_module_tck:the_SoC_cpu_jtag_debug_module_tck|altera_std_synchronizer:the_altera_std_synchronizer2|din_s1  ;
; 49.518 ; 49.702       ; 0.184          ; Low Pulse Width  ; altera_reserved_tck ; Rise       ; SoC:inst|SoC_cpu:cpu|SoC_cpu_nios2_oci:the_SoC_cpu_nios2_oci|SoC_cpu_jtag_debug_module_wrapper:the_SoC_cpu_jtag_debug_module_wrapper|SoC_cpu_jtag_debug_module_tck:the_SoC_cpu_jtag_debug_module_tck|altera_std_synchronizer:the_altera_std_synchronizer2|dreg[0] ;
; 49.518 ; 49.702       ; 0.184          ; Low Pulse Width  ; altera_reserved_tck ; Rise       ; SoC:inst|SoC_cpu:cpu|SoC_cpu_nios2_oci:the_SoC_cpu_nios2_oci|SoC_cpu_jtag_debug_module_wrapper:the_SoC_cpu_jtag_debug_module_wrapper|SoC_cpu_jtag_debug_module_tck:the_SoC_cpu_jtag_debug_module_tck|ir_out[0]                                                    ;
; 49.518 ; 49.702       ; 0.184          ; Low Pulse Width  ; altera_reserved_tck ; Rise       ; SoC:inst|SoC_cpu:cpu|SoC_cpu_nios2_oci:the_SoC_cpu_nios2_oci|SoC_cpu_jtag_debug_module_wrapper:the_SoC_cpu_jtag_debug_module_wrapper|SoC_cpu_jtag_debug_module_tck:the_SoC_cpu_jtag_debug_module_tck|ir_out[1]                                                    ;
; 49.518 ; 49.702       ; 0.184          ; Low Pulse Width  ; altera_reserved_tck ; Rise       ; SoC:inst|SoC_cpu:cpu|SoC_cpu_nios2_oci:the_SoC_cpu_nios2_oci|SoC_cpu_jtag_debug_module_wrapper:the_SoC_cpu_jtag_debug_module_wrapper|SoC_cpu_jtag_debug_module_tck:the_SoC_cpu_jtag_debug_module_tck|sr[10]                                                       ;
; 49.518 ; 49.702       ; 0.184          ; Low Pulse Width  ; altera_reserved_tck ; Rise       ; SoC:inst|SoC_cpu:cpu|SoC_cpu_nios2_oci:the_SoC_cpu_nios2_oci|SoC_cpu_jtag_debug_module_wrapper:the_SoC_cpu_jtag_debug_module_wrapper|SoC_cpu_jtag_debug_module_tck:the_SoC_cpu_jtag_debug_module_tck|sr[11]                                                       ;
; 49.518 ; 49.702       ; 0.184          ; Low Pulse Width  ; altera_reserved_tck ; Rise       ; SoC:inst|SoC_cpu:cpu|SoC_cpu_nios2_oci:the_SoC_cpu_nios2_oci|SoC_cpu_jtag_debug_module_wrapper:the_SoC_cpu_jtag_debug_module_wrapper|SoC_cpu_jtag_debug_module_tck:the_SoC_cpu_jtag_debug_module_tck|sr[12]                                                       ;
; 49.518 ; 49.702       ; 0.184          ; Low Pulse Width  ; altera_reserved_tck ; Rise       ; SoC:inst|SoC_cpu:cpu|SoC_cpu_nios2_oci:the_SoC_cpu_nios2_oci|SoC_cpu_jtag_debug_module_wrapper:the_SoC_cpu_jtag_debug_module_wrapper|SoC_cpu_jtag_debug_module_tck:the_SoC_cpu_jtag_debug_module_tck|sr[13]                                                       ;
; 49.518 ; 49.702       ; 0.184          ; Low Pulse Width  ; altera_reserved_tck ; Rise       ; SoC:inst|SoC_cpu:cpu|SoC_cpu_nios2_oci:the_SoC_cpu_nios2_oci|SoC_cpu_jtag_debug_module_wrapper:the_SoC_cpu_jtag_debug_module_wrapper|SoC_cpu_jtag_debug_module_tck:the_SoC_cpu_jtag_debug_module_tck|sr[14]                                                       ;
; 49.518 ; 49.702       ; 0.184          ; Low Pulse Width  ; altera_reserved_tck ; Rise       ; SoC:inst|SoC_cpu:cpu|SoC_cpu_nios2_oci:the_SoC_cpu_nios2_oci|SoC_cpu_jtag_debug_module_wrapper:the_SoC_cpu_jtag_debug_module_wrapper|SoC_cpu_jtag_debug_module_tck:the_SoC_cpu_jtag_debug_module_tck|sr[16]                                                       ;
; 49.518 ; 49.702       ; 0.184          ; Low Pulse Width  ; altera_reserved_tck ; Rise       ; SoC:inst|SoC_cpu:cpu|SoC_cpu_nios2_oci:the_SoC_cpu_nios2_oci|SoC_cpu_jtag_debug_module_wrapper:the_SoC_cpu_jtag_debug_module_wrapper|SoC_cpu_jtag_debug_module_tck:the_SoC_cpu_jtag_debug_module_tck|sr[17]                                                       ;
; 49.518 ; 49.702       ; 0.184          ; Low Pulse Width  ; altera_reserved_tck ; Rise       ; SoC:inst|SoC_cpu:cpu|SoC_cpu_nios2_oci:the_SoC_cpu_nios2_oci|SoC_cpu_jtag_debug_module_wrapper:the_SoC_cpu_jtag_debug_module_wrapper|SoC_cpu_jtag_debug_module_tck:the_SoC_cpu_jtag_debug_module_tck|sr[18]                                                       ;
; 49.518 ; 49.702       ; 0.184          ; Low Pulse Width  ; altera_reserved_tck ; Rise       ; SoC:inst|SoC_cpu:cpu|SoC_cpu_nios2_oci:the_SoC_cpu_nios2_oci|SoC_cpu_jtag_debug_module_wrapper:the_SoC_cpu_jtag_debug_module_wrapper|SoC_cpu_jtag_debug_module_tck:the_SoC_cpu_jtag_debug_module_tck|sr[19]                                                       ;
; 49.518 ; 49.702       ; 0.184          ; Low Pulse Width  ; altera_reserved_tck ; Rise       ; SoC:inst|SoC_cpu:cpu|SoC_cpu_nios2_oci:the_SoC_cpu_nios2_oci|SoC_cpu_jtag_debug_module_wrapper:the_SoC_cpu_jtag_debug_module_wrapper|SoC_cpu_jtag_debug_module_tck:the_SoC_cpu_jtag_debug_module_tck|sr[1]                                                        ;
; 49.518 ; 49.702       ; 0.184          ; Low Pulse Width  ; altera_reserved_tck ; Rise       ; SoC:inst|SoC_cpu:cpu|SoC_cpu_nios2_oci:the_SoC_cpu_nios2_oci|SoC_cpu_jtag_debug_module_wrapper:the_SoC_cpu_jtag_debug_module_wrapper|SoC_cpu_jtag_debug_module_tck:the_SoC_cpu_jtag_debug_module_tck|sr[20]                                                       ;
; 49.518 ; 49.702       ; 0.184          ; Low Pulse Width  ; altera_reserved_tck ; Rise       ; SoC:inst|SoC_cpu:cpu|SoC_cpu_nios2_oci:the_SoC_cpu_nios2_oci|SoC_cpu_jtag_debug_module_wrapper:the_SoC_cpu_jtag_debug_module_wrapper|SoC_cpu_jtag_debug_module_tck:the_SoC_cpu_jtag_debug_module_tck|sr[21]                                                       ;
; 49.518 ; 49.702       ; 0.184          ; Low Pulse Width  ; altera_reserved_tck ; Rise       ; SoC:inst|SoC_cpu:cpu|SoC_cpu_nios2_oci:the_SoC_cpu_nios2_oci|SoC_cpu_jtag_debug_module_wrapper:the_SoC_cpu_jtag_debug_module_wrapper|SoC_cpu_jtag_debug_module_tck:the_SoC_cpu_jtag_debug_module_tck|sr[22]                                                       ;
; 49.518 ; 49.702       ; 0.184          ; Low Pulse Width  ; altera_reserved_tck ; Rise       ; SoC:inst|SoC_cpu:cpu|SoC_cpu_nios2_oci:the_SoC_cpu_nios2_oci|SoC_cpu_jtag_debug_module_wrapper:the_SoC_cpu_jtag_debug_module_wrapper|SoC_cpu_jtag_debug_module_tck:the_SoC_cpu_jtag_debug_module_tck|sr[23]                                                       ;
; 49.518 ; 49.702       ; 0.184          ; Low Pulse Width  ; altera_reserved_tck ; Rise       ; SoC:inst|SoC_cpu:cpu|SoC_cpu_nios2_oci:the_SoC_cpu_nios2_oci|SoC_cpu_jtag_debug_module_wrapper:the_SoC_cpu_jtag_debug_module_wrapper|SoC_cpu_jtag_debug_module_tck:the_SoC_cpu_jtag_debug_module_tck|sr[24]                                                       ;
; 49.518 ; 49.702       ; 0.184          ; Low Pulse Width  ; altera_reserved_tck ; Rise       ; SoC:inst|SoC_cpu:cpu|SoC_cpu_nios2_oci:the_SoC_cpu_nios2_oci|SoC_cpu_jtag_debug_module_wrapper:the_SoC_cpu_jtag_debug_module_wrapper|SoC_cpu_jtag_debug_module_tck:the_SoC_cpu_jtag_debug_module_tck|sr[25]                                                       ;
; 49.518 ; 49.702       ; 0.184          ; Low Pulse Width  ; altera_reserved_tck ; Rise       ; SoC:inst|SoC_cpu:cpu|SoC_cpu_nios2_oci:the_SoC_cpu_nios2_oci|SoC_cpu_jtag_debug_module_wrapper:the_SoC_cpu_jtag_debug_module_wrapper|SoC_cpu_jtag_debug_module_tck:the_SoC_cpu_jtag_debug_module_tck|sr[26]                                                       ;
; 49.518 ; 49.702       ; 0.184          ; Low Pulse Width  ; altera_reserved_tck ; Rise       ; SoC:inst|SoC_cpu:cpu|SoC_cpu_nios2_oci:the_SoC_cpu_nios2_oci|SoC_cpu_jtag_debug_module_wrapper:the_SoC_cpu_jtag_debug_module_wrapper|SoC_cpu_jtag_debug_module_tck:the_SoC_cpu_jtag_debug_module_tck|sr[27]                                                       ;
; 49.518 ; 49.702       ; 0.184          ; Low Pulse Width  ; altera_reserved_tck ; Rise       ; SoC:inst|SoC_cpu:cpu|SoC_cpu_nios2_oci:the_SoC_cpu_nios2_oci|SoC_cpu_jtag_debug_module_wrapper:the_SoC_cpu_jtag_debug_module_wrapper|SoC_cpu_jtag_debug_module_tck:the_SoC_cpu_jtag_debug_module_tck|sr[28]                                                       ;
; 49.518 ; 49.702       ; 0.184          ; Low Pulse Width  ; altera_reserved_tck ; Rise       ; SoC:inst|SoC_cpu:cpu|SoC_cpu_nios2_oci:the_SoC_cpu_nios2_oci|SoC_cpu_jtag_debug_module_wrapper:the_SoC_cpu_jtag_debug_module_wrapper|SoC_cpu_jtag_debug_module_tck:the_SoC_cpu_jtag_debug_module_tck|sr[29]                                                       ;
; 49.518 ; 49.702       ; 0.184          ; Low Pulse Width  ; altera_reserved_tck ; Rise       ; SoC:inst|SoC_cpu:cpu|SoC_cpu_nios2_oci:the_SoC_cpu_nios2_oci|SoC_cpu_jtag_debug_module_wrapper:the_SoC_cpu_jtag_debug_module_wrapper|SoC_cpu_jtag_debug_module_tck:the_SoC_cpu_jtag_debug_module_tck|sr[2]                                                        ;
; 49.518 ; 49.702       ; 0.184          ; Low Pulse Width  ; altera_reserved_tck ; Rise       ; SoC:inst|SoC_cpu:cpu|SoC_cpu_nios2_oci:the_SoC_cpu_nios2_oci|SoC_cpu_jtag_debug_module_wrapper:the_SoC_cpu_jtag_debug_module_wrapper|SoC_cpu_jtag_debug_module_tck:the_SoC_cpu_jtag_debug_module_tck|sr[30]                                                       ;
; 49.518 ; 49.702       ; 0.184          ; Low Pulse Width  ; altera_reserved_tck ; Rise       ; SoC:inst|SoC_cpu:cpu|SoC_cpu_nios2_oci:the_SoC_cpu_nios2_oci|SoC_cpu_jtag_debug_module_wrapper:the_SoC_cpu_jtag_debug_module_wrapper|SoC_cpu_jtag_debug_module_tck:the_SoC_cpu_jtag_debug_module_tck|sr[31]                                                       ;
; 49.518 ; 49.702       ; 0.184          ; Low Pulse Width  ; altera_reserved_tck ; Rise       ; SoC:inst|SoC_cpu:cpu|SoC_cpu_nios2_oci:the_SoC_cpu_nios2_oci|SoC_cpu_jtag_debug_module_wrapper:the_SoC_cpu_jtag_debug_module_wrapper|SoC_cpu_jtag_debug_module_tck:the_SoC_cpu_jtag_debug_module_tck|sr[32]                                                       ;
; 49.518 ; 49.702       ; 0.184          ; Low Pulse Width  ; altera_reserved_tck ; Rise       ; SoC:inst|SoC_cpu:cpu|SoC_cpu_nios2_oci:the_SoC_cpu_nios2_oci|SoC_cpu_jtag_debug_module_wrapper:the_SoC_cpu_jtag_debug_module_wrapper|SoC_cpu_jtag_debug_module_tck:the_SoC_cpu_jtag_debug_module_tck|sr[33]                                                       ;
; 49.518 ; 49.702       ; 0.184          ; Low Pulse Width  ; altera_reserved_tck ; Rise       ; SoC:inst|SoC_cpu:cpu|SoC_cpu_nios2_oci:the_SoC_cpu_nios2_oci|SoC_cpu_jtag_debug_module_wrapper:the_SoC_cpu_jtag_debug_module_wrapper|SoC_cpu_jtag_debug_module_tck:the_SoC_cpu_jtag_debug_module_tck|sr[34]                                                       ;
; 49.518 ; 49.702       ; 0.184          ; Low Pulse Width  ; altera_reserved_tck ; Rise       ; SoC:inst|SoC_cpu:cpu|SoC_cpu_nios2_oci:the_SoC_cpu_nios2_oci|SoC_cpu_jtag_debug_module_wrapper:the_SoC_cpu_jtag_debug_module_wrapper|SoC_cpu_jtag_debug_module_tck:the_SoC_cpu_jtag_debug_module_tck|sr[36]                                                       ;
; 49.518 ; 49.702       ; 0.184          ; Low Pulse Width  ; altera_reserved_tck ; Rise       ; SoC:inst|SoC_cpu:cpu|SoC_cpu_nios2_oci:the_SoC_cpu_nios2_oci|SoC_cpu_jtag_debug_module_wrapper:the_SoC_cpu_jtag_debug_module_wrapper|SoC_cpu_jtag_debug_module_tck:the_SoC_cpu_jtag_debug_module_tck|sr[37]                                                       ;
; 49.518 ; 49.702       ; 0.184          ; Low Pulse Width  ; altera_reserved_tck ; Rise       ; SoC:inst|SoC_cpu:cpu|SoC_cpu_nios2_oci:the_SoC_cpu_nios2_oci|SoC_cpu_jtag_debug_module_wrapper:the_SoC_cpu_jtag_debug_module_wrapper|SoC_cpu_jtag_debug_module_tck:the_SoC_cpu_jtag_debug_module_tck|sr[3]                                                        ;
; 49.518 ; 49.702       ; 0.184          ; Low Pulse Width  ; altera_reserved_tck ; Rise       ; SoC:inst|SoC_cpu:cpu|SoC_cpu_nios2_oci:the_SoC_cpu_nios2_oci|SoC_cpu_jtag_debug_module_wrapper:the_SoC_cpu_jtag_debug_module_wrapper|SoC_cpu_jtag_debug_module_tck:the_SoC_cpu_jtag_debug_module_tck|sr[4]                                                        ;
; 49.518 ; 49.702       ; 0.184          ; Low Pulse Width  ; altera_reserved_tck ; Rise       ; SoC:inst|SoC_cpu:cpu|SoC_cpu_nios2_oci:the_SoC_cpu_nios2_oci|SoC_cpu_jtag_debug_module_wrapper:the_SoC_cpu_jtag_debug_module_wrapper|SoC_cpu_jtag_debug_module_tck:the_SoC_cpu_jtag_debug_module_tck|sr[5]                                                        ;
; 49.518 ; 49.702       ; 0.184          ; Low Pulse Width  ; altera_reserved_tck ; Rise       ; SoC:inst|SoC_cpu:cpu|SoC_cpu_nios2_oci:the_SoC_cpu_nios2_oci|SoC_cpu_jtag_debug_module_wrapper:the_SoC_cpu_jtag_debug_module_wrapper|SoC_cpu_jtag_debug_module_tck:the_SoC_cpu_jtag_debug_module_tck|sr[6]                                                        ;
; 49.518 ; 49.702       ; 0.184          ; Low Pulse Width  ; altera_reserved_tck ; Rise       ; SoC:inst|SoC_cpu:cpu|SoC_cpu_nios2_oci:the_SoC_cpu_nios2_oci|SoC_cpu_jtag_debug_module_wrapper:the_SoC_cpu_jtag_debug_module_wrapper|SoC_cpu_jtag_debug_module_tck:the_SoC_cpu_jtag_debug_module_tck|sr[7]                                                        ;
; 49.518 ; 49.702       ; 0.184          ; Low Pulse Width  ; altera_reserved_tck ; Rise       ; SoC:inst|SoC_cpu:cpu|SoC_cpu_nios2_oci:the_SoC_cpu_nios2_oci|SoC_cpu_jtag_debug_module_wrapper:the_SoC_cpu_jtag_debug_module_wrapper|SoC_cpu_jtag_debug_module_tck:the_SoC_cpu_jtag_debug_module_tck|sr[8]                                                        ;
; 49.518 ; 49.702       ; 0.184          ; Low Pulse Width  ; altera_reserved_tck ; Rise       ; SoC:inst|SoC_cpu:cpu|SoC_cpu_nios2_oci:the_SoC_cpu_nios2_oci|SoC_cpu_jtag_debug_module_wrapper:the_SoC_cpu_jtag_debug_module_wrapper|SoC_cpu_jtag_debug_module_tck:the_SoC_cpu_jtag_debug_module_tck|sr[9]                                                        ;
; 49.518 ; 49.702       ; 0.184          ; Low Pulse Width  ; altera_reserved_tck ; Rise       ; SoC:inst|SoC_jtag_uart:jtag_uart|alt_jtag_atlantic:SoC_jtag_uart_alt_jtag_atlantic|count[0]                                                                                                                                                                       ;
; 49.518 ; 49.702       ; 0.184          ; Low Pulse Width  ; altera_reserved_tck ; Rise       ; SoC:inst|SoC_jtag_uart:jtag_uart|alt_jtag_atlantic:SoC_jtag_uart_alt_jtag_atlantic|count[1]                                                                                                                                                                       ;
; 49.518 ; 49.702       ; 0.184          ; Low Pulse Width  ; altera_reserved_tck ; Rise       ; SoC:inst|SoC_jtag_uart:jtag_uart|alt_jtag_atlantic:SoC_jtag_uart_alt_jtag_atlantic|count[2]                                                                                                                                                                       ;
; 49.518 ; 49.702       ; 0.184          ; Low Pulse Width  ; altera_reserved_tck ; Rise       ; SoC:inst|SoC_jtag_uart:jtag_uart|alt_jtag_atlantic:SoC_jtag_uart_alt_jtag_atlantic|count[3]                                                                                                                                                                       ;
; 49.518 ; 49.702       ; 0.184          ; Low Pulse Width  ; altera_reserved_tck ; Rise       ; SoC:inst|SoC_jtag_uart:jtag_uart|alt_jtag_atlantic:SoC_jtag_uart_alt_jtag_atlantic|count[4]                                                                                                                                                                       ;
; 49.518 ; 49.702       ; 0.184          ; Low Pulse Width  ; altera_reserved_tck ; Rise       ; SoC:inst|SoC_jtag_uart:jtag_uart|alt_jtag_atlantic:SoC_jtag_uart_alt_jtag_atlantic|count[5]                                                                                                                                                                       ;
; 49.518 ; 49.702       ; 0.184          ; Low Pulse Width  ; altera_reserved_tck ; Rise       ; SoC:inst|SoC_jtag_uart:jtag_uart|alt_jtag_atlantic:SoC_jtag_uart_alt_jtag_atlantic|count[6]                                                                                                                                                                       ;
; 49.518 ; 49.702       ; 0.184          ; Low Pulse Width  ; altera_reserved_tck ; Rise       ; SoC:inst|SoC_jtag_uart:jtag_uart|alt_jtag_atlantic:SoC_jtag_uart_alt_jtag_atlantic|count[7]                                                                                                                                                                       ;
; 49.518 ; 49.702       ; 0.184          ; Low Pulse Width  ; altera_reserved_tck ; Rise       ; SoC:inst|SoC_jtag_uart:jtag_uart|alt_jtag_atlantic:SoC_jtag_uart_alt_jtag_atlantic|count[8]                                                                                                                                                                       ;
; 49.518 ; 49.702       ; 0.184          ; Low Pulse Width  ; altera_reserved_tck ; Rise       ; SoC:inst|SoC_jtag_uart:jtag_uart|alt_jtag_atlantic:SoC_jtag_uart_alt_jtag_atlantic|count[9]                                                                                                                                                                       ;
; 49.518 ; 49.702       ; 0.184          ; Low Pulse Width  ; altera_reserved_tck ; Rise       ; SoC:inst|SoC_jtag_uart:jtag_uart|alt_jtag_atlantic:SoC_jtag_uart_alt_jtag_atlantic|state                                                                                                                                                                          ;
; 49.518 ; 49.702       ; 0.184          ; Low Pulse Width  ; altera_reserved_tck ; Rise       ; SoC:inst|SoC_jtag_uart:jtag_uart|alt_jtag_atlantic:SoC_jtag_uart_alt_jtag_atlantic|tck_t_dav                                                                                                                                                                      ;
; 49.518 ; 49.702       ; 0.184          ; Low Pulse Width  ; altera_reserved_tck ; Rise       ; SoC:inst|SoC_jtag_uart:jtag_uart|alt_jtag_atlantic:SoC_jtag_uart_alt_jtag_atlantic|td_shift[0]                                                                                                                                                                    ;
; 49.518 ; 49.702       ; 0.184          ; Low Pulse Width  ; altera_reserved_tck ; Rise       ; SoC:inst|SoC_jtag_uart:jtag_uart|alt_jtag_atlantic:SoC_jtag_uart_alt_jtag_atlantic|td_shift[10]                                                                                                                                                                   ;
; 49.518 ; 49.702       ; 0.184          ; Low Pulse Width  ; altera_reserved_tck ; Rise       ; SoC:inst|SoC_jtag_uart:jtag_uart|alt_jtag_atlantic:SoC_jtag_uart_alt_jtag_atlantic|td_shift[1]                                                                                                                                                                    ;
; 49.518 ; 49.702       ; 0.184          ; Low Pulse Width  ; altera_reserved_tck ; Rise       ; SoC:inst|SoC_jtag_uart:jtag_uart|alt_jtag_atlantic:SoC_jtag_uart_alt_jtag_atlantic|td_shift[2]                                                                                                                                                                    ;
; 49.518 ; 49.702       ; 0.184          ; Low Pulse Width  ; altera_reserved_tck ; Rise       ; SoC:inst|SoC_jtag_uart:jtag_uart|alt_jtag_atlantic:SoC_jtag_uart_alt_jtag_atlantic|td_shift[3]                                                                                                                                                                    ;
; 49.518 ; 49.702       ; 0.184          ; Low Pulse Width  ; altera_reserved_tck ; Rise       ; SoC:inst|SoC_jtag_uart:jtag_uart|alt_jtag_atlantic:SoC_jtag_uart_alt_jtag_atlantic|td_shift[4]                                                                                                                                                                    ;
; 49.518 ; 49.702       ; 0.184          ; Low Pulse Width  ; altera_reserved_tck ; Rise       ; SoC:inst|SoC_jtag_uart:jtag_uart|alt_jtag_atlantic:SoC_jtag_uart_alt_jtag_atlantic|td_shift[5]                                                                                                                                                                    ;
; 49.518 ; 49.702       ; 0.184          ; Low Pulse Width  ; altera_reserved_tck ; Rise       ; SoC:inst|SoC_jtag_uart:jtag_uart|alt_jtag_atlantic:SoC_jtag_uart_alt_jtag_atlantic|td_shift[6]                                                                                                                                                                    ;
; 49.518 ; 49.702       ; 0.184          ; Low Pulse Width  ; altera_reserved_tck ; Rise       ; SoC:inst|SoC_jtag_uart:jtag_uart|alt_jtag_atlantic:SoC_jtag_uart_alt_jtag_atlantic|td_shift[7]                                                                                                                                                                    ;
; 49.518 ; 49.702       ; 0.184          ; Low Pulse Width  ; altera_reserved_tck ; Rise       ; SoC:inst|SoC_jtag_uart:jtag_uart|alt_jtag_atlantic:SoC_jtag_uart_alt_jtag_atlantic|td_shift[8]                                                                                                                                                                    ;
; 49.518 ; 49.702       ; 0.184          ; Low Pulse Width  ; altera_reserved_tck ; Rise       ; SoC:inst|SoC_jtag_uart:jtag_uart|alt_jtag_atlantic:SoC_jtag_uart_alt_jtag_atlantic|td_shift[9]                                                                                                                                                                    ;
; 49.518 ; 49.702       ; 0.184          ; Low Pulse Width  ; altera_reserved_tck ; Rise       ; SoC:inst|SoC_jtag_uart:jtag_uart|alt_jtag_atlantic:SoC_jtag_uart_alt_jtag_atlantic|user_saw_rvalid                                                                                                                                                                ;
+--------+--------------+----------------+------------------+---------------------+------------+-------------------------------------------------------------------------------------------------------------------------------------------------------------------------------------------------------------------------------------------------------------------+


+----------------------------------------------------------------------------------------------+
; Setup Times                                                                                  ;
+---------------------+---------------------+-------+-------+------------+---------------------+
; Data Port           ; Clock Port          ; Rise  ; Fall  ; Clock Edge ; Clock Reference     ;
+---------------------+---------------------+-------+-------+------------+---------------------+
; altera_reserved_tdi ; altera_reserved_tck ; 2.575 ; 2.610 ; Rise       ; altera_reserved_tck ;
; altera_reserved_tms ; altera_reserved_tck ; 5.492 ; 5.531 ; Rise       ; altera_reserved_tck ;
+---------------------+---------------------+-------+-------+------------+---------------------+


+------------------------------------------------------------------------------------------------+
; Hold Times                                                                                     ;
+---------------------+---------------------+--------+--------+------------+---------------------+
; Data Port           ; Clock Port          ; Rise   ; Fall   ; Clock Edge ; Clock Reference     ;
+---------------------+---------------------+--------+--------+------------+---------------------+
; altera_reserved_tdi ; altera_reserved_tck ; -0.730 ; -0.790 ; Rise       ; altera_reserved_tck ;
; altera_reserved_tms ; altera_reserved_tck ; -2.594 ; -2.538 ; Rise       ; altera_reserved_tck ;
+---------------------+---------------------+--------+--------+------------+---------------------+


+----------------------------------------------------------------------------------------------+
; Clock to Output Times                                                                        ;
+---------------------+---------------------+-------+-------+------------+---------------------+
; Data Port           ; Clock Port          ; Rise  ; Fall  ; Clock Edge ; Clock Reference     ;
+---------------------+---------------------+-------+-------+------------+---------------------+
; altera_reserved_tdo ; altera_reserved_tck ; 7.679 ; 8.361 ; Fall       ; altera_reserved_tck ;
+---------------------+---------------------+-------+-------+------------+---------------------+


+----------------------------------------------------------------------------------------------+
; Minimum Clock to Output Times                                                                ;
+---------------------+---------------------+-------+-------+------------+---------------------+
; Data Port           ; Clock Port          ; Rise  ; Fall  ; Clock Edge ; Clock Reference     ;
+---------------------+---------------------+-------+-------+------------+---------------------+
; altera_reserved_tdo ; altera_reserved_tck ; 6.447 ; 7.121 ; Fall       ; altera_reserved_tck ;
+---------------------+---------------------+-------+-------+------------+---------------------+


+----------------------------------------------------+
; Propagation Delay                                  ;
+------------+-------------+-------+----+----+-------+
; Input Port ; Output Port ; RR    ; RF ; FR ; FF    ;
+------------+-------------+-------+----+----+-------+
; INPUT      ; SDRAM_CLK   ; 0.419 ;    ;    ; 0.850 ;
+------------+-------------+-------+----+----+-------+


+----------------------------------------------------+
; Minimum Propagation Delay                          ;
+------------+-------------+-------+----+----+-------+
; Input Port ; Output Port ; RR    ; RF ; FR ; FF    ;
+------------+-------------+-------+----+----+-------+
; INPUT      ; SDRAM_CLK   ; 0.180 ;    ;    ; 0.609 ;
+------------+-------------+-------+----+----+-------+


----------------
; MTBF Summary ;
----------------
Typical MTBF of Design is 1e+09 years or 3.15e+16 seconds.

Number of Synchronizer Chains Found: 2
Shortest Synchronizer Chain: 2 Registers
Fraction of Chains for which MTBFs Could Not be Calculated: 0.000
Worst Case Available Settling Time: 198.451 ns

Typical MTBF values are calculated based on the nominal silicon characteristics, at nominal operating conditions.
  - Under typical conditions, an increase of 100ps in available settling time will increase MTBF values by a factor of 10.8



+------------------------------------------------------------------------------------------------------------------------------------------------------------------------------------------------------------------------------------------------------------------------------------------------------------------------------------------------------------------------------------------------------------------------------------------------------+
; Synchronizer Summary                                                                                                                                                                                                                                                                                                                                                                                                                                 ;
+--------------------------------------------------------------------------------------------------------------------------------+------------------------------------------------------------------------------------------------------------------------------------------------------------------------------------------------------------------------------------------------------------------+------------------------+-------------------------+
; Source Node                                                                                                                    ; Synchronization Node                                                                                                                                                                                                                                             ; Typical MTBF (Years)   ; Included in Design MTBF ;
+--------------------------------------------------------------------------------------------------------------------------------+------------------------------------------------------------------------------------------------------------------------------------------------------------------------------------------------------------------------------------------------------------------+------------------------+-------------------------+
; SoC:inst|SoC_cpu:cpu|hbreak_enabled                                                                                            ; SoC:inst|SoC_cpu:cpu|SoC_cpu_nios2_oci:the_SoC_cpu_nios2_oci|SoC_cpu_jtag_debug_module_wrapper:the_SoC_cpu_jtag_debug_module_wrapper|SoC_cpu_jtag_debug_module_tck:the_SoC_cpu_jtag_debug_module_tck|altera_std_synchronizer:the_altera_std_synchronizer1|din_s1 ; Greater than 1 Billion ; Yes                     ;
; SoC:inst|SoC_cpu:cpu|SoC_cpu_nios2_oci:the_SoC_cpu_nios2_oci|SoC_cpu_nios2_oci_debug:the_SoC_cpu_nios2_oci_debug|monitor_ready ; SoC:inst|SoC_cpu:cpu|SoC_cpu_nios2_oci:the_SoC_cpu_nios2_oci|SoC_cpu_jtag_debug_module_wrapper:the_SoC_cpu_jtag_debug_module_wrapper|SoC_cpu_jtag_debug_module_tck:the_SoC_cpu_jtag_debug_module_tck|altera_std_synchronizer:the_altera_std_synchronizer2|din_s1 ; Greater than 1 Billion ; Yes                     ;
+--------------------------------------------------------------------------------------------------------------------------------+------------------------------------------------------------------------------------------------------------------------------------------------------------------------------------------------------------------------------------------------------------------+------------------------+-------------------------+


Synchronizer Chain #1: Typical MTBF is Greater than 1 Billion Years
===============================================================================
+--------------------------------------------------------------------------------------------------------------------------------------------------------------------------------------------------------------------------------------------------------------------------------------------+
; Chain Summary                                                                                                                                                                                                                                                                              ;
+-------------------------+------------------------------------------------------------------------------------------------------------------------------------------------------------------------------------------------------------------------------------------------------------------+
; Property                ; Value                                                                                                                                                                                                                                                            ;
+-------------------------+------------------------------------------------------------------------------------------------------------------------------------------------------------------------------------------------------------------------------------------------------------------+
; Source Node             ; SoC:inst|SoC_cpu:cpu|hbreak_enabled                                                                                                                                                                                                                              ;
; Synchronization Node    ; SoC:inst|SoC_cpu:cpu|SoC_cpu_nios2_oci:the_SoC_cpu_nios2_oci|SoC_cpu_jtag_debug_module_wrapper:the_SoC_cpu_jtag_debug_module_wrapper|SoC_cpu_jtag_debug_module_tck:the_SoC_cpu_jtag_debug_module_tck|altera_std_synchronizer:the_altera_std_synchronizer1|din_s1 ;
; Typical MTBF (years)    ; Greater than 1 Billion                                                                                                                                                                                                                                           ;
; Included in Design MTBF ; Yes                                                                                                                                                                                                                                                              ;
+-------------------------+------------------------------------------------------------------------------------------------------------------------------------------------------------------------------------------------------------------------------------------------------------------+

+----------------------------------------------------------------------------------------------------------------------------------------------------------------------------------------------------------------------------------------------------------------------------------------------------------------------------------------------+
; Statistics                                                                                                                                                                                                                                                                                                                                   ;
+--------------------------------------------------------------------------------------------------------------------------------------------------------------------------------------------------------------------------------------------------------------------+------------------------+--------------+------------------+--------------+
; Property                                                                                                                                                                                                                                                           ; Value                  ; Clock Period ; Active Edge Rate ; Output Slack ;
+--------------------------------------------------------------------------------------------------------------------------------------------------------------------------------------------------------------------------------------------------------------------+------------------------+--------------+------------------+--------------+
; Method of Synchronizer Identification                                                                                                                                                                                                                              ; User Specified         ;              ;                  ;              ;
; Typical MTBF (years)                                                                                                                                                                                                                                               ; Greater than 1 Billion ;              ;                  ;              ;
; Number of Synchronization Registers in Chain                                                                                                                                                                                                                       ; 2                      ;              ;                  ;              ;
; Available Settling Time (ns)                                                                                                                                                                                                                                       ; 198.451                ;              ;                  ;              ;
; Data Toggle Rate Used in MTBF Calculation (millions of transitions / sec)                                                                                                                                                                                          ; 1.25                   ;              ;                  ;              ;
; Source Clock                                                                                                                                                                                                                                                       ;                        ;              ;                  ;              ;
;  Unknown                                                                                                                                                                                                                                                           ;                        ;              ;                  ;              ;
; Synchronization Clock                                                                                                                                                                                                                                              ;                        ;              ;                  ;              ;
;  altera_reserved_tck                                                                                                                                                                                                                                               ;                        ; 100.000      ; 10.0 MHz         ;              ;
; Asynchronous Source                                                                                                                                                                                                                                                ;                        ;              ;                  ;              ;
;  SoC:inst|SoC_cpu:cpu|hbreak_enabled                                                                                                                                                                                                                               ;                        ;              ;                  ;              ;
; Synchronization Registers                                                                                                                                                                                                                                          ;                        ;              ;                  ;              ;
;  SoC:inst|SoC_cpu:cpu|SoC_cpu_nios2_oci:the_SoC_cpu_nios2_oci|SoC_cpu_jtag_debug_module_wrapper:the_SoC_cpu_jtag_debug_module_wrapper|SoC_cpu_jtag_debug_module_tck:the_SoC_cpu_jtag_debug_module_tck|altera_std_synchronizer:the_altera_std_synchronizer1|din_s1  ;                        ;              ;                  ; 99.591       ;
;  SoC:inst|SoC_cpu:cpu|SoC_cpu_nios2_oci:the_SoC_cpu_nios2_oci|SoC_cpu_jtag_debug_module_wrapper:the_SoC_cpu_jtag_debug_module_wrapper|SoC_cpu_jtag_debug_module_tck:the_SoC_cpu_jtag_debug_module_tck|altera_std_synchronizer:the_altera_std_synchronizer1|dreg[0] ;                        ;              ;                  ; 98.860       ;
+--------------------------------------------------------------------------------------------------------------------------------------------------------------------------------------------------------------------------------------------------------------------+------------------------+--------------+------------------+--------------+



Synchronizer Chain #2: Typical MTBF is Greater than 1 Billion Years
===============================================================================
+--------------------------------------------------------------------------------------------------------------------------------------------------------------------------------------------------------------------------------------------------------------------------------------------+
; Chain Summary                                                                                                                                                                                                                                                                              ;
+-------------------------+------------------------------------------------------------------------------------------------------------------------------------------------------------------------------------------------------------------------------------------------------------------+
; Property                ; Value                                                                                                                                                                                                                                                            ;
+-------------------------+------------------------------------------------------------------------------------------------------------------------------------------------------------------------------------------------------------------------------------------------------------------+
; Source Node             ; SoC:inst|SoC_cpu:cpu|SoC_cpu_nios2_oci:the_SoC_cpu_nios2_oci|SoC_cpu_nios2_oci_debug:the_SoC_cpu_nios2_oci_debug|monitor_ready                                                                                                                                   ;
; Synchronization Node    ; SoC:inst|SoC_cpu:cpu|SoC_cpu_nios2_oci:the_SoC_cpu_nios2_oci|SoC_cpu_jtag_debug_module_wrapper:the_SoC_cpu_jtag_debug_module_wrapper|SoC_cpu_jtag_debug_module_tck:the_SoC_cpu_jtag_debug_module_tck|altera_std_synchronizer:the_altera_std_synchronizer2|din_s1 ;
; Typical MTBF (years)    ; Greater than 1 Billion                                                                                                                                                                                                                                           ;
; Included in Design MTBF ; Yes                                                                                                                                                                                                                                                              ;
+-------------------------+------------------------------------------------------------------------------------------------------------------------------------------------------------------------------------------------------------------------------------------------------------------+

+----------------------------------------------------------------------------------------------------------------------------------------------------------------------------------------------------------------------------------------------------------------------------------------------------------------------------------------------+
; Statistics                                                                                                                                                                                                                                                                                                                                   ;
+--------------------------------------------------------------------------------------------------------------------------------------------------------------------------------------------------------------------------------------------------------------------+------------------------+--------------+------------------+--------------+
; Property                                                                                                                                                                                                                                                           ; Value                  ; Clock Period ; Active Edge Rate ; Output Slack ;
+--------------------------------------------------------------------------------------------------------------------------------------------------------------------------------------------------------------------------------------------------------------------+------------------------+--------------+------------------+--------------+
; Method of Synchronizer Identification                                                                                                                                                                                                                              ; User Specified         ;              ;                  ;              ;
; Typical MTBF (years)                                                                                                                                                                                                                                               ; Greater than 1 Billion ;              ;                  ;              ;
; Number of Synchronization Registers in Chain                                                                                                                                                                                                                       ; 2                      ;              ;                  ;              ;
; Available Settling Time (ns)                                                                                                                                                                                                                                       ; 198.796                ;              ;                  ;              ;
; Data Toggle Rate Used in MTBF Calculation (millions of transitions / sec)                                                                                                                                                                                          ; 1.25                   ;              ;                  ;              ;
; Source Clock                                                                                                                                                                                                                                                       ;                        ;              ;                  ;              ;
;  Unknown                                                                                                                                                                                                                                                           ;                        ;              ;                  ;              ;
; Synchronization Clock                                                                                                                                                                                                                                              ;                        ;              ;                  ;              ;
;  altera_reserved_tck                                                                                                                                                                                                                                               ;                        ; 100.000      ; 10.0 MHz         ;              ;
; Asynchronous Source                                                                                                                                                                                                                                                ;                        ;              ;                  ;              ;
;  SoC:inst|SoC_cpu:cpu|SoC_cpu_nios2_oci:the_SoC_cpu_nios2_oci|SoC_cpu_nios2_oci_debug:the_SoC_cpu_nios2_oci_debug|monitor_ready                                                                                                                                    ;                        ;              ;                  ;              ;
; Synchronization Registers                                                                                                                                                                                                                                          ;                        ;              ;                  ;              ;
;  SoC:inst|SoC_cpu:cpu|SoC_cpu_nios2_oci:the_SoC_cpu_nios2_oci|SoC_cpu_jtag_debug_module_wrapper:the_SoC_cpu_jtag_debug_module_wrapper|SoC_cpu_jtag_debug_module_tck:the_SoC_cpu_jtag_debug_module_tck|altera_std_synchronizer:the_altera_std_synchronizer2|din_s1  ;                        ;              ;                  ; 99.592       ;
;  SoC:inst|SoC_cpu:cpu|SoC_cpu_nios2_oci:the_SoC_cpu_nios2_oci|SoC_cpu_jtag_debug_module_wrapper:the_SoC_cpu_jtag_debug_module_wrapper|SoC_cpu_jtag_debug_module_tck:the_SoC_cpu_jtag_debug_module_tck|altera_std_synchronizer:the_altera_std_synchronizer2|dreg[0] ;                        ;              ;                  ; 99.204       ;
+--------------------------------------------------------------------------------------------------------------------------------------------------------------------------------------------------------------------------------------------------------------------+------------------------+--------------+------------------+--------------+



+----------------------------------------------------------------------------------+
; Multicorner Timing Analysis Summary                                              ;
+----------------------+--------+-------+----------+---------+---------------------+
; Clock                ; Setup  ; Hold  ; Recovery ; Removal ; Minimum Pulse Width ;
+----------------------+--------+-------+----------+---------+---------------------+
; Worst-case Slack     ; 46.105 ; 0.181 ; 47.574   ; 0.566   ; 49.473              ;
;  altera_reserved_tck ; 46.105 ; 0.181 ; 47.574   ; 0.566   ; 49.473              ;
; Design-wide TNS      ; 0.0    ; 0.0   ; 0.0      ; 0.0     ; 0.0                 ;
;  altera_reserved_tck ; 0.000  ; 0.000 ; 0.000    ; 0.000   ; 0.000               ;
+----------------------+--------+-------+----------+---------+---------------------+


+------------------------------------------------------------------------------------------------+
; Setup Times                                                                                    ;
+---------------------+---------------------+--------+--------+------------+---------------------+
; Data Port           ; Clock Port          ; Rise   ; Fall   ; Clock Edge ; Clock Reference     ;
+---------------------+---------------------+--------+--------+------------+---------------------+
; altera_reserved_tdi ; altera_reserved_tck ; 5.343  ; 5.461  ; Rise       ; altera_reserved_tck ;
; altera_reserved_tms ; altera_reserved_tck ; 12.011 ; 12.029 ; Rise       ; altera_reserved_tck ;
+---------------------+---------------------+--------+--------+------------+---------------------+


+------------------------------------------------------------------------------------------------+
; Hold Times                                                                                     ;
+---------------------+---------------------+--------+--------+------------+---------------------+
; Data Port           ; Clock Port          ; Rise   ; Fall   ; Clock Edge ; Clock Reference     ;
+---------------------+---------------------+--------+--------+------------+---------------------+
; altera_reserved_tdi ; altera_reserved_tck ; -0.730 ; -0.790 ; Rise       ; altera_reserved_tck ;
; altera_reserved_tms ; altera_reserved_tck ; -2.594 ; -2.538 ; Rise       ; altera_reserved_tck ;
+---------------------+---------------------+--------+--------+------------+---------------------+


+------------------------------------------------------------------------------------------------+
; Clock to Output Times                                                                          ;
+---------------------+---------------------+--------+--------+------------+---------------------+
; Data Port           ; Clock Port          ; Rise   ; Fall   ; Clock Edge ; Clock Reference     ;
+---------------------+---------------------+--------+--------+------------+---------------------+
; altera_reserved_tdo ; altera_reserved_tck ; 14.669 ; 15.412 ; Fall       ; altera_reserved_tck ;
+---------------------+---------------------+--------+--------+------------+---------------------+


+----------------------------------------------------------------------------------------------+
; Minimum Clock to Output Times                                                                ;
+---------------------+---------------------+-------+-------+------------+---------------------+
; Data Port           ; Clock Port          ; Rise  ; Fall  ; Clock Edge ; Clock Reference     ;
+---------------------+---------------------+-------+-------+------------+---------------------+
; altera_reserved_tdo ; altera_reserved_tck ; 6.447 ; 7.121 ; Fall       ; altera_reserved_tck ;
+---------------------+---------------------+-------+-------+------------+---------------------+


+----------------------------------------------------+
; Propagation Delay                                  ;
+------------+-------------+-------+----+----+-------+
; Input Port ; Output Port ; RR    ; RF ; FR ; FF    ;
+------------+-------------+-------+----+----+-------+
; INPUT      ; SDRAM_CLK   ; 0.828 ;    ;    ; 0.941 ;
+------------+-------------+-------+----+----+-------+


+----------------------------------------------------+
; Minimum Propagation Delay                          ;
+------------+-------------+-------+----+----+-------+
; Input Port ; Output Port ; RR    ; RF ; FR ; FF    ;
+------------+-------------+-------+----+----+-------+
; INPUT      ; SDRAM_CLK   ; 0.180 ;    ;    ; 0.444 ;
+------------+-------------+-------+----+----+-------+


+------------------------------------------------------------------------------------------------------------------------------------------------------------------------------------------------------------------------------------------------------------------------------------------------------------------------------------------------------------------------------------------------------------------------+
; Board Trace Model Assignments                                                                                                                                                                                                                                                                                                                                                                                          ;
+---------------------+--------------+-------------------+-------------------------+-------------------------+---------------+---------------------+----------------+------------------+--------+------------------+------------------------+------------------------+--------------+---------------+-----------------+-------+---------------------+--------------------+---------------+-----------------+-------------+
; Pin                 ; I/O Standard ; Near Tline Length ; Near Tline L per Length ; Near Tline C per Length ; Near Series R ; Near Differential R ; Near Pull-up R ; Near Pull-down R ; Near C ; Far Tline Length ; Far Tline L per Length ; Far Tline C per Length ; Far Series R ; Far Pull-up R ; Far Pull-down R ; Far C ; Termination Voltage ; Far Differential R ; EBD File Name ; EBD Signal Name ; EBD Far-end ;
+---------------------+--------------+-------------------+-------------------------+-------------------------+---------------+---------------------+----------------+------------------+--------+------------------+------------------------+------------------------+--------------+---------------+-----------------+-------+---------------------+--------------------+---------------+-----------------+-------------+
; SDRAM_CLK           ; 2.5 V        ; 0 in              ; 0 H/in                  ; 0 F/in                  ; short         ; -                   ; open           ; open             ; open   ; 0 in             ; 0 H/in                 ; 0 F/in                 ; short        ; open          ; open            ; open  ; 0 V                 ; -                  ; n/a           ; n/a             ; n/a         ;
; SDRAM_CAS_N         ; 2.5 V        ; 0 in              ; 0 H/in                  ; 0 F/in                  ; short         ; -                   ; open           ; open             ; open   ; 0 in             ; 0 H/in                 ; 0 F/in                 ; short        ; open          ; open            ; open  ; 0 V                 ; -                  ; n/a           ; n/a             ; n/a         ;
; SDRAM_CKE           ; 2.5 V        ; 0 in              ; 0 H/in                  ; 0 F/in                  ; short         ; -                   ; open           ; open             ; open   ; 0 in             ; 0 H/in                 ; 0 F/in                 ; short        ; open          ; open            ; open  ; 0 V                 ; -                  ; n/a           ; n/a             ; n/a         ;
; SDRAM_CS_N          ; 2.5 V        ; 0 in              ; 0 H/in                  ; 0 F/in                  ; short         ; -                   ; open           ; open             ; open   ; 0 in             ; 0 H/in                 ; 0 F/in                 ; short        ; open          ; open            ; open  ; 0 V                 ; -                  ; n/a           ; n/a             ; n/a         ;
; SDRAM_RAS_N         ; 2.5 V        ; 0 in              ; 0 H/in                  ; 0 F/in                  ; short         ; -                   ; open           ; open             ; open   ; 0 in             ; 0 H/in                 ; 0 F/in                 ; short        ; open          ; open            ; open  ; 0 V                 ; -                  ; n/a           ; n/a             ; n/a         ;
; SDRAM_WE_N          ; 2.5 V        ; 0 in              ; 0 H/in                  ; 0 F/in                  ; short         ; -                   ; open           ; open             ; open   ; 0 in             ; 0 H/in                 ; 0 F/in                 ; short        ; open          ; open            ; open  ; 0 V                 ; -                  ; n/a           ; n/a             ; n/a         ;
; LED[7]              ; 2.5 V        ; 0 in              ; 0 H/in                  ; 0 F/in                  ; short         ; -                   ; open           ; open             ; open   ; 0 in             ; 0 H/in                 ; 0 F/in                 ; short        ; open          ; open            ; open  ; 0 V                 ; -                  ; n/a           ; n/a             ; n/a         ;
; LED[6]              ; 2.5 V        ; 0 in              ; 0 H/in                  ; 0 F/in                  ; short         ; -                   ; open           ; open             ; open   ; 0 in             ; 0 H/in                 ; 0 F/in                 ; short        ; open          ; open            ; open  ; 0 V                 ; -                  ; n/a           ; n/a             ; n/a         ;
; LED[5]              ; 2.5 V        ; 0 in              ; 0 H/in                  ; 0 F/in                  ; short         ; -                   ; open           ; open             ; open   ; 0 in             ; 0 H/in                 ; 0 F/in                 ; short        ; open          ; open            ; open  ; 0 V                 ; -                  ; n/a           ; n/a             ; n/a         ;
; LED[4]              ; 2.5 V        ; 0 in              ; 0 H/in                  ; 0 F/in                  ; short         ; -                   ; open           ; open             ; open   ; 0 in             ; 0 H/in                 ; 0 F/in                 ; short        ; open          ; open            ; open  ; 0 V                 ; -                  ; n/a           ; n/a             ; n/a         ;
; LED[3]              ; 2.5 V        ; 0 in              ; 0 H/in                  ; 0 F/in                  ; short         ; -                   ; open           ; open             ; open   ; 0 in             ; 0 H/in                 ; 0 F/in                 ; short        ; open          ; open            ; open  ; 0 V                 ; -                  ; n/a           ; n/a             ; n/a         ;
; LED[2]              ; 2.5 V        ; 0 in              ; 0 H/in                  ; 0 F/in                  ; short         ; -                   ; open           ; open             ; open   ; 0 in             ; 0 H/in                 ; 0 F/in                 ; short        ; open          ; open            ; open  ; 0 V                 ; -                  ; n/a           ; n/a             ; n/a         ;
; LED[1]              ; 2.5 V        ; 0 in              ; 0 H/in                  ; 0 F/in                  ; short         ; -                   ; open           ; open             ; open   ; 0 in             ; 0 H/in                 ; 0 F/in                 ; short        ; open          ; open            ; open  ; 0 V                 ; -                  ; n/a           ; n/a             ; n/a         ;
; LED[0]              ; 2.5 V        ; 0 in              ; 0 H/in                  ; 0 F/in                  ; short         ; -                   ; open           ; open             ; open   ; 0 in             ; 0 H/in                 ; 0 F/in                 ; short        ; open          ; open            ; open  ; 0 V                 ; -                  ; n/a           ; n/a             ; n/a         ;
; SDRAM_ADDR[12]      ; 2.5 V        ; 0 in              ; 0 H/in                  ; 0 F/in                  ; short         ; -                   ; open           ; open             ; open   ; 0 in             ; 0 H/in                 ; 0 F/in                 ; short        ; open          ; open            ; open  ; 0 V                 ; -                  ; n/a           ; n/a             ; n/a         ;
; SDRAM_ADDR[11]      ; 2.5 V        ; 0 in              ; 0 H/in                  ; 0 F/in                  ; short         ; -                   ; open           ; open             ; open   ; 0 in             ; 0 H/in                 ; 0 F/in                 ; short        ; open          ; open            ; open  ; 0 V                 ; -                  ; n/a           ; n/a             ; n/a         ;
; SDRAM_ADDR[10]      ; 2.5 V        ; 0 in              ; 0 H/in                  ; 0 F/in                  ; short         ; -                   ; open           ; open             ; open   ; 0 in             ; 0 H/in                 ; 0 F/in                 ; short        ; open          ; open            ; open  ; 0 V                 ; -                  ; n/a           ; n/a             ; n/a         ;
; SDRAM_ADDR[9]       ; 2.5 V        ; 0 in              ; 0 H/in                  ; 0 F/in                  ; short         ; -                   ; open           ; open             ; open   ; 0 in             ; 0 H/in                 ; 0 F/in                 ; short        ; open          ; open            ; open  ; 0 V                 ; -                  ; n/a           ; n/a             ; n/a         ;
; SDRAM_ADDR[8]       ; 2.5 V        ; 0 in              ; 0 H/in                  ; 0 F/in                  ; short         ; -                   ; open           ; open             ; open   ; 0 in             ; 0 H/in                 ; 0 F/in                 ; short        ; open          ; open            ; open  ; 0 V                 ; -                  ; n/a           ; n/a             ; n/a         ;
; SDRAM_ADDR[7]       ; 2.5 V        ; 0 in              ; 0 H/in                  ; 0 F/in                  ; short         ; -                   ; open           ; open             ; open   ; 0 in             ; 0 H/in                 ; 0 F/in                 ; short        ; open          ; open            ; open  ; 0 V                 ; -                  ; n/a           ; n/a             ; n/a         ;
; SDRAM_ADDR[6]       ; 2.5 V        ; 0 in              ; 0 H/in                  ; 0 F/in                  ; short         ; -                   ; open           ; open             ; open   ; 0 in             ; 0 H/in                 ; 0 F/in                 ; short        ; open          ; open            ; open  ; 0 V                 ; -                  ; n/a           ; n/a             ; n/a         ;
; SDRAM_ADDR[5]       ; 2.5 V        ; 0 in              ; 0 H/in                  ; 0 F/in                  ; short         ; -                   ; open           ; open             ; open   ; 0 in             ; 0 H/in                 ; 0 F/in                 ; short        ; open          ; open            ; open  ; 0 V                 ; -                  ; n/a           ; n/a             ; n/a         ;
; SDRAM_ADDR[4]       ; 2.5 V        ; 0 in              ; 0 H/in                  ; 0 F/in                  ; short         ; -                   ; open           ; open             ; open   ; 0 in             ; 0 H/in                 ; 0 F/in                 ; short        ; open          ; open            ; open  ; 0 V                 ; -                  ; n/a           ; n/a             ; n/a         ;
; SDRAM_ADDR[3]       ; 2.5 V        ; 0 in              ; 0 H/in                  ; 0 F/in                  ; short         ; -                   ; open           ; open             ; open   ; 0 in             ; 0 H/in                 ; 0 F/in                 ; short        ; open          ; open            ; open  ; 0 V                 ; -                  ; n/a           ; n/a             ; n/a         ;
; SDRAM_ADDR[2]       ; 2.5 V        ; 0 in              ; 0 H/in                  ; 0 F/in                  ; short         ; -                   ; open           ; open             ; open   ; 0 in             ; 0 H/in                 ; 0 F/in                 ; short        ; open          ; open            ; open  ; 0 V                 ; -                  ; n/a           ; n/a             ; n/a         ;
; SDRAM_ADDR[1]       ; 2.5 V        ; 0 in              ; 0 H/in                  ; 0 F/in                  ; short         ; -                   ; open           ; open             ; open   ; 0 in             ; 0 H/in                 ; 0 F/in                 ; short        ; open          ; open            ; open  ; 0 V                 ; -                  ; n/a           ; n/a             ; n/a         ;
; SDRAM_ADDR[0]       ; 2.5 V        ; 0 in              ; 0 H/in                  ; 0 F/in                  ; short         ; -                   ; open           ; open             ; open   ; 0 in             ; 0 H/in                 ; 0 F/in                 ; short        ; open          ; open            ; open  ; 0 V                 ; -                  ; n/a           ; n/a             ; n/a         ;
; SDRAM_BA[1]         ; 2.5 V        ; 0 in              ; 0 H/in                  ; 0 F/in                  ; short         ; -                   ; open           ; open             ; open   ; 0 in             ; 0 H/in                 ; 0 F/in                 ; short        ; open          ; open            ; open  ; 0 V                 ; -                  ; n/a           ; n/a             ; n/a         ;
; SDRAM_BA[0]         ; 2.5 V        ; 0 in              ; 0 H/in                  ; 0 F/in                  ; short         ; -                   ; open           ; open             ; open   ; 0 in             ; 0 H/in                 ; 0 F/in                 ; short        ; open          ; open            ; open  ; 0 V                 ; -                  ; n/a           ; n/a             ; n/a         ;
; SDRAM_DQM[3]        ; 2.5 V        ; 0 in              ; 0 H/in                  ; 0 F/in                  ; short         ; -                   ; open           ; open             ; open   ; 0 in             ; 0 H/in                 ; 0 F/in                 ; short        ; open          ; open            ; open  ; 0 V                 ; -                  ; n/a           ; n/a             ; n/a         ;
; SDRAM_DQM[2]        ; 2.5 V        ; 0 in              ; 0 H/in                  ; 0 F/in                  ; short         ; -                   ; open           ; open             ; open   ; 0 in             ; 0 H/in                 ; 0 F/in                 ; short        ; open          ; open            ; open  ; 0 V                 ; -                  ; n/a           ; n/a             ; n/a         ;
; SDRAM_DQM[1]        ; 2.5 V        ; 0 in              ; 0 H/in                  ; 0 F/in                  ; short         ; -                   ; open           ; open             ; open   ; 0 in             ; 0 H/in                 ; 0 F/in                 ; short        ; open          ; open            ; open  ; 0 V                 ; -                  ; n/a           ; n/a             ; n/a         ;
; SDRAM_DQM[0]        ; 2.5 V        ; 0 in              ; 0 H/in                  ; 0 F/in                  ; short         ; -                   ; open           ; open             ; open   ; 0 in             ; 0 H/in                 ; 0 F/in                 ; short        ; open          ; open            ; open  ; 0 V                 ; -                  ; n/a           ; n/a             ; n/a         ;
; SDRAM_DQ[31]        ; 2.5 V        ; 0 in              ; 0 H/in                  ; 0 F/in                  ; short         ; -                   ; open           ; open             ; open   ; 0 in             ; 0 H/in                 ; 0 F/in                 ; short        ; open          ; open            ; open  ; 0 V                 ; -                  ; n/a           ; n/a             ; n/a         ;
; SDRAM_DQ[30]        ; 2.5 V        ; 0 in              ; 0 H/in                  ; 0 F/in                  ; short         ; -                   ; open           ; open             ; open   ; 0 in             ; 0 H/in                 ; 0 F/in                 ; short        ; open          ; open            ; open  ; 0 V                 ; -                  ; n/a           ; n/a             ; n/a         ;
; SDRAM_DQ[29]        ; 2.5 V        ; 0 in              ; 0 H/in                  ; 0 F/in                  ; short         ; -                   ; open           ; open             ; open   ; 0 in             ; 0 H/in                 ; 0 F/in                 ; short        ; open          ; open            ; open  ; 0 V                 ; -                  ; n/a           ; n/a             ; n/a         ;
; SDRAM_DQ[28]        ; 2.5 V        ; 0 in              ; 0 H/in                  ; 0 F/in                  ; short         ; -                   ; open           ; open             ; open   ; 0 in             ; 0 H/in                 ; 0 F/in                 ; short        ; open          ; open            ; open  ; 0 V                 ; -                  ; n/a           ; n/a             ; n/a         ;
; SDRAM_DQ[27]        ; 2.5 V        ; 0 in              ; 0 H/in                  ; 0 F/in                  ; short         ; -                   ; open           ; open             ; open   ; 0 in             ; 0 H/in                 ; 0 F/in                 ; short        ; open          ; open            ; open  ; 0 V                 ; -                  ; n/a           ; n/a             ; n/a         ;
; SDRAM_DQ[26]        ; 2.5 V        ; 0 in              ; 0 H/in                  ; 0 F/in                  ; short         ; -                   ; open           ; open             ; open   ; 0 in             ; 0 H/in                 ; 0 F/in                 ; short        ; open          ; open            ; open  ; 0 V                 ; -                  ; n/a           ; n/a             ; n/a         ;
; SDRAM_DQ[25]        ; 2.5 V        ; 0 in              ; 0 H/in                  ; 0 F/in                  ; short         ; -                   ; open           ; open             ; open   ; 0 in             ; 0 H/in                 ; 0 F/in                 ; short        ; open          ; open            ; open  ; 0 V                 ; -                  ; n/a           ; n/a             ; n/a         ;
; SDRAM_DQ[24]        ; 2.5 V        ; 0 in              ; 0 H/in                  ; 0 F/in                  ; short         ; -                   ; open           ; open             ; open   ; 0 in             ; 0 H/in                 ; 0 F/in                 ; short        ; open          ; open            ; open  ; 0 V                 ; -                  ; n/a           ; n/a             ; n/a         ;
; SDRAM_DQ[23]        ; 2.5 V        ; 0 in              ; 0 H/in                  ; 0 F/in                  ; short         ; -                   ; open           ; open             ; open   ; 0 in             ; 0 H/in                 ; 0 F/in                 ; short        ; open          ; open            ; open  ; 0 V                 ; -                  ; n/a           ; n/a             ; n/a         ;
; SDRAM_DQ[22]        ; 2.5 V        ; 0 in              ; 0 H/in                  ; 0 F/in                  ; short         ; -                   ; open           ; open             ; open   ; 0 in             ; 0 H/in                 ; 0 F/in                 ; short        ; open          ; open            ; open  ; 0 V                 ; -                  ; n/a           ; n/a             ; n/a         ;
; SDRAM_DQ[21]        ; 2.5 V        ; 0 in              ; 0 H/in                  ; 0 F/in                  ; short         ; -                   ; open           ; open             ; open   ; 0 in             ; 0 H/in                 ; 0 F/in                 ; short        ; open          ; open            ; open  ; 0 V                 ; -                  ; n/a           ; n/a             ; n/a         ;
; SDRAM_DQ[20]        ; 2.5 V        ; 0 in              ; 0 H/in                  ; 0 F/in                  ; short         ; -                   ; open           ; open             ; open   ; 0 in             ; 0 H/in                 ; 0 F/in                 ; short        ; open          ; open            ; open  ; 0 V                 ; -                  ; n/a           ; n/a             ; n/a         ;
; SDRAM_DQ[19]        ; 2.5 V        ; 0 in              ; 0 H/in                  ; 0 F/in                  ; short         ; -                   ; open           ; open             ; open   ; 0 in             ; 0 H/in                 ; 0 F/in                 ; short        ; open          ; open            ; open  ; 0 V                 ; -                  ; n/a           ; n/a             ; n/a         ;
; SDRAM_DQ[18]        ; 2.5 V        ; 0 in              ; 0 H/in                  ; 0 F/in                  ; short         ; -                   ; open           ; open             ; open   ; 0 in             ; 0 H/in                 ; 0 F/in                 ; short        ; open          ; open            ; open  ; 0 V                 ; -                  ; n/a           ; n/a             ; n/a         ;
; SDRAM_DQ[17]        ; 2.5 V        ; 0 in              ; 0 H/in                  ; 0 F/in                  ; short         ; -                   ; open           ; open             ; open   ; 0 in             ; 0 H/in                 ; 0 F/in                 ; short        ; open          ; open            ; open  ; 0 V                 ; -                  ; n/a           ; n/a             ; n/a         ;
; SDRAM_DQ[16]        ; 2.5 V        ; 0 in              ; 0 H/in                  ; 0 F/in                  ; short         ; -                   ; open           ; open             ; open   ; 0 in             ; 0 H/in                 ; 0 F/in                 ; short        ; open          ; open            ; open  ; 0 V                 ; -                  ; n/a           ; n/a             ; n/a         ;
; SDRAM_DQ[15]        ; 2.5 V        ; 0 in              ; 0 H/in                  ; 0 F/in                  ; short         ; -                   ; open           ; open             ; open   ; 0 in             ; 0 H/in                 ; 0 F/in                 ; short        ; open          ; open            ; open  ; 0 V                 ; -                  ; n/a           ; n/a             ; n/a         ;
; SDRAM_DQ[14]        ; 2.5 V        ; 0 in              ; 0 H/in                  ; 0 F/in                  ; short         ; -                   ; open           ; open             ; open   ; 0 in             ; 0 H/in                 ; 0 F/in                 ; short        ; open          ; open            ; open  ; 0 V                 ; -                  ; n/a           ; n/a             ; n/a         ;
; SDRAM_DQ[13]        ; 2.5 V        ; 0 in              ; 0 H/in                  ; 0 F/in                  ; short         ; -                   ; open           ; open             ; open   ; 0 in             ; 0 H/in                 ; 0 F/in                 ; short        ; open          ; open            ; open  ; 0 V                 ; -                  ; n/a           ; n/a             ; n/a         ;
; SDRAM_DQ[12]        ; 2.5 V        ; 0 in              ; 0 H/in                  ; 0 F/in                  ; short         ; -                   ; open           ; open             ; open   ; 0 in             ; 0 H/in                 ; 0 F/in                 ; short        ; open          ; open            ; open  ; 0 V                 ; -                  ; n/a           ; n/a             ; n/a         ;
; SDRAM_DQ[11]        ; 2.5 V        ; 0 in              ; 0 H/in                  ; 0 F/in                  ; short         ; -                   ; open           ; open             ; open   ; 0 in             ; 0 H/in                 ; 0 F/in                 ; short        ; open          ; open            ; open  ; 0 V                 ; -                  ; n/a           ; n/a             ; n/a         ;
; SDRAM_DQ[10]        ; 2.5 V        ; 0 in              ; 0 H/in                  ; 0 F/in                  ; short         ; -                   ; open           ; open             ; open   ; 0 in             ; 0 H/in                 ; 0 F/in                 ; short        ; open          ; open            ; open  ; 0 V                 ; -                  ; n/a           ; n/a             ; n/a         ;
; SDRAM_DQ[9]         ; 2.5 V        ; 0 in              ; 0 H/in                  ; 0 F/in                  ; short         ; -                   ; open           ; open             ; open   ; 0 in             ; 0 H/in                 ; 0 F/in                 ; short        ; open          ; open            ; open  ; 0 V                 ; -                  ; n/a           ; n/a             ; n/a         ;
; SDRAM_DQ[8]         ; 2.5 V        ; 0 in              ; 0 H/in                  ; 0 F/in                  ; short         ; -                   ; open           ; open             ; open   ; 0 in             ; 0 H/in                 ; 0 F/in                 ; short        ; open          ; open            ; open  ; 0 V                 ; -                  ; n/a           ; n/a             ; n/a         ;
; SDRAM_DQ[7]         ; 2.5 V        ; 0 in              ; 0 H/in                  ; 0 F/in                  ; short         ; -                   ; open           ; open             ; open   ; 0 in             ; 0 H/in                 ; 0 F/in                 ; short        ; open          ; open            ; open  ; 0 V                 ; -                  ; n/a           ; n/a             ; n/a         ;
; SDRAM_DQ[6]         ; 2.5 V        ; 0 in              ; 0 H/in                  ; 0 F/in                  ; short         ; -                   ; open           ; open             ; open   ; 0 in             ; 0 H/in                 ; 0 F/in                 ; short        ; open          ; open            ; open  ; 0 V                 ; -                  ; n/a           ; n/a             ; n/a         ;
; SDRAM_DQ[5]         ; 2.5 V        ; 0 in              ; 0 H/in                  ; 0 F/in                  ; short         ; -                   ; open           ; open             ; open   ; 0 in             ; 0 H/in                 ; 0 F/in                 ; short        ; open          ; open            ; open  ; 0 V                 ; -                  ; n/a           ; n/a             ; n/a         ;
; SDRAM_DQ[4]         ; 2.5 V        ; 0 in              ; 0 H/in                  ; 0 F/in                  ; short         ; -                   ; open           ; open             ; open   ; 0 in             ; 0 H/in                 ; 0 F/in                 ; short        ; open          ; open            ; open  ; 0 V                 ; -                  ; n/a           ; n/a             ; n/a         ;
; SDRAM_DQ[3]         ; 2.5 V        ; 0 in              ; 0 H/in                  ; 0 F/in                  ; short         ; -                   ; open           ; open             ; open   ; 0 in             ; 0 H/in                 ; 0 F/in                 ; short        ; open          ; open            ; open  ; 0 V                 ; -                  ; n/a           ; n/a             ; n/a         ;
; SDRAM_DQ[2]         ; 2.5 V        ; 0 in              ; 0 H/in                  ; 0 F/in                  ; short         ; -                   ; open           ; open             ; open   ; 0 in             ; 0 H/in                 ; 0 F/in                 ; short        ; open          ; open            ; open  ; 0 V                 ; -                  ; n/a           ; n/a             ; n/a         ;
; SDRAM_DQ[1]         ; 2.5 V        ; 0 in              ; 0 H/in                  ; 0 F/in                  ; short         ; -                   ; open           ; open             ; open   ; 0 in             ; 0 H/in                 ; 0 F/in                 ; short        ; open          ; open            ; open  ; 0 V                 ; -                  ; n/a           ; n/a             ; n/a         ;
; SDRAM_DQ[0]         ; 2.5 V        ; 0 in              ; 0 H/in                  ; 0 F/in                  ; short         ; -                   ; open           ; open             ; open   ; 0 in             ; 0 H/in                 ; 0 F/in                 ; short        ; open          ; open            ; open  ; 0 V                 ; -                  ; n/a           ; n/a             ; n/a         ;
; altera_reserved_tdo ; 2.5 V        ; 0 in              ; 0 H/in                  ; 0 F/in                  ; short         ; -                   ; open           ; open             ; open   ; 0 in             ; 0 H/in                 ; 0 F/in                 ; short        ; open          ; open            ; open  ; 0 V                 ; -                  ; n/a           ; n/a             ; n/a         ;
; ~ALTERA_DCLK~       ; 2.5 V        ; 0 in              ; 0 H/in                  ; 0 F/in                  ; short         ; -                   ; open           ; open             ; open   ; 0 in             ; 0 H/in                 ; 0 F/in                 ; short        ; open          ; open            ; open  ; 0 V                 ; -                  ; n/a           ; n/a             ; n/a         ;
; ~ALTERA_nCEO~       ; 2.5 V        ; 0 in              ; 0 H/in                  ; 0 F/in                  ; short         ; -                   ; open           ; open             ; open   ; 0 in             ; 0 H/in                 ; 0 F/in                 ; short        ; open          ; open            ; open  ; 0 V                 ; -                  ; n/a           ; n/a             ; n/a         ;
+---------------------+--------------+-------------------+-------------------------+-------------------------+---------------+---------------------+----------------+------------------+--------+------------------+------------------------+------------------------+--------------+---------------+-----------------+-------+---------------------+--------------------+---------------+-----------------+-------------+


+----------------------------------------------------------------------------+
; Input Transition Times                                                     ;
+-------------------------+--------------+-----------------+-----------------+
; Pin                     ; I/O Standard ; 10-90 Rise Time ; 90-10 Fall Time ;
+-------------------------+--------------+-----------------+-----------------+
; SDRAM_DQ[31]            ; 2.5 V        ; 2000 ps         ; 2000 ps         ;
; SDRAM_DQ[30]            ; 2.5 V        ; 2000 ps         ; 2000 ps         ;
; SDRAM_DQ[29]            ; 2.5 V        ; 2000 ps         ; 2000 ps         ;
; SDRAM_DQ[28]            ; 2.5 V        ; 2000 ps         ; 2000 ps         ;
; SDRAM_DQ[27]            ; 2.5 V        ; 2000 ps         ; 2000 ps         ;
; SDRAM_DQ[26]            ; 2.5 V        ; 2000 ps         ; 2000 ps         ;
; SDRAM_DQ[25]            ; 2.5 V        ; 2000 ps         ; 2000 ps         ;
; SDRAM_DQ[24]            ; 2.5 V        ; 2000 ps         ; 2000 ps         ;
; SDRAM_DQ[23]            ; 2.5 V        ; 2000 ps         ; 2000 ps         ;
; SDRAM_DQ[22]            ; 2.5 V        ; 2000 ps         ; 2000 ps         ;
; SDRAM_DQ[21]            ; 2.5 V        ; 2000 ps         ; 2000 ps         ;
; SDRAM_DQ[20]            ; 2.5 V        ; 2000 ps         ; 2000 ps         ;
; SDRAM_DQ[19]            ; 2.5 V        ; 2000 ps         ; 2000 ps         ;
; SDRAM_DQ[18]            ; 2.5 V        ; 2000 ps         ; 2000 ps         ;
; SDRAM_DQ[17]            ; 2.5 V        ; 2000 ps         ; 2000 ps         ;
; SDRAM_DQ[16]            ; 2.5 V        ; 2000 ps         ; 2000 ps         ;
; SDRAM_DQ[15]            ; 2.5 V        ; 2000 ps         ; 2000 ps         ;
; SDRAM_DQ[14]            ; 2.5 V        ; 2000 ps         ; 2000 ps         ;
; SDRAM_DQ[13]            ; 2.5 V        ; 2000 ps         ; 2000 ps         ;
; SDRAM_DQ[12]            ; 2.5 V        ; 2000 ps         ; 2000 ps         ;
; SDRAM_DQ[11]            ; 2.5 V        ; 2000 ps         ; 2000 ps         ;
; SDRAM_DQ[10]            ; 2.5 V        ; 2000 ps         ; 2000 ps         ;
; SDRAM_DQ[9]             ; 2.5 V        ; 2000 ps         ; 2000 ps         ;
; SDRAM_DQ[8]             ; 2.5 V        ; 2000 ps         ; 2000 ps         ;
; SDRAM_DQ[7]             ; 2.5 V        ; 2000 ps         ; 2000 ps         ;
; SDRAM_DQ[6]             ; 2.5 V        ; 2000 ps         ; 2000 ps         ;
; SDRAM_DQ[5]             ; 2.5 V        ; 2000 ps         ; 2000 ps         ;
; SDRAM_DQ[4]             ; 2.5 V        ; 2000 ps         ; 2000 ps         ;
; SDRAM_DQ[3]             ; 2.5 V        ; 2000 ps         ; 2000 ps         ;
; SDRAM_DQ[2]             ; 2.5 V        ; 2000 ps         ; 2000 ps         ;
; SDRAM_DQ[1]             ; 2.5 V        ; 2000 ps         ; 2000 ps         ;
; SDRAM_DQ[0]             ; 2.5 V        ; 2000 ps         ; 2000 ps         ;
; INPUT                   ; 2.5 V        ; 2000 ps         ; 2000 ps         ;
; altera_reserved_tms     ; 2.5 V        ; 2000 ps         ; 2000 ps         ;
; altera_reserved_tck     ; 2.5 V        ; 2000 ps         ; 2000 ps         ;
; altera_reserved_tdi     ; 2.5 V        ; 2000 ps         ; 2000 ps         ;
; ~ALTERA_ASDO_DATA1~     ; 2.5 V        ; 2000 ps         ; 2000 ps         ;
; ~ALTERA_FLASH_nCE_nCSO~ ; 2.5 V        ; 2000 ps         ; 2000 ps         ;
; ~ALTERA_DATA0~          ; 2.5 V        ; 2000 ps         ; 2000 ps         ;
+-------------------------+--------------+-----------------+-----------------+


+--------------------------------------------------------------------------------------------------------------------------------------------------------------------------------------------------------------------------------------------------------------------------------------------------------------------------------------------------------------------------------------------------------------------------------------------------------------------------------------------------------------------------------------------------------------------------------------------------------------------------------------------------------------------------------------------------+
; Signal Integrity Metrics (Slow 1200mv 0c Model)                                                                                                                                                                                                                                                                                                                                                                                                                                                                                                                                                                                                                                                  ;
+---------------------+--------------+---------------------+---------------------+------------------------------+------------------------------+---------------------+---------------------+--------------------------------------+--------------------------------------+-----------------------------+-----------------------------+----------------------------+----------------------------+-----------------------------+-----------------------------+--------------------+--------------------+-------------------------------------+-------------------------------------+----------------------------+----------------------------+---------------------------+---------------------------+
; Pin                 ; I/O Standard ; Board Delay on Rise ; Board Delay on Fall ; Steady State Voh at FPGA Pin ; Steady State Vol at FPGA Pin ; Voh Max at FPGA Pin ; Vol Min at FPGA Pin ; Ringback Voltage on Rise at FPGA Pin ; Ringback Voltage on Fall at FPGA Pin ; 10-90 Rise Time at FPGA Pin ; 90-10 Fall Time at FPGA Pin ; Monotonic Rise at FPGA Pin ; Monotonic Fall at FPGA Pin ; Steady State Voh at Far-end ; Steady State Vol at Far-end ; Voh Max at Far-end ; Vol Min at Far-end ; Ringback Voltage on Rise at Far-end ; Ringback Voltage on Fall at Far-end ; 10-90 Rise Time at Far-end ; 90-10 Fall Time at Far-end ; Monotonic Rise at Far-end ; Monotonic Fall at Far-end ;
+---------------------+--------------+---------------------+---------------------+------------------------------+------------------------------+---------------------+---------------------+--------------------------------------+--------------------------------------+-----------------------------+-----------------------------+----------------------------+----------------------------+-----------------------------+-----------------------------+--------------------+--------------------+-------------------------------------+-------------------------------------+----------------------------+----------------------------+---------------------------+---------------------------+
; SDRAM_CLK           ; 2.5 V        ; 0 s                 ; 0 s                 ; 2.32 V                       ; 4.49e-09 V                   ; 2.38 V              ; -0.00552 V          ; 0.096 V                              ; 0.019 V                              ; 4.18e-10 s                  ; 3.59e-10 s                  ; No                         ; Yes                        ; 2.32 V                      ; 4.49e-09 V                  ; 2.38 V             ; -0.00552 V         ; 0.096 V                             ; 0.019 V                             ; 4.18e-10 s                 ; 3.59e-10 s                 ; No                        ; Yes                       ;
; SDRAM_CAS_N         ; 2.5 V        ; 0 s                 ; 0 s                 ; 2.32 V                       ; 3.07e-09 V                   ; 2.37 V              ; -0.00994 V          ; 0.186 V                              ; 0.028 V                              ; 4.98e-10 s                  ; 4.96e-10 s                  ; Yes                        ; Yes                        ; 2.32 V                      ; 3.07e-09 V                  ; 2.37 V             ; -0.00994 V         ; 0.186 V                             ; 0.028 V                             ; 4.98e-10 s                 ; 4.96e-10 s                 ; Yes                       ; Yes                       ;
; SDRAM_CKE           ; 2.5 V        ; 0 s                 ; 0 s                 ; 2.32 V                       ; 3.07e-09 V                   ; 2.37 V              ; -0.00994 V          ; 0.186 V                              ; 0.028 V                              ; 4.98e-10 s                  ; 4.96e-10 s                  ; Yes                        ; Yes                        ; 2.32 V                      ; 3.07e-09 V                  ; 2.37 V             ; -0.00994 V         ; 0.186 V                             ; 0.028 V                             ; 4.98e-10 s                 ; 4.96e-10 s                 ; Yes                       ; Yes                       ;
; SDRAM_CS_N          ; 2.5 V        ; 0 s                 ; 0 s                 ; 2.32 V                       ; 3.07e-09 V                   ; 2.37 V              ; -0.00994 V          ; 0.186 V                              ; 0.028 V                              ; 4.98e-10 s                  ; 4.96e-10 s                  ; Yes                        ; Yes                        ; 2.32 V                      ; 3.07e-09 V                  ; 2.37 V             ; -0.00994 V         ; 0.186 V                             ; 0.028 V                             ; 4.98e-10 s                 ; 4.96e-10 s                 ; Yes                       ; Yes                       ;
; SDRAM_RAS_N         ; 2.5 V        ; 0 s                 ; 0 s                 ; 2.32 V                       ; 3.07e-09 V                   ; 2.37 V              ; -0.00994 V          ; 0.186 V                              ; 0.028 V                              ; 4.98e-10 s                  ; 4.96e-10 s                  ; Yes                        ; Yes                        ; 2.32 V                      ; 3.07e-09 V                  ; 2.37 V             ; -0.00994 V         ; 0.186 V                             ; 0.028 V                             ; 4.98e-10 s                 ; 4.96e-10 s                 ; Yes                       ; Yes                       ;
; SDRAM_WE_N          ; 2.5 V        ; 0 s                 ; 0 s                 ; 2.32 V                       ; 3.07e-09 V                   ; 2.37 V              ; -0.00994 V          ; 0.186 V                              ; 0.028 V                              ; 4.98e-10 s                  ; 4.96e-10 s                  ; Yes                        ; Yes                        ; 2.32 V                      ; 3.07e-09 V                  ; 2.37 V             ; -0.00994 V         ; 0.186 V                             ; 0.028 V                             ; 4.98e-10 s                 ; 4.96e-10 s                 ; Yes                       ; Yes                       ;
; LED[7]              ; 2.5 V        ; 0 s                 ; 0 s                 ; 2.32 V                       ; 4.49e-09 V                   ; 2.38 V              ; -0.00552 V          ; 0.096 V                              ; 0.019 V                              ; 4.18e-10 s                  ; 3.59e-10 s                  ; No                         ; Yes                        ; 2.32 V                      ; 4.49e-09 V                  ; 2.38 V             ; -0.00552 V         ; 0.096 V                             ; 0.019 V                             ; 4.18e-10 s                 ; 3.59e-10 s                 ; No                        ; Yes                       ;
; LED[6]              ; 2.5 V        ; 0 s                 ; 0 s                 ; 2.32 V                       ; 4.49e-09 V                   ; 2.38 V              ; -0.00552 V          ; 0.096 V                              ; 0.019 V                              ; 4.18e-10 s                  ; 3.59e-10 s                  ; No                         ; Yes                        ; 2.32 V                      ; 4.49e-09 V                  ; 2.38 V             ; -0.00552 V         ; 0.096 V                             ; 0.019 V                             ; 4.18e-10 s                 ; 3.59e-10 s                 ; No                        ; Yes                       ;
; LED[5]              ; 2.5 V        ; 0 s                 ; 0 s                 ; 2.32 V                       ; 4.49e-09 V                   ; 2.38 V              ; -0.00552 V          ; 0.096 V                              ; 0.019 V                              ; 4.18e-10 s                  ; 3.59e-10 s                  ; No                         ; Yes                        ; 2.32 V                      ; 4.49e-09 V                  ; 2.38 V             ; -0.00552 V         ; 0.096 V                             ; 0.019 V                             ; 4.18e-10 s                 ; 3.59e-10 s                 ; No                        ; Yes                       ;
; LED[4]              ; 2.5 V        ; 0 s                 ; 0 s                 ; 2.32 V                       ; 4.49e-09 V                   ; 2.38 V              ; -0.00552 V          ; 0.096 V                              ; 0.019 V                              ; 4.18e-10 s                  ; 3.59e-10 s                  ; No                         ; Yes                        ; 2.32 V                      ; 4.49e-09 V                  ; 2.38 V             ; -0.00552 V         ; 0.096 V                             ; 0.019 V                             ; 4.18e-10 s                 ; 3.59e-10 s                 ; No                        ; Yes                       ;
; LED[3]              ; 2.5 V        ; 0 s                 ; 0 s                 ; 2.32 V                       ; 4.49e-09 V                   ; 2.38 V              ; -0.00552 V          ; 0.096 V                              ; 0.019 V                              ; 4.18e-10 s                  ; 3.59e-10 s                  ; No                         ; Yes                        ; 2.32 V                      ; 4.49e-09 V                  ; 2.38 V             ; -0.00552 V         ; 0.096 V                             ; 0.019 V                             ; 4.18e-10 s                 ; 3.59e-10 s                 ; No                        ; Yes                       ;
; LED[2]              ; 2.5 V        ; 0 s                 ; 0 s                 ; 2.32 V                       ; 4.49e-09 V                   ; 2.38 V              ; -0.00552 V          ; 0.096 V                              ; 0.019 V                              ; 4.18e-10 s                  ; 3.59e-10 s                  ; No                         ; Yes                        ; 2.32 V                      ; 4.49e-09 V                  ; 2.38 V             ; -0.00552 V         ; 0.096 V                             ; 0.019 V                             ; 4.18e-10 s                 ; 3.59e-10 s                 ; No                        ; Yes                       ;
; LED[1]              ; 2.5 V        ; 0 s                 ; 0 s                 ; 2.32 V                       ; 4.49e-09 V                   ; 2.38 V              ; -0.00552 V          ; 0.096 V                              ; 0.019 V                              ; 4.18e-10 s                  ; 3.59e-10 s                  ; No                         ; Yes                        ; 2.32 V                      ; 4.49e-09 V                  ; 2.38 V             ; -0.00552 V         ; 0.096 V                             ; 0.019 V                             ; 4.18e-10 s                 ; 3.59e-10 s                 ; No                        ; Yes                       ;
; LED[0]              ; 2.5 V        ; 0 s                 ; 0 s                 ; 2.32 V                       ; 4.49e-09 V                   ; 2.38 V              ; -0.00552 V          ; 0.096 V                              ; 0.019 V                              ; 4.18e-10 s                  ; 3.59e-10 s                  ; No                         ; Yes                        ; 2.32 V                      ; 4.49e-09 V                  ; 2.38 V             ; -0.00552 V         ; 0.096 V                             ; 0.019 V                             ; 4.18e-10 s                 ; 3.59e-10 s                 ; No                        ; Yes                       ;
; SDRAM_ADDR[12]      ; 2.5 V        ; 0 s                 ; 0 s                 ; 2.32 V                       ; 3.07e-09 V                   ; 2.37 V              ; -0.00994 V          ; 0.186 V                              ; 0.028 V                              ; 4.98e-10 s                  ; 4.96e-10 s                  ; Yes                        ; Yes                        ; 2.32 V                      ; 3.07e-09 V                  ; 2.37 V             ; -0.00994 V         ; 0.186 V                             ; 0.028 V                             ; 4.98e-10 s                 ; 4.96e-10 s                 ; Yes                       ; Yes                       ;
; SDRAM_ADDR[11]      ; 2.5 V        ; 0 s                 ; 0 s                 ; 2.32 V                       ; 3.07e-09 V                   ; 2.37 V              ; -0.00994 V          ; 0.186 V                              ; 0.028 V                              ; 4.98e-10 s                  ; 4.96e-10 s                  ; Yes                        ; Yes                        ; 2.32 V                      ; 3.07e-09 V                  ; 2.37 V             ; -0.00994 V         ; 0.186 V                             ; 0.028 V                             ; 4.98e-10 s                 ; 4.96e-10 s                 ; Yes                       ; Yes                       ;
; SDRAM_ADDR[10]      ; 2.5 V        ; 0 s                 ; 0 s                 ; 2.32 V                       ; 3.07e-09 V                   ; 2.38 V              ; -0.0144 V           ; 0.227 V                              ; 0.024 V                              ; 3.14e-10 s                  ; 3.39e-10 s                  ; Yes                        ; Yes                        ; 2.32 V                      ; 3.07e-09 V                  ; 2.38 V             ; -0.0144 V          ; 0.227 V                             ; 0.024 V                             ; 3.14e-10 s                 ; 3.39e-10 s                 ; Yes                       ; Yes                       ;
; SDRAM_ADDR[9]       ; 2.5 V        ; 0 s                 ; 0 s                 ; 2.32 V                       ; 3.07e-09 V                   ; 2.37 V              ; -0.00994 V          ; 0.186 V                              ; 0.028 V                              ; 4.98e-10 s                  ; 4.96e-10 s                  ; Yes                        ; Yes                        ; 2.32 V                      ; 3.07e-09 V                  ; 2.37 V             ; -0.00994 V         ; 0.186 V                             ; 0.028 V                             ; 4.98e-10 s                 ; 4.96e-10 s                 ; Yes                       ; Yes                       ;
; SDRAM_ADDR[8]       ; 2.5 V        ; 0 s                 ; 0 s                 ; 2.32 V                       ; 3.07e-09 V                   ; 2.37 V              ; -0.00994 V          ; 0.186 V                              ; 0.028 V                              ; 4.98e-10 s                  ; 4.96e-10 s                  ; Yes                        ; Yes                        ; 2.32 V                      ; 3.07e-09 V                  ; 2.37 V             ; -0.00994 V         ; 0.186 V                             ; 0.028 V                             ; 4.98e-10 s                 ; 4.96e-10 s                 ; Yes                       ; Yes                       ;
; SDRAM_ADDR[7]       ; 2.5 V        ; 0 s                 ; 0 s                 ; 2.32 V                       ; 3.07e-09 V                   ; 2.38 V              ; -0.0144 V           ; 0.227 V                              ; 0.024 V                              ; 3.14e-10 s                  ; 3.39e-10 s                  ; Yes                        ; Yes                        ; 2.32 V                      ; 3.07e-09 V                  ; 2.38 V             ; -0.0144 V          ; 0.227 V                             ; 0.024 V                             ; 3.14e-10 s                 ; 3.39e-10 s                 ; Yes                       ; Yes                       ;
; SDRAM_ADDR[6]       ; 2.5 V        ; 0 s                 ; 0 s                 ; 2.32 V                       ; 3.07e-09 V                   ; 2.38 V              ; -0.0144 V           ; 0.227 V                              ; 0.024 V                              ; 3.14e-10 s                  ; 3.39e-10 s                  ; Yes                        ; Yes                        ; 2.32 V                      ; 3.07e-09 V                  ; 2.38 V             ; -0.0144 V          ; 0.227 V                             ; 0.024 V                             ; 3.14e-10 s                 ; 3.39e-10 s                 ; Yes                       ; Yes                       ;
; SDRAM_ADDR[5]       ; 2.5 V        ; 0 s                 ; 0 s                 ; 2.32 V                       ; 3.07e-09 V                   ; 2.37 V              ; -0.00994 V          ; 0.186 V                              ; 0.028 V                              ; 4.98e-10 s                  ; 4.96e-10 s                  ; Yes                        ; Yes                        ; 2.32 V                      ; 3.07e-09 V                  ; 2.37 V             ; -0.00994 V         ; 0.186 V                             ; 0.028 V                             ; 4.98e-10 s                 ; 4.96e-10 s                 ; Yes                       ; Yes                       ;
; SDRAM_ADDR[4]       ; 2.5 V        ; 0 s                 ; 0 s                 ; 2.32 V                       ; 3.07e-09 V                   ; 2.37 V              ; -0.00994 V          ; 0.186 V                              ; 0.028 V                              ; 4.98e-10 s                  ; 4.96e-10 s                  ; Yes                        ; Yes                        ; 2.32 V                      ; 3.07e-09 V                  ; 2.37 V             ; -0.00994 V         ; 0.186 V                             ; 0.028 V                             ; 4.98e-10 s                 ; 4.96e-10 s                 ; Yes                       ; Yes                       ;
; SDRAM_ADDR[3]       ; 2.5 V        ; 0 s                 ; 0 s                 ; 2.32 V                       ; 3.07e-09 V                   ; 2.37 V              ; -0.00994 V          ; 0.186 V                              ; 0.028 V                              ; 4.98e-10 s                  ; 4.96e-10 s                  ; Yes                        ; Yes                        ; 2.32 V                      ; 3.07e-09 V                  ; 2.37 V             ; -0.00994 V         ; 0.186 V                             ; 0.028 V                             ; 4.98e-10 s                 ; 4.96e-10 s                 ; Yes                       ; Yes                       ;
; SDRAM_ADDR[2]       ; 2.5 V        ; 0 s                 ; 0 s                 ; 2.32 V                       ; 3.07e-09 V                   ; 2.38 V              ; -0.0144 V           ; 0.227 V                              ; 0.024 V                              ; 3.14e-10 s                  ; 3.39e-10 s                  ; Yes                        ; Yes                        ; 2.32 V                      ; 3.07e-09 V                  ; 2.38 V             ; -0.0144 V          ; 0.227 V                             ; 0.024 V                             ; 3.14e-10 s                 ; 3.39e-10 s                 ; Yes                       ; Yes                       ;
; SDRAM_ADDR[1]       ; 2.5 V        ; 0 s                 ; 0 s                 ; 2.32 V                       ; 3.07e-09 V                   ; 2.37 V              ; -0.00994 V          ; 0.186 V                              ; 0.028 V                              ; 4.98e-10 s                  ; 4.96e-10 s                  ; Yes                        ; Yes                        ; 2.32 V                      ; 3.07e-09 V                  ; 2.37 V             ; -0.00994 V         ; 0.186 V                             ; 0.028 V                             ; 4.98e-10 s                 ; 4.96e-10 s                 ; Yes                       ; Yes                       ;
; SDRAM_ADDR[0]       ; 2.5 V        ; 0 s                 ; 0 s                 ; 2.32 V                       ; 3.07e-09 V                   ; 2.37 V              ; -0.00994 V          ; 0.186 V                              ; 0.028 V                              ; 4.98e-10 s                  ; 4.96e-10 s                  ; Yes                        ; Yes                        ; 2.32 V                      ; 3.07e-09 V                  ; 2.37 V             ; -0.00994 V         ; 0.186 V                             ; 0.028 V                             ; 4.98e-10 s                 ; 4.96e-10 s                 ; Yes                       ; Yes                       ;
; SDRAM_BA[1]         ; 2.5 V        ; 0 s                 ; 0 s                 ; 2.32 V                       ; 3.07e-09 V                   ; 2.37 V              ; -0.00994 V          ; 0.186 V                              ; 0.028 V                              ; 4.98e-10 s                  ; 4.96e-10 s                  ; Yes                        ; Yes                        ; 2.32 V                      ; 3.07e-09 V                  ; 2.37 V             ; -0.00994 V         ; 0.186 V                             ; 0.028 V                             ; 4.98e-10 s                 ; 4.96e-10 s                 ; Yes                       ; Yes                       ;
; SDRAM_BA[0]         ; 2.5 V        ; 0 s                 ; 0 s                 ; 2.32 V                       ; 3.07e-09 V                   ; 2.38 V              ; -0.0144 V           ; 0.227 V                              ; 0.024 V                              ; 3.14e-10 s                  ; 3.39e-10 s                  ; Yes                        ; Yes                        ; 2.32 V                      ; 3.07e-09 V                  ; 2.38 V             ; -0.0144 V          ; 0.227 V                             ; 0.024 V                             ; 3.14e-10 s                 ; 3.39e-10 s                 ; Yes                       ; Yes                       ;
; SDRAM_DQM[3]        ; 2.5 V        ; 0 s                 ; 0 s                 ; 2.32 V                       ; 3.07e-09 V                   ; 2.38 V              ; -0.0144 V           ; 0.227 V                              ; 0.024 V                              ; 3.14e-10 s                  ; 3.39e-10 s                  ; Yes                        ; Yes                        ; 2.32 V                      ; 3.07e-09 V                  ; 2.38 V             ; -0.0144 V          ; 0.227 V                             ; 0.024 V                             ; 3.14e-10 s                 ; 3.39e-10 s                 ; Yes                       ; Yes                       ;
; SDRAM_DQM[2]        ; 2.5 V        ; 0 s                 ; 0 s                 ; 2.32 V                       ; 3.07e-09 V                   ; 2.37 V              ; -0.00994 V          ; 0.186 V                              ; 0.028 V                              ; 4.98e-10 s                  ; 4.96e-10 s                  ; Yes                        ; Yes                        ; 2.32 V                      ; 3.07e-09 V                  ; 2.37 V             ; -0.00994 V         ; 0.186 V                             ; 0.028 V                             ; 4.98e-10 s                 ; 4.96e-10 s                 ; Yes                       ; Yes                       ;
; SDRAM_DQM[1]        ; 2.5 V        ; 0 s                 ; 0 s                 ; 2.32 V                       ; 3.07e-09 V                   ; 2.37 V              ; -0.00994 V          ; 0.186 V                              ; 0.028 V                              ; 4.98e-10 s                  ; 4.96e-10 s                  ; Yes                        ; Yes                        ; 2.32 V                      ; 3.07e-09 V                  ; 2.37 V             ; -0.00994 V         ; 0.186 V                             ; 0.028 V                             ; 4.98e-10 s                 ; 4.96e-10 s                 ; Yes                       ; Yes                       ;
; SDRAM_DQM[0]        ; 2.5 V        ; 0 s                 ; 0 s                 ; 2.32 V                       ; 3.07e-09 V                   ; 2.37 V              ; -0.00994 V          ; 0.186 V                              ; 0.028 V                              ; 4.98e-10 s                  ; 4.96e-10 s                  ; Yes                        ; Yes                        ; 2.32 V                      ; 3.07e-09 V                  ; 2.37 V             ; -0.00994 V         ; 0.186 V                             ; 0.028 V                             ; 4.98e-10 s                 ; 4.96e-10 s                 ; Yes                       ; Yes                       ;
; SDRAM_DQ[31]        ; 2.5 V        ; 0 s                 ; 0 s                 ; 2.32 V                       ; 3.07e-09 V                   ; 2.37 V              ; -0.00994 V          ; 0.186 V                              ; 0.028 V                              ; 4.98e-10 s                  ; 4.96e-10 s                  ; Yes                        ; Yes                        ; 2.32 V                      ; 3.07e-09 V                  ; 2.37 V             ; -0.00994 V         ; 0.186 V                             ; 0.028 V                             ; 4.98e-10 s                 ; 4.96e-10 s                 ; Yes                       ; Yes                       ;
; SDRAM_DQ[30]        ; 2.5 V        ; 0 s                 ; 0 s                 ; 2.32 V                       ; 3.07e-09 V                   ; 2.37 V              ; -0.00994 V          ; 0.186 V                              ; 0.028 V                              ; 4.98e-10 s                  ; 4.96e-10 s                  ; Yes                        ; Yes                        ; 2.32 V                      ; 3.07e-09 V                  ; 2.37 V             ; -0.00994 V         ; 0.186 V                             ; 0.028 V                             ; 4.98e-10 s                 ; 4.96e-10 s                 ; Yes                       ; Yes                       ;
; SDRAM_DQ[29]        ; 2.5 V        ; 0 s                 ; 0 s                 ; 2.32 V                       ; 3.07e-09 V                   ; 2.37 V              ; -0.00994 V          ; 0.186 V                              ; 0.028 V                              ; 4.98e-10 s                  ; 4.96e-10 s                  ; Yes                        ; Yes                        ; 2.32 V                      ; 3.07e-09 V                  ; 2.37 V             ; -0.00994 V         ; 0.186 V                             ; 0.028 V                             ; 4.98e-10 s                 ; 4.96e-10 s                 ; Yes                       ; Yes                       ;
; SDRAM_DQ[28]        ; 2.5 V        ; 0 s                 ; 0 s                 ; 2.32 V                       ; 3.07e-09 V                   ; 2.37 V              ; -0.00994 V          ; 0.186 V                              ; 0.028 V                              ; 4.98e-10 s                  ; 4.96e-10 s                  ; Yes                        ; Yes                        ; 2.32 V                      ; 3.07e-09 V                  ; 2.37 V             ; -0.00994 V         ; 0.186 V                             ; 0.028 V                             ; 4.98e-10 s                 ; 4.96e-10 s                 ; Yes                       ; Yes                       ;
; SDRAM_DQ[27]        ; 2.5 V        ; 0 s                 ; 0 s                 ; 2.32 V                       ; 3.07e-09 V                   ; 2.37 V              ; -0.00994 V          ; 0.186 V                              ; 0.028 V                              ; 4.98e-10 s                  ; 4.96e-10 s                  ; Yes                        ; Yes                        ; 2.32 V                      ; 3.07e-09 V                  ; 2.37 V             ; -0.00994 V         ; 0.186 V                             ; 0.028 V                             ; 4.98e-10 s                 ; 4.96e-10 s                 ; Yes                       ; Yes                       ;
; SDRAM_DQ[26]        ; 2.5 V        ; 0 s                 ; 0 s                 ; 2.32 V                       ; 3.07e-09 V                   ; 2.37 V              ; -0.00994 V          ; 0.186 V                              ; 0.028 V                              ; 4.98e-10 s                  ; 4.96e-10 s                  ; Yes                        ; Yes                        ; 2.32 V                      ; 3.07e-09 V                  ; 2.37 V             ; -0.00994 V         ; 0.186 V                             ; 0.028 V                             ; 4.98e-10 s                 ; 4.96e-10 s                 ; Yes                       ; Yes                       ;
; SDRAM_DQ[25]        ; 2.5 V        ; 0 s                 ; 0 s                 ; 2.32 V                       ; 3.07e-09 V                   ; 2.37 V              ; -0.00994 V          ; 0.186 V                              ; 0.028 V                              ; 4.98e-10 s                  ; 4.96e-10 s                  ; Yes                        ; Yes                        ; 2.32 V                      ; 3.07e-09 V                  ; 2.37 V             ; -0.00994 V         ; 0.186 V                             ; 0.028 V                             ; 4.98e-10 s                 ; 4.96e-10 s                 ; Yes                       ; Yes                       ;
; SDRAM_DQ[24]        ; 2.5 V        ; 0 s                 ; 0 s                 ; 2.32 V                       ; 3.07e-09 V                   ; 2.37 V              ; -0.00994 V          ; 0.186 V                              ; 0.028 V                              ; 4.98e-10 s                  ; 4.96e-10 s                  ; Yes                        ; Yes                        ; 2.32 V                      ; 3.07e-09 V                  ; 2.37 V             ; -0.00994 V         ; 0.186 V                             ; 0.028 V                             ; 4.98e-10 s                 ; 4.96e-10 s                 ; Yes                       ; Yes                       ;
; SDRAM_DQ[23]        ; 2.5 V        ; 0 s                 ; 0 s                 ; 2.32 V                       ; 3.07e-09 V                   ; 2.37 V              ; -0.00994 V          ; 0.186 V                              ; 0.028 V                              ; 4.98e-10 s                  ; 4.96e-10 s                  ; Yes                        ; Yes                        ; 2.32 V                      ; 3.07e-09 V                  ; 2.37 V             ; -0.00994 V         ; 0.186 V                             ; 0.028 V                             ; 4.98e-10 s                 ; 4.96e-10 s                 ; Yes                       ; Yes                       ;
; SDRAM_DQ[22]        ; 2.5 V        ; 0 s                 ; 0 s                 ; 2.32 V                       ; 3.07e-09 V                   ; 2.37 V              ; -0.00994 V          ; 0.186 V                              ; 0.028 V                              ; 4.98e-10 s                  ; 4.96e-10 s                  ; Yes                        ; Yes                        ; 2.32 V                      ; 3.07e-09 V                  ; 2.37 V             ; -0.00994 V         ; 0.186 V                             ; 0.028 V                             ; 4.98e-10 s                 ; 4.96e-10 s                 ; Yes                       ; Yes                       ;
; SDRAM_DQ[21]        ; 2.5 V        ; 0 s                 ; 0 s                 ; 2.32 V                       ; 3.07e-09 V                   ; 2.37 V              ; -0.00994 V          ; 0.186 V                              ; 0.028 V                              ; 4.98e-10 s                  ; 4.96e-10 s                  ; Yes                        ; Yes                        ; 2.32 V                      ; 3.07e-09 V                  ; 2.37 V             ; -0.00994 V         ; 0.186 V                             ; 0.028 V                             ; 4.98e-10 s                 ; 4.96e-10 s                 ; Yes                       ; Yes                       ;
; SDRAM_DQ[20]        ; 2.5 V        ; 0 s                 ; 0 s                 ; 2.32 V                       ; 3.07e-09 V                   ; 2.37 V              ; -0.00994 V          ; 0.186 V                              ; 0.028 V                              ; 4.98e-10 s                  ; 4.96e-10 s                  ; Yes                        ; Yes                        ; 2.32 V                      ; 3.07e-09 V                  ; 2.37 V             ; -0.00994 V         ; 0.186 V                             ; 0.028 V                             ; 4.98e-10 s                 ; 4.96e-10 s                 ; Yes                       ; Yes                       ;
; SDRAM_DQ[19]        ; 2.5 V        ; 0 s                 ; 0 s                 ; 2.32 V                       ; 3.07e-09 V                   ; 2.37 V              ; -0.00994 V          ; 0.186 V                              ; 0.028 V                              ; 4.98e-10 s                  ; 4.96e-10 s                  ; Yes                        ; Yes                        ; 2.32 V                      ; 3.07e-09 V                  ; 2.37 V             ; -0.00994 V         ; 0.186 V                             ; 0.028 V                             ; 4.98e-10 s                 ; 4.96e-10 s                 ; Yes                       ; Yes                       ;
; SDRAM_DQ[18]        ; 2.5 V        ; 0 s                 ; 0 s                 ; 2.32 V                       ; 3.07e-09 V                   ; 2.37 V              ; -0.00994 V          ; 0.186 V                              ; 0.028 V                              ; 4.98e-10 s                  ; 4.96e-10 s                  ; Yes                        ; Yes                        ; 2.32 V                      ; 3.07e-09 V                  ; 2.37 V             ; -0.00994 V         ; 0.186 V                             ; 0.028 V                             ; 4.98e-10 s                 ; 4.96e-10 s                 ; Yes                       ; Yes                       ;
; SDRAM_DQ[17]        ; 2.5 V        ; 0 s                 ; 0 s                 ; 2.32 V                       ; 3.07e-09 V                   ; 2.37 V              ; -0.00994 V          ; 0.186 V                              ; 0.028 V                              ; 4.98e-10 s                  ; 4.96e-10 s                  ; Yes                        ; Yes                        ; 2.32 V                      ; 3.07e-09 V                  ; 2.37 V             ; -0.00994 V         ; 0.186 V                             ; 0.028 V                             ; 4.98e-10 s                 ; 4.96e-10 s                 ; Yes                       ; Yes                       ;
; SDRAM_DQ[16]        ; 2.5 V        ; 0 s                 ; 0 s                 ; 2.32 V                       ; 3.07e-09 V                   ; 2.37 V              ; -0.00994 V          ; 0.186 V                              ; 0.028 V                              ; 4.98e-10 s                  ; 4.96e-10 s                  ; Yes                        ; Yes                        ; 2.32 V                      ; 3.07e-09 V                  ; 2.37 V             ; -0.00994 V         ; 0.186 V                             ; 0.028 V                             ; 4.98e-10 s                 ; 4.96e-10 s                 ; Yes                       ; Yes                       ;
; SDRAM_DQ[15]        ; 2.5 V        ; 0 s                 ; 0 s                 ; 2.32 V                       ; 3.07e-09 V                   ; 2.37 V              ; -0.00994 V          ; 0.186 V                              ; 0.028 V                              ; 4.98e-10 s                  ; 4.96e-10 s                  ; Yes                        ; Yes                        ; 2.32 V                      ; 3.07e-09 V                  ; 2.37 V             ; -0.00994 V         ; 0.186 V                             ; 0.028 V                             ; 4.98e-10 s                 ; 4.96e-10 s                 ; Yes                       ; Yes                       ;
; SDRAM_DQ[14]        ; 2.5 V        ; 0 s                 ; 0 s                 ; 2.32 V                       ; 3.07e-09 V                   ; 2.38 V              ; -0.0144 V           ; 0.227 V                              ; 0.024 V                              ; 3.14e-10 s                  ; 3.39e-10 s                  ; Yes                        ; Yes                        ; 2.32 V                      ; 3.07e-09 V                  ; 2.38 V             ; -0.0144 V          ; 0.227 V                             ; 0.024 V                             ; 3.14e-10 s                 ; 3.39e-10 s                 ; Yes                       ; Yes                       ;
; SDRAM_DQ[13]        ; 2.5 V        ; 0 s                 ; 0 s                 ; 2.32 V                       ; 3.07e-09 V                   ; 2.37 V              ; -0.00994 V          ; 0.186 V                              ; 0.028 V                              ; 4.98e-10 s                  ; 4.96e-10 s                  ; Yes                        ; Yes                        ; 2.32 V                      ; 3.07e-09 V                  ; 2.37 V             ; -0.00994 V         ; 0.186 V                             ; 0.028 V                             ; 4.98e-10 s                 ; 4.96e-10 s                 ; Yes                       ; Yes                       ;
; SDRAM_DQ[12]        ; 2.5 V        ; 0 s                 ; 0 s                 ; 2.32 V                       ; 3.07e-09 V                   ; 2.37 V              ; -0.00994 V          ; 0.186 V                              ; 0.028 V                              ; 4.98e-10 s                  ; 4.96e-10 s                  ; Yes                        ; Yes                        ; 2.32 V                      ; 3.07e-09 V                  ; 2.37 V             ; -0.00994 V         ; 0.186 V                             ; 0.028 V                             ; 4.98e-10 s                 ; 4.96e-10 s                 ; Yes                       ; Yes                       ;
; SDRAM_DQ[11]        ; 2.5 V        ; 0 s                 ; 0 s                 ; 2.32 V                       ; 3.07e-09 V                   ; 2.37 V              ; -0.00994 V          ; 0.186 V                              ; 0.028 V                              ; 4.98e-10 s                  ; 4.96e-10 s                  ; Yes                        ; Yes                        ; 2.32 V                      ; 3.07e-09 V                  ; 2.37 V             ; -0.00994 V         ; 0.186 V                             ; 0.028 V                             ; 4.98e-10 s                 ; 4.96e-10 s                 ; Yes                       ; Yes                       ;
; SDRAM_DQ[10]        ; 2.5 V        ; 0 s                 ; 0 s                 ; 2.32 V                       ; 3.07e-09 V                   ; 2.37 V              ; -0.00994 V          ; 0.186 V                              ; 0.028 V                              ; 4.98e-10 s                  ; 4.96e-10 s                  ; Yes                        ; Yes                        ; 2.32 V                      ; 3.07e-09 V                  ; 2.37 V             ; -0.00994 V         ; 0.186 V                             ; 0.028 V                             ; 4.98e-10 s                 ; 4.96e-10 s                 ; Yes                       ; Yes                       ;
; SDRAM_DQ[9]         ; 2.5 V        ; 0 s                 ; 0 s                 ; 2.32 V                       ; 3.07e-09 V                   ; 2.37 V              ; -0.00994 V          ; 0.186 V                              ; 0.028 V                              ; 4.98e-10 s                  ; 4.96e-10 s                  ; Yes                        ; Yes                        ; 2.32 V                      ; 3.07e-09 V                  ; 2.37 V             ; -0.00994 V         ; 0.186 V                             ; 0.028 V                             ; 4.98e-10 s                 ; 4.96e-10 s                 ; Yes                       ; Yes                       ;
; SDRAM_DQ[8]         ; 2.5 V        ; 0 s                 ; 0 s                 ; 2.32 V                       ; 3.07e-09 V                   ; 2.37 V              ; -0.00994 V          ; 0.186 V                              ; 0.028 V                              ; 4.98e-10 s                  ; 4.96e-10 s                  ; Yes                        ; Yes                        ; 2.32 V                      ; 3.07e-09 V                  ; 2.37 V             ; -0.00994 V         ; 0.186 V                             ; 0.028 V                             ; 4.98e-10 s                 ; 4.96e-10 s                 ; Yes                       ; Yes                       ;
; SDRAM_DQ[7]         ; 2.5 V        ; 0 s                 ; 0 s                 ; 2.32 V                       ; 3.07e-09 V                   ; 2.37 V              ; -0.00994 V          ; 0.186 V                              ; 0.028 V                              ; 4.98e-10 s                  ; 4.96e-10 s                  ; Yes                        ; Yes                        ; 2.32 V                      ; 3.07e-09 V                  ; 2.37 V             ; -0.00994 V         ; 0.186 V                             ; 0.028 V                             ; 4.98e-10 s                 ; 4.96e-10 s                 ; Yes                       ; Yes                       ;
; SDRAM_DQ[6]         ; 2.5 V        ; 0 s                 ; 0 s                 ; 2.32 V                       ; 3.07e-09 V                   ; 2.37 V              ; -0.00994 V          ; 0.186 V                              ; 0.028 V                              ; 4.98e-10 s                  ; 4.96e-10 s                  ; Yes                        ; Yes                        ; 2.32 V                      ; 3.07e-09 V                  ; 2.37 V             ; -0.00994 V         ; 0.186 V                             ; 0.028 V                             ; 4.98e-10 s                 ; 4.96e-10 s                 ; Yes                       ; Yes                       ;
; SDRAM_DQ[5]         ; 2.5 V        ; 0 s                 ; 0 s                 ; 2.32 V                       ; 3.07e-09 V                   ; 2.37 V              ; -0.00994 V          ; 0.186 V                              ; 0.028 V                              ; 4.98e-10 s                  ; 4.96e-10 s                  ; Yes                        ; Yes                        ; 2.32 V                      ; 3.07e-09 V                  ; 2.37 V             ; -0.00994 V         ; 0.186 V                             ; 0.028 V                             ; 4.98e-10 s                 ; 4.96e-10 s                 ; Yes                       ; Yes                       ;
; SDRAM_DQ[4]         ; 2.5 V        ; 0 s                 ; 0 s                 ; 2.32 V                       ; 3.07e-09 V                   ; 2.37 V              ; -0.00994 V          ; 0.186 V                              ; 0.028 V                              ; 4.98e-10 s                  ; 4.96e-10 s                  ; Yes                        ; Yes                        ; 2.32 V                      ; 3.07e-09 V                  ; 2.37 V             ; -0.00994 V         ; 0.186 V                             ; 0.028 V                             ; 4.98e-10 s                 ; 4.96e-10 s                 ; Yes                       ; Yes                       ;
; SDRAM_DQ[3]         ; 2.5 V        ; 0 s                 ; 0 s                 ; 2.32 V                       ; 3.07e-09 V                   ; 2.37 V              ; -0.00994 V          ; 0.186 V                              ; 0.028 V                              ; 4.98e-10 s                  ; 4.96e-10 s                  ; Yes                        ; Yes                        ; 2.32 V                      ; 3.07e-09 V                  ; 2.37 V             ; -0.00994 V         ; 0.186 V                             ; 0.028 V                             ; 4.98e-10 s                 ; 4.96e-10 s                 ; Yes                       ; Yes                       ;
; SDRAM_DQ[2]         ; 2.5 V        ; 0 s                 ; 0 s                 ; 2.32 V                       ; 3.07e-09 V                   ; 2.37 V              ; -0.00994 V          ; 0.186 V                              ; 0.028 V                              ; 4.98e-10 s                  ; 4.96e-10 s                  ; Yes                        ; Yes                        ; 2.32 V                      ; 3.07e-09 V                  ; 2.37 V             ; -0.00994 V         ; 0.186 V                             ; 0.028 V                             ; 4.98e-10 s                 ; 4.96e-10 s                 ; Yes                       ; Yes                       ;
; SDRAM_DQ[1]         ; 2.5 V        ; 0 s                 ; 0 s                 ; 2.32 V                       ; 3.07e-09 V                   ; 2.37 V              ; -0.00994 V          ; 0.186 V                              ; 0.028 V                              ; 4.98e-10 s                  ; 4.96e-10 s                  ; Yes                        ; Yes                        ; 2.32 V                      ; 3.07e-09 V                  ; 2.37 V             ; -0.00994 V         ; 0.186 V                             ; 0.028 V                             ; 4.98e-10 s                 ; 4.96e-10 s                 ; Yes                       ; Yes                       ;
; SDRAM_DQ[0]         ; 2.5 V        ; 0 s                 ; 0 s                 ; 2.32 V                       ; 3.07e-09 V                   ; 2.37 V              ; -0.00994 V          ; 0.186 V                              ; 0.028 V                              ; 4.98e-10 s                  ; 4.96e-10 s                  ; Yes                        ; Yes                        ; 2.32 V                      ; 3.07e-09 V                  ; 2.37 V             ; -0.00994 V         ; 0.186 V                             ; 0.028 V                             ; 4.98e-10 s                 ; 4.96e-10 s                 ; Yes                       ; Yes                       ;
; altera_reserved_tdo ; 2.5 V        ; 0 s                 ; 0 s                 ; 2.32 V                       ; 2.07e-08 V                   ; 2.33 V              ; -0.0049 V           ; 0.041 V                              ; 0.094 V                              ; 8.74e-10 s                  ; 1.89e-09 s                  ; Yes                        ; Yes                        ; 2.32 V                      ; 2.07e-08 V                  ; 2.33 V             ; -0.0049 V          ; 0.041 V                             ; 0.094 V                             ; 8.74e-10 s                 ; 1.89e-09 s                 ; Yes                       ; Yes                       ;
; ~ALTERA_DCLK~       ; 2.5 V        ; 0 s                 ; 0 s                 ; 2.32 V                       ; 2.67e-09 V                   ; 2.38 V              ; -0.0485 V           ; 0.167 V                              ; 0.096 V                              ; 2.95e-10 s                  ; 2.73e-10 s                  ; Yes                        ; Yes                        ; 2.32 V                      ; 2.67e-09 V                  ; 2.38 V             ; -0.0485 V          ; 0.167 V                             ; 0.096 V                             ; 2.95e-10 s                 ; 2.73e-10 s                 ; Yes                       ; Yes                       ;
; ~ALTERA_nCEO~       ; 2.5 V        ; 0 s                 ; 0 s                 ; 2.32 V                       ; 4.18e-09 V                   ; 2.38 V              ; -0.00483 V          ; 0.152 V                              ; 0.012 V                              ; 4.81e-10 s                  ; 6.29e-10 s                  ; Yes                        ; Yes                        ; 2.32 V                      ; 4.18e-09 V                  ; 2.38 V             ; -0.00483 V         ; 0.152 V                             ; 0.012 V                             ; 4.81e-10 s                 ; 6.29e-10 s                 ; Yes                       ; Yes                       ;
+---------------------+--------------+---------------------+---------------------+------------------------------+------------------------------+---------------------+---------------------+--------------------------------------+--------------------------------------+-----------------------------+-----------------------------+----------------------------+----------------------------+-----------------------------+-----------------------------+--------------------+--------------------+-------------------------------------+-------------------------------------+----------------------------+----------------------------+---------------------------+---------------------------+


+--------------------------------------------------------------------------------------------------------------------------------------------------------------------------------------------------------------------------------------------------------------------------------------------------------------------------------------------------------------------------------------------------------------------------------------------------------------------------------------------------------------------------------------------------------------------------------------------------------------------------------------------------------------------------------------------------+
; Signal Integrity Metrics (Slow 1200mv 85c Model)                                                                                                                                                                                                                                                                                                                                                                                                                                                                                                                                                                                                                                                 ;
+---------------------+--------------+---------------------+---------------------+------------------------------+------------------------------+---------------------+---------------------+--------------------------------------+--------------------------------------+-----------------------------+-----------------------------+----------------------------+----------------------------+-----------------------------+-----------------------------+--------------------+--------------------+-------------------------------------+-------------------------------------+----------------------------+----------------------------+---------------------------+---------------------------+
; Pin                 ; I/O Standard ; Board Delay on Rise ; Board Delay on Fall ; Steady State Voh at FPGA Pin ; Steady State Vol at FPGA Pin ; Voh Max at FPGA Pin ; Vol Min at FPGA Pin ; Ringback Voltage on Rise at FPGA Pin ; Ringback Voltage on Fall at FPGA Pin ; 10-90 Rise Time at FPGA Pin ; 90-10 Fall Time at FPGA Pin ; Monotonic Rise at FPGA Pin ; Monotonic Fall at FPGA Pin ; Steady State Voh at Far-end ; Steady State Vol at Far-end ; Voh Max at Far-end ; Vol Min at Far-end ; Ringback Voltage on Rise at Far-end ; Ringback Voltage on Fall at Far-end ; 10-90 Rise Time at Far-end ; 90-10 Fall Time at Far-end ; Monotonic Rise at Far-end ; Monotonic Fall at Far-end ;
+---------------------+--------------+---------------------+---------------------+------------------------------+------------------------------+---------------------+---------------------+--------------------------------------+--------------------------------------+-----------------------------+-----------------------------+----------------------------+----------------------------+-----------------------------+-----------------------------+--------------------+--------------------+-------------------------------------+-------------------------------------+----------------------------+----------------------------+---------------------------+---------------------------+
; SDRAM_CLK           ; 2.5 V        ; 0 s                 ; 0 s                 ; 2.32 V                       ; 6.92e-07 V                   ; 2.35 V              ; -0.00996 V          ; 0.121 V                              ; 0.03 V                               ; 4.64e-10 s                  ; 4.47e-10 s                  ; Yes                        ; Yes                        ; 2.32 V                      ; 6.92e-07 V                  ; 2.35 V             ; -0.00996 V         ; 0.121 V                             ; 0.03 V                              ; 4.64e-10 s                 ; 4.47e-10 s                 ; Yes                       ; Yes                       ;
; SDRAM_CAS_N         ; 2.5 V        ; 0 s                 ; 0 s                 ; 2.32 V                       ; 4.67e-07 V                   ; 2.35 V              ; -0.00942 V          ; 0.116 V                              ; 0.033 V                              ; 6.66e-10 s                  ; 6.27e-10 s                  ; Yes                        ; Yes                        ; 2.32 V                      ; 4.67e-07 V                  ; 2.35 V             ; -0.00942 V         ; 0.116 V                             ; 0.033 V                             ; 6.66e-10 s                 ; 6.27e-10 s                 ; Yes                       ; Yes                       ;
; SDRAM_CKE           ; 2.5 V        ; 0 s                 ; 0 s                 ; 2.32 V                       ; 4.67e-07 V                   ; 2.35 V              ; -0.00942 V          ; 0.116 V                              ; 0.033 V                              ; 6.66e-10 s                  ; 6.27e-10 s                  ; Yes                        ; Yes                        ; 2.32 V                      ; 4.67e-07 V                  ; 2.35 V             ; -0.00942 V         ; 0.116 V                             ; 0.033 V                             ; 6.66e-10 s                 ; 6.27e-10 s                 ; Yes                       ; Yes                       ;
; SDRAM_CS_N          ; 2.5 V        ; 0 s                 ; 0 s                 ; 2.32 V                       ; 4.67e-07 V                   ; 2.35 V              ; -0.00942 V          ; 0.116 V                              ; 0.033 V                              ; 6.66e-10 s                  ; 6.27e-10 s                  ; Yes                        ; Yes                        ; 2.32 V                      ; 4.67e-07 V                  ; 2.35 V             ; -0.00942 V         ; 0.116 V                             ; 0.033 V                             ; 6.66e-10 s                 ; 6.27e-10 s                 ; Yes                       ; Yes                       ;
; SDRAM_RAS_N         ; 2.5 V        ; 0 s                 ; 0 s                 ; 2.32 V                       ; 4.67e-07 V                   ; 2.35 V              ; -0.00942 V          ; 0.116 V                              ; 0.033 V                              ; 6.66e-10 s                  ; 6.27e-10 s                  ; Yes                        ; Yes                        ; 2.32 V                      ; 4.67e-07 V                  ; 2.35 V             ; -0.00942 V         ; 0.116 V                             ; 0.033 V                             ; 6.66e-10 s                 ; 6.27e-10 s                 ; Yes                       ; Yes                       ;
; SDRAM_WE_N          ; 2.5 V        ; 0 s                 ; 0 s                 ; 2.32 V                       ; 4.67e-07 V                   ; 2.35 V              ; -0.00942 V          ; 0.116 V                              ; 0.033 V                              ; 6.66e-10 s                  ; 6.27e-10 s                  ; Yes                        ; Yes                        ; 2.32 V                      ; 4.67e-07 V                  ; 2.35 V             ; -0.00942 V         ; 0.116 V                             ; 0.033 V                             ; 6.66e-10 s                 ; 6.27e-10 s                 ; Yes                       ; Yes                       ;
; LED[7]              ; 2.5 V        ; 0 s                 ; 0 s                 ; 2.32 V                       ; 6.92e-07 V                   ; 2.35 V              ; -0.00996 V          ; 0.121 V                              ; 0.03 V                               ; 4.64e-10 s                  ; 4.47e-10 s                  ; Yes                        ; Yes                        ; 2.32 V                      ; 6.92e-07 V                  ; 2.35 V             ; -0.00996 V         ; 0.121 V                             ; 0.03 V                              ; 4.64e-10 s                 ; 4.47e-10 s                 ; Yes                       ; Yes                       ;
; LED[6]              ; 2.5 V        ; 0 s                 ; 0 s                 ; 2.32 V                       ; 6.92e-07 V                   ; 2.35 V              ; -0.00996 V          ; 0.121 V                              ; 0.03 V                               ; 4.64e-10 s                  ; 4.47e-10 s                  ; Yes                        ; Yes                        ; 2.32 V                      ; 6.92e-07 V                  ; 2.35 V             ; -0.00996 V         ; 0.121 V                             ; 0.03 V                              ; 4.64e-10 s                 ; 4.47e-10 s                 ; Yes                       ; Yes                       ;
; LED[5]              ; 2.5 V        ; 0 s                 ; 0 s                 ; 2.32 V                       ; 6.92e-07 V                   ; 2.35 V              ; -0.00996 V          ; 0.121 V                              ; 0.03 V                               ; 4.64e-10 s                  ; 4.47e-10 s                  ; Yes                        ; Yes                        ; 2.32 V                      ; 6.92e-07 V                  ; 2.35 V             ; -0.00996 V         ; 0.121 V                             ; 0.03 V                              ; 4.64e-10 s                 ; 4.47e-10 s                 ; Yes                       ; Yes                       ;
; LED[4]              ; 2.5 V        ; 0 s                 ; 0 s                 ; 2.32 V                       ; 6.92e-07 V                   ; 2.35 V              ; -0.00996 V          ; 0.121 V                              ; 0.03 V                               ; 4.64e-10 s                  ; 4.47e-10 s                  ; Yes                        ; Yes                        ; 2.32 V                      ; 6.92e-07 V                  ; 2.35 V             ; -0.00996 V         ; 0.121 V                             ; 0.03 V                              ; 4.64e-10 s                 ; 4.47e-10 s                 ; Yes                       ; Yes                       ;
; LED[3]              ; 2.5 V        ; 0 s                 ; 0 s                 ; 2.32 V                       ; 6.92e-07 V                   ; 2.35 V              ; -0.00996 V          ; 0.121 V                              ; 0.03 V                               ; 4.64e-10 s                  ; 4.47e-10 s                  ; Yes                        ; Yes                        ; 2.32 V                      ; 6.92e-07 V                  ; 2.35 V             ; -0.00996 V         ; 0.121 V                             ; 0.03 V                              ; 4.64e-10 s                 ; 4.47e-10 s                 ; Yes                       ; Yes                       ;
; LED[2]              ; 2.5 V        ; 0 s                 ; 0 s                 ; 2.32 V                       ; 6.92e-07 V                   ; 2.35 V              ; -0.00996 V          ; 0.121 V                              ; 0.03 V                               ; 4.64e-10 s                  ; 4.47e-10 s                  ; Yes                        ; Yes                        ; 2.32 V                      ; 6.92e-07 V                  ; 2.35 V             ; -0.00996 V         ; 0.121 V                             ; 0.03 V                              ; 4.64e-10 s                 ; 4.47e-10 s                 ; Yes                       ; Yes                       ;
; LED[1]              ; 2.5 V        ; 0 s                 ; 0 s                 ; 2.32 V                       ; 6.92e-07 V                   ; 2.35 V              ; -0.00996 V          ; 0.121 V                              ; 0.03 V                               ; 4.64e-10 s                  ; 4.47e-10 s                  ; Yes                        ; Yes                        ; 2.32 V                      ; 6.92e-07 V                  ; 2.35 V             ; -0.00996 V         ; 0.121 V                             ; 0.03 V                              ; 4.64e-10 s                 ; 4.47e-10 s                 ; Yes                       ; Yes                       ;
; LED[0]              ; 2.5 V        ; 0 s                 ; 0 s                 ; 2.32 V                       ; 6.92e-07 V                   ; 2.35 V              ; -0.00996 V          ; 0.121 V                              ; 0.03 V                               ; 4.64e-10 s                  ; 4.47e-10 s                  ; Yes                        ; Yes                        ; 2.32 V                      ; 6.92e-07 V                  ; 2.35 V             ; -0.00996 V         ; 0.121 V                             ; 0.03 V                              ; 4.64e-10 s                 ; 4.47e-10 s                 ; Yes                       ; Yes                       ;
; SDRAM_ADDR[12]      ; 2.5 V        ; 0 s                 ; 0 s                 ; 2.32 V                       ; 4.67e-07 V                   ; 2.35 V              ; -0.00942 V          ; 0.116 V                              ; 0.033 V                              ; 6.66e-10 s                  ; 6.27e-10 s                  ; Yes                        ; Yes                        ; 2.32 V                      ; 4.67e-07 V                  ; 2.35 V             ; -0.00942 V         ; 0.116 V                             ; 0.033 V                             ; 6.66e-10 s                 ; 6.27e-10 s                 ; Yes                       ; Yes                       ;
; SDRAM_ADDR[11]      ; 2.5 V        ; 0 s                 ; 0 s                 ; 2.32 V                       ; 4.67e-07 V                   ; 2.35 V              ; -0.00942 V          ; 0.116 V                              ; 0.033 V                              ; 6.66e-10 s                  ; 6.27e-10 s                  ; Yes                        ; Yes                        ; 2.32 V                      ; 4.67e-07 V                  ; 2.35 V             ; -0.00942 V         ; 0.116 V                             ; 0.033 V                             ; 6.66e-10 s                 ; 6.27e-10 s                 ; Yes                       ; Yes                       ;
; SDRAM_ADDR[10]      ; 2.5 V        ; 0 s                 ; 0 s                 ; 2.32 V                       ; 4.67e-07 V                   ; 2.36 V              ; -0.00552 V          ; 0.11 V                               ; 0.007 V                              ; 4.54e-10 s                  ; 4.35e-10 s                  ; Yes                        ; Yes                        ; 2.32 V                      ; 4.67e-07 V                  ; 2.36 V             ; -0.00552 V         ; 0.11 V                              ; 0.007 V                             ; 4.54e-10 s                 ; 4.35e-10 s                 ; Yes                       ; Yes                       ;
; SDRAM_ADDR[9]       ; 2.5 V        ; 0 s                 ; 0 s                 ; 2.32 V                       ; 4.67e-07 V                   ; 2.35 V              ; -0.00942 V          ; 0.116 V                              ; 0.033 V                              ; 6.66e-10 s                  ; 6.27e-10 s                  ; Yes                        ; Yes                        ; 2.32 V                      ; 4.67e-07 V                  ; 2.35 V             ; -0.00942 V         ; 0.116 V                             ; 0.033 V                             ; 6.66e-10 s                 ; 6.27e-10 s                 ; Yes                       ; Yes                       ;
; SDRAM_ADDR[8]       ; 2.5 V        ; 0 s                 ; 0 s                 ; 2.32 V                       ; 4.67e-07 V                   ; 2.35 V              ; -0.00942 V          ; 0.116 V                              ; 0.033 V                              ; 6.66e-10 s                  ; 6.27e-10 s                  ; Yes                        ; Yes                        ; 2.32 V                      ; 4.67e-07 V                  ; 2.35 V             ; -0.00942 V         ; 0.116 V                             ; 0.033 V                             ; 6.66e-10 s                 ; 6.27e-10 s                 ; Yes                       ; Yes                       ;
; SDRAM_ADDR[7]       ; 2.5 V        ; 0 s                 ; 0 s                 ; 2.32 V                       ; 4.67e-07 V                   ; 2.36 V              ; -0.00552 V          ; 0.11 V                               ; 0.007 V                              ; 4.54e-10 s                  ; 4.35e-10 s                  ; Yes                        ; Yes                        ; 2.32 V                      ; 4.67e-07 V                  ; 2.36 V             ; -0.00552 V         ; 0.11 V                              ; 0.007 V                             ; 4.54e-10 s                 ; 4.35e-10 s                 ; Yes                       ; Yes                       ;
; SDRAM_ADDR[6]       ; 2.5 V        ; 0 s                 ; 0 s                 ; 2.32 V                       ; 4.67e-07 V                   ; 2.36 V              ; -0.00552 V          ; 0.11 V                               ; 0.007 V                              ; 4.54e-10 s                  ; 4.35e-10 s                  ; Yes                        ; Yes                        ; 2.32 V                      ; 4.67e-07 V                  ; 2.36 V             ; -0.00552 V         ; 0.11 V                              ; 0.007 V                             ; 4.54e-10 s                 ; 4.35e-10 s                 ; Yes                       ; Yes                       ;
; SDRAM_ADDR[5]       ; 2.5 V        ; 0 s                 ; 0 s                 ; 2.32 V                       ; 4.67e-07 V                   ; 2.35 V              ; -0.00942 V          ; 0.116 V                              ; 0.033 V                              ; 6.66e-10 s                  ; 6.27e-10 s                  ; Yes                        ; Yes                        ; 2.32 V                      ; 4.67e-07 V                  ; 2.35 V             ; -0.00942 V         ; 0.116 V                             ; 0.033 V                             ; 6.66e-10 s                 ; 6.27e-10 s                 ; Yes                       ; Yes                       ;
; SDRAM_ADDR[4]       ; 2.5 V        ; 0 s                 ; 0 s                 ; 2.32 V                       ; 4.67e-07 V                   ; 2.35 V              ; -0.00942 V          ; 0.116 V                              ; 0.033 V                              ; 6.66e-10 s                  ; 6.27e-10 s                  ; Yes                        ; Yes                        ; 2.32 V                      ; 4.67e-07 V                  ; 2.35 V             ; -0.00942 V         ; 0.116 V                             ; 0.033 V                             ; 6.66e-10 s                 ; 6.27e-10 s                 ; Yes                       ; Yes                       ;
; SDRAM_ADDR[3]       ; 2.5 V        ; 0 s                 ; 0 s                 ; 2.32 V                       ; 4.67e-07 V                   ; 2.35 V              ; -0.00942 V          ; 0.116 V                              ; 0.033 V                              ; 6.66e-10 s                  ; 6.27e-10 s                  ; Yes                        ; Yes                        ; 2.32 V                      ; 4.67e-07 V                  ; 2.35 V             ; -0.00942 V         ; 0.116 V                             ; 0.033 V                             ; 6.66e-10 s                 ; 6.27e-10 s                 ; Yes                       ; Yes                       ;
; SDRAM_ADDR[2]       ; 2.5 V        ; 0 s                 ; 0 s                 ; 2.32 V                       ; 4.67e-07 V                   ; 2.36 V              ; -0.00552 V          ; 0.11 V                               ; 0.007 V                              ; 4.54e-10 s                  ; 4.35e-10 s                  ; Yes                        ; Yes                        ; 2.32 V                      ; 4.67e-07 V                  ; 2.36 V             ; -0.00552 V         ; 0.11 V                              ; 0.007 V                             ; 4.54e-10 s                 ; 4.35e-10 s                 ; Yes                       ; Yes                       ;
; SDRAM_ADDR[1]       ; 2.5 V        ; 0 s                 ; 0 s                 ; 2.32 V                       ; 4.67e-07 V                   ; 2.35 V              ; -0.00942 V          ; 0.116 V                              ; 0.033 V                              ; 6.66e-10 s                  ; 6.27e-10 s                  ; Yes                        ; Yes                        ; 2.32 V                      ; 4.67e-07 V                  ; 2.35 V             ; -0.00942 V         ; 0.116 V                             ; 0.033 V                             ; 6.66e-10 s                 ; 6.27e-10 s                 ; Yes                       ; Yes                       ;
; SDRAM_ADDR[0]       ; 2.5 V        ; 0 s                 ; 0 s                 ; 2.32 V                       ; 4.67e-07 V                   ; 2.35 V              ; -0.00942 V          ; 0.116 V                              ; 0.033 V                              ; 6.66e-10 s                  ; 6.27e-10 s                  ; Yes                        ; Yes                        ; 2.32 V                      ; 4.67e-07 V                  ; 2.35 V             ; -0.00942 V         ; 0.116 V                             ; 0.033 V                             ; 6.66e-10 s                 ; 6.27e-10 s                 ; Yes                       ; Yes                       ;
; SDRAM_BA[1]         ; 2.5 V        ; 0 s                 ; 0 s                 ; 2.32 V                       ; 4.67e-07 V                   ; 2.35 V              ; -0.00942 V          ; 0.116 V                              ; 0.033 V                              ; 6.66e-10 s                  ; 6.27e-10 s                  ; Yes                        ; Yes                        ; 2.32 V                      ; 4.67e-07 V                  ; 2.35 V             ; -0.00942 V         ; 0.116 V                             ; 0.033 V                             ; 6.66e-10 s                 ; 6.27e-10 s                 ; Yes                       ; Yes                       ;
; SDRAM_BA[0]         ; 2.5 V        ; 0 s                 ; 0 s                 ; 2.32 V                       ; 4.67e-07 V                   ; 2.36 V              ; -0.00552 V          ; 0.11 V                               ; 0.007 V                              ; 4.54e-10 s                  ; 4.35e-10 s                  ; Yes                        ; Yes                        ; 2.32 V                      ; 4.67e-07 V                  ; 2.36 V             ; -0.00552 V         ; 0.11 V                              ; 0.007 V                             ; 4.54e-10 s                 ; 4.35e-10 s                 ; Yes                       ; Yes                       ;
; SDRAM_DQM[3]        ; 2.5 V        ; 0 s                 ; 0 s                 ; 2.32 V                       ; 4.67e-07 V                   ; 2.36 V              ; -0.00552 V          ; 0.11 V                               ; 0.007 V                              ; 4.54e-10 s                  ; 4.35e-10 s                  ; Yes                        ; Yes                        ; 2.32 V                      ; 4.67e-07 V                  ; 2.36 V             ; -0.00552 V         ; 0.11 V                              ; 0.007 V                             ; 4.54e-10 s                 ; 4.35e-10 s                 ; Yes                       ; Yes                       ;
; SDRAM_DQM[2]        ; 2.5 V        ; 0 s                 ; 0 s                 ; 2.32 V                       ; 4.67e-07 V                   ; 2.35 V              ; -0.00942 V          ; 0.116 V                              ; 0.033 V                              ; 6.66e-10 s                  ; 6.27e-10 s                  ; Yes                        ; Yes                        ; 2.32 V                      ; 4.67e-07 V                  ; 2.35 V             ; -0.00942 V         ; 0.116 V                             ; 0.033 V                             ; 6.66e-10 s                 ; 6.27e-10 s                 ; Yes                       ; Yes                       ;
; SDRAM_DQM[1]        ; 2.5 V        ; 0 s                 ; 0 s                 ; 2.32 V                       ; 4.67e-07 V                   ; 2.35 V              ; -0.00942 V          ; 0.116 V                              ; 0.033 V                              ; 6.66e-10 s                  ; 6.27e-10 s                  ; Yes                        ; Yes                        ; 2.32 V                      ; 4.67e-07 V                  ; 2.35 V             ; -0.00942 V         ; 0.116 V                             ; 0.033 V                             ; 6.66e-10 s                 ; 6.27e-10 s                 ; Yes                       ; Yes                       ;
; SDRAM_DQM[0]        ; 2.5 V        ; 0 s                 ; 0 s                 ; 2.32 V                       ; 4.67e-07 V                   ; 2.35 V              ; -0.00942 V          ; 0.116 V                              ; 0.033 V                              ; 6.66e-10 s                  ; 6.27e-10 s                  ; Yes                        ; Yes                        ; 2.32 V                      ; 4.67e-07 V                  ; 2.35 V             ; -0.00942 V         ; 0.116 V                             ; 0.033 V                             ; 6.66e-10 s                 ; 6.27e-10 s                 ; Yes                       ; Yes                       ;
; SDRAM_DQ[31]        ; 2.5 V        ; 0 s                 ; 0 s                 ; 2.32 V                       ; 4.67e-07 V                   ; 2.35 V              ; -0.00942 V          ; 0.116 V                              ; 0.033 V                              ; 6.66e-10 s                  ; 6.27e-10 s                  ; Yes                        ; Yes                        ; 2.32 V                      ; 4.67e-07 V                  ; 2.35 V             ; -0.00942 V         ; 0.116 V                             ; 0.033 V                             ; 6.66e-10 s                 ; 6.27e-10 s                 ; Yes                       ; Yes                       ;
; SDRAM_DQ[30]        ; 2.5 V        ; 0 s                 ; 0 s                 ; 2.32 V                       ; 4.67e-07 V                   ; 2.35 V              ; -0.00942 V          ; 0.116 V                              ; 0.033 V                              ; 6.66e-10 s                  ; 6.27e-10 s                  ; Yes                        ; Yes                        ; 2.32 V                      ; 4.67e-07 V                  ; 2.35 V             ; -0.00942 V         ; 0.116 V                             ; 0.033 V                             ; 6.66e-10 s                 ; 6.27e-10 s                 ; Yes                       ; Yes                       ;
; SDRAM_DQ[29]        ; 2.5 V        ; 0 s                 ; 0 s                 ; 2.32 V                       ; 4.67e-07 V                   ; 2.35 V              ; -0.00942 V          ; 0.116 V                              ; 0.033 V                              ; 6.66e-10 s                  ; 6.27e-10 s                  ; Yes                        ; Yes                        ; 2.32 V                      ; 4.67e-07 V                  ; 2.35 V             ; -0.00942 V         ; 0.116 V                             ; 0.033 V                             ; 6.66e-10 s                 ; 6.27e-10 s                 ; Yes                       ; Yes                       ;
; SDRAM_DQ[28]        ; 2.5 V        ; 0 s                 ; 0 s                 ; 2.32 V                       ; 4.67e-07 V                   ; 2.35 V              ; -0.00942 V          ; 0.116 V                              ; 0.033 V                              ; 6.66e-10 s                  ; 6.27e-10 s                  ; Yes                        ; Yes                        ; 2.32 V                      ; 4.67e-07 V                  ; 2.35 V             ; -0.00942 V         ; 0.116 V                             ; 0.033 V                             ; 6.66e-10 s                 ; 6.27e-10 s                 ; Yes                       ; Yes                       ;
; SDRAM_DQ[27]        ; 2.5 V        ; 0 s                 ; 0 s                 ; 2.32 V                       ; 4.67e-07 V                   ; 2.35 V              ; -0.00942 V          ; 0.116 V                              ; 0.033 V                              ; 6.66e-10 s                  ; 6.27e-10 s                  ; Yes                        ; Yes                        ; 2.32 V                      ; 4.67e-07 V                  ; 2.35 V             ; -0.00942 V         ; 0.116 V                             ; 0.033 V                             ; 6.66e-10 s                 ; 6.27e-10 s                 ; Yes                       ; Yes                       ;
; SDRAM_DQ[26]        ; 2.5 V        ; 0 s                 ; 0 s                 ; 2.32 V                       ; 4.67e-07 V                   ; 2.35 V              ; -0.00942 V          ; 0.116 V                              ; 0.033 V                              ; 6.66e-10 s                  ; 6.27e-10 s                  ; Yes                        ; Yes                        ; 2.32 V                      ; 4.67e-07 V                  ; 2.35 V             ; -0.00942 V         ; 0.116 V                             ; 0.033 V                             ; 6.66e-10 s                 ; 6.27e-10 s                 ; Yes                       ; Yes                       ;
; SDRAM_DQ[25]        ; 2.5 V        ; 0 s                 ; 0 s                 ; 2.32 V                       ; 4.67e-07 V                   ; 2.35 V              ; -0.00942 V          ; 0.116 V                              ; 0.033 V                              ; 6.66e-10 s                  ; 6.27e-10 s                  ; Yes                        ; Yes                        ; 2.32 V                      ; 4.67e-07 V                  ; 2.35 V             ; -0.00942 V         ; 0.116 V                             ; 0.033 V                             ; 6.66e-10 s                 ; 6.27e-10 s                 ; Yes                       ; Yes                       ;
; SDRAM_DQ[24]        ; 2.5 V        ; 0 s                 ; 0 s                 ; 2.32 V                       ; 4.67e-07 V                   ; 2.35 V              ; -0.00942 V          ; 0.116 V                              ; 0.033 V                              ; 6.66e-10 s                  ; 6.27e-10 s                  ; Yes                        ; Yes                        ; 2.32 V                      ; 4.67e-07 V                  ; 2.35 V             ; -0.00942 V         ; 0.116 V                             ; 0.033 V                             ; 6.66e-10 s                 ; 6.27e-10 s                 ; Yes                       ; Yes                       ;
; SDRAM_DQ[23]        ; 2.5 V        ; 0 s                 ; 0 s                 ; 2.32 V                       ; 4.67e-07 V                   ; 2.35 V              ; -0.00942 V          ; 0.116 V                              ; 0.033 V                              ; 6.66e-10 s                  ; 6.27e-10 s                  ; Yes                        ; Yes                        ; 2.32 V                      ; 4.67e-07 V                  ; 2.35 V             ; -0.00942 V         ; 0.116 V                             ; 0.033 V                             ; 6.66e-10 s                 ; 6.27e-10 s                 ; Yes                       ; Yes                       ;
; SDRAM_DQ[22]        ; 2.5 V        ; 0 s                 ; 0 s                 ; 2.32 V                       ; 4.67e-07 V                   ; 2.35 V              ; -0.00942 V          ; 0.116 V                              ; 0.033 V                              ; 6.66e-10 s                  ; 6.27e-10 s                  ; Yes                        ; Yes                        ; 2.32 V                      ; 4.67e-07 V                  ; 2.35 V             ; -0.00942 V         ; 0.116 V                             ; 0.033 V                             ; 6.66e-10 s                 ; 6.27e-10 s                 ; Yes                       ; Yes                       ;
; SDRAM_DQ[21]        ; 2.5 V        ; 0 s                 ; 0 s                 ; 2.32 V                       ; 4.67e-07 V                   ; 2.35 V              ; -0.00942 V          ; 0.116 V                              ; 0.033 V                              ; 6.66e-10 s                  ; 6.27e-10 s                  ; Yes                        ; Yes                        ; 2.32 V                      ; 4.67e-07 V                  ; 2.35 V             ; -0.00942 V         ; 0.116 V                             ; 0.033 V                             ; 6.66e-10 s                 ; 6.27e-10 s                 ; Yes                       ; Yes                       ;
; SDRAM_DQ[20]        ; 2.5 V        ; 0 s                 ; 0 s                 ; 2.32 V                       ; 4.67e-07 V                   ; 2.35 V              ; -0.00942 V          ; 0.116 V                              ; 0.033 V                              ; 6.66e-10 s                  ; 6.27e-10 s                  ; Yes                        ; Yes                        ; 2.32 V                      ; 4.67e-07 V                  ; 2.35 V             ; -0.00942 V         ; 0.116 V                             ; 0.033 V                             ; 6.66e-10 s                 ; 6.27e-10 s                 ; Yes                       ; Yes                       ;
; SDRAM_DQ[19]        ; 2.5 V        ; 0 s                 ; 0 s                 ; 2.32 V                       ; 4.67e-07 V                   ; 2.35 V              ; -0.00942 V          ; 0.116 V                              ; 0.033 V                              ; 6.66e-10 s                  ; 6.27e-10 s                  ; Yes                        ; Yes                        ; 2.32 V                      ; 4.67e-07 V                  ; 2.35 V             ; -0.00942 V         ; 0.116 V                             ; 0.033 V                             ; 6.66e-10 s                 ; 6.27e-10 s                 ; Yes                       ; Yes                       ;
; SDRAM_DQ[18]        ; 2.5 V        ; 0 s                 ; 0 s                 ; 2.32 V                       ; 4.67e-07 V                   ; 2.35 V              ; -0.00942 V          ; 0.116 V                              ; 0.033 V                              ; 6.66e-10 s                  ; 6.27e-10 s                  ; Yes                        ; Yes                        ; 2.32 V                      ; 4.67e-07 V                  ; 2.35 V             ; -0.00942 V         ; 0.116 V                             ; 0.033 V                             ; 6.66e-10 s                 ; 6.27e-10 s                 ; Yes                       ; Yes                       ;
; SDRAM_DQ[17]        ; 2.5 V        ; 0 s                 ; 0 s                 ; 2.32 V                       ; 4.67e-07 V                   ; 2.35 V              ; -0.00942 V          ; 0.116 V                              ; 0.033 V                              ; 6.66e-10 s                  ; 6.27e-10 s                  ; Yes                        ; Yes                        ; 2.32 V                      ; 4.67e-07 V                  ; 2.35 V             ; -0.00942 V         ; 0.116 V                             ; 0.033 V                             ; 6.66e-10 s                 ; 6.27e-10 s                 ; Yes                       ; Yes                       ;
; SDRAM_DQ[16]        ; 2.5 V        ; 0 s                 ; 0 s                 ; 2.32 V                       ; 4.67e-07 V                   ; 2.35 V              ; -0.00942 V          ; 0.116 V                              ; 0.033 V                              ; 6.66e-10 s                  ; 6.27e-10 s                  ; Yes                        ; Yes                        ; 2.32 V                      ; 4.67e-07 V                  ; 2.35 V             ; -0.00942 V         ; 0.116 V                             ; 0.033 V                             ; 6.66e-10 s                 ; 6.27e-10 s                 ; Yes                       ; Yes                       ;
; SDRAM_DQ[15]        ; 2.5 V        ; 0 s                 ; 0 s                 ; 2.32 V                       ; 4.67e-07 V                   ; 2.35 V              ; -0.00942 V          ; 0.116 V                              ; 0.033 V                              ; 6.66e-10 s                  ; 6.27e-10 s                  ; Yes                        ; Yes                        ; 2.32 V                      ; 4.67e-07 V                  ; 2.35 V             ; -0.00942 V         ; 0.116 V                             ; 0.033 V                             ; 6.66e-10 s                 ; 6.27e-10 s                 ; Yes                       ; Yes                       ;
; SDRAM_DQ[14]        ; 2.5 V        ; 0 s                 ; 0 s                 ; 2.32 V                       ; 4.67e-07 V                   ; 2.36 V              ; -0.00552 V          ; 0.11 V                               ; 0.007 V                              ; 4.54e-10 s                  ; 4.35e-10 s                  ; Yes                        ; Yes                        ; 2.32 V                      ; 4.67e-07 V                  ; 2.36 V             ; -0.00552 V         ; 0.11 V                              ; 0.007 V                             ; 4.54e-10 s                 ; 4.35e-10 s                 ; Yes                       ; Yes                       ;
; SDRAM_DQ[13]        ; 2.5 V        ; 0 s                 ; 0 s                 ; 2.32 V                       ; 4.67e-07 V                   ; 2.35 V              ; -0.00942 V          ; 0.116 V                              ; 0.033 V                              ; 6.66e-10 s                  ; 6.27e-10 s                  ; Yes                        ; Yes                        ; 2.32 V                      ; 4.67e-07 V                  ; 2.35 V             ; -0.00942 V         ; 0.116 V                             ; 0.033 V                             ; 6.66e-10 s                 ; 6.27e-10 s                 ; Yes                       ; Yes                       ;
; SDRAM_DQ[12]        ; 2.5 V        ; 0 s                 ; 0 s                 ; 2.32 V                       ; 4.67e-07 V                   ; 2.35 V              ; -0.00942 V          ; 0.116 V                              ; 0.033 V                              ; 6.66e-10 s                  ; 6.27e-10 s                  ; Yes                        ; Yes                        ; 2.32 V                      ; 4.67e-07 V                  ; 2.35 V             ; -0.00942 V         ; 0.116 V                             ; 0.033 V                             ; 6.66e-10 s                 ; 6.27e-10 s                 ; Yes                       ; Yes                       ;
; SDRAM_DQ[11]        ; 2.5 V        ; 0 s                 ; 0 s                 ; 2.32 V                       ; 4.67e-07 V                   ; 2.35 V              ; -0.00942 V          ; 0.116 V                              ; 0.033 V                              ; 6.66e-10 s                  ; 6.27e-10 s                  ; Yes                        ; Yes                        ; 2.32 V                      ; 4.67e-07 V                  ; 2.35 V             ; -0.00942 V         ; 0.116 V                             ; 0.033 V                             ; 6.66e-10 s                 ; 6.27e-10 s                 ; Yes                       ; Yes                       ;
; SDRAM_DQ[10]        ; 2.5 V        ; 0 s                 ; 0 s                 ; 2.32 V                       ; 4.67e-07 V                   ; 2.35 V              ; -0.00942 V          ; 0.116 V                              ; 0.033 V                              ; 6.66e-10 s                  ; 6.27e-10 s                  ; Yes                        ; Yes                        ; 2.32 V                      ; 4.67e-07 V                  ; 2.35 V             ; -0.00942 V         ; 0.116 V                             ; 0.033 V                             ; 6.66e-10 s                 ; 6.27e-10 s                 ; Yes                       ; Yes                       ;
; SDRAM_DQ[9]         ; 2.5 V        ; 0 s                 ; 0 s                 ; 2.32 V                       ; 4.67e-07 V                   ; 2.35 V              ; -0.00942 V          ; 0.116 V                              ; 0.033 V                              ; 6.66e-10 s                  ; 6.27e-10 s                  ; Yes                        ; Yes                        ; 2.32 V                      ; 4.67e-07 V                  ; 2.35 V             ; -0.00942 V         ; 0.116 V                             ; 0.033 V                             ; 6.66e-10 s                 ; 6.27e-10 s                 ; Yes                       ; Yes                       ;
; SDRAM_DQ[8]         ; 2.5 V        ; 0 s                 ; 0 s                 ; 2.32 V                       ; 4.67e-07 V                   ; 2.35 V              ; -0.00942 V          ; 0.116 V                              ; 0.033 V                              ; 6.66e-10 s                  ; 6.27e-10 s                  ; Yes                        ; Yes                        ; 2.32 V                      ; 4.67e-07 V                  ; 2.35 V             ; -0.00942 V         ; 0.116 V                             ; 0.033 V                             ; 6.66e-10 s                 ; 6.27e-10 s                 ; Yes                       ; Yes                       ;
; SDRAM_DQ[7]         ; 2.5 V        ; 0 s                 ; 0 s                 ; 2.32 V                       ; 4.67e-07 V                   ; 2.35 V              ; -0.00942 V          ; 0.116 V                              ; 0.033 V                              ; 6.66e-10 s                  ; 6.27e-10 s                  ; Yes                        ; Yes                        ; 2.32 V                      ; 4.67e-07 V                  ; 2.35 V             ; -0.00942 V         ; 0.116 V                             ; 0.033 V                             ; 6.66e-10 s                 ; 6.27e-10 s                 ; Yes                       ; Yes                       ;
; SDRAM_DQ[6]         ; 2.5 V        ; 0 s                 ; 0 s                 ; 2.32 V                       ; 4.67e-07 V                   ; 2.35 V              ; -0.00942 V          ; 0.116 V                              ; 0.033 V                              ; 6.66e-10 s                  ; 6.27e-10 s                  ; Yes                        ; Yes                        ; 2.32 V                      ; 4.67e-07 V                  ; 2.35 V             ; -0.00942 V         ; 0.116 V                             ; 0.033 V                             ; 6.66e-10 s                 ; 6.27e-10 s                 ; Yes                       ; Yes                       ;
; SDRAM_DQ[5]         ; 2.5 V        ; 0 s                 ; 0 s                 ; 2.32 V                       ; 4.67e-07 V                   ; 2.35 V              ; -0.00942 V          ; 0.116 V                              ; 0.033 V                              ; 6.66e-10 s                  ; 6.27e-10 s                  ; Yes                        ; Yes                        ; 2.32 V                      ; 4.67e-07 V                  ; 2.35 V             ; -0.00942 V         ; 0.116 V                             ; 0.033 V                             ; 6.66e-10 s                 ; 6.27e-10 s                 ; Yes                       ; Yes                       ;
; SDRAM_DQ[4]         ; 2.5 V        ; 0 s                 ; 0 s                 ; 2.32 V                       ; 4.67e-07 V                   ; 2.35 V              ; -0.00942 V          ; 0.116 V                              ; 0.033 V                              ; 6.66e-10 s                  ; 6.27e-10 s                  ; Yes                        ; Yes                        ; 2.32 V                      ; 4.67e-07 V                  ; 2.35 V             ; -0.00942 V         ; 0.116 V                             ; 0.033 V                             ; 6.66e-10 s                 ; 6.27e-10 s                 ; Yes                       ; Yes                       ;
; SDRAM_DQ[3]         ; 2.5 V        ; 0 s                 ; 0 s                 ; 2.32 V                       ; 4.67e-07 V                   ; 2.35 V              ; -0.00942 V          ; 0.116 V                              ; 0.033 V                              ; 6.66e-10 s                  ; 6.27e-10 s                  ; Yes                        ; Yes                        ; 2.32 V                      ; 4.67e-07 V                  ; 2.35 V             ; -0.00942 V         ; 0.116 V                             ; 0.033 V                             ; 6.66e-10 s                 ; 6.27e-10 s                 ; Yes                       ; Yes                       ;
; SDRAM_DQ[2]         ; 2.5 V        ; 0 s                 ; 0 s                 ; 2.32 V                       ; 4.67e-07 V                   ; 2.35 V              ; -0.00942 V          ; 0.116 V                              ; 0.033 V                              ; 6.66e-10 s                  ; 6.27e-10 s                  ; Yes                        ; Yes                        ; 2.32 V                      ; 4.67e-07 V                  ; 2.35 V             ; -0.00942 V         ; 0.116 V                             ; 0.033 V                             ; 6.66e-10 s                 ; 6.27e-10 s                 ; Yes                       ; Yes                       ;
; SDRAM_DQ[1]         ; 2.5 V        ; 0 s                 ; 0 s                 ; 2.32 V                       ; 4.67e-07 V                   ; 2.35 V              ; -0.00942 V          ; 0.116 V                              ; 0.033 V                              ; 6.66e-10 s                  ; 6.27e-10 s                  ; Yes                        ; Yes                        ; 2.32 V                      ; 4.67e-07 V                  ; 2.35 V             ; -0.00942 V         ; 0.116 V                             ; 0.033 V                             ; 6.66e-10 s                 ; 6.27e-10 s                 ; Yes                       ; Yes                       ;
; SDRAM_DQ[0]         ; 2.5 V        ; 0 s                 ; 0 s                 ; 2.32 V                       ; 4.67e-07 V                   ; 2.35 V              ; -0.00942 V          ; 0.116 V                              ; 0.033 V                              ; 6.66e-10 s                  ; 6.27e-10 s                  ; Yes                        ; Yes                        ; 2.32 V                      ; 4.67e-07 V                  ; 2.35 V             ; -0.00942 V         ; 0.116 V                             ; 0.033 V                             ; 6.66e-10 s                 ; 6.27e-10 s                 ; Yes                       ; Yes                       ;
; altera_reserved_tdo ; 2.5 V        ; 0 s                 ; 0 s                 ; 2.32 V                       ; 3.15e-06 V                   ; 2.33 V              ; 3.15e-06 V          ; 0.014 V                              ; 0.05 V                               ; 1.08e-09 s                  ; 2.51e-09 s                  ; Yes                        ; Yes                        ; 2.32 V                      ; 3.15e-06 V                  ; 2.33 V             ; 3.15e-06 V         ; 0.014 V                             ; 0.05 V                              ; 1.08e-09 s                 ; 2.51e-09 s                 ; Yes                       ; Yes                       ;
; ~ALTERA_DCLK~       ; 2.5 V        ; 0 s                 ; 0 s                 ; 2.32 V                       ; 3.75e-07 V                   ; 2.35 V              ; -0.0109 V           ; 0.084 V                              ; 0.027 V                              ; 4.31e-10 s                  ; 3.61e-10 s                  ; Yes                        ; Yes                        ; 2.32 V                      ; 3.75e-07 V                  ; 2.35 V             ; -0.0109 V          ; 0.084 V                             ; 0.027 V                             ; 4.31e-10 s                 ; 3.61e-10 s                 ; Yes                       ; Yes                       ;
; ~ALTERA_nCEO~       ; 2.5 V        ; 0 s                 ; 0 s                 ; 2.32 V                       ; 6.15e-07 V                   ; 2.35 V              ; -0.00712 V          ; 0.093 V                              ; 0.02 V                               ; 6.21e-10 s                  ; 7.9e-10 s                   ; Yes                        ; Yes                        ; 2.32 V                      ; 6.15e-07 V                  ; 2.35 V             ; -0.00712 V         ; 0.093 V                             ; 0.02 V                              ; 6.21e-10 s                 ; 7.9e-10 s                  ; Yes                       ; Yes                       ;
+---------------------+--------------+---------------------+---------------------+------------------------------+------------------------------+---------------------+---------------------+--------------------------------------+--------------------------------------+-----------------------------+-----------------------------+----------------------------+----------------------------+-----------------------------+-----------------------------+--------------------+--------------------+-------------------------------------+-------------------------------------+----------------------------+----------------------------+---------------------------+---------------------------+


+--------------------------------------------------------------------------------------------------------------------------------------------------------------------------------------------------------------------------------------------------------------------------------------------------------------------------------------------------------------------------------------------------------------------------------------------------------------------------------------------------------------------------------------------------------------------------------------------------------------------------------------------------------------------------------------------------+
; Signal Integrity Metrics (Fast 1200mv 0c Model)                                                                                                                                                                                                                                                                                                                                                                                                                                                                                                                                                                                                                                                  ;
+---------------------+--------------+---------------------+---------------------+------------------------------+------------------------------+---------------------+---------------------+--------------------------------------+--------------------------------------+-----------------------------+-----------------------------+----------------------------+----------------------------+-----------------------------+-----------------------------+--------------------+--------------------+-------------------------------------+-------------------------------------+----------------------------+----------------------------+---------------------------+---------------------------+
; Pin                 ; I/O Standard ; Board Delay on Rise ; Board Delay on Fall ; Steady State Voh at FPGA Pin ; Steady State Vol at FPGA Pin ; Voh Max at FPGA Pin ; Vol Min at FPGA Pin ; Ringback Voltage on Rise at FPGA Pin ; Ringback Voltage on Fall at FPGA Pin ; 10-90 Rise Time at FPGA Pin ; 90-10 Fall Time at FPGA Pin ; Monotonic Rise at FPGA Pin ; Monotonic Fall at FPGA Pin ; Steady State Voh at Far-end ; Steady State Vol at Far-end ; Voh Max at Far-end ; Vol Min at Far-end ; Ringback Voltage on Rise at Far-end ; Ringback Voltage on Fall at Far-end ; 10-90 Rise Time at Far-end ; 90-10 Fall Time at Far-end ; Monotonic Rise at Far-end ; Monotonic Fall at Far-end ;
+---------------------+--------------+---------------------+---------------------+------------------------------+------------------------------+---------------------+---------------------+--------------------------------------+--------------------------------------+-----------------------------+-----------------------------+----------------------------+----------------------------+-----------------------------+-----------------------------+--------------------+--------------------+-------------------------------------+-------------------------------------+----------------------------+----------------------------+---------------------------+---------------------------+
; SDRAM_CLK           ; 2.5 V        ; 0 s                 ; 0 s                 ; 2.62 V                       ; 4.05e-08 V                   ; 2.72 V              ; -0.0349 V           ; 0.173 V                              ; 0.1 V                                ; 2.72e-10 s                  ; 2.69e-10 s                  ; Yes                        ; Yes                        ; 2.62 V                      ; 4.05e-08 V                  ; 2.72 V             ; -0.0349 V          ; 0.173 V                             ; 0.1 V                               ; 2.72e-10 s                 ; 2.69e-10 s                 ; Yes                       ; Yes                       ;
; SDRAM_CAS_N         ; 2.5 V        ; 0 s                 ; 0 s                 ; 2.62 V                       ; 2.74e-08 V                   ; 2.71 V              ; -0.0317 V           ; 0.148 V                              ; 0.064 V                              ; 4.51e-10 s                  ; 4.15e-10 s                  ; No                         ; Yes                        ; 2.62 V                      ; 2.74e-08 V                  ; 2.71 V             ; -0.0317 V          ; 0.148 V                             ; 0.064 V                             ; 4.51e-10 s                 ; 4.15e-10 s                 ; No                        ; Yes                       ;
; SDRAM_CKE           ; 2.5 V        ; 0 s                 ; 0 s                 ; 2.62 V                       ; 2.74e-08 V                   ; 2.71 V              ; -0.0317 V           ; 0.148 V                              ; 0.064 V                              ; 4.51e-10 s                  ; 4.15e-10 s                  ; No                         ; Yes                        ; 2.62 V                      ; 2.74e-08 V                  ; 2.71 V             ; -0.0317 V          ; 0.148 V                             ; 0.064 V                             ; 4.51e-10 s                 ; 4.15e-10 s                 ; No                        ; Yes                       ;
; SDRAM_CS_N          ; 2.5 V        ; 0 s                 ; 0 s                 ; 2.62 V                       ; 2.74e-08 V                   ; 2.71 V              ; -0.0317 V           ; 0.148 V                              ; 0.064 V                              ; 4.51e-10 s                  ; 4.15e-10 s                  ; No                         ; Yes                        ; 2.62 V                      ; 2.74e-08 V                  ; 2.71 V             ; -0.0317 V          ; 0.148 V                             ; 0.064 V                             ; 4.51e-10 s                 ; 4.15e-10 s                 ; No                        ; Yes                       ;
; SDRAM_RAS_N         ; 2.5 V        ; 0 s                 ; 0 s                 ; 2.62 V                       ; 2.74e-08 V                   ; 2.71 V              ; -0.0317 V           ; 0.148 V                              ; 0.064 V                              ; 4.51e-10 s                  ; 4.15e-10 s                  ; No                         ; Yes                        ; 2.62 V                      ; 2.74e-08 V                  ; 2.71 V             ; -0.0317 V          ; 0.148 V                             ; 0.064 V                             ; 4.51e-10 s                 ; 4.15e-10 s                 ; No                        ; Yes                       ;
; SDRAM_WE_N          ; 2.5 V        ; 0 s                 ; 0 s                 ; 2.62 V                       ; 2.74e-08 V                   ; 2.71 V              ; -0.0317 V           ; 0.148 V                              ; 0.064 V                              ; 4.51e-10 s                  ; 4.15e-10 s                  ; No                         ; Yes                        ; 2.62 V                      ; 2.74e-08 V                  ; 2.71 V             ; -0.0317 V          ; 0.148 V                             ; 0.064 V                             ; 4.51e-10 s                 ; 4.15e-10 s                 ; No                        ; Yes                       ;
; LED[7]              ; 2.5 V        ; 0 s                 ; 0 s                 ; 2.62 V                       ; 4.05e-08 V                   ; 2.72 V              ; -0.0349 V           ; 0.173 V                              ; 0.1 V                                ; 2.72e-10 s                  ; 2.69e-10 s                  ; Yes                        ; Yes                        ; 2.62 V                      ; 4.05e-08 V                  ; 2.72 V             ; -0.0349 V          ; 0.173 V                             ; 0.1 V                               ; 2.72e-10 s                 ; 2.69e-10 s                 ; Yes                       ; Yes                       ;
; LED[6]              ; 2.5 V        ; 0 s                 ; 0 s                 ; 2.62 V                       ; 4.05e-08 V                   ; 2.72 V              ; -0.0349 V           ; 0.173 V                              ; 0.1 V                                ; 2.72e-10 s                  ; 2.69e-10 s                  ; Yes                        ; Yes                        ; 2.62 V                      ; 4.05e-08 V                  ; 2.72 V             ; -0.0349 V          ; 0.173 V                             ; 0.1 V                               ; 2.72e-10 s                 ; 2.69e-10 s                 ; Yes                       ; Yes                       ;
; LED[5]              ; 2.5 V        ; 0 s                 ; 0 s                 ; 2.62 V                       ; 4.05e-08 V                   ; 2.72 V              ; -0.0349 V           ; 0.173 V                              ; 0.1 V                                ; 2.72e-10 s                  ; 2.69e-10 s                  ; Yes                        ; Yes                        ; 2.62 V                      ; 4.05e-08 V                  ; 2.72 V             ; -0.0349 V          ; 0.173 V                             ; 0.1 V                               ; 2.72e-10 s                 ; 2.69e-10 s                 ; Yes                       ; Yes                       ;
; LED[4]              ; 2.5 V        ; 0 s                 ; 0 s                 ; 2.62 V                       ; 4.05e-08 V                   ; 2.72 V              ; -0.0349 V           ; 0.173 V                              ; 0.1 V                                ; 2.72e-10 s                  ; 2.69e-10 s                  ; Yes                        ; Yes                        ; 2.62 V                      ; 4.05e-08 V                  ; 2.72 V             ; -0.0349 V          ; 0.173 V                             ; 0.1 V                               ; 2.72e-10 s                 ; 2.69e-10 s                 ; Yes                       ; Yes                       ;
; LED[3]              ; 2.5 V        ; 0 s                 ; 0 s                 ; 2.62 V                       ; 4.05e-08 V                   ; 2.72 V              ; -0.0349 V           ; 0.173 V                              ; 0.1 V                                ; 2.72e-10 s                  ; 2.69e-10 s                  ; Yes                        ; Yes                        ; 2.62 V                      ; 4.05e-08 V                  ; 2.72 V             ; -0.0349 V          ; 0.173 V                             ; 0.1 V                               ; 2.72e-10 s                 ; 2.69e-10 s                 ; Yes                       ; Yes                       ;
; LED[2]              ; 2.5 V        ; 0 s                 ; 0 s                 ; 2.62 V                       ; 4.05e-08 V                   ; 2.72 V              ; -0.0349 V           ; 0.173 V                              ; 0.1 V                                ; 2.72e-10 s                  ; 2.69e-10 s                  ; Yes                        ; Yes                        ; 2.62 V                      ; 4.05e-08 V                  ; 2.72 V             ; -0.0349 V          ; 0.173 V                             ; 0.1 V                               ; 2.72e-10 s                 ; 2.69e-10 s                 ; Yes                       ; Yes                       ;
; LED[1]              ; 2.5 V        ; 0 s                 ; 0 s                 ; 2.62 V                       ; 4.05e-08 V                   ; 2.72 V              ; -0.0349 V           ; 0.173 V                              ; 0.1 V                                ; 2.72e-10 s                  ; 2.69e-10 s                  ; Yes                        ; Yes                        ; 2.62 V                      ; 4.05e-08 V                  ; 2.72 V             ; -0.0349 V          ; 0.173 V                             ; 0.1 V                               ; 2.72e-10 s                 ; 2.69e-10 s                 ; Yes                       ; Yes                       ;
; LED[0]              ; 2.5 V        ; 0 s                 ; 0 s                 ; 2.62 V                       ; 4.05e-08 V                   ; 2.72 V              ; -0.0349 V           ; 0.173 V                              ; 0.1 V                                ; 2.72e-10 s                  ; 2.69e-10 s                  ; Yes                        ; Yes                        ; 2.62 V                      ; 4.05e-08 V                  ; 2.72 V             ; -0.0349 V          ; 0.173 V                             ; 0.1 V                               ; 2.72e-10 s                 ; 2.69e-10 s                 ; Yes                       ; Yes                       ;
; SDRAM_ADDR[12]      ; 2.5 V        ; 0 s                 ; 0 s                 ; 2.62 V                       ; 2.74e-08 V                   ; 2.71 V              ; -0.0317 V           ; 0.148 V                              ; 0.064 V                              ; 4.51e-10 s                  ; 4.15e-10 s                  ; No                         ; Yes                        ; 2.62 V                      ; 2.74e-08 V                  ; 2.71 V             ; -0.0317 V          ; 0.148 V                             ; 0.064 V                             ; 4.51e-10 s                 ; 4.15e-10 s                 ; No                        ; Yes                       ;
; SDRAM_ADDR[11]      ; 2.5 V        ; 0 s                 ; 0 s                 ; 2.62 V                       ; 2.74e-08 V                   ; 2.71 V              ; -0.0317 V           ; 0.148 V                              ; 0.064 V                              ; 4.51e-10 s                  ; 4.15e-10 s                  ; No                         ; Yes                        ; 2.62 V                      ; 2.74e-08 V                  ; 2.71 V             ; -0.0317 V          ; 0.148 V                             ; 0.064 V                             ; 4.51e-10 s                 ; 4.15e-10 s                 ; No                        ; Yes                       ;
; SDRAM_ADDR[10]      ; 2.5 V        ; 0 s                 ; 0 s                 ; 2.62 V                       ; 2.74e-08 V                   ; 2.73 V              ; -0.0384 V           ; 0.169 V                              ; 0.089 V                              ; 2.7e-10 s                   ; 2.62e-10 s                  ; Yes                        ; Yes                        ; 2.62 V                      ; 2.74e-08 V                  ; 2.73 V             ; -0.0384 V          ; 0.169 V                             ; 0.089 V                             ; 2.7e-10 s                  ; 2.62e-10 s                 ; Yes                       ; Yes                       ;
; SDRAM_ADDR[9]       ; 2.5 V        ; 0 s                 ; 0 s                 ; 2.62 V                       ; 2.74e-08 V                   ; 2.71 V              ; -0.0317 V           ; 0.148 V                              ; 0.064 V                              ; 4.51e-10 s                  ; 4.15e-10 s                  ; No                         ; Yes                        ; 2.62 V                      ; 2.74e-08 V                  ; 2.71 V             ; -0.0317 V          ; 0.148 V                             ; 0.064 V                             ; 4.51e-10 s                 ; 4.15e-10 s                 ; No                        ; Yes                       ;
; SDRAM_ADDR[8]       ; 2.5 V        ; 0 s                 ; 0 s                 ; 2.62 V                       ; 2.74e-08 V                   ; 2.71 V              ; -0.0317 V           ; 0.148 V                              ; 0.064 V                              ; 4.51e-10 s                  ; 4.15e-10 s                  ; No                         ; Yes                        ; 2.62 V                      ; 2.74e-08 V                  ; 2.71 V             ; -0.0317 V          ; 0.148 V                             ; 0.064 V                             ; 4.51e-10 s                 ; 4.15e-10 s                 ; No                        ; Yes                       ;
; SDRAM_ADDR[7]       ; 2.5 V        ; 0 s                 ; 0 s                 ; 2.62 V                       ; 2.74e-08 V                   ; 2.73 V              ; -0.0384 V           ; 0.169 V                              ; 0.089 V                              ; 2.7e-10 s                   ; 2.62e-10 s                  ; Yes                        ; Yes                        ; 2.62 V                      ; 2.74e-08 V                  ; 2.73 V             ; -0.0384 V          ; 0.169 V                             ; 0.089 V                             ; 2.7e-10 s                  ; 2.62e-10 s                 ; Yes                       ; Yes                       ;
; SDRAM_ADDR[6]       ; 2.5 V        ; 0 s                 ; 0 s                 ; 2.62 V                       ; 2.74e-08 V                   ; 2.73 V              ; -0.0384 V           ; 0.169 V                              ; 0.089 V                              ; 2.7e-10 s                   ; 2.62e-10 s                  ; Yes                        ; Yes                        ; 2.62 V                      ; 2.74e-08 V                  ; 2.73 V             ; -0.0384 V          ; 0.169 V                             ; 0.089 V                             ; 2.7e-10 s                  ; 2.62e-10 s                 ; Yes                       ; Yes                       ;
; SDRAM_ADDR[5]       ; 2.5 V        ; 0 s                 ; 0 s                 ; 2.62 V                       ; 2.74e-08 V                   ; 2.71 V              ; -0.0317 V           ; 0.148 V                              ; 0.064 V                              ; 4.51e-10 s                  ; 4.15e-10 s                  ; No                         ; Yes                        ; 2.62 V                      ; 2.74e-08 V                  ; 2.71 V             ; -0.0317 V          ; 0.148 V                             ; 0.064 V                             ; 4.51e-10 s                 ; 4.15e-10 s                 ; No                        ; Yes                       ;
; SDRAM_ADDR[4]       ; 2.5 V        ; 0 s                 ; 0 s                 ; 2.62 V                       ; 2.74e-08 V                   ; 2.71 V              ; -0.0317 V           ; 0.148 V                              ; 0.064 V                              ; 4.51e-10 s                  ; 4.15e-10 s                  ; No                         ; Yes                        ; 2.62 V                      ; 2.74e-08 V                  ; 2.71 V             ; -0.0317 V          ; 0.148 V                             ; 0.064 V                             ; 4.51e-10 s                 ; 4.15e-10 s                 ; No                        ; Yes                       ;
; SDRAM_ADDR[3]       ; 2.5 V        ; 0 s                 ; 0 s                 ; 2.62 V                       ; 2.74e-08 V                   ; 2.71 V              ; -0.0317 V           ; 0.148 V                              ; 0.064 V                              ; 4.51e-10 s                  ; 4.15e-10 s                  ; No                         ; Yes                        ; 2.62 V                      ; 2.74e-08 V                  ; 2.71 V             ; -0.0317 V          ; 0.148 V                             ; 0.064 V                             ; 4.51e-10 s                 ; 4.15e-10 s                 ; No                        ; Yes                       ;
; SDRAM_ADDR[2]       ; 2.5 V        ; 0 s                 ; 0 s                 ; 2.62 V                       ; 2.74e-08 V                   ; 2.73 V              ; -0.0384 V           ; 0.169 V                              ; 0.089 V                              ; 2.7e-10 s                   ; 2.62e-10 s                  ; Yes                        ; Yes                        ; 2.62 V                      ; 2.74e-08 V                  ; 2.73 V             ; -0.0384 V          ; 0.169 V                             ; 0.089 V                             ; 2.7e-10 s                  ; 2.62e-10 s                 ; Yes                       ; Yes                       ;
; SDRAM_ADDR[1]       ; 2.5 V        ; 0 s                 ; 0 s                 ; 2.62 V                       ; 2.74e-08 V                   ; 2.71 V              ; -0.0317 V           ; 0.148 V                              ; 0.064 V                              ; 4.51e-10 s                  ; 4.15e-10 s                  ; No                         ; Yes                        ; 2.62 V                      ; 2.74e-08 V                  ; 2.71 V             ; -0.0317 V          ; 0.148 V                             ; 0.064 V                             ; 4.51e-10 s                 ; 4.15e-10 s                 ; No                        ; Yes                       ;
; SDRAM_ADDR[0]       ; 2.5 V        ; 0 s                 ; 0 s                 ; 2.62 V                       ; 2.74e-08 V                   ; 2.71 V              ; -0.0317 V           ; 0.148 V                              ; 0.064 V                              ; 4.51e-10 s                  ; 4.15e-10 s                  ; No                         ; Yes                        ; 2.62 V                      ; 2.74e-08 V                  ; 2.71 V             ; -0.0317 V          ; 0.148 V                             ; 0.064 V                             ; 4.51e-10 s                 ; 4.15e-10 s                 ; No                        ; Yes                       ;
; SDRAM_BA[1]         ; 2.5 V        ; 0 s                 ; 0 s                 ; 2.62 V                       ; 2.74e-08 V                   ; 2.71 V              ; -0.0317 V           ; 0.148 V                              ; 0.064 V                              ; 4.51e-10 s                  ; 4.15e-10 s                  ; No                         ; Yes                        ; 2.62 V                      ; 2.74e-08 V                  ; 2.71 V             ; -0.0317 V          ; 0.148 V                             ; 0.064 V                             ; 4.51e-10 s                 ; 4.15e-10 s                 ; No                        ; Yes                       ;
; SDRAM_BA[0]         ; 2.5 V        ; 0 s                 ; 0 s                 ; 2.62 V                       ; 2.74e-08 V                   ; 2.73 V              ; -0.0384 V           ; 0.169 V                              ; 0.089 V                              ; 2.7e-10 s                   ; 2.62e-10 s                  ; Yes                        ; Yes                        ; 2.62 V                      ; 2.74e-08 V                  ; 2.73 V             ; -0.0384 V          ; 0.169 V                             ; 0.089 V                             ; 2.7e-10 s                  ; 2.62e-10 s                 ; Yes                       ; Yes                       ;
; SDRAM_DQM[3]        ; 2.5 V        ; 0 s                 ; 0 s                 ; 2.62 V                       ; 2.74e-08 V                   ; 2.73 V              ; -0.0384 V           ; 0.169 V                              ; 0.089 V                              ; 2.7e-10 s                   ; 2.62e-10 s                  ; Yes                        ; Yes                        ; 2.62 V                      ; 2.74e-08 V                  ; 2.73 V             ; -0.0384 V          ; 0.169 V                             ; 0.089 V                             ; 2.7e-10 s                  ; 2.62e-10 s                 ; Yes                       ; Yes                       ;
; SDRAM_DQM[2]        ; 2.5 V        ; 0 s                 ; 0 s                 ; 2.62 V                       ; 2.74e-08 V                   ; 2.71 V              ; -0.0317 V           ; 0.148 V                              ; 0.064 V                              ; 4.51e-10 s                  ; 4.15e-10 s                  ; No                         ; Yes                        ; 2.62 V                      ; 2.74e-08 V                  ; 2.71 V             ; -0.0317 V          ; 0.148 V                             ; 0.064 V                             ; 4.51e-10 s                 ; 4.15e-10 s                 ; No                        ; Yes                       ;
; SDRAM_DQM[1]        ; 2.5 V        ; 0 s                 ; 0 s                 ; 2.62 V                       ; 2.74e-08 V                   ; 2.71 V              ; -0.0317 V           ; 0.148 V                              ; 0.064 V                              ; 4.51e-10 s                  ; 4.15e-10 s                  ; No                         ; Yes                        ; 2.62 V                      ; 2.74e-08 V                  ; 2.71 V             ; -0.0317 V          ; 0.148 V                             ; 0.064 V                             ; 4.51e-10 s                 ; 4.15e-10 s                 ; No                        ; Yes                       ;
; SDRAM_DQM[0]        ; 2.5 V        ; 0 s                 ; 0 s                 ; 2.62 V                       ; 2.74e-08 V                   ; 2.71 V              ; -0.0317 V           ; 0.148 V                              ; 0.064 V                              ; 4.51e-10 s                  ; 4.15e-10 s                  ; No                         ; Yes                        ; 2.62 V                      ; 2.74e-08 V                  ; 2.71 V             ; -0.0317 V          ; 0.148 V                             ; 0.064 V                             ; 4.51e-10 s                 ; 4.15e-10 s                 ; No                        ; Yes                       ;
; SDRAM_DQ[31]        ; 2.5 V        ; 0 s                 ; 0 s                 ; 2.62 V                       ; 2.74e-08 V                   ; 2.71 V              ; -0.0317 V           ; 0.148 V                              ; 0.064 V                              ; 4.51e-10 s                  ; 4.15e-10 s                  ; No                         ; Yes                        ; 2.62 V                      ; 2.74e-08 V                  ; 2.71 V             ; -0.0317 V          ; 0.148 V                             ; 0.064 V                             ; 4.51e-10 s                 ; 4.15e-10 s                 ; No                        ; Yes                       ;
; SDRAM_DQ[30]        ; 2.5 V        ; 0 s                 ; 0 s                 ; 2.62 V                       ; 2.74e-08 V                   ; 2.71 V              ; -0.0317 V           ; 0.148 V                              ; 0.064 V                              ; 4.51e-10 s                  ; 4.15e-10 s                  ; No                         ; Yes                        ; 2.62 V                      ; 2.74e-08 V                  ; 2.71 V             ; -0.0317 V          ; 0.148 V                             ; 0.064 V                             ; 4.51e-10 s                 ; 4.15e-10 s                 ; No                        ; Yes                       ;
; SDRAM_DQ[29]        ; 2.5 V        ; 0 s                 ; 0 s                 ; 2.62 V                       ; 2.74e-08 V                   ; 2.71 V              ; -0.0317 V           ; 0.148 V                              ; 0.064 V                              ; 4.51e-10 s                  ; 4.15e-10 s                  ; No                         ; Yes                        ; 2.62 V                      ; 2.74e-08 V                  ; 2.71 V             ; -0.0317 V          ; 0.148 V                             ; 0.064 V                             ; 4.51e-10 s                 ; 4.15e-10 s                 ; No                        ; Yes                       ;
; SDRAM_DQ[28]        ; 2.5 V        ; 0 s                 ; 0 s                 ; 2.62 V                       ; 2.74e-08 V                   ; 2.71 V              ; -0.0317 V           ; 0.148 V                              ; 0.064 V                              ; 4.51e-10 s                  ; 4.15e-10 s                  ; No                         ; Yes                        ; 2.62 V                      ; 2.74e-08 V                  ; 2.71 V             ; -0.0317 V          ; 0.148 V                             ; 0.064 V                             ; 4.51e-10 s                 ; 4.15e-10 s                 ; No                        ; Yes                       ;
; SDRAM_DQ[27]        ; 2.5 V        ; 0 s                 ; 0 s                 ; 2.62 V                       ; 2.74e-08 V                   ; 2.71 V              ; -0.0317 V           ; 0.148 V                              ; 0.064 V                              ; 4.51e-10 s                  ; 4.15e-10 s                  ; No                         ; Yes                        ; 2.62 V                      ; 2.74e-08 V                  ; 2.71 V             ; -0.0317 V          ; 0.148 V                             ; 0.064 V                             ; 4.51e-10 s                 ; 4.15e-10 s                 ; No                        ; Yes                       ;
; SDRAM_DQ[26]        ; 2.5 V        ; 0 s                 ; 0 s                 ; 2.62 V                       ; 2.74e-08 V                   ; 2.71 V              ; -0.0317 V           ; 0.148 V                              ; 0.064 V                              ; 4.51e-10 s                  ; 4.15e-10 s                  ; No                         ; Yes                        ; 2.62 V                      ; 2.74e-08 V                  ; 2.71 V             ; -0.0317 V          ; 0.148 V                             ; 0.064 V                             ; 4.51e-10 s                 ; 4.15e-10 s                 ; No                        ; Yes                       ;
; SDRAM_DQ[25]        ; 2.5 V        ; 0 s                 ; 0 s                 ; 2.62 V                       ; 2.74e-08 V                   ; 2.71 V              ; -0.0317 V           ; 0.148 V                              ; 0.064 V                              ; 4.51e-10 s                  ; 4.15e-10 s                  ; No                         ; Yes                        ; 2.62 V                      ; 2.74e-08 V                  ; 2.71 V             ; -0.0317 V          ; 0.148 V                             ; 0.064 V                             ; 4.51e-10 s                 ; 4.15e-10 s                 ; No                        ; Yes                       ;
; SDRAM_DQ[24]        ; 2.5 V        ; 0 s                 ; 0 s                 ; 2.62 V                       ; 2.74e-08 V                   ; 2.71 V              ; -0.0317 V           ; 0.148 V                              ; 0.064 V                              ; 4.51e-10 s                  ; 4.15e-10 s                  ; No                         ; Yes                        ; 2.62 V                      ; 2.74e-08 V                  ; 2.71 V             ; -0.0317 V          ; 0.148 V                             ; 0.064 V                             ; 4.51e-10 s                 ; 4.15e-10 s                 ; No                        ; Yes                       ;
; SDRAM_DQ[23]        ; 2.5 V        ; 0 s                 ; 0 s                 ; 2.62 V                       ; 2.74e-08 V                   ; 2.71 V              ; -0.0317 V           ; 0.148 V                              ; 0.064 V                              ; 4.51e-10 s                  ; 4.15e-10 s                  ; No                         ; Yes                        ; 2.62 V                      ; 2.74e-08 V                  ; 2.71 V             ; -0.0317 V          ; 0.148 V                             ; 0.064 V                             ; 4.51e-10 s                 ; 4.15e-10 s                 ; No                        ; Yes                       ;
; SDRAM_DQ[22]        ; 2.5 V        ; 0 s                 ; 0 s                 ; 2.62 V                       ; 2.74e-08 V                   ; 2.71 V              ; -0.0317 V           ; 0.148 V                              ; 0.064 V                              ; 4.51e-10 s                  ; 4.15e-10 s                  ; No                         ; Yes                        ; 2.62 V                      ; 2.74e-08 V                  ; 2.71 V             ; -0.0317 V          ; 0.148 V                             ; 0.064 V                             ; 4.51e-10 s                 ; 4.15e-10 s                 ; No                        ; Yes                       ;
; SDRAM_DQ[21]        ; 2.5 V        ; 0 s                 ; 0 s                 ; 2.62 V                       ; 2.74e-08 V                   ; 2.71 V              ; -0.0317 V           ; 0.148 V                              ; 0.064 V                              ; 4.51e-10 s                  ; 4.15e-10 s                  ; No                         ; Yes                        ; 2.62 V                      ; 2.74e-08 V                  ; 2.71 V             ; -0.0317 V          ; 0.148 V                             ; 0.064 V                             ; 4.51e-10 s                 ; 4.15e-10 s                 ; No                        ; Yes                       ;
; SDRAM_DQ[20]        ; 2.5 V        ; 0 s                 ; 0 s                 ; 2.62 V                       ; 2.74e-08 V                   ; 2.71 V              ; -0.0317 V           ; 0.148 V                              ; 0.064 V                              ; 4.51e-10 s                  ; 4.15e-10 s                  ; No                         ; Yes                        ; 2.62 V                      ; 2.74e-08 V                  ; 2.71 V             ; -0.0317 V          ; 0.148 V                             ; 0.064 V                             ; 4.51e-10 s                 ; 4.15e-10 s                 ; No                        ; Yes                       ;
; SDRAM_DQ[19]        ; 2.5 V        ; 0 s                 ; 0 s                 ; 2.62 V                       ; 2.74e-08 V                   ; 2.71 V              ; -0.0317 V           ; 0.148 V                              ; 0.064 V                              ; 4.51e-10 s                  ; 4.15e-10 s                  ; No                         ; Yes                        ; 2.62 V                      ; 2.74e-08 V                  ; 2.71 V             ; -0.0317 V          ; 0.148 V                             ; 0.064 V                             ; 4.51e-10 s                 ; 4.15e-10 s                 ; No                        ; Yes                       ;
; SDRAM_DQ[18]        ; 2.5 V        ; 0 s                 ; 0 s                 ; 2.62 V                       ; 2.74e-08 V                   ; 2.71 V              ; -0.0317 V           ; 0.148 V                              ; 0.064 V                              ; 4.51e-10 s                  ; 4.15e-10 s                  ; No                         ; Yes                        ; 2.62 V                      ; 2.74e-08 V                  ; 2.71 V             ; -0.0317 V          ; 0.148 V                             ; 0.064 V                             ; 4.51e-10 s                 ; 4.15e-10 s                 ; No                        ; Yes                       ;
; SDRAM_DQ[17]        ; 2.5 V        ; 0 s                 ; 0 s                 ; 2.62 V                       ; 2.74e-08 V                   ; 2.71 V              ; -0.0317 V           ; 0.148 V                              ; 0.064 V                              ; 4.51e-10 s                  ; 4.15e-10 s                  ; No                         ; Yes                        ; 2.62 V                      ; 2.74e-08 V                  ; 2.71 V             ; -0.0317 V          ; 0.148 V                             ; 0.064 V                             ; 4.51e-10 s                 ; 4.15e-10 s                 ; No                        ; Yes                       ;
; SDRAM_DQ[16]        ; 2.5 V        ; 0 s                 ; 0 s                 ; 2.62 V                       ; 2.74e-08 V                   ; 2.71 V              ; -0.0317 V           ; 0.148 V                              ; 0.064 V                              ; 4.51e-10 s                  ; 4.15e-10 s                  ; No                         ; Yes                        ; 2.62 V                      ; 2.74e-08 V                  ; 2.71 V             ; -0.0317 V          ; 0.148 V                             ; 0.064 V                             ; 4.51e-10 s                 ; 4.15e-10 s                 ; No                        ; Yes                       ;
; SDRAM_DQ[15]        ; 2.5 V        ; 0 s                 ; 0 s                 ; 2.62 V                       ; 2.74e-08 V                   ; 2.71 V              ; -0.0317 V           ; 0.148 V                              ; 0.064 V                              ; 4.51e-10 s                  ; 4.15e-10 s                  ; No                         ; Yes                        ; 2.62 V                      ; 2.74e-08 V                  ; 2.71 V             ; -0.0317 V          ; 0.148 V                             ; 0.064 V                             ; 4.51e-10 s                 ; 4.15e-10 s                 ; No                        ; Yes                       ;
; SDRAM_DQ[14]        ; 2.5 V        ; 0 s                 ; 0 s                 ; 2.62 V                       ; 2.74e-08 V                   ; 2.73 V              ; -0.0384 V           ; 0.169 V                              ; 0.089 V                              ; 2.7e-10 s                   ; 2.62e-10 s                  ; Yes                        ; Yes                        ; 2.62 V                      ; 2.74e-08 V                  ; 2.73 V             ; -0.0384 V          ; 0.169 V                             ; 0.089 V                             ; 2.7e-10 s                  ; 2.62e-10 s                 ; Yes                       ; Yes                       ;
; SDRAM_DQ[13]        ; 2.5 V        ; 0 s                 ; 0 s                 ; 2.62 V                       ; 2.74e-08 V                   ; 2.71 V              ; -0.0317 V           ; 0.148 V                              ; 0.064 V                              ; 4.51e-10 s                  ; 4.15e-10 s                  ; No                         ; Yes                        ; 2.62 V                      ; 2.74e-08 V                  ; 2.71 V             ; -0.0317 V          ; 0.148 V                             ; 0.064 V                             ; 4.51e-10 s                 ; 4.15e-10 s                 ; No                        ; Yes                       ;
; SDRAM_DQ[12]        ; 2.5 V        ; 0 s                 ; 0 s                 ; 2.62 V                       ; 2.74e-08 V                   ; 2.71 V              ; -0.0317 V           ; 0.148 V                              ; 0.064 V                              ; 4.51e-10 s                  ; 4.15e-10 s                  ; No                         ; Yes                        ; 2.62 V                      ; 2.74e-08 V                  ; 2.71 V             ; -0.0317 V          ; 0.148 V                             ; 0.064 V                             ; 4.51e-10 s                 ; 4.15e-10 s                 ; No                        ; Yes                       ;
; SDRAM_DQ[11]        ; 2.5 V        ; 0 s                 ; 0 s                 ; 2.62 V                       ; 2.74e-08 V                   ; 2.71 V              ; -0.0317 V           ; 0.148 V                              ; 0.064 V                              ; 4.51e-10 s                  ; 4.15e-10 s                  ; No                         ; Yes                        ; 2.62 V                      ; 2.74e-08 V                  ; 2.71 V             ; -0.0317 V          ; 0.148 V                             ; 0.064 V                             ; 4.51e-10 s                 ; 4.15e-10 s                 ; No                        ; Yes                       ;
; SDRAM_DQ[10]        ; 2.5 V        ; 0 s                 ; 0 s                 ; 2.62 V                       ; 2.74e-08 V                   ; 2.71 V              ; -0.0317 V           ; 0.148 V                              ; 0.064 V                              ; 4.51e-10 s                  ; 4.15e-10 s                  ; No                         ; Yes                        ; 2.62 V                      ; 2.74e-08 V                  ; 2.71 V             ; -0.0317 V          ; 0.148 V                             ; 0.064 V                             ; 4.51e-10 s                 ; 4.15e-10 s                 ; No                        ; Yes                       ;
; SDRAM_DQ[9]         ; 2.5 V        ; 0 s                 ; 0 s                 ; 2.62 V                       ; 2.74e-08 V                   ; 2.71 V              ; -0.0317 V           ; 0.148 V                              ; 0.064 V                              ; 4.51e-10 s                  ; 4.15e-10 s                  ; No                         ; Yes                        ; 2.62 V                      ; 2.74e-08 V                  ; 2.71 V             ; -0.0317 V          ; 0.148 V                             ; 0.064 V                             ; 4.51e-10 s                 ; 4.15e-10 s                 ; No                        ; Yes                       ;
; SDRAM_DQ[8]         ; 2.5 V        ; 0 s                 ; 0 s                 ; 2.62 V                       ; 2.74e-08 V                   ; 2.71 V              ; -0.0317 V           ; 0.148 V                              ; 0.064 V                              ; 4.51e-10 s                  ; 4.15e-10 s                  ; No                         ; Yes                        ; 2.62 V                      ; 2.74e-08 V                  ; 2.71 V             ; -0.0317 V          ; 0.148 V                             ; 0.064 V                             ; 4.51e-10 s                 ; 4.15e-10 s                 ; No                        ; Yes                       ;
; SDRAM_DQ[7]         ; 2.5 V        ; 0 s                 ; 0 s                 ; 2.62 V                       ; 2.74e-08 V                   ; 2.71 V              ; -0.0317 V           ; 0.148 V                              ; 0.064 V                              ; 4.51e-10 s                  ; 4.15e-10 s                  ; No                         ; Yes                        ; 2.62 V                      ; 2.74e-08 V                  ; 2.71 V             ; -0.0317 V          ; 0.148 V                             ; 0.064 V                             ; 4.51e-10 s                 ; 4.15e-10 s                 ; No                        ; Yes                       ;
; SDRAM_DQ[6]         ; 2.5 V        ; 0 s                 ; 0 s                 ; 2.62 V                       ; 2.74e-08 V                   ; 2.71 V              ; -0.0317 V           ; 0.148 V                              ; 0.064 V                              ; 4.51e-10 s                  ; 4.15e-10 s                  ; No                         ; Yes                        ; 2.62 V                      ; 2.74e-08 V                  ; 2.71 V             ; -0.0317 V          ; 0.148 V                             ; 0.064 V                             ; 4.51e-10 s                 ; 4.15e-10 s                 ; No                        ; Yes                       ;
; SDRAM_DQ[5]         ; 2.5 V        ; 0 s                 ; 0 s                 ; 2.62 V                       ; 2.74e-08 V                   ; 2.71 V              ; -0.0317 V           ; 0.148 V                              ; 0.064 V                              ; 4.51e-10 s                  ; 4.15e-10 s                  ; No                         ; Yes                        ; 2.62 V                      ; 2.74e-08 V                  ; 2.71 V             ; -0.0317 V          ; 0.148 V                             ; 0.064 V                             ; 4.51e-10 s                 ; 4.15e-10 s                 ; No                        ; Yes                       ;
; SDRAM_DQ[4]         ; 2.5 V        ; 0 s                 ; 0 s                 ; 2.62 V                       ; 2.74e-08 V                   ; 2.71 V              ; -0.0317 V           ; 0.148 V                              ; 0.064 V                              ; 4.51e-10 s                  ; 4.15e-10 s                  ; No                         ; Yes                        ; 2.62 V                      ; 2.74e-08 V                  ; 2.71 V             ; -0.0317 V          ; 0.148 V                             ; 0.064 V                             ; 4.51e-10 s                 ; 4.15e-10 s                 ; No                        ; Yes                       ;
; SDRAM_DQ[3]         ; 2.5 V        ; 0 s                 ; 0 s                 ; 2.62 V                       ; 2.74e-08 V                   ; 2.71 V              ; -0.0317 V           ; 0.148 V                              ; 0.064 V                              ; 4.51e-10 s                  ; 4.15e-10 s                  ; No                         ; Yes                        ; 2.62 V                      ; 2.74e-08 V                  ; 2.71 V             ; -0.0317 V          ; 0.148 V                             ; 0.064 V                             ; 4.51e-10 s                 ; 4.15e-10 s                 ; No                        ; Yes                       ;
; SDRAM_DQ[2]         ; 2.5 V        ; 0 s                 ; 0 s                 ; 2.62 V                       ; 2.74e-08 V                   ; 2.71 V              ; -0.0317 V           ; 0.148 V                              ; 0.064 V                              ; 4.51e-10 s                  ; 4.15e-10 s                  ; No                         ; Yes                        ; 2.62 V                      ; 2.74e-08 V                  ; 2.71 V             ; -0.0317 V          ; 0.148 V                             ; 0.064 V                             ; 4.51e-10 s                 ; 4.15e-10 s                 ; No                        ; Yes                       ;
; SDRAM_DQ[1]         ; 2.5 V        ; 0 s                 ; 0 s                 ; 2.62 V                       ; 2.74e-08 V                   ; 2.71 V              ; -0.0317 V           ; 0.148 V                              ; 0.064 V                              ; 4.51e-10 s                  ; 4.15e-10 s                  ; No                         ; Yes                        ; 2.62 V                      ; 2.74e-08 V                  ; 2.71 V             ; -0.0317 V          ; 0.148 V                             ; 0.064 V                             ; 4.51e-10 s                 ; 4.15e-10 s                 ; No                        ; Yes                       ;
; SDRAM_DQ[0]         ; 2.5 V        ; 0 s                 ; 0 s                 ; 2.62 V                       ; 2.74e-08 V                   ; 2.71 V              ; -0.0317 V           ; 0.148 V                              ; 0.064 V                              ; 4.51e-10 s                  ; 4.15e-10 s                  ; No                         ; Yes                        ; 2.62 V                      ; 2.74e-08 V                  ; 2.71 V             ; -0.0317 V          ; 0.148 V                             ; 0.064 V                             ; 4.51e-10 s                 ; 4.15e-10 s                 ; No                        ; Yes                       ;
; altera_reserved_tdo ; 2.5 V        ; 0 s                 ; 0 s                 ; 2.62 V                       ; 1.77e-07 V                   ; 2.65 V              ; -0.0108 V           ; 0.18 V                               ; 0.17 V                               ; 6.63e-10 s                  ; 1.56e-09 s                  ; Yes                        ; Yes                        ; 2.62 V                      ; 1.77e-07 V                  ; 2.65 V             ; -0.0108 V          ; 0.18 V                              ; 0.17 V                              ; 6.63e-10 s                 ; 1.56e-09 s                 ; Yes                       ; Yes                       ;
; ~ALTERA_DCLK~       ; 2.5 V        ; 0 s                 ; 0 s                 ; 2.62 V                       ; 2.22e-08 V                   ; 2.74 V              ; -0.06 V             ; 0.158 V                              ; 0.08 V                               ; 2.68e-10 s                  ; 2.19e-10 s                  ; Yes                        ; Yes                        ; 2.62 V                      ; 2.22e-08 V                  ; 2.74 V             ; -0.06 V            ; 0.158 V                             ; 0.08 V                              ; 2.68e-10 s                 ; 2.19e-10 s                 ; Yes                       ; Yes                       ;
; ~ALTERA_nCEO~       ; 2.5 V        ; 0 s                 ; 0 s                 ; 2.62 V                       ; 3.54e-08 V                   ; 2.7 V               ; -0.00943 V          ; 0.276 V                              ; 0.035 V                              ; 3.19e-10 s                  ; 4.99e-10 s                  ; No                         ; Yes                        ; 2.62 V                      ; 3.54e-08 V                  ; 2.7 V              ; -0.00943 V         ; 0.276 V                             ; 0.035 V                             ; 3.19e-10 s                 ; 4.99e-10 s                 ; No                        ; Yes                       ;
+---------------------+--------------+---------------------+---------------------+------------------------------+------------------------------+---------------------+---------------------+--------------------------------------+--------------------------------------+-----------------------------+-----------------------------+----------------------------+----------------------------+-----------------------------+-----------------------------+--------------------+--------------------+-------------------------------------+-------------------------------------+----------------------------+----------------------------+---------------------------+---------------------------+


+---------------------------------------------------------------------------------------+
; Setup Transfers                                                                       ;
+---------------------+---------------------+----------+----------+----------+----------+
; From Clock          ; To Clock            ; RR Paths ; FR Paths ; RF Paths ; FF Paths ;
+---------------------+---------------------+----------+----------+----------+----------+
; altera_reserved_tck ; altera_reserved_tck ; 1721     ; 0        ; 32       ; 2        ;
+---------------------+---------------------+----------+----------+----------+----------+
Entries labeled "false path" only account for clock-to-clock false paths and not path-based false paths. As a result, actual path counts may be lower than reported.


+---------------------------------------------------------------------------------------+
; Hold Transfers                                                                        ;
+---------------------+---------------------+----------+----------+----------+----------+
; From Clock          ; To Clock            ; RR Paths ; FR Paths ; RF Paths ; FF Paths ;
+---------------------+---------------------+----------+----------+----------+----------+
; altera_reserved_tck ; altera_reserved_tck ; 1721     ; 0        ; 32       ; 2        ;
+---------------------+---------------------+----------+----------+----------+----------+
Entries labeled "false path" only account for clock-to-clock false paths and not path-based false paths. As a result, actual path counts may be lower than reported.


+---------------------------------------------------------------------------------------+
; Recovery Transfers                                                                    ;
+---------------------+---------------------+----------+----------+----------+----------+
; From Clock          ; To Clock            ; RR Paths ; FR Paths ; RF Paths ; FF Paths ;
+---------------------+---------------------+----------+----------+----------+----------+
; altera_reserved_tck ; altera_reserved_tck ; 81       ; 0        ; 3        ; 0        ;
+---------------------+---------------------+----------+----------+----------+----------+
Entries labeled "false path" only account for clock-to-clock false paths and not path-based false paths. As a result, actual path counts may be lower than reported.


+---------------------------------------------------------------------------------------+
; Removal Transfers                                                                     ;
+---------------------+---------------------+----------+----------+----------+----------+
; From Clock          ; To Clock            ; RR Paths ; FR Paths ; RF Paths ; FF Paths ;
+---------------------+---------------------+----------+----------+----------+----------+
; altera_reserved_tck ; altera_reserved_tck ; 81       ; 0        ; 3        ; 0        ;
+---------------------+---------------------+----------+----------+----------+----------+
Entries labeled "false path" only account for clock-to-clock false paths and not path-based false paths. As a result, actual path counts may be lower than reported.


---------------
; Report TCCS ;
---------------
No dedicated SERDES Transmitter circuitry present in device or used in design


---------------
; Report RSKM ;
---------------
No non-DPA dedicated SERDES Receiver circuitry present in device or used in design


+------------------------------------------------+
; Unconstrained Paths                            ;
+---------------------------------+-------+------+
; Property                        ; Setup ; Hold ;
+---------------------------------+-------+------+
; Illegal Clocks                  ; 0     ; 0    ;
; Unconstrained Clocks            ; 1     ; 1    ;
; Unconstrained Input Ports       ; 35    ; 35   ;
; Unconstrained Input Port Paths  ; 99    ; 99   ;
; Unconstrained Output Ports      ; 65    ; 65   ;
; Unconstrained Output Port Paths ; 97    ; 97   ;
+---------------------------------+-------+------+


+------------------------------------+
; TimeQuest Timing Analyzer Messages ;
+------------------------------------+
Info: *******************************************************************
Info: Running Quartus II 64-Bit TimeQuest Timing Analyzer
    Info: Version 13.1.0 Build 162 10/23/2013 SJ Web Edition
    Info: Processing started: Tue Dec 16 21:56:14 2025
Info: Command: quartus_sta JSoc -c TopLevel
Info: qsta_default_script.tcl version: #1
Warning (20028): Parallel compilation is not licensed and has been disabled
Info (21077): Core supply voltage is 1.2V
Info (21077): Low junction temperature is 0 degrees C
Info (21077): High junction temperature is 85 degrees C
Info (332164): Evaluating HDL-embedded SDC commands
    Info (332165): Entity alt_jtag_atlantic
        Info (332166): set_false_path -from [get_registers {*|alt_jtag_atlantic:*|jupdate}] -to [get_registers {*|alt_jtag_atlantic:*|jupdate1*}] 
        Info (332166): set_false_path -from [get_registers {*|alt_jtag_atlantic:*|rdata[*]}] -to [get_registers {*|alt_jtag_atlantic*|td_shift[*]}]
        Info (332166): set_false_path -from [get_registers {*|alt_jtag_atlantic:*|rdata[*]}] -to [get_registers {*|alt_jtag_atlantic*|td_shift[*]}]
        Info (332166): set_false_path -from [get_registers {*|alt_jtag_atlantic:*|rdata[*]}] -to [get_registers {*|alt_jtag_atlantic*|td_shift[*]}]
        Info (332166): set_false_path -from [get_registers {*|alt_jtag_atlantic:*|rdata[*]}] -to [get_registers {*|alt_jtag_atlantic*|td_shift[*]}]
        Info (332166): set_false_path -from [get_registers {*|alt_jtag_atlantic:*|rdata[*]}] -to [get_registers {*|alt_jtag_atlantic*|td_shift[*]}]
        Info (332166): set_false_path -from [get_registers {*|alt_jtag_atlantic:*|rdata[*]}] -to [get_registers {*|alt_jtag_atlantic*|td_shift[*]}]
        Info (332166): set_false_path -from [get_registers {*|alt_jtag_atlantic:*|rdata[*]}] -to [get_registers {*|alt_jtag_atlantic*|td_shift[*]}]
        Info (332166): set_false_path -from [get_registers {*|alt_jtag_atlantic:*|rdata[*]}] -to [get_registers {*|alt_jtag_atlantic*|td_shift[*]}]
        Info (332166): set_false_path -from [get_registers {*|alt_jtag_atlantic:*|read}] -to [get_registers {*|alt_jtag_atlantic:*|read1*}] 
        Info (332166): set_false_path -from [get_registers {*|alt_jtag_atlantic:*|read_req}]
        Info (332166): set_false_path -from [get_registers {*|alt_jtag_atlantic:*|rvalid}] -to [get_registers {*|alt_jtag_atlantic*|td_shift[*]}]
        Info (332166): set_false_path -from [get_registers {*|t_dav}] -to [get_registers {*|alt_jtag_atlantic:*|tck_t_dav}]
        Info (332166): set_false_path -from [get_registers {*|alt_jtag_atlantic:*|user_saw_rvalid}] -to [get_registers {*|alt_jtag_atlantic:*|rvalid0*}]
        Info (332166): set_false_path -from [get_registers {*|alt_jtag_atlantic:*|wdata[*]}] -to [get_registers {*}]
        Info (332166): set_false_path -from [get_registers {*|alt_jtag_atlantic:*|wdata[*]}] -to [get_registers {*}]
        Info (332166): set_false_path -from [get_registers {*|alt_jtag_atlantic:*|wdata[*]}] -to [get_registers {*}]
        Info (332166): set_false_path -from [get_registers {*|alt_jtag_atlantic:*|wdata[*]}] -to [get_registers {*}]
        Info (332166): set_false_path -from [get_registers {*|alt_jtag_atlantic:*|wdata[*]}] -to [get_registers {*}]
        Info (332166): set_false_path -from [get_registers {*|alt_jtag_atlantic:*|wdata[*]}] -to [get_registers {*}]
        Info (332166): set_false_path -from [get_registers {*|alt_jtag_atlantic:*|wdata[*]}] -to [get_registers {*}]
        Info (332166): set_false_path -from [get_registers {*|alt_jtag_atlantic:*|wdata[*]}] -to [get_registers {*}]
        Info (332166): set_false_path -from [get_registers {*|alt_jtag_atlantic:*|write}] -to [get_registers {*|alt_jtag_atlantic:*|write1*}] 
        Info (332166): set_false_path -from [get_registers {*|alt_jtag_atlantic:*|write_stalled}] -to [get_registers {*|alt_jtag_atlantic:*|t_ena*}]
        Info (332166): set_false_path -from [get_registers {*|alt_jtag_atlantic:*|write_stalled}] -to [get_registers {*|alt_jtag_atlantic:*|t_pause*}]
        Info (332166): set_false_path -from [get_registers {*|alt_jtag_atlantic:*|write_valid}]
    Info (332165): Entity altera_avalon_st_clock_crosser
        Info (332166): set_false_path -from [get_registers *altera_avalon_st_clock_crosser:*|in_data_buffer*] -to [get_registers *altera_avalon_st_clock_crosser:*|out_data_buffer*]
        Info (332166): set_false_path -from [get_registers *altera_avalon_st_clock_crosser:*|in_data_buffer*] -to [get_registers *altera_avalon_st_clock_crosser:*|out_data_buffer*]
        Info (332166): set_false_path -from [get_registers *altera_avalon_st_clock_crosser:*|in_data_buffer*] -to [get_registers *altera_avalon_st_clock_crosser:*|out_data_buffer*]
        Info (332166): set_false_path -from [get_registers *altera_avalon_st_clock_crosser:*|in_data_buffer*] -to [get_registers *altera_avalon_st_clock_crosser:*|out_data_buffer*]
        Info (332166): set_false_path -from [get_registers *altera_avalon_st_clock_crosser:*|in_data_buffer*] -to [get_registers *altera_avalon_st_clock_crosser:*|out_data_buffer*]
        Info (332166): set_false_path -from [get_registers *altera_avalon_st_clock_crosser:*|in_data_buffer*] -to [get_registers *altera_avalon_st_clock_crosser:*|out_data_buffer*]
        Info (332166): set_false_path -from [get_registers *altera_avalon_st_clock_crosser:*|in_data_buffer*] -to [get_registers *altera_avalon_st_clock_crosser:*|out_data_buffer*]
        Info (332166): set_false_path -from [get_registers *altera_avalon_st_clock_crosser:*|in_data_buffer*] -to [get_registers *altera_avalon_st_clock_crosser:*|out_data_buffer*]
        Info (332166): set_false_path -from [get_registers *altera_avalon_st_clock_crosser:*|in_data_buffer*] -to [get_registers *altera_avalon_st_clock_crosser:*|out_data_buffer*]
        Info (332166): set_false_path -from [get_registers *altera_avalon_st_clock_crosser:*|in_data_buffer*] -to [get_registers *altera_avalon_st_clock_crosser:*|out_data_buffer*]
        Info (332166): set_false_path -from [get_registers *altera_avalon_st_clock_crosser:*|in_data_buffer*] -to [get_registers *altera_avalon_st_clock_crosser:*|out_data_buffer*]
        Info (332166): set_false_path -from [get_registers *altera_avalon_st_clock_crosser:*|in_data_buffer*] -to [get_registers *altera_avalon_st_clock_crosser:*|out_data_buffer*]
        Info (332166): set_false_path -from [get_registers *altera_avalon_st_clock_crosser:*|in_data_buffer*] -to [get_registers *altera_avalon_st_clock_crosser:*|out_data_buffer*]
        Info (332166): set_false_path -from [get_registers *altera_avalon_st_clock_crosser:*|in_data_buffer*] -to [get_registers *altera_avalon_st_clock_crosser:*|out_data_buffer*]
        Info (332166): set_false_path -from [get_registers *altera_avalon_st_clock_crosser:*|in_data_buffer*] -to [get_registers *altera_avalon_st_clock_crosser:*|out_data_buffer*]
        Info (332166): set_false_path -from [get_registers *altera_avalon_st_clock_crosser:*|in_data_buffer*] -to [get_registers *altera_avalon_st_clock_crosser:*|out_data_buffer*]
        Info (332166): set_false_path -from [get_registers *altera_avalon_st_clock_crosser:*|in_data_buffer*] -to [get_registers *altera_avalon_st_clock_crosser:*|out_data_buffer*]
        Info (332166): set_false_path -from [get_registers *altera_avalon_st_clock_crosser:*|in_data_buffer*] -to [get_registers *altera_avalon_st_clock_crosser:*|out_data_buffer*]
        Info (332166): set_false_path -from [get_registers *altera_avalon_st_clock_crosser:*|in_data_buffer*] -to [get_registers *altera_avalon_st_clock_crosser:*|out_data_buffer*]
        Info (332166): set_false_path -from [get_registers *altera_avalon_st_clock_crosser:*|in_data_buffer*] -to [get_registers *altera_avalon_st_clock_crosser:*|out_data_buffer*]
        Info (332166): set_false_path -from [get_registers *altera_avalon_st_clock_crosser:*|in_data_buffer*] -to [get_registers *altera_avalon_st_clock_crosser:*|out_data_buffer*]
        Info (332166): set_false_path -from [get_registers *altera_avalon_st_clock_crosser:*|in_data_buffer*] -to [get_registers *altera_avalon_st_clock_crosser:*|out_data_buffer*]
        Info (332166): set_false_path -from [get_registers *altera_avalon_st_clock_crosser:*|in_data_buffer*] -to [get_registers *altera_avalon_st_clock_crosser:*|out_data_buffer*]
        Info (332166): set_false_path -from [get_registers *altera_avalon_st_clock_crosser:*|in_data_buffer*] -to [get_registers *altera_avalon_st_clock_crosser:*|out_data_buffer*]
        Info (332166): set_false_path -from [get_registers *altera_avalon_st_clock_crosser:*|in_data_buffer*] -to [get_registers *altera_avalon_st_clock_crosser:*|out_data_buffer*]
        Info (332166): set_false_path -from [get_registers *altera_avalon_st_clock_crosser:*|in_data_buffer*] -to [get_registers *altera_avalon_st_clock_crosser:*|out_data_buffer*]
        Info (332166): set_false_path -from [get_registers *altera_avalon_st_clock_crosser:*|in_data_buffer*] -to [get_registers *altera_avalon_st_clock_crosser:*|out_data_buffer*]
        Info (332166): set_false_path -from [get_registers *altera_avalon_st_clock_crosser:*|in_data_buffer*] -to [get_registers *altera_avalon_st_clock_crosser:*|out_data_buffer*]
        Info (332166): set_false_path -from [get_registers *altera_avalon_st_clock_crosser:*|in_data_buffer*] -to [get_registers *altera_avalon_st_clock_crosser:*|out_data_buffer*]
        Info (332166): set_false_path -from [get_registers *altera_avalon_st_clock_crosser:*|in_data_buffer*] -to [get_registers *altera_avalon_st_clock_crosser:*|out_data_buffer*]
        Info (332166): set_false_path -from [get_registers *altera_avalon_st_clock_crosser:*|in_data_buffer*] -to [get_registers *altera_avalon_st_clock_crosser:*|out_data_buffer*]
        Info (332166): set_false_path -from [get_registers *altera_avalon_st_clock_crosser:*|in_data_buffer*] -to [get_registers *altera_avalon_st_clock_crosser:*|out_data_buffer*]
        Info (332166): set_false_path -from [get_registers *altera_avalon_st_clock_crosser:*|in_data_buffer*] -to [get_registers *altera_avalon_st_clock_crosser:*|out_data_buffer*]
        Info (332166): set_false_path -from [get_registers *altera_avalon_st_clock_crosser:*|in_data_buffer*] -to [get_registers *altera_avalon_st_clock_crosser:*|out_data_buffer*]
        Info (332166): set_false_path -from [get_registers *altera_avalon_st_clock_crosser:*|in_data_buffer*] -to [get_registers *altera_avalon_st_clock_crosser:*|out_data_buffer*]
        Info (332166): set_false_path -from [get_registers *altera_avalon_st_clock_crosser:*|in_data_buffer*] -to [get_registers *altera_avalon_st_clock_crosser:*|out_data_buffer*]
        Info (332166): set_false_path -from [get_registers *altera_avalon_st_clock_crosser:*|in_data_buffer*] -to [get_registers *altera_avalon_st_clock_crosser:*|out_data_buffer*]
        Info (332166): set_false_path -from [get_registers *altera_avalon_st_clock_crosser:*|in_data_buffer*] -to [get_registers *altera_avalon_st_clock_crosser:*|out_data_buffer*]
        Info (332166): set_false_path -from [get_registers *altera_avalon_st_clock_crosser:*|in_data_buffer*] -to [get_registers *altera_avalon_st_clock_crosser:*|out_data_buffer*]
        Info (332166): set_false_path -from [get_registers *altera_avalon_st_clock_crosser:*|in_data_buffer*] -to [get_registers *altera_avalon_st_clock_crosser:*|out_data_buffer*]
        Info (332166): set_false_path -from [get_registers *altera_avalon_st_clock_crosser:*|in_data_buffer*] -to [get_registers *altera_avalon_st_clock_crosser:*|out_data_buffer*]
        Info (332166): set_false_path -from [get_registers *altera_avalon_st_clock_crosser:*|in_data_buffer*] -to [get_registers *altera_avalon_st_clock_crosser:*|out_data_buffer*]
        Info (332166): set_false_path -from [get_registers *altera_avalon_st_clock_crosser:*|in_data_buffer*] -to [get_registers *altera_avalon_st_clock_crosser:*|out_data_buffer*]
        Info (332166): set_false_path -from [get_registers *altera_avalon_st_clock_crosser:*|in_data_buffer*] -to [get_registers *altera_avalon_st_clock_crosser:*|out_data_buffer*]
        Info (332166): set_false_path -from [get_registers *altera_avalon_st_clock_crosser:*|in_data_buffer*] -to [get_registers *altera_avalon_st_clock_crosser:*|out_data_buffer*]
        Info (332166): set_false_path -from [get_registers *altera_avalon_st_clock_crosser:*|in_data_buffer*] -to [get_registers *altera_avalon_st_clock_crosser:*|out_data_buffer*]
        Info (332166): set_false_path -from [get_registers *altera_avalon_st_clock_crosser:*|in_data_buffer*] -to [get_registers *altera_avalon_st_clock_crosser:*|out_data_buffer*]
        Info (332166): set_false_path -from [get_registers *altera_avalon_st_clock_crosser:*|in_data_buffer*] -to [get_registers *altera_avalon_st_clock_crosser:*|out_data_buffer*]
        Info (332166): set_false_path -from [get_registers *altera_avalon_st_clock_crosser:*|in_data_buffer*] -to [get_registers *altera_avalon_st_clock_crosser:*|out_data_buffer*]
        Info (332166): set_false_path -from [get_registers *altera_avalon_st_clock_crosser:*|in_data_buffer*] -to [get_registers *altera_avalon_st_clock_crosser:*|out_data_buffer*]
        Info (332166): set_false_path -from [get_registers *altera_avalon_st_clock_crosser:*|in_data_buffer*] -to [get_registers *altera_avalon_st_clock_crosser:*|out_data_buffer*]
        Info (332166): set_false_path -from [get_registers *altera_avalon_st_clock_crosser:*|in_data_buffer*] -to [get_registers *altera_avalon_st_clock_crosser:*|out_data_buffer*]
        Info (332166): set_false_path -from [get_registers *altera_avalon_st_clock_crosser:*|in_data_buffer*] -to [get_registers *altera_avalon_st_clock_crosser:*|out_data_buffer*]
        Info (332166): set_false_path -from [get_registers *altera_avalon_st_clock_crosser:*|in_data_buffer*] -to [get_registers *altera_avalon_st_clock_crosser:*|out_data_buffer*]
        Info (332166): set_false_path -from [get_registers *altera_avalon_st_clock_crosser:*|in_data_buffer*] -to [get_registers *altera_avalon_st_clock_crosser:*|out_data_buffer*]
        Info (332166): set_false_path -from [get_registers *altera_avalon_st_clock_crosser:*|in_data_buffer*] -to [get_registers *altera_avalon_st_clock_crosser:*|out_data_buffer*]
        Info (332166): set_false_path -from [get_registers *altera_avalon_st_clock_crosser:*|in_data_buffer*] -to [get_registers *altera_avalon_st_clock_crosser:*|out_data_buffer*]
        Info (332166): set_false_path -from [get_registers *altera_avalon_st_clock_crosser:*|in_data_buffer*] -to [get_registers *altera_avalon_st_clock_crosser:*|out_data_buffer*]
        Info (332166): set_false_path -from [get_registers *altera_avalon_st_clock_crosser:*|in_data_buffer*] -to [get_registers *altera_avalon_st_clock_crosser:*|out_data_buffer*]
        Info (332166): set_false_path -from [get_registers *altera_avalon_st_clock_crosser:*|in_data_buffer*] -to [get_registers *altera_avalon_st_clock_crosser:*|out_data_buffer*]
        Info (332166): set_false_path -from [get_registers *altera_avalon_st_clock_crosser:*|in_data_buffer*] -to [get_registers *altera_avalon_st_clock_crosser:*|out_data_buffer*]
        Info (332166): set_false_path -from [get_registers *altera_avalon_st_clock_crosser:*|in_data_buffer*] -to [get_registers *altera_avalon_st_clock_crosser:*|out_data_buffer*]
        Info (332166): set_false_path -from [get_registers *altera_avalon_st_clock_crosser:*|in_data_buffer*] -to [get_registers *altera_avalon_st_clock_crosser:*|out_data_buffer*]
        Info (332166): set_false_path -from [get_registers *altera_avalon_st_clock_crosser:*|in_data_buffer*] -to [get_registers *altera_avalon_st_clock_crosser:*|out_data_buffer*]
        Info (332166): set_false_path -from [get_registers *altera_avalon_st_clock_crosser:*|in_data_buffer*] -to [get_registers *altera_avalon_st_clock_crosser:*|out_data_buffer*]
        Info (332166): set_false_path -from [get_registers *altera_avalon_st_clock_crosser:*|in_data_buffer*] -to [get_registers *altera_avalon_st_clock_crosser:*|out_data_buffer*]
        Info (332166): set_false_path -from [get_registers *altera_avalon_st_clock_crosser:*|in_data_buffer*] -to [get_registers *altera_avalon_st_clock_crosser:*|out_data_buffer*]
        Info (332166): set_false_path -from [get_registers *altera_avalon_st_clock_crosser:*|in_data_buffer*] -to [get_registers *altera_avalon_st_clock_crosser:*|out_data_buffer*]
        Info (332166): set_false_path -from [get_registers *altera_avalon_st_clock_crosser:*|in_data_buffer*] -to [get_registers *altera_avalon_st_clock_crosser:*|out_data_buffer*]
        Info (332166): set_false_path -from [get_registers *altera_avalon_st_clock_crosser:*|in_data_buffer*] -to [get_registers *altera_avalon_st_clock_crosser:*|out_data_buffer*]
        Info (332166): set_false_path -from [get_registers *altera_avalon_st_clock_crosser:*|in_data_buffer*] -to [get_registers *altera_avalon_st_clock_crosser:*|out_data_buffer*]
        Info (332166): set_false_path -from [get_registers *altera_avalon_st_clock_crosser:*|in_data_buffer*] -to [get_registers *altera_avalon_st_clock_crosser:*|out_data_buffer*]
        Info (332166): set_false_path -from [get_registers *altera_avalon_st_clock_crosser:*|in_data_buffer*] -to [get_registers *altera_avalon_st_clock_crosser:*|out_data_buffer*]
        Info (332166): set_false_path -from [get_registers *altera_avalon_st_clock_crosser:*|in_data_buffer*] -to [get_registers *altera_avalon_st_clock_crosser:*|out_data_buffer*]
        Info (332166): set_false_path -from [get_registers *altera_avalon_st_clock_crosser:*|in_data_buffer*] -to [get_registers *altera_avalon_st_clock_crosser:*|out_data_buffer*]
        Info (332166): set_false_path -from [get_registers *altera_avalon_st_clock_crosser:*|in_data_buffer*] -to [get_registers *altera_avalon_st_clock_crosser:*|out_data_buffer*]
        Info (332166): set_false_path -from [get_registers *altera_avalon_st_clock_crosser:*|in_data_buffer*] -to [get_registers *altera_avalon_st_clock_crosser:*|out_data_buffer*]
        Info (332166): set_false_path -from [get_registers *altera_avalon_st_clock_crosser:*|in_data_buffer*] -to [get_registers *altera_avalon_st_clock_crosser:*|out_data_buffer*]
        Info (332166): set_false_path -from [get_registers *altera_avalon_st_clock_crosser:*|in_data_buffer*] -to [get_registers *altera_avalon_st_clock_crosser:*|out_data_buffer*]
        Info (332166): set_false_path -from [get_registers *altera_avalon_st_clock_crosser:*|in_data_buffer*] -to [get_registers *altera_avalon_st_clock_crosser:*|out_data_buffer*]
        Info (332166): set_false_path -from [get_registers *altera_avalon_st_clock_crosser:*|in_data_buffer*] -to [get_registers *altera_avalon_st_clock_crosser:*|out_data_buffer*]
        Info (332166): set_false_path -from [get_registers *altera_avalon_st_clock_crosser:*|in_data_buffer*] -to [get_registers *altera_avalon_st_clock_crosser:*|out_data_buffer*]
        Info (332166): set_false_path -from [get_registers *altera_avalon_st_clock_crosser:*|in_data_buffer*] -to [get_registers *altera_avalon_st_clock_crosser:*|out_data_buffer*]
        Info (332166): set_false_path -from [get_registers *altera_avalon_st_clock_crosser:*|in_data_buffer*] -to [get_registers *altera_avalon_st_clock_crosser:*|out_data_buffer*]
        Info (332166): set_false_path -from [get_registers *altera_avalon_st_clock_crosser:*|in_data_buffer*] -to [get_registers *altera_avalon_st_clock_crosser:*|out_data_buffer*]
        Info (332166): set_false_path -from [get_registers *altera_avalon_st_clock_crosser:*|in_data_buffer*] -to [get_registers *altera_avalon_st_clock_crosser:*|out_data_buffer*]
        Info (332166): set_false_path -from [get_registers *altera_avalon_st_clock_crosser:*|in_data_buffer*] -to [get_registers *altera_avalon_st_clock_crosser:*|out_data_buffer*]
        Info (332166): set_false_path -from [get_registers *altera_avalon_st_clock_crosser:*|in_data_buffer*] -to [get_registers *altera_avalon_st_clock_crosser:*|out_data_buffer*]
        Info (332166): set_false_path -from [get_registers *altera_avalon_st_clock_crosser:*|in_data_buffer*] -to [get_registers *altera_avalon_st_clock_crosser:*|out_data_buffer*]
        Info (332166): set_false_path -from [get_registers *altera_avalon_st_clock_crosser:*|in_data_buffer*] -to [get_registers *altera_avalon_st_clock_crosser:*|out_data_buffer*]
        Info (332166): set_false_path -from [get_registers *altera_avalon_st_clock_crosser:*|in_data_buffer*] -to [get_registers *altera_avalon_st_clock_crosser:*|out_data_buffer*]
        Info (332166): set_false_path -from [get_registers *altera_avalon_st_clock_crosser:*|in_data_buffer*] -to [get_registers *altera_avalon_st_clock_crosser:*|out_data_buffer*]
        Info (332166): set_false_path -from [get_registers *altera_avalon_st_clock_crosser:*|in_data_buffer*] -to [get_registers *altera_avalon_st_clock_crosser:*|out_data_buffer*]
        Info (332166): set_false_path -from [get_registers *altera_avalon_st_clock_crosser:*|in_data_buffer*] -to [get_registers *altera_avalon_st_clock_crosser:*|out_data_buffer*]
        Info (332166): set_false_path -from [get_registers *altera_avalon_st_clock_crosser:*|in_data_buffer*] -to [get_registers *altera_avalon_st_clock_crosser:*|out_data_buffer*]
        Info (332166): set_false_path -from [get_registers *altera_avalon_st_clock_crosser:*|in_data_buffer*] -to [get_registers *altera_avalon_st_clock_crosser:*|out_data_buffer*]
        Info (332166): set_false_path -from [get_registers *altera_avalon_st_clock_crosser:*|in_data_buffer*] -to [get_registers *altera_avalon_st_clock_crosser:*|out_data_buffer*]
        Info (332166): set_false_path -from [get_registers *altera_avalon_st_clock_crosser:*|in_data_buffer*] -to [get_registers *altera_avalon_st_clock_crosser:*|out_data_buffer*]
        Info (332166): set_false_path -from [get_registers *altera_avalon_st_clock_crosser:*|in_data_buffer*] -to [get_registers *altera_avalon_st_clock_crosser:*|out_data_buffer*]
        Info (332166): set_false_path -from [get_registers *altera_avalon_st_clock_crosser:*|in_data_buffer*] -to [get_registers *altera_avalon_st_clock_crosser:*|out_data_buffer*]
        Info (332166): set_false_path -from [get_registers *altera_avalon_st_clock_crosser:*|in_data_buffer*] -to [get_registers *altera_avalon_st_clock_crosser:*|out_data_buffer*]
        Info (332166): set_false_path -from [get_registers *altera_avalon_st_clock_crosser:*|in_data_buffer*] -to [get_registers *altera_avalon_st_clock_crosser:*|out_data_buffer*]
        Info (332166): set_false_path -from [get_registers *altera_avalon_st_clock_crosser:*|in_data_buffer*] -to [get_registers *altera_avalon_st_clock_crosser:*|out_data_buffer*]
        Info (332166): set_false_path -from [get_registers *altera_avalon_st_clock_crosser:*|in_data_buffer*] -to [get_registers *altera_avalon_st_clock_crosser:*|out_data_buffer*]
        Info (332166): set_false_path -from [get_registers *altera_avalon_st_clock_crosser:*|in_data_buffer*] -to [get_registers *altera_avalon_st_clock_crosser:*|out_data_buffer*]
        Info (332166): set_false_path -from [get_registers *altera_avalon_st_clock_crosser:*|in_data_buffer*] -to [get_registers *altera_avalon_st_clock_crosser:*|out_data_buffer*]
        Info (332166): set_false_path -from [get_registers *altera_avalon_st_clock_crosser:*|in_data_buffer*] -to [get_registers *altera_avalon_st_clock_crosser:*|out_data_buffer*]
        Info (332166): set_false_path -from [get_registers *altera_avalon_st_clock_crosser:*|in_data_buffer*] -to [get_registers *altera_avalon_st_clock_crosser:*|out_data_buffer*]
        Info (332166): set_false_path -from [get_registers *altera_avalon_st_clock_crosser:*|in_data_buffer*] -to [get_registers *altera_avalon_st_clock_crosser:*|out_data_buffer*]
        Info (332166): set_false_path -from [get_registers *altera_avalon_st_clock_crosser:*|in_data_buffer*] -to [get_registers *altera_avalon_st_clock_crosser:*|out_data_buffer*]
        Info (332166): set_false_path -from [get_registers *altera_avalon_st_clock_crosser:*|in_data_buffer*] -to [get_registers *altera_avalon_st_clock_crosser:*|out_data_buffer*]
        Info (332166): set_false_path -from [get_registers *altera_avalon_st_clock_crosser:*|in_data_buffer*] -to [get_registers *altera_avalon_st_clock_crosser:*|out_data_buffer*]
        Info (332166): set_false_path -from [get_registers *altera_avalon_st_clock_crosser:*|in_data_buffer*] -to [get_registers *altera_avalon_st_clock_crosser:*|out_data_buffer*]
    Info (332165): Entity altera_std_synchronizer
        Info (332166): set_false_path -to [get_keepers {*altera_std_synchronizer:*|din_s1}]
    Info (332165): Entity sld_jtag_hub
        Info (332166): create_clock -name altera_reserved_tck [get_ports {altera_reserved_tck}] -period 10MHz   
        Info (332166): set_clock_groups -asynchronous -group {altera_reserved_tck}
Info (332104): Reading SDC File: 'SoC/synthesis/submodules/altera_reset_controller.sdc'
Info (332104): Reading SDC File: 'SoC/synthesis/submodules/SoC_cpu.sdc'
Warning (332060): Node: INPUT was determined to be a clock but was found without an associated clock assignment.
Warning (332056): PLL cross checking found inconsistent PLL clock settings:
    Warning (332056): Node: inst|altpll|sd1|pll7|clk[0] was found missing 1 generated clock that corresponds to a base clock with a period of: 20.000
    Warning (332056): Node: inst|altpll|sd1|pll7|clk[1] was found missing 1 generated clock that corresponds to a base clock with a period of: 20.000
    Warning (332056): Node: inst|altpll|sd1|pll7|clk[2] was found missing 1 generated clock that corresponds to a base clock with a period of: 20.000
Critical Warning (332168): The following clock transfers have no clock uncertainty assignment. For more accurate results, apply clock uncertainty assignments or use the derive_clock_uncertainty command.
    Critical Warning (332169): From altera_reserved_tck (Rise) to altera_reserved_tck (Rise) (setup and hold)
    Critical Warning (332169): From altera_reserved_tck (Rise) to altera_reserved_tck (Fall) (setup and hold)
    Critical Warning (332169): From altera_reserved_tck (Fall) to altera_reserved_tck (Fall) (setup and hold)
Info: Found TIMEQUEST_REPORT_SCRIPT_INCLUDE_DEFAULT_ANALYSIS = ON
Info: Analyzing Slow 1200mV 85C Model
Info (332146): Worst-case setup slack is 46.105
    Info (332119):     Slack       End Point TNS Clock 
    Info (332119): ========= =================== =====================
    Info (332119):    46.105               0.000 altera_reserved_tck 
Info (332146): Worst-case hold slack is 0.404
    Info (332119):     Slack       End Point TNS Clock 
    Info (332119): ========= =================== =====================
    Info (332119):     0.404               0.000 altera_reserved_tck 
Info (332146): Worst-case recovery slack is 47.574
    Info (332119):     Slack       End Point TNS Clock 
    Info (332119): ========= =================== =====================
    Info (332119):    47.574               0.000 altera_reserved_tck 
Info (332146): Worst-case removal slack is 1.213
    Info (332119):     Slack       End Point TNS Clock 
    Info (332119): ========= =================== =====================
    Info (332119):     1.213               0.000 altera_reserved_tck 
Info (332146): Worst-case minimum pulse width slack is 49.623
    Info (332119):     Slack       End Point TNS Clock 
    Info (332119): ========= =================== =====================
    Info (332119):    49.623               0.000 altera_reserved_tck 
Info (332114): Report Metastability: Found 2 synchronizer chains.
    Info (332114): Typical MTBF of Design is 1e+09 years or 3.15e+16 seconds.

    Info (332114): Number of Synchronizer Chains Found: 2
    Info (332114): Shortest Synchronizer Chain: 2 Registers
    Info (332114): Fraction of Chains for which MTBFs Could Not be Calculated: 0.000
    Info (332114): Worst Case Available Settling Time: 196.744 ns
    Info (332114): 
    Info (332114): Typical MTBF values are calculated based on the nominal silicon characteristics, at nominal operating conditions.
    Info (332114):   - Under typical conditions, an increase of 100ps in available settling time will increase MTBF values by a factor of 10.8
Info: Analyzing Slow 1200mV 0C Model
Info (334003): Started post-fitting delay annotation
Info (334004): Delay annotation completed successfully
Warning (332060): Node: INPUT was determined to be a clock but was found without an associated clock assignment.
Warning (332056): PLL cross checking found inconsistent PLL clock settings:
    Warning (332056): Node: inst|altpll|sd1|pll7|clk[0] was found missing 1 generated clock that corresponds to a base clock with a period of: 20.000
    Warning (332056): Node: inst|altpll|sd1|pll7|clk[1] was found missing 1 generated clock that corresponds to a base clock with a period of: 20.000
    Warning (332056): Node: inst|altpll|sd1|pll7|clk[2] was found missing 1 generated clock that corresponds to a base clock with a period of: 20.000
Critical Warning (332168): The following clock transfers have no clock uncertainty assignment. For more accurate results, apply clock uncertainty assignments or use the derive_clock_uncertainty command.
    Critical Warning (332169): From altera_reserved_tck (Rise) to altera_reserved_tck (Rise) (setup and hold)
    Critical Warning (332169): From altera_reserved_tck (Rise) to altera_reserved_tck (Fall) (setup and hold)
    Critical Warning (332169): From altera_reserved_tck (Fall) to altera_reserved_tck (Fall) (setup and hold)
Info (332146): Worst-case setup slack is 46.457
    Info (332119):     Slack       End Point TNS Clock 
    Info (332119): ========= =================== =====================
    Info (332119):    46.457               0.000 altera_reserved_tck 
Info (332146): Worst-case hold slack is 0.355
    Info (332119):     Slack       End Point TNS Clock 
    Info (332119): ========= =================== =====================
    Info (332119):     0.355               0.000 altera_reserved_tck 
Info (332146): Worst-case recovery slack is 47.883
    Info (332119):     Slack       End Point TNS Clock 
    Info (332119): ========= =================== =====================
    Info (332119):    47.883               0.000 altera_reserved_tck 
Info (332146): Worst-case removal slack is 1.118
    Info (332119):     Slack       End Point TNS Clock 
    Info (332119): ========= =================== =====================
    Info (332119):     1.118               0.000 altera_reserved_tck 
Info (332146): Worst-case minimum pulse width slack is 49.566
    Info (332119):     Slack       End Point TNS Clock 
    Info (332119): ========= =================== =====================
    Info (332119):    49.566               0.000 altera_reserved_tck 
Info (332114): Report Metastability: Found 2 synchronizer chains.
    Info (332114): Typical MTBF of Design is 1e+09 years or 3.15e+16 seconds.

    Info (332114): Number of Synchronizer Chains Found: 2
    Info (332114): Shortest Synchronizer Chain: 2 Registers
    Info (332114): Fraction of Chains for which MTBFs Could Not be Calculated: 0.000
    Info (332114): Worst Case Available Settling Time: 197.068 ns
    Info (332114): 
    Info (332114): Typical MTBF values are calculated based on the nominal silicon characteristics, at nominal operating conditions.
    Info (332114):   - Under typical conditions, an increase of 100ps in available settling time will increase MTBF values by a factor of 10.8
Info: Analyzing Fast 1200mV 0C Model
Warning (332060): Node: INPUT was determined to be a clock but was found without an associated clock assignment.
Warning (332056): PLL cross checking found inconsistent PLL clock settings:
    Warning (332056): Node: inst|altpll|sd1|pll7|clk[0] was found missing 1 generated clock that corresponds to a base clock with a period of: 20.000
    Warning (332056): Node: inst|altpll|sd1|pll7|clk[1] was found missing 1 generated clock that corresponds to a base clock with a period of: 20.000
    Warning (332056): Node: inst|altpll|sd1|pll7|clk[2] was found missing 1 generated clock that corresponds to a base clock with a period of: 20.000
Critical Warning (332168): The following clock transfers have no clock uncertainty assignment. For more accurate results, apply clock uncertainty assignments or use the derive_clock_uncertainty command.
    Critical Warning (332169): From altera_reserved_tck (Rise) to altera_reserved_tck (Rise) (setup and hold)
    Critical Warning (332169): From altera_reserved_tck (Rise) to altera_reserved_tck (Fall) (setup and hold)
    Critical Warning (332169): From altera_reserved_tck (Fall) to altera_reserved_tck (Fall) (setup and hold)
Info (332146): Worst-case setup slack is 48.226
    Info (332119):     Slack       End Point TNS Clock 
    Info (332119): ========= =================== =====================
    Info (332119):    48.226               0.000 altera_reserved_tck 
Info (332146): Worst-case hold slack is 0.181
    Info (332119):     Slack       End Point TNS Clock 
    Info (332119): ========= =================== =====================
    Info (332119):     0.181               0.000 altera_reserved_tck 
Info (332146): Worst-case recovery slack is 48.951
    Info (332119):     Slack       End Point TNS Clock 
    Info (332119): ========= =================== =====================
    Info (332119):    48.951               0.000 altera_reserved_tck 
Info (332146): Worst-case removal slack is 0.566
    Info (332119):     Slack       End Point TNS Clock 
    Info (332119): ========= =================== =====================
    Info (332119):     0.566               0.000 altera_reserved_tck 
Info (332146): Worst-case minimum pulse width slack is 49.473
    Info (332119):     Slack       End Point TNS Clock 
    Info (332119): ========= =================== =====================
    Info (332119):    49.473               0.000 altera_reserved_tck 
Info (332114): Report Metastability: Found 2 synchronizer chains.
    Info (332114): Typical MTBF of Design is 1e+09 years or 3.15e+16 seconds.

    Info (332114): Number of Synchronizer Chains Found: 2
    Info (332114): Shortest Synchronizer Chain: 2 Registers
    Info (332114): Fraction of Chains for which MTBFs Could Not be Calculated: 0.000
    Info (332114): Worst Case Available Settling Time: 198.451 ns
    Info (332114): 
    Info (332114): Typical MTBF values are calculated based on the nominal silicon characteristics, at nominal operating conditions.
    Info (332114):   - Under typical conditions, an increase of 100ps in available settling time will increase MTBF values by a factor of 10.8
Info (332102): Design is not fully constrained for setup requirements
Info (332102): Design is not fully constrained for hold requirements
Info: Quartus II 64-Bit TimeQuest Timing Analyzer was successful. 0 errors, 28 warnings
    Info: Peak virtual memory: 4735 megabytes
    Info: Processing ended: Tue Dec 16 21:56:18 2025
    Info: Elapsed time: 00:00:04
    Info: Total CPU time (on all processors): 00:00:03


