TimeQuest Timing Analyzer report for TopLevel
Mon Jan 26 08:40:05 2026
Quartus II 64-Bit Version 13.1.0 Build 162 10/23/2013 SJ Web Edition


---------------------
; Table of Contents ;
---------------------
  1. Legal Notice
  2. TimeQuest Timing Analyzer Summary
  3. Parallel Compilation
  4. SDC File List
  5. Clocks
  6. Slow 1200mV 85C Model Fmax Summary
  7. Timing Closure Recommendations
  8. Slow 1200mV 85C Model Setup Summary
  9. Slow 1200mV 85C Model Hold Summary
 10. Slow 1200mV 85C Model Recovery Summary
 11. Slow 1200mV 85C Model Removal Summary
 12. Slow 1200mV 85C Model Minimum Pulse Width Summary
 13. Slow 1200mV 85C Model Setup: 'altera_reserved_tck'
 14. Slow 1200mV 85C Model Hold: 'altera_reserved_tck'
 15. Slow 1200mV 85C Model Recovery: 'altera_reserved_tck'
 16. Slow 1200mV 85C Model Removal: 'altera_reserved_tck'
 17. Slow 1200mV 85C Model Minimum Pulse Width: 'altera_reserved_tck'
 18. Setup Times
 19. Hold Times
 20. Clock to Output Times
 21. Minimum Clock to Output Times
 22. MTBF Summary
 23. Synchronizer Summary
 24. Synchronizer Chain #1: Typical MTBF is Greater than 1 Billion Years
 25. Synchronizer Chain #2: Typical MTBF is Greater than 1 Billion Years
 26. Synchronizer Chain #3: Typical MTBF is Greater than 1 Billion Years
 27. Synchronizer Chain #4: Typical MTBF is Greater than 1 Billion Years
 28. Slow 1200mV 0C Model Fmax Summary
 29. Slow 1200mV 0C Model Setup Summary
 30. Slow 1200mV 0C Model Hold Summary
 31. Slow 1200mV 0C Model Recovery Summary
 32. Slow 1200mV 0C Model Removal Summary
 33. Slow 1200mV 0C Model Minimum Pulse Width Summary
 34. Slow 1200mV 0C Model Setup: 'altera_reserved_tck'
 35. Slow 1200mV 0C Model Hold: 'altera_reserved_tck'
 36. Slow 1200mV 0C Model Recovery: 'altera_reserved_tck'
 37. Slow 1200mV 0C Model Removal: 'altera_reserved_tck'
 38. Slow 1200mV 0C Model Minimum Pulse Width: 'altera_reserved_tck'
 39. Setup Times
 40. Hold Times
 41. Clock to Output Times
 42. Minimum Clock to Output Times
 43. MTBF Summary
 44. Synchronizer Summary
 45. Synchronizer Chain #1: Typical MTBF is Greater than 1 Billion Years
 46. Synchronizer Chain #2: Typical MTBF is Greater than 1 Billion Years
 47. Synchronizer Chain #3: Typical MTBF is Greater than 1 Billion Years
 48. Synchronizer Chain #4: Typical MTBF is Greater than 1 Billion Years
 49. Fast 1200mV 0C Model Setup Summary
 50. Fast 1200mV 0C Model Hold Summary
 51. Fast 1200mV 0C Model Recovery Summary
 52. Fast 1200mV 0C Model Removal Summary
 53. Fast 1200mV 0C Model Minimum Pulse Width Summary
 54. Fast 1200mV 0C Model Setup: 'altera_reserved_tck'
 55. Fast 1200mV 0C Model Hold: 'altera_reserved_tck'
 56. Fast 1200mV 0C Model Recovery: 'altera_reserved_tck'
 57. Fast 1200mV 0C Model Removal: 'altera_reserved_tck'
 58. Fast 1200mV 0C Model Minimum Pulse Width: 'altera_reserved_tck'
 59. Setup Times
 60. Hold Times
 61. Clock to Output Times
 62. Minimum Clock to Output Times
 63. MTBF Summary
 64. Synchronizer Summary
 65. Synchronizer Chain #1: Typical MTBF is Greater than 1 Billion Years
 66. Synchronizer Chain #2: Typical MTBF is Greater than 1 Billion Years
 67. Synchronizer Chain #3: Typical MTBF is Greater than 1 Billion Years
 68. Synchronizer Chain #4: Typical MTBF is Greater than 1 Billion Years
 69. Multicorner Timing Analysis Summary
 70. Setup Times
 71. Hold Times
 72. Clock to Output Times
 73. Minimum Clock to Output Times
 74. Board Trace Model Assignments
 75. Input Transition Times
 76. Signal Integrity Metrics (Slow 1200mv 0c Model)
 77. Signal Integrity Metrics (Slow 1200mv 85c Model)
 78. Signal Integrity Metrics (Fast 1200mv 0c Model)
 79. Setup Transfers
 80. Hold Transfers
 81. Recovery Transfers
 82. Removal Transfers
 83. Report TCCS
 84. Report RSKM
 85. Unconstrained Paths
 86. TimeQuest Timing Analyzer Messages



----------------
; Legal Notice ;
----------------
Copyright (C) 1991-2013 Altera Corporation
Your use of Altera Corporation's design tools, logic functions 
and other software and tools, and its AMPP partner logic 
functions, and any output files from any of the foregoing 
(including device programming or simulation files), and any 
associated documentation or information are expressly subject 
to the terms and conditions of the Altera Program License 
Subscription Agreement, Altera MegaCore Function License 
Agreement, or other applicable license agreement, including, 
without limitation, that your use is for the sole purpose of 
programming logic devices manufactured by Altera and sold by 
Altera or its authorized distributors.  Please refer to the 
applicable agreement for further details.



+-------------------------------------------------------------------------+
; TimeQuest Timing Analyzer Summary                                       ;
+--------------------+----------------------------------------------------+
; Quartus II Version ; Version 13.1.0 Build 162 10/23/2013 SJ Web Edition ;
; Revision Name      ; TopLevel                                           ;
; Device Family      ; Cyclone IV E                                       ;
; Device Name        ; EP4CE115F29C7                                      ;
; Timing Models      ; Final                                              ;
; Delay Model        ; Combined                                           ;
; Rise/Fall Delays   ; Enabled                                            ;
+--------------------+----------------------------------------------------+


Parallel compilation was disabled, but you have multiple processors available. Enable parallel compilation to reduce compilation time.
+-------------------------------------+
; Parallel Compilation                ;
+----------------------------+--------+
; Processors                 ; Number ;
+----------------------------+--------+
; Number detected on machine ; 12     ;
; Maximum allowed            ; 1      ;
+----------------------------+--------+


+--------------------------------------------------------------------------------------------+
; SDC File List                                                                              ;
+--------------------------------------------------------+--------+--------------------------+
; SDC File Path                                          ; Status ; Read at                  ;
+--------------------------------------------------------+--------+--------------------------+
; MPSoC/synthesis/submodules/altera_reset_controller.sdc ; OK     ; Mon Jan 26 08:40:03 2026 ;
; MPSoC/synthesis/submodules/MPSoC_cpu0.sdc              ; OK     ; Mon Jan 26 08:40:03 2026 ;
; MPSoC/synthesis/submodules/MPSoC_cpu1.sdc              ; OK     ; Mon Jan 26 08:40:03 2026 ;
+--------------------------------------------------------+--------+--------------------------+


+-----------------------------------------------------------------------------------------------------------------------------------------------------------------------------------------------------------+
; Clocks                                                                                                                                                                                                    ;
+---------------------+------+---------+-----------+-------+--------+------------+-----------+-------------+-------+--------+-----------+------------+----------+--------+--------+-------------------------+
; Clock Name          ; Type ; Period  ; Frequency ; Rise  ; Fall   ; Duty Cycle ; Divide by ; Multiply by ; Phase ; Offset ; Edge List ; Edge Shift ; Inverted ; Master ; Source ; Targets                 ;
+---------------------+------+---------+-----------+-------+--------+------------+-----------+-------------+-------+--------+-----------+------------+----------+--------+--------+-------------------------+
; altera_reserved_tck ; Base ; 100.000 ; 10.0 MHz  ; 0.000 ; 50.000 ;            ;           ;             ;       ;        ;           ;            ;          ;        ;        ; { altera_reserved_tck } ;
+---------------------+------+---------+-----------+-------+--------+------------+-----------+-------------+-------+--------+-----------+------------+----------+--------+--------+-------------------------+


+-----------------------------------------------------------+
; Slow 1200mV 85C Model Fmax Summary                        ;
+------------+-----------------+---------------------+------+
; Fmax       ; Restricted Fmax ; Clock Name          ; Note ;
+------------+-----------------+---------------------+------+
; 103.82 MHz ; 103.82 MHz      ; altera_reserved_tck ;      ;
+------------+-----------------+---------------------+------+
This panel reports FMAX for every clock in the design, regardless of the user-specified clock periods.  FMAX is only computed for paths where the source and destination registers or ports are driven by the same clock.  Paths of different clocks, including generated clocks, are ignored.  For paths between a clock and its inversion, FMAX is computed as if the rising and falling edges are scaled along with FMAX, such that the duty cycle (in terms of a percentage) is maintained. Altera recommends that you always use clock constraints and other slack reports for sign-off analysis.


----------------------------------
; Timing Closure Recommendations ;
----------------------------------
HTML report is unavailable in plain text report export.


+----------------------------------------------+
; Slow 1200mV 85C Model Setup Summary          ;
+---------------------+--------+---------------+
; Clock               ; Slack  ; End Point TNS ;
+---------------------+--------+---------------+
; altera_reserved_tck ; 45.184 ; 0.000         ;
+---------------------+--------+---------------+


+---------------------------------------------+
; Slow 1200mV 85C Model Hold Summary          ;
+---------------------+-------+---------------+
; Clock               ; Slack ; End Point TNS ;
+---------------------+-------+---------------+
; altera_reserved_tck ; 0.404 ; 0.000         ;
+---------------------+-------+---------------+


+----------------------------------------------+
; Slow 1200mV 85C Model Recovery Summary       ;
+---------------------+--------+---------------+
; Clock               ; Slack  ; End Point TNS ;
+---------------------+--------+---------------+
; altera_reserved_tck ; 45.396 ; 0.000         ;
+---------------------+--------+---------------+


+---------------------------------------------+
; Slow 1200mV 85C Model Removal Summary       ;
+---------------------+-------+---------------+
; Clock               ; Slack ; End Point TNS ;
+---------------------+-------+---------------+
; altera_reserved_tck ; 1.219 ; 0.000         ;
+---------------------+-------+---------------+


+---------------------------------------------------+
; Slow 1200mV 85C Model Minimum Pulse Width Summary ;
+---------------------+--------+--------------------+
; Clock               ; Slack  ; End Point TNS      ;
+---------------------+--------+--------------------+
; altera_reserved_tck ; 49.632 ; 0.000              ;
+---------------------+--------+--------------------+


+--------------------------------------------------------------------------------------------------------------------------------------------------------------------------------------------------------------------------------------------------------------------------------------------------------------------------------------------------------------------------------------------------------------------------------------------------------------------------------------------------------------------------------------------------------------------------+
; Slow 1200mV 85C Model Setup: 'altera_reserved_tck'                                                                                                                                                                                                                                                                                                                                                                                                                                                                                                                       ;
+--------+-------------------------------------------------------------------------------------------------------------------------------------------------------------------------------------------------------------------------------------+--------------------------------------------------------------------------------------------------------------------------------------------------------------------------------------------------------------------------------------+---------------------+---------------------+--------------+------------+------------+
; Slack  ; From Node                                                                                                                                                                                                                           ; To Node                                                                                                                                                                                                                              ; Launch Clock        ; Latch Clock         ; Relationship ; Clock Skew ; Data Delay ;
+--------+-------------------------------------------------------------------------------------------------------------------------------------------------------------------------------------------------------------------------------------+--------------------------------------------------------------------------------------------------------------------------------------------------------------------------------------------------------------------------------------+---------------------+---------------------+--------------+------------+------------+
; 45.184 ; MPSoC:inst1|MPSoC_cpu0:cpu0|MPSoC_cpu0_nios2_oci:the_MPSoC_cpu0_nios2_oci|MPSoC_cpu0_jtag_debug_module_wrapper:the_MPSoC_cpu0_jtag_debug_module_wrapper|MPSoC_cpu0_jtag_debug_module_tck:the_MPSoC_cpu0_jtag_debug_module_tck|sr[0] ; sld_hub:auto_hub|sld_jtag_hub:\jtag_hub_gen:sld_jtag_hub_inst|tdo                                                                                                                                                                    ; altera_reserved_tck ; altera_reserved_tck ; 50.000       ; 0.038      ; 4.872      ;
; 45.307 ; sld_hub:auto_hub|sld_jtag_hub:\jtag_hub_gen:sld_jtag_hub_inst|sld_rom_sr:hub_info_reg|WORD_SR[0]                                                                                                                                    ; sld_hub:auto_hub|sld_jtag_hub:\jtag_hub_gen:sld_jtag_hub_inst|tdo                                                                                                                                                                    ; altera_reserved_tck ; altera_reserved_tck ; 50.000       ; 0.080      ; 4.791      ;
; 45.311 ; sld_hub:auto_hub|sld_jtag_hub:\jtag_hub_gen:sld_jtag_hub_inst|hub_minor_ver_reg[0]                                                                                                                                                  ; sld_hub:auto_hub|sld_jtag_hub:\jtag_hub_gen:sld_jtag_hub_inst|tdo                                                                                                                                                                    ; altera_reserved_tck ; altera_reserved_tck ; 50.000       ; 0.095      ; 4.802      ;
; 45.338 ; sld_hub:auto_hub|sld_jtag_hub:\jtag_hub_gen:sld_jtag_hub_inst|irsr_reg[2]                                                                                                                                                           ; sld_hub:auto_hub|sld_jtag_hub:\jtag_hub_gen:sld_jtag_hub_inst|tdo                                                                                                                                                                    ; altera_reserved_tck ; altera_reserved_tck ; 50.000       ; 0.093      ; 4.773      ;
; 45.344 ; sld_hub:auto_hub|sld_jtag_hub:\jtag_hub_gen:sld_jtag_hub_inst|irsr_reg[8]                                                                                                                                                           ; sld_hub:auto_hub|sld_jtag_hub:\jtag_hub_gen:sld_jtag_hub_inst|tdo                                                                                                                                                                    ; altera_reserved_tck ; altera_reserved_tck ; 50.000       ; 0.088      ; 4.762      ;
; 45.395 ; sld_hub:auto_hub|sld_jtag_hub:\jtag_hub_gen:sld_jtag_hub_inst|irsr_reg[7]                                                                                                                                                           ; sld_hub:auto_hub|sld_jtag_hub:\jtag_hub_gen:sld_jtag_hub_inst|tdo                                                                                                                                                                    ; altera_reserved_tck ; altera_reserved_tck ; 50.000       ; 0.088      ; 4.711      ;
; 45.433 ; sld_hub:auto_hub|sld_jtag_hub:\jtag_hub_gen:sld_jtag_hub_inst|irsr_reg[0]                                                                                                                                                           ; sld_hub:auto_hub|sld_jtag_hub:\jtag_hub_gen:sld_jtag_hub_inst|tdo                                                                                                                                                                    ; altera_reserved_tck ; altera_reserved_tck ; 50.000       ; 0.093      ; 4.678      ;
; 45.873 ; sld_hub:auto_hub|sld_jtag_hub:\jtag_hub_gen:sld_jtag_hub_inst|irsr_reg[6]                                                                                                                                                           ; sld_hub:auto_hub|sld_jtag_hub:\jtag_hub_gen:sld_jtag_hub_inst|tdo                                                                                                                                                                    ; altera_reserved_tck ; altera_reserved_tck ; 50.000       ; 0.088      ; 4.233      ;
; 46.282 ; sld_hub:auto_hub|sld_jtag_hub:\jtag_hub_gen:sld_jtag_hub_inst|irsr_reg[1]                                                                                                                                                           ; sld_hub:auto_hub|sld_jtag_hub:\jtag_hub_gen:sld_jtag_hub_inst|tdo                                                                                                                                                                    ; altera_reserved_tck ; altera_reserved_tck ; 50.000       ; 0.093      ; 3.829      ;
; 46.695 ; sld_hub:auto_hub|sld_jtag_hub:\jtag_hub_gen:sld_jtag_hub_inst|sld_shadow_jsm:shadow_jsm|state[3]                                                                                                                                    ; sld_hub:auto_hub|sld_jtag_hub:\jtag_hub_gen:sld_jtag_hub_inst|tdo                                                                                                                                                                    ; altera_reserved_tck ; altera_reserved_tck ; 50.000       ; 0.074      ; 3.397      ;
; 46.697 ; sld_hub:auto_hub|sld_jtag_hub:\jtag_hub_gen:sld_jtag_hub_inst|tdo_bypass_reg                                                                                                                                                        ; sld_hub:auto_hub|sld_jtag_hub:\jtag_hub_gen:sld_jtag_hub_inst|tdo                                                                                                                                                                    ; altera_reserved_tck ; altera_reserved_tck ; 50.000       ; 0.095      ; 3.416      ;
; 46.875 ; sld_hub:auto_hub|sld_jtag_hub:\jtag_hub_gen:sld_jtag_hub_inst|virtual_ir_scan_reg                                                                                                                                                   ; sld_hub:auto_hub|sld_jtag_hub:\jtag_hub_gen:sld_jtag_hub_inst|tdo                                                                                                                                                                    ; altera_reserved_tck ; altera_reserved_tck ; 50.000       ; 0.075      ; 3.218      ;
; 47.083 ; sld_hub:auto_hub|sld_jtag_hub:\jtag_hub_gen:sld_jtag_hub_inst|design_hash_reg[0]                                                                                                                                                    ; sld_hub:auto_hub|sld_jtag_hub:\jtag_hub_gen:sld_jtag_hub_inst|tdo                                                                                                                                                                    ; altera_reserved_tck ; altera_reserved_tck ; 50.000       ; 0.087      ; 3.022      ;
; 47.224 ; MPSoC:inst1|MPSoC_cpu1:cpu1|MPSoC_cpu1_nios2_oci:the_MPSoC_cpu1_nios2_oci|MPSoC_cpu1_jtag_debug_module_wrapper:the_MPSoC_cpu1_jtag_debug_module_wrapper|MPSoC_cpu1_jtag_debug_module_tck:the_MPSoC_cpu1_jtag_debug_module_tck|sr[0] ; sld_hub:auto_hub|sld_jtag_hub:\jtag_hub_gen:sld_jtag_hub_inst|tdo                                                                                                                                                                    ; altera_reserved_tck ; altera_reserved_tck ; 50.000       ; 0.084      ; 2.878      ;
; 47.312 ; sld_hub:auto_hub|sld_jtag_hub:\jtag_hub_gen:sld_jtag_hub_inst|irf_reg[3][0]                                                                                                                                                         ; MPSoC:inst1|MPSoC_jtag0:jtag0|alt_jtag_atlantic:MPSoC_jtag0_alt_jtag_atlantic|jupdate                                                                                                                                                ; altera_reserved_tck ; altera_reserved_tck ; 50.000       ; 0.113      ; 2.819      ;
; 47.680 ; sld_hub:auto_hub|sld_jtag_hub:\jtag_hub_gen:sld_jtag_hub_inst|node_ena[3]~reg0                                                                                                                                                      ; MPSoC:inst1|MPSoC_jtag0:jtag0|alt_jtag_atlantic:MPSoC_jtag0_alt_jtag_atlantic|jupdate                                                                                                                                                ; altera_reserved_tck ; altera_reserved_tck ; 50.000       ; 0.104      ; 2.442      ;
; 47.692 ; sld_hub:auto_hub|sld_jtag_hub:\jtag_hub_gen:sld_jtag_hub_inst|sld_shadow_jsm:shadow_jsm|state[4]                                                                                                                                    ; sld_hub:auto_hub|sld_jtag_hub:\jtag_hub_gen:sld_jtag_hub_inst|tdo                                                                                                                                                                    ; altera_reserved_tck ; altera_reserved_tck ; 50.000       ; 0.095      ; 2.421      ;
; 47.760 ; sld_hub:auto_hub|sld_jtag_hub:\jtag_hub_gen:sld_jtag_hub_inst|virtual_ir_scan_reg                                                                                                                                                   ; MPSoC:inst1|MPSoC_jtag0:jtag1|alt_jtag_atlantic:MPSoC_jtag0_alt_jtag_atlantic|jupdate                                                                                                                                                ; altera_reserved_tck ; altera_reserved_tck ; 50.000       ; 0.062      ; 2.320      ;
; 47.786 ; sld_hub:auto_hub|sld_jtag_hub:\jtag_hub_gen:sld_jtag_hub_inst|virtual_ir_scan_reg                                                                                                                                                   ; MPSoC:inst1|MPSoC_jtag0:jtag0|alt_jtag_atlantic:MPSoC_jtag0_alt_jtag_atlantic|jupdate                                                                                                                                                ; altera_reserved_tck ; altera_reserved_tck ; 50.000       ; 0.092      ; 2.324      ;
; 48.145 ; sld_hub:auto_hub|sld_jtag_hub:\jtag_hub_gen:sld_jtag_hub_inst|sld_shadow_jsm:shadow_jsm|state[8]                                                                                                                                    ; MPSoC:inst1|MPSoC_jtag0:jtag0|alt_jtag_atlantic:MPSoC_jtag0_alt_jtag_atlantic|jupdate                                                                                                                                                ; altera_reserved_tck ; altera_reserved_tck ; 50.000       ; 0.091      ; 1.964      ;
; 48.207 ; sld_hub:auto_hub|sld_jtag_hub:\jtag_hub_gen:sld_jtag_hub_inst|sld_shadow_jsm:shadow_jsm|state[8]                                                                                                                                    ; MPSoC:inst1|MPSoC_jtag0:jtag1|alt_jtag_atlantic:MPSoC_jtag0_alt_jtag_atlantic|jupdate                                                                                                                                                ; altera_reserved_tck ; altera_reserved_tck ; 50.000       ; 0.061      ; 1.872      ;
; 48.259 ; sld_hub:auto_hub|sld_jtag_hub:\jtag_hub_gen:sld_jtag_hub_inst|irf_reg[4][0]                                                                                                                                                         ; MPSoC:inst1|MPSoC_jtag0:jtag1|alt_jtag_atlantic:MPSoC_jtag0_alt_jtag_atlantic|jupdate                                                                                                                                                ; altera_reserved_tck ; altera_reserved_tck ; 50.000       ; 0.074      ; 1.833      ;
; 48.372 ; sld_hub:auto_hub|sld_jtag_hub:\jtag_hub_gen:sld_jtag_hub_inst|node_ena[4]~reg0                                                                                                                                                      ; MPSoC:inst1|MPSoC_jtag0:jtag1|alt_jtag_atlantic:MPSoC_jtag0_alt_jtag_atlantic|jupdate                                                                                                                                                ; altera_reserved_tck ; altera_reserved_tck ; 50.000       ; 0.074      ; 1.720      ;
; 48.777 ; MPSoC:inst1|MPSoC_jtag0:jtag0|alt_jtag_atlantic:MPSoC_jtag0_alt_jtag_atlantic|td_shift[0]                                                                                                                                           ; MPSoC:inst1|MPSoC_jtag0:jtag0|alt_jtag_atlantic:MPSoC_jtag0_alt_jtag_atlantic|tdo~reg0                                                                                                                                               ; altera_reserved_tck ; altera_reserved_tck ; 50.000       ; 0.070      ; 1.311      ;
; 49.120 ; MPSoC:inst1|MPSoC_jtag0:jtag1|alt_jtag_atlantic:MPSoC_jtag0_alt_jtag_atlantic|td_shift[0]                                                                                                                                           ; MPSoC:inst1|MPSoC_jtag0:jtag1|alt_jtag_atlantic:MPSoC_jtag0_alt_jtag_atlantic|tdo~reg0                                                                                                                                               ; altera_reserved_tck ; altera_reserved_tck ; 50.000       ; 0.080      ; 0.978      ;
; 93.467 ; sld_hub:auto_hub|sld_jtag_hub:\jtag_hub_gen:sld_jtag_hub_inst|virtual_ir_scan_reg                                                                                                                                                   ; MPSoC:inst1|MPSoC_cpu1:cpu1|MPSoC_cpu1_nios2_oci:the_MPSoC_cpu1_nios2_oci|MPSoC_cpu1_jtag_debug_module_wrapper:the_MPSoC_cpu1_jtag_debug_module_wrapper|MPSoC_cpu1_jtag_debug_module_tck:the_MPSoC_cpu1_jtag_debug_module_tck|sr[24] ; altera_reserved_tck ; altera_reserved_tck ; 100.000      ; -0.106     ; 6.445      ;
; 93.467 ; sld_hub:auto_hub|sld_jtag_hub:\jtag_hub_gen:sld_jtag_hub_inst|virtual_ir_scan_reg                                                                                                                                                   ; MPSoC:inst1|MPSoC_cpu1:cpu1|MPSoC_cpu1_nios2_oci:the_MPSoC_cpu1_nios2_oci|MPSoC_cpu1_jtag_debug_module_wrapper:the_MPSoC_cpu1_jtag_debug_module_wrapper|MPSoC_cpu1_jtag_debug_module_tck:the_MPSoC_cpu1_jtag_debug_module_tck|sr[29] ; altera_reserved_tck ; altera_reserved_tck ; 100.000      ; -0.106     ; 6.445      ;
; 93.532 ; sld_hub:auto_hub|sld_jtag_hub:\jtag_hub_gen:sld_jtag_hub_inst|virtual_ir_scan_reg                                                                                                                                                   ; MPSoC:inst1|MPSoC_cpu1:cpu1|MPSoC_cpu1_nios2_oci:the_MPSoC_cpu1_nios2_oci|MPSoC_cpu1_jtag_debug_module_wrapper:the_MPSoC_cpu1_jtag_debug_module_wrapper|MPSoC_cpu1_jtag_debug_module_tck:the_MPSoC_cpu1_jtag_debug_module_tck|sr[25] ; altera_reserved_tck ; altera_reserved_tck ; 100.000      ; -0.106     ; 6.380      ;
; 93.532 ; sld_hub:auto_hub|sld_jtag_hub:\jtag_hub_gen:sld_jtag_hub_inst|virtual_ir_scan_reg                                                                                                                                                   ; MPSoC:inst1|MPSoC_cpu1:cpu1|MPSoC_cpu1_nios2_oci:the_MPSoC_cpu1_nios2_oci|MPSoC_cpu1_jtag_debug_module_wrapper:the_MPSoC_cpu1_jtag_debug_module_wrapper|MPSoC_cpu1_jtag_debug_module_tck:the_MPSoC_cpu1_jtag_debug_module_tck|sr[27] ; altera_reserved_tck ; altera_reserved_tck ; 100.000      ; -0.106     ; 6.380      ;
; 93.532 ; sld_hub:auto_hub|sld_jtag_hub:\jtag_hub_gen:sld_jtag_hub_inst|virtual_ir_scan_reg                                                                                                                                                   ; MPSoC:inst1|MPSoC_cpu1:cpu1|MPSoC_cpu1_nios2_oci:the_MPSoC_cpu1_nios2_oci|MPSoC_cpu1_jtag_debug_module_wrapper:the_MPSoC_cpu1_jtag_debug_module_wrapper|MPSoC_cpu1_jtag_debug_module_tck:the_MPSoC_cpu1_jtag_debug_module_tck|sr[32] ; altera_reserved_tck ; altera_reserved_tck ; 100.000      ; -0.106     ; 6.380      ;
; 93.533 ; sld_hub:auto_hub|sld_jtag_hub:\jtag_hub_gen:sld_jtag_hub_inst|virtual_ir_scan_reg                                                                                                                                                   ; MPSoC:inst1|MPSoC_cpu1:cpu1|MPSoC_cpu1_nios2_oci:the_MPSoC_cpu1_nios2_oci|MPSoC_cpu1_jtag_debug_module_wrapper:the_MPSoC_cpu1_jtag_debug_module_wrapper|MPSoC_cpu1_jtag_debug_module_tck:the_MPSoC_cpu1_jtag_debug_module_tck|sr[26] ; altera_reserved_tck ; altera_reserved_tck ; 100.000      ; -0.106     ; 6.379      ;
; 93.647 ; sld_hub:auto_hub|sld_jtag_hub:\jtag_hub_gen:sld_jtag_hub_inst|virtual_ir_scan_reg                                                                                                                                                   ; MPSoC:inst1|MPSoC_cpu1:cpu1|MPSoC_cpu1_nios2_oci:the_MPSoC_cpu1_nios2_oci|MPSoC_cpu1_jtag_debug_module_wrapper:the_MPSoC_cpu1_jtag_debug_module_wrapper|MPSoC_cpu1_jtag_debug_module_tck:the_MPSoC_cpu1_jtag_debug_module_tck|sr[30] ; altera_reserved_tck ; altera_reserved_tck ; 100.000      ; -0.106     ; 6.265      ;
; 93.647 ; sld_hub:auto_hub|sld_jtag_hub:\jtag_hub_gen:sld_jtag_hub_inst|virtual_ir_scan_reg                                                                                                                                                   ; MPSoC:inst1|MPSoC_cpu1:cpu1|MPSoC_cpu1_nios2_oci:the_MPSoC_cpu1_nios2_oci|MPSoC_cpu1_jtag_debug_module_wrapper:the_MPSoC_cpu1_jtag_debug_module_wrapper|MPSoC_cpu1_jtag_debug_module_tck:the_MPSoC_cpu1_jtag_debug_module_tck|sr[28] ; altera_reserved_tck ; altera_reserved_tck ; 100.000      ; -0.106     ; 6.265      ;
; 93.939 ; sld_hub:auto_hub|sld_jtag_hub:\jtag_hub_gen:sld_jtag_hub_inst|virtual_ir_scan_reg                                                                                                                                                   ; MPSoC:inst1|MPSoC_cpu1:cpu1|MPSoC_cpu1_nios2_oci:the_MPSoC_cpu1_nios2_oci|MPSoC_cpu1_jtag_debug_module_wrapper:the_MPSoC_cpu1_jtag_debug_module_wrapper|MPSoC_cpu1_jtag_debug_module_tck:the_MPSoC_cpu1_jtag_debug_module_tck|sr[20] ; altera_reserved_tck ; altera_reserved_tck ; 100.000      ; -0.118     ; 5.961      ;
; 93.939 ; sld_hub:auto_hub|sld_jtag_hub:\jtag_hub_gen:sld_jtag_hub_inst|virtual_ir_scan_reg                                                                                                                                                   ; MPSoC:inst1|MPSoC_cpu1:cpu1|MPSoC_cpu1_nios2_oci:the_MPSoC_cpu1_nios2_oci|MPSoC_cpu1_jtag_debug_module_wrapper:the_MPSoC_cpu1_jtag_debug_module_wrapper|MPSoC_cpu1_jtag_debug_module_tck:the_MPSoC_cpu1_jtag_debug_module_tck|sr[17] ; altera_reserved_tck ; altera_reserved_tck ; 100.000      ; -0.118     ; 5.961      ;
; 93.939 ; sld_hub:auto_hub|sld_jtag_hub:\jtag_hub_gen:sld_jtag_hub_inst|virtual_ir_scan_reg                                                                                                                                                   ; MPSoC:inst1|MPSoC_cpu1:cpu1|MPSoC_cpu1_nios2_oci:the_MPSoC_cpu1_nios2_oci|MPSoC_cpu1_jtag_debug_module_wrapper:the_MPSoC_cpu1_jtag_debug_module_wrapper|MPSoC_cpu1_jtag_debug_module_tck:the_MPSoC_cpu1_jtag_debug_module_tck|sr[18] ; altera_reserved_tck ; altera_reserved_tck ; 100.000      ; -0.118     ; 5.961      ;
; 93.939 ; sld_hub:auto_hub|sld_jtag_hub:\jtag_hub_gen:sld_jtag_hub_inst|virtual_ir_scan_reg                                                                                                                                                   ; MPSoC:inst1|MPSoC_cpu1:cpu1|MPSoC_cpu1_nios2_oci:the_MPSoC_cpu1_nios2_oci|MPSoC_cpu1_jtag_debug_module_wrapper:the_MPSoC_cpu1_jtag_debug_module_wrapper|MPSoC_cpu1_jtag_debug_module_tck:the_MPSoC_cpu1_jtag_debug_module_tck|sr[19] ; altera_reserved_tck ; altera_reserved_tck ; 100.000      ; -0.118     ; 5.961      ;
; 93.939 ; sld_hub:auto_hub|sld_jtag_hub:\jtag_hub_gen:sld_jtag_hub_inst|virtual_ir_scan_reg                                                                                                                                                   ; MPSoC:inst1|MPSoC_cpu1:cpu1|MPSoC_cpu1_nios2_oci:the_MPSoC_cpu1_nios2_oci|MPSoC_cpu1_jtag_debug_module_wrapper:the_MPSoC_cpu1_jtag_debug_module_wrapper|MPSoC_cpu1_jtag_debug_module_tck:the_MPSoC_cpu1_jtag_debug_module_tck|sr[16] ; altera_reserved_tck ; altera_reserved_tck ; 100.000      ; -0.118     ; 5.961      ;
; 93.979 ; sld_hub:auto_hub|sld_jtag_hub:\jtag_hub_gen:sld_jtag_hub_inst|virtual_ir_scan_reg                                                                                                                                                   ; MPSoC:inst1|MPSoC_cpu1:cpu1|MPSoC_cpu1_nios2_oci:the_MPSoC_cpu1_nios2_oci|MPSoC_cpu1_jtag_debug_module_wrapper:the_MPSoC_cpu1_jtag_debug_module_wrapper|MPSoC_cpu1_jtag_debug_module_tck:the_MPSoC_cpu1_jtag_debug_module_tck|sr[23] ; altera_reserved_tck ; altera_reserved_tck ; 100.000      ; -0.113     ; 5.926      ;
; 93.979 ; sld_hub:auto_hub|sld_jtag_hub:\jtag_hub_gen:sld_jtag_hub_inst|virtual_ir_scan_reg                                                                                                                                                   ; MPSoC:inst1|MPSoC_cpu1:cpu1|MPSoC_cpu1_nios2_oci:the_MPSoC_cpu1_nios2_oci|MPSoC_cpu1_jtag_debug_module_wrapper:the_MPSoC_cpu1_jtag_debug_module_wrapper|MPSoC_cpu1_jtag_debug_module_tck:the_MPSoC_cpu1_jtag_debug_module_tck|sr[22] ; altera_reserved_tck ; altera_reserved_tck ; 100.000      ; -0.113     ; 5.926      ;
; 93.979 ; sld_hub:auto_hub|sld_jtag_hub:\jtag_hub_gen:sld_jtag_hub_inst|virtual_ir_scan_reg                                                                                                                                                   ; MPSoC:inst1|MPSoC_cpu1:cpu1|MPSoC_cpu1_nios2_oci:the_MPSoC_cpu1_nios2_oci|MPSoC_cpu1_jtag_debug_module_wrapper:the_MPSoC_cpu1_jtag_debug_module_wrapper|MPSoC_cpu1_jtag_debug_module_tck:the_MPSoC_cpu1_jtag_debug_module_tck|sr[21] ; altera_reserved_tck ; altera_reserved_tck ; 100.000      ; -0.113     ; 5.926      ;
; 93.979 ; sld_hub:auto_hub|sld_jtag_hub:\jtag_hub_gen:sld_jtag_hub_inst|virtual_ir_scan_reg                                                                                                                                                   ; MPSoC:inst1|MPSoC_cpu1:cpu1|MPSoC_cpu1_nios2_oci:the_MPSoC_cpu1_nios2_oci|MPSoC_cpu1_jtag_debug_module_wrapper:the_MPSoC_cpu1_jtag_debug_module_wrapper|MPSoC_cpu1_jtag_debug_module_tck:the_MPSoC_cpu1_jtag_debug_module_tck|sr[34] ; altera_reserved_tck ; altera_reserved_tck ; 100.000      ; -0.113     ; 5.926      ;
; 93.979 ; sld_hub:auto_hub|sld_jtag_hub:\jtag_hub_gen:sld_jtag_hub_inst|virtual_ir_scan_reg                                                                                                                                                   ; MPSoC:inst1|MPSoC_cpu1:cpu1|MPSoC_cpu1_nios2_oci:the_MPSoC_cpu1_nios2_oci|MPSoC_cpu1_jtag_debug_module_wrapper:the_MPSoC_cpu1_jtag_debug_module_wrapper|MPSoC_cpu1_jtag_debug_module_tck:the_MPSoC_cpu1_jtag_debug_module_tck|sr[33] ; altera_reserved_tck ; altera_reserved_tck ; 100.000      ; -0.113     ; 5.926      ;
; 94.173 ; sld_hub:auto_hub|sld_jtag_hub:\jtag_hub_gen:sld_jtag_hub_inst|virtual_ir_scan_reg                                                                                                                                                   ; MPSoC:inst1|MPSoC_cpu0:cpu0|MPSoC_cpu0_nios2_oci:the_MPSoC_cpu0_nios2_oci|MPSoC_cpu0_jtag_debug_module_wrapper:the_MPSoC_cpu0_jtag_debug_module_wrapper|MPSoC_cpu0_jtag_debug_module_tck:the_MPSoC_cpu0_jtag_debug_module_tck|sr[17] ; altera_reserved_tck ; altera_reserved_tck ; 100.000      ; -0.110     ; 5.735      ;
; 94.173 ; sld_hub:auto_hub|sld_jtag_hub:\jtag_hub_gen:sld_jtag_hub_inst|virtual_ir_scan_reg                                                                                                                                                   ; MPSoC:inst1|MPSoC_cpu0:cpu0|MPSoC_cpu0_nios2_oci:the_MPSoC_cpu0_nios2_oci|MPSoC_cpu0_jtag_debug_module_wrapper:the_MPSoC_cpu0_jtag_debug_module_wrapper|MPSoC_cpu0_jtag_debug_module_tck:the_MPSoC_cpu0_jtag_debug_module_tck|sr[18] ; altera_reserved_tck ; altera_reserved_tck ; 100.000      ; -0.110     ; 5.735      ;
; 94.173 ; sld_hub:auto_hub|sld_jtag_hub:\jtag_hub_gen:sld_jtag_hub_inst|virtual_ir_scan_reg                                                                                                                                                   ; MPSoC:inst1|MPSoC_cpu0:cpu0|MPSoC_cpu0_nios2_oci:the_MPSoC_cpu0_nios2_oci|MPSoC_cpu0_jtag_debug_module_wrapper:the_MPSoC_cpu0_jtag_debug_module_wrapper|MPSoC_cpu0_jtag_debug_module_tck:the_MPSoC_cpu0_jtag_debug_module_tck|sr[19] ; altera_reserved_tck ; altera_reserved_tck ; 100.000      ; -0.110     ; 5.735      ;
; 94.173 ; sld_hub:auto_hub|sld_jtag_hub:\jtag_hub_gen:sld_jtag_hub_inst|virtual_ir_scan_reg                                                                                                                                                   ; MPSoC:inst1|MPSoC_cpu0:cpu0|MPSoC_cpu0_nios2_oci:the_MPSoC_cpu0_nios2_oci|MPSoC_cpu0_jtag_debug_module_wrapper:the_MPSoC_cpu0_jtag_debug_module_wrapper|MPSoC_cpu0_jtag_debug_module_tck:the_MPSoC_cpu0_jtag_debug_module_tck|sr[20] ; altera_reserved_tck ; altera_reserved_tck ; 100.000      ; -0.110     ; 5.735      ;
; 94.173 ; sld_hub:auto_hub|sld_jtag_hub:\jtag_hub_gen:sld_jtag_hub_inst|virtual_ir_scan_reg                                                                                                                                                   ; MPSoC:inst1|MPSoC_cpu0:cpu0|MPSoC_cpu0_nios2_oci:the_MPSoC_cpu0_nios2_oci|MPSoC_cpu0_jtag_debug_module_wrapper:the_MPSoC_cpu0_jtag_debug_module_wrapper|MPSoC_cpu0_jtag_debug_module_tck:the_MPSoC_cpu0_jtag_debug_module_tck|sr[21] ; altera_reserved_tck ; altera_reserved_tck ; 100.000      ; -0.110     ; 5.735      ;
; 94.173 ; sld_hub:auto_hub|sld_jtag_hub:\jtag_hub_gen:sld_jtag_hub_inst|virtual_ir_scan_reg                                                                                                                                                   ; MPSoC:inst1|MPSoC_cpu0:cpu0|MPSoC_cpu0_nios2_oci:the_MPSoC_cpu0_nios2_oci|MPSoC_cpu0_jtag_debug_module_wrapper:the_MPSoC_cpu0_jtag_debug_module_wrapper|MPSoC_cpu0_jtag_debug_module_tck:the_MPSoC_cpu0_jtag_debug_module_tck|sr[16] ; altera_reserved_tck ; altera_reserved_tck ; 100.000      ; -0.110     ; 5.735      ;
; 94.221 ; sld_hub:auto_hub|sld_jtag_hub:\jtag_hub_gen:sld_jtag_hub_inst|sld_shadow_jsm:shadow_jsm|state[4]                                                                                                                                    ; MPSoC:inst1|MPSoC_cpu1:cpu1|MPSoC_cpu1_nios2_oci:the_MPSoC_cpu1_nios2_oci|MPSoC_cpu1_jtag_debug_module_wrapper:the_MPSoC_cpu1_jtag_debug_module_wrapper|MPSoC_cpu1_jtag_debug_module_tck:the_MPSoC_cpu1_jtag_debug_module_tck|sr[24] ; altera_reserved_tck ; altera_reserved_tck ; 100.000      ; -0.086     ; 5.711      ;
; 94.221 ; sld_hub:auto_hub|sld_jtag_hub:\jtag_hub_gen:sld_jtag_hub_inst|sld_shadow_jsm:shadow_jsm|state[4]                                                                                                                                    ; MPSoC:inst1|MPSoC_cpu1:cpu1|MPSoC_cpu1_nios2_oci:the_MPSoC_cpu1_nios2_oci|MPSoC_cpu1_jtag_debug_module_wrapper:the_MPSoC_cpu1_jtag_debug_module_wrapper|MPSoC_cpu1_jtag_debug_module_tck:the_MPSoC_cpu1_jtag_debug_module_tck|sr[29] ; altera_reserved_tck ; altera_reserved_tck ; 100.000      ; -0.086     ; 5.711      ;
; 94.286 ; sld_hub:auto_hub|sld_jtag_hub:\jtag_hub_gen:sld_jtag_hub_inst|sld_shadow_jsm:shadow_jsm|state[4]                                                                                                                                    ; MPSoC:inst1|MPSoC_cpu1:cpu1|MPSoC_cpu1_nios2_oci:the_MPSoC_cpu1_nios2_oci|MPSoC_cpu1_jtag_debug_module_wrapper:the_MPSoC_cpu1_jtag_debug_module_wrapper|MPSoC_cpu1_jtag_debug_module_tck:the_MPSoC_cpu1_jtag_debug_module_tck|sr[25] ; altera_reserved_tck ; altera_reserved_tck ; 100.000      ; -0.086     ; 5.646      ;
; 94.286 ; sld_hub:auto_hub|sld_jtag_hub:\jtag_hub_gen:sld_jtag_hub_inst|sld_shadow_jsm:shadow_jsm|state[4]                                                                                                                                    ; MPSoC:inst1|MPSoC_cpu1:cpu1|MPSoC_cpu1_nios2_oci:the_MPSoC_cpu1_nios2_oci|MPSoC_cpu1_jtag_debug_module_wrapper:the_MPSoC_cpu1_jtag_debug_module_wrapper|MPSoC_cpu1_jtag_debug_module_tck:the_MPSoC_cpu1_jtag_debug_module_tck|sr[27] ; altera_reserved_tck ; altera_reserved_tck ; 100.000      ; -0.086     ; 5.646      ;
; 94.286 ; sld_hub:auto_hub|sld_jtag_hub:\jtag_hub_gen:sld_jtag_hub_inst|sld_shadow_jsm:shadow_jsm|state[4]                                                                                                                                    ; MPSoC:inst1|MPSoC_cpu1:cpu1|MPSoC_cpu1_nios2_oci:the_MPSoC_cpu1_nios2_oci|MPSoC_cpu1_jtag_debug_module_wrapper:the_MPSoC_cpu1_jtag_debug_module_wrapper|MPSoC_cpu1_jtag_debug_module_tck:the_MPSoC_cpu1_jtag_debug_module_tck|sr[32] ; altera_reserved_tck ; altera_reserved_tck ; 100.000      ; -0.086     ; 5.646      ;
; 94.287 ; sld_hub:auto_hub|sld_jtag_hub:\jtag_hub_gen:sld_jtag_hub_inst|sld_shadow_jsm:shadow_jsm|state[4]                                                                                                                                    ; MPSoC:inst1|MPSoC_cpu1:cpu1|MPSoC_cpu1_nios2_oci:the_MPSoC_cpu1_nios2_oci|MPSoC_cpu1_jtag_debug_module_wrapper:the_MPSoC_cpu1_jtag_debug_module_wrapper|MPSoC_cpu1_jtag_debug_module_tck:the_MPSoC_cpu1_jtag_debug_module_tck|sr[26] ; altera_reserved_tck ; altera_reserved_tck ; 100.000      ; -0.086     ; 5.645      ;
; 94.401 ; sld_hub:auto_hub|sld_jtag_hub:\jtag_hub_gen:sld_jtag_hub_inst|sld_shadow_jsm:shadow_jsm|state[4]                                                                                                                                    ; MPSoC:inst1|MPSoC_cpu1:cpu1|MPSoC_cpu1_nios2_oci:the_MPSoC_cpu1_nios2_oci|MPSoC_cpu1_jtag_debug_module_wrapper:the_MPSoC_cpu1_jtag_debug_module_wrapper|MPSoC_cpu1_jtag_debug_module_tck:the_MPSoC_cpu1_jtag_debug_module_tck|sr[30] ; altera_reserved_tck ; altera_reserved_tck ; 100.000      ; -0.086     ; 5.531      ;
; 94.401 ; sld_hub:auto_hub|sld_jtag_hub:\jtag_hub_gen:sld_jtag_hub_inst|sld_shadow_jsm:shadow_jsm|state[4]                                                                                                                                    ; MPSoC:inst1|MPSoC_cpu1:cpu1|MPSoC_cpu1_nios2_oci:the_MPSoC_cpu1_nios2_oci|MPSoC_cpu1_jtag_debug_module_wrapper:the_MPSoC_cpu1_jtag_debug_module_wrapper|MPSoC_cpu1_jtag_debug_module_tck:the_MPSoC_cpu1_jtag_debug_module_tck|sr[28] ; altera_reserved_tck ; altera_reserved_tck ; 100.000      ; -0.086     ; 5.531      ;
; 94.403 ; sld_hub:auto_hub|sld_jtag_hub:\jtag_hub_gen:sld_jtag_hub_inst|virtual_ir_scan_reg                                                                                                                                                   ; MPSoC:inst1|MPSoC_cpu0:cpu0|MPSoC_cpu0_nios2_oci:the_MPSoC_cpu0_nios2_oci|MPSoC_cpu0_jtag_debug_module_wrapper:the_MPSoC_cpu0_jtag_debug_module_wrapper|MPSoC_cpu0_jtag_debug_module_tck:the_MPSoC_cpu0_jtag_debug_module_tck|sr[36] ; altera_reserved_tck ; altera_reserved_tck ; 100.000      ; -0.096     ; 5.519      ;
; 94.403 ; sld_hub:auto_hub|sld_jtag_hub:\jtag_hub_gen:sld_jtag_hub_inst|virtual_ir_scan_reg                                                                                                                                                   ; MPSoC:inst1|MPSoC_cpu0:cpu0|MPSoC_cpu0_nios2_oci:the_MPSoC_cpu0_nios2_oci|MPSoC_cpu0_jtag_debug_module_wrapper:the_MPSoC_cpu0_jtag_debug_module_wrapper|MPSoC_cpu0_jtag_debug_module_tck:the_MPSoC_cpu0_jtag_debug_module_tck|sr[37] ; altera_reserved_tck ; altera_reserved_tck ; 100.000      ; -0.096     ; 5.519      ;
; 94.407 ; sld_hub:auto_hub|sld_jtag_hub:\jtag_hub_gen:sld_jtag_hub_inst|virtual_ir_scan_reg                                                                                                                                                   ; MPSoC:inst1|MPSoC_cpu0:cpu0|MPSoC_cpu0_nios2_oci:the_MPSoC_cpu0_nios2_oci|MPSoC_cpu0_jtag_debug_module_wrapper:the_MPSoC_cpu0_jtag_debug_module_wrapper|MPSoC_cpu0_jtag_debug_module_tck:the_MPSoC_cpu0_jtag_debug_module_tck|sr[22] ; altera_reserved_tck ; altera_reserved_tck ; 100.000      ; -0.111     ; 5.500      ;
; 94.407 ; sld_hub:auto_hub|sld_jtag_hub:\jtag_hub_gen:sld_jtag_hub_inst|virtual_ir_scan_reg                                                                                                                                                   ; MPSoC:inst1|MPSoC_cpu0:cpu0|MPSoC_cpu0_nios2_oci:the_MPSoC_cpu0_nios2_oci|MPSoC_cpu0_jtag_debug_module_wrapper:the_MPSoC_cpu0_jtag_debug_module_wrapper|MPSoC_cpu0_jtag_debug_module_tck:the_MPSoC_cpu0_jtag_debug_module_tck|sr[23] ; altera_reserved_tck ; altera_reserved_tck ; 100.000      ; -0.111     ; 5.500      ;
; 94.407 ; sld_hub:auto_hub|sld_jtag_hub:\jtag_hub_gen:sld_jtag_hub_inst|virtual_ir_scan_reg                                                                                                                                                   ; MPSoC:inst1|MPSoC_cpu0:cpu0|MPSoC_cpu0_nios2_oci:the_MPSoC_cpu0_nios2_oci|MPSoC_cpu0_jtag_debug_module_wrapper:the_MPSoC_cpu0_jtag_debug_module_wrapper|MPSoC_cpu0_jtag_debug_module_tck:the_MPSoC_cpu0_jtag_debug_module_tck|sr[25] ; altera_reserved_tck ; altera_reserved_tck ; 100.000      ; -0.111     ; 5.500      ;
; 94.407 ; sld_hub:auto_hub|sld_jtag_hub:\jtag_hub_gen:sld_jtag_hub_inst|virtual_ir_scan_reg                                                                                                                                                   ; MPSoC:inst1|MPSoC_cpu0:cpu0|MPSoC_cpu0_nios2_oci:the_MPSoC_cpu0_nios2_oci|MPSoC_cpu0_jtag_debug_module_wrapper:the_MPSoC_cpu0_jtag_debug_module_wrapper|MPSoC_cpu0_jtag_debug_module_tck:the_MPSoC_cpu0_jtag_debug_module_tck|sr[24] ; altera_reserved_tck ; altera_reserved_tck ; 100.000      ; -0.111     ; 5.500      ;
; 94.407 ; sld_hub:auto_hub|sld_jtag_hub:\jtag_hub_gen:sld_jtag_hub_inst|virtual_ir_scan_reg                                                                                                                                                   ; MPSoC:inst1|MPSoC_cpu0:cpu0|MPSoC_cpu0_nios2_oci:the_MPSoC_cpu0_nios2_oci|MPSoC_cpu0_jtag_debug_module_wrapper:the_MPSoC_cpu0_jtag_debug_module_wrapper|MPSoC_cpu0_jtag_debug_module_tck:the_MPSoC_cpu0_jtag_debug_module_tck|sr[26] ; altera_reserved_tck ; altera_reserved_tck ; 100.000      ; -0.111     ; 5.500      ;
; 94.407 ; sld_hub:auto_hub|sld_jtag_hub:\jtag_hub_gen:sld_jtag_hub_inst|virtual_ir_scan_reg                                                                                                                                                   ; MPSoC:inst1|MPSoC_cpu0:cpu0|MPSoC_cpu0_nios2_oci:the_MPSoC_cpu0_nios2_oci|MPSoC_cpu0_jtag_debug_module_wrapper:the_MPSoC_cpu0_jtag_debug_module_wrapper|MPSoC_cpu0_jtag_debug_module_tck:the_MPSoC_cpu0_jtag_debug_module_tck|sr[27] ; altera_reserved_tck ; altera_reserved_tck ; 100.000      ; -0.111     ; 5.500      ;
; 94.448 ; sld_hub:auto_hub|sld_jtag_hub:\jtag_hub_gen:sld_jtag_hub_inst|virtual_ir_scan_reg                                                                                                                                                   ; MPSoC:inst1|MPSoC_cpu0:cpu0|MPSoC_cpu0_nios2_oci:the_MPSoC_cpu0_nios2_oci|MPSoC_cpu0_jtag_debug_module_wrapper:the_MPSoC_cpu0_jtag_debug_module_wrapper|MPSoC_cpu0_jtag_debug_module_tck:the_MPSoC_cpu0_jtag_debug_module_tck|sr[34] ; altera_reserved_tck ; altera_reserved_tck ; 100.000      ; -0.104     ; 5.466      ;
; 94.448 ; sld_hub:auto_hub|sld_jtag_hub:\jtag_hub_gen:sld_jtag_hub_inst|virtual_ir_scan_reg                                                                                                                                                   ; MPSoC:inst1|MPSoC_cpu0:cpu0|MPSoC_cpu0_nios2_oci:the_MPSoC_cpu0_nios2_oci|MPSoC_cpu0_jtag_debug_module_wrapper:the_MPSoC_cpu0_jtag_debug_module_wrapper|MPSoC_cpu0_jtag_debug_module_tck:the_MPSoC_cpu0_jtag_debug_module_tck|sr[28] ; altera_reserved_tck ; altera_reserved_tck ; 100.000      ; -0.104     ; 5.466      ;
; 94.448 ; sld_hub:auto_hub|sld_jtag_hub:\jtag_hub_gen:sld_jtag_hub_inst|virtual_ir_scan_reg                                                                                                                                                   ; MPSoC:inst1|MPSoC_cpu0:cpu0|MPSoC_cpu0_nios2_oci:the_MPSoC_cpu0_nios2_oci|MPSoC_cpu0_jtag_debug_module_wrapper:the_MPSoC_cpu0_jtag_debug_module_wrapper|MPSoC_cpu0_jtag_debug_module_tck:the_MPSoC_cpu0_jtag_debug_module_tck|sr[29] ; altera_reserved_tck ; altera_reserved_tck ; 100.000      ; -0.104     ; 5.466      ;
; 94.448 ; sld_hub:auto_hub|sld_jtag_hub:\jtag_hub_gen:sld_jtag_hub_inst|virtual_ir_scan_reg                                                                                                                                                   ; MPSoC:inst1|MPSoC_cpu0:cpu0|MPSoC_cpu0_nios2_oci:the_MPSoC_cpu0_nios2_oci|MPSoC_cpu0_jtag_debug_module_wrapper:the_MPSoC_cpu0_jtag_debug_module_wrapper|MPSoC_cpu0_jtag_debug_module_tck:the_MPSoC_cpu0_jtag_debug_module_tck|sr[32] ; altera_reserved_tck ; altera_reserved_tck ; 100.000      ; -0.104     ; 5.466      ;
; 94.448 ; sld_hub:auto_hub|sld_jtag_hub:\jtag_hub_gen:sld_jtag_hub_inst|virtual_ir_scan_reg                                                                                                                                                   ; MPSoC:inst1|MPSoC_cpu0:cpu0|MPSoC_cpu0_nios2_oci:the_MPSoC_cpu0_nios2_oci|MPSoC_cpu0_jtag_debug_module_wrapper:the_MPSoC_cpu0_jtag_debug_module_wrapper|MPSoC_cpu0_jtag_debug_module_tck:the_MPSoC_cpu0_jtag_debug_module_tck|sr[33] ; altera_reserved_tck ; altera_reserved_tck ; 100.000      ; -0.104     ; 5.466      ;
; 94.448 ; sld_hub:auto_hub|sld_jtag_hub:\jtag_hub_gen:sld_jtag_hub_inst|virtual_ir_scan_reg                                                                                                                                                   ; MPSoC:inst1|MPSoC_cpu0:cpu0|MPSoC_cpu0_nios2_oci:the_MPSoC_cpu0_nios2_oci|MPSoC_cpu0_jtag_debug_module_wrapper:the_MPSoC_cpu0_jtag_debug_module_wrapper|MPSoC_cpu0_jtag_debug_module_tck:the_MPSoC_cpu0_jtag_debug_module_tck|sr[30] ; altera_reserved_tck ; altera_reserved_tck ; 100.000      ; -0.104     ; 5.466      ;
; 94.510 ; sld_hub:auto_hub|sld_jtag_hub:\jtag_hub_gen:sld_jtag_hub_inst|irf_reg[1][1]                                                                                                                                                         ; MPSoC:inst1|MPSoC_cpu1:cpu1|MPSoC_cpu1_nios2_oci:the_MPSoC_cpu1_nios2_oci|MPSoC_cpu1_jtag_debug_module_wrapper:the_MPSoC_cpu1_jtag_debug_module_wrapper|MPSoC_cpu1_jtag_debug_module_tck:the_MPSoC_cpu1_jtag_debug_module_tck|sr[24] ; altera_reserved_tck ; altera_reserved_tck ; 100.000      ; -0.087     ; 5.421      ;
; 94.510 ; sld_hub:auto_hub|sld_jtag_hub:\jtag_hub_gen:sld_jtag_hub_inst|irf_reg[1][1]                                                                                                                                                         ; MPSoC:inst1|MPSoC_cpu1:cpu1|MPSoC_cpu1_nios2_oci:the_MPSoC_cpu1_nios2_oci|MPSoC_cpu1_jtag_debug_module_wrapper:the_MPSoC_cpu1_jtag_debug_module_wrapper|MPSoC_cpu1_jtag_debug_module_tck:the_MPSoC_cpu1_jtag_debug_module_tck|sr[29] ; altera_reserved_tck ; altera_reserved_tck ; 100.000      ; -0.087     ; 5.421      ;
; 94.563 ; sld_hub:auto_hub|sld_jtag_hub:\jtag_hub_gen:sld_jtag_hub_inst|irf_reg[1][1]                                                                                                                                                         ; MPSoC:inst1|MPSoC_cpu1:cpu1|MPSoC_cpu1_nios2_oci:the_MPSoC_cpu1_nios2_oci|MPSoC_cpu1_jtag_debug_module_wrapper:the_MPSoC_cpu1_jtag_debug_module_wrapper|MPSoC_cpu1_jtag_debug_module_tck:the_MPSoC_cpu1_jtag_debug_module_tck|sr[26] ; altera_reserved_tck ; altera_reserved_tck ; 100.000      ; -0.087     ; 5.368      ;
; 94.563 ; sld_hub:auto_hub|sld_jtag_hub:\jtag_hub_gen:sld_jtag_hub_inst|irf_reg[1][1]                                                                                                                                                         ; MPSoC:inst1|MPSoC_cpu1:cpu1|MPSoC_cpu1_nios2_oci:the_MPSoC_cpu1_nios2_oci|MPSoC_cpu1_jtag_debug_module_wrapper:the_MPSoC_cpu1_jtag_debug_module_wrapper|MPSoC_cpu1_jtag_debug_module_tck:the_MPSoC_cpu1_jtag_debug_module_tck|sr[25] ; altera_reserved_tck ; altera_reserved_tck ; 100.000      ; -0.087     ; 5.368      ;
; 94.563 ; sld_hub:auto_hub|sld_jtag_hub:\jtag_hub_gen:sld_jtag_hub_inst|irf_reg[1][1]                                                                                                                                                         ; MPSoC:inst1|MPSoC_cpu1:cpu1|MPSoC_cpu1_nios2_oci:the_MPSoC_cpu1_nios2_oci|MPSoC_cpu1_jtag_debug_module_wrapper:the_MPSoC_cpu1_jtag_debug_module_wrapper|MPSoC_cpu1_jtag_debug_module_tck:the_MPSoC_cpu1_jtag_debug_module_tck|sr[27] ; altera_reserved_tck ; altera_reserved_tck ; 100.000      ; -0.087     ; 5.368      ;
; 94.563 ; sld_hub:auto_hub|sld_jtag_hub:\jtag_hub_gen:sld_jtag_hub_inst|irf_reg[1][1]                                                                                                                                                         ; MPSoC:inst1|MPSoC_cpu1:cpu1|MPSoC_cpu1_nios2_oci:the_MPSoC_cpu1_nios2_oci|MPSoC_cpu1_jtag_debug_module_wrapper:the_MPSoC_cpu1_jtag_debug_module_wrapper|MPSoC_cpu1_jtag_debug_module_tck:the_MPSoC_cpu1_jtag_debug_module_tck|sr[32] ; altera_reserved_tck ; altera_reserved_tck ; 100.000      ; -0.087     ; 5.368      ;
; 94.574 ; sld_hub:auto_hub|sld_jtag_hub:\jtag_hub_gen:sld_jtag_hub_inst|node_ena[2]~reg0                                                                                                                                                      ; MPSoC:inst1|MPSoC_cpu0:cpu0|MPSoC_cpu0_nios2_oci:the_MPSoC_cpu0_nios2_oci|MPSoC_cpu0_jtag_debug_module_wrapper:the_MPSoC_cpu0_jtag_debug_module_wrapper|MPSoC_cpu0_jtag_debug_module_tck:the_MPSoC_cpu0_jtag_debug_module_tck|sr[17] ; altera_reserved_tck ; altera_reserved_tck ; 100.000      ; -0.098     ; 5.346      ;
; 94.574 ; sld_hub:auto_hub|sld_jtag_hub:\jtag_hub_gen:sld_jtag_hub_inst|node_ena[2]~reg0                                                                                                                                                      ; MPSoC:inst1|MPSoC_cpu0:cpu0|MPSoC_cpu0_nios2_oci:the_MPSoC_cpu0_nios2_oci|MPSoC_cpu0_jtag_debug_module_wrapper:the_MPSoC_cpu0_jtag_debug_module_wrapper|MPSoC_cpu0_jtag_debug_module_tck:the_MPSoC_cpu0_jtag_debug_module_tck|sr[18] ; altera_reserved_tck ; altera_reserved_tck ; 100.000      ; -0.098     ; 5.346      ;
; 94.574 ; sld_hub:auto_hub|sld_jtag_hub:\jtag_hub_gen:sld_jtag_hub_inst|node_ena[2]~reg0                                                                                                                                                      ; MPSoC:inst1|MPSoC_cpu0:cpu0|MPSoC_cpu0_nios2_oci:the_MPSoC_cpu0_nios2_oci|MPSoC_cpu0_jtag_debug_module_wrapper:the_MPSoC_cpu0_jtag_debug_module_wrapper|MPSoC_cpu0_jtag_debug_module_tck:the_MPSoC_cpu0_jtag_debug_module_tck|sr[19] ; altera_reserved_tck ; altera_reserved_tck ; 100.000      ; -0.098     ; 5.346      ;
; 94.574 ; sld_hub:auto_hub|sld_jtag_hub:\jtag_hub_gen:sld_jtag_hub_inst|node_ena[2]~reg0                                                                                                                                                      ; MPSoC:inst1|MPSoC_cpu0:cpu0|MPSoC_cpu0_nios2_oci:the_MPSoC_cpu0_nios2_oci|MPSoC_cpu0_jtag_debug_module_wrapper:the_MPSoC_cpu0_jtag_debug_module_wrapper|MPSoC_cpu0_jtag_debug_module_tck:the_MPSoC_cpu0_jtag_debug_module_tck|sr[20] ; altera_reserved_tck ; altera_reserved_tck ; 100.000      ; -0.098     ; 5.346      ;
; 94.574 ; sld_hub:auto_hub|sld_jtag_hub:\jtag_hub_gen:sld_jtag_hub_inst|node_ena[2]~reg0                                                                                                                                                      ; MPSoC:inst1|MPSoC_cpu0:cpu0|MPSoC_cpu0_nios2_oci:the_MPSoC_cpu0_nios2_oci|MPSoC_cpu0_jtag_debug_module_wrapper:the_MPSoC_cpu0_jtag_debug_module_wrapper|MPSoC_cpu0_jtag_debug_module_tck:the_MPSoC_cpu0_jtag_debug_module_tck|sr[21] ; altera_reserved_tck ; altera_reserved_tck ; 100.000      ; -0.098     ; 5.346      ;
; 94.574 ; sld_hub:auto_hub|sld_jtag_hub:\jtag_hub_gen:sld_jtag_hub_inst|node_ena[2]~reg0                                                                                                                                                      ; MPSoC:inst1|MPSoC_cpu0:cpu0|MPSoC_cpu0_nios2_oci:the_MPSoC_cpu0_nios2_oci|MPSoC_cpu0_jtag_debug_module_wrapper:the_MPSoC_cpu0_jtag_debug_module_wrapper|MPSoC_cpu0_jtag_debug_module_tck:the_MPSoC_cpu0_jtag_debug_module_tck|sr[16] ; altera_reserved_tck ; altera_reserved_tck ; 100.000      ; -0.098     ; 5.346      ;
; 94.591 ; sld_hub:auto_hub|sld_jtag_hub:\jtag_hub_gen:sld_jtag_hub_inst|sld_shadow_jsm:shadow_jsm|state[3]                                                                                                                                    ; MPSoC:inst1|MPSoC_cpu1:cpu1|MPSoC_cpu1_nios2_oci:the_MPSoC_cpu1_nios2_oci|MPSoC_cpu1_jtag_debug_module_wrapper:the_MPSoC_cpu1_jtag_debug_module_wrapper|MPSoC_cpu1_jtag_debug_module_tck:the_MPSoC_cpu1_jtag_debug_module_tck|sr[26] ; altera_reserved_tck ; altera_reserved_tck ; 100.000      ; -0.107     ; 5.320      ;
; 94.591 ; sld_hub:auto_hub|sld_jtag_hub:\jtag_hub_gen:sld_jtag_hub_inst|sld_shadow_jsm:shadow_jsm|state[3]                                                                                                                                    ; MPSoC:inst1|MPSoC_cpu1:cpu1|MPSoC_cpu1_nios2_oci:the_MPSoC_cpu1_nios2_oci|MPSoC_cpu1_jtag_debug_module_wrapper:the_MPSoC_cpu1_jtag_debug_module_wrapper|MPSoC_cpu1_jtag_debug_module_tck:the_MPSoC_cpu1_jtag_debug_module_tck|sr[25] ; altera_reserved_tck ; altera_reserved_tck ; 100.000      ; -0.107     ; 5.320      ;
; 94.591 ; sld_hub:auto_hub|sld_jtag_hub:\jtag_hub_gen:sld_jtag_hub_inst|sld_shadow_jsm:shadow_jsm|state[3]                                                                                                                                    ; MPSoC:inst1|MPSoC_cpu1:cpu1|MPSoC_cpu1_nios2_oci:the_MPSoC_cpu1_nios2_oci|MPSoC_cpu1_jtag_debug_module_wrapper:the_MPSoC_cpu1_jtag_debug_module_wrapper|MPSoC_cpu1_jtag_debug_module_tck:the_MPSoC_cpu1_jtag_debug_module_tck|sr[24] ; altera_reserved_tck ; altera_reserved_tck ; 100.000      ; -0.107     ; 5.320      ;
; 94.591 ; sld_hub:auto_hub|sld_jtag_hub:\jtag_hub_gen:sld_jtag_hub_inst|sld_shadow_jsm:shadow_jsm|state[3]                                                                                                                                    ; MPSoC:inst1|MPSoC_cpu1:cpu1|MPSoC_cpu1_nios2_oci:the_MPSoC_cpu1_nios2_oci|MPSoC_cpu1_jtag_debug_module_wrapper:the_MPSoC_cpu1_jtag_debug_module_wrapper|MPSoC_cpu1_jtag_debug_module_tck:the_MPSoC_cpu1_jtag_debug_module_tck|sr[27] ; altera_reserved_tck ; altera_reserved_tck ; 100.000      ; -0.107     ; 5.320      ;
; 94.591 ; sld_hub:auto_hub|sld_jtag_hub:\jtag_hub_gen:sld_jtag_hub_inst|sld_shadow_jsm:shadow_jsm|state[3]                                                                                                                                    ; MPSoC:inst1|MPSoC_cpu1:cpu1|MPSoC_cpu1_nios2_oci:the_MPSoC_cpu1_nios2_oci|MPSoC_cpu1_jtag_debug_module_wrapper:the_MPSoC_cpu1_jtag_debug_module_wrapper|MPSoC_cpu1_jtag_debug_module_tck:the_MPSoC_cpu1_jtag_debug_module_tck|sr[32] ; altera_reserved_tck ; altera_reserved_tck ; 100.000      ; -0.107     ; 5.320      ;
; 94.591 ; sld_hub:auto_hub|sld_jtag_hub:\jtag_hub_gen:sld_jtag_hub_inst|sld_shadow_jsm:shadow_jsm|state[3]                                                                                                                                    ; MPSoC:inst1|MPSoC_cpu1:cpu1|MPSoC_cpu1_nios2_oci:the_MPSoC_cpu1_nios2_oci|MPSoC_cpu1_jtag_debug_module_wrapper:the_MPSoC_cpu1_jtag_debug_module_wrapper|MPSoC_cpu1_jtag_debug_module_tck:the_MPSoC_cpu1_jtag_debug_module_tck|sr[30] ; altera_reserved_tck ; altera_reserved_tck ; 100.000      ; -0.107     ; 5.320      ;
; 94.591 ; sld_hub:auto_hub|sld_jtag_hub:\jtag_hub_gen:sld_jtag_hub_inst|sld_shadow_jsm:shadow_jsm|state[3]                                                                                                                                    ; MPSoC:inst1|MPSoC_cpu1:cpu1|MPSoC_cpu1_nios2_oci:the_MPSoC_cpu1_nios2_oci|MPSoC_cpu1_jtag_debug_module_wrapper:the_MPSoC_cpu1_jtag_debug_module_wrapper|MPSoC_cpu1_jtag_debug_module_tck:the_MPSoC_cpu1_jtag_debug_module_tck|sr[29] ; altera_reserved_tck ; altera_reserved_tck ; 100.000      ; -0.107     ; 5.320      ;
; 94.591 ; sld_hub:auto_hub|sld_jtag_hub:\jtag_hub_gen:sld_jtag_hub_inst|sld_shadow_jsm:shadow_jsm|state[3]                                                                                                                                    ; MPSoC:inst1|MPSoC_cpu1:cpu1|MPSoC_cpu1_nios2_oci:the_MPSoC_cpu1_nios2_oci|MPSoC_cpu1_jtag_debug_module_wrapper:the_MPSoC_cpu1_jtag_debug_module_wrapper|MPSoC_cpu1_jtag_debug_module_tck:the_MPSoC_cpu1_jtag_debug_module_tck|sr[28] ; altera_reserved_tck ; altera_reserved_tck ; 100.000      ; -0.107     ; 5.320      ;
; 94.680 ; sld_hub:auto_hub|sld_jtag_hub:\jtag_hub_gen:sld_jtag_hub_inst|node_ena[1]~reg0                                                                                                                                                      ; MPSoC:inst1|MPSoC_cpu1:cpu1|MPSoC_cpu1_nios2_oci:the_MPSoC_cpu1_nios2_oci|MPSoC_cpu1_jtag_debug_module_wrapper:the_MPSoC_cpu1_jtag_debug_module_wrapper|MPSoC_cpu1_jtag_debug_module_tck:the_MPSoC_cpu1_jtag_debug_module_tck|sr[24] ; altera_reserved_tck ; altera_reserved_tck ; 100.000      ; -0.094     ; 5.244      ;
; 94.680 ; sld_hub:auto_hub|sld_jtag_hub:\jtag_hub_gen:sld_jtag_hub_inst|node_ena[1]~reg0                                                                                                                                                      ; MPSoC:inst1|MPSoC_cpu1:cpu1|MPSoC_cpu1_nios2_oci:the_MPSoC_cpu1_nios2_oci|MPSoC_cpu1_jtag_debug_module_wrapper:the_MPSoC_cpu1_jtag_debug_module_wrapper|MPSoC_cpu1_jtag_debug_module_tck:the_MPSoC_cpu1_jtag_debug_module_tck|sr[29] ; altera_reserved_tck ; altera_reserved_tck ; 100.000      ; -0.094     ; 5.244      ;
; 94.693 ; sld_hub:auto_hub|sld_jtag_hub:\jtag_hub_gen:sld_jtag_hub_inst|irf_reg[1][1]                                                                                                                                                         ; MPSoC:inst1|MPSoC_cpu1:cpu1|MPSoC_cpu1_nios2_oci:the_MPSoC_cpu1_nios2_oci|MPSoC_cpu1_jtag_debug_module_wrapper:the_MPSoC_cpu1_jtag_debug_module_wrapper|MPSoC_cpu1_jtag_debug_module_tck:the_MPSoC_cpu1_jtag_debug_module_tck|sr[30] ; altera_reserved_tck ; altera_reserved_tck ; 100.000      ; -0.087     ; 5.238      ;
; 94.693 ; sld_hub:auto_hub|sld_jtag_hub:\jtag_hub_gen:sld_jtag_hub_inst|irf_reg[1][1]                                                                                                                                                         ; MPSoC:inst1|MPSoC_cpu1:cpu1|MPSoC_cpu1_nios2_oci:the_MPSoC_cpu1_nios2_oci|MPSoC_cpu1_jtag_debug_module_wrapper:the_MPSoC_cpu1_jtag_debug_module_wrapper|MPSoC_cpu1_jtag_debug_module_tck:the_MPSoC_cpu1_jtag_debug_module_tck|sr[28] ; altera_reserved_tck ; altera_reserved_tck ; 100.000      ; -0.087     ; 5.238      ;
; 94.693 ; sld_hub:auto_hub|sld_jtag_hub:\jtag_hub_gen:sld_jtag_hub_inst|sld_shadow_jsm:shadow_jsm|state[4]                                                                                                                                    ; MPSoC:inst1|MPSoC_cpu1:cpu1|MPSoC_cpu1_nios2_oci:the_MPSoC_cpu1_nios2_oci|MPSoC_cpu1_jtag_debug_module_wrapper:the_MPSoC_cpu1_jtag_debug_module_wrapper|MPSoC_cpu1_jtag_debug_module_tck:the_MPSoC_cpu1_jtag_debug_module_tck|sr[20] ; altera_reserved_tck ; altera_reserved_tck ; 100.000      ; -0.098     ; 5.227      ;
; 94.693 ; sld_hub:auto_hub|sld_jtag_hub:\jtag_hub_gen:sld_jtag_hub_inst|sld_shadow_jsm:shadow_jsm|state[4]                                                                                                                                    ; MPSoC:inst1|MPSoC_cpu1:cpu1|MPSoC_cpu1_nios2_oci:the_MPSoC_cpu1_nios2_oci|MPSoC_cpu1_jtag_debug_module_wrapper:the_MPSoC_cpu1_jtag_debug_module_wrapper|MPSoC_cpu1_jtag_debug_module_tck:the_MPSoC_cpu1_jtag_debug_module_tck|sr[17] ; altera_reserved_tck ; altera_reserved_tck ; 100.000      ; -0.098     ; 5.227      ;
; 94.693 ; sld_hub:auto_hub|sld_jtag_hub:\jtag_hub_gen:sld_jtag_hub_inst|sld_shadow_jsm:shadow_jsm|state[4]                                                                                                                                    ; MPSoC:inst1|MPSoC_cpu1:cpu1|MPSoC_cpu1_nios2_oci:the_MPSoC_cpu1_nios2_oci|MPSoC_cpu1_jtag_debug_module_wrapper:the_MPSoC_cpu1_jtag_debug_module_wrapper|MPSoC_cpu1_jtag_debug_module_tck:the_MPSoC_cpu1_jtag_debug_module_tck|sr[18] ; altera_reserved_tck ; altera_reserved_tck ; 100.000      ; -0.098     ; 5.227      ;
; 94.693 ; sld_hub:auto_hub|sld_jtag_hub:\jtag_hub_gen:sld_jtag_hub_inst|sld_shadow_jsm:shadow_jsm|state[4]                                                                                                                                    ; MPSoC:inst1|MPSoC_cpu1:cpu1|MPSoC_cpu1_nios2_oci:the_MPSoC_cpu1_nios2_oci|MPSoC_cpu1_jtag_debug_module_wrapper:the_MPSoC_cpu1_jtag_debug_module_wrapper|MPSoC_cpu1_jtag_debug_module_tck:the_MPSoC_cpu1_jtag_debug_module_tck|sr[19] ; altera_reserved_tck ; altera_reserved_tck ; 100.000      ; -0.098     ; 5.227      ;
; 94.693 ; sld_hub:auto_hub|sld_jtag_hub:\jtag_hub_gen:sld_jtag_hub_inst|sld_shadow_jsm:shadow_jsm|state[4]                                                                                                                                    ; MPSoC:inst1|MPSoC_cpu1:cpu1|MPSoC_cpu1_nios2_oci:the_MPSoC_cpu1_nios2_oci|MPSoC_cpu1_jtag_debug_module_wrapper:the_MPSoC_cpu1_jtag_debug_module_wrapper|MPSoC_cpu1_jtag_debug_module_tck:the_MPSoC_cpu1_jtag_debug_module_tck|sr[16] ; altera_reserved_tck ; altera_reserved_tck ; 100.000      ; -0.098     ; 5.227      ;
+--------+-------------------------------------------------------------------------------------------------------------------------------------------------------------------------------------------------------------------------------------+--------------------------------------------------------------------------------------------------------------------------------------------------------------------------------------------------------------------------------------+---------------------+---------------------+--------------+------------+------------+


+-------------------------------------------------------------------------------------------------------------------------------------------------------------------------------------------------------------------------------------------------------------------------------------------------------------------------------------------------------------------------------------------------------------------------------------------------------------------------------------------------------------------------------------------------------------------------------------------------------------------------------------------------------------------------------------+
; Slow 1200mV 85C Model Hold: 'altera_reserved_tck'                                                                                                                                                                                                                                                                                                                                                                                                                                                                                                                                                                                                                                   ;
+-------+-------------------------------------------------------------------------------------------------------------------------------------------------------------------------------------------------------------------------------------------------------------------------------------------+--------------------------------------------------------------------------------------------------------------------------------------------------------------------------------------------------------------------------------------------------------------------------------------------+---------------------+---------------------+--------------+------------+------------+
; Slack ; From Node                                                                                                                                                                                                                                                                                 ; To Node                                                                                                                                                                                                                                                                                    ; Launch Clock        ; Latch Clock         ; Relationship ; Clock Skew ; Data Delay ;
+-------+-------------------------------------------------------------------------------------------------------------------------------------------------------------------------------------------------------------------------------------------------------------------------------------------+--------------------------------------------------------------------------------------------------------------------------------------------------------------------------------------------------------------------------------------------------------------------------------------------+---------------------+---------------------+--------------+------------+------------+
; 0.404 ; sld_hub:auto_hub|sld_jtag_hub:\jtag_hub_gen:sld_jtag_hub_inst|hub_mode_reg[2]                                                                                                                                                                                                             ; sld_hub:auto_hub|sld_jtag_hub:\jtag_hub_gen:sld_jtag_hub_inst|hub_mode_reg[2]                                                                                                                                                                                                              ; altera_reserved_tck ; altera_reserved_tck ; 0.000        ; 0.079      ; 0.669      ;
; 0.404 ; MPSoC:inst1|MPSoC_jtag0:jtag0|alt_jtag_atlantic:MPSoC_jtag0_alt_jtag_atlantic|state                                                                                                                                                                                                       ; MPSoC:inst1|MPSoC_jtag0:jtag0|alt_jtag_atlantic:MPSoC_jtag0_alt_jtag_atlantic|state                                                                                                                                                                                                        ; altera_reserved_tck ; altera_reserved_tck ; 0.000        ; 0.079      ; 0.669      ;
; 0.404 ; MPSoC:inst1|MPSoC_jtag0:jtag0|alt_jtag_atlantic:MPSoC_jtag0_alt_jtag_atlantic|write_stalled                                                                                                                                                                                               ; MPSoC:inst1|MPSoC_jtag0:jtag0|alt_jtag_atlantic:MPSoC_jtag0_alt_jtag_atlantic|write_stalled                                                                                                                                                                                                ; altera_reserved_tck ; altera_reserved_tck ; 0.000        ; 0.079      ; 0.669      ;
; 0.404 ; MPSoC:inst1|MPSoC_jtag0:jtag0|alt_jtag_atlantic:MPSoC_jtag0_alt_jtag_atlantic|user_saw_rvalid                                                                                                                                                                                             ; MPSoC:inst1|MPSoC_jtag0:jtag0|alt_jtag_atlantic:MPSoC_jtag0_alt_jtag_atlantic|user_saw_rvalid                                                                                                                                                                                              ; altera_reserved_tck ; altera_reserved_tck ; 0.000        ; 0.079      ; 0.669      ;
; 0.404 ; sld_hub:auto_hub|sld_jtag_hub:\jtag_hub_gen:sld_jtag_hub_inst|sld_shadow_jsm:shadow_jsm|state[6]                                                                                                                                                                                          ; sld_hub:auto_hub|sld_jtag_hub:\jtag_hub_gen:sld_jtag_hub_inst|sld_shadow_jsm:shadow_jsm|state[6]                                                                                                                                                                                           ; altera_reserved_tck ; altera_reserved_tck ; 0.000        ; 0.079      ; 0.669      ;
; 0.404 ; sld_hub:auto_hub|sld_jtag_hub:\jtag_hub_gen:sld_jtag_hub_inst|sld_shadow_jsm:shadow_jsm|state[1]                                                                                                                                                                                          ; sld_hub:auto_hub|sld_jtag_hub:\jtag_hub_gen:sld_jtag_hub_inst|sld_shadow_jsm:shadow_jsm|state[1]                                                                                                                                                                                           ; altera_reserved_tck ; altera_reserved_tck ; 0.000        ; 0.079      ; 0.669      ;
; 0.404 ; sld_hub:auto_hub|sld_jtag_hub:\jtag_hub_gen:sld_jtag_hub_inst|sld_shadow_jsm:shadow_jsm|state[13]                                                                                                                                                                                         ; sld_hub:auto_hub|sld_jtag_hub:\jtag_hub_gen:sld_jtag_hub_inst|sld_shadow_jsm:shadow_jsm|state[13]                                                                                                                                                                                          ; altera_reserved_tck ; altera_reserved_tck ; 0.000        ; 0.079      ; 0.669      ;
; 0.404 ; sld_hub:auto_hub|sld_jtag_hub:\jtag_hub_gen:sld_jtag_hub_inst|sld_shadow_jsm:shadow_jsm|state[11]                                                                                                                                                                                         ; sld_hub:auto_hub|sld_jtag_hub:\jtag_hub_gen:sld_jtag_hub_inst|sld_shadow_jsm:shadow_jsm|state[11]                                                                                                                                                                                          ; altera_reserved_tck ; altera_reserved_tck ; 0.000        ; 0.079      ; 0.669      ;
; 0.404 ; MPSoC:inst1|MPSoC_cpu0:cpu0|MPSoC_cpu0_nios2_oci:the_MPSoC_cpu0_nios2_oci|MPSoC_cpu0_jtag_debug_module_wrapper:the_MPSoC_cpu0_jtag_debug_module_wrapper|MPSoC_cpu0_jtag_debug_module_tck:the_MPSoC_cpu0_jtag_debug_module_tck|sr[7]                                                       ; MPSoC:inst1|MPSoC_cpu0:cpu0|MPSoC_cpu0_nios2_oci:the_MPSoC_cpu0_nios2_oci|MPSoC_cpu0_jtag_debug_module_wrapper:the_MPSoC_cpu0_jtag_debug_module_wrapper|MPSoC_cpu0_jtag_debug_module_tck:the_MPSoC_cpu0_jtag_debug_module_tck|sr[7]                                                        ; altera_reserved_tck ; altera_reserved_tck ; 0.000        ; 0.079      ; 0.669      ;
; 0.405 ; sld_hub:auto_hub|sld_jtag_hub:\jtag_hub_gen:sld_jtag_hub_inst|tdo_bypass_reg                                                                                                                                                                                                              ; sld_hub:auto_hub|sld_jtag_hub:\jtag_hub_gen:sld_jtag_hub_inst|tdo_bypass_reg                                                                                                                                                                                                               ; altera_reserved_tck ; altera_reserved_tck ; 0.000        ; 0.078      ; 0.669      ;
; 0.405 ; sld_hub:auto_hub|sld_jtag_hub:\jtag_hub_gen:sld_jtag_hub_inst|hub_mode_reg[1]                                                                                                                                                                                                             ; sld_hub:auto_hub|sld_jtag_hub:\jtag_hub_gen:sld_jtag_hub_inst|hub_mode_reg[1]                                                                                                                                                                                                              ; altera_reserved_tck ; altera_reserved_tck ; 0.000        ; 0.078      ; 0.669      ;
; 0.405 ; sld_hub:auto_hub|sld_jtag_hub:\jtag_hub_gen:sld_jtag_hub_inst|hub_mode_reg[0]                                                                                                                                                                                                             ; sld_hub:auto_hub|sld_jtag_hub:\jtag_hub_gen:sld_jtag_hub_inst|hub_mode_reg[0]                                                                                                                                                                                                              ; altera_reserved_tck ; altera_reserved_tck ; 0.000        ; 0.078      ; 0.669      ;
; 0.405 ; MPSoC:inst1|MPSoC_jtag0:jtag1|alt_jtag_atlantic:MPSoC_jtag0_alt_jtag_atlantic|state                                                                                                                                                                                                       ; MPSoC:inst1|MPSoC_jtag0:jtag1|alt_jtag_atlantic:MPSoC_jtag0_alt_jtag_atlantic|state                                                                                                                                                                                                        ; altera_reserved_tck ; altera_reserved_tck ; 0.000        ; 0.078      ; 0.669      ;
; 0.405 ; MPSoC:inst1|MPSoC_jtag0:jtag1|alt_jtag_atlantic:MPSoC_jtag0_alt_jtag_atlantic|user_saw_rvalid                                                                                                                                                                                             ; MPSoC:inst1|MPSoC_jtag0:jtag1|alt_jtag_atlantic:MPSoC_jtag0_alt_jtag_atlantic|user_saw_rvalid                                                                                                                                                                                              ; altera_reserved_tck ; altera_reserved_tck ; 0.000        ; 0.078      ; 0.669      ;
; 0.405 ; sld_hub:auto_hub|sld_jtag_hub:\jtag_hub_gen:sld_jtag_hub_inst|sld_shadow_jsm:shadow_jsm|state[4]                                                                                                                                                                                          ; sld_hub:auto_hub|sld_jtag_hub:\jtag_hub_gen:sld_jtag_hub_inst|sld_shadow_jsm:shadow_jsm|state[4]                                                                                                                                                                                           ; altera_reserved_tck ; altera_reserved_tck ; 0.000        ; 0.078      ; 0.669      ;
; 0.405 ; sld_hub:auto_hub|sld_jtag_hub:\jtag_hub_gen:sld_jtag_hub_inst|sld_shadow_jsm:shadow_jsm|state[0]                                                                                                                                                                                          ; sld_hub:auto_hub|sld_jtag_hub:\jtag_hub_gen:sld_jtag_hub_inst|sld_shadow_jsm:shadow_jsm|state[0]                                                                                                                                                                                           ; altera_reserved_tck ; altera_reserved_tck ; 0.000        ; 0.078      ; 0.669      ;
; 0.405 ; sld_hub:auto_hub|sld_jtag_hub:\jtag_hub_gen:sld_jtag_hub_inst|sld_shadow_jsm:shadow_jsm|tms_cnt[2]                                                                                                                                                                                        ; sld_hub:auto_hub|sld_jtag_hub:\jtag_hub_gen:sld_jtag_hub_inst|sld_shadow_jsm:shadow_jsm|tms_cnt[2]                                                                                                                                                                                         ; altera_reserved_tck ; altera_reserved_tck ; 0.000        ; 0.078      ; 0.669      ;
; 0.405 ; sld_hub:auto_hub|sld_jtag_hub:\jtag_hub_gen:sld_jtag_hub_inst|sld_shadow_jsm:shadow_jsm|tms_cnt[1]                                                                                                                                                                                        ; sld_hub:auto_hub|sld_jtag_hub:\jtag_hub_gen:sld_jtag_hub_inst|sld_shadow_jsm:shadow_jsm|tms_cnt[1]                                                                                                                                                                                         ; altera_reserved_tck ; altera_reserved_tck ; 0.000        ; 0.078      ; 0.669      ;
; 0.405 ; MPSoC:inst1|MPSoC_cpu1:cpu1|MPSoC_cpu1_nios2_oci:the_MPSoC_cpu1_nios2_oci|MPSoC_cpu1_jtag_debug_module_wrapper:the_MPSoC_cpu1_jtag_debug_module_wrapper|MPSoC_cpu1_jtag_debug_module_tck:the_MPSoC_cpu1_jtag_debug_module_tck|sr[7]                                                       ; MPSoC:inst1|MPSoC_cpu1:cpu1|MPSoC_cpu1_nios2_oci:the_MPSoC_cpu1_nios2_oci|MPSoC_cpu1_jtag_debug_module_wrapper:the_MPSoC_cpu1_jtag_debug_module_wrapper|MPSoC_cpu1_jtag_debug_module_tck:the_MPSoC_cpu1_jtag_debug_module_tck|sr[7]                                                        ; altera_reserved_tck ; altera_reserved_tck ; 0.000        ; 0.078      ; 0.669      ;
; 0.405 ; MPSoC:inst1|MPSoC_cpu1:cpu1|MPSoC_cpu1_nios2_oci:the_MPSoC_cpu1_nios2_oci|MPSoC_cpu1_jtag_debug_module_wrapper:the_MPSoC_cpu1_jtag_debug_module_wrapper|MPSoC_cpu1_jtag_debug_module_tck:the_MPSoC_cpu1_jtag_debug_module_tck|sr[31]                                                      ; MPSoC:inst1|MPSoC_cpu1:cpu1|MPSoC_cpu1_nios2_oci:the_MPSoC_cpu1_nios2_oci|MPSoC_cpu1_jtag_debug_module_wrapper:the_MPSoC_cpu1_jtag_debug_module_wrapper|MPSoC_cpu1_jtag_debug_module_tck:the_MPSoC_cpu1_jtag_debug_module_tck|sr[31]                                                       ; altera_reserved_tck ; altera_reserved_tck ; 0.000        ; 0.078      ; 0.669      ;
; 0.405 ; MPSoC:inst1|MPSoC_cpu0:cpu0|MPSoC_cpu0_nios2_oci:the_MPSoC_cpu0_nios2_oci|MPSoC_cpu0_jtag_debug_module_wrapper:the_MPSoC_cpu0_jtag_debug_module_wrapper|MPSoC_cpu0_jtag_debug_module_tck:the_MPSoC_cpu0_jtag_debug_module_tck|sr[31]                                                      ; MPSoC:inst1|MPSoC_cpu0:cpu0|MPSoC_cpu0_nios2_oci:the_MPSoC_cpu0_nios2_oci|MPSoC_cpu0_jtag_debug_module_wrapper:the_MPSoC_cpu0_jtag_debug_module_wrapper|MPSoC_cpu0_jtag_debug_module_tck:the_MPSoC_cpu0_jtag_debug_module_tck|sr[31]                                                       ; altera_reserved_tck ; altera_reserved_tck ; 0.000        ; 0.078      ; 0.669      ;
; 0.406 ; MPSoC:inst1|MPSoC_jtag0:jtag1|alt_jtag_atlantic:MPSoC_jtag0_alt_jtag_atlantic|write_stalled                                                                                                                                                                                               ; MPSoC:inst1|MPSoC_jtag0:jtag1|alt_jtag_atlantic:MPSoC_jtag0_alt_jtag_atlantic|write_stalled                                                                                                                                                                                                ; altera_reserved_tck ; altera_reserved_tck ; 0.000        ; 0.077      ; 0.669      ;
; 0.407 ; MPSoC:inst1|MPSoC_jtag0:jtag0|alt_jtag_atlantic:MPSoC_jtag0_alt_jtag_atlantic|jupdate                                                                                                                                                                                                     ; MPSoC:inst1|MPSoC_jtag0:jtag0|alt_jtag_atlantic:MPSoC_jtag0_alt_jtag_atlantic|jupdate                                                                                                                                                                                                      ; altera_reserved_tck ; altera_reserved_tck ; 0.000        ; 0.076      ; 0.669      ;
; 0.408 ; MPSoC:inst1|MPSoC_jtag0:jtag0|alt_jtag_atlantic:MPSoC_jtag0_alt_jtag_atlantic|write                                                                                                                                                                                                       ; MPSoC:inst1|MPSoC_jtag0:jtag0|alt_jtag_atlantic:MPSoC_jtag0_alt_jtag_atlantic|write                                                                                                                                                                                                        ; altera_reserved_tck ; altera_reserved_tck ; 0.000        ; 0.080      ; 0.674      ;
; 0.409 ; MPSoC:inst1|MPSoC_jtag0:jtag0|alt_jtag_atlantic:MPSoC_jtag0_alt_jtag_atlantic|read                                                                                                                                                                                                        ; MPSoC:inst1|MPSoC_jtag0:jtag0|alt_jtag_atlantic:MPSoC_jtag0_alt_jtag_atlantic|read                                                                                                                                                                                                         ; altera_reserved_tck ; altera_reserved_tck ; 0.000        ; 0.079      ; 0.674      ;
; 0.409 ; MPSoC:inst1|MPSoC_jtag0:jtag1|alt_jtag_atlantic:MPSoC_jtag0_alt_jtag_atlantic|jupdate                                                                                                                                                                                                     ; MPSoC:inst1|MPSoC_jtag0:jtag1|alt_jtag_atlantic:MPSoC_jtag0_alt_jtag_atlantic|jupdate                                                                                                                                                                                                      ; altera_reserved_tck ; altera_reserved_tck ; 0.000        ; 0.074      ; 0.669      ;
; 0.410 ; MPSoC:inst1|MPSoC_jtag0:jtag1|alt_jtag_atlantic:MPSoC_jtag0_alt_jtag_atlantic|write                                                                                                                                                                                                       ; MPSoC:inst1|MPSoC_jtag0:jtag1|alt_jtag_atlantic:MPSoC_jtag0_alt_jtag_atlantic|write                                                                                                                                                                                                        ; altera_reserved_tck ; altera_reserved_tck ; 0.000        ; 0.078      ; 0.674      ;
; 0.410 ; sld_hub:auto_hub|sld_jtag_hub:\jtag_hub_gen:sld_jtag_hub_inst|sld_shadow_jsm:shadow_jsm|tms_cnt[0]                                                                                                                                                                                        ; sld_hub:auto_hub|sld_jtag_hub:\jtag_hub_gen:sld_jtag_hub_inst|sld_shadow_jsm:shadow_jsm|tms_cnt[0]                                                                                                                                                                                         ; altera_reserved_tck ; altera_reserved_tck ; 0.000        ; 0.078      ; 0.674      ;
; 0.411 ; MPSoC:inst1|MPSoC_jtag0:jtag1|alt_jtag_atlantic:MPSoC_jtag0_alt_jtag_atlantic|read                                                                                                                                                                                                        ; MPSoC:inst1|MPSoC_jtag0:jtag1|alt_jtag_atlantic:MPSoC_jtag0_alt_jtag_atlantic|read                                                                                                                                                                                                         ; altera_reserved_tck ; altera_reserved_tck ; 0.000        ; 0.077      ; 0.674      ;
; 0.422 ; sld_hub:auto_hub|sld_jtag_hub:\jtag_hub_gen:sld_jtag_hub_inst|reset_ena_reg                                                                                                                                                                                                               ; sld_hub:auto_hub|sld_jtag_hub:\jtag_hub_gen:sld_jtag_hub_inst|hub_mode_reg[2]                                                                                                                                                                                                              ; altera_reserved_tck ; altera_reserved_tck ; 0.000        ; 0.079      ; 0.687      ;
; 0.423 ; sld_hub:auto_hub|sld_jtag_hub:\jtag_hub_gen:sld_jtag_hub_inst|sld_shadow_jsm:shadow_jsm|tms_cnt[2]                                                                                                                                                                                        ; sld_hub:auto_hub|sld_jtag_hub:\jtag_hub_gen:sld_jtag_hub_inst|sld_shadow_jsm:shadow_jsm|state[0]                                                                                                                                                                                           ; altera_reserved_tck ; altera_reserved_tck ; 0.000        ; 0.078      ; 0.687      ;
; 0.423 ; sld_hub:auto_hub|sld_jtag_hub:\jtag_hub_gen:sld_jtag_hub_inst|sld_shadow_jsm:shadow_jsm|tms_cnt[1]                                                                                                                                                                                        ; sld_hub:auto_hub|sld_jtag_hub:\jtag_hub_gen:sld_jtag_hub_inst|sld_shadow_jsm:shadow_jsm|tms_cnt[2]                                                                                                                                                                                         ; altera_reserved_tck ; altera_reserved_tck ; 0.000        ; 0.078      ; 0.687      ;
; 0.430 ; MPSoC:inst1|MPSoC_jtag0:jtag0|alt_jtag_atlantic:MPSoC_jtag0_alt_jtag_atlantic|count[5]                                                                                                                                                                                                    ; MPSoC:inst1|MPSoC_jtag0:jtag0|alt_jtag_atlantic:MPSoC_jtag0_alt_jtag_atlantic|count[6]                                                                                                                                                                                                     ; altera_reserved_tck ; altera_reserved_tck ; 0.000        ; 0.079      ; 0.695      ;
; 0.430 ; MPSoC:inst1|MPSoC_cpu1:cpu1|MPSoC_cpu1_nios2_oci:the_MPSoC_cpu1_nios2_oci|MPSoC_cpu1_jtag_debug_module_wrapper:the_MPSoC_cpu1_jtag_debug_module_wrapper|MPSoC_cpu1_jtag_debug_module_tck:the_MPSoC_cpu1_jtag_debug_module_tck|altera_std_synchronizer:the_altera_std_synchronizer2|din_s1 ; MPSoC:inst1|MPSoC_cpu1:cpu1|MPSoC_cpu1_nios2_oci:the_MPSoC_cpu1_nios2_oci|MPSoC_cpu1_jtag_debug_module_wrapper:the_MPSoC_cpu1_jtag_debug_module_wrapper|MPSoC_cpu1_jtag_debug_module_tck:the_MPSoC_cpu1_jtag_debug_module_tck|altera_std_synchronizer:the_altera_std_synchronizer2|dreg[0] ; altera_reserved_tck ; altera_reserved_tck ; 0.000        ; 0.078      ; 0.694      ;
; 0.430 ; sld_hub:auto_hub|sld_jtag_hub:\jtag_hub_gen:sld_jtag_hub_inst|sld_shadow_jsm:shadow_jsm|tms_cnt[0]                                                                                                                                                                                        ; sld_hub:auto_hub|sld_jtag_hub:\jtag_hub_gen:sld_jtag_hub_inst|sld_shadow_jsm:shadow_jsm|tms_cnt[1]                                                                                                                                                                                         ; altera_reserved_tck ; altera_reserved_tck ; 0.000        ; 0.078      ; 0.694      ;
; 0.431 ; sld_hub:auto_hub|sld_jtag_hub:\jtag_hub_gen:sld_jtag_hub_inst|shadow_irf_reg[2][2]                                                                                                                                                                                                        ; sld_hub:auto_hub|sld_jtag_hub:\jtag_hub_gen:sld_jtag_hub_inst|irf_reg[2][2]                                                                                                                                                                                                                ; altera_reserved_tck ; altera_reserved_tck ; 0.000        ; 0.078      ; 0.695      ;
; 0.431 ; sld_hub:auto_hub|sld_jtag_hub:\jtag_hub_gen:sld_jtag_hub_inst|irf_reg[1][3]                                                                                                                                                                                                               ; sld_hub:auto_hub|sld_jtag_hub:\jtag_hub_gen:sld_jtag_hub_inst|shadow_irf_reg[1][3]                                                                                                                                                                                                         ; altera_reserved_tck ; altera_reserved_tck ; 0.000        ; 0.078      ; 0.695      ;
; 0.431 ; sld_hub:auto_hub|sld_jtag_hub:\jtag_hub_gen:sld_jtag_hub_inst|shadow_irf_reg[2][1]                                                                                                                                                                                                        ; sld_hub:auto_hub|sld_jtag_hub:\jtag_hub_gen:sld_jtag_hub_inst|irf_reg[2][1]                                                                                                                                                                                                                ; altera_reserved_tck ; altera_reserved_tck ; 0.000        ; 0.078      ; 0.695      ;
; 0.431 ; MPSoC:inst1|MPSoC_jtag0:jtag0|alt_jtag_atlantic:MPSoC_jtag0_alt_jtag_atlantic|count[3]                                                                                                                                                                                                    ; MPSoC:inst1|MPSoC_jtag0:jtag0|alt_jtag_atlantic:MPSoC_jtag0_alt_jtag_atlantic|count[4]                                                                                                                                                                                                     ; altera_reserved_tck ; altera_reserved_tck ; 0.000        ; 0.079      ; 0.696      ;
; 0.431 ; MPSoC:inst1|MPSoC_jtag0:jtag0|alt_jtag_atlantic:MPSoC_jtag0_alt_jtag_atlantic|count[6]                                                                                                                                                                                                    ; MPSoC:inst1|MPSoC_jtag0:jtag0|alt_jtag_atlantic:MPSoC_jtag0_alt_jtag_atlantic|count[7]                                                                                                                                                                                                     ; altera_reserved_tck ; altera_reserved_tck ; 0.000        ; 0.079      ; 0.696      ;
; 0.431 ; sld_hub:auto_hub|sld_jtag_hub:\jtag_hub_gen:sld_jtag_hub_inst|hub_mode_reg[2]                                                                                                                                                                                                             ; sld_hub:auto_hub|sld_jtag_hub:\jtag_hub_gen:sld_jtag_hub_inst|clr_reg                                                                                                                                                                                                                      ; altera_reserved_tck ; altera_reserved_tck ; 0.000        ; 0.079      ; 0.696      ;
; 0.431 ; sld_hub:auto_hub|sld_jtag_hub:\jtag_hub_gen:sld_jtag_hub_inst|sld_shadow_jsm:shadow_jsm|state[13]                                                                                                                                                                                         ; sld_hub:auto_hub|sld_jtag_hub:\jtag_hub_gen:sld_jtag_hub_inst|sld_shadow_jsm:shadow_jsm|state[14]                                                                                                                                                                                          ; altera_reserved_tck ; altera_reserved_tck ; 0.000        ; 0.079      ; 0.696      ;
; 0.432 ; sld_hub:auto_hub|sld_jtag_hub:\jtag_hub_gen:sld_jtag_hub_inst|irf_reg[4][4]                                                                                                                                                                                                               ; sld_hub:auto_hub|sld_jtag_hub:\jtag_hub_gen:sld_jtag_hub_inst|shadow_irf_reg[4][4]                                                                                                                                                                                                         ; altera_reserved_tck ; altera_reserved_tck ; 0.000        ; 0.078      ; 0.696      ;
; 0.432 ; sld_hub:auto_hub|sld_jtag_hub:\jtag_hub_gen:sld_jtag_hub_inst|irf_reg[4][3]                                                                                                                                                                                                               ; sld_hub:auto_hub|sld_jtag_hub:\jtag_hub_gen:sld_jtag_hub_inst|shadow_irf_reg[4][3]                                                                                                                                                                                                         ; altera_reserved_tck ; altera_reserved_tck ; 0.000        ; 0.078      ; 0.696      ;
; 0.432 ; sld_hub:auto_hub|sld_jtag_hub:\jtag_hub_gen:sld_jtag_hub_inst|irf_reg[2][5]                                                                                                                                                                                                               ; sld_hub:auto_hub|sld_jtag_hub:\jtag_hub_gen:sld_jtag_hub_inst|shadow_irf_reg[2][5]                                                                                                                                                                                                         ; altera_reserved_tck ; altera_reserved_tck ; 0.000        ; 0.078      ; 0.696      ;
; 0.432 ; sld_hub:auto_hub|sld_jtag_hub:\jtag_hub_gen:sld_jtag_hub_inst|irf_reg[2][2]                                                                                                                                                                                                               ; sld_hub:auto_hub|sld_jtag_hub:\jtag_hub_gen:sld_jtag_hub_inst|shadow_irf_reg[2][2]                                                                                                                                                                                                         ; altera_reserved_tck ; altera_reserved_tck ; 0.000        ; 0.078      ; 0.696      ;
; 0.432 ; sld_hub:auto_hub|sld_jtag_hub:\jtag_hub_gen:sld_jtag_hub_inst|identity_contrib_shift_reg[0]                                                                                                                                                                                               ; sld_hub:auto_hub|sld_jtag_hub:\jtag_hub_gen:sld_jtag_hub_inst|identity_contrib_update_reg[0]                                                                                                                                                                                               ; altera_reserved_tck ; altera_reserved_tck ; 0.000        ; 0.078      ; 0.696      ;
; 0.432 ; sld_hub:auto_hub|sld_jtag_hub:\jtag_hub_gen:sld_jtag_hub_inst|shadow_irf_reg[2][0]                                                                                                                                                                                                        ; sld_hub:auto_hub|sld_jtag_hub:\jtag_hub_gen:sld_jtag_hub_inst|irf_reg[2][0]                                                                                                                                                                                                                ; altera_reserved_tck ; altera_reserved_tck ; 0.000        ; 0.078      ; 0.696      ;
; 0.432 ; sld_hub:auto_hub|sld_jtag_hub:\jtag_hub_gen:sld_jtag_hub_inst|shadow_irf_reg[1][0]                                                                                                                                                                                                        ; sld_hub:auto_hub|sld_jtag_hub:\jtag_hub_gen:sld_jtag_hub_inst|irf_reg[1][0]                                                                                                                                                                                                                ; altera_reserved_tck ; altera_reserved_tck ; 0.000        ; 0.078      ; 0.696      ;
; 0.432 ; MPSoC:inst1|MPSoC_jtag0:jtag0|alt_jtag_atlantic:MPSoC_jtag0_alt_jtag_atlantic|count[4]                                                                                                                                                                                                    ; MPSoC:inst1|MPSoC_jtag0:jtag0|alt_jtag_atlantic:MPSoC_jtag0_alt_jtag_atlantic|count[5]                                                                                                                                                                                                     ; altera_reserved_tck ; altera_reserved_tck ; 0.000        ; 0.079      ; 0.697      ;
; 0.432 ; MPSoC:inst1|MPSoC_jtag0:jtag1|alt_jtag_atlantic:MPSoC_jtag0_alt_jtag_atlantic|count[2]                                                                                                                                                                                                    ; MPSoC:inst1|MPSoC_jtag0:jtag1|alt_jtag_atlantic:MPSoC_jtag0_alt_jtag_atlantic|count[3]                                                                                                                                                                                                     ; altera_reserved_tck ; altera_reserved_tck ; 0.000        ; 0.078      ; 0.696      ;
; 0.432 ; MPSoC:inst1|MPSoC_jtag0:jtag1|alt_jtag_atlantic:MPSoC_jtag0_alt_jtag_atlantic|count[3]                                                                                                                                                                                                    ; MPSoC:inst1|MPSoC_jtag0:jtag1|alt_jtag_atlantic:MPSoC_jtag0_alt_jtag_atlantic|count[4]                                                                                                                                                                                                     ; altera_reserved_tck ; altera_reserved_tck ; 0.000        ; 0.078      ; 0.696      ;
; 0.432 ; MPSoC:inst1|MPSoC_jtag0:jtag1|alt_jtag_atlantic:MPSoC_jtag0_alt_jtag_atlantic|count[5]                                                                                                                                                                                                    ; MPSoC:inst1|MPSoC_jtag0:jtag1|alt_jtag_atlantic:MPSoC_jtag0_alt_jtag_atlantic|count[6]                                                                                                                                                                                                     ; altera_reserved_tck ; altera_reserved_tck ; 0.000        ; 0.078      ; 0.696      ;
; 0.432 ; MPSoC:inst1|MPSoC_jtag0:jtag1|alt_jtag_atlantic:MPSoC_jtag0_alt_jtag_atlantic|count[6]                                                                                                                                                                                                    ; MPSoC:inst1|MPSoC_jtag0:jtag1|alt_jtag_atlantic:MPSoC_jtag0_alt_jtag_atlantic|count[7]                                                                                                                                                                                                     ; altera_reserved_tck ; altera_reserved_tck ; 0.000        ; 0.078      ; 0.696      ;
; 0.432 ; MPSoC:inst1|MPSoC_cpu0:cpu0|MPSoC_cpu0_nios2_oci:the_MPSoC_cpu0_nios2_oci|MPSoC_cpu0_jtag_debug_module_wrapper:the_MPSoC_cpu0_jtag_debug_module_wrapper|MPSoC_cpu0_jtag_debug_module_tck:the_MPSoC_cpu0_jtag_debug_module_tck|altera_std_synchronizer:the_altera_std_synchronizer1|din_s1 ; MPSoC:inst1|MPSoC_cpu0:cpu0|MPSoC_cpu0_nios2_oci:the_MPSoC_cpu0_nios2_oci|MPSoC_cpu0_jtag_debug_module_wrapper:the_MPSoC_cpu0_jtag_debug_module_wrapper|MPSoC_cpu0_jtag_debug_module_tck:the_MPSoC_cpu0_jtag_debug_module_tck|altera_std_synchronizer:the_altera_std_synchronizer1|dreg[0] ; altera_reserved_tck ; altera_reserved_tck ; 0.000        ; 0.079      ; 0.697      ;
; 0.433 ; sld_hub:auto_hub|sld_jtag_hub:\jtag_hub_gen:sld_jtag_hub_inst|shadow_irf_reg[4][4]                                                                                                                                                                                                        ; sld_hub:auto_hub|sld_jtag_hub:\jtag_hub_gen:sld_jtag_hub_inst|irf_reg[4][4]                                                                                                                                                                                                                ; altera_reserved_tck ; altera_reserved_tck ; 0.000        ; 0.078      ; 0.697      ;
; 0.433 ; sld_hub:auto_hub|sld_jtag_hub:\jtag_hub_gen:sld_jtag_hub_inst|shadow_irf_reg[4][3]                                                                                                                                                                                                        ; sld_hub:auto_hub|sld_jtag_hub:\jtag_hub_gen:sld_jtag_hub_inst|irf_reg[4][3]                                                                                                                                                                                                                ; altera_reserved_tck ; altera_reserved_tck ; 0.000        ; 0.078      ; 0.697      ;
; 0.433 ; sld_hub:auto_hub|sld_jtag_hub:\jtag_hub_gen:sld_jtag_hub_inst|irf_reg[4][2]                                                                                                                                                                                                               ; sld_hub:auto_hub|sld_jtag_hub:\jtag_hub_gen:sld_jtag_hub_inst|shadow_irf_reg[4][2]                                                                                                                                                                                                         ; altera_reserved_tck ; altera_reserved_tck ; 0.000        ; 0.078      ; 0.697      ;
; 0.433 ; sld_hub:auto_hub|sld_jtag_hub:\jtag_hub_gen:sld_jtag_hub_inst|irf_reg[3][2]                                                                                                                                                                                                               ; sld_hub:auto_hub|sld_jtag_hub:\jtag_hub_gen:sld_jtag_hub_inst|shadow_irf_reg[3][2]                                                                                                                                                                                                         ; altera_reserved_tck ; altera_reserved_tck ; 0.000        ; 0.077      ; 0.696      ;
; 0.433 ; sld_hub:auto_hub|sld_jtag_hub:\jtag_hub_gen:sld_jtag_hub_inst|shadow_irf_reg[2][4]                                                                                                                                                                                                        ; sld_hub:auto_hub|sld_jtag_hub:\jtag_hub_gen:sld_jtag_hub_inst|irf_reg[2][4]                                                                                                                                                                                                                ; altera_reserved_tck ; altera_reserved_tck ; 0.000        ; 0.078      ; 0.697      ;
; 0.433 ; sld_hub:auto_hub|sld_jtag_hub:\jtag_hub_gen:sld_jtag_hub_inst|hub_minor_ver_reg[1]                                                                                                                                                                                                        ; sld_hub:auto_hub|sld_jtag_hub:\jtag_hub_gen:sld_jtag_hub_inst|hub_minor_ver_reg[0]                                                                                                                                                                                                         ; altera_reserved_tck ; altera_reserved_tck ; 0.000        ; 0.078      ; 0.697      ;
; 0.433 ; sld_hub:auto_hub|sld_jtag_hub:\jtag_hub_gen:sld_jtag_hub_inst|hub_minor_ver_reg[2]                                                                                                                                                                                                        ; sld_hub:auto_hub|sld_jtag_hub:\jtag_hub_gen:sld_jtag_hub_inst|hub_minor_ver_reg[1]                                                                                                                                                                                                         ; altera_reserved_tck ; altera_reserved_tck ; 0.000        ; 0.078      ; 0.697      ;
; 0.433 ; sld_hub:auto_hub|sld_jtag_hub:\jtag_hub_gen:sld_jtag_hub_inst|hub_minor_ver_reg[3]                                                                                                                                                                                                        ; sld_hub:auto_hub|sld_jtag_hub:\jtag_hub_gen:sld_jtag_hub_inst|hub_minor_ver_reg[2]                                                                                                                                                                                                         ; altera_reserved_tck ; altera_reserved_tck ; 0.000        ; 0.078      ; 0.697      ;
; 0.433 ; sld_hub:auto_hub|sld_jtag_hub:\jtag_hub_gen:sld_jtag_hub_inst|sld_shadow_jsm:shadow_jsm|state[6]                                                                                                                                                                                          ; sld_hub:auto_hub|sld_jtag_hub:\jtag_hub_gen:sld_jtag_hub_inst|sld_shadow_jsm:shadow_jsm|state[7]                                                                                                                                                                                           ; altera_reserved_tck ; altera_reserved_tck ; 0.000        ; 0.079      ; 0.698      ;
; 0.433 ; MPSoC:inst1|MPSoC_cpu0:cpu0|MPSoC_cpu0_nios2_oci:the_MPSoC_cpu0_nios2_oci|MPSoC_cpu0_jtag_debug_module_wrapper:the_MPSoC_cpu0_jtag_debug_module_wrapper|MPSoC_cpu0_jtag_debug_module_tck:the_MPSoC_cpu0_jtag_debug_module_tck|altera_std_synchronizer:the_altera_std_synchronizer2|din_s1 ; MPSoC:inst1|MPSoC_cpu0:cpu0|MPSoC_cpu0_nios2_oci:the_MPSoC_cpu0_nios2_oci|MPSoC_cpu0_jtag_debug_module_wrapper:the_MPSoC_cpu0_jtag_debug_module_wrapper|MPSoC_cpu0_jtag_debug_module_tck:the_MPSoC_cpu0_jtag_debug_module_tck|altera_std_synchronizer:the_altera_std_synchronizer2|dreg[0] ; altera_reserved_tck ; altera_reserved_tck ; 0.000        ; 0.079      ; 0.698      ;
; 0.434 ; sld_hub:auto_hub|sld_jtag_hub:\jtag_hub_gen:sld_jtag_hub_inst|irf_reg[4][5]                                                                                                                                                                                                               ; sld_hub:auto_hub|sld_jtag_hub:\jtag_hub_gen:sld_jtag_hub_inst|shadow_irf_reg[4][5]                                                                                                                                                                                                         ; altera_reserved_tck ; altera_reserved_tck ; 0.000        ; 0.078      ; 0.698      ;
; 0.435 ; sld_hub:auto_hub|sld_jtag_hub:\jtag_hub_gen:sld_jtag_hub_inst|shadow_irf_reg[2][3]                                                                                                                                                                                                        ; sld_hub:auto_hub|sld_jtag_hub:\jtag_hub_gen:sld_jtag_hub_inst|irf_reg[2][3]                                                                                                                                                                                                                ; altera_reserved_tck ; altera_reserved_tck ; 0.000        ; 0.078      ; 0.699      ;
; 0.435 ; sld_hub:auto_hub|sld_jtag_hub:\jtag_hub_gen:sld_jtag_hub_inst|shadow_irf_reg[4][0]                                                                                                                                                                                                        ; sld_hub:auto_hub|sld_jtag_hub:\jtag_hub_gen:sld_jtag_hub_inst|irf_reg[4][0]                                                                                                                                                                                                                ; altera_reserved_tck ; altera_reserved_tck ; 0.000        ; 0.078      ; 0.699      ;
; 0.437 ; MPSoC:inst1|MPSoC_cpu0:cpu0|MPSoC_cpu0_nios2_oci:the_MPSoC_cpu0_nios2_oci|MPSoC_cpu0_jtag_debug_module_wrapper:the_MPSoC_cpu0_jtag_debug_module_wrapper|MPSoC_cpu0_jtag_debug_module_tck:the_MPSoC_cpu0_jtag_debug_module_tck|sr[29]                                                      ; MPSoC:inst1|MPSoC_cpu0:cpu0|MPSoC_cpu0_nios2_oci:the_MPSoC_cpu0_nios2_oci|MPSoC_cpu0_jtag_debug_module_wrapper:the_MPSoC_cpu0_jtag_debug_module_wrapper|MPSoC_cpu0_jtag_debug_module_tck:the_MPSoC_cpu0_jtag_debug_module_tck|sr[28]                                                       ; altera_reserved_tck ; altera_reserved_tck ; 0.000        ; 0.079      ; 0.702      ;
; 0.438 ; sld_hub:auto_hub|sld_jtag_hub:\jtag_hub_gen:sld_jtag_hub_inst|identity_contrib_shift_reg[1]                                                                                                                                                                                               ; sld_hub:auto_hub|sld_jtag_hub:\jtag_hub_gen:sld_jtag_hub_inst|identity_contrib_shift_reg[0]                                                                                                                                                                                                ; altera_reserved_tck ; altera_reserved_tck ; 0.000        ; 0.078      ; 0.702      ;
; 0.438 ; MPSoC:inst1|MPSoC_cpu1:cpu1|MPSoC_cpu1_nios2_oci:the_MPSoC_cpu1_nios2_oci|MPSoC_cpu1_jtag_debug_module_wrapper:the_MPSoC_cpu1_jtag_debug_module_wrapper|MPSoC_cpu1_jtag_debug_module_tck:the_MPSoC_cpu1_jtag_debug_module_tck|sr[18]                                                      ; MPSoC:inst1|MPSoC_cpu1:cpu1|MPSoC_cpu1_nios2_oci:the_MPSoC_cpu1_nios2_oci|MPSoC_cpu1_jtag_debug_module_wrapper:the_MPSoC_cpu1_jtag_debug_module_wrapper|MPSoC_cpu1_jtag_debug_module_tck:the_MPSoC_cpu1_jtag_debug_module_tck|sr[17]                                                       ; altera_reserved_tck ; altera_reserved_tck ; 0.000        ; 0.077      ; 0.701      ;
; 0.438 ; MPSoC:inst1|MPSoC_cpu0:cpu0|MPSoC_cpu0_nios2_oci:the_MPSoC_cpu0_nios2_oci|MPSoC_cpu0_jtag_debug_module_wrapper:the_MPSoC_cpu0_jtag_debug_module_wrapper|MPSoC_cpu0_jtag_debug_module_tck:the_MPSoC_cpu0_jtag_debug_module_tck|sr[33]                                                      ; MPSoC:inst1|MPSoC_cpu0:cpu0|MPSoC_cpu0_nios2_oci:the_MPSoC_cpu0_nios2_oci|MPSoC_cpu0_jtag_debug_module_wrapper:the_MPSoC_cpu0_jtag_debug_module_wrapper|MPSoC_cpu0_jtag_debug_module_tck:the_MPSoC_cpu0_jtag_debug_module_tck|sr[32]                                                       ; altera_reserved_tck ; altera_reserved_tck ; 0.000        ; 0.079      ; 0.703      ;
; 0.439 ; sld_hub:auto_hub|sld_jtag_hub:\jtag_hub_gen:sld_jtag_hub_inst|identity_contrib_shift_reg[1]                                                                                                                                                                                               ; sld_hub:auto_hub|sld_jtag_hub:\jtag_hub_gen:sld_jtag_hub_inst|identity_contrib_update_reg[1]                                                                                                                                                                                               ; altera_reserved_tck ; altera_reserved_tck ; 0.000        ; 0.078      ; 0.703      ;
; 0.439 ; sld_hub:auto_hub|sld_jtag_hub:\jtag_hub_gen:sld_jtag_hub_inst|identity_contrib_shift_reg[3]                                                                                                                                                                                               ; sld_hub:auto_hub|sld_jtag_hub:\jtag_hub_gen:sld_jtag_hub_inst|identity_contrib_update_reg[3]                                                                                                                                                                                               ; altera_reserved_tck ; altera_reserved_tck ; 0.000        ; 0.078      ; 0.703      ;
; 0.439 ; sld_hub:auto_hub|sld_jtag_hub:\jtag_hub_gen:sld_jtag_hub_inst|jtag_ir_reg[4]                                                                                                                                                                                                              ; sld_hub:auto_hub|sld_jtag_hub:\jtag_hub_gen:sld_jtag_hub_inst|jtag_ir_reg[3]                                                                                                                                                                                                               ; altera_reserved_tck ; altera_reserved_tck ; 0.000        ; 0.078      ; 0.703      ;
; 0.439 ; sld_hub:auto_hub|sld_jtag_hub:\jtag_hub_gen:sld_jtag_hub_inst|jtag_ir_reg[7]                                                                                                                                                                                                              ; sld_hub:auto_hub|sld_jtag_hub:\jtag_hub_gen:sld_jtag_hub_inst|jtag_ir_reg[6]                                                                                                                                                                                                               ; altera_reserved_tck ; altera_reserved_tck ; 0.000        ; 0.078      ; 0.703      ;
; 0.439 ; MPSoC:inst1|MPSoC_cpu1:cpu1|MPSoC_cpu1_nios2_oci:the_MPSoC_cpu1_nios2_oci|MPSoC_cpu1_jtag_debug_module_wrapper:the_MPSoC_cpu1_jtag_debug_module_wrapper|MPSoC_cpu1_jtag_debug_module_tck:the_MPSoC_cpu1_jtag_debug_module_tck|sr[23]                                                      ; MPSoC:inst1|MPSoC_cpu1:cpu1|MPSoC_cpu1_nios2_oci:the_MPSoC_cpu1_nios2_oci|MPSoC_cpu1_jtag_debug_module_wrapper:the_MPSoC_cpu1_jtag_debug_module_wrapper|MPSoC_cpu1_jtag_debug_module_tck:the_MPSoC_cpu1_jtag_debug_module_tck|sr[22]                                                       ; altera_reserved_tck ; altera_reserved_tck ; 0.000        ; 0.078      ; 0.703      ;
; 0.439 ; MPSoC:inst1|MPSoC_cpu0:cpu0|MPSoC_cpu0_nios2_oci:the_MPSoC_cpu0_nios2_oci|MPSoC_cpu0_jtag_debug_module_wrapper:the_MPSoC_cpu0_jtag_debug_module_wrapper|MPSoC_cpu0_jtag_debug_module_tck:the_MPSoC_cpu0_jtag_debug_module_tck|sr[27]                                                      ; MPSoC:inst1|MPSoC_cpu0:cpu0|MPSoC_cpu0_nios2_oci:the_MPSoC_cpu0_nios2_oci|MPSoC_cpu0_jtag_debug_module_wrapper:the_MPSoC_cpu0_jtag_debug_module_wrapper|MPSoC_cpu0_jtag_debug_module_tck:the_MPSoC_cpu0_jtag_debug_module_tck|sr[26]                                                       ; altera_reserved_tck ; altera_reserved_tck ; 0.000        ; 0.078      ; 0.703      ;
; 0.440 ; sld_hub:auto_hub|sld_jtag_hub:\jtag_hub_gen:sld_jtag_hub_inst|identity_contrib_shift_reg[3]                                                                                                                                                                                               ; sld_hub:auto_hub|sld_jtag_hub:\jtag_hub_gen:sld_jtag_hub_inst|identity_contrib_shift_reg[2]                                                                                                                                                                                                ; altera_reserved_tck ; altera_reserved_tck ; 0.000        ; 0.078      ; 0.704      ;
; 0.440 ; MPSoC:inst1|MPSoC_jtag0:jtag0|alt_jtag_atlantic:MPSoC_jtag0_alt_jtag_atlantic|count[0]                                                                                                                                                                                                    ; MPSoC:inst1|MPSoC_jtag0:jtag0|alt_jtag_atlantic:MPSoC_jtag0_alt_jtag_atlantic|count[1]                                                                                                                                                                                                     ; altera_reserved_tck ; altera_reserved_tck ; 0.000        ; 0.079      ; 0.705      ;
; 0.440 ; MPSoC:inst1|MPSoC_jtag0:jtag0|alt_jtag_atlantic:MPSoC_jtag0_alt_jtag_atlantic|td_shift[8]                                                                                                                                                                                                 ; MPSoC:inst1|MPSoC_jtag0:jtag0|alt_jtag_atlantic:MPSoC_jtag0_alt_jtag_atlantic|wdata[4]                                                                                                                                                                                                     ; altera_reserved_tck ; altera_reserved_tck ; 0.000        ; 0.079      ; 0.705      ;
; 0.440 ; sld_hub:auto_hub|sld_jtag_hub:\jtag_hub_gen:sld_jtag_hub_inst|jtag_ir_reg[2]                                                                                                                                                                                                              ; sld_hub:auto_hub|sld_jtag_hub:\jtag_hub_gen:sld_jtag_hub_inst|jtag_ir_reg[1]                                                                                                                                                                                                               ; altera_reserved_tck ; altera_reserved_tck ; 0.000        ; 0.078      ; 0.704      ;
; 0.440 ; sld_hub:auto_hub|sld_jtag_hub:\jtag_hub_gen:sld_jtag_hub_inst|sld_shadow_jsm:shadow_jsm|state[12]                                                                                                                                                                                         ; sld_hub:auto_hub|sld_jtag_hub:\jtag_hub_gen:sld_jtag_hub_inst|sld_shadow_jsm:shadow_jsm|state[15]                                                                                                                                                                                          ; altera_reserved_tck ; altera_reserved_tck ; 0.000        ; 0.079      ; 0.705      ;
; 0.440 ; sld_hub:auto_hub|sld_jtag_hub:\jtag_hub_gen:sld_jtag_hub_inst|sld_shadow_jsm:shadow_jsm|state[12]                                                                                                                                                                                         ; sld_hub:auto_hub|sld_jtag_hub:\jtag_hub_gen:sld_jtag_hub_inst|sld_shadow_jsm:shadow_jsm|state[13]                                                                                                                                                                                          ; altera_reserved_tck ; altera_reserved_tck ; 0.000        ; 0.079      ; 0.705      ;
; 0.440 ; MPSoC:inst1|MPSoC_cpu1:cpu1|MPSoC_cpu1_nios2_oci:the_MPSoC_cpu1_nios2_oci|MPSoC_cpu1_jtag_debug_module_wrapper:the_MPSoC_cpu1_jtag_debug_module_wrapper|MPSoC_cpu1_jtag_debug_module_tck:the_MPSoC_cpu1_jtag_debug_module_tck|sr[22]                                                      ; MPSoC:inst1|MPSoC_cpu1:cpu1|MPSoC_cpu1_nios2_oci:the_MPSoC_cpu1_nios2_oci|MPSoC_cpu1_jtag_debug_module_wrapper:the_MPSoC_cpu1_jtag_debug_module_wrapper|MPSoC_cpu1_jtag_debug_module_tck:the_MPSoC_cpu1_jtag_debug_module_tck|sr[21]                                                       ; altera_reserved_tck ; altera_reserved_tck ; 0.000        ; 0.078      ; 0.704      ;
; 0.440 ; MPSoC:inst1|MPSoC_cpu1:cpu1|MPSoC_cpu1_nios2_oci:the_MPSoC_cpu1_nios2_oci|MPSoC_cpu1_jtag_debug_module_wrapper:the_MPSoC_cpu1_jtag_debug_module_wrapper|MPSoC_cpu1_jtag_debug_module_tck:the_MPSoC_cpu1_jtag_debug_module_tck|sr[19]                                                      ; MPSoC:inst1|MPSoC_cpu1:cpu1|MPSoC_cpu1_nios2_oci:the_MPSoC_cpu1_nios2_oci|MPSoC_cpu1_jtag_debug_module_wrapper:the_MPSoC_cpu1_jtag_debug_module_wrapper|MPSoC_cpu1_jtag_debug_module_tck:the_MPSoC_cpu1_jtag_debug_module_tck|sr[18]                                                       ; altera_reserved_tck ; altera_reserved_tck ; 0.000        ; 0.077      ; 0.703      ;
; 0.441 ; sld_hub:auto_hub|sld_jtag_hub:\jtag_hub_gen:sld_jtag_hub_inst|sld_shadow_jsm:shadow_jsm|state[9]                                                                                                                                                                                          ; sld_hub:auto_hub|sld_jtag_hub:\jtag_hub_gen:sld_jtag_hub_inst|sld_shadow_jsm:shadow_jsm|state[10]                                                                                                                                                                                          ; altera_reserved_tck ; altera_reserved_tck ; 0.000        ; 0.078      ; 0.705      ;
; 0.441 ; MPSoC:inst1|MPSoC_cpu0:cpu0|MPSoC_cpu0_nios2_oci:the_MPSoC_cpu0_nios2_oci|MPSoC_cpu0_jtag_debug_module_wrapper:the_MPSoC_cpu0_jtag_debug_module_wrapper|MPSoC_cpu0_jtag_debug_module_tck:the_MPSoC_cpu0_jtag_debug_module_tck|sr[23]                                                      ; MPSoC:inst1|MPSoC_cpu0:cpu0|MPSoC_cpu0_nios2_oci:the_MPSoC_cpu0_nios2_oci|MPSoC_cpu0_jtag_debug_module_wrapper:the_MPSoC_cpu0_jtag_debug_module_wrapper|MPSoC_cpu0_jtag_debug_module_tck:the_MPSoC_cpu0_jtag_debug_module_tck|sr[22]                                                       ; altera_reserved_tck ; altera_reserved_tck ; 0.000        ; 0.078      ; 0.705      ;
; 0.445 ; sld_hub:auto_hub|sld_jtag_hub:\jtag_hub_gen:sld_jtag_hub_inst|jtag_ir_reg[3]                                                                                                                                                                                                              ; sld_hub:auto_hub|sld_jtag_hub:\jtag_hub_gen:sld_jtag_hub_inst|jtag_ir_reg[2]                                                                                                                                                                                                               ; altera_reserved_tck ; altera_reserved_tck ; 0.000        ; 0.078      ; 0.709      ;
; 0.452 ; sld_hub:auto_hub|sld_jtag_hub:\jtag_hub_gen:sld_jtag_hub_inst|sld_shadow_jsm:shadow_jsm|state[11]                                                                                                                                                                                         ; sld_hub:auto_hub|sld_jtag_hub:\jtag_hub_gen:sld_jtag_hub_inst|sld_shadow_jsm:shadow_jsm|state[12]                                                                                                                                                                                          ; altera_reserved_tck ; altera_reserved_tck ; 0.000        ; 0.079      ; 0.717      ;
; 0.452 ; MPSoC:inst1|MPSoC_cpu0:cpu0|MPSoC_cpu0_nios2_oci:the_MPSoC_cpu0_nios2_oci|MPSoC_cpu0_jtag_debug_module_wrapper:the_MPSoC_cpu0_jtag_debug_module_wrapper|MPSoC_cpu0_jtag_debug_module_tck:the_MPSoC_cpu0_jtag_debug_module_tck|sr[11]                                                      ; MPSoC:inst1|MPSoC_cpu0:cpu0|MPSoC_cpu0_nios2_oci:the_MPSoC_cpu0_nios2_oci|MPSoC_cpu0_jtag_debug_module_wrapper:the_MPSoC_cpu0_jtag_debug_module_wrapper|MPSoC_cpu0_jtag_debug_module_tck:the_MPSoC_cpu0_jtag_debug_module_tck|sr[10]                                                       ; altera_reserved_tck ; altera_reserved_tck ; 0.000        ; 0.079      ; 0.717      ;
; 0.453 ; MPSoC:inst1|MPSoC_jtag0:jtag1|alt_jtag_atlantic:MPSoC_jtag0_alt_jtag_atlantic|count[0]                                                                                                                                                                                                    ; MPSoC:inst1|MPSoC_jtag0:jtag1|alt_jtag_atlantic:MPSoC_jtag0_alt_jtag_atlantic|count[1]                                                                                                                                                                                                     ; altera_reserved_tck ; altera_reserved_tck ; 0.000        ; 0.078      ; 0.717      ;
; 0.453 ; sld_hub:auto_hub|sld_jtag_hub:\jtag_hub_gen:sld_jtag_hub_inst|sld_shadow_jsm:shadow_jsm|state[4]                                                                                                                                                                                          ; sld_hub:auto_hub|sld_jtag_hub:\jtag_hub_gen:sld_jtag_hub_inst|tdo_bypass_reg                                                                                                                                                                                                               ; altera_reserved_tck ; altera_reserved_tck ; 0.000        ; 0.078      ; 0.717      ;
; 0.453 ; MPSoC:inst1|MPSoC_jtag0:jtag0|alt_jtag_atlantic:MPSoC_jtag0_alt_jtag_atlantic|td_shift[0]                                                                                                                                                                                                 ; MPSoC:inst1|MPSoC_jtag0:jtag0|alt_jtag_atlantic:MPSoC_jtag0_alt_jtag_atlantic|user_saw_rvalid                                                                                                                                                                                              ; altera_reserved_tck ; altera_reserved_tck ; 0.000        ; 0.079      ; 0.718      ;
; 0.453 ; MPSoC:inst1|MPSoC_cpu1:cpu1|MPSoC_cpu1_nios2_oci:the_MPSoC_cpu1_nios2_oci|MPSoC_cpu1_jtag_debug_module_wrapper:the_MPSoC_cpu1_jtag_debug_module_wrapper|MPSoC_cpu1_jtag_debug_module_tck:the_MPSoC_cpu1_jtag_debug_module_tck|sr[6]                                                       ; MPSoC:inst1|MPSoC_cpu1:cpu1|MPSoC_cpu1_nios2_oci:the_MPSoC_cpu1_nios2_oci|MPSoC_cpu1_jtag_debug_module_wrapper:the_MPSoC_cpu1_jtag_debug_module_wrapper|MPSoC_cpu1_jtag_debug_module_tck:the_MPSoC_cpu1_jtag_debug_module_tck|sr[5]                                                        ; altera_reserved_tck ; altera_reserved_tck ; 0.000        ; 0.078      ; 0.717      ;
; 0.453 ; MPSoC:inst1|MPSoC_cpu1:cpu1|MPSoC_cpu1_nios2_oci:the_MPSoC_cpu1_nios2_oci|MPSoC_cpu1_jtag_debug_module_wrapper:the_MPSoC_cpu1_jtag_debug_module_wrapper|MPSoC_cpu1_jtag_debug_module_tck:the_MPSoC_cpu1_jtag_debug_module_tck|sr[13]                                                      ; MPSoC:inst1|MPSoC_cpu1:cpu1|MPSoC_cpu1_nios2_oci:the_MPSoC_cpu1_nios2_oci|MPSoC_cpu1_jtag_debug_module_wrapper:the_MPSoC_cpu1_jtag_debug_module_wrapper|MPSoC_cpu1_jtag_debug_module_tck:the_MPSoC_cpu1_jtag_debug_module_tck|sr[12]                                                       ; altera_reserved_tck ; altera_reserved_tck ; 0.000        ; 0.078      ; 0.717      ;
; 0.453 ; MPSoC:inst1|MPSoC_cpu0:cpu0|MPSoC_cpu0_nios2_oci:the_MPSoC_cpu0_nios2_oci|MPSoC_cpu0_jtag_debug_module_wrapper:the_MPSoC_cpu0_jtag_debug_module_wrapper|MPSoC_cpu0_jtag_debug_module_tck:the_MPSoC_cpu0_jtag_debug_module_tck|sr[14]                                                      ; MPSoC:inst1|MPSoC_cpu0:cpu0|MPSoC_cpu0_nios2_oci:the_MPSoC_cpu0_nios2_oci|MPSoC_cpu0_jtag_debug_module_wrapper:the_MPSoC_cpu0_jtag_debug_module_wrapper|MPSoC_cpu0_jtag_debug_module_tck:the_MPSoC_cpu0_jtag_debug_module_tck|sr[13]                                                       ; altera_reserved_tck ; altera_reserved_tck ; 0.000        ; 0.079      ; 0.718      ;
; 0.453 ; MPSoC:inst1|MPSoC_cpu0:cpu0|MPSoC_cpu0_nios2_oci:the_MPSoC_cpu0_nios2_oci|MPSoC_cpu0_jtag_debug_module_wrapper:the_MPSoC_cpu0_jtag_debug_module_wrapper|MPSoC_cpu0_jtag_debug_module_tck:the_MPSoC_cpu0_jtag_debug_module_tck|sr[13]                                                      ; MPSoC:inst1|MPSoC_cpu0:cpu0|MPSoC_cpu0_nios2_oci:the_MPSoC_cpu0_nios2_oci|MPSoC_cpu0_jtag_debug_module_wrapper:the_MPSoC_cpu0_jtag_debug_module_wrapper|MPSoC_cpu0_jtag_debug_module_tck:the_MPSoC_cpu0_jtag_debug_module_tck|sr[12]                                                       ; altera_reserved_tck ; altera_reserved_tck ; 0.000        ; 0.079      ; 0.718      ;
; 0.453 ; MPSoC:inst1|MPSoC_cpu0:cpu0|MPSoC_cpu0_nios2_oci:the_MPSoC_cpu0_nios2_oci|MPSoC_cpu0_jtag_debug_module_wrapper:the_MPSoC_cpu0_jtag_debug_module_wrapper|MPSoC_cpu0_jtag_debug_module_tck:the_MPSoC_cpu0_jtag_debug_module_tck|sr[4]                                                       ; MPSoC:inst1|MPSoC_cpu0:cpu0|MPSoC_cpu0_nios2_oci:the_MPSoC_cpu0_nios2_oci|MPSoC_cpu0_jtag_debug_module_wrapper:the_MPSoC_cpu0_jtag_debug_module_wrapper|MPSoC_cpu0_jtag_debug_module_tck:the_MPSoC_cpu0_jtag_debug_module_tck|sr[3]                                                        ; altera_reserved_tck ; altera_reserved_tck ; 0.000        ; 0.079      ; 0.718      ;
; 0.454 ; sld_hub:auto_hub|sld_jtag_hub:\jtag_hub_gen:sld_jtag_hub_inst|irf_reg[2][0]                                                                                                                                                                                                               ; sld_hub:auto_hub|sld_jtag_hub:\jtag_hub_gen:sld_jtag_hub_inst|shadow_irf_reg[2][0]                                                                                                                                                                                                         ; altera_reserved_tck ; altera_reserved_tck ; 0.000        ; 0.078      ; 0.718      ;
+-------+-------------------------------------------------------------------------------------------------------------------------------------------------------------------------------------------------------------------------------------------------------------------------------------------+--------------------------------------------------------------------------------------------------------------------------------------------------------------------------------------------------------------------------------------------------------------------------------------------+---------------------+---------------------+--------------+------------+------------+


+------------------------------------------------------------------------------------------------------------------------------------------------------------------------------------------------------------------------------------------------------------------------------------------------+
; Slow 1200mV 85C Model Recovery: 'altera_reserved_tck'                                                                                                                                                                                                                                          ;
+--------+--------------------------------------------------------------------------------------------------+-----------------------------------------------------------------------------------------------+---------------------+---------------------+--------------+------------+------------+
; Slack  ; From Node                                                                                        ; To Node                                                                                       ; Launch Clock        ; Latch Clock         ; Relationship ; Clock Skew ; Data Delay ;
+--------+--------------------------------------------------------------------------------------------------+-----------------------------------------------------------------------------------------------+---------------------+---------------------+--------------+------------+------------+
; 45.396 ; sld_hub:auto_hub|sld_jtag_hub:\jtag_hub_gen:sld_jtag_hub_inst|clr_reg                            ; MPSoC:inst1|MPSoC_jtag0:jtag0|alt_jtag_atlantic:MPSoC_jtag0_alt_jtag_atlantic|jupdate         ; altera_reserved_tck ; altera_reserved_tck ; 50.000       ; 0.091      ; 4.713      ;
; 45.396 ; sld_hub:auto_hub|sld_jtag_hub:\jtag_hub_gen:sld_jtag_hub_inst|clr_reg                            ; MPSoC:inst1|MPSoC_jtag0:jtag0|alt_jtag_atlantic:MPSoC_jtag0_alt_jtag_atlantic|tdo~reg0        ; altera_reserved_tck ; altera_reserved_tck ; 50.000       ; 0.091      ; 4.713      ;
; 45.398 ; sld_hub:auto_hub|sld_jtag_hub:\jtag_hub_gen:sld_jtag_hub_inst|clr_reg                            ; MPSoC:inst1|MPSoC_jtag0:jtag1|alt_jtag_atlantic:MPSoC_jtag0_alt_jtag_atlantic|jupdate         ; altera_reserved_tck ; altera_reserved_tck ; 50.000       ; 0.061      ; 4.681      ;
; 45.398 ; sld_hub:auto_hub|sld_jtag_hub:\jtag_hub_gen:sld_jtag_hub_inst|clr_reg                            ; MPSoC:inst1|MPSoC_jtag0:jtag1|alt_jtag_atlantic:MPSoC_jtag0_alt_jtag_atlantic|tdo~reg0        ; altera_reserved_tck ; altera_reserved_tck ; 50.000       ; 0.061      ; 4.681      ;
; 48.188 ; sld_hub:auto_hub|sld_jtag_hub:\jtag_hub_gen:sld_jtag_hub_inst|sld_shadow_jsm:shadow_jsm|state[8] ; sld_hub:auto_hub|sld_jtag_hub:\jtag_hub_gen:sld_jtag_hub_inst|tdo                             ; altera_reserved_tck ; altera_reserved_tck ; 50.000       ; 0.074      ; 1.904      ;
; 94.861 ; sld_hub:auto_hub|sld_jtag_hub:\jtag_hub_gen:sld_jtag_hub_inst|clr_reg                            ; MPSoC:inst1|MPSoC_jtag0:jtag0|alt_jtag_atlantic:MPSoC_jtag0_alt_jtag_atlantic|write           ; altera_reserved_tck ; altera_reserved_tck ; 100.000      ; -0.057     ; 5.100      ;
; 94.863 ; sld_hub:auto_hub|sld_jtag_hub:\jtag_hub_gen:sld_jtag_hub_inst|clr_reg                            ; MPSoC:inst1|MPSoC_jtag0:jtag0|alt_jtag_atlantic:MPSoC_jtag0_alt_jtag_atlantic|read            ; altera_reserved_tck ; altera_reserved_tck ; 100.000      ; -0.057     ; 5.098      ;
; 94.863 ; sld_hub:auto_hub|sld_jtag_hub:\jtag_hub_gen:sld_jtag_hub_inst|clr_reg                            ; MPSoC:inst1|MPSoC_jtag0:jtag0|alt_jtag_atlantic:MPSoC_jtag0_alt_jtag_atlantic|read_req        ; altera_reserved_tck ; altera_reserved_tck ; 100.000      ; -0.057     ; 5.098      ;
; 94.863 ; sld_hub:auto_hub|sld_jtag_hub:\jtag_hub_gen:sld_jtag_hub_inst|clr_reg                            ; MPSoC:inst1|MPSoC_jtag0:jtag0|alt_jtag_atlantic:MPSoC_jtag0_alt_jtag_atlantic|write_valid     ; altera_reserved_tck ; altera_reserved_tck ; 100.000      ; -0.057     ; 5.098      ;
; 94.863 ; sld_hub:auto_hub|sld_jtag_hub:\jtag_hub_gen:sld_jtag_hub_inst|clr_reg                            ; MPSoC:inst1|MPSoC_jtag0:jtag0|alt_jtag_atlantic:MPSoC_jtag0_alt_jtag_atlantic|write_stalled   ; altera_reserved_tck ; altera_reserved_tck ; 100.000      ; -0.057     ; 5.098      ;
; 94.863 ; sld_hub:auto_hub|sld_jtag_hub:\jtag_hub_gen:sld_jtag_hub_inst|clr_reg                            ; MPSoC:inst1|MPSoC_jtag0:jtag0|alt_jtag_atlantic:MPSoC_jtag0_alt_jtag_atlantic|wdata[0]        ; altera_reserved_tck ; altera_reserved_tck ; 100.000      ; -0.057     ; 5.098      ;
; 94.864 ; sld_hub:auto_hub|sld_jtag_hub:\jtag_hub_gen:sld_jtag_hub_inst|clr_reg                            ; MPSoC:inst1|MPSoC_jtag0:jtag1|alt_jtag_atlantic:MPSoC_jtag0_alt_jtag_atlantic|write_stalled   ; altera_reserved_tck ; altera_reserved_tck ; 100.000      ; -0.105     ; 5.049      ;
; 94.864 ; sld_hub:auto_hub|sld_jtag_hub:\jtag_hub_gen:sld_jtag_hub_inst|clr_reg                            ; MPSoC:inst1|MPSoC_jtag0:jtag1|alt_jtag_atlantic:MPSoC_jtag0_alt_jtag_atlantic|write_valid     ; altera_reserved_tck ; altera_reserved_tck ; 100.000      ; -0.105     ; 5.049      ;
; 94.864 ; sld_hub:auto_hub|sld_jtag_hub:\jtag_hub_gen:sld_jtag_hub_inst|clr_reg                            ; MPSoC:inst1|MPSoC_jtag0:jtag1|alt_jtag_atlantic:MPSoC_jtag0_alt_jtag_atlantic|read            ; altera_reserved_tck ; altera_reserved_tck ; 100.000      ; -0.105     ; 5.049      ;
; 94.864 ; sld_hub:auto_hub|sld_jtag_hub:\jtag_hub_gen:sld_jtag_hub_inst|clr_reg                            ; MPSoC:inst1|MPSoC_jtag0:jtag1|alt_jtag_atlantic:MPSoC_jtag0_alt_jtag_atlantic|read_req        ; altera_reserved_tck ; altera_reserved_tck ; 100.000      ; -0.105     ; 5.049      ;
; 94.864 ; sld_hub:auto_hub|sld_jtag_hub:\jtag_hub_gen:sld_jtag_hub_inst|clr_reg                            ; MPSoC:inst1|MPSoC_jtag0:jtag1|alt_jtag_atlantic:MPSoC_jtag0_alt_jtag_atlantic|wdata[0]        ; altera_reserved_tck ; altera_reserved_tck ; 100.000      ; -0.105     ; 5.049      ;
; 95.239 ; sld_hub:auto_hub|sld_jtag_hub:\jtag_hub_gen:sld_jtag_hub_inst|clr_reg                            ; sld_hub:auto_hub|sld_jtag_hub:\jtag_hub_gen:sld_jtag_hub_inst|shadow_irf_reg[4][5]            ; altera_reserved_tck ; altera_reserved_tck ; 100.000      ; -0.091     ; 4.688      ;
; 95.239 ; sld_hub:auto_hub|sld_jtag_hub:\jtag_hub_gen:sld_jtag_hub_inst|clr_reg                            ; sld_hub:auto_hub|sld_jtag_hub:\jtag_hub_gen:sld_jtag_hub_inst|irf_reg[4][5]                   ; altera_reserved_tck ; altera_reserved_tck ; 100.000      ; -0.091     ; 4.688      ;
; 95.239 ; sld_hub:auto_hub|sld_jtag_hub:\jtag_hub_gen:sld_jtag_hub_inst|clr_reg                            ; sld_hub:auto_hub|sld_jtag_hub:\jtag_hub_gen:sld_jtag_hub_inst|shadow_irf_reg[4][4]            ; altera_reserved_tck ; altera_reserved_tck ; 100.000      ; -0.091     ; 4.688      ;
; 95.239 ; sld_hub:auto_hub|sld_jtag_hub:\jtag_hub_gen:sld_jtag_hub_inst|clr_reg                            ; sld_hub:auto_hub|sld_jtag_hub:\jtag_hub_gen:sld_jtag_hub_inst|irf_reg[4][4]                   ; altera_reserved_tck ; altera_reserved_tck ; 100.000      ; -0.091     ; 4.688      ;
; 95.239 ; sld_hub:auto_hub|sld_jtag_hub:\jtag_hub_gen:sld_jtag_hub_inst|clr_reg                            ; sld_hub:auto_hub|sld_jtag_hub:\jtag_hub_gen:sld_jtag_hub_inst|shadow_irf_reg[4][3]            ; altera_reserved_tck ; altera_reserved_tck ; 100.000      ; -0.091     ; 4.688      ;
; 95.239 ; sld_hub:auto_hub|sld_jtag_hub:\jtag_hub_gen:sld_jtag_hub_inst|clr_reg                            ; sld_hub:auto_hub|sld_jtag_hub:\jtag_hub_gen:sld_jtag_hub_inst|irf_reg[4][3]                   ; altera_reserved_tck ; altera_reserved_tck ; 100.000      ; -0.091     ; 4.688      ;
; 95.239 ; sld_hub:auto_hub|sld_jtag_hub:\jtag_hub_gen:sld_jtag_hub_inst|clr_reg                            ; sld_hub:auto_hub|sld_jtag_hub:\jtag_hub_gen:sld_jtag_hub_inst|shadow_irf_reg[4][2]            ; altera_reserved_tck ; altera_reserved_tck ; 100.000      ; -0.091     ; 4.688      ;
; 95.239 ; sld_hub:auto_hub|sld_jtag_hub:\jtag_hub_gen:sld_jtag_hub_inst|clr_reg                            ; sld_hub:auto_hub|sld_jtag_hub:\jtag_hub_gen:sld_jtag_hub_inst|irf_reg[4][2]                   ; altera_reserved_tck ; altera_reserved_tck ; 100.000      ; -0.091     ; 4.688      ;
; 95.239 ; sld_hub:auto_hub|sld_jtag_hub:\jtag_hub_gen:sld_jtag_hub_inst|clr_reg                            ; sld_hub:auto_hub|sld_jtag_hub:\jtag_hub_gen:sld_jtag_hub_inst|shadow_irf_reg[4][1]            ; altera_reserved_tck ; altera_reserved_tck ; 100.000      ; -0.091     ; 4.688      ;
; 95.239 ; sld_hub:auto_hub|sld_jtag_hub:\jtag_hub_gen:sld_jtag_hub_inst|clr_reg                            ; sld_hub:auto_hub|sld_jtag_hub:\jtag_hub_gen:sld_jtag_hub_inst|irf_reg[4][1]                   ; altera_reserved_tck ; altera_reserved_tck ; 100.000      ; -0.091     ; 4.688      ;
; 95.239 ; sld_hub:auto_hub|sld_jtag_hub:\jtag_hub_gen:sld_jtag_hub_inst|clr_reg                            ; sld_hub:auto_hub|sld_jtag_hub:\jtag_hub_gen:sld_jtag_hub_inst|shadow_irf_reg[2][5]            ; altera_reserved_tck ; altera_reserved_tck ; 100.000      ; -0.090     ; 4.689      ;
; 95.239 ; sld_hub:auto_hub|sld_jtag_hub:\jtag_hub_gen:sld_jtag_hub_inst|clr_reg                            ; sld_hub:auto_hub|sld_jtag_hub:\jtag_hub_gen:sld_jtag_hub_inst|irf_reg[2][5]                   ; altera_reserved_tck ; altera_reserved_tck ; 100.000      ; -0.090     ; 4.689      ;
; 95.239 ; sld_hub:auto_hub|sld_jtag_hub:\jtag_hub_gen:sld_jtag_hub_inst|clr_reg                            ; sld_hub:auto_hub|sld_jtag_hub:\jtag_hub_gen:sld_jtag_hub_inst|shadow_irf_reg[2][4]            ; altera_reserved_tck ; altera_reserved_tck ; 100.000      ; -0.090     ; 4.689      ;
; 95.239 ; sld_hub:auto_hub|sld_jtag_hub:\jtag_hub_gen:sld_jtag_hub_inst|clr_reg                            ; sld_hub:auto_hub|sld_jtag_hub:\jtag_hub_gen:sld_jtag_hub_inst|irf_reg[2][4]                   ; altera_reserved_tck ; altera_reserved_tck ; 100.000      ; -0.090     ; 4.689      ;
; 95.239 ; sld_hub:auto_hub|sld_jtag_hub:\jtag_hub_gen:sld_jtag_hub_inst|clr_reg                            ; sld_hub:auto_hub|sld_jtag_hub:\jtag_hub_gen:sld_jtag_hub_inst|shadow_irf_reg[2][3]            ; altera_reserved_tck ; altera_reserved_tck ; 100.000      ; -0.090     ; 4.689      ;
; 95.239 ; sld_hub:auto_hub|sld_jtag_hub:\jtag_hub_gen:sld_jtag_hub_inst|clr_reg                            ; sld_hub:auto_hub|sld_jtag_hub:\jtag_hub_gen:sld_jtag_hub_inst|irf_reg[2][3]                   ; altera_reserved_tck ; altera_reserved_tck ; 100.000      ; -0.090     ; 4.689      ;
; 95.239 ; sld_hub:auto_hub|sld_jtag_hub:\jtag_hub_gen:sld_jtag_hub_inst|clr_reg                            ; sld_hub:auto_hub|sld_jtag_hub:\jtag_hub_gen:sld_jtag_hub_inst|shadow_irf_reg[2][2]            ; altera_reserved_tck ; altera_reserved_tck ; 100.000      ; -0.090     ; 4.689      ;
; 95.239 ; sld_hub:auto_hub|sld_jtag_hub:\jtag_hub_gen:sld_jtag_hub_inst|clr_reg                            ; sld_hub:auto_hub|sld_jtag_hub:\jtag_hub_gen:sld_jtag_hub_inst|irf_reg[2][2]                   ; altera_reserved_tck ; altera_reserved_tck ; 100.000      ; -0.090     ; 4.689      ;
; 95.239 ; sld_hub:auto_hub|sld_jtag_hub:\jtag_hub_gen:sld_jtag_hub_inst|clr_reg                            ; sld_hub:auto_hub|sld_jtag_hub:\jtag_hub_gen:sld_jtag_hub_inst|irf_reg[2][0]                   ; altera_reserved_tck ; altera_reserved_tck ; 100.000      ; -0.090     ; 4.689      ;
; 95.239 ; sld_hub:auto_hub|sld_jtag_hub:\jtag_hub_gen:sld_jtag_hub_inst|clr_reg                            ; sld_hub:auto_hub|sld_jtag_hub:\jtag_hub_gen:sld_jtag_hub_inst|irf_reg[2][1]                   ; altera_reserved_tck ; altera_reserved_tck ; 100.000      ; -0.090     ; 4.689      ;
; 95.239 ; sld_hub:auto_hub|sld_jtag_hub:\jtag_hub_gen:sld_jtag_hub_inst|clr_reg                            ; sld_hub:auto_hub|sld_jtag_hub:\jtag_hub_gen:sld_jtag_hub_inst|shadow_irf_reg[2][0]            ; altera_reserved_tck ; altera_reserved_tck ; 100.000      ; -0.090     ; 4.689      ;
; 95.239 ; sld_hub:auto_hub|sld_jtag_hub:\jtag_hub_gen:sld_jtag_hub_inst|clr_reg                            ; sld_hub:auto_hub|sld_jtag_hub:\jtag_hub_gen:sld_jtag_hub_inst|shadow_irf_reg[2][1]            ; altera_reserved_tck ; altera_reserved_tck ; 100.000      ; -0.090     ; 4.689      ;
; 95.239 ; sld_hub:auto_hub|sld_jtag_hub:\jtag_hub_gen:sld_jtag_hub_inst|clr_reg                            ; sld_hub:auto_hub|sld_jtag_hub:\jtag_hub_gen:sld_jtag_hub_inst|irf_reg[4][0]                   ; altera_reserved_tck ; altera_reserved_tck ; 100.000      ; -0.091     ; 4.688      ;
; 95.239 ; sld_hub:auto_hub|sld_jtag_hub:\jtag_hub_gen:sld_jtag_hub_inst|clr_reg                            ; sld_hub:auto_hub|sld_jtag_hub:\jtag_hub_gen:sld_jtag_hub_inst|shadow_irf_reg[4][0]            ; altera_reserved_tck ; altera_reserved_tck ; 100.000      ; -0.091     ; 4.688      ;
; 95.239 ; sld_hub:auto_hub|sld_jtag_hub:\jtag_hub_gen:sld_jtag_hub_inst|clr_reg                            ; sld_hub:auto_hub|sld_jtag_hub:\jtag_hub_gen:sld_jtag_hub_inst|irsr_reg[6]                     ; altera_reserved_tck ; altera_reserved_tck ; 100.000      ; -0.092     ; 4.687      ;
; 95.239 ; sld_hub:auto_hub|sld_jtag_hub:\jtag_hub_gen:sld_jtag_hub_inst|clr_reg                            ; sld_hub:auto_hub|sld_jtag_hub:\jtag_hub_gen:sld_jtag_hub_inst|irsr_reg[8]                     ; altera_reserved_tck ; altera_reserved_tck ; 100.000      ; -0.092     ; 4.687      ;
; 95.239 ; sld_hub:auto_hub|sld_jtag_hub:\jtag_hub_gen:sld_jtag_hub_inst|clr_reg                            ; sld_hub:auto_hub|sld_jtag_hub:\jtag_hub_gen:sld_jtag_hub_inst|irsr_reg[7]                     ; altera_reserved_tck ; altera_reserved_tck ; 100.000      ; -0.092     ; 4.687      ;
; 95.239 ; sld_hub:auto_hub|sld_jtag_hub:\jtag_hub_gen:sld_jtag_hub_inst|clr_reg                            ; MPSoC:inst1|MPSoC_jtag0:jtag1|alt_jtag_atlantic:MPSoC_jtag0_alt_jtag_atlantic|state           ; altera_reserved_tck ; altera_reserved_tck ; 100.000      ; -0.098     ; 4.681      ;
; 95.239 ; sld_hub:auto_hub|sld_jtag_hub:\jtag_hub_gen:sld_jtag_hub_inst|clr_reg                            ; MPSoC:inst1|MPSoC_jtag0:jtag1|alt_jtag_atlantic:MPSoC_jtag0_alt_jtag_atlantic|write           ; altera_reserved_tck ; altera_reserved_tck ; 100.000      ; -0.099     ; 4.680      ;
; 95.239 ; sld_hub:auto_hub|sld_jtag_hub:\jtag_hub_gen:sld_jtag_hub_inst|clr_reg                            ; MPSoC:inst1|MPSoC_jtag0:jtag1|alt_jtag_atlantic:MPSoC_jtag0_alt_jtag_atlantic|wdata[7]        ; altera_reserved_tck ; altera_reserved_tck ; 100.000      ; -0.099     ; 4.680      ;
; 95.239 ; sld_hub:auto_hub|sld_jtag_hub:\jtag_hub_gen:sld_jtag_hub_inst|clr_reg                            ; MPSoC:inst1|MPSoC_jtag0:jtag1|alt_jtag_atlantic:MPSoC_jtag0_alt_jtag_atlantic|user_saw_rvalid ; altera_reserved_tck ; altera_reserved_tck ; 100.000      ; -0.098     ; 4.681      ;
; 95.239 ; sld_hub:auto_hub|sld_jtag_hub:\jtag_hub_gen:sld_jtag_hub_inst|clr_reg                            ; MPSoC:inst1|MPSoC_jtag0:jtag1|alt_jtag_atlantic:MPSoC_jtag0_alt_jtag_atlantic|wdata[4]        ; altera_reserved_tck ; altera_reserved_tck ; 100.000      ; -0.099     ; 4.680      ;
; 95.239 ; sld_hub:auto_hub|sld_jtag_hub:\jtag_hub_gen:sld_jtag_hub_inst|clr_reg                            ; MPSoC:inst1|MPSoC_jtag0:jtag1|alt_jtag_atlantic:MPSoC_jtag0_alt_jtag_atlantic|wdata[2]        ; altera_reserved_tck ; altera_reserved_tck ; 100.000      ; -0.099     ; 4.680      ;
; 95.240 ; sld_hub:auto_hub|sld_jtag_hub:\jtag_hub_gen:sld_jtag_hub_inst|clr_reg                            ; sld_hub:auto_hub|sld_jtag_hub:\jtag_hub_gen:sld_jtag_hub_inst|node_ena[1]~reg0                ; altera_reserved_tck ; altera_reserved_tck ; 100.000      ; -0.091     ; 4.687      ;
; 95.240 ; sld_hub:auto_hub|sld_jtag_hub:\jtag_hub_gen:sld_jtag_hub_inst|clr_reg                            ; sld_hub:auto_hub|sld_jtag_hub:\jtag_hub_gen:sld_jtag_hub_inst|node_ena[2]~reg0                ; altera_reserved_tck ; altera_reserved_tck ; 100.000      ; -0.091     ; 4.687      ;
; 95.240 ; sld_hub:auto_hub|sld_jtag_hub:\jtag_hub_gen:sld_jtag_hub_inst|clr_reg                            ; sld_hub:auto_hub|sld_jtag_hub:\jtag_hub_gen:sld_jtag_hub_inst|node_ena[3]~reg0                ; altera_reserved_tck ; altera_reserved_tck ; 100.000      ; -0.091     ; 4.687      ;
; 95.240 ; sld_hub:auto_hub|sld_jtag_hub:\jtag_hub_gen:sld_jtag_hub_inst|clr_reg                            ; sld_hub:auto_hub|sld_jtag_hub:\jtag_hub_gen:sld_jtag_hub_inst|node_ena[4]~reg0                ; altera_reserved_tck ; altera_reserved_tck ; 100.000      ; -0.091     ; 4.687      ;
; 95.240 ; sld_hub:auto_hub|sld_jtag_hub:\jtag_hub_gen:sld_jtag_hub_inst|clr_reg                            ; MPSoC:inst1|MPSoC_jtag0:jtag1|alt_jtag_atlantic:MPSoC_jtag0_alt_jtag_atlantic|count[9]        ; altera_reserved_tck ; altera_reserved_tck ; 100.000      ; -0.097     ; 4.681      ;
; 95.240 ; sld_hub:auto_hub|sld_jtag_hub:\jtag_hub_gen:sld_jtag_hub_inst|clr_reg                            ; MPSoC:inst1|MPSoC_jtag0:jtag1|alt_jtag_atlantic:MPSoC_jtag0_alt_jtag_atlantic|count[0]        ; altera_reserved_tck ; altera_reserved_tck ; 100.000      ; -0.097     ; 4.681      ;
; 95.240 ; sld_hub:auto_hub|sld_jtag_hub:\jtag_hub_gen:sld_jtag_hub_inst|clr_reg                            ; MPSoC:inst1|MPSoC_jtag0:jtag1|alt_jtag_atlantic:MPSoC_jtag0_alt_jtag_atlantic|count[1]        ; altera_reserved_tck ; altera_reserved_tck ; 100.000      ; -0.097     ; 4.681      ;
; 95.240 ; sld_hub:auto_hub|sld_jtag_hub:\jtag_hub_gen:sld_jtag_hub_inst|clr_reg                            ; MPSoC:inst1|MPSoC_jtag0:jtag1|alt_jtag_atlantic:MPSoC_jtag0_alt_jtag_atlantic|count[2]        ; altera_reserved_tck ; altera_reserved_tck ; 100.000      ; -0.097     ; 4.681      ;
; 95.240 ; sld_hub:auto_hub|sld_jtag_hub:\jtag_hub_gen:sld_jtag_hub_inst|clr_reg                            ; MPSoC:inst1|MPSoC_jtag0:jtag1|alt_jtag_atlantic:MPSoC_jtag0_alt_jtag_atlantic|count[3]        ; altera_reserved_tck ; altera_reserved_tck ; 100.000      ; -0.097     ; 4.681      ;
; 95.240 ; sld_hub:auto_hub|sld_jtag_hub:\jtag_hub_gen:sld_jtag_hub_inst|clr_reg                            ; MPSoC:inst1|MPSoC_jtag0:jtag1|alt_jtag_atlantic:MPSoC_jtag0_alt_jtag_atlantic|count[4]        ; altera_reserved_tck ; altera_reserved_tck ; 100.000      ; -0.097     ; 4.681      ;
; 95.240 ; sld_hub:auto_hub|sld_jtag_hub:\jtag_hub_gen:sld_jtag_hub_inst|clr_reg                            ; MPSoC:inst1|MPSoC_jtag0:jtag1|alt_jtag_atlantic:MPSoC_jtag0_alt_jtag_atlantic|count[5]        ; altera_reserved_tck ; altera_reserved_tck ; 100.000      ; -0.097     ; 4.681      ;
; 95.240 ; sld_hub:auto_hub|sld_jtag_hub:\jtag_hub_gen:sld_jtag_hub_inst|clr_reg                            ; MPSoC:inst1|MPSoC_jtag0:jtag1|alt_jtag_atlantic:MPSoC_jtag0_alt_jtag_atlantic|count[6]        ; altera_reserved_tck ; altera_reserved_tck ; 100.000      ; -0.097     ; 4.681      ;
; 95.240 ; sld_hub:auto_hub|sld_jtag_hub:\jtag_hub_gen:sld_jtag_hub_inst|clr_reg                            ; MPSoC:inst1|MPSoC_jtag0:jtag1|alt_jtag_atlantic:MPSoC_jtag0_alt_jtag_atlantic|count[7]        ; altera_reserved_tck ; altera_reserved_tck ; 100.000      ; -0.097     ; 4.681      ;
; 95.240 ; sld_hub:auto_hub|sld_jtag_hub:\jtag_hub_gen:sld_jtag_hub_inst|clr_reg                            ; MPSoC:inst1|MPSoC_jtag0:jtag1|alt_jtag_atlantic:MPSoC_jtag0_alt_jtag_atlantic|count[8]        ; altera_reserved_tck ; altera_reserved_tck ; 100.000      ; -0.097     ; 4.681      ;
; 95.240 ; sld_hub:auto_hub|sld_jtag_hub:\jtag_hub_gen:sld_jtag_hub_inst|clr_reg                            ; MPSoC:inst1|MPSoC_jtag0:jtag1|alt_jtag_atlantic:MPSoC_jtag0_alt_jtag_atlantic|td_shift[10]    ; altera_reserved_tck ; altera_reserved_tck ; 100.000      ; -0.097     ; 4.681      ;
; 95.240 ; sld_hub:auto_hub|sld_jtag_hub:\jtag_hub_gen:sld_jtag_hub_inst|clr_reg                            ; MPSoC:inst1|MPSoC_jtag0:jtag1|alt_jtag_atlantic:MPSoC_jtag0_alt_jtag_atlantic|wdata[6]        ; altera_reserved_tck ; altera_reserved_tck ; 100.000      ; -0.097     ; 4.681      ;
; 95.240 ; sld_hub:auto_hub|sld_jtag_hub:\jtag_hub_gen:sld_jtag_hub_inst|clr_reg                            ; MPSoC:inst1|MPSoC_jtag0:jtag1|alt_jtag_atlantic:MPSoC_jtag0_alt_jtag_atlantic|td_shift[8]     ; altera_reserved_tck ; altera_reserved_tck ; 100.000      ; -0.097     ; 4.681      ;
; 95.240 ; sld_hub:auto_hub|sld_jtag_hub:\jtag_hub_gen:sld_jtag_hub_inst|clr_reg                            ; MPSoC:inst1|MPSoC_jtag0:jtag1|alt_jtag_atlantic:MPSoC_jtag0_alt_jtag_atlantic|td_shift[0]     ; altera_reserved_tck ; altera_reserved_tck ; 100.000      ; -0.097     ; 4.681      ;
; 95.240 ; sld_hub:auto_hub|sld_jtag_hub:\jtag_hub_gen:sld_jtag_hub_inst|clr_reg                            ; MPSoC:inst1|MPSoC_jtag0:jtag1|alt_jtag_atlantic:MPSoC_jtag0_alt_jtag_atlantic|td_shift[9]     ; altera_reserved_tck ; altera_reserved_tck ; 100.000      ; -0.097     ; 4.681      ;
; 95.240 ; sld_hub:auto_hub|sld_jtag_hub:\jtag_hub_gen:sld_jtag_hub_inst|clr_reg                            ; MPSoC:inst1|MPSoC_jtag0:jtag1|alt_jtag_atlantic:MPSoC_jtag0_alt_jtag_atlantic|wdata[5]        ; altera_reserved_tck ; altera_reserved_tck ; 100.000      ; -0.097     ; 4.681      ;
; 95.241 ; sld_hub:auto_hub|sld_jtag_hub:\jtag_hub_gen:sld_jtag_hub_inst|clr_reg                            ; sld_hub:auto_hub|sld_jtag_hub:\jtag_hub_gen:sld_jtag_hub_inst|shadow_irf_reg[1][5]            ; altera_reserved_tck ; altera_reserved_tck ; 100.000      ; -0.098     ; 4.679      ;
; 95.241 ; sld_hub:auto_hub|sld_jtag_hub:\jtag_hub_gen:sld_jtag_hub_inst|clr_reg                            ; sld_hub:auto_hub|sld_jtag_hub:\jtag_hub_gen:sld_jtag_hub_inst|irf_reg[1][5]                   ; altera_reserved_tck ; altera_reserved_tck ; 100.000      ; -0.098     ; 4.679      ;
; 95.241 ; sld_hub:auto_hub|sld_jtag_hub:\jtag_hub_gen:sld_jtag_hub_inst|clr_reg                            ; sld_hub:auto_hub|sld_jtag_hub:\jtag_hub_gen:sld_jtag_hub_inst|shadow_irf_reg[1][4]            ; altera_reserved_tck ; altera_reserved_tck ; 100.000      ; -0.098     ; 4.679      ;
; 95.241 ; sld_hub:auto_hub|sld_jtag_hub:\jtag_hub_gen:sld_jtag_hub_inst|clr_reg                            ; sld_hub:auto_hub|sld_jtag_hub:\jtag_hub_gen:sld_jtag_hub_inst|irf_reg[1][4]                   ; altera_reserved_tck ; altera_reserved_tck ; 100.000      ; -0.098     ; 4.679      ;
; 95.241 ; sld_hub:auto_hub|sld_jtag_hub:\jtag_hub_gen:sld_jtag_hub_inst|clr_reg                            ; sld_hub:auto_hub|sld_jtag_hub:\jtag_hub_gen:sld_jtag_hub_inst|shadow_irf_reg[1][3]            ; altera_reserved_tck ; altera_reserved_tck ; 100.000      ; -0.098     ; 4.679      ;
; 95.241 ; sld_hub:auto_hub|sld_jtag_hub:\jtag_hub_gen:sld_jtag_hub_inst|clr_reg                            ; sld_hub:auto_hub|sld_jtag_hub:\jtag_hub_gen:sld_jtag_hub_inst|irf_reg[1][3]                   ; altera_reserved_tck ; altera_reserved_tck ; 100.000      ; -0.098     ; 4.679      ;
; 95.241 ; sld_hub:auto_hub|sld_jtag_hub:\jtag_hub_gen:sld_jtag_hub_inst|clr_reg                            ; sld_hub:auto_hub|sld_jtag_hub:\jtag_hub_gen:sld_jtag_hub_inst|shadow_irf_reg[1][2]            ; altera_reserved_tck ; altera_reserved_tck ; 100.000      ; -0.098     ; 4.679      ;
; 95.241 ; sld_hub:auto_hub|sld_jtag_hub:\jtag_hub_gen:sld_jtag_hub_inst|clr_reg                            ; sld_hub:auto_hub|sld_jtag_hub:\jtag_hub_gen:sld_jtag_hub_inst|irf_reg[1][2]                   ; altera_reserved_tck ; altera_reserved_tck ; 100.000      ; -0.098     ; 4.679      ;
; 95.241 ; sld_hub:auto_hub|sld_jtag_hub:\jtag_hub_gen:sld_jtag_hub_inst|clr_reg                            ; sld_hub:auto_hub|sld_jtag_hub:\jtag_hub_gen:sld_jtag_hub_inst|irf_reg[1][0]                   ; altera_reserved_tck ; altera_reserved_tck ; 100.000      ; -0.098     ; 4.679      ;
; 95.241 ; sld_hub:auto_hub|sld_jtag_hub:\jtag_hub_gen:sld_jtag_hub_inst|clr_reg                            ; sld_hub:auto_hub|sld_jtag_hub:\jtag_hub_gen:sld_jtag_hub_inst|irf_reg[1][1]                   ; altera_reserved_tck ; altera_reserved_tck ; 100.000      ; -0.098     ; 4.679      ;
; 95.241 ; sld_hub:auto_hub|sld_jtag_hub:\jtag_hub_gen:sld_jtag_hub_inst|clr_reg                            ; sld_hub:auto_hub|sld_jtag_hub:\jtag_hub_gen:sld_jtag_hub_inst|shadow_irf_reg[1][0]            ; altera_reserved_tck ; altera_reserved_tck ; 100.000      ; -0.098     ; 4.679      ;
; 95.241 ; sld_hub:auto_hub|sld_jtag_hub:\jtag_hub_gen:sld_jtag_hub_inst|clr_reg                            ; sld_hub:auto_hub|sld_jtag_hub:\jtag_hub_gen:sld_jtag_hub_inst|shadow_irf_reg[1][1]            ; altera_reserved_tck ; altera_reserved_tck ; 100.000      ; -0.098     ; 4.679      ;
; 95.241 ; sld_hub:auto_hub|sld_jtag_hub:\jtag_hub_gen:sld_jtag_hub_inst|clr_reg                            ; sld_hub:auto_hub|sld_jtag_hub:\jtag_hub_gen:sld_jtag_hub_inst|irsr_reg[5]                     ; altera_reserved_tck ; altera_reserved_tck ; 100.000      ; -0.097     ; 4.680      ;
; 95.241 ; sld_hub:auto_hub|sld_jtag_hub:\jtag_hub_gen:sld_jtag_hub_inst|clr_reg                            ; sld_hub:auto_hub|sld_jtag_hub:\jtag_hub_gen:sld_jtag_hub_inst|irsr_reg[2]                     ; altera_reserved_tck ; altera_reserved_tck ; 100.000      ; -0.097     ; 4.680      ;
; 95.241 ; sld_hub:auto_hub|sld_jtag_hub:\jtag_hub_gen:sld_jtag_hub_inst|clr_reg                            ; sld_hub:auto_hub|sld_jtag_hub:\jtag_hub_gen:sld_jtag_hub_inst|irsr_reg[0]                     ; altera_reserved_tck ; altera_reserved_tck ; 100.000      ; -0.097     ; 4.680      ;
; 95.241 ; sld_hub:auto_hub|sld_jtag_hub:\jtag_hub_gen:sld_jtag_hub_inst|clr_reg                            ; sld_hub:auto_hub|sld_jtag_hub:\jtag_hub_gen:sld_jtag_hub_inst|irsr_reg[4]                     ; altera_reserved_tck ; altera_reserved_tck ; 100.000      ; -0.097     ; 4.680      ;
; 95.241 ; sld_hub:auto_hub|sld_jtag_hub:\jtag_hub_gen:sld_jtag_hub_inst|clr_reg                            ; sld_hub:auto_hub|sld_jtag_hub:\jtag_hub_gen:sld_jtag_hub_inst|irsr_reg[3]                     ; altera_reserved_tck ; altera_reserved_tck ; 100.000      ; -0.097     ; 4.680      ;
; 95.241 ; sld_hub:auto_hub|sld_jtag_hub:\jtag_hub_gen:sld_jtag_hub_inst|clr_reg                            ; sld_hub:auto_hub|sld_jtag_hub:\jtag_hub_gen:sld_jtag_hub_inst|irsr_reg[1]                     ; altera_reserved_tck ; altera_reserved_tck ; 100.000      ; -0.097     ; 4.680      ;
; 95.241 ; sld_hub:auto_hub|sld_jtag_hub:\jtag_hub_gen:sld_jtag_hub_inst|clr_reg                            ; sld_hub:auto_hub|sld_jtag_hub:\jtag_hub_gen:sld_jtag_hub_inst|hub_mode_reg[1]                 ; altera_reserved_tck ; altera_reserved_tck ; 100.000      ; -0.099     ; 4.678      ;
; 95.241 ; sld_hub:auto_hub|sld_jtag_hub:\jtag_hub_gen:sld_jtag_hub_inst|clr_reg                            ; sld_hub:auto_hub|sld_jtag_hub:\jtag_hub_gen:sld_jtag_hub_inst|hub_mode_reg[0]                 ; altera_reserved_tck ; altera_reserved_tck ; 100.000      ; -0.099     ; 4.678      ;
; 95.241 ; sld_hub:auto_hub|sld_jtag_hub:\jtag_hub_gen:sld_jtag_hub_inst|clr_reg                            ; MPSoC:inst1|MPSoC_jtag0:jtag0|alt_jtag_atlantic:MPSoC_jtag0_alt_jtag_atlantic|count[2]        ; altera_reserved_tck ; altera_reserved_tck ; 100.000      ; -0.064     ; 4.713      ;
; 95.241 ; sld_hub:auto_hub|sld_jtag_hub:\jtag_hub_gen:sld_jtag_hub_inst|clr_reg                            ; MPSoC:inst1|MPSoC_jtag0:jtag0|alt_jtag_atlantic:MPSoC_jtag0_alt_jtag_atlantic|count[3]        ; altera_reserved_tck ; altera_reserved_tck ; 100.000      ; -0.064     ; 4.713      ;
; 95.241 ; sld_hub:auto_hub|sld_jtag_hub:\jtag_hub_gen:sld_jtag_hub_inst|clr_reg                            ; MPSoC:inst1|MPSoC_jtag0:jtag0|alt_jtag_atlantic:MPSoC_jtag0_alt_jtag_atlantic|count[4]        ; altera_reserved_tck ; altera_reserved_tck ; 100.000      ; -0.064     ; 4.713      ;
; 95.241 ; sld_hub:auto_hub|sld_jtag_hub:\jtag_hub_gen:sld_jtag_hub_inst|clr_reg                            ; MPSoC:inst1|MPSoC_jtag0:jtag0|alt_jtag_atlantic:MPSoC_jtag0_alt_jtag_atlantic|count[5]        ; altera_reserved_tck ; altera_reserved_tck ; 100.000      ; -0.064     ; 4.713      ;
; 95.241 ; sld_hub:auto_hub|sld_jtag_hub:\jtag_hub_gen:sld_jtag_hub_inst|clr_reg                            ; MPSoC:inst1|MPSoC_jtag0:jtag0|alt_jtag_atlantic:MPSoC_jtag0_alt_jtag_atlantic|count[6]        ; altera_reserved_tck ; altera_reserved_tck ; 100.000      ; -0.064     ; 4.713      ;
; 95.241 ; sld_hub:auto_hub|sld_jtag_hub:\jtag_hub_gen:sld_jtag_hub_inst|clr_reg                            ; MPSoC:inst1|MPSoC_jtag0:jtag0|alt_jtag_atlantic:MPSoC_jtag0_alt_jtag_atlantic|count[7]        ; altera_reserved_tck ; altera_reserved_tck ; 100.000      ; -0.064     ; 4.713      ;
; 95.241 ; sld_hub:auto_hub|sld_jtag_hub:\jtag_hub_gen:sld_jtag_hub_inst|clr_reg                            ; MPSoC:inst1|MPSoC_jtag0:jtag0|alt_jtag_atlantic:MPSoC_jtag0_alt_jtag_atlantic|count[8]        ; altera_reserved_tck ; altera_reserved_tck ; 100.000      ; -0.064     ; 4.713      ;
; 95.241 ; sld_hub:auto_hub|sld_jtag_hub:\jtag_hub_gen:sld_jtag_hub_inst|clr_reg                            ; MPSoC:inst1|MPSoC_jtag0:jtag0|alt_jtag_atlantic:MPSoC_jtag0_alt_jtag_atlantic|state           ; altera_reserved_tck ; altera_reserved_tck ; 100.000      ; -0.058     ; 4.719      ;
; 95.241 ; sld_hub:auto_hub|sld_jtag_hub:\jtag_hub_gen:sld_jtag_hub_inst|clr_reg                            ; MPSoC:inst1|MPSoC_jtag0:jtag0|alt_jtag_atlantic:MPSoC_jtag0_alt_jtag_atlantic|count[9]        ; altera_reserved_tck ; altera_reserved_tck ; 100.000      ; -0.064     ; 4.713      ;
; 95.241 ; sld_hub:auto_hub|sld_jtag_hub:\jtag_hub_gen:sld_jtag_hub_inst|clr_reg                            ; MPSoC:inst1|MPSoC_jtag0:jtag0|alt_jtag_atlantic:MPSoC_jtag0_alt_jtag_atlantic|count[0]        ; altera_reserved_tck ; altera_reserved_tck ; 100.000      ; -0.058     ; 4.719      ;
; 95.241 ; sld_hub:auto_hub|sld_jtag_hub:\jtag_hub_gen:sld_jtag_hub_inst|clr_reg                            ; MPSoC:inst1|MPSoC_jtag0:jtag0|alt_jtag_atlantic:MPSoC_jtag0_alt_jtag_atlantic|count[1]        ; altera_reserved_tck ; altera_reserved_tck ; 100.000      ; -0.058     ; 4.719      ;
+--------+--------------------------------------------------------------------------------------------------+-----------------------------------------------------------------------------------------------+---------------------+---------------------+--------------+------------+------------+


+-----------------------------------------------------------------------------------------------------------------------------------------------------------------------------------------------------------------------------------------------------------------------------------------------+
; Slow 1200mV 85C Model Removal: 'altera_reserved_tck'                                                                                                                                                                                                                                          ;
+-------+--------------------------------------------------------------------------------------------------+-----------------------------------------------------------------------------------------------+---------------------+---------------------+--------------+------------+------------+
; Slack ; From Node                                                                                        ; To Node                                                                                       ; Launch Clock        ; Latch Clock         ; Relationship ; Clock Skew ; Data Delay ;
+-------+--------------------------------------------------------------------------------------------------+-----------------------------------------------------------------------------------------------+---------------------+---------------------+--------------+------------+------------+
; 1.219 ; sld_hub:auto_hub|sld_jtag_hub:\jtag_hub_gen:sld_jtag_hub_inst|virtual_ir_scan_reg                ; sld_hub:auto_hub|sld_jtag_hub:\jtag_hub_gen:sld_jtag_hub_inst|hub_mode_reg[2]                 ; altera_reserved_tck ; altera_reserved_tck ; 0.000        ; 0.079      ; 1.484      ;
; 1.519 ; sld_hub:auto_hub|sld_jtag_hub:\jtag_hub_gen:sld_jtag_hub_inst|sld_shadow_jsm:shadow_jsm|state[0] ; sld_hub:auto_hub|sld_jtag_hub:\jtag_hub_gen:sld_jtag_hub_inst|virtual_dr_scan_reg             ; altera_reserved_tck ; altera_reserved_tck ; 0.000        ; 0.085      ; 1.790      ;
; 1.519 ; sld_hub:auto_hub|sld_jtag_hub:\jtag_hub_gen:sld_jtag_hub_inst|sld_shadow_jsm:shadow_jsm|state[0] ; sld_hub:auto_hub|sld_jtag_hub:\jtag_hub_gen:sld_jtag_hub_inst|virtual_ir_scan_reg             ; altera_reserved_tck ; altera_reserved_tck ; 0.000        ; 0.085      ; 1.790      ;
; 1.519 ; sld_hub:auto_hub|sld_jtag_hub:\jtag_hub_gen:sld_jtag_hub_inst|sld_shadow_jsm:shadow_jsm|state[0] ; sld_hub:auto_hub|sld_jtag_hub:\jtag_hub_gen:sld_jtag_hub_inst|jtag_ir_reg[0]                  ; altera_reserved_tck ; altera_reserved_tck ; 0.000        ; 0.085      ; 1.790      ;
; 1.519 ; sld_hub:auto_hub|sld_jtag_hub:\jtag_hub_gen:sld_jtag_hub_inst|sld_shadow_jsm:shadow_jsm|state[0] ; sld_hub:auto_hub|sld_jtag_hub:\jtag_hub_gen:sld_jtag_hub_inst|jtag_ir_reg[1]                  ; altera_reserved_tck ; altera_reserved_tck ; 0.000        ; 0.085      ; 1.790      ;
; 1.519 ; sld_hub:auto_hub|sld_jtag_hub:\jtag_hub_gen:sld_jtag_hub_inst|sld_shadow_jsm:shadow_jsm|state[0] ; sld_hub:auto_hub|sld_jtag_hub:\jtag_hub_gen:sld_jtag_hub_inst|jtag_ir_reg[2]                  ; altera_reserved_tck ; altera_reserved_tck ; 0.000        ; 0.085      ; 1.790      ;
; 1.519 ; sld_hub:auto_hub|sld_jtag_hub:\jtag_hub_gen:sld_jtag_hub_inst|sld_shadow_jsm:shadow_jsm|state[0] ; sld_hub:auto_hub|sld_jtag_hub:\jtag_hub_gen:sld_jtag_hub_inst|jtag_ir_reg[3]                  ; altera_reserved_tck ; altera_reserved_tck ; 0.000        ; 0.085      ; 1.790      ;
; 1.519 ; sld_hub:auto_hub|sld_jtag_hub:\jtag_hub_gen:sld_jtag_hub_inst|sld_shadow_jsm:shadow_jsm|state[0] ; sld_hub:auto_hub|sld_jtag_hub:\jtag_hub_gen:sld_jtag_hub_inst|jtag_ir_reg[4]                  ; altera_reserved_tck ; altera_reserved_tck ; 0.000        ; 0.085      ; 1.790      ;
; 1.519 ; sld_hub:auto_hub|sld_jtag_hub:\jtag_hub_gen:sld_jtag_hub_inst|sld_shadow_jsm:shadow_jsm|state[0] ; sld_hub:auto_hub|sld_jtag_hub:\jtag_hub_gen:sld_jtag_hub_inst|jtag_ir_reg[5]                  ; altera_reserved_tck ; altera_reserved_tck ; 0.000        ; 0.085      ; 1.790      ;
; 1.519 ; sld_hub:auto_hub|sld_jtag_hub:\jtag_hub_gen:sld_jtag_hub_inst|sld_shadow_jsm:shadow_jsm|state[0] ; sld_hub:auto_hub|sld_jtag_hub:\jtag_hub_gen:sld_jtag_hub_inst|jtag_ir_reg[6]                  ; altera_reserved_tck ; altera_reserved_tck ; 0.000        ; 0.085      ; 1.790      ;
; 1.519 ; sld_hub:auto_hub|sld_jtag_hub:\jtag_hub_gen:sld_jtag_hub_inst|sld_shadow_jsm:shadow_jsm|state[0] ; sld_hub:auto_hub|sld_jtag_hub:\jtag_hub_gen:sld_jtag_hub_inst|jtag_ir_reg[7]                  ; altera_reserved_tck ; altera_reserved_tck ; 0.000        ; 0.085      ; 1.790      ;
; 1.519 ; sld_hub:auto_hub|sld_jtag_hub:\jtag_hub_gen:sld_jtag_hub_inst|sld_shadow_jsm:shadow_jsm|state[0] ; sld_hub:auto_hub|sld_jtag_hub:\jtag_hub_gen:sld_jtag_hub_inst|jtag_ir_reg[8]                  ; altera_reserved_tck ; altera_reserved_tck ; 0.000        ; 0.085      ; 1.790      ;
; 1.519 ; sld_hub:auto_hub|sld_jtag_hub:\jtag_hub_gen:sld_jtag_hub_inst|sld_shadow_jsm:shadow_jsm|state[0] ; sld_hub:auto_hub|sld_jtag_hub:\jtag_hub_gen:sld_jtag_hub_inst|jtag_ir_reg[9]                  ; altera_reserved_tck ; altera_reserved_tck ; 0.000        ; 0.085      ; 1.790      ;
; 4.223 ; sld_hub:auto_hub|sld_jtag_hub:\jtag_hub_gen:sld_jtag_hub_inst|clr_reg                            ; MPSoC:inst1|MPSoC_jtag0:jtag0|alt_jtag_atlantic:MPSoC_jtag0_alt_jtag_atlantic|count[2]        ; altera_reserved_tck ; altera_reserved_tck ; 0.000        ; 0.094      ; 4.503      ;
; 4.223 ; sld_hub:auto_hub|sld_jtag_hub:\jtag_hub_gen:sld_jtag_hub_inst|clr_reg                            ; MPSoC:inst1|MPSoC_jtag0:jtag0|alt_jtag_atlantic:MPSoC_jtag0_alt_jtag_atlantic|count[3]        ; altera_reserved_tck ; altera_reserved_tck ; 0.000        ; 0.094      ; 4.503      ;
; 4.223 ; sld_hub:auto_hub|sld_jtag_hub:\jtag_hub_gen:sld_jtag_hub_inst|clr_reg                            ; MPSoC:inst1|MPSoC_jtag0:jtag0|alt_jtag_atlantic:MPSoC_jtag0_alt_jtag_atlantic|count[4]        ; altera_reserved_tck ; altera_reserved_tck ; 0.000        ; 0.094      ; 4.503      ;
; 4.223 ; sld_hub:auto_hub|sld_jtag_hub:\jtag_hub_gen:sld_jtag_hub_inst|clr_reg                            ; MPSoC:inst1|MPSoC_jtag0:jtag0|alt_jtag_atlantic:MPSoC_jtag0_alt_jtag_atlantic|count[5]        ; altera_reserved_tck ; altera_reserved_tck ; 0.000        ; 0.094      ; 4.503      ;
; 4.223 ; sld_hub:auto_hub|sld_jtag_hub:\jtag_hub_gen:sld_jtag_hub_inst|clr_reg                            ; MPSoC:inst1|MPSoC_jtag0:jtag0|alt_jtag_atlantic:MPSoC_jtag0_alt_jtag_atlantic|count[6]        ; altera_reserved_tck ; altera_reserved_tck ; 0.000        ; 0.094      ; 4.503      ;
; 4.223 ; sld_hub:auto_hub|sld_jtag_hub:\jtag_hub_gen:sld_jtag_hub_inst|clr_reg                            ; MPSoC:inst1|MPSoC_jtag0:jtag0|alt_jtag_atlantic:MPSoC_jtag0_alt_jtag_atlantic|count[7]        ; altera_reserved_tck ; altera_reserved_tck ; 0.000        ; 0.094      ; 4.503      ;
; 4.223 ; sld_hub:auto_hub|sld_jtag_hub:\jtag_hub_gen:sld_jtag_hub_inst|clr_reg                            ; MPSoC:inst1|MPSoC_jtag0:jtag0|alt_jtag_atlantic:MPSoC_jtag0_alt_jtag_atlantic|count[8]        ; altera_reserved_tck ; altera_reserved_tck ; 0.000        ; 0.094      ; 4.503      ;
; 4.223 ; sld_hub:auto_hub|sld_jtag_hub:\jtag_hub_gen:sld_jtag_hub_inst|clr_reg                            ; MPSoC:inst1|MPSoC_jtag0:jtag0|alt_jtag_atlantic:MPSoC_jtag0_alt_jtag_atlantic|state           ; altera_reserved_tck ; altera_reserved_tck ; 0.000        ; 0.100      ; 4.509      ;
; 4.223 ; sld_hub:auto_hub|sld_jtag_hub:\jtag_hub_gen:sld_jtag_hub_inst|clr_reg                            ; MPSoC:inst1|MPSoC_jtag0:jtag0|alt_jtag_atlantic:MPSoC_jtag0_alt_jtag_atlantic|count[9]        ; altera_reserved_tck ; altera_reserved_tck ; 0.000        ; 0.094      ; 4.503      ;
; 4.223 ; sld_hub:auto_hub|sld_jtag_hub:\jtag_hub_gen:sld_jtag_hub_inst|clr_reg                            ; MPSoC:inst1|MPSoC_jtag0:jtag0|alt_jtag_atlantic:MPSoC_jtag0_alt_jtag_atlantic|count[0]        ; altera_reserved_tck ; altera_reserved_tck ; 0.000        ; 0.100      ; 4.509      ;
; 4.223 ; sld_hub:auto_hub|sld_jtag_hub:\jtag_hub_gen:sld_jtag_hub_inst|clr_reg                            ; MPSoC:inst1|MPSoC_jtag0:jtag0|alt_jtag_atlantic:MPSoC_jtag0_alt_jtag_atlantic|count[1]        ; altera_reserved_tck ; altera_reserved_tck ; 0.000        ; 0.100      ; 4.509      ;
; 4.223 ; sld_hub:auto_hub|sld_jtag_hub:\jtag_hub_gen:sld_jtag_hub_inst|clr_reg                            ; MPSoC:inst1|MPSoC_jtag0:jtag0|alt_jtag_atlantic:MPSoC_jtag0_alt_jtag_atlantic|td_shift[10]    ; altera_reserved_tck ; altera_reserved_tck ; 0.000        ; 0.100      ; 4.509      ;
; 4.223 ; sld_hub:auto_hub|sld_jtag_hub:\jtag_hub_gen:sld_jtag_hub_inst|clr_reg                            ; MPSoC:inst1|MPSoC_jtag0:jtag0|alt_jtag_atlantic:MPSoC_jtag0_alt_jtag_atlantic|td_shift[9]     ; altera_reserved_tck ; altera_reserved_tck ; 0.000        ; 0.095      ; 4.504      ;
; 4.223 ; sld_hub:auto_hub|sld_jtag_hub:\jtag_hub_gen:sld_jtag_hub_inst|clr_reg                            ; MPSoC:inst1|MPSoC_jtag0:jtag0|alt_jtag_atlantic:MPSoC_jtag0_alt_jtag_atlantic|td_shift[8]     ; altera_reserved_tck ; altera_reserved_tck ; 0.000        ; 0.095      ; 4.504      ;
; 4.223 ; sld_hub:auto_hub|sld_jtag_hub:\jtag_hub_gen:sld_jtag_hub_inst|clr_reg                            ; MPSoC:inst1|MPSoC_jtag0:jtag0|alt_jtag_atlantic:MPSoC_jtag0_alt_jtag_atlantic|td_shift[7]     ; altera_reserved_tck ; altera_reserved_tck ; 0.000        ; 0.095      ; 4.504      ;
; 4.223 ; sld_hub:auto_hub|sld_jtag_hub:\jtag_hub_gen:sld_jtag_hub_inst|clr_reg                            ; MPSoC:inst1|MPSoC_jtag0:jtag0|alt_jtag_atlantic:MPSoC_jtag0_alt_jtag_atlantic|td_shift[6]     ; altera_reserved_tck ; altera_reserved_tck ; 0.000        ; 0.095      ; 4.504      ;
; 4.223 ; sld_hub:auto_hub|sld_jtag_hub:\jtag_hub_gen:sld_jtag_hub_inst|clr_reg                            ; MPSoC:inst1|MPSoC_jtag0:jtag0|alt_jtag_atlantic:MPSoC_jtag0_alt_jtag_atlantic|td_shift[5]     ; altera_reserved_tck ; altera_reserved_tck ; 0.000        ; 0.095      ; 4.504      ;
; 4.223 ; sld_hub:auto_hub|sld_jtag_hub:\jtag_hub_gen:sld_jtag_hub_inst|clr_reg                            ; MPSoC:inst1|MPSoC_jtag0:jtag0|alt_jtag_atlantic:MPSoC_jtag0_alt_jtag_atlantic|td_shift[4]     ; altera_reserved_tck ; altera_reserved_tck ; 0.000        ; 0.094      ; 4.503      ;
; 4.223 ; sld_hub:auto_hub|sld_jtag_hub:\jtag_hub_gen:sld_jtag_hub_inst|clr_reg                            ; MPSoC:inst1|MPSoC_jtag0:jtag0|alt_jtag_atlantic:MPSoC_jtag0_alt_jtag_atlantic|td_shift[3]     ; altera_reserved_tck ; altera_reserved_tck ; 0.000        ; 0.094      ; 4.503      ;
; 4.223 ; sld_hub:auto_hub|sld_jtag_hub:\jtag_hub_gen:sld_jtag_hub_inst|clr_reg                            ; MPSoC:inst1|MPSoC_jtag0:jtag0|alt_jtag_atlantic:MPSoC_jtag0_alt_jtag_atlantic|td_shift[2]     ; altera_reserved_tck ; altera_reserved_tck ; 0.000        ; 0.094      ; 4.503      ;
; 4.223 ; sld_hub:auto_hub|sld_jtag_hub:\jtag_hub_gen:sld_jtag_hub_inst|clr_reg                            ; MPSoC:inst1|MPSoC_jtag0:jtag0|alt_jtag_atlantic:MPSoC_jtag0_alt_jtag_atlantic|tck_t_dav       ; altera_reserved_tck ; altera_reserved_tck ; 0.000        ; 0.100      ; 4.509      ;
; 4.223 ; sld_hub:auto_hub|sld_jtag_hub:\jtag_hub_gen:sld_jtag_hub_inst|clr_reg                            ; MPSoC:inst1|MPSoC_jtag0:jtag0|alt_jtag_atlantic:MPSoC_jtag0_alt_jtag_atlantic|td_shift[1]     ; altera_reserved_tck ; altera_reserved_tck ; 0.000        ; 0.094      ; 4.503      ;
; 4.223 ; sld_hub:auto_hub|sld_jtag_hub:\jtag_hub_gen:sld_jtag_hub_inst|clr_reg                            ; MPSoC:inst1|MPSoC_jtag0:jtag0|alt_jtag_atlantic:MPSoC_jtag0_alt_jtag_atlantic|td_shift[0]     ; altera_reserved_tck ; altera_reserved_tck ; 0.000        ; 0.100      ; 4.509      ;
; 4.223 ; sld_hub:auto_hub|sld_jtag_hub:\jtag_hub_gen:sld_jtag_hub_inst|clr_reg                            ; MPSoC:inst1|MPSoC_jtag0:jtag0|alt_jtag_atlantic:MPSoC_jtag0_alt_jtag_atlantic|user_saw_rvalid ; altera_reserved_tck ; altera_reserved_tck ; 0.000        ; 0.100      ; 4.509      ;
; 4.223 ; sld_hub:auto_hub|sld_jtag_hub:\jtag_hub_gen:sld_jtag_hub_inst|clr_reg                            ; MPSoC:inst1|MPSoC_jtag0:jtag0|alt_jtag_atlantic:MPSoC_jtag0_alt_jtag_atlantic|wdata[7]        ; altera_reserved_tck ; altera_reserved_tck ; 0.000        ; 0.095      ; 4.504      ;
; 4.223 ; sld_hub:auto_hub|sld_jtag_hub:\jtag_hub_gen:sld_jtag_hub_inst|clr_reg                            ; MPSoC:inst1|MPSoC_jtag0:jtag0|alt_jtag_atlantic:MPSoC_jtag0_alt_jtag_atlantic|wdata[6]        ; altera_reserved_tck ; altera_reserved_tck ; 0.000        ; 0.095      ; 4.504      ;
; 4.223 ; sld_hub:auto_hub|sld_jtag_hub:\jtag_hub_gen:sld_jtag_hub_inst|clr_reg                            ; MPSoC:inst1|MPSoC_jtag0:jtag0|alt_jtag_atlantic:MPSoC_jtag0_alt_jtag_atlantic|wdata[5]        ; altera_reserved_tck ; altera_reserved_tck ; 0.000        ; 0.095      ; 4.504      ;
; 4.223 ; sld_hub:auto_hub|sld_jtag_hub:\jtag_hub_gen:sld_jtag_hub_inst|clr_reg                            ; MPSoC:inst1|MPSoC_jtag0:jtag0|alt_jtag_atlantic:MPSoC_jtag0_alt_jtag_atlantic|wdata[4]        ; altera_reserved_tck ; altera_reserved_tck ; 0.000        ; 0.095      ; 4.504      ;
; 4.223 ; sld_hub:auto_hub|sld_jtag_hub:\jtag_hub_gen:sld_jtag_hub_inst|clr_reg                            ; MPSoC:inst1|MPSoC_jtag0:jtag0|alt_jtag_atlantic:MPSoC_jtag0_alt_jtag_atlantic|wdata[3]        ; altera_reserved_tck ; altera_reserved_tck ; 0.000        ; 0.095      ; 4.504      ;
; 4.223 ; sld_hub:auto_hub|sld_jtag_hub:\jtag_hub_gen:sld_jtag_hub_inst|clr_reg                            ; MPSoC:inst1|MPSoC_jtag0:jtag0|alt_jtag_atlantic:MPSoC_jtag0_alt_jtag_atlantic|wdata[2]        ; altera_reserved_tck ; altera_reserved_tck ; 0.000        ; 0.095      ; 4.504      ;
; 4.223 ; sld_hub:auto_hub|sld_jtag_hub:\jtag_hub_gen:sld_jtag_hub_inst|clr_reg                            ; MPSoC:inst1|MPSoC_jtag0:jtag0|alt_jtag_atlantic:MPSoC_jtag0_alt_jtag_atlantic|wdata[1]        ; altera_reserved_tck ; altera_reserved_tck ; 0.000        ; 0.095      ; 4.504      ;
; 4.224 ; sld_hub:auto_hub|sld_jtag_hub:\jtag_hub_gen:sld_jtag_hub_inst|clr_reg                            ; sld_hub:auto_hub|sld_jtag_hub:\jtag_hub_gen:sld_jtag_hub_inst|shadow_irf_reg[2][5]            ; altera_reserved_tck ; altera_reserved_tck ; 0.000        ; 0.067      ; 4.477      ;
; 4.224 ; sld_hub:auto_hub|sld_jtag_hub:\jtag_hub_gen:sld_jtag_hub_inst|clr_reg                            ; sld_hub:auto_hub|sld_jtag_hub:\jtag_hub_gen:sld_jtag_hub_inst|irf_reg[2][5]                   ; altera_reserved_tck ; altera_reserved_tck ; 0.000        ; 0.067      ; 4.477      ;
; 4.224 ; sld_hub:auto_hub|sld_jtag_hub:\jtag_hub_gen:sld_jtag_hub_inst|clr_reg                            ; sld_hub:auto_hub|sld_jtag_hub:\jtag_hub_gen:sld_jtag_hub_inst|shadow_irf_reg[2][4]            ; altera_reserved_tck ; altera_reserved_tck ; 0.000        ; 0.067      ; 4.477      ;
; 4.224 ; sld_hub:auto_hub|sld_jtag_hub:\jtag_hub_gen:sld_jtag_hub_inst|clr_reg                            ; sld_hub:auto_hub|sld_jtag_hub:\jtag_hub_gen:sld_jtag_hub_inst|irf_reg[2][4]                   ; altera_reserved_tck ; altera_reserved_tck ; 0.000        ; 0.067      ; 4.477      ;
; 4.224 ; sld_hub:auto_hub|sld_jtag_hub:\jtag_hub_gen:sld_jtag_hub_inst|clr_reg                            ; sld_hub:auto_hub|sld_jtag_hub:\jtag_hub_gen:sld_jtag_hub_inst|shadow_irf_reg[2][3]            ; altera_reserved_tck ; altera_reserved_tck ; 0.000        ; 0.067      ; 4.477      ;
; 4.224 ; sld_hub:auto_hub|sld_jtag_hub:\jtag_hub_gen:sld_jtag_hub_inst|clr_reg                            ; sld_hub:auto_hub|sld_jtag_hub:\jtag_hub_gen:sld_jtag_hub_inst|irf_reg[2][3]                   ; altera_reserved_tck ; altera_reserved_tck ; 0.000        ; 0.067      ; 4.477      ;
; 4.224 ; sld_hub:auto_hub|sld_jtag_hub:\jtag_hub_gen:sld_jtag_hub_inst|clr_reg                            ; sld_hub:auto_hub|sld_jtag_hub:\jtag_hub_gen:sld_jtag_hub_inst|shadow_irf_reg[2][2]            ; altera_reserved_tck ; altera_reserved_tck ; 0.000        ; 0.067      ; 4.477      ;
; 4.224 ; sld_hub:auto_hub|sld_jtag_hub:\jtag_hub_gen:sld_jtag_hub_inst|clr_reg                            ; sld_hub:auto_hub|sld_jtag_hub:\jtag_hub_gen:sld_jtag_hub_inst|irf_reg[2][2]                   ; altera_reserved_tck ; altera_reserved_tck ; 0.000        ; 0.067      ; 4.477      ;
; 4.224 ; sld_hub:auto_hub|sld_jtag_hub:\jtag_hub_gen:sld_jtag_hub_inst|clr_reg                            ; sld_hub:auto_hub|sld_jtag_hub:\jtag_hub_gen:sld_jtag_hub_inst|shadow_irf_reg[1][5]            ; altera_reserved_tck ; altera_reserved_tck ; 0.000        ; 0.059      ; 4.469      ;
; 4.224 ; sld_hub:auto_hub|sld_jtag_hub:\jtag_hub_gen:sld_jtag_hub_inst|clr_reg                            ; sld_hub:auto_hub|sld_jtag_hub:\jtag_hub_gen:sld_jtag_hub_inst|irf_reg[1][5]                   ; altera_reserved_tck ; altera_reserved_tck ; 0.000        ; 0.059      ; 4.469      ;
; 4.224 ; sld_hub:auto_hub|sld_jtag_hub:\jtag_hub_gen:sld_jtag_hub_inst|clr_reg                            ; sld_hub:auto_hub|sld_jtag_hub:\jtag_hub_gen:sld_jtag_hub_inst|shadow_irf_reg[1][4]            ; altera_reserved_tck ; altera_reserved_tck ; 0.000        ; 0.059      ; 4.469      ;
; 4.224 ; sld_hub:auto_hub|sld_jtag_hub:\jtag_hub_gen:sld_jtag_hub_inst|clr_reg                            ; sld_hub:auto_hub|sld_jtag_hub:\jtag_hub_gen:sld_jtag_hub_inst|irf_reg[1][4]                   ; altera_reserved_tck ; altera_reserved_tck ; 0.000        ; 0.059      ; 4.469      ;
; 4.224 ; sld_hub:auto_hub|sld_jtag_hub:\jtag_hub_gen:sld_jtag_hub_inst|clr_reg                            ; sld_hub:auto_hub|sld_jtag_hub:\jtag_hub_gen:sld_jtag_hub_inst|shadow_irf_reg[1][3]            ; altera_reserved_tck ; altera_reserved_tck ; 0.000        ; 0.059      ; 4.469      ;
; 4.224 ; sld_hub:auto_hub|sld_jtag_hub:\jtag_hub_gen:sld_jtag_hub_inst|clr_reg                            ; sld_hub:auto_hub|sld_jtag_hub:\jtag_hub_gen:sld_jtag_hub_inst|irf_reg[1][3]                   ; altera_reserved_tck ; altera_reserved_tck ; 0.000        ; 0.059      ; 4.469      ;
; 4.224 ; sld_hub:auto_hub|sld_jtag_hub:\jtag_hub_gen:sld_jtag_hub_inst|clr_reg                            ; sld_hub:auto_hub|sld_jtag_hub:\jtag_hub_gen:sld_jtag_hub_inst|shadow_irf_reg[1][2]            ; altera_reserved_tck ; altera_reserved_tck ; 0.000        ; 0.059      ; 4.469      ;
; 4.224 ; sld_hub:auto_hub|sld_jtag_hub:\jtag_hub_gen:sld_jtag_hub_inst|clr_reg                            ; sld_hub:auto_hub|sld_jtag_hub:\jtag_hub_gen:sld_jtag_hub_inst|irf_reg[1][2]                   ; altera_reserved_tck ; altera_reserved_tck ; 0.000        ; 0.059      ; 4.469      ;
; 4.224 ; sld_hub:auto_hub|sld_jtag_hub:\jtag_hub_gen:sld_jtag_hub_inst|clr_reg                            ; sld_hub:auto_hub|sld_jtag_hub:\jtag_hub_gen:sld_jtag_hub_inst|node_ena[1]~reg0                ; altera_reserved_tck ; altera_reserved_tck ; 0.000        ; 0.066      ; 4.476      ;
; 4.224 ; sld_hub:auto_hub|sld_jtag_hub:\jtag_hub_gen:sld_jtag_hub_inst|clr_reg                            ; sld_hub:auto_hub|sld_jtag_hub:\jtag_hub_gen:sld_jtag_hub_inst|node_ena[2]~reg0                ; altera_reserved_tck ; altera_reserved_tck ; 0.000        ; 0.066      ; 4.476      ;
; 4.224 ; sld_hub:auto_hub|sld_jtag_hub:\jtag_hub_gen:sld_jtag_hub_inst|clr_reg                            ; sld_hub:auto_hub|sld_jtag_hub:\jtag_hub_gen:sld_jtag_hub_inst|node_ena[3]~reg0                ; altera_reserved_tck ; altera_reserved_tck ; 0.000        ; 0.066      ; 4.476      ;
; 4.224 ; sld_hub:auto_hub|sld_jtag_hub:\jtag_hub_gen:sld_jtag_hub_inst|clr_reg                            ; sld_hub:auto_hub|sld_jtag_hub:\jtag_hub_gen:sld_jtag_hub_inst|node_ena[4]~reg0                ; altera_reserved_tck ; altera_reserved_tck ; 0.000        ; 0.066      ; 4.476      ;
; 4.224 ; sld_hub:auto_hub|sld_jtag_hub:\jtag_hub_gen:sld_jtag_hub_inst|clr_reg                            ; sld_hub:auto_hub|sld_jtag_hub:\jtag_hub_gen:sld_jtag_hub_inst|irf_reg[2][0]                   ; altera_reserved_tck ; altera_reserved_tck ; 0.000        ; 0.067      ; 4.477      ;
; 4.224 ; sld_hub:auto_hub|sld_jtag_hub:\jtag_hub_gen:sld_jtag_hub_inst|clr_reg                            ; sld_hub:auto_hub|sld_jtag_hub:\jtag_hub_gen:sld_jtag_hub_inst|irf_reg[2][1]                   ; altera_reserved_tck ; altera_reserved_tck ; 0.000        ; 0.067      ; 4.477      ;
; 4.224 ; sld_hub:auto_hub|sld_jtag_hub:\jtag_hub_gen:sld_jtag_hub_inst|clr_reg                            ; sld_hub:auto_hub|sld_jtag_hub:\jtag_hub_gen:sld_jtag_hub_inst|shadow_irf_reg[2][0]            ; altera_reserved_tck ; altera_reserved_tck ; 0.000        ; 0.067      ; 4.477      ;
; 4.224 ; sld_hub:auto_hub|sld_jtag_hub:\jtag_hub_gen:sld_jtag_hub_inst|clr_reg                            ; sld_hub:auto_hub|sld_jtag_hub:\jtag_hub_gen:sld_jtag_hub_inst|shadow_irf_reg[2][1]            ; altera_reserved_tck ; altera_reserved_tck ; 0.000        ; 0.067      ; 4.477      ;
; 4.224 ; sld_hub:auto_hub|sld_jtag_hub:\jtag_hub_gen:sld_jtag_hub_inst|clr_reg                            ; sld_hub:auto_hub|sld_jtag_hub:\jtag_hub_gen:sld_jtag_hub_inst|irf_reg[1][0]                   ; altera_reserved_tck ; altera_reserved_tck ; 0.000        ; 0.059      ; 4.469      ;
; 4.224 ; sld_hub:auto_hub|sld_jtag_hub:\jtag_hub_gen:sld_jtag_hub_inst|clr_reg                            ; sld_hub:auto_hub|sld_jtag_hub:\jtag_hub_gen:sld_jtag_hub_inst|irf_reg[1][1]                   ; altera_reserved_tck ; altera_reserved_tck ; 0.000        ; 0.059      ; 4.469      ;
; 4.224 ; sld_hub:auto_hub|sld_jtag_hub:\jtag_hub_gen:sld_jtag_hub_inst|clr_reg                            ; sld_hub:auto_hub|sld_jtag_hub:\jtag_hub_gen:sld_jtag_hub_inst|shadow_irf_reg[1][0]            ; altera_reserved_tck ; altera_reserved_tck ; 0.000        ; 0.059      ; 4.469      ;
; 4.224 ; sld_hub:auto_hub|sld_jtag_hub:\jtag_hub_gen:sld_jtag_hub_inst|clr_reg                            ; sld_hub:auto_hub|sld_jtag_hub:\jtag_hub_gen:sld_jtag_hub_inst|shadow_irf_reg[1][1]            ; altera_reserved_tck ; altera_reserved_tck ; 0.000        ; 0.059      ; 4.469      ;
; 4.224 ; sld_hub:auto_hub|sld_jtag_hub:\jtag_hub_gen:sld_jtag_hub_inst|clr_reg                            ; sld_hub:auto_hub|sld_jtag_hub:\jtag_hub_gen:sld_jtag_hub_inst|irsr_reg[5]                     ; altera_reserved_tck ; altera_reserved_tck ; 0.000        ; 0.060      ; 4.470      ;
; 4.224 ; sld_hub:auto_hub|sld_jtag_hub:\jtag_hub_gen:sld_jtag_hub_inst|clr_reg                            ; sld_hub:auto_hub|sld_jtag_hub:\jtag_hub_gen:sld_jtag_hub_inst|irsr_reg[2]                     ; altera_reserved_tck ; altera_reserved_tck ; 0.000        ; 0.060      ; 4.470      ;
; 4.224 ; sld_hub:auto_hub|sld_jtag_hub:\jtag_hub_gen:sld_jtag_hub_inst|clr_reg                            ; sld_hub:auto_hub|sld_jtag_hub:\jtag_hub_gen:sld_jtag_hub_inst|irsr_reg[0]                     ; altera_reserved_tck ; altera_reserved_tck ; 0.000        ; 0.060      ; 4.470      ;
; 4.224 ; sld_hub:auto_hub|sld_jtag_hub:\jtag_hub_gen:sld_jtag_hub_inst|clr_reg                            ; sld_hub:auto_hub|sld_jtag_hub:\jtag_hub_gen:sld_jtag_hub_inst|irsr_reg[4]                     ; altera_reserved_tck ; altera_reserved_tck ; 0.000        ; 0.060      ; 4.470      ;
; 4.224 ; sld_hub:auto_hub|sld_jtag_hub:\jtag_hub_gen:sld_jtag_hub_inst|clr_reg                            ; sld_hub:auto_hub|sld_jtag_hub:\jtag_hub_gen:sld_jtag_hub_inst|irsr_reg[3]                     ; altera_reserved_tck ; altera_reserved_tck ; 0.000        ; 0.060      ; 4.470      ;
; 4.224 ; sld_hub:auto_hub|sld_jtag_hub:\jtag_hub_gen:sld_jtag_hub_inst|clr_reg                            ; sld_hub:auto_hub|sld_jtag_hub:\jtag_hub_gen:sld_jtag_hub_inst|irsr_reg[1]                     ; altera_reserved_tck ; altera_reserved_tck ; 0.000        ; 0.060      ; 4.470      ;
; 4.224 ; sld_hub:auto_hub|sld_jtag_hub:\jtag_hub_gen:sld_jtag_hub_inst|clr_reg                            ; sld_hub:auto_hub|sld_jtag_hub:\jtag_hub_gen:sld_jtag_hub_inst|irsr_reg[6]                     ; altera_reserved_tck ; altera_reserved_tck ; 0.000        ; 0.065      ; 4.475      ;
; 4.224 ; sld_hub:auto_hub|sld_jtag_hub:\jtag_hub_gen:sld_jtag_hub_inst|clr_reg                            ; sld_hub:auto_hub|sld_jtag_hub:\jtag_hub_gen:sld_jtag_hub_inst|irsr_reg[8]                     ; altera_reserved_tck ; altera_reserved_tck ; 0.000        ; 0.065      ; 4.475      ;
; 4.224 ; sld_hub:auto_hub|sld_jtag_hub:\jtag_hub_gen:sld_jtag_hub_inst|clr_reg                            ; sld_hub:auto_hub|sld_jtag_hub:\jtag_hub_gen:sld_jtag_hub_inst|irsr_reg[7]                     ; altera_reserved_tck ; altera_reserved_tck ; 0.000        ; 0.065      ; 4.475      ;
; 4.224 ; sld_hub:auto_hub|sld_jtag_hub:\jtag_hub_gen:sld_jtag_hub_inst|clr_reg                            ; MPSoC:inst1|MPSoC_jtag0:jtag1|alt_jtag_atlantic:MPSoC_jtag0_alt_jtag_atlantic|state           ; altera_reserved_tck ; altera_reserved_tck ; 0.000        ; 0.059      ; 4.469      ;
; 4.224 ; sld_hub:auto_hub|sld_jtag_hub:\jtag_hub_gen:sld_jtag_hub_inst|clr_reg                            ; MPSoC:inst1|MPSoC_jtag0:jtag1|alt_jtag_atlantic:MPSoC_jtag0_alt_jtag_atlantic|count[9]        ; altera_reserved_tck ; altera_reserved_tck ; 0.000        ; 0.060      ; 4.470      ;
; 4.224 ; sld_hub:auto_hub|sld_jtag_hub:\jtag_hub_gen:sld_jtag_hub_inst|clr_reg                            ; MPSoC:inst1|MPSoC_jtag0:jtag1|alt_jtag_atlantic:MPSoC_jtag0_alt_jtag_atlantic|count[0]        ; altera_reserved_tck ; altera_reserved_tck ; 0.000        ; 0.060      ; 4.470      ;
; 4.224 ; sld_hub:auto_hub|sld_jtag_hub:\jtag_hub_gen:sld_jtag_hub_inst|clr_reg                            ; MPSoC:inst1|MPSoC_jtag0:jtag1|alt_jtag_atlantic:MPSoC_jtag0_alt_jtag_atlantic|count[1]        ; altera_reserved_tck ; altera_reserved_tck ; 0.000        ; 0.060      ; 4.470      ;
; 4.224 ; sld_hub:auto_hub|sld_jtag_hub:\jtag_hub_gen:sld_jtag_hub_inst|clr_reg                            ; MPSoC:inst1|MPSoC_jtag0:jtag1|alt_jtag_atlantic:MPSoC_jtag0_alt_jtag_atlantic|count[2]        ; altera_reserved_tck ; altera_reserved_tck ; 0.000        ; 0.060      ; 4.470      ;
; 4.224 ; sld_hub:auto_hub|sld_jtag_hub:\jtag_hub_gen:sld_jtag_hub_inst|clr_reg                            ; MPSoC:inst1|MPSoC_jtag0:jtag1|alt_jtag_atlantic:MPSoC_jtag0_alt_jtag_atlantic|count[3]        ; altera_reserved_tck ; altera_reserved_tck ; 0.000        ; 0.060      ; 4.470      ;
; 4.224 ; sld_hub:auto_hub|sld_jtag_hub:\jtag_hub_gen:sld_jtag_hub_inst|clr_reg                            ; MPSoC:inst1|MPSoC_jtag0:jtag1|alt_jtag_atlantic:MPSoC_jtag0_alt_jtag_atlantic|count[4]        ; altera_reserved_tck ; altera_reserved_tck ; 0.000        ; 0.060      ; 4.470      ;
; 4.224 ; sld_hub:auto_hub|sld_jtag_hub:\jtag_hub_gen:sld_jtag_hub_inst|clr_reg                            ; MPSoC:inst1|MPSoC_jtag0:jtag1|alt_jtag_atlantic:MPSoC_jtag0_alt_jtag_atlantic|count[5]        ; altera_reserved_tck ; altera_reserved_tck ; 0.000        ; 0.060      ; 4.470      ;
; 4.224 ; sld_hub:auto_hub|sld_jtag_hub:\jtag_hub_gen:sld_jtag_hub_inst|clr_reg                            ; MPSoC:inst1|MPSoC_jtag0:jtag1|alt_jtag_atlantic:MPSoC_jtag0_alt_jtag_atlantic|count[6]        ; altera_reserved_tck ; altera_reserved_tck ; 0.000        ; 0.060      ; 4.470      ;
; 4.224 ; sld_hub:auto_hub|sld_jtag_hub:\jtag_hub_gen:sld_jtag_hub_inst|clr_reg                            ; MPSoC:inst1|MPSoC_jtag0:jtag1|alt_jtag_atlantic:MPSoC_jtag0_alt_jtag_atlantic|count[7]        ; altera_reserved_tck ; altera_reserved_tck ; 0.000        ; 0.060      ; 4.470      ;
; 4.224 ; sld_hub:auto_hub|sld_jtag_hub:\jtag_hub_gen:sld_jtag_hub_inst|clr_reg                            ; MPSoC:inst1|MPSoC_jtag0:jtag1|alt_jtag_atlantic:MPSoC_jtag0_alt_jtag_atlantic|count[8]        ; altera_reserved_tck ; altera_reserved_tck ; 0.000        ; 0.060      ; 4.470      ;
; 4.224 ; sld_hub:auto_hub|sld_jtag_hub:\jtag_hub_gen:sld_jtag_hub_inst|clr_reg                            ; MPSoC:inst1|MPSoC_jtag0:jtag1|alt_jtag_atlantic:MPSoC_jtag0_alt_jtag_atlantic|td_shift[10]    ; altera_reserved_tck ; altera_reserved_tck ; 0.000        ; 0.060      ; 4.470      ;
; 4.224 ; sld_hub:auto_hub|sld_jtag_hub:\jtag_hub_gen:sld_jtag_hub_inst|clr_reg                            ; MPSoC:inst1|MPSoC_jtag0:jtag1|alt_jtag_atlantic:MPSoC_jtag0_alt_jtag_atlantic|wdata[6]        ; altera_reserved_tck ; altera_reserved_tck ; 0.000        ; 0.060      ; 4.470      ;
; 4.224 ; sld_hub:auto_hub|sld_jtag_hub:\jtag_hub_gen:sld_jtag_hub_inst|clr_reg                            ; MPSoC:inst1|MPSoC_jtag0:jtag1|alt_jtag_atlantic:MPSoC_jtag0_alt_jtag_atlantic|td_shift[8]     ; altera_reserved_tck ; altera_reserved_tck ; 0.000        ; 0.060      ; 4.470      ;
; 4.224 ; sld_hub:auto_hub|sld_jtag_hub:\jtag_hub_gen:sld_jtag_hub_inst|clr_reg                            ; MPSoC:inst1|MPSoC_jtag0:jtag1|alt_jtag_atlantic:MPSoC_jtag0_alt_jtag_atlantic|td_shift[7]     ; altera_reserved_tck ; altera_reserved_tck ; 0.000        ; 0.071      ; 4.481      ;
; 4.224 ; sld_hub:auto_hub|sld_jtag_hub:\jtag_hub_gen:sld_jtag_hub_inst|clr_reg                            ; MPSoC:inst1|MPSoC_jtag0:jtag1|alt_jtag_atlantic:MPSoC_jtag0_alt_jtag_atlantic|td_shift[6]     ; altera_reserved_tck ; altera_reserved_tck ; 0.000        ; 0.071      ; 4.481      ;
; 4.224 ; sld_hub:auto_hub|sld_jtag_hub:\jtag_hub_gen:sld_jtag_hub_inst|clr_reg                            ; MPSoC:inst1|MPSoC_jtag0:jtag1|alt_jtag_atlantic:MPSoC_jtag0_alt_jtag_atlantic|td_shift[5]     ; altera_reserved_tck ; altera_reserved_tck ; 0.000        ; 0.071      ; 4.481      ;
; 4.224 ; sld_hub:auto_hub|sld_jtag_hub:\jtag_hub_gen:sld_jtag_hub_inst|clr_reg                            ; MPSoC:inst1|MPSoC_jtag0:jtag1|alt_jtag_atlantic:MPSoC_jtag0_alt_jtag_atlantic|td_shift[4]     ; altera_reserved_tck ; altera_reserved_tck ; 0.000        ; 0.071      ; 4.481      ;
; 4.224 ; sld_hub:auto_hub|sld_jtag_hub:\jtag_hub_gen:sld_jtag_hub_inst|clr_reg                            ; MPSoC:inst1|MPSoC_jtag0:jtag1|alt_jtag_atlantic:MPSoC_jtag0_alt_jtag_atlantic|td_shift[3]     ; altera_reserved_tck ; altera_reserved_tck ; 0.000        ; 0.071      ; 4.481      ;
+-------+--------------------------------------------------------------------------------------------------+-----------------------------------------------------------------------------------------------+---------------------+---------------------+--------------+------------+------------+


+-------------------------------------------------------------------------------------------------------------------------------------------------------------------------------------------------------------------------------------------------------------------------------------------------------------------------------------------------------------------------------------------+
; Slow 1200mV 85C Model Minimum Pulse Width: 'altera_reserved_tck'                                                                                                                                                                                                                                                                                                                          ;
+--------+--------------+----------------+------------------+---------------------+------------+--------------------------------------------------------------------------------------------------------------------------------------------------------------------------------------------------------------------------------------------------------------------------------------------+
; Slack  ; Actual Width ; Required Width ; Type             ; Clock               ; Clock Edge ; Target                                                                                                                                                                                                                                                                                     ;
+--------+--------------+----------------+------------------+---------------------+------------+--------------------------------------------------------------------------------------------------------------------------------------------------------------------------------------------------------------------------------------------------------------------------------------------+
; 49.632 ; 49.852       ; 0.220          ; High Pulse Width ; altera_reserved_tck ; Fall       ; MPSoC:inst1|MPSoC_jtag0:jtag1|alt_jtag_atlantic:MPSoC_jtag0_alt_jtag_atlantic|jupdate                                                                                                                                                                                                      ;
; 49.632 ; 49.852       ; 0.220          ; High Pulse Width ; altera_reserved_tck ; Fall       ; MPSoC:inst1|MPSoC_jtag0:jtag1|alt_jtag_atlantic:MPSoC_jtag0_alt_jtag_atlantic|tdo~reg0                                                                                                                                                                                                     ;
; 49.633 ; 49.853       ; 0.220          ; High Pulse Width ; altera_reserved_tck ; Fall       ; sld_hub:auto_hub|sld_jtag_hub:\jtag_hub_gen:sld_jtag_hub_inst|tdo                                                                                                                                                                                                                          ;
; 49.635 ; 49.855       ; 0.220          ; High Pulse Width ; altera_reserved_tck ; Fall       ; MPSoC:inst1|MPSoC_jtag0:jtag0|alt_jtag_atlantic:MPSoC_jtag0_alt_jtag_atlantic|jupdate                                                                                                                                                                                                      ;
; 49.635 ; 49.855       ; 0.220          ; High Pulse Width ; altera_reserved_tck ; Fall       ; MPSoC:inst1|MPSoC_jtag0:jtag0|alt_jtag_atlantic:MPSoC_jtag0_alt_jtag_atlantic|tdo~reg0                                                                                                                                                                                                     ;
; 49.685 ; 49.873       ; 0.188          ; Low Pulse Width  ; altera_reserved_tck ; Rise       ; MPSoC:inst1|MPSoC_cpu1:cpu1|MPSoC_cpu1_nios2_oci:the_MPSoC_cpu1_nios2_oci|MPSoC_cpu1_jtag_debug_module_wrapper:the_MPSoC_cpu1_jtag_debug_module_wrapper|MPSoC_cpu1_jtag_debug_module_tck:the_MPSoC_cpu1_jtag_debug_module_tck|altera_std_synchronizer:the_altera_std_synchronizer1|din_s1  ;
; 49.685 ; 49.873       ; 0.188          ; Low Pulse Width  ; altera_reserved_tck ; Rise       ; MPSoC:inst1|MPSoC_cpu1:cpu1|MPSoC_cpu1_nios2_oci:the_MPSoC_cpu1_nios2_oci|MPSoC_cpu1_jtag_debug_module_wrapper:the_MPSoC_cpu1_jtag_debug_module_wrapper|MPSoC_cpu1_jtag_debug_module_tck:the_MPSoC_cpu1_jtag_debug_module_tck|altera_std_synchronizer:the_altera_std_synchronizer1|dreg[0] ;
; 49.685 ; 49.873       ; 0.188          ; Low Pulse Width  ; altera_reserved_tck ; Rise       ; MPSoC:inst1|MPSoC_cpu1:cpu1|MPSoC_cpu1_nios2_oci:the_MPSoC_cpu1_nios2_oci|MPSoC_cpu1_jtag_debug_module_wrapper:the_MPSoC_cpu1_jtag_debug_module_wrapper|MPSoC_cpu1_jtag_debug_module_tck:the_MPSoC_cpu1_jtag_debug_module_tck|altera_std_synchronizer:the_altera_std_synchronizer2|din_s1  ;
; 49.685 ; 49.873       ; 0.188          ; Low Pulse Width  ; altera_reserved_tck ; Rise       ; MPSoC:inst1|MPSoC_cpu1:cpu1|MPSoC_cpu1_nios2_oci:the_MPSoC_cpu1_nios2_oci|MPSoC_cpu1_jtag_debug_module_wrapper:the_MPSoC_cpu1_jtag_debug_module_wrapper|MPSoC_cpu1_jtag_debug_module_tck:the_MPSoC_cpu1_jtag_debug_module_tck|altera_std_synchronizer:the_altera_std_synchronizer2|dreg[0] ;
; 49.685 ; 49.873       ; 0.188          ; Low Pulse Width  ; altera_reserved_tck ; Rise       ; MPSoC:inst1|MPSoC_cpu1:cpu1|MPSoC_cpu1_nios2_oci:the_MPSoC_cpu1_nios2_oci|MPSoC_cpu1_jtag_debug_module_wrapper:the_MPSoC_cpu1_jtag_debug_module_wrapper|MPSoC_cpu1_jtag_debug_module_tck:the_MPSoC_cpu1_jtag_debug_module_tck|ir_out[0]                                                    ;
; 49.685 ; 49.873       ; 0.188          ; Low Pulse Width  ; altera_reserved_tck ; Rise       ; MPSoC:inst1|MPSoC_cpu1:cpu1|MPSoC_cpu1_nios2_oci:the_MPSoC_cpu1_nios2_oci|MPSoC_cpu1_jtag_debug_module_wrapper:the_MPSoC_cpu1_jtag_debug_module_wrapper|MPSoC_cpu1_jtag_debug_module_tck:the_MPSoC_cpu1_jtag_debug_module_tck|ir_out[1]                                                    ;
; 49.685 ; 49.873       ; 0.188          ; Low Pulse Width  ; altera_reserved_tck ; Rise       ; MPSoC:inst1|MPSoC_cpu1:cpu1|MPSoC_cpu1_nios2_oci:the_MPSoC_cpu1_nios2_oci|MPSoC_cpu1_jtag_debug_module_wrapper:the_MPSoC_cpu1_jtag_debug_module_wrapper|MPSoC_cpu1_jtag_debug_module_tck:the_MPSoC_cpu1_jtag_debug_module_tck|sr[10]                                                       ;
; 49.685 ; 49.873       ; 0.188          ; Low Pulse Width  ; altera_reserved_tck ; Rise       ; MPSoC:inst1|MPSoC_cpu1:cpu1|MPSoC_cpu1_nios2_oci:the_MPSoC_cpu1_nios2_oci|MPSoC_cpu1_jtag_debug_module_wrapper:the_MPSoC_cpu1_jtag_debug_module_wrapper|MPSoC_cpu1_jtag_debug_module_tck:the_MPSoC_cpu1_jtag_debug_module_tck|sr[11]                                                       ;
; 49.685 ; 49.873       ; 0.188          ; Low Pulse Width  ; altera_reserved_tck ; Rise       ; MPSoC:inst1|MPSoC_cpu1:cpu1|MPSoC_cpu1_nios2_oci:the_MPSoC_cpu1_nios2_oci|MPSoC_cpu1_jtag_debug_module_wrapper:the_MPSoC_cpu1_jtag_debug_module_wrapper|MPSoC_cpu1_jtag_debug_module_tck:the_MPSoC_cpu1_jtag_debug_module_tck|sr[12]                                                       ;
; 49.685 ; 49.873       ; 0.188          ; Low Pulse Width  ; altera_reserved_tck ; Rise       ; MPSoC:inst1|MPSoC_cpu1:cpu1|MPSoC_cpu1_nios2_oci:the_MPSoC_cpu1_nios2_oci|MPSoC_cpu1_jtag_debug_module_wrapper:the_MPSoC_cpu1_jtag_debug_module_wrapper|MPSoC_cpu1_jtag_debug_module_tck:the_MPSoC_cpu1_jtag_debug_module_tck|sr[13]                                                       ;
; 49.685 ; 49.873       ; 0.188          ; Low Pulse Width  ; altera_reserved_tck ; Rise       ; MPSoC:inst1|MPSoC_cpu1:cpu1|MPSoC_cpu1_nios2_oci:the_MPSoC_cpu1_nios2_oci|MPSoC_cpu1_jtag_debug_module_wrapper:the_MPSoC_cpu1_jtag_debug_module_wrapper|MPSoC_cpu1_jtag_debug_module_tck:the_MPSoC_cpu1_jtag_debug_module_tck|sr[14]                                                       ;
; 49.685 ; 49.873       ; 0.188          ; Low Pulse Width  ; altera_reserved_tck ; Rise       ; MPSoC:inst1|MPSoC_cpu1:cpu1|MPSoC_cpu1_nios2_oci:the_MPSoC_cpu1_nios2_oci|MPSoC_cpu1_jtag_debug_module_wrapper:the_MPSoC_cpu1_jtag_debug_module_wrapper|MPSoC_cpu1_jtag_debug_module_tck:the_MPSoC_cpu1_jtag_debug_module_tck|sr[24]                                                       ;
; 49.685 ; 49.873       ; 0.188          ; Low Pulse Width  ; altera_reserved_tck ; Rise       ; MPSoC:inst1|MPSoC_cpu1:cpu1|MPSoC_cpu1_nios2_oci:the_MPSoC_cpu1_nios2_oci|MPSoC_cpu1_jtag_debug_module_wrapper:the_MPSoC_cpu1_jtag_debug_module_wrapper|MPSoC_cpu1_jtag_debug_module_tck:the_MPSoC_cpu1_jtag_debug_module_tck|sr[25]                                                       ;
; 49.685 ; 49.873       ; 0.188          ; Low Pulse Width  ; altera_reserved_tck ; Rise       ; MPSoC:inst1|MPSoC_cpu1:cpu1|MPSoC_cpu1_nios2_oci:the_MPSoC_cpu1_nios2_oci|MPSoC_cpu1_jtag_debug_module_wrapper:the_MPSoC_cpu1_jtag_debug_module_wrapper|MPSoC_cpu1_jtag_debug_module_tck:the_MPSoC_cpu1_jtag_debug_module_tck|sr[26]                                                       ;
; 49.685 ; 49.873       ; 0.188          ; Low Pulse Width  ; altera_reserved_tck ; Rise       ; MPSoC:inst1|MPSoC_cpu1:cpu1|MPSoC_cpu1_nios2_oci:the_MPSoC_cpu1_nios2_oci|MPSoC_cpu1_jtag_debug_module_wrapper:the_MPSoC_cpu1_jtag_debug_module_wrapper|MPSoC_cpu1_jtag_debug_module_tck:the_MPSoC_cpu1_jtag_debug_module_tck|sr[27]                                                       ;
; 49.685 ; 49.873       ; 0.188          ; Low Pulse Width  ; altera_reserved_tck ; Rise       ; MPSoC:inst1|MPSoC_cpu1:cpu1|MPSoC_cpu1_nios2_oci:the_MPSoC_cpu1_nios2_oci|MPSoC_cpu1_jtag_debug_module_wrapper:the_MPSoC_cpu1_jtag_debug_module_wrapper|MPSoC_cpu1_jtag_debug_module_tck:the_MPSoC_cpu1_jtag_debug_module_tck|sr[28]                                                       ;
; 49.685 ; 49.873       ; 0.188          ; Low Pulse Width  ; altera_reserved_tck ; Rise       ; MPSoC:inst1|MPSoC_cpu1:cpu1|MPSoC_cpu1_nios2_oci:the_MPSoC_cpu1_nios2_oci|MPSoC_cpu1_jtag_debug_module_wrapper:the_MPSoC_cpu1_jtag_debug_module_wrapper|MPSoC_cpu1_jtag_debug_module_tck:the_MPSoC_cpu1_jtag_debug_module_tck|sr[29]                                                       ;
; 49.685 ; 49.873       ; 0.188          ; Low Pulse Width  ; altera_reserved_tck ; Rise       ; MPSoC:inst1|MPSoC_cpu1:cpu1|MPSoC_cpu1_nios2_oci:the_MPSoC_cpu1_nios2_oci|MPSoC_cpu1_jtag_debug_module_wrapper:the_MPSoC_cpu1_jtag_debug_module_wrapper|MPSoC_cpu1_jtag_debug_module_tck:the_MPSoC_cpu1_jtag_debug_module_tck|sr[30]                                                       ;
; 49.685 ; 49.873       ; 0.188          ; Low Pulse Width  ; altera_reserved_tck ; Rise       ; MPSoC:inst1|MPSoC_cpu1:cpu1|MPSoC_cpu1_nios2_oci:the_MPSoC_cpu1_nios2_oci|MPSoC_cpu1_jtag_debug_module_wrapper:the_MPSoC_cpu1_jtag_debug_module_wrapper|MPSoC_cpu1_jtag_debug_module_tck:the_MPSoC_cpu1_jtag_debug_module_tck|sr[31]                                                       ;
; 49.685 ; 49.873       ; 0.188          ; Low Pulse Width  ; altera_reserved_tck ; Rise       ; MPSoC:inst1|MPSoC_cpu1:cpu1|MPSoC_cpu1_nios2_oci:the_MPSoC_cpu1_nios2_oci|MPSoC_cpu1_jtag_debug_module_wrapper:the_MPSoC_cpu1_jtag_debug_module_wrapper|MPSoC_cpu1_jtag_debug_module_tck:the_MPSoC_cpu1_jtag_debug_module_tck|sr[32]                                                       ;
; 49.685 ; 49.873       ; 0.188          ; Low Pulse Width  ; altera_reserved_tck ; Rise       ; MPSoC:inst1|MPSoC_cpu1:cpu1|MPSoC_cpu1_nios2_oci:the_MPSoC_cpu1_nios2_oci|MPSoC_cpu1_jtag_debug_module_wrapper:the_MPSoC_cpu1_jtag_debug_module_wrapper|MPSoC_cpu1_jtag_debug_module_tck:the_MPSoC_cpu1_jtag_debug_module_tck|sr[36]                                                       ;
; 49.685 ; 49.873       ; 0.188          ; Low Pulse Width  ; altera_reserved_tck ; Rise       ; MPSoC:inst1|MPSoC_cpu1:cpu1|MPSoC_cpu1_nios2_oci:the_MPSoC_cpu1_nios2_oci|MPSoC_cpu1_jtag_debug_module_wrapper:the_MPSoC_cpu1_jtag_debug_module_wrapper|MPSoC_cpu1_jtag_debug_module_tck:the_MPSoC_cpu1_jtag_debug_module_tck|sr[37]                                                       ;
; 49.685 ; 49.873       ; 0.188          ; Low Pulse Width  ; altera_reserved_tck ; Rise       ; MPSoC:inst1|MPSoC_jtag0:jtag1|alt_jtag_atlantic:MPSoC_jtag0_alt_jtag_atlantic|wdata[2]                                                                                                                                                                                                     ;
; 49.685 ; 49.873       ; 0.188          ; Low Pulse Width  ; altera_reserved_tck ; Rise       ; MPSoC:inst1|MPSoC_jtag0:jtag1|alt_jtag_atlantic:MPSoC_jtag0_alt_jtag_atlantic|wdata[4]                                                                                                                                                                                                     ;
; 49.685 ; 49.873       ; 0.188          ; Low Pulse Width  ; altera_reserved_tck ; Rise       ; MPSoC:inst1|MPSoC_jtag0:jtag1|alt_jtag_atlantic:MPSoC_jtag0_alt_jtag_atlantic|wdata[7]                                                                                                                                                                                                     ;
; 49.685 ; 49.873       ; 0.188          ; Low Pulse Width  ; altera_reserved_tck ; Rise       ; MPSoC:inst1|MPSoC_jtag0:jtag1|alt_jtag_atlantic:MPSoC_jtag0_alt_jtag_atlantic|write                                                                                                                                                                                                        ;
; 49.685 ; 49.873       ; 0.188          ; Low Pulse Width  ; altera_reserved_tck ; Rise       ; sld_hub:auto_hub|sld_jtag_hub:\jtag_hub_gen:sld_jtag_hub_inst|identity_contrib_shift_reg[0]                                                                                                                                                                                                ;
; 49.685 ; 49.873       ; 0.188          ; Low Pulse Width  ; altera_reserved_tck ; Rise       ; sld_hub:auto_hub|sld_jtag_hub:\jtag_hub_gen:sld_jtag_hub_inst|identity_contrib_shift_reg[1]                                                                                                                                                                                                ;
; 49.685 ; 49.873       ; 0.188          ; Low Pulse Width  ; altera_reserved_tck ; Rise       ; sld_hub:auto_hub|sld_jtag_hub:\jtag_hub_gen:sld_jtag_hub_inst|identity_contrib_shift_reg[2]                                                                                                                                                                                                ;
; 49.685 ; 49.873       ; 0.188          ; Low Pulse Width  ; altera_reserved_tck ; Rise       ; sld_hub:auto_hub|sld_jtag_hub:\jtag_hub_gen:sld_jtag_hub_inst|identity_contrib_shift_reg[3]                                                                                                                                                                                                ;
; 49.685 ; 49.873       ; 0.188          ; Low Pulse Width  ; altera_reserved_tck ; Rise       ; sld_hub:auto_hub|sld_jtag_hub:\jtag_hub_gen:sld_jtag_hub_inst|identity_contrib_update_reg[0]                                                                                                                                                                                               ;
; 49.685 ; 49.873       ; 0.188          ; Low Pulse Width  ; altera_reserved_tck ; Rise       ; sld_hub:auto_hub|sld_jtag_hub:\jtag_hub_gen:sld_jtag_hub_inst|identity_contrib_update_reg[1]                                                                                                                                                                                               ;
; 49.685 ; 49.873       ; 0.188          ; Low Pulse Width  ; altera_reserved_tck ; Rise       ; sld_hub:auto_hub|sld_jtag_hub:\jtag_hub_gen:sld_jtag_hub_inst|identity_contrib_update_reg[2]                                                                                                                                                                                               ;
; 49.685 ; 49.873       ; 0.188          ; Low Pulse Width  ; altera_reserved_tck ; Rise       ; sld_hub:auto_hub|sld_jtag_hub:\jtag_hub_gen:sld_jtag_hub_inst|identity_contrib_update_reg[3]                                                                                                                                                                                               ;
; 49.685 ; 49.873       ; 0.188          ; Low Pulse Width  ; altera_reserved_tck ; Rise       ; sld_hub:auto_hub|sld_jtag_hub:\jtag_hub_gen:sld_jtag_hub_inst|irf_reg[2][0]                                                                                                                                                                                                                ;
; 49.685 ; 49.873       ; 0.188          ; Low Pulse Width  ; altera_reserved_tck ; Rise       ; sld_hub:auto_hub|sld_jtag_hub:\jtag_hub_gen:sld_jtag_hub_inst|irf_reg[2][1]                                                                                                                                                                                                                ;
; 49.685 ; 49.873       ; 0.188          ; Low Pulse Width  ; altera_reserved_tck ; Rise       ; sld_hub:auto_hub|sld_jtag_hub:\jtag_hub_gen:sld_jtag_hub_inst|irf_reg[2][2]                                                                                                                                                                                                                ;
; 49.685 ; 49.873       ; 0.188          ; Low Pulse Width  ; altera_reserved_tck ; Rise       ; sld_hub:auto_hub|sld_jtag_hub:\jtag_hub_gen:sld_jtag_hub_inst|irf_reg[2][3]                                                                                                                                                                                                                ;
; 49.685 ; 49.873       ; 0.188          ; Low Pulse Width  ; altera_reserved_tck ; Rise       ; sld_hub:auto_hub|sld_jtag_hub:\jtag_hub_gen:sld_jtag_hub_inst|irf_reg[2][4]                                                                                                                                                                                                                ;
; 49.685 ; 49.873       ; 0.188          ; Low Pulse Width  ; altera_reserved_tck ; Rise       ; sld_hub:auto_hub|sld_jtag_hub:\jtag_hub_gen:sld_jtag_hub_inst|irf_reg[2][5]                                                                                                                                                                                                                ;
; 49.685 ; 49.873       ; 0.188          ; Low Pulse Width  ; altera_reserved_tck ; Rise       ; sld_hub:auto_hub|sld_jtag_hub:\jtag_hub_gen:sld_jtag_hub_inst|irf_reg[4][0]                                                                                                                                                                                                                ;
; 49.685 ; 49.873       ; 0.188          ; Low Pulse Width  ; altera_reserved_tck ; Rise       ; sld_hub:auto_hub|sld_jtag_hub:\jtag_hub_gen:sld_jtag_hub_inst|irf_reg[4][1]                                                                                                                                                                                                                ;
; 49.685 ; 49.873       ; 0.188          ; Low Pulse Width  ; altera_reserved_tck ; Rise       ; sld_hub:auto_hub|sld_jtag_hub:\jtag_hub_gen:sld_jtag_hub_inst|irf_reg[4][2]                                                                                                                                                                                                                ;
; 49.685 ; 49.873       ; 0.188          ; Low Pulse Width  ; altera_reserved_tck ; Rise       ; sld_hub:auto_hub|sld_jtag_hub:\jtag_hub_gen:sld_jtag_hub_inst|irf_reg[4][3]                                                                                                                                                                                                                ;
; 49.685 ; 49.873       ; 0.188          ; Low Pulse Width  ; altera_reserved_tck ; Rise       ; sld_hub:auto_hub|sld_jtag_hub:\jtag_hub_gen:sld_jtag_hub_inst|irf_reg[4][4]                                                                                                                                                                                                                ;
; 49.685 ; 49.873       ; 0.188          ; Low Pulse Width  ; altera_reserved_tck ; Rise       ; sld_hub:auto_hub|sld_jtag_hub:\jtag_hub_gen:sld_jtag_hub_inst|irf_reg[4][5]                                                                                                                                                                                                                ;
; 49.685 ; 49.873       ; 0.188          ; Low Pulse Width  ; altera_reserved_tck ; Rise       ; sld_hub:auto_hub|sld_jtag_hub:\jtag_hub_gen:sld_jtag_hub_inst|irsr_reg[6]                                                                                                                                                                                                                  ;
; 49.685 ; 49.873       ; 0.188          ; Low Pulse Width  ; altera_reserved_tck ; Rise       ; sld_hub:auto_hub|sld_jtag_hub:\jtag_hub_gen:sld_jtag_hub_inst|irsr_reg[7]                                                                                                                                                                                                                  ;
; 49.685 ; 49.873       ; 0.188          ; Low Pulse Width  ; altera_reserved_tck ; Rise       ; sld_hub:auto_hub|sld_jtag_hub:\jtag_hub_gen:sld_jtag_hub_inst|irsr_reg[8]                                                                                                                                                                                                                  ;
; 49.685 ; 49.873       ; 0.188          ; Low Pulse Width  ; altera_reserved_tck ; Rise       ; sld_hub:auto_hub|sld_jtag_hub:\jtag_hub_gen:sld_jtag_hub_inst|mixer_addr_reg[0]                                                                                                                                                                                                            ;
; 49.685 ; 49.873       ; 0.188          ; Low Pulse Width  ; altera_reserved_tck ; Rise       ; sld_hub:auto_hub|sld_jtag_hub:\jtag_hub_gen:sld_jtag_hub_inst|mixer_addr_reg[1]                                                                                                                                                                                                            ;
; 49.685 ; 49.873       ; 0.188          ; Low Pulse Width  ; altera_reserved_tck ; Rise       ; sld_hub:auto_hub|sld_jtag_hub:\jtag_hub_gen:sld_jtag_hub_inst|mixer_addr_reg[2]                                                                                                                                                                                                            ;
; 49.685 ; 49.873       ; 0.188          ; Low Pulse Width  ; altera_reserved_tck ; Rise       ; sld_hub:auto_hub|sld_jtag_hub:\jtag_hub_gen:sld_jtag_hub_inst|mixer_addr_reg[3]                                                                                                                                                                                                            ;
; 49.685 ; 49.873       ; 0.188          ; Low Pulse Width  ; altera_reserved_tck ; Rise       ; sld_hub:auto_hub|sld_jtag_hub:\jtag_hub_gen:sld_jtag_hub_inst|mixer_addr_reg[4]                                                                                                                                                                                                            ;
; 49.685 ; 49.873       ; 0.188          ; Low Pulse Width  ; altera_reserved_tck ; Rise       ; sld_hub:auto_hub|sld_jtag_hub:\jtag_hub_gen:sld_jtag_hub_inst|shadow_irf_reg[2][0]                                                                                                                                                                                                         ;
; 49.685 ; 49.873       ; 0.188          ; Low Pulse Width  ; altera_reserved_tck ; Rise       ; sld_hub:auto_hub|sld_jtag_hub:\jtag_hub_gen:sld_jtag_hub_inst|shadow_irf_reg[2][1]                                                                                                                                                                                                         ;
; 49.685 ; 49.873       ; 0.188          ; Low Pulse Width  ; altera_reserved_tck ; Rise       ; sld_hub:auto_hub|sld_jtag_hub:\jtag_hub_gen:sld_jtag_hub_inst|shadow_irf_reg[2][2]                                                                                                                                                                                                         ;
; 49.685 ; 49.873       ; 0.188          ; Low Pulse Width  ; altera_reserved_tck ; Rise       ; sld_hub:auto_hub|sld_jtag_hub:\jtag_hub_gen:sld_jtag_hub_inst|shadow_irf_reg[2][3]                                                                                                                                                                                                         ;
; 49.685 ; 49.873       ; 0.188          ; Low Pulse Width  ; altera_reserved_tck ; Rise       ; sld_hub:auto_hub|sld_jtag_hub:\jtag_hub_gen:sld_jtag_hub_inst|shadow_irf_reg[2][4]                                                                                                                                                                                                         ;
; 49.685 ; 49.873       ; 0.188          ; Low Pulse Width  ; altera_reserved_tck ; Rise       ; sld_hub:auto_hub|sld_jtag_hub:\jtag_hub_gen:sld_jtag_hub_inst|shadow_irf_reg[2][5]                                                                                                                                                                                                         ;
; 49.685 ; 49.873       ; 0.188          ; Low Pulse Width  ; altera_reserved_tck ; Rise       ; sld_hub:auto_hub|sld_jtag_hub:\jtag_hub_gen:sld_jtag_hub_inst|shadow_irf_reg[4][0]                                                                                                                                                                                                         ;
; 49.685 ; 49.873       ; 0.188          ; Low Pulse Width  ; altera_reserved_tck ; Rise       ; sld_hub:auto_hub|sld_jtag_hub:\jtag_hub_gen:sld_jtag_hub_inst|shadow_irf_reg[4][1]                                                                                                                                                                                                         ;
; 49.685 ; 49.873       ; 0.188          ; Low Pulse Width  ; altera_reserved_tck ; Rise       ; sld_hub:auto_hub|sld_jtag_hub:\jtag_hub_gen:sld_jtag_hub_inst|shadow_irf_reg[4][2]                                                                                                                                                                                                         ;
; 49.685 ; 49.873       ; 0.188          ; Low Pulse Width  ; altera_reserved_tck ; Rise       ; sld_hub:auto_hub|sld_jtag_hub:\jtag_hub_gen:sld_jtag_hub_inst|shadow_irf_reg[4][3]                                                                                                                                                                                                         ;
; 49.685 ; 49.873       ; 0.188          ; Low Pulse Width  ; altera_reserved_tck ; Rise       ; sld_hub:auto_hub|sld_jtag_hub:\jtag_hub_gen:sld_jtag_hub_inst|shadow_irf_reg[4][4]                                                                                                                                                                                                         ;
; 49.685 ; 49.873       ; 0.188          ; Low Pulse Width  ; altera_reserved_tck ; Rise       ; sld_hub:auto_hub|sld_jtag_hub:\jtag_hub_gen:sld_jtag_hub_inst|shadow_irf_reg[4][5]                                                                                                                                                                                                         ;
; 49.686 ; 49.874       ; 0.188          ; Low Pulse Width  ; altera_reserved_tck ; Rise       ; MPSoC:inst1|MPSoC_cpu0:cpu0|MPSoC_cpu0_nios2_oci:the_MPSoC_cpu0_nios2_oci|MPSoC_cpu0_jtag_debug_module_wrapper:the_MPSoC_cpu0_jtag_debug_module_wrapper|MPSoC_cpu0_jtag_debug_module_tck:the_MPSoC_cpu0_jtag_debug_module_tck|DRsize.100                                                   ;
; 49.686 ; 49.874       ; 0.188          ; Low Pulse Width  ; altera_reserved_tck ; Rise       ; MPSoC:inst1|MPSoC_cpu0:cpu0|MPSoC_cpu0_nios2_oci:the_MPSoC_cpu0_nios2_oci|MPSoC_cpu0_jtag_debug_module_wrapper:the_MPSoC_cpu0_jtag_debug_module_wrapper|MPSoC_cpu0_jtag_debug_module_tck:the_MPSoC_cpu0_jtag_debug_module_tck|altera_std_synchronizer:the_altera_std_synchronizer1|din_s1  ;
; 49.686 ; 49.874       ; 0.188          ; Low Pulse Width  ; altera_reserved_tck ; Rise       ; MPSoC:inst1|MPSoC_cpu0:cpu0|MPSoC_cpu0_nios2_oci:the_MPSoC_cpu0_nios2_oci|MPSoC_cpu0_jtag_debug_module_wrapper:the_MPSoC_cpu0_jtag_debug_module_wrapper|MPSoC_cpu0_jtag_debug_module_tck:the_MPSoC_cpu0_jtag_debug_module_tck|altera_std_synchronizer:the_altera_std_synchronizer1|dreg[0] ;
; 49.686 ; 49.874       ; 0.188          ; Low Pulse Width  ; altera_reserved_tck ; Rise       ; MPSoC:inst1|MPSoC_cpu0:cpu0|MPSoC_cpu0_nios2_oci:the_MPSoC_cpu0_nios2_oci|MPSoC_cpu0_jtag_debug_module_wrapper:the_MPSoC_cpu0_jtag_debug_module_wrapper|MPSoC_cpu0_jtag_debug_module_tck:the_MPSoC_cpu0_jtag_debug_module_tck|altera_std_synchronizer:the_altera_std_synchronizer2|din_s1  ;
; 49.686 ; 49.874       ; 0.188          ; Low Pulse Width  ; altera_reserved_tck ; Rise       ; MPSoC:inst1|MPSoC_cpu0:cpu0|MPSoC_cpu0_nios2_oci:the_MPSoC_cpu0_nios2_oci|MPSoC_cpu0_jtag_debug_module_wrapper:the_MPSoC_cpu0_jtag_debug_module_wrapper|MPSoC_cpu0_jtag_debug_module_tck:the_MPSoC_cpu0_jtag_debug_module_tck|altera_std_synchronizer:the_altera_std_synchronizer2|dreg[0] ;
; 49.686 ; 49.874       ; 0.188          ; Low Pulse Width  ; altera_reserved_tck ; Rise       ; MPSoC:inst1|MPSoC_cpu0:cpu0|MPSoC_cpu0_nios2_oci:the_MPSoC_cpu0_nios2_oci|MPSoC_cpu0_jtag_debug_module_wrapper:the_MPSoC_cpu0_jtag_debug_module_wrapper|MPSoC_cpu0_jtag_debug_module_tck:the_MPSoC_cpu0_jtag_debug_module_tck|ir_out[0]                                                    ;
; 49.686 ; 49.874       ; 0.188          ; Low Pulse Width  ; altera_reserved_tck ; Rise       ; MPSoC:inst1|MPSoC_cpu0:cpu0|MPSoC_cpu0_nios2_oci:the_MPSoC_cpu0_nios2_oci|MPSoC_cpu0_jtag_debug_module_wrapper:the_MPSoC_cpu0_jtag_debug_module_wrapper|MPSoC_cpu0_jtag_debug_module_tck:the_MPSoC_cpu0_jtag_debug_module_tck|ir_out[1]                                                    ;
; 49.686 ; 49.874       ; 0.188          ; Low Pulse Width  ; altera_reserved_tck ; Rise       ; MPSoC:inst1|MPSoC_cpu0:cpu0|MPSoC_cpu0_nios2_oci:the_MPSoC_cpu0_nios2_oci|MPSoC_cpu0_jtag_debug_module_wrapper:the_MPSoC_cpu0_jtag_debug_module_wrapper|MPSoC_cpu0_jtag_debug_module_tck:the_MPSoC_cpu0_jtag_debug_module_tck|sr[0]                                                        ;
; 49.686 ; 49.874       ; 0.188          ; Low Pulse Width  ; altera_reserved_tck ; Rise       ; MPSoC:inst1|MPSoC_cpu0:cpu0|MPSoC_cpu0_nios2_oci:the_MPSoC_cpu0_nios2_oci|MPSoC_cpu0_jtag_debug_module_wrapper:the_MPSoC_cpu0_jtag_debug_module_wrapper|MPSoC_cpu0_jtag_debug_module_tck:the_MPSoC_cpu0_jtag_debug_module_tck|sr[15]                                                       ;
; 49.686 ; 49.874       ; 0.188          ; Low Pulse Width  ; altera_reserved_tck ; Rise       ; MPSoC:inst1|MPSoC_cpu0:cpu0|MPSoC_cpu0_nios2_oci:the_MPSoC_cpu0_nios2_oci|MPSoC_cpu0_jtag_debug_module_wrapper:the_MPSoC_cpu0_jtag_debug_module_wrapper|MPSoC_cpu0_jtag_debug_module_tck:the_MPSoC_cpu0_jtag_debug_module_tck|sr[28]                                                       ;
; 49.686 ; 49.874       ; 0.188          ; Low Pulse Width  ; altera_reserved_tck ; Rise       ; MPSoC:inst1|MPSoC_cpu0:cpu0|MPSoC_cpu0_nios2_oci:the_MPSoC_cpu0_nios2_oci|MPSoC_cpu0_jtag_debug_module_wrapper:the_MPSoC_cpu0_jtag_debug_module_wrapper|MPSoC_cpu0_jtag_debug_module_tck:the_MPSoC_cpu0_jtag_debug_module_tck|sr[29]                                                       ;
; 49.686 ; 49.874       ; 0.188          ; Low Pulse Width  ; altera_reserved_tck ; Rise       ; MPSoC:inst1|MPSoC_cpu0:cpu0|MPSoC_cpu0_nios2_oci:the_MPSoC_cpu0_nios2_oci|MPSoC_cpu0_jtag_debug_module_wrapper:the_MPSoC_cpu0_jtag_debug_module_wrapper|MPSoC_cpu0_jtag_debug_module_tck:the_MPSoC_cpu0_jtag_debug_module_tck|sr[30]                                                       ;
; 49.686 ; 49.874       ; 0.188          ; Low Pulse Width  ; altera_reserved_tck ; Rise       ; MPSoC:inst1|MPSoC_cpu0:cpu0|MPSoC_cpu0_nios2_oci:the_MPSoC_cpu0_nios2_oci|MPSoC_cpu0_jtag_debug_module_wrapper:the_MPSoC_cpu0_jtag_debug_module_wrapper|MPSoC_cpu0_jtag_debug_module_tck:the_MPSoC_cpu0_jtag_debug_module_tck|sr[31]                                                       ;
; 49.686 ; 49.874       ; 0.188          ; Low Pulse Width  ; altera_reserved_tck ; Rise       ; MPSoC:inst1|MPSoC_cpu0:cpu0|MPSoC_cpu0_nios2_oci:the_MPSoC_cpu0_nios2_oci|MPSoC_cpu0_jtag_debug_module_wrapper:the_MPSoC_cpu0_jtag_debug_module_wrapper|MPSoC_cpu0_jtag_debug_module_tck:the_MPSoC_cpu0_jtag_debug_module_tck|sr[32]                                                       ;
; 49.686 ; 49.874       ; 0.188          ; Low Pulse Width  ; altera_reserved_tck ; Rise       ; MPSoC:inst1|MPSoC_cpu0:cpu0|MPSoC_cpu0_nios2_oci:the_MPSoC_cpu0_nios2_oci|MPSoC_cpu0_jtag_debug_module_wrapper:the_MPSoC_cpu0_jtag_debug_module_wrapper|MPSoC_cpu0_jtag_debug_module_tck:the_MPSoC_cpu0_jtag_debug_module_tck|sr[33]                                                       ;
; 49.686 ; 49.874       ; 0.188          ; Low Pulse Width  ; altera_reserved_tck ; Rise       ; MPSoC:inst1|MPSoC_cpu0:cpu0|MPSoC_cpu0_nios2_oci:the_MPSoC_cpu0_nios2_oci|MPSoC_cpu0_jtag_debug_module_wrapper:the_MPSoC_cpu0_jtag_debug_module_wrapper|MPSoC_cpu0_jtag_debug_module_tck:the_MPSoC_cpu0_jtag_debug_module_tck|sr[34]                                                       ;
; 49.686 ; 49.874       ; 0.188          ; Low Pulse Width  ; altera_reserved_tck ; Rise       ; MPSoC:inst1|MPSoC_cpu0:cpu0|MPSoC_cpu0_nios2_oci:the_MPSoC_cpu0_nios2_oci|MPSoC_cpu0_jtag_debug_module_wrapper:the_MPSoC_cpu0_jtag_debug_module_wrapper|MPSoC_cpu0_jtag_debug_module_tck:the_MPSoC_cpu0_jtag_debug_module_tck|sr[35]                                                       ;
; 49.686 ; 49.874       ; 0.188          ; Low Pulse Width  ; altera_reserved_tck ; Rise       ; MPSoC:inst1|MPSoC_cpu1:cpu1|MPSoC_cpu1_nios2_oci:the_MPSoC_cpu1_nios2_oci|MPSoC_cpu1_jtag_debug_module_wrapper:the_MPSoC_cpu1_jtag_debug_module_wrapper|MPSoC_cpu1_jtag_debug_module_tck:the_MPSoC_cpu1_jtag_debug_module_tck|DRsize.000                                                   ;
; 49.686 ; 49.874       ; 0.188          ; Low Pulse Width  ; altera_reserved_tck ; Rise       ; MPSoC:inst1|MPSoC_cpu1:cpu1|MPSoC_cpu1_nios2_oci:the_MPSoC_cpu1_nios2_oci|MPSoC_cpu1_jtag_debug_module_wrapper:the_MPSoC_cpu1_jtag_debug_module_wrapper|MPSoC_cpu1_jtag_debug_module_tck:the_MPSoC_cpu1_jtag_debug_module_tck|DRsize.010                                                   ;
; 49.686 ; 49.874       ; 0.188          ; Low Pulse Width  ; altera_reserved_tck ; Rise       ; MPSoC:inst1|MPSoC_cpu1:cpu1|MPSoC_cpu1_nios2_oci:the_MPSoC_cpu1_nios2_oci|MPSoC_cpu1_jtag_debug_module_wrapper:the_MPSoC_cpu1_jtag_debug_module_wrapper|MPSoC_cpu1_jtag_debug_module_tck:the_MPSoC_cpu1_jtag_debug_module_tck|DRsize.100                                                   ;
; 49.686 ; 49.874       ; 0.188          ; Low Pulse Width  ; altera_reserved_tck ; Rise       ; MPSoC:inst1|MPSoC_cpu1:cpu1|MPSoC_cpu1_nios2_oci:the_MPSoC_cpu1_nios2_oci|MPSoC_cpu1_jtag_debug_module_wrapper:the_MPSoC_cpu1_jtag_debug_module_wrapper|MPSoC_cpu1_jtag_debug_module_tck:the_MPSoC_cpu1_jtag_debug_module_tck|sr[0]                                                        ;
; 49.686 ; 49.874       ; 0.188          ; Low Pulse Width  ; altera_reserved_tck ; Rise       ; MPSoC:inst1|MPSoC_cpu1:cpu1|MPSoC_cpu1_nios2_oci:the_MPSoC_cpu1_nios2_oci|MPSoC_cpu1_jtag_debug_module_wrapper:the_MPSoC_cpu1_jtag_debug_module_wrapper|MPSoC_cpu1_jtag_debug_module_tck:the_MPSoC_cpu1_jtag_debug_module_tck|sr[15]                                                       ;
; 49.686 ; 49.874       ; 0.188          ; Low Pulse Width  ; altera_reserved_tck ; Rise       ; MPSoC:inst1|MPSoC_cpu1:cpu1|MPSoC_cpu1_nios2_oci:the_MPSoC_cpu1_nios2_oci|MPSoC_cpu1_jtag_debug_module_wrapper:the_MPSoC_cpu1_jtag_debug_module_wrapper|MPSoC_cpu1_jtag_debug_module_tck:the_MPSoC_cpu1_jtag_debug_module_tck|sr[1]                                                        ;
; 49.686 ; 49.874       ; 0.188          ; Low Pulse Width  ; altera_reserved_tck ; Rise       ; MPSoC:inst1|MPSoC_cpu1:cpu1|MPSoC_cpu1_nios2_oci:the_MPSoC_cpu1_nios2_oci|MPSoC_cpu1_jtag_debug_module_wrapper:the_MPSoC_cpu1_jtag_debug_module_wrapper|MPSoC_cpu1_jtag_debug_module_tck:the_MPSoC_cpu1_jtag_debug_module_tck|sr[2]                                                        ;
; 49.686 ; 49.874       ; 0.188          ; Low Pulse Width  ; altera_reserved_tck ; Rise       ; MPSoC:inst1|MPSoC_cpu1:cpu1|MPSoC_cpu1_nios2_oci:the_MPSoC_cpu1_nios2_oci|MPSoC_cpu1_jtag_debug_module_wrapper:the_MPSoC_cpu1_jtag_debug_module_wrapper|MPSoC_cpu1_jtag_debug_module_tck:the_MPSoC_cpu1_jtag_debug_module_tck|sr[35]                                                       ;
; 49.686 ; 49.874       ; 0.188          ; Low Pulse Width  ; altera_reserved_tck ; Rise       ; MPSoC:inst1|MPSoC_cpu1:cpu1|MPSoC_cpu1_nios2_oci:the_MPSoC_cpu1_nios2_oci|MPSoC_cpu1_jtag_debug_module_wrapper:the_MPSoC_cpu1_jtag_debug_module_wrapper|MPSoC_cpu1_jtag_debug_module_tck:the_MPSoC_cpu1_jtag_debug_module_tck|sr[3]                                                        ;
; 49.686 ; 49.874       ; 0.188          ; Low Pulse Width  ; altera_reserved_tck ; Rise       ; MPSoC:inst1|MPSoC_cpu1:cpu1|MPSoC_cpu1_nios2_oci:the_MPSoC_cpu1_nios2_oci|MPSoC_cpu1_jtag_debug_module_wrapper:the_MPSoC_cpu1_jtag_debug_module_wrapper|MPSoC_cpu1_jtag_debug_module_tck:the_MPSoC_cpu1_jtag_debug_module_tck|sr[4]                                                        ;
; 49.686 ; 49.874       ; 0.188          ; Low Pulse Width  ; altera_reserved_tck ; Rise       ; MPSoC:inst1|MPSoC_cpu1:cpu1|MPSoC_cpu1_nios2_oci:the_MPSoC_cpu1_nios2_oci|MPSoC_cpu1_jtag_debug_module_wrapper:the_MPSoC_cpu1_jtag_debug_module_wrapper|MPSoC_cpu1_jtag_debug_module_tck:the_MPSoC_cpu1_jtag_debug_module_tck|sr[5]                                                        ;
; 49.686 ; 49.874       ; 0.188          ; Low Pulse Width  ; altera_reserved_tck ; Rise       ; MPSoC:inst1|MPSoC_cpu1:cpu1|MPSoC_cpu1_nios2_oci:the_MPSoC_cpu1_nios2_oci|MPSoC_cpu1_jtag_debug_module_wrapper:the_MPSoC_cpu1_jtag_debug_module_wrapper|MPSoC_cpu1_jtag_debug_module_tck:the_MPSoC_cpu1_jtag_debug_module_tck|sr[6]                                                        ;
+--------+--------------+----------------+------------------+---------------------+------------+--------------------------------------------------------------------------------------------------------------------------------------------------------------------------------------------------------------------------------------------------------------------------------------------+


+------------------------------------------------------------------------------------------------+
; Setup Times                                                                                    ;
+---------------------+---------------------+--------+--------+------------+---------------------+
; Data Port           ; Clock Port          ; Rise   ; Fall   ; Clock Edge ; Clock Reference     ;
+---------------------+---------------------+--------+--------+------------+---------------------+
; altera_reserved_tdi ; altera_reserved_tck ; 4.775  ; 5.020  ; Rise       ; altera_reserved_tck ;
; altera_reserved_tms ; altera_reserved_tck ; 10.204 ; 10.451 ; Rise       ; altera_reserved_tck ;
+---------------------+---------------------+--------+--------+------------+---------------------+


+------------------------------------------------------------------------------------------------+
; Hold Times                                                                                     ;
+---------------------+---------------------+--------+--------+------------+---------------------+
; Data Port           ; Clock Port          ; Rise   ; Fall   ; Clock Edge ; Clock Reference     ;
+---------------------+---------------------+--------+--------+------------+---------------------+
; altera_reserved_tdi ; altera_reserved_tck ; -1.085 ; -1.227 ; Rise       ; altera_reserved_tck ;
; altera_reserved_tms ; altera_reserved_tck ; -3.305 ; -3.464 ; Rise       ; altera_reserved_tck ;
+---------------------+---------------------+--------+--------+------------+---------------------+


+------------------------------------------------------------------------------------------------+
; Clock to Output Times                                                                          ;
+---------------------+---------------------+--------+--------+------------+---------------------+
; Data Port           ; Clock Port          ; Rise   ; Fall   ; Clock Edge ; Clock Reference     ;
+---------------------+---------------------+--------+--------+------------+---------------------+
; altera_reserved_tdo ; altera_reserved_tck ; 15.411 ; 15.990 ; Fall       ; altera_reserved_tck ;
+---------------------+---------------------+--------+--------+------------+---------------------+


+------------------------------------------------------------------------------------------------+
; Minimum Clock to Output Times                                                                  ;
+---------------------+---------------------+--------+--------+------------+---------------------+
; Data Port           ; Clock Port          ; Rise   ; Fall   ; Clock Edge ; Clock Reference     ;
+---------------------+---------------------+--------+--------+------------+---------------------+
; altera_reserved_tdo ; altera_reserved_tck ; 12.967 ; 13.551 ; Fall       ; altera_reserved_tck ;
+---------------------+---------------------+--------+--------+------------+---------------------+


----------------
; MTBF Summary ;
----------------
Typical MTBF of Design is 1e+09 years or 3.15e+16 seconds.

Number of Synchronizer Chains Found: 4
Shortest Synchronizer Chain: 2 Registers
Fraction of Chains for which MTBFs Could Not be Calculated: 0.000
Worst Case Available Settling Time: 196.934 ns

Typical MTBF values are calculated based on the nominal silicon characteristics, at nominal operating conditions.
  - Under typical conditions, an increase of 100ps in available settling time will increase MTBF values by a factor of 10.8



+--------------------------------------------------------------------------------------------------------------------------------------------------------------------------------------------------------------------------------------------------------------------------------------------------------------------------------------------------------------------------------------------------------------------------------------------------------------------------------------------------+
; Synchronizer Summary                                                                                                                                                                                                                                                                                                                                                                                                                                                                             ;
+---------------------------------------------------------------------------------------------------------------------------------------------------+-------------------------------------------------------------------------------------------------------------------------------------------------------------------------------------------------------------------------------------------------------------------------------------------+------------------------+-------------------------+
; Source Node                                                                                                                                       ; Synchronization Node                                                                                                                                                                                                                                                                      ; Typical MTBF (Years)   ; Included in Design MTBF ;
+---------------------------------------------------------------------------------------------------------------------------------------------------+-------------------------------------------------------------------------------------------------------------------------------------------------------------------------------------------------------------------------------------------------------------------------------------------+------------------------+-------------------------+
; MPSoC:inst1|MPSoC_cpu0:cpu0|hbreak_enabled                                                                                                        ; MPSoC:inst1|MPSoC_cpu0:cpu0|MPSoC_cpu0_nios2_oci:the_MPSoC_cpu0_nios2_oci|MPSoC_cpu0_jtag_debug_module_wrapper:the_MPSoC_cpu0_jtag_debug_module_wrapper|MPSoC_cpu0_jtag_debug_module_tck:the_MPSoC_cpu0_jtag_debug_module_tck|altera_std_synchronizer:the_altera_std_synchronizer1|din_s1 ; Greater than 1 Billion ; Yes                     ;
; MPSoC:inst1|MPSoC_cpu1:cpu1|hbreak_enabled                                                                                                        ; MPSoC:inst1|MPSoC_cpu1:cpu1|MPSoC_cpu1_nios2_oci:the_MPSoC_cpu1_nios2_oci|MPSoC_cpu1_jtag_debug_module_wrapper:the_MPSoC_cpu1_jtag_debug_module_wrapper|MPSoC_cpu1_jtag_debug_module_tck:the_MPSoC_cpu1_jtag_debug_module_tck|altera_std_synchronizer:the_altera_std_synchronizer1|din_s1 ; Greater than 1 Billion ; Yes                     ;
; MPSoC:inst1|MPSoC_cpu0:cpu0|MPSoC_cpu0_nios2_oci:the_MPSoC_cpu0_nios2_oci|MPSoC_cpu0_nios2_oci_debug:the_MPSoC_cpu0_nios2_oci_debug|monitor_ready ; MPSoC:inst1|MPSoC_cpu0:cpu0|MPSoC_cpu0_nios2_oci:the_MPSoC_cpu0_nios2_oci|MPSoC_cpu0_jtag_debug_module_wrapper:the_MPSoC_cpu0_jtag_debug_module_wrapper|MPSoC_cpu0_jtag_debug_module_tck:the_MPSoC_cpu0_jtag_debug_module_tck|altera_std_synchronizer:the_altera_std_synchronizer2|din_s1 ; Greater than 1 Billion ; Yes                     ;
; MPSoC:inst1|MPSoC_cpu1:cpu1|MPSoC_cpu1_nios2_oci:the_MPSoC_cpu1_nios2_oci|MPSoC_cpu1_nios2_oci_debug:the_MPSoC_cpu1_nios2_oci_debug|monitor_ready ; MPSoC:inst1|MPSoC_cpu1:cpu1|MPSoC_cpu1_nios2_oci:the_MPSoC_cpu1_nios2_oci|MPSoC_cpu1_jtag_debug_module_wrapper:the_MPSoC_cpu1_jtag_debug_module_wrapper|MPSoC_cpu1_jtag_debug_module_tck:the_MPSoC_cpu1_jtag_debug_module_tck|altera_std_synchronizer:the_altera_std_synchronizer2|din_s1 ; Greater than 1 Billion ; Yes                     ;
+---------------------------------------------------------------------------------------------------------------------------------------------------+-------------------------------------------------------------------------------------------------------------------------------------------------------------------------------------------------------------------------------------------------------------------------------------------+------------------------+-------------------------+


Synchronizer Chain #1: Typical MTBF is Greater than 1 Billion Years
===============================================================================
+---------------------------------------------------------------------------------------------------------------------------------------------------------------------------------------------------------------------------------------------------------------------------------------------------------------------+
; Chain Summary                                                                                                                                                                                                                                                                                                       ;
+-------------------------+-------------------------------------------------------------------------------------------------------------------------------------------------------------------------------------------------------------------------------------------------------------------------------------------+
; Property                ; Value                                                                                                                                                                                                                                                                                     ;
+-------------------------+-------------------------------------------------------------------------------------------------------------------------------------------------------------------------------------------------------------------------------------------------------------------------------------------+
; Source Node             ; MPSoC:inst1|MPSoC_cpu0:cpu0|hbreak_enabled                                                                                                                                                                                                                                                ;
; Synchronization Node    ; MPSoC:inst1|MPSoC_cpu0:cpu0|MPSoC_cpu0_nios2_oci:the_MPSoC_cpu0_nios2_oci|MPSoC_cpu0_jtag_debug_module_wrapper:the_MPSoC_cpu0_jtag_debug_module_wrapper|MPSoC_cpu0_jtag_debug_module_tck:the_MPSoC_cpu0_jtag_debug_module_tck|altera_std_synchronizer:the_altera_std_synchronizer1|din_s1 ;
; Typical MTBF (years)    ; Greater than 1 Billion                                                                                                                                                                                                                                                                    ;
; Included in Design MTBF ; Yes                                                                                                                                                                                                                                                                                       ;
+-------------------------+-------------------------------------------------------------------------------------------------------------------------------------------------------------------------------------------------------------------------------------------------------------------------------------------+

+-----------------------------------------------------------------------------------------------------------------------------------------------------------------------------------------------------------------------------------------------------------------------------------------------------------------------------------------------------------------------+
; Statistics                                                                                                                                                                                                                                                                                                                                                            ;
+---------------------------------------------------------------------------------------------------------------------------------------------------------------------------------------------------------------------------------------------------------------------------------------------+------------------------+--------------+------------------+--------------+
; Property                                                                                                                                                                                                                                                                                    ; Value                  ; Clock Period ; Active Edge Rate ; Output Slack ;
+---------------------------------------------------------------------------------------------------------------------------------------------------------------------------------------------------------------------------------------------------------------------------------------------+------------------------+--------------+------------------+--------------+
; Method of Synchronizer Identification                                                                                                                                                                                                                                                       ; User Specified         ;              ;                  ;              ;
; Typical MTBF (years)                                                                                                                                                                                                                                                                        ; Greater than 1 Billion ;              ;                  ;              ;
; Number of Synchronization Registers in Chain                                                                                                                                                                                                                                                ; 2                      ;              ;                  ;              ;
; Available Settling Time (ns)                                                                                                                                                                                                                                                                ; 196.934                ;              ;                  ;              ;
; Data Toggle Rate Used in MTBF Calculation (millions of transitions / sec)                                                                                                                                                                                                                   ; 1.25                   ;              ;                  ;              ;
; Source Clock                                                                                                                                                                                                                                                                                ;                        ;              ;                  ;              ;
;  Unknown                                                                                                                                                                                                                                                                                    ;                        ;              ;                  ;              ;
; Synchronization Clock                                                                                                                                                                                                                                                                       ;                        ;              ;                  ;              ;
;  altera_reserved_tck                                                                                                                                                                                                                                                                        ;                        ; 100.000      ; 10.0 MHz         ;              ;
; Asynchronous Source                                                                                                                                                                                                                                                                         ;                        ;              ;                  ;              ;
;  MPSoC:inst1|MPSoC_cpu0:cpu0|hbreak_enabled                                                                                                                                                                                                                                                 ;                        ;              ;                  ;              ;
; Synchronization Registers                                                                                                                                                                                                                                                                   ;                        ;              ;                  ;              ;
;  MPSoC:inst1|MPSoC_cpu0:cpu0|MPSoC_cpu0_nios2_oci:the_MPSoC_cpu0_nios2_oci|MPSoC_cpu0_jtag_debug_module_wrapper:the_MPSoC_cpu0_jtag_debug_module_wrapper|MPSoC_cpu0_jtag_debug_module_tck:the_MPSoC_cpu0_jtag_debug_module_tck|altera_std_synchronizer:the_altera_std_synchronizer1|din_s1  ;                        ;              ;                  ; 99.149       ;
;  MPSoC:inst1|MPSoC_cpu0:cpu0|MPSoC_cpu0_nios2_oci:the_MPSoC_cpu0_nios2_oci|MPSoC_cpu0_jtag_debug_module_wrapper:the_MPSoC_cpu0_jtag_debug_module_wrapper|MPSoC_cpu0_jtag_debug_module_tck:the_MPSoC_cpu0_jtag_debug_module_tck|altera_std_synchronizer:the_altera_std_synchronizer1|dreg[0] ;                        ;              ;                  ; 97.785       ;
+---------------------------------------------------------------------------------------------------------------------------------------------------------------------------------------------------------------------------------------------------------------------------------------------+------------------------+--------------+------------------+--------------+



Synchronizer Chain #2: Typical MTBF is Greater than 1 Billion Years
===============================================================================
+---------------------------------------------------------------------------------------------------------------------------------------------------------------------------------------------------------------------------------------------------------------------------------------------------------------------+
; Chain Summary                                                                                                                                                                                                                                                                                                       ;
+-------------------------+-------------------------------------------------------------------------------------------------------------------------------------------------------------------------------------------------------------------------------------------------------------------------------------------+
; Property                ; Value                                                                                                                                                                                                                                                                                     ;
+-------------------------+-------------------------------------------------------------------------------------------------------------------------------------------------------------------------------------------------------------------------------------------------------------------------------------------+
; Source Node             ; MPSoC:inst1|MPSoC_cpu1:cpu1|hbreak_enabled                                                                                                                                                                                                                                                ;
; Synchronization Node    ; MPSoC:inst1|MPSoC_cpu1:cpu1|MPSoC_cpu1_nios2_oci:the_MPSoC_cpu1_nios2_oci|MPSoC_cpu1_jtag_debug_module_wrapper:the_MPSoC_cpu1_jtag_debug_module_wrapper|MPSoC_cpu1_jtag_debug_module_tck:the_MPSoC_cpu1_jtag_debug_module_tck|altera_std_synchronizer:the_altera_std_synchronizer1|din_s1 ;
; Typical MTBF (years)    ; Greater than 1 Billion                                                                                                                                                                                                                                                                    ;
; Included in Design MTBF ; Yes                                                                                                                                                                                                                                                                                       ;
+-------------------------+-------------------------------------------------------------------------------------------------------------------------------------------------------------------------------------------------------------------------------------------------------------------------------------------+

+-----------------------------------------------------------------------------------------------------------------------------------------------------------------------------------------------------------------------------------------------------------------------------------------------------------------------------------------------------------------------+
; Statistics                                                                                                                                                                                                                                                                                                                                                            ;
+---------------------------------------------------------------------------------------------------------------------------------------------------------------------------------------------------------------------------------------------------------------------------------------------+------------------------+--------------+------------------+--------------+
; Property                                                                                                                                                                                                                                                                                    ; Value                  ; Clock Period ; Active Edge Rate ; Output Slack ;
+---------------------------------------------------------------------------------------------------------------------------------------------------------------------------------------------------------------------------------------------------------------------------------------------+------------------------+--------------+------------------+--------------+
; Method of Synchronizer Identification                                                                                                                                                                                                                                                       ; User Specified         ;              ;                  ;              ;
; Typical MTBF (years)                                                                                                                                                                                                                                                                        ; Greater than 1 Billion ;              ;                  ;              ;
; Number of Synchronization Registers in Chain                                                                                                                                                                                                                                                ; 2                      ;              ;                  ;              ;
; Available Settling Time (ns)                                                                                                                                                                                                                                                                ; 196.951                ;              ;                  ;              ;
; Data Toggle Rate Used in MTBF Calculation (millions of transitions / sec)                                                                                                                                                                                                                   ; 1.25                   ;              ;                  ;              ;
; Source Clock                                                                                                                                                                                                                                                                                ;                        ;              ;                  ;              ;
;  Unknown                                                                                                                                                                                                                                                                                    ;                        ;              ;                  ;              ;
; Synchronization Clock                                                                                                                                                                                                                                                                       ;                        ;              ;                  ;              ;
;  altera_reserved_tck                                                                                                                                                                                                                                                                        ;                        ; 100.000      ; 10.0 MHz         ;              ;
; Asynchronous Source                                                                                                                                                                                                                                                                         ;                        ;              ;                  ;              ;
;  MPSoC:inst1|MPSoC_cpu1:cpu1|hbreak_enabled                                                                                                                                                                                                                                                 ;                        ;              ;                  ;              ;
; Synchronization Registers                                                                                                                                                                                                                                                                   ;                        ;              ;                  ;              ;
;  MPSoC:inst1|MPSoC_cpu1:cpu1|MPSoC_cpu1_nios2_oci:the_MPSoC_cpu1_nios2_oci|MPSoC_cpu1_jtag_debug_module_wrapper:the_MPSoC_cpu1_jtag_debug_module_wrapper|MPSoC_cpu1_jtag_debug_module_tck:the_MPSoC_cpu1_jtag_debug_module_tck|altera_std_synchronizer:the_altera_std_synchronizer1|din_s1  ;                        ;              ;                  ; 98.987       ;
;  MPSoC:inst1|MPSoC_cpu1:cpu1|MPSoC_cpu1_nios2_oci:the_MPSoC_cpu1_nios2_oci|MPSoC_cpu1_jtag_debug_module_wrapper:the_MPSoC_cpu1_jtag_debug_module_wrapper|MPSoC_cpu1_jtag_debug_module_tck:the_MPSoC_cpu1_jtag_debug_module_tck|altera_std_synchronizer:the_altera_std_synchronizer1|dreg[0] ;                        ;              ;                  ; 97.964       ;
+---------------------------------------------------------------------------------------------------------------------------------------------------------------------------------------------------------------------------------------------------------------------------------------------+------------------------+--------------+------------------+--------------+



Synchronizer Chain #3: Typical MTBF is Greater than 1 Billion Years
===============================================================================
+---------------------------------------------------------------------------------------------------------------------------------------------------------------------------------------------------------------------------------------------------------------------------------------------------------------------+
; Chain Summary                                                                                                                                                                                                                                                                                                       ;
+-------------------------+-------------------------------------------------------------------------------------------------------------------------------------------------------------------------------------------------------------------------------------------------------------------------------------------+
; Property                ; Value                                                                                                                                                                                                                                                                                     ;
+-------------------------+-------------------------------------------------------------------------------------------------------------------------------------------------------------------------------------------------------------------------------------------------------------------------------------------+
; Source Node             ; MPSoC:inst1|MPSoC_cpu0:cpu0|MPSoC_cpu0_nios2_oci:the_MPSoC_cpu0_nios2_oci|MPSoC_cpu0_nios2_oci_debug:the_MPSoC_cpu0_nios2_oci_debug|monitor_ready                                                                                                                                         ;
; Synchronization Node    ; MPSoC:inst1|MPSoC_cpu0:cpu0|MPSoC_cpu0_nios2_oci:the_MPSoC_cpu0_nios2_oci|MPSoC_cpu0_jtag_debug_module_wrapper:the_MPSoC_cpu0_jtag_debug_module_wrapper|MPSoC_cpu0_jtag_debug_module_tck:the_MPSoC_cpu0_jtag_debug_module_tck|altera_std_synchronizer:the_altera_std_synchronizer2|din_s1 ;
; Typical MTBF (years)    ; Greater than 1 Billion                                                                                                                                                                                                                                                                    ;
; Included in Design MTBF ; Yes                                                                                                                                                                                                                                                                                       ;
+-------------------------+-------------------------------------------------------------------------------------------------------------------------------------------------------------------------------------------------------------------------------------------------------------------------------------------+

+-----------------------------------------------------------------------------------------------------------------------------------------------------------------------------------------------------------------------------------------------------------------------------------------------------------------------------------------------------------------------+
; Statistics                                                                                                                                                                                                                                                                                                                                                            ;
+---------------------------------------------------------------------------------------------------------------------------------------------------------------------------------------------------------------------------------------------------------------------------------------------+------------------------+--------------+------------------+--------------+
; Property                                                                                                                                                                                                                                                                                    ; Value                  ; Clock Period ; Active Edge Rate ; Output Slack ;
+---------------------------------------------------------------------------------------------------------------------------------------------------------------------------------------------------------------------------------------------------------------------------------------------+------------------------+--------------+------------------+--------------+
; Method of Synchronizer Identification                                                                                                                                                                                                                                                       ; User Specified         ;              ;                  ;              ;
; Typical MTBF (years)                                                                                                                                                                                                                                                                        ; Greater than 1 Billion ;              ;                  ;              ;
; Number of Synchronization Registers in Chain                                                                                                                                                                                                                                                ; 2                      ;              ;                  ;              ;
; Available Settling Time (ns)                                                                                                                                                                                                                                                                ; 197.412                ;              ;                  ;              ;
; Data Toggle Rate Used in MTBF Calculation (millions of transitions / sec)                                                                                                                                                                                                                   ; 1.25                   ;              ;                  ;              ;
; Source Clock                                                                                                                                                                                                                                                                                ;                        ;              ;                  ;              ;
;  Unknown                                                                                                                                                                                                                                                                                    ;                        ;              ;                  ;              ;
; Synchronization Clock                                                                                                                                                                                                                                                                       ;                        ;              ;                  ;              ;
;  altera_reserved_tck                                                                                                                                                                                                                                                                        ;                        ; 100.000      ; 10.0 MHz         ;              ;
; Asynchronous Source                                                                                                                                                                                                                                                                         ;                        ;              ;                  ;              ;
;  MPSoC:inst1|MPSoC_cpu0:cpu0|MPSoC_cpu0_nios2_oci:the_MPSoC_cpu0_nios2_oci|MPSoC_cpu0_nios2_oci_debug:the_MPSoC_cpu0_nios2_oci_debug|monitor_ready                                                                                                                                          ;                        ;              ;                  ;              ;
; Synchronization Registers                                                                                                                                                                                                                                                                   ;                        ;              ;                  ;              ;
;  MPSoC:inst1|MPSoC_cpu0:cpu0|MPSoC_cpu0_nios2_oci:the_MPSoC_cpu0_nios2_oci|MPSoC_cpu0_jtag_debug_module_wrapper:the_MPSoC_cpu0_jtag_debug_module_wrapper|MPSoC_cpu0_jtag_debug_module_tck:the_MPSoC_cpu0_jtag_debug_module_tck|altera_std_synchronizer:the_altera_std_synchronizer2|din_s1  ;                        ;              ;                  ; 99.147       ;
;  MPSoC:inst1|MPSoC_cpu0:cpu0|MPSoC_cpu0_nios2_oci:the_MPSoC_cpu0_nios2_oci|MPSoC_cpu0_jtag_debug_module_wrapper:the_MPSoC_cpu0_jtag_debug_module_wrapper|MPSoC_cpu0_jtag_debug_module_tck:the_MPSoC_cpu0_jtag_debug_module_tck|altera_std_synchronizer:the_altera_std_synchronizer2|dreg[0] ;                        ;              ;                  ; 98.265       ;
+---------------------------------------------------------------------------------------------------------------------------------------------------------------------------------------------------------------------------------------------------------------------------------------------+------------------------+--------------+------------------+--------------+



Synchronizer Chain #4: Typical MTBF is Greater than 1 Billion Years
===============================================================================
+---------------------------------------------------------------------------------------------------------------------------------------------------------------------------------------------------------------------------------------------------------------------------------------------------------------------+
; Chain Summary                                                                                                                                                                                                                                                                                                       ;
+-------------------------+-------------------------------------------------------------------------------------------------------------------------------------------------------------------------------------------------------------------------------------------------------------------------------------------+
; Property                ; Value                                                                                                                                                                                                                                                                                     ;
+-------------------------+-------------------------------------------------------------------------------------------------------------------------------------------------------------------------------------------------------------------------------------------------------------------------------------------+
; Source Node             ; MPSoC:inst1|MPSoC_cpu1:cpu1|MPSoC_cpu1_nios2_oci:the_MPSoC_cpu1_nios2_oci|MPSoC_cpu1_nios2_oci_debug:the_MPSoC_cpu1_nios2_oci_debug|monitor_ready                                                                                                                                         ;
; Synchronization Node    ; MPSoC:inst1|MPSoC_cpu1:cpu1|MPSoC_cpu1_nios2_oci:the_MPSoC_cpu1_nios2_oci|MPSoC_cpu1_jtag_debug_module_wrapper:the_MPSoC_cpu1_jtag_debug_module_wrapper|MPSoC_cpu1_jtag_debug_module_tck:the_MPSoC_cpu1_jtag_debug_module_tck|altera_std_synchronizer:the_altera_std_synchronizer2|din_s1 ;
; Typical MTBF (years)    ; Greater than 1 Billion                                                                                                                                                                                                                                                                    ;
; Included in Design MTBF ; Yes                                                                                                                                                                                                                                                                                       ;
+-------------------------+-------------------------------------------------------------------------------------------------------------------------------------------------------------------------------------------------------------------------------------------------------------------------------------------+

+-----------------------------------------------------------------------------------------------------------------------------------------------------------------------------------------------------------------------------------------------------------------------------------------------------------------------------------------------------------------------+
; Statistics                                                                                                                                                                                                                                                                                                                                                            ;
+---------------------------------------------------------------------------------------------------------------------------------------------------------------------------------------------------------------------------------------------------------------------------------------------+------------------------+--------------+------------------+--------------+
; Property                                                                                                                                                                                                                                                                                    ; Value                  ; Clock Period ; Active Edge Rate ; Output Slack ;
+---------------------------------------------------------------------------------------------------------------------------------------------------------------------------------------------------------------------------------------------------------------------------------------------+------------------------+--------------+------------------+--------------+
; Method of Synchronizer Identification                                                                                                                                                                                                                                                       ; User Specified         ;              ;                  ;              ;
; Typical MTBF (years)                                                                                                                                                                                                                                                                        ; Greater than 1 Billion ;              ;                  ;              ;
; Number of Synchronization Registers in Chain                                                                                                                                                                                                                                                ; 2                      ;              ;                  ;              ;
; Available Settling Time (ns)                                                                                                                                                                                                                                                                ; 197.469                ;              ;                  ;              ;
; Data Toggle Rate Used in MTBF Calculation (millions of transitions / sec)                                                                                                                                                                                                                   ; 1.25                   ;              ;                  ;              ;
; Source Clock                                                                                                                                                                                                                                                                                ;                        ;              ;                  ;              ;
;  Unknown                                                                                                                                                                                                                                                                                    ;                        ;              ;                  ;              ;
; Synchronization Clock                                                                                                                                                                                                                                                                       ;                        ;              ;                  ;              ;
;  altera_reserved_tck                                                                                                                                                                                                                                                                        ;                        ; 100.000      ; 10.0 MHz         ;              ;
; Asynchronous Source                                                                                                                                                                                                                                                                         ;                        ;              ;                  ;              ;
;  MPSoC:inst1|MPSoC_cpu1:cpu1|MPSoC_cpu1_nios2_oci:the_MPSoC_cpu1_nios2_oci|MPSoC_cpu1_nios2_oci_debug:the_MPSoC_cpu1_nios2_oci_debug|monitor_ready                                                                                                                                          ;                        ;              ;                  ;              ;
; Synchronization Registers                                                                                                                                                                                                                                                                   ;                        ;              ;                  ;              ;
;  MPSoC:inst1|MPSoC_cpu1:cpu1|MPSoC_cpu1_nios2_oci:the_MPSoC_cpu1_nios2_oci|MPSoC_cpu1_jtag_debug_module_wrapper:the_MPSoC_cpu1_jtag_debug_module_wrapper|MPSoC_cpu1_jtag_debug_module_tck:the_MPSoC_cpu1_jtag_debug_module_tck|altera_std_synchronizer:the_altera_std_synchronizer2|din_s1  ;                        ;              ;                  ; 99.153       ;
;  MPSoC:inst1|MPSoC_cpu1:cpu1|MPSoC_cpu1_nios2_oci:the_MPSoC_cpu1_nios2_oci|MPSoC_cpu1_jtag_debug_module_wrapper:the_MPSoC_cpu1_jtag_debug_module_wrapper|MPSoC_cpu1_jtag_debug_module_tck:the_MPSoC_cpu1_jtag_debug_module_tck|altera_std_synchronizer:the_altera_std_synchronizer2|dreg[0] ;                        ;              ;                  ; 98.316       ;
+---------------------------------------------------------------------------------------------------------------------------------------------------------------------------------------------------------------------------------------------------------------------------------------------+------------------------+--------------+------------------+--------------+



+-----------------------------------------------------------+
; Slow 1200mV 0C Model Fmax Summary                         ;
+------------+-----------------+---------------------+------+
; Fmax       ; Restricted Fmax ; Clock Name          ; Note ;
+------------+-----------------+---------------------+------+
; 113.12 MHz ; 113.12 MHz      ; altera_reserved_tck ;      ;
+------------+-----------------+---------------------+------+
This panel reports FMAX for every clock in the design, regardless of the user-specified clock periods.  FMAX is only computed for paths where the source and destination registers or ports are driven by the same clock.  Paths of different clocks, including generated clocks, are ignored.  For paths between a clock and its inversion, FMAX is computed as if the rising and falling edges are scaled along with FMAX, such that the duty cycle (in terms of a percentage) is maintained. Altera recommends that you always use clock constraints and other slack reports for sign-off analysis.


+----------------------------------------------+
; Slow 1200mV 0C Model Setup Summary           ;
+---------------------+--------+---------------+
; Clock               ; Slack  ; End Point TNS ;
+---------------------+--------+---------------+
; altera_reserved_tck ; 45.580 ; 0.000         ;
+---------------------+--------+---------------+


+---------------------------------------------+
; Slow 1200mV 0C Model Hold Summary           ;
+---------------------+-------+---------------+
; Clock               ; Slack ; End Point TNS ;
+---------------------+-------+---------------+
; altera_reserved_tck ; 0.355 ; 0.000         ;
+---------------------+-------+---------------+


+----------------------------------------------+
; Slow 1200mV 0C Model Recovery Summary        ;
+---------------------+--------+---------------+
; Clock               ; Slack  ; End Point TNS ;
+---------------------+--------+---------------+
; altera_reserved_tck ; 45.930 ; 0.000         ;
+---------------------+--------+---------------+


+---------------------------------------------+
; Slow 1200mV 0C Model Removal Summary        ;
+---------------------+-------+---------------+
; Clock               ; Slack ; End Point TNS ;
+---------------------+-------+---------------+
; altera_reserved_tck ; 1.120 ; 0.000         ;
+---------------------+-------+---------------+


+--------------------------------------------------+
; Slow 1200mV 0C Model Minimum Pulse Width Summary ;
+---------------------+--------+-------------------+
; Clock               ; Slack  ; End Point TNS     ;
+---------------------+--------+-------------------+
; altera_reserved_tck ; 49.577 ; 0.000             ;
+---------------------+--------+-------------------+


+--------------------------------------------------------------------------------------------------------------------------------------------------------------------------------------------------------------------------------------------------------------------------------------------------------------------------------------------------------------------------------------------------------------------------------------------------------------------------------------------------------------------------------------------------------------------------+
; Slow 1200mV 0C Model Setup: 'altera_reserved_tck'                                                                                                                                                                                                                                                                                                                                                                                                                                                                                                                        ;
+--------+-------------------------------------------------------------------------------------------------------------------------------------------------------------------------------------------------------------------------------------+--------------------------------------------------------------------------------------------------------------------------------------------------------------------------------------------------------------------------------------+---------------------+---------------------+--------------+------------+------------+
; Slack  ; From Node                                                                                                                                                                                                                           ; To Node                                                                                                                                                                                                                              ; Launch Clock        ; Latch Clock         ; Relationship ; Clock Skew ; Data Delay ;
+--------+-------------------------------------------------------------------------------------------------------------------------------------------------------------------------------------------------------------------------------------+--------------------------------------------------------------------------------------------------------------------------------------------------------------------------------------------------------------------------------------+---------------------+---------------------+--------------+------------+------------+
; 45.580 ; MPSoC:inst1|MPSoC_cpu0:cpu0|MPSoC_cpu0_nios2_oci:the_MPSoC_cpu0_nios2_oci|MPSoC_cpu0_jtag_debug_module_wrapper:the_MPSoC_cpu0_jtag_debug_module_wrapper|MPSoC_cpu0_jtag_debug_module_tck:the_MPSoC_cpu0_jtag_debug_module_tck|sr[0] ; sld_hub:auto_hub|sld_jtag_hub:\jtag_hub_gen:sld_jtag_hub_inst|tdo                                                                                                                                                                    ; altera_reserved_tck ; altera_reserved_tck ; 50.000       ; 0.106      ; 4.545      ;
; 45.731 ; sld_hub:auto_hub|sld_jtag_hub:\jtag_hub_gen:sld_jtag_hub_inst|sld_rom_sr:hub_info_reg|WORD_SR[0]                                                                                                                                    ; sld_hub:auto_hub|sld_jtag_hub:\jtag_hub_gen:sld_jtag_hub_inst|tdo                                                                                                                                                                    ; altera_reserved_tck ; altera_reserved_tck ; 50.000       ; 0.144      ; 4.432      ;
; 45.772 ; sld_hub:auto_hub|sld_jtag_hub:\jtag_hub_gen:sld_jtag_hub_inst|hub_minor_ver_reg[0]                                                                                                                                                  ; sld_hub:auto_hub|sld_jtag_hub:\jtag_hub_gen:sld_jtag_hub_inst|tdo                                                                                                                                                                    ; altera_reserved_tck ; altera_reserved_tck ; 50.000       ; 0.159      ; 4.406      ;
; 45.784 ; sld_hub:auto_hub|sld_jtag_hub:\jtag_hub_gen:sld_jtag_hub_inst|irsr_reg[8]                                                                                                                                                           ; sld_hub:auto_hub|sld_jtag_hub:\jtag_hub_gen:sld_jtag_hub_inst|tdo                                                                                                                                                                    ; altera_reserved_tck ; altera_reserved_tck ; 50.000       ; 0.154      ; 4.389      ;
; 45.793 ; sld_hub:auto_hub|sld_jtag_hub:\jtag_hub_gen:sld_jtag_hub_inst|irsr_reg[2]                                                                                                                                                           ; sld_hub:auto_hub|sld_jtag_hub:\jtag_hub_gen:sld_jtag_hub_inst|tdo                                                                                                                                                                    ; altera_reserved_tck ; altera_reserved_tck ; 50.000       ; 0.158      ; 4.384      ;
; 45.834 ; sld_hub:auto_hub|sld_jtag_hub:\jtag_hub_gen:sld_jtag_hub_inst|irsr_reg[7]                                                                                                                                                           ; sld_hub:auto_hub|sld_jtag_hub:\jtag_hub_gen:sld_jtag_hub_inst|tdo                                                                                                                                                                    ; altera_reserved_tck ; altera_reserved_tck ; 50.000       ; 0.154      ; 4.339      ;
; 45.879 ; sld_hub:auto_hub|sld_jtag_hub:\jtag_hub_gen:sld_jtag_hub_inst|irsr_reg[0]                                                                                                                                                           ; sld_hub:auto_hub|sld_jtag_hub:\jtag_hub_gen:sld_jtag_hub_inst|tdo                                                                                                                                                                    ; altera_reserved_tck ; altera_reserved_tck ; 50.000       ; 0.158      ; 4.298      ;
; 46.261 ; sld_hub:auto_hub|sld_jtag_hub:\jtag_hub_gen:sld_jtag_hub_inst|irsr_reg[6]                                                                                                                                                           ; sld_hub:auto_hub|sld_jtag_hub:\jtag_hub_gen:sld_jtag_hub_inst|tdo                                                                                                                                                                    ; altera_reserved_tck ; altera_reserved_tck ; 50.000       ; 0.154      ; 3.912      ;
; 46.627 ; sld_hub:auto_hub|sld_jtag_hub:\jtag_hub_gen:sld_jtag_hub_inst|irsr_reg[1]                                                                                                                                                           ; sld_hub:auto_hub|sld_jtag_hub:\jtag_hub_gen:sld_jtag_hub_inst|tdo                                                                                                                                                                    ; altera_reserved_tck ; altera_reserved_tck ; 50.000       ; 0.158      ; 3.550      ;
; 46.997 ; sld_hub:auto_hub|sld_jtag_hub:\jtag_hub_gen:sld_jtag_hub_inst|tdo_bypass_reg                                                                                                                                                        ; sld_hub:auto_hub|sld_jtag_hub:\jtag_hub_gen:sld_jtag_hub_inst|tdo                                                                                                                                                                    ; altera_reserved_tck ; altera_reserved_tck ; 50.000       ; 0.159      ; 3.181      ;
; 47.060 ; sld_hub:auto_hub|sld_jtag_hub:\jtag_hub_gen:sld_jtag_hub_inst|sld_shadow_jsm:shadow_jsm|state[3]                                                                                                                                    ; sld_hub:auto_hub|sld_jtag_hub:\jtag_hub_gen:sld_jtag_hub_inst|tdo                                                                                                                                                                    ; altera_reserved_tck ; altera_reserved_tck ; 50.000       ; 0.138      ; 3.097      ;
; 47.206 ; sld_hub:auto_hub|sld_jtag_hub:\jtag_hub_gen:sld_jtag_hub_inst|virtual_ir_scan_reg                                                                                                                                                   ; sld_hub:auto_hub|sld_jtag_hub:\jtag_hub_gen:sld_jtag_hub_inst|tdo                                                                                                                                                                    ; altera_reserved_tck ; altera_reserved_tck ; 50.000       ; 0.139      ; 2.952      ;
; 47.420 ; sld_hub:auto_hub|sld_jtag_hub:\jtag_hub_gen:sld_jtag_hub_inst|design_hash_reg[0]                                                                                                                                                    ; sld_hub:auto_hub|sld_jtag_hub:\jtag_hub_gen:sld_jtag_hub_inst|tdo                                                                                                                                                                    ; altera_reserved_tck ; altera_reserved_tck ; 50.000       ; 0.154      ; 2.753      ;
; 47.487 ; MPSoC:inst1|MPSoC_cpu1:cpu1|MPSoC_cpu1_nios2_oci:the_MPSoC_cpu1_nios2_oci|MPSoC_cpu1_jtag_debug_module_wrapper:the_MPSoC_cpu1_jtag_debug_module_wrapper|MPSoC_cpu1_jtag_debug_module_tck:the_MPSoC_cpu1_jtag_debug_module_tck|sr[0] ; sld_hub:auto_hub|sld_jtag_hub:\jtag_hub_gen:sld_jtag_hub_inst|tdo                                                                                                                                                                    ; altera_reserved_tck ; altera_reserved_tck ; 50.000       ; 0.151      ; 2.683      ;
; 47.630 ; sld_hub:auto_hub|sld_jtag_hub:\jtag_hub_gen:sld_jtag_hub_inst|irf_reg[3][0]                                                                                                                                                         ; MPSoC:inst1|MPSoC_jtag0:jtag0|alt_jtag_atlantic:MPSoC_jtag0_alt_jtag_atlantic|jupdate                                                                                                                                                ; altera_reserved_tck ; altera_reserved_tck ; 50.000       ; 0.181      ; 2.570      ;
; 47.925 ; sld_hub:auto_hub|sld_jtag_hub:\jtag_hub_gen:sld_jtag_hub_inst|node_ena[3]~reg0                                                                                                                                                      ; MPSoC:inst1|MPSoC_jtag0:jtag0|alt_jtag_atlantic:MPSoC_jtag0_alt_jtag_atlantic|jupdate                                                                                                                                                ; altera_reserved_tck ; altera_reserved_tck ; 50.000       ; 0.175      ; 2.269      ;
; 47.937 ; sld_hub:auto_hub|sld_jtag_hub:\jtag_hub_gen:sld_jtag_hub_inst|sld_shadow_jsm:shadow_jsm|state[4]                                                                                                                                    ; sld_hub:auto_hub|sld_jtag_hub:\jtag_hub_gen:sld_jtag_hub_inst|tdo                                                                                                                                                                    ; altera_reserved_tck ; altera_reserved_tck ; 50.000       ; 0.159      ; 2.241      ;
; 48.046 ; sld_hub:auto_hub|sld_jtag_hub:\jtag_hub_gen:sld_jtag_hub_inst|virtual_ir_scan_reg                                                                                                                                                   ; MPSoC:inst1|MPSoC_jtag0:jtag0|alt_jtag_atlantic:MPSoC_jtag0_alt_jtag_atlantic|jupdate                                                                                                                                                ; altera_reserved_tck ; altera_reserved_tck ; 50.000       ; 0.160      ; 2.133      ;
; 48.050 ; sld_hub:auto_hub|sld_jtag_hub:\jtag_hub_gen:sld_jtag_hub_inst|virtual_ir_scan_reg                                                                                                                                                   ; MPSoC:inst1|MPSoC_jtag0:jtag1|alt_jtag_atlantic:MPSoC_jtag0_alt_jtag_atlantic|jupdate                                                                                                                                                ; altera_reserved_tck ; altera_reserved_tck ; 50.000       ; 0.124      ; 2.093      ;
; 48.388 ; sld_hub:auto_hub|sld_jtag_hub:\jtag_hub_gen:sld_jtag_hub_inst|sld_shadow_jsm:shadow_jsm|state[8]                                                                                                                                    ; MPSoC:inst1|MPSoC_jtag0:jtag0|alt_jtag_atlantic:MPSoC_jtag0_alt_jtag_atlantic|jupdate                                                                                                                                                ; altera_reserved_tck ; altera_reserved_tck ; 50.000       ; 0.159      ; 1.790      ;
; 48.442 ; sld_hub:auto_hub|sld_jtag_hub:\jtag_hub_gen:sld_jtag_hub_inst|sld_shadow_jsm:shadow_jsm|state[8]                                                                                                                                    ; MPSoC:inst1|MPSoC_jtag0:jtag1|alt_jtag_atlantic:MPSoC_jtag0_alt_jtag_atlantic|jupdate                                                                                                                                                ; altera_reserved_tck ; altera_reserved_tck ; 50.000       ; 0.123      ; 1.700      ;
; 48.472 ; sld_hub:auto_hub|sld_jtag_hub:\jtag_hub_gen:sld_jtag_hub_inst|irf_reg[4][0]                                                                                                                                                         ; MPSoC:inst1|MPSoC_jtag0:jtag1|alt_jtag_atlantic:MPSoC_jtag0_alt_jtag_atlantic|jupdate                                                                                                                                                ; altera_reserved_tck ; altera_reserved_tck ; 50.000       ; 0.138      ; 1.685      ;
; 48.612 ; sld_hub:auto_hub|sld_jtag_hub:\jtag_hub_gen:sld_jtag_hub_inst|node_ena[4]~reg0                                                                                                                                                      ; MPSoC:inst1|MPSoC_jtag0:jtag1|alt_jtag_atlantic:MPSoC_jtag0_alt_jtag_atlantic|jupdate                                                                                                                                                ; altera_reserved_tck ; altera_reserved_tck ; 50.000       ; 0.139      ; 1.546      ;
; 48.957 ; MPSoC:inst1|MPSoC_jtag0:jtag0|alt_jtag_atlantic:MPSoC_jtag0_alt_jtag_atlantic|td_shift[0]                                                                                                                                           ; MPSoC:inst1|MPSoC_jtag0:jtag0|alt_jtag_atlantic:MPSoC_jtag0_alt_jtag_atlantic|tdo~reg0                                                                                                                                               ; altera_reserved_tck ; altera_reserved_tck ; 50.000       ; 0.138      ; 1.200      ;
; 49.291 ; MPSoC:inst1|MPSoC_jtag0:jtag1|alt_jtag_atlantic:MPSoC_jtag0_alt_jtag_atlantic|td_shift[0]                                                                                                                                           ; MPSoC:inst1|MPSoC_jtag0:jtag1|alt_jtag_atlantic:MPSoC_jtag0_alt_jtag_atlantic|tdo~reg0                                                                                                                                               ; altera_reserved_tck ; altera_reserved_tck ; 50.000       ; 0.145      ; 0.873      ;
; 94.032 ; sld_hub:auto_hub|sld_jtag_hub:\jtag_hub_gen:sld_jtag_hub_inst|virtual_ir_scan_reg                                                                                                                                                   ; MPSoC:inst1|MPSoC_cpu1:cpu1|MPSoC_cpu1_nios2_oci:the_MPSoC_cpu1_nios2_oci|MPSoC_cpu1_jtag_debug_module_wrapper:the_MPSoC_cpu1_jtag_debug_module_wrapper|MPSoC_cpu1_jtag_debug_module_tck:the_MPSoC_cpu1_jtag_debug_module_tck|sr[24] ; altera_reserved_tck ; altera_reserved_tck ; 100.000      ; -0.097     ; 5.890      ;
; 94.032 ; sld_hub:auto_hub|sld_jtag_hub:\jtag_hub_gen:sld_jtag_hub_inst|virtual_ir_scan_reg                                                                                                                                                   ; MPSoC:inst1|MPSoC_cpu1:cpu1|MPSoC_cpu1_nios2_oci:the_MPSoC_cpu1_nios2_oci|MPSoC_cpu1_jtag_debug_module_wrapper:the_MPSoC_cpu1_jtag_debug_module_wrapper|MPSoC_cpu1_jtag_debug_module_tck:the_MPSoC_cpu1_jtag_debug_module_tck|sr[29] ; altera_reserved_tck ; altera_reserved_tck ; 100.000      ; -0.097     ; 5.890      ;
; 94.093 ; sld_hub:auto_hub|sld_jtag_hub:\jtag_hub_gen:sld_jtag_hub_inst|virtual_ir_scan_reg                                                                                                                                                   ; MPSoC:inst1|MPSoC_cpu1:cpu1|MPSoC_cpu1_nios2_oci:the_MPSoC_cpu1_nios2_oci|MPSoC_cpu1_jtag_debug_module_wrapper:the_MPSoC_cpu1_jtag_debug_module_wrapper|MPSoC_cpu1_jtag_debug_module_tck:the_MPSoC_cpu1_jtag_debug_module_tck|sr[26] ; altera_reserved_tck ; altera_reserved_tck ; 100.000      ; -0.097     ; 5.829      ;
; 94.093 ; sld_hub:auto_hub|sld_jtag_hub:\jtag_hub_gen:sld_jtag_hub_inst|virtual_ir_scan_reg                                                                                                                                                   ; MPSoC:inst1|MPSoC_cpu1:cpu1|MPSoC_cpu1_nios2_oci:the_MPSoC_cpu1_nios2_oci|MPSoC_cpu1_jtag_debug_module_wrapper:the_MPSoC_cpu1_jtag_debug_module_wrapper|MPSoC_cpu1_jtag_debug_module_tck:the_MPSoC_cpu1_jtag_debug_module_tck|sr[25] ; altera_reserved_tck ; altera_reserved_tck ; 100.000      ; -0.097     ; 5.829      ;
; 94.093 ; sld_hub:auto_hub|sld_jtag_hub:\jtag_hub_gen:sld_jtag_hub_inst|virtual_ir_scan_reg                                                                                                                                                   ; MPSoC:inst1|MPSoC_cpu1:cpu1|MPSoC_cpu1_nios2_oci:the_MPSoC_cpu1_nios2_oci|MPSoC_cpu1_jtag_debug_module_wrapper:the_MPSoC_cpu1_jtag_debug_module_wrapper|MPSoC_cpu1_jtag_debug_module_tck:the_MPSoC_cpu1_jtag_debug_module_tck|sr[27] ; altera_reserved_tck ; altera_reserved_tck ; 100.000      ; -0.097     ; 5.829      ;
; 94.093 ; sld_hub:auto_hub|sld_jtag_hub:\jtag_hub_gen:sld_jtag_hub_inst|virtual_ir_scan_reg                                                                                                                                                   ; MPSoC:inst1|MPSoC_cpu1:cpu1|MPSoC_cpu1_nios2_oci:the_MPSoC_cpu1_nios2_oci|MPSoC_cpu1_jtag_debug_module_wrapper:the_MPSoC_cpu1_jtag_debug_module_wrapper|MPSoC_cpu1_jtag_debug_module_tck:the_MPSoC_cpu1_jtag_debug_module_tck|sr[32] ; altera_reserved_tck ; altera_reserved_tck ; 100.000      ; -0.097     ; 5.829      ;
; 94.187 ; sld_hub:auto_hub|sld_jtag_hub:\jtag_hub_gen:sld_jtag_hub_inst|virtual_ir_scan_reg                                                                                                                                                   ; MPSoC:inst1|MPSoC_cpu1:cpu1|MPSoC_cpu1_nios2_oci:the_MPSoC_cpu1_nios2_oci|MPSoC_cpu1_jtag_debug_module_wrapper:the_MPSoC_cpu1_jtag_debug_module_wrapper|MPSoC_cpu1_jtag_debug_module_tck:the_MPSoC_cpu1_jtag_debug_module_tck|sr[30] ; altera_reserved_tck ; altera_reserved_tck ; 100.000      ; -0.097     ; 5.735      ;
; 94.187 ; sld_hub:auto_hub|sld_jtag_hub:\jtag_hub_gen:sld_jtag_hub_inst|virtual_ir_scan_reg                                                                                                                                                   ; MPSoC:inst1|MPSoC_cpu1:cpu1|MPSoC_cpu1_nios2_oci:the_MPSoC_cpu1_nios2_oci|MPSoC_cpu1_jtag_debug_module_wrapper:the_MPSoC_cpu1_jtag_debug_module_wrapper|MPSoC_cpu1_jtag_debug_module_tck:the_MPSoC_cpu1_jtag_debug_module_tck|sr[28] ; altera_reserved_tck ; altera_reserved_tck ; 100.000      ; -0.097     ; 5.735      ;
; 94.456 ; sld_hub:auto_hub|sld_jtag_hub:\jtag_hub_gen:sld_jtag_hub_inst|virtual_ir_scan_reg                                                                                                                                                   ; MPSoC:inst1|MPSoC_cpu1:cpu1|MPSoC_cpu1_nios2_oci:the_MPSoC_cpu1_nios2_oci|MPSoC_cpu1_jtag_debug_module_wrapper:the_MPSoC_cpu1_jtag_debug_module_wrapper|MPSoC_cpu1_jtag_debug_module_tck:the_MPSoC_cpu1_jtag_debug_module_tck|sr[20] ; altera_reserved_tck ; altera_reserved_tck ; 100.000      ; -0.108     ; 5.455      ;
; 94.456 ; sld_hub:auto_hub|sld_jtag_hub:\jtag_hub_gen:sld_jtag_hub_inst|virtual_ir_scan_reg                                                                                                                                                   ; MPSoC:inst1|MPSoC_cpu1:cpu1|MPSoC_cpu1_nios2_oci:the_MPSoC_cpu1_nios2_oci|MPSoC_cpu1_jtag_debug_module_wrapper:the_MPSoC_cpu1_jtag_debug_module_wrapper|MPSoC_cpu1_jtag_debug_module_tck:the_MPSoC_cpu1_jtag_debug_module_tck|sr[17] ; altera_reserved_tck ; altera_reserved_tck ; 100.000      ; -0.108     ; 5.455      ;
; 94.456 ; sld_hub:auto_hub|sld_jtag_hub:\jtag_hub_gen:sld_jtag_hub_inst|virtual_ir_scan_reg                                                                                                                                                   ; MPSoC:inst1|MPSoC_cpu1:cpu1|MPSoC_cpu1_nios2_oci:the_MPSoC_cpu1_nios2_oci|MPSoC_cpu1_jtag_debug_module_wrapper:the_MPSoC_cpu1_jtag_debug_module_wrapper|MPSoC_cpu1_jtag_debug_module_tck:the_MPSoC_cpu1_jtag_debug_module_tck|sr[18] ; altera_reserved_tck ; altera_reserved_tck ; 100.000      ; -0.108     ; 5.455      ;
; 94.456 ; sld_hub:auto_hub|sld_jtag_hub:\jtag_hub_gen:sld_jtag_hub_inst|virtual_ir_scan_reg                                                                                                                                                   ; MPSoC:inst1|MPSoC_cpu1:cpu1|MPSoC_cpu1_nios2_oci:the_MPSoC_cpu1_nios2_oci|MPSoC_cpu1_jtag_debug_module_wrapper:the_MPSoC_cpu1_jtag_debug_module_wrapper|MPSoC_cpu1_jtag_debug_module_tck:the_MPSoC_cpu1_jtag_debug_module_tck|sr[19] ; altera_reserved_tck ; altera_reserved_tck ; 100.000      ; -0.108     ; 5.455      ;
; 94.456 ; sld_hub:auto_hub|sld_jtag_hub:\jtag_hub_gen:sld_jtag_hub_inst|virtual_ir_scan_reg                                                                                                                                                   ; MPSoC:inst1|MPSoC_cpu1:cpu1|MPSoC_cpu1_nios2_oci:the_MPSoC_cpu1_nios2_oci|MPSoC_cpu1_jtag_debug_module_wrapper:the_MPSoC_cpu1_jtag_debug_module_wrapper|MPSoC_cpu1_jtag_debug_module_tck:the_MPSoC_cpu1_jtag_debug_module_tck|sr[16] ; altera_reserved_tck ; altera_reserved_tck ; 100.000      ; -0.108     ; 5.455      ;
; 94.495 ; sld_hub:auto_hub|sld_jtag_hub:\jtag_hub_gen:sld_jtag_hub_inst|virtual_ir_scan_reg                                                                                                                                                   ; MPSoC:inst1|MPSoC_cpu1:cpu1|MPSoC_cpu1_nios2_oci:the_MPSoC_cpu1_nios2_oci|MPSoC_cpu1_jtag_debug_module_wrapper:the_MPSoC_cpu1_jtag_debug_module_wrapper|MPSoC_cpu1_jtag_debug_module_tck:the_MPSoC_cpu1_jtag_debug_module_tck|sr[23] ; altera_reserved_tck ; altera_reserved_tck ; 100.000      ; -0.103     ; 5.421      ;
; 94.495 ; sld_hub:auto_hub|sld_jtag_hub:\jtag_hub_gen:sld_jtag_hub_inst|virtual_ir_scan_reg                                                                                                                                                   ; MPSoC:inst1|MPSoC_cpu1:cpu1|MPSoC_cpu1_nios2_oci:the_MPSoC_cpu1_nios2_oci|MPSoC_cpu1_jtag_debug_module_wrapper:the_MPSoC_cpu1_jtag_debug_module_wrapper|MPSoC_cpu1_jtag_debug_module_tck:the_MPSoC_cpu1_jtag_debug_module_tck|sr[22] ; altera_reserved_tck ; altera_reserved_tck ; 100.000      ; -0.103     ; 5.421      ;
; 94.495 ; sld_hub:auto_hub|sld_jtag_hub:\jtag_hub_gen:sld_jtag_hub_inst|virtual_ir_scan_reg                                                                                                                                                   ; MPSoC:inst1|MPSoC_cpu1:cpu1|MPSoC_cpu1_nios2_oci:the_MPSoC_cpu1_nios2_oci|MPSoC_cpu1_jtag_debug_module_wrapper:the_MPSoC_cpu1_jtag_debug_module_wrapper|MPSoC_cpu1_jtag_debug_module_tck:the_MPSoC_cpu1_jtag_debug_module_tck|sr[21] ; altera_reserved_tck ; altera_reserved_tck ; 100.000      ; -0.103     ; 5.421      ;
; 94.495 ; sld_hub:auto_hub|sld_jtag_hub:\jtag_hub_gen:sld_jtag_hub_inst|virtual_ir_scan_reg                                                                                                                                                   ; MPSoC:inst1|MPSoC_cpu1:cpu1|MPSoC_cpu1_nios2_oci:the_MPSoC_cpu1_nios2_oci|MPSoC_cpu1_jtag_debug_module_wrapper:the_MPSoC_cpu1_jtag_debug_module_wrapper|MPSoC_cpu1_jtag_debug_module_tck:the_MPSoC_cpu1_jtag_debug_module_tck|sr[34] ; altera_reserved_tck ; altera_reserved_tck ; 100.000      ; -0.103     ; 5.421      ;
; 94.495 ; sld_hub:auto_hub|sld_jtag_hub:\jtag_hub_gen:sld_jtag_hub_inst|virtual_ir_scan_reg                                                                                                                                                   ; MPSoC:inst1|MPSoC_cpu1:cpu1|MPSoC_cpu1_nios2_oci:the_MPSoC_cpu1_nios2_oci|MPSoC_cpu1_jtag_debug_module_wrapper:the_MPSoC_cpu1_jtag_debug_module_wrapper|MPSoC_cpu1_jtag_debug_module_tck:the_MPSoC_cpu1_jtag_debug_module_tck|sr[33] ; altera_reserved_tck ; altera_reserved_tck ; 100.000      ; -0.103     ; 5.421      ;
; 94.650 ; sld_hub:auto_hub|sld_jtag_hub:\jtag_hub_gen:sld_jtag_hub_inst|sld_shadow_jsm:shadow_jsm|state[4]                                                                                                                                    ; MPSoC:inst1|MPSoC_cpu1:cpu1|MPSoC_cpu1_nios2_oci:the_MPSoC_cpu1_nios2_oci|MPSoC_cpu1_jtag_debug_module_wrapper:the_MPSoC_cpu1_jtag_debug_module_wrapper|MPSoC_cpu1_jtag_debug_module_tck:the_MPSoC_cpu1_jtag_debug_module_tck|sr[24] ; altera_reserved_tck ; altera_reserved_tck ; 100.000      ; -0.077     ; 5.292      ;
; 94.650 ; sld_hub:auto_hub|sld_jtag_hub:\jtag_hub_gen:sld_jtag_hub_inst|sld_shadow_jsm:shadow_jsm|state[4]                                                                                                                                    ; MPSoC:inst1|MPSoC_cpu1:cpu1|MPSoC_cpu1_nios2_oci:the_MPSoC_cpu1_nios2_oci|MPSoC_cpu1_jtag_debug_module_wrapper:the_MPSoC_cpu1_jtag_debug_module_wrapper|MPSoC_cpu1_jtag_debug_module_tck:the_MPSoC_cpu1_jtag_debug_module_tck|sr[29] ; altera_reserved_tck ; altera_reserved_tck ; 100.000      ; -0.077     ; 5.292      ;
; 94.672 ; sld_hub:auto_hub|sld_jtag_hub:\jtag_hub_gen:sld_jtag_hub_inst|virtual_ir_scan_reg                                                                                                                                                   ; MPSoC:inst1|MPSoC_cpu0:cpu0|MPSoC_cpu0_nios2_oci:the_MPSoC_cpu0_nios2_oci|MPSoC_cpu0_jtag_debug_module_wrapper:the_MPSoC_cpu0_jtag_debug_module_wrapper|MPSoC_cpu0_jtag_debug_module_tck:the_MPSoC_cpu0_jtag_debug_module_tck|sr[17] ; altera_reserved_tck ; altera_reserved_tck ; 100.000      ; -0.100     ; 5.247      ;
; 94.672 ; sld_hub:auto_hub|sld_jtag_hub:\jtag_hub_gen:sld_jtag_hub_inst|virtual_ir_scan_reg                                                                                                                                                   ; MPSoC:inst1|MPSoC_cpu0:cpu0|MPSoC_cpu0_nios2_oci:the_MPSoC_cpu0_nios2_oci|MPSoC_cpu0_jtag_debug_module_wrapper:the_MPSoC_cpu0_jtag_debug_module_wrapper|MPSoC_cpu0_jtag_debug_module_tck:the_MPSoC_cpu0_jtag_debug_module_tck|sr[18] ; altera_reserved_tck ; altera_reserved_tck ; 100.000      ; -0.100     ; 5.247      ;
; 94.672 ; sld_hub:auto_hub|sld_jtag_hub:\jtag_hub_gen:sld_jtag_hub_inst|virtual_ir_scan_reg                                                                                                                                                   ; MPSoC:inst1|MPSoC_cpu0:cpu0|MPSoC_cpu0_nios2_oci:the_MPSoC_cpu0_nios2_oci|MPSoC_cpu0_jtag_debug_module_wrapper:the_MPSoC_cpu0_jtag_debug_module_wrapper|MPSoC_cpu0_jtag_debug_module_tck:the_MPSoC_cpu0_jtag_debug_module_tck|sr[19] ; altera_reserved_tck ; altera_reserved_tck ; 100.000      ; -0.100     ; 5.247      ;
; 94.672 ; sld_hub:auto_hub|sld_jtag_hub:\jtag_hub_gen:sld_jtag_hub_inst|virtual_ir_scan_reg                                                                                                                                                   ; MPSoC:inst1|MPSoC_cpu0:cpu0|MPSoC_cpu0_nios2_oci:the_MPSoC_cpu0_nios2_oci|MPSoC_cpu0_jtag_debug_module_wrapper:the_MPSoC_cpu0_jtag_debug_module_wrapper|MPSoC_cpu0_jtag_debug_module_tck:the_MPSoC_cpu0_jtag_debug_module_tck|sr[20] ; altera_reserved_tck ; altera_reserved_tck ; 100.000      ; -0.100     ; 5.247      ;
; 94.672 ; sld_hub:auto_hub|sld_jtag_hub:\jtag_hub_gen:sld_jtag_hub_inst|virtual_ir_scan_reg                                                                                                                                                   ; MPSoC:inst1|MPSoC_cpu0:cpu0|MPSoC_cpu0_nios2_oci:the_MPSoC_cpu0_nios2_oci|MPSoC_cpu0_jtag_debug_module_wrapper:the_MPSoC_cpu0_jtag_debug_module_wrapper|MPSoC_cpu0_jtag_debug_module_tck:the_MPSoC_cpu0_jtag_debug_module_tck|sr[21] ; altera_reserved_tck ; altera_reserved_tck ; 100.000      ; -0.100     ; 5.247      ;
; 94.672 ; sld_hub:auto_hub|sld_jtag_hub:\jtag_hub_gen:sld_jtag_hub_inst|virtual_ir_scan_reg                                                                                                                                                   ; MPSoC:inst1|MPSoC_cpu0:cpu0|MPSoC_cpu0_nios2_oci:the_MPSoC_cpu0_nios2_oci|MPSoC_cpu0_jtag_debug_module_wrapper:the_MPSoC_cpu0_jtag_debug_module_wrapper|MPSoC_cpu0_jtag_debug_module_tck:the_MPSoC_cpu0_jtag_debug_module_tck|sr[16] ; altera_reserved_tck ; altera_reserved_tck ; 100.000      ; -0.100     ; 5.247      ;
; 94.711 ; sld_hub:auto_hub|sld_jtag_hub:\jtag_hub_gen:sld_jtag_hub_inst|sld_shadow_jsm:shadow_jsm|state[4]                                                                                                                                    ; MPSoC:inst1|MPSoC_cpu1:cpu1|MPSoC_cpu1_nios2_oci:the_MPSoC_cpu1_nios2_oci|MPSoC_cpu1_jtag_debug_module_wrapper:the_MPSoC_cpu1_jtag_debug_module_wrapper|MPSoC_cpu1_jtag_debug_module_tck:the_MPSoC_cpu1_jtag_debug_module_tck|sr[26] ; altera_reserved_tck ; altera_reserved_tck ; 100.000      ; -0.077     ; 5.231      ;
; 94.711 ; sld_hub:auto_hub|sld_jtag_hub:\jtag_hub_gen:sld_jtag_hub_inst|sld_shadow_jsm:shadow_jsm|state[4]                                                                                                                                    ; MPSoC:inst1|MPSoC_cpu1:cpu1|MPSoC_cpu1_nios2_oci:the_MPSoC_cpu1_nios2_oci|MPSoC_cpu1_jtag_debug_module_wrapper:the_MPSoC_cpu1_jtag_debug_module_wrapper|MPSoC_cpu1_jtag_debug_module_tck:the_MPSoC_cpu1_jtag_debug_module_tck|sr[25] ; altera_reserved_tck ; altera_reserved_tck ; 100.000      ; -0.077     ; 5.231      ;
; 94.711 ; sld_hub:auto_hub|sld_jtag_hub:\jtag_hub_gen:sld_jtag_hub_inst|sld_shadow_jsm:shadow_jsm|state[4]                                                                                                                                    ; MPSoC:inst1|MPSoC_cpu1:cpu1|MPSoC_cpu1_nios2_oci:the_MPSoC_cpu1_nios2_oci|MPSoC_cpu1_jtag_debug_module_wrapper:the_MPSoC_cpu1_jtag_debug_module_wrapper|MPSoC_cpu1_jtag_debug_module_tck:the_MPSoC_cpu1_jtag_debug_module_tck|sr[27] ; altera_reserved_tck ; altera_reserved_tck ; 100.000      ; -0.077     ; 5.231      ;
; 94.711 ; sld_hub:auto_hub|sld_jtag_hub:\jtag_hub_gen:sld_jtag_hub_inst|sld_shadow_jsm:shadow_jsm|state[4]                                                                                                                                    ; MPSoC:inst1|MPSoC_cpu1:cpu1|MPSoC_cpu1_nios2_oci:the_MPSoC_cpu1_nios2_oci|MPSoC_cpu1_jtag_debug_module_wrapper:the_MPSoC_cpu1_jtag_debug_module_wrapper|MPSoC_cpu1_jtag_debug_module_tck:the_MPSoC_cpu1_jtag_debug_module_tck|sr[32] ; altera_reserved_tck ; altera_reserved_tck ; 100.000      ; -0.077     ; 5.231      ;
; 94.805 ; sld_hub:auto_hub|sld_jtag_hub:\jtag_hub_gen:sld_jtag_hub_inst|sld_shadow_jsm:shadow_jsm|state[4]                                                                                                                                    ; MPSoC:inst1|MPSoC_cpu1:cpu1|MPSoC_cpu1_nios2_oci:the_MPSoC_cpu1_nios2_oci|MPSoC_cpu1_jtag_debug_module_wrapper:the_MPSoC_cpu1_jtag_debug_module_wrapper|MPSoC_cpu1_jtag_debug_module_tck:the_MPSoC_cpu1_jtag_debug_module_tck|sr[30] ; altera_reserved_tck ; altera_reserved_tck ; 100.000      ; -0.077     ; 5.137      ;
; 94.805 ; sld_hub:auto_hub|sld_jtag_hub:\jtag_hub_gen:sld_jtag_hub_inst|sld_shadow_jsm:shadow_jsm|state[4]                                                                                                                                    ; MPSoC:inst1|MPSoC_cpu1:cpu1|MPSoC_cpu1_nios2_oci:the_MPSoC_cpu1_nios2_oci|MPSoC_cpu1_jtag_debug_module_wrapper:the_MPSoC_cpu1_jtag_debug_module_wrapper|MPSoC_cpu1_jtag_debug_module_tck:the_MPSoC_cpu1_jtag_debug_module_tck|sr[28] ; altera_reserved_tck ; altera_reserved_tck ; 100.000      ; -0.077     ; 5.137      ;
; 94.888 ; sld_hub:auto_hub|sld_jtag_hub:\jtag_hub_gen:sld_jtag_hub_inst|virtual_ir_scan_reg                                                                                                                                                   ; MPSoC:inst1|MPSoC_cpu0:cpu0|MPSoC_cpu0_nios2_oci:the_MPSoC_cpu0_nios2_oci|MPSoC_cpu0_jtag_debug_module_wrapper:the_MPSoC_cpu0_jtag_debug_module_wrapper|MPSoC_cpu0_jtag_debug_module_tck:the_MPSoC_cpu0_jtag_debug_module_tck|sr[36] ; altera_reserved_tck ; altera_reserved_tck ; 100.000      ; -0.085     ; 5.046      ;
; 94.888 ; sld_hub:auto_hub|sld_jtag_hub:\jtag_hub_gen:sld_jtag_hub_inst|virtual_ir_scan_reg                                                                                                                                                   ; MPSoC:inst1|MPSoC_cpu0:cpu0|MPSoC_cpu0_nios2_oci:the_MPSoC_cpu0_nios2_oci|MPSoC_cpu0_jtag_debug_module_wrapper:the_MPSoC_cpu0_jtag_debug_module_wrapper|MPSoC_cpu0_jtag_debug_module_tck:the_MPSoC_cpu0_jtag_debug_module_tck|sr[37] ; altera_reserved_tck ; altera_reserved_tck ; 100.000      ; -0.085     ; 5.046      ;
; 94.900 ; sld_hub:auto_hub|sld_jtag_hub:\jtag_hub_gen:sld_jtag_hub_inst|virtual_ir_scan_reg                                                                                                                                                   ; MPSoC:inst1|MPSoC_cpu0:cpu0|MPSoC_cpu0_nios2_oci:the_MPSoC_cpu0_nios2_oci|MPSoC_cpu0_jtag_debug_module_wrapper:the_MPSoC_cpu0_jtag_debug_module_wrapper|MPSoC_cpu0_jtag_debug_module_tck:the_MPSoC_cpu0_jtag_debug_module_tck|sr[22] ; altera_reserved_tck ; altera_reserved_tck ; 100.000      ; -0.100     ; 5.019      ;
; 94.900 ; sld_hub:auto_hub|sld_jtag_hub:\jtag_hub_gen:sld_jtag_hub_inst|virtual_ir_scan_reg                                                                                                                                                   ; MPSoC:inst1|MPSoC_cpu0:cpu0|MPSoC_cpu0_nios2_oci:the_MPSoC_cpu0_nios2_oci|MPSoC_cpu0_jtag_debug_module_wrapper:the_MPSoC_cpu0_jtag_debug_module_wrapper|MPSoC_cpu0_jtag_debug_module_tck:the_MPSoC_cpu0_jtag_debug_module_tck|sr[23] ; altera_reserved_tck ; altera_reserved_tck ; 100.000      ; -0.100     ; 5.019      ;
; 94.900 ; sld_hub:auto_hub|sld_jtag_hub:\jtag_hub_gen:sld_jtag_hub_inst|virtual_ir_scan_reg                                                                                                                                                   ; MPSoC:inst1|MPSoC_cpu0:cpu0|MPSoC_cpu0_nios2_oci:the_MPSoC_cpu0_nios2_oci|MPSoC_cpu0_jtag_debug_module_wrapper:the_MPSoC_cpu0_jtag_debug_module_wrapper|MPSoC_cpu0_jtag_debug_module_tck:the_MPSoC_cpu0_jtag_debug_module_tck|sr[25] ; altera_reserved_tck ; altera_reserved_tck ; 100.000      ; -0.100     ; 5.019      ;
; 94.900 ; sld_hub:auto_hub|sld_jtag_hub:\jtag_hub_gen:sld_jtag_hub_inst|virtual_ir_scan_reg                                                                                                                                                   ; MPSoC:inst1|MPSoC_cpu0:cpu0|MPSoC_cpu0_nios2_oci:the_MPSoC_cpu0_nios2_oci|MPSoC_cpu0_jtag_debug_module_wrapper:the_MPSoC_cpu0_jtag_debug_module_wrapper|MPSoC_cpu0_jtag_debug_module_tck:the_MPSoC_cpu0_jtag_debug_module_tck|sr[24] ; altera_reserved_tck ; altera_reserved_tck ; 100.000      ; -0.100     ; 5.019      ;
; 94.900 ; sld_hub:auto_hub|sld_jtag_hub:\jtag_hub_gen:sld_jtag_hub_inst|virtual_ir_scan_reg                                                                                                                                                   ; MPSoC:inst1|MPSoC_cpu0:cpu0|MPSoC_cpu0_nios2_oci:the_MPSoC_cpu0_nios2_oci|MPSoC_cpu0_jtag_debug_module_wrapper:the_MPSoC_cpu0_jtag_debug_module_wrapper|MPSoC_cpu0_jtag_debug_module_tck:the_MPSoC_cpu0_jtag_debug_module_tck|sr[26] ; altera_reserved_tck ; altera_reserved_tck ; 100.000      ; -0.100     ; 5.019      ;
; 94.900 ; sld_hub:auto_hub|sld_jtag_hub:\jtag_hub_gen:sld_jtag_hub_inst|virtual_ir_scan_reg                                                                                                                                                   ; MPSoC:inst1|MPSoC_cpu0:cpu0|MPSoC_cpu0_nios2_oci:the_MPSoC_cpu0_nios2_oci|MPSoC_cpu0_jtag_debug_module_wrapper:the_MPSoC_cpu0_jtag_debug_module_wrapper|MPSoC_cpu0_jtag_debug_module_tck:the_MPSoC_cpu0_jtag_debug_module_tck|sr[27] ; altera_reserved_tck ; altera_reserved_tck ; 100.000      ; -0.100     ; 5.019      ;
; 94.934 ; sld_hub:auto_hub|sld_jtag_hub:\jtag_hub_gen:sld_jtag_hub_inst|virtual_ir_scan_reg                                                                                                                                                   ; MPSoC:inst1|MPSoC_cpu0:cpu0|MPSoC_cpu0_nios2_oci:the_MPSoC_cpu0_nios2_oci|MPSoC_cpu0_jtag_debug_module_wrapper:the_MPSoC_cpu0_jtag_debug_module_wrapper|MPSoC_cpu0_jtag_debug_module_tck:the_MPSoC_cpu0_jtag_debug_module_tck|sr[34] ; altera_reserved_tck ; altera_reserved_tck ; 100.000      ; -0.095     ; 4.990      ;
; 94.934 ; sld_hub:auto_hub|sld_jtag_hub:\jtag_hub_gen:sld_jtag_hub_inst|virtual_ir_scan_reg                                                                                                                                                   ; MPSoC:inst1|MPSoC_cpu0:cpu0|MPSoC_cpu0_nios2_oci:the_MPSoC_cpu0_nios2_oci|MPSoC_cpu0_jtag_debug_module_wrapper:the_MPSoC_cpu0_jtag_debug_module_wrapper|MPSoC_cpu0_jtag_debug_module_tck:the_MPSoC_cpu0_jtag_debug_module_tck|sr[28] ; altera_reserved_tck ; altera_reserved_tck ; 100.000      ; -0.095     ; 4.990      ;
; 94.934 ; sld_hub:auto_hub|sld_jtag_hub:\jtag_hub_gen:sld_jtag_hub_inst|virtual_ir_scan_reg                                                                                                                                                   ; MPSoC:inst1|MPSoC_cpu0:cpu0|MPSoC_cpu0_nios2_oci:the_MPSoC_cpu0_nios2_oci|MPSoC_cpu0_jtag_debug_module_wrapper:the_MPSoC_cpu0_jtag_debug_module_wrapper|MPSoC_cpu0_jtag_debug_module_tck:the_MPSoC_cpu0_jtag_debug_module_tck|sr[29] ; altera_reserved_tck ; altera_reserved_tck ; 100.000      ; -0.095     ; 4.990      ;
; 94.934 ; sld_hub:auto_hub|sld_jtag_hub:\jtag_hub_gen:sld_jtag_hub_inst|virtual_ir_scan_reg                                                                                                                                                   ; MPSoC:inst1|MPSoC_cpu0:cpu0|MPSoC_cpu0_nios2_oci:the_MPSoC_cpu0_nios2_oci|MPSoC_cpu0_jtag_debug_module_wrapper:the_MPSoC_cpu0_jtag_debug_module_wrapper|MPSoC_cpu0_jtag_debug_module_tck:the_MPSoC_cpu0_jtag_debug_module_tck|sr[32] ; altera_reserved_tck ; altera_reserved_tck ; 100.000      ; -0.095     ; 4.990      ;
; 94.934 ; sld_hub:auto_hub|sld_jtag_hub:\jtag_hub_gen:sld_jtag_hub_inst|virtual_ir_scan_reg                                                                                                                                                   ; MPSoC:inst1|MPSoC_cpu0:cpu0|MPSoC_cpu0_nios2_oci:the_MPSoC_cpu0_nios2_oci|MPSoC_cpu0_jtag_debug_module_wrapper:the_MPSoC_cpu0_jtag_debug_module_wrapper|MPSoC_cpu0_jtag_debug_module_tck:the_MPSoC_cpu0_jtag_debug_module_tck|sr[33] ; altera_reserved_tck ; altera_reserved_tck ; 100.000      ; -0.095     ; 4.990      ;
; 94.934 ; sld_hub:auto_hub|sld_jtag_hub:\jtag_hub_gen:sld_jtag_hub_inst|virtual_ir_scan_reg                                                                                                                                                   ; MPSoC:inst1|MPSoC_cpu0:cpu0|MPSoC_cpu0_nios2_oci:the_MPSoC_cpu0_nios2_oci|MPSoC_cpu0_jtag_debug_module_wrapper:the_MPSoC_cpu0_jtag_debug_module_wrapper|MPSoC_cpu0_jtag_debug_module_tck:the_MPSoC_cpu0_jtag_debug_module_tck|sr[30] ; altera_reserved_tck ; altera_reserved_tck ; 100.000      ; -0.095     ; 4.990      ;
; 94.960 ; sld_hub:auto_hub|sld_jtag_hub:\jtag_hub_gen:sld_jtag_hub_inst|node_ena[2]~reg0                                                                                                                                                      ; MPSoC:inst1|MPSoC_cpu0:cpu0|MPSoC_cpu0_nios2_oci:the_MPSoC_cpu0_nios2_oci|MPSoC_cpu0_jtag_debug_module_wrapper:the_MPSoC_cpu0_jtag_debug_module_wrapper|MPSoC_cpu0_jtag_debug_module_tck:the_MPSoC_cpu0_jtag_debug_module_tck|sr[17] ; altera_reserved_tck ; altera_reserved_tck ; 100.000      ; -0.085     ; 4.974      ;
; 94.960 ; sld_hub:auto_hub|sld_jtag_hub:\jtag_hub_gen:sld_jtag_hub_inst|node_ena[2]~reg0                                                                                                                                                      ; MPSoC:inst1|MPSoC_cpu0:cpu0|MPSoC_cpu0_nios2_oci:the_MPSoC_cpu0_nios2_oci|MPSoC_cpu0_jtag_debug_module_wrapper:the_MPSoC_cpu0_jtag_debug_module_wrapper|MPSoC_cpu0_jtag_debug_module_tck:the_MPSoC_cpu0_jtag_debug_module_tck|sr[18] ; altera_reserved_tck ; altera_reserved_tck ; 100.000      ; -0.085     ; 4.974      ;
; 94.960 ; sld_hub:auto_hub|sld_jtag_hub:\jtag_hub_gen:sld_jtag_hub_inst|node_ena[2]~reg0                                                                                                                                                      ; MPSoC:inst1|MPSoC_cpu0:cpu0|MPSoC_cpu0_nios2_oci:the_MPSoC_cpu0_nios2_oci|MPSoC_cpu0_jtag_debug_module_wrapper:the_MPSoC_cpu0_jtag_debug_module_wrapper|MPSoC_cpu0_jtag_debug_module_tck:the_MPSoC_cpu0_jtag_debug_module_tck|sr[19] ; altera_reserved_tck ; altera_reserved_tck ; 100.000      ; -0.085     ; 4.974      ;
; 94.960 ; sld_hub:auto_hub|sld_jtag_hub:\jtag_hub_gen:sld_jtag_hub_inst|node_ena[2]~reg0                                                                                                                                                      ; MPSoC:inst1|MPSoC_cpu0:cpu0|MPSoC_cpu0_nios2_oci:the_MPSoC_cpu0_nios2_oci|MPSoC_cpu0_jtag_debug_module_wrapper:the_MPSoC_cpu0_jtag_debug_module_wrapper|MPSoC_cpu0_jtag_debug_module_tck:the_MPSoC_cpu0_jtag_debug_module_tck|sr[20] ; altera_reserved_tck ; altera_reserved_tck ; 100.000      ; -0.085     ; 4.974      ;
; 94.960 ; sld_hub:auto_hub|sld_jtag_hub:\jtag_hub_gen:sld_jtag_hub_inst|node_ena[2]~reg0                                                                                                                                                      ; MPSoC:inst1|MPSoC_cpu0:cpu0|MPSoC_cpu0_nios2_oci:the_MPSoC_cpu0_nios2_oci|MPSoC_cpu0_jtag_debug_module_wrapper:the_MPSoC_cpu0_jtag_debug_module_wrapper|MPSoC_cpu0_jtag_debug_module_tck:the_MPSoC_cpu0_jtag_debug_module_tck|sr[21] ; altera_reserved_tck ; altera_reserved_tck ; 100.000      ; -0.085     ; 4.974      ;
; 94.960 ; sld_hub:auto_hub|sld_jtag_hub:\jtag_hub_gen:sld_jtag_hub_inst|node_ena[2]~reg0                                                                                                                                                      ; MPSoC:inst1|MPSoC_cpu0:cpu0|MPSoC_cpu0_nios2_oci:the_MPSoC_cpu0_nios2_oci|MPSoC_cpu0_jtag_debug_module_wrapper:the_MPSoC_cpu0_jtag_debug_module_wrapper|MPSoC_cpu0_jtag_debug_module_tck:the_MPSoC_cpu0_jtag_debug_module_tck|sr[16] ; altera_reserved_tck ; altera_reserved_tck ; 100.000      ; -0.085     ; 4.974      ;
; 94.996 ; sld_hub:auto_hub|sld_jtag_hub:\jtag_hub_gen:sld_jtag_hub_inst|irf_reg[1][1]                                                                                                                                                         ; MPSoC:inst1|MPSoC_cpu1:cpu1|MPSoC_cpu1_nios2_oci:the_MPSoC_cpu1_nios2_oci|MPSoC_cpu1_jtag_debug_module_wrapper:the_MPSoC_cpu1_jtag_debug_module_wrapper|MPSoC_cpu1_jtag_debug_module_tck:the_MPSoC_cpu1_jtag_debug_module_tck|sr[24] ; altera_reserved_tck ; altera_reserved_tck ; 100.000      ; -0.077     ; 4.946      ;
; 94.997 ; sld_hub:auto_hub|sld_jtag_hub:\jtag_hub_gen:sld_jtag_hub_inst|irf_reg[1][1]                                                                                                                                                         ; MPSoC:inst1|MPSoC_cpu1:cpu1|MPSoC_cpu1_nios2_oci:the_MPSoC_cpu1_nios2_oci|MPSoC_cpu1_jtag_debug_module_wrapper:the_MPSoC_cpu1_jtag_debug_module_wrapper|MPSoC_cpu1_jtag_debug_module_tck:the_MPSoC_cpu1_jtag_debug_module_tck|sr[29] ; altera_reserved_tck ; altera_reserved_tck ; 100.000      ; -0.077     ; 4.945      ;
; 95.032 ; sld_hub:auto_hub|sld_jtag_hub:\jtag_hub_gen:sld_jtag_hub_inst|sld_shadow_jsm:shadow_jsm|state[3]                                                                                                                                    ; MPSoC:inst1|MPSoC_cpu1:cpu1|MPSoC_cpu1_nios2_oci:the_MPSoC_cpu1_nios2_oci|MPSoC_cpu1_jtag_debug_module_wrapper:the_MPSoC_cpu1_jtag_debug_module_wrapper|MPSoC_cpu1_jtag_debug_module_tck:the_MPSoC_cpu1_jtag_debug_module_tck|sr[26] ; altera_reserved_tck ; altera_reserved_tck ; 100.000      ; -0.098     ; 4.889      ;
; 95.032 ; sld_hub:auto_hub|sld_jtag_hub:\jtag_hub_gen:sld_jtag_hub_inst|sld_shadow_jsm:shadow_jsm|state[3]                                                                                                                                    ; MPSoC:inst1|MPSoC_cpu1:cpu1|MPSoC_cpu1_nios2_oci:the_MPSoC_cpu1_nios2_oci|MPSoC_cpu1_jtag_debug_module_wrapper:the_MPSoC_cpu1_jtag_debug_module_wrapper|MPSoC_cpu1_jtag_debug_module_tck:the_MPSoC_cpu1_jtag_debug_module_tck|sr[25] ; altera_reserved_tck ; altera_reserved_tck ; 100.000      ; -0.098     ; 4.889      ;
; 95.032 ; sld_hub:auto_hub|sld_jtag_hub:\jtag_hub_gen:sld_jtag_hub_inst|sld_shadow_jsm:shadow_jsm|state[3]                                                                                                                                    ; MPSoC:inst1|MPSoC_cpu1:cpu1|MPSoC_cpu1_nios2_oci:the_MPSoC_cpu1_nios2_oci|MPSoC_cpu1_jtag_debug_module_wrapper:the_MPSoC_cpu1_jtag_debug_module_wrapper|MPSoC_cpu1_jtag_debug_module_tck:the_MPSoC_cpu1_jtag_debug_module_tck|sr[24] ; altera_reserved_tck ; altera_reserved_tck ; 100.000      ; -0.098     ; 4.889      ;
; 95.032 ; sld_hub:auto_hub|sld_jtag_hub:\jtag_hub_gen:sld_jtag_hub_inst|sld_shadow_jsm:shadow_jsm|state[3]                                                                                                                                    ; MPSoC:inst1|MPSoC_cpu1:cpu1|MPSoC_cpu1_nios2_oci:the_MPSoC_cpu1_nios2_oci|MPSoC_cpu1_jtag_debug_module_wrapper:the_MPSoC_cpu1_jtag_debug_module_wrapper|MPSoC_cpu1_jtag_debug_module_tck:the_MPSoC_cpu1_jtag_debug_module_tck|sr[27] ; altera_reserved_tck ; altera_reserved_tck ; 100.000      ; -0.098     ; 4.889      ;
; 95.032 ; sld_hub:auto_hub|sld_jtag_hub:\jtag_hub_gen:sld_jtag_hub_inst|sld_shadow_jsm:shadow_jsm|state[3]                                                                                                                                    ; MPSoC:inst1|MPSoC_cpu1:cpu1|MPSoC_cpu1_nios2_oci:the_MPSoC_cpu1_nios2_oci|MPSoC_cpu1_jtag_debug_module_wrapper:the_MPSoC_cpu1_jtag_debug_module_wrapper|MPSoC_cpu1_jtag_debug_module_tck:the_MPSoC_cpu1_jtag_debug_module_tck|sr[32] ; altera_reserved_tck ; altera_reserved_tck ; 100.000      ; -0.098     ; 4.889      ;
; 95.032 ; sld_hub:auto_hub|sld_jtag_hub:\jtag_hub_gen:sld_jtag_hub_inst|sld_shadow_jsm:shadow_jsm|state[3]                                                                                                                                    ; MPSoC:inst1|MPSoC_cpu1:cpu1|MPSoC_cpu1_nios2_oci:the_MPSoC_cpu1_nios2_oci|MPSoC_cpu1_jtag_debug_module_wrapper:the_MPSoC_cpu1_jtag_debug_module_wrapper|MPSoC_cpu1_jtag_debug_module_tck:the_MPSoC_cpu1_jtag_debug_module_tck|sr[30] ; altera_reserved_tck ; altera_reserved_tck ; 100.000      ; -0.098     ; 4.889      ;
; 95.032 ; sld_hub:auto_hub|sld_jtag_hub:\jtag_hub_gen:sld_jtag_hub_inst|sld_shadow_jsm:shadow_jsm|state[3]                                                                                                                                    ; MPSoC:inst1|MPSoC_cpu1:cpu1|MPSoC_cpu1_nios2_oci:the_MPSoC_cpu1_nios2_oci|MPSoC_cpu1_jtag_debug_module_wrapper:the_MPSoC_cpu1_jtag_debug_module_wrapper|MPSoC_cpu1_jtag_debug_module_tck:the_MPSoC_cpu1_jtag_debug_module_tck|sr[29] ; altera_reserved_tck ; altera_reserved_tck ; 100.000      ; -0.098     ; 4.889      ;
; 95.032 ; sld_hub:auto_hub|sld_jtag_hub:\jtag_hub_gen:sld_jtag_hub_inst|sld_shadow_jsm:shadow_jsm|state[3]                                                                                                                                    ; MPSoC:inst1|MPSoC_cpu1:cpu1|MPSoC_cpu1_nios2_oci:the_MPSoC_cpu1_nios2_oci|MPSoC_cpu1_jtag_debug_module_wrapper:the_MPSoC_cpu1_jtag_debug_module_wrapper|MPSoC_cpu1_jtag_debug_module_tck:the_MPSoC_cpu1_jtag_debug_module_tck|sr[28] ; altera_reserved_tck ; altera_reserved_tck ; 100.000      ; -0.098     ; 4.889      ;
; 95.044 ; sld_hub:auto_hub|sld_jtag_hub:\jtag_hub_gen:sld_jtag_hub_inst|irf_reg[1][1]                                                                                                                                                         ; MPSoC:inst1|MPSoC_cpu1:cpu1|MPSoC_cpu1_nios2_oci:the_MPSoC_cpu1_nios2_oci|MPSoC_cpu1_jtag_debug_module_wrapper:the_MPSoC_cpu1_jtag_debug_module_wrapper|MPSoC_cpu1_jtag_debug_module_tck:the_MPSoC_cpu1_jtag_debug_module_tck|sr[26] ; altera_reserved_tck ; altera_reserved_tck ; 100.000      ; -0.077     ; 4.898      ;
; 95.044 ; sld_hub:auto_hub|sld_jtag_hub:\jtag_hub_gen:sld_jtag_hub_inst|irf_reg[1][1]                                                                                                                                                         ; MPSoC:inst1|MPSoC_cpu1:cpu1|MPSoC_cpu1_nios2_oci:the_MPSoC_cpu1_nios2_oci|MPSoC_cpu1_jtag_debug_module_wrapper:the_MPSoC_cpu1_jtag_debug_module_wrapper|MPSoC_cpu1_jtag_debug_module_tck:the_MPSoC_cpu1_jtag_debug_module_tck|sr[25] ; altera_reserved_tck ; altera_reserved_tck ; 100.000      ; -0.077     ; 4.898      ;
; 95.044 ; sld_hub:auto_hub|sld_jtag_hub:\jtag_hub_gen:sld_jtag_hub_inst|irf_reg[1][1]                                                                                                                                                         ; MPSoC:inst1|MPSoC_cpu1:cpu1|MPSoC_cpu1_nios2_oci:the_MPSoC_cpu1_nios2_oci|MPSoC_cpu1_jtag_debug_module_wrapper:the_MPSoC_cpu1_jtag_debug_module_wrapper|MPSoC_cpu1_jtag_debug_module_tck:the_MPSoC_cpu1_jtag_debug_module_tck|sr[27] ; altera_reserved_tck ; altera_reserved_tck ; 100.000      ; -0.077     ; 4.898      ;
; 95.044 ; sld_hub:auto_hub|sld_jtag_hub:\jtag_hub_gen:sld_jtag_hub_inst|irf_reg[1][1]                                                                                                                                                         ; MPSoC:inst1|MPSoC_cpu1:cpu1|MPSoC_cpu1_nios2_oci:the_MPSoC_cpu1_nios2_oci|MPSoC_cpu1_jtag_debug_module_wrapper:the_MPSoC_cpu1_jtag_debug_module_wrapper|MPSoC_cpu1_jtag_debug_module_tck:the_MPSoC_cpu1_jtag_debug_module_tck|sr[32] ; altera_reserved_tck ; altera_reserved_tck ; 100.000      ; -0.077     ; 4.898      ;
; 95.072 ; sld_hub:auto_hub|sld_jtag_hub:\jtag_hub_gen:sld_jtag_hub_inst|node_ena[1]~reg0                                                                                                                                                      ; MPSoC:inst1|MPSoC_cpu1:cpu1|MPSoC_cpu1_nios2_oci:the_MPSoC_cpu1_nios2_oci|MPSoC_cpu1_jtag_debug_module_wrapper:the_MPSoC_cpu1_jtag_debug_module_wrapper|MPSoC_cpu1_jtag_debug_module_tck:the_MPSoC_cpu1_jtag_debug_module_tck|sr[24] ; altera_reserved_tck ; altera_reserved_tck ; 100.000      ; -0.082     ; 4.865      ;
; 95.072 ; sld_hub:auto_hub|sld_jtag_hub:\jtag_hub_gen:sld_jtag_hub_inst|node_ena[1]~reg0                                                                                                                                                      ; MPSoC:inst1|MPSoC_cpu1:cpu1|MPSoC_cpu1_nios2_oci:the_MPSoC_cpu1_nios2_oci|MPSoC_cpu1_jtag_debug_module_wrapper:the_MPSoC_cpu1_jtag_debug_module_wrapper|MPSoC_cpu1_jtag_debug_module_tck:the_MPSoC_cpu1_jtag_debug_module_tck|sr[29] ; altera_reserved_tck ; altera_reserved_tck ; 100.000      ; -0.082     ; 4.865      ;
; 95.074 ; sld_hub:auto_hub|sld_jtag_hub:\jtag_hub_gen:sld_jtag_hub_inst|sld_shadow_jsm:shadow_jsm|state[4]                                                                                                                                    ; MPSoC:inst1|MPSoC_cpu1:cpu1|MPSoC_cpu1_nios2_oci:the_MPSoC_cpu1_nios2_oci|MPSoC_cpu1_jtag_debug_module_wrapper:the_MPSoC_cpu1_jtag_debug_module_wrapper|MPSoC_cpu1_jtag_debug_module_tck:the_MPSoC_cpu1_jtag_debug_module_tck|sr[20] ; altera_reserved_tck ; altera_reserved_tck ; 100.000      ; -0.088     ; 4.857      ;
; 95.074 ; sld_hub:auto_hub|sld_jtag_hub:\jtag_hub_gen:sld_jtag_hub_inst|sld_shadow_jsm:shadow_jsm|state[4]                                                                                                                                    ; MPSoC:inst1|MPSoC_cpu1:cpu1|MPSoC_cpu1_nios2_oci:the_MPSoC_cpu1_nios2_oci|MPSoC_cpu1_jtag_debug_module_wrapper:the_MPSoC_cpu1_jtag_debug_module_wrapper|MPSoC_cpu1_jtag_debug_module_tck:the_MPSoC_cpu1_jtag_debug_module_tck|sr[17] ; altera_reserved_tck ; altera_reserved_tck ; 100.000      ; -0.088     ; 4.857      ;
; 95.074 ; sld_hub:auto_hub|sld_jtag_hub:\jtag_hub_gen:sld_jtag_hub_inst|sld_shadow_jsm:shadow_jsm|state[4]                                                                                                                                    ; MPSoC:inst1|MPSoC_cpu1:cpu1|MPSoC_cpu1_nios2_oci:the_MPSoC_cpu1_nios2_oci|MPSoC_cpu1_jtag_debug_module_wrapper:the_MPSoC_cpu1_jtag_debug_module_wrapper|MPSoC_cpu1_jtag_debug_module_tck:the_MPSoC_cpu1_jtag_debug_module_tck|sr[18] ; altera_reserved_tck ; altera_reserved_tck ; 100.000      ; -0.088     ; 4.857      ;
; 95.074 ; sld_hub:auto_hub|sld_jtag_hub:\jtag_hub_gen:sld_jtag_hub_inst|sld_shadow_jsm:shadow_jsm|state[4]                                                                                                                                    ; MPSoC:inst1|MPSoC_cpu1:cpu1|MPSoC_cpu1_nios2_oci:the_MPSoC_cpu1_nios2_oci|MPSoC_cpu1_jtag_debug_module_wrapper:the_MPSoC_cpu1_jtag_debug_module_wrapper|MPSoC_cpu1_jtag_debug_module_tck:the_MPSoC_cpu1_jtag_debug_module_tck|sr[19] ; altera_reserved_tck ; altera_reserved_tck ; 100.000      ; -0.088     ; 4.857      ;
; 95.074 ; sld_hub:auto_hub|sld_jtag_hub:\jtag_hub_gen:sld_jtag_hub_inst|sld_shadow_jsm:shadow_jsm|state[4]                                                                                                                                    ; MPSoC:inst1|MPSoC_cpu1:cpu1|MPSoC_cpu1_nios2_oci:the_MPSoC_cpu1_nios2_oci|MPSoC_cpu1_jtag_debug_module_wrapper:the_MPSoC_cpu1_jtag_debug_module_wrapper|MPSoC_cpu1_jtag_debug_module_tck:the_MPSoC_cpu1_jtag_debug_module_tck|sr[16] ; altera_reserved_tck ; altera_reserved_tck ; 100.000      ; -0.088     ; 4.857      ;
; 95.113 ; sld_hub:auto_hub|sld_jtag_hub:\jtag_hub_gen:sld_jtag_hub_inst|sld_shadow_jsm:shadow_jsm|state[4]                                                                                                                                    ; MPSoC:inst1|MPSoC_cpu1:cpu1|MPSoC_cpu1_nios2_oci:the_MPSoC_cpu1_nios2_oci|MPSoC_cpu1_jtag_debug_module_wrapper:the_MPSoC_cpu1_jtag_debug_module_wrapper|MPSoC_cpu1_jtag_debug_module_tck:the_MPSoC_cpu1_jtag_debug_module_tck|sr[23] ; altera_reserved_tck ; altera_reserved_tck ; 100.000      ; -0.083     ; 4.823      ;
; 95.113 ; sld_hub:auto_hub|sld_jtag_hub:\jtag_hub_gen:sld_jtag_hub_inst|sld_shadow_jsm:shadow_jsm|state[4]                                                                                                                                    ; MPSoC:inst1|MPSoC_cpu1:cpu1|MPSoC_cpu1_nios2_oci:the_MPSoC_cpu1_nios2_oci|MPSoC_cpu1_jtag_debug_module_wrapper:the_MPSoC_cpu1_jtag_debug_module_wrapper|MPSoC_cpu1_jtag_debug_module_tck:the_MPSoC_cpu1_jtag_debug_module_tck|sr[22] ; altera_reserved_tck ; altera_reserved_tck ; 100.000      ; -0.083     ; 4.823      ;
+--------+-------------------------------------------------------------------------------------------------------------------------------------------------------------------------------------------------------------------------------------+--------------------------------------------------------------------------------------------------------------------------------------------------------------------------------------------------------------------------------------+---------------------+---------------------+--------------+------------+------------+


+-------------------------------------------------------------------------------------------------------------------------------------------------------------------------------------------------------------------------------------------------------------------------------------------------------------------------------------------------------------------------------------------------------------------------------------------------------------------------------------------------------------------------------------------------------------------------------------------------------------------------------------------------------------------------------------+
; Slow 1200mV 0C Model Hold: 'altera_reserved_tck'                                                                                                                                                                                                                                                                                                                                                                                                                                                                                                                                                                                                                                    ;
+-------+-------------------------------------------------------------------------------------------------------------------------------------------------------------------------------------------------------------------------------------------------------------------------------------------+--------------------------------------------------------------------------------------------------------------------------------------------------------------------------------------------------------------------------------------------------------------------------------------------+---------------------+---------------------+--------------+------------+------------+
; Slack ; From Node                                                                                                                                                                                                                                                                                 ; To Node                                                                                                                                                                                                                                                                                    ; Launch Clock        ; Latch Clock         ; Relationship ; Clock Skew ; Data Delay ;
+-------+-------------------------------------------------------------------------------------------------------------------------------------------------------------------------------------------------------------------------------------------------------------------------------------------+--------------------------------------------------------------------------------------------------------------------------------------------------------------------------------------------------------------------------------------------------------------------------------------------+---------------------+---------------------+--------------+------------+------------+
; 0.355 ; sld_hub:auto_hub|sld_jtag_hub:\jtag_hub_gen:sld_jtag_hub_inst|hub_mode_reg[2]                                                                                                                                                                                                             ; sld_hub:auto_hub|sld_jtag_hub:\jtag_hub_gen:sld_jtag_hub_inst|hub_mode_reg[2]                                                                                                                                                                                                              ; altera_reserved_tck ; altera_reserved_tck ; 0.000        ; 0.071      ; 0.597      ;
; 0.355 ; MPSoC:inst1|MPSoC_jtag0:jtag0|alt_jtag_atlantic:MPSoC_jtag0_alt_jtag_atlantic|state                                                                                                                                                                                                       ; MPSoC:inst1|MPSoC_jtag0:jtag0|alt_jtag_atlantic:MPSoC_jtag0_alt_jtag_atlantic|state                                                                                                                                                                                                        ; altera_reserved_tck ; altera_reserved_tck ; 0.000        ; 0.071      ; 0.597      ;
; 0.355 ; MPSoC:inst1|MPSoC_jtag0:jtag0|alt_jtag_atlantic:MPSoC_jtag0_alt_jtag_atlantic|write_stalled                                                                                                                                                                                               ; MPSoC:inst1|MPSoC_jtag0:jtag0|alt_jtag_atlantic:MPSoC_jtag0_alt_jtag_atlantic|write_stalled                                                                                                                                                                                                ; altera_reserved_tck ; altera_reserved_tck ; 0.000        ; 0.071      ; 0.597      ;
; 0.355 ; MPSoC:inst1|MPSoC_jtag0:jtag0|alt_jtag_atlantic:MPSoC_jtag0_alt_jtag_atlantic|user_saw_rvalid                                                                                                                                                                                             ; MPSoC:inst1|MPSoC_jtag0:jtag0|alt_jtag_atlantic:MPSoC_jtag0_alt_jtag_atlantic|user_saw_rvalid                                                                                                                                                                                              ; altera_reserved_tck ; altera_reserved_tck ; 0.000        ; 0.071      ; 0.597      ;
; 0.355 ; sld_hub:auto_hub|sld_jtag_hub:\jtag_hub_gen:sld_jtag_hub_inst|sld_shadow_jsm:shadow_jsm|state[6]                                                                                                                                                                                          ; sld_hub:auto_hub|sld_jtag_hub:\jtag_hub_gen:sld_jtag_hub_inst|sld_shadow_jsm:shadow_jsm|state[6]                                                                                                                                                                                           ; altera_reserved_tck ; altera_reserved_tck ; 0.000        ; 0.071      ; 0.597      ;
; 0.355 ; sld_hub:auto_hub|sld_jtag_hub:\jtag_hub_gen:sld_jtag_hub_inst|sld_shadow_jsm:shadow_jsm|state[1]                                                                                                                                                                                          ; sld_hub:auto_hub|sld_jtag_hub:\jtag_hub_gen:sld_jtag_hub_inst|sld_shadow_jsm:shadow_jsm|state[1]                                                                                                                                                                                           ; altera_reserved_tck ; altera_reserved_tck ; 0.000        ; 0.071      ; 0.597      ;
; 0.355 ; sld_hub:auto_hub|sld_jtag_hub:\jtag_hub_gen:sld_jtag_hub_inst|sld_shadow_jsm:shadow_jsm|state[13]                                                                                                                                                                                         ; sld_hub:auto_hub|sld_jtag_hub:\jtag_hub_gen:sld_jtag_hub_inst|sld_shadow_jsm:shadow_jsm|state[13]                                                                                                                                                                                          ; altera_reserved_tck ; altera_reserved_tck ; 0.000        ; 0.071      ; 0.597      ;
; 0.355 ; sld_hub:auto_hub|sld_jtag_hub:\jtag_hub_gen:sld_jtag_hub_inst|sld_shadow_jsm:shadow_jsm|state[11]                                                                                                                                                                                         ; sld_hub:auto_hub|sld_jtag_hub:\jtag_hub_gen:sld_jtag_hub_inst|sld_shadow_jsm:shadow_jsm|state[11]                                                                                                                                                                                          ; altera_reserved_tck ; altera_reserved_tck ; 0.000        ; 0.071      ; 0.597      ;
; 0.356 ; sld_hub:auto_hub|sld_jtag_hub:\jtag_hub_gen:sld_jtag_hub_inst|tdo_bypass_reg                                                                                                                                                                                                              ; sld_hub:auto_hub|sld_jtag_hub:\jtag_hub_gen:sld_jtag_hub_inst|tdo_bypass_reg                                                                                                                                                                                                               ; altera_reserved_tck ; altera_reserved_tck ; 0.000        ; 0.070      ; 0.597      ;
; 0.356 ; sld_hub:auto_hub|sld_jtag_hub:\jtag_hub_gen:sld_jtag_hub_inst|hub_mode_reg[1]                                                                                                                                                                                                             ; sld_hub:auto_hub|sld_jtag_hub:\jtag_hub_gen:sld_jtag_hub_inst|hub_mode_reg[1]                                                                                                                                                                                                              ; altera_reserved_tck ; altera_reserved_tck ; 0.000        ; 0.070      ; 0.597      ;
; 0.356 ; sld_hub:auto_hub|sld_jtag_hub:\jtag_hub_gen:sld_jtag_hub_inst|hub_mode_reg[0]                                                                                                                                                                                                             ; sld_hub:auto_hub|sld_jtag_hub:\jtag_hub_gen:sld_jtag_hub_inst|hub_mode_reg[0]                                                                                                                                                                                                              ; altera_reserved_tck ; altera_reserved_tck ; 0.000        ; 0.070      ; 0.597      ;
; 0.356 ; MPSoC:inst1|MPSoC_jtag0:jtag1|alt_jtag_atlantic:MPSoC_jtag0_alt_jtag_atlantic|state                                                                                                                                                                                                       ; MPSoC:inst1|MPSoC_jtag0:jtag1|alt_jtag_atlantic:MPSoC_jtag0_alt_jtag_atlantic|state                                                                                                                                                                                                        ; altera_reserved_tck ; altera_reserved_tck ; 0.000        ; 0.070      ; 0.597      ;
; 0.356 ; MPSoC:inst1|MPSoC_jtag0:jtag1|alt_jtag_atlantic:MPSoC_jtag0_alt_jtag_atlantic|user_saw_rvalid                                                                                                                                                                                             ; MPSoC:inst1|MPSoC_jtag0:jtag1|alt_jtag_atlantic:MPSoC_jtag0_alt_jtag_atlantic|user_saw_rvalid                                                                                                                                                                                              ; altera_reserved_tck ; altera_reserved_tck ; 0.000        ; 0.070      ; 0.597      ;
; 0.356 ; sld_hub:auto_hub|sld_jtag_hub:\jtag_hub_gen:sld_jtag_hub_inst|sld_shadow_jsm:shadow_jsm|state[4]                                                                                                                                                                                          ; sld_hub:auto_hub|sld_jtag_hub:\jtag_hub_gen:sld_jtag_hub_inst|sld_shadow_jsm:shadow_jsm|state[4]                                                                                                                                                                                           ; altera_reserved_tck ; altera_reserved_tck ; 0.000        ; 0.070      ; 0.597      ;
; 0.356 ; sld_hub:auto_hub|sld_jtag_hub:\jtag_hub_gen:sld_jtag_hub_inst|sld_shadow_jsm:shadow_jsm|state[0]                                                                                                                                                                                          ; sld_hub:auto_hub|sld_jtag_hub:\jtag_hub_gen:sld_jtag_hub_inst|sld_shadow_jsm:shadow_jsm|state[0]                                                                                                                                                                                           ; altera_reserved_tck ; altera_reserved_tck ; 0.000        ; 0.070      ; 0.597      ;
; 0.356 ; sld_hub:auto_hub|sld_jtag_hub:\jtag_hub_gen:sld_jtag_hub_inst|sld_shadow_jsm:shadow_jsm|tms_cnt[2]                                                                                                                                                                                        ; sld_hub:auto_hub|sld_jtag_hub:\jtag_hub_gen:sld_jtag_hub_inst|sld_shadow_jsm:shadow_jsm|tms_cnt[2]                                                                                                                                                                                         ; altera_reserved_tck ; altera_reserved_tck ; 0.000        ; 0.070      ; 0.597      ;
; 0.356 ; sld_hub:auto_hub|sld_jtag_hub:\jtag_hub_gen:sld_jtag_hub_inst|sld_shadow_jsm:shadow_jsm|tms_cnt[1]                                                                                                                                                                                        ; sld_hub:auto_hub|sld_jtag_hub:\jtag_hub_gen:sld_jtag_hub_inst|sld_shadow_jsm:shadow_jsm|tms_cnt[1]                                                                                                                                                                                         ; altera_reserved_tck ; altera_reserved_tck ; 0.000        ; 0.070      ; 0.597      ;
; 0.356 ; MPSoC:inst1|MPSoC_cpu1:cpu1|MPSoC_cpu1_nios2_oci:the_MPSoC_cpu1_nios2_oci|MPSoC_cpu1_jtag_debug_module_wrapper:the_MPSoC_cpu1_jtag_debug_module_wrapper|MPSoC_cpu1_jtag_debug_module_tck:the_MPSoC_cpu1_jtag_debug_module_tck|sr[7]                                                       ; MPSoC:inst1|MPSoC_cpu1:cpu1|MPSoC_cpu1_nios2_oci:the_MPSoC_cpu1_nios2_oci|MPSoC_cpu1_jtag_debug_module_wrapper:the_MPSoC_cpu1_jtag_debug_module_wrapper|MPSoC_cpu1_jtag_debug_module_tck:the_MPSoC_cpu1_jtag_debug_module_tck|sr[7]                                                        ; altera_reserved_tck ; altera_reserved_tck ; 0.000        ; 0.070      ; 0.597      ;
; 0.356 ; MPSoC:inst1|MPSoC_cpu1:cpu1|MPSoC_cpu1_nios2_oci:the_MPSoC_cpu1_nios2_oci|MPSoC_cpu1_jtag_debug_module_wrapper:the_MPSoC_cpu1_jtag_debug_module_wrapper|MPSoC_cpu1_jtag_debug_module_tck:the_MPSoC_cpu1_jtag_debug_module_tck|sr[31]                                                      ; MPSoC:inst1|MPSoC_cpu1:cpu1|MPSoC_cpu1_nios2_oci:the_MPSoC_cpu1_nios2_oci|MPSoC_cpu1_jtag_debug_module_wrapper:the_MPSoC_cpu1_jtag_debug_module_wrapper|MPSoC_cpu1_jtag_debug_module_tck:the_MPSoC_cpu1_jtag_debug_module_tck|sr[31]                                                       ; altera_reserved_tck ; altera_reserved_tck ; 0.000        ; 0.070      ; 0.597      ;
; 0.356 ; MPSoC:inst1|MPSoC_cpu0:cpu0|MPSoC_cpu0_nios2_oci:the_MPSoC_cpu0_nios2_oci|MPSoC_cpu0_jtag_debug_module_wrapper:the_MPSoC_cpu0_jtag_debug_module_wrapper|MPSoC_cpu0_jtag_debug_module_tck:the_MPSoC_cpu0_jtag_debug_module_tck|sr[7]                                                       ; MPSoC:inst1|MPSoC_cpu0:cpu0|MPSoC_cpu0_nios2_oci:the_MPSoC_cpu0_nios2_oci|MPSoC_cpu0_jtag_debug_module_wrapper:the_MPSoC_cpu0_jtag_debug_module_wrapper|MPSoC_cpu0_jtag_debug_module_tck:the_MPSoC_cpu0_jtag_debug_module_tck|sr[7]                                                        ; altera_reserved_tck ; altera_reserved_tck ; 0.000        ; 0.070      ; 0.597      ;
; 0.356 ; MPSoC:inst1|MPSoC_cpu0:cpu0|MPSoC_cpu0_nios2_oci:the_MPSoC_cpu0_nios2_oci|MPSoC_cpu0_jtag_debug_module_wrapper:the_MPSoC_cpu0_jtag_debug_module_wrapper|MPSoC_cpu0_jtag_debug_module_tck:the_MPSoC_cpu0_jtag_debug_module_tck|sr[31]                                                      ; MPSoC:inst1|MPSoC_cpu0:cpu0|MPSoC_cpu0_nios2_oci:the_MPSoC_cpu0_nios2_oci|MPSoC_cpu0_jtag_debug_module_wrapper:the_MPSoC_cpu0_jtag_debug_module_wrapper|MPSoC_cpu0_jtag_debug_module_tck:the_MPSoC_cpu0_jtag_debug_module_tck|sr[31]                                                       ; altera_reserved_tck ; altera_reserved_tck ; 0.000        ; 0.070      ; 0.597      ;
; 0.356 ; MPSoC:inst1|MPSoC_jtag0:jtag0|alt_jtag_atlantic:MPSoC_jtag0_alt_jtag_atlantic|jupdate                                                                                                                                                                                                     ; MPSoC:inst1|MPSoC_jtag0:jtag0|alt_jtag_atlantic:MPSoC_jtag0_alt_jtag_atlantic|jupdate                                                                                                                                                                                                      ; altera_reserved_tck ; altera_reserved_tck ; 0.000        ; 0.070      ; 0.597      ;
; 0.357 ; MPSoC:inst1|MPSoC_jtag0:jtag1|alt_jtag_atlantic:MPSoC_jtag0_alt_jtag_atlantic|write_stalled                                                                                                                                                                                               ; MPSoC:inst1|MPSoC_jtag0:jtag1|alt_jtag_atlantic:MPSoC_jtag0_alt_jtag_atlantic|write_stalled                                                                                                                                                                                                ; altera_reserved_tck ; altera_reserved_tck ; 0.000        ; 0.069      ; 0.597      ;
; 0.357 ; MPSoC:inst1|MPSoC_jtag0:jtag1|alt_jtag_atlantic:MPSoC_jtag0_alt_jtag_atlantic|jupdate                                                                                                                                                                                                     ; MPSoC:inst1|MPSoC_jtag0:jtag1|alt_jtag_atlantic:MPSoC_jtag0_alt_jtag_atlantic|jupdate                                                                                                                                                                                                      ; altera_reserved_tck ; altera_reserved_tck ; 0.000        ; 0.069      ; 0.597      ;
; 0.366 ; MPSoC:inst1|MPSoC_jtag0:jtag0|alt_jtag_atlantic:MPSoC_jtag0_alt_jtag_atlantic|read                                                                                                                                                                                                        ; MPSoC:inst1|MPSoC_jtag0:jtag0|alt_jtag_atlantic:MPSoC_jtag0_alt_jtag_atlantic|read                                                                                                                                                                                                         ; altera_reserved_tck ; altera_reserved_tck ; 0.000        ; 0.071      ; 0.608      ;
; 0.366 ; MPSoC:inst1|MPSoC_jtag0:jtag0|alt_jtag_atlantic:MPSoC_jtag0_alt_jtag_atlantic|write                                                                                                                                                                                                       ; MPSoC:inst1|MPSoC_jtag0:jtag0|alt_jtag_atlantic:MPSoC_jtag0_alt_jtag_atlantic|write                                                                                                                                                                                                        ; altera_reserved_tck ; altera_reserved_tck ; 0.000        ; 0.071      ; 0.608      ;
; 0.367 ; sld_hub:auto_hub|sld_jtag_hub:\jtag_hub_gen:sld_jtag_hub_inst|sld_shadow_jsm:shadow_jsm|tms_cnt[0]                                                                                                                                                                                        ; sld_hub:auto_hub|sld_jtag_hub:\jtag_hub_gen:sld_jtag_hub_inst|sld_shadow_jsm:shadow_jsm|tms_cnt[0]                                                                                                                                                                                         ; altera_reserved_tck ; altera_reserved_tck ; 0.000        ; 0.070      ; 0.608      ;
; 0.368 ; MPSoC:inst1|MPSoC_jtag0:jtag1|alt_jtag_atlantic:MPSoC_jtag0_alt_jtag_atlantic|write                                                                                                                                                                                                       ; MPSoC:inst1|MPSoC_jtag0:jtag1|alt_jtag_atlantic:MPSoC_jtag0_alt_jtag_atlantic|write                                                                                                                                                                                                        ; altera_reserved_tck ; altera_reserved_tck ; 0.000        ; 0.069      ; 0.608      ;
; 0.368 ; MPSoC:inst1|MPSoC_jtag0:jtag1|alt_jtag_atlantic:MPSoC_jtag0_alt_jtag_atlantic|read                                                                                                                                                                                                        ; MPSoC:inst1|MPSoC_jtag0:jtag1|alt_jtag_atlantic:MPSoC_jtag0_alt_jtag_atlantic|read                                                                                                                                                                                                         ; altera_reserved_tck ; altera_reserved_tck ; 0.000        ; 0.069      ; 0.608      ;
; 0.381 ; sld_hub:auto_hub|sld_jtag_hub:\jtag_hub_gen:sld_jtag_hub_inst|reset_ena_reg                                                                                                                                                                                                               ; sld_hub:auto_hub|sld_jtag_hub:\jtag_hub_gen:sld_jtag_hub_inst|hub_mode_reg[2]                                                                                                                                                                                                              ; altera_reserved_tck ; altera_reserved_tck ; 0.000        ; 0.071      ; 0.623      ;
; 0.383 ; sld_hub:auto_hub|sld_jtag_hub:\jtag_hub_gen:sld_jtag_hub_inst|sld_shadow_jsm:shadow_jsm|tms_cnt[2]                                                                                                                                                                                        ; sld_hub:auto_hub|sld_jtag_hub:\jtag_hub_gen:sld_jtag_hub_inst|sld_shadow_jsm:shadow_jsm|state[0]                                                                                                                                                                                           ; altera_reserved_tck ; altera_reserved_tck ; 0.000        ; 0.070      ; 0.624      ;
; 0.383 ; sld_hub:auto_hub|sld_jtag_hub:\jtag_hub_gen:sld_jtag_hub_inst|sld_shadow_jsm:shadow_jsm|tms_cnt[1]                                                                                                                                                                                        ; sld_hub:auto_hub|sld_jtag_hub:\jtag_hub_gen:sld_jtag_hub_inst|sld_shadow_jsm:shadow_jsm|tms_cnt[2]                                                                                                                                                                                         ; altera_reserved_tck ; altera_reserved_tck ; 0.000        ; 0.070      ; 0.624      ;
; 0.389 ; sld_hub:auto_hub|sld_jtag_hub:\jtag_hub_gen:sld_jtag_hub_inst|sld_shadow_jsm:shadow_jsm|tms_cnt[0]                                                                                                                                                                                        ; sld_hub:auto_hub|sld_jtag_hub:\jtag_hub_gen:sld_jtag_hub_inst|sld_shadow_jsm:shadow_jsm|tms_cnt[1]                                                                                                                                                                                         ; altera_reserved_tck ; altera_reserved_tck ; 0.000        ; 0.070      ; 0.630      ;
; 0.397 ; MPSoC:inst1|MPSoC_jtag0:jtag0|alt_jtag_atlantic:MPSoC_jtag0_alt_jtag_atlantic|count[3]                                                                                                                                                                                                    ; MPSoC:inst1|MPSoC_jtag0:jtag0|alt_jtag_atlantic:MPSoC_jtag0_alt_jtag_atlantic|count[4]                                                                                                                                                                                                     ; altera_reserved_tck ; altera_reserved_tck ; 0.000        ; 0.071      ; 0.639      ;
; 0.397 ; MPSoC:inst1|MPSoC_jtag0:jtag0|alt_jtag_atlantic:MPSoC_jtag0_alt_jtag_atlantic|count[5]                                                                                                                                                                                                    ; MPSoC:inst1|MPSoC_jtag0:jtag0|alt_jtag_atlantic:MPSoC_jtag0_alt_jtag_atlantic|count[6]                                                                                                                                                                                                     ; altera_reserved_tck ; altera_reserved_tck ; 0.000        ; 0.071      ; 0.639      ;
; 0.397 ; MPSoC:inst1|MPSoC_jtag0:jtag0|alt_jtag_atlantic:MPSoC_jtag0_alt_jtag_atlantic|count[6]                                                                                                                                                                                                    ; MPSoC:inst1|MPSoC_jtag0:jtag0|alt_jtag_atlantic:MPSoC_jtag0_alt_jtag_atlantic|count[7]                                                                                                                                                                                                     ; altera_reserved_tck ; altera_reserved_tck ; 0.000        ; 0.071      ; 0.639      ;
; 0.397 ; MPSoC:inst1|MPSoC_cpu1:cpu1|MPSoC_cpu1_nios2_oci:the_MPSoC_cpu1_nios2_oci|MPSoC_cpu1_jtag_debug_module_wrapper:the_MPSoC_cpu1_jtag_debug_module_wrapper|MPSoC_cpu1_jtag_debug_module_tck:the_MPSoC_cpu1_jtag_debug_module_tck|altera_std_synchronizer:the_altera_std_synchronizer2|din_s1 ; MPSoC:inst1|MPSoC_cpu1:cpu1|MPSoC_cpu1_nios2_oci:the_MPSoC_cpu1_nios2_oci|MPSoC_cpu1_jtag_debug_module_wrapper:the_MPSoC_cpu1_jtag_debug_module_wrapper|MPSoC_cpu1_jtag_debug_module_tck:the_MPSoC_cpu1_jtag_debug_module_tck|altera_std_synchronizer:the_altera_std_synchronizer2|dreg[0] ; altera_reserved_tck ; altera_reserved_tck ; 0.000        ; 0.070      ; 0.638      ;
; 0.397 ; sld_hub:auto_hub|sld_jtag_hub:\jtag_hub_gen:sld_jtag_hub_inst|sld_shadow_jsm:shadow_jsm|state[13]                                                                                                                                                                                         ; sld_hub:auto_hub|sld_jtag_hub:\jtag_hub_gen:sld_jtag_hub_inst|sld_shadow_jsm:shadow_jsm|state[14]                                                                                                                                                                                          ; altera_reserved_tck ; altera_reserved_tck ; 0.000        ; 0.071      ; 0.639      ;
; 0.398 ; sld_hub:auto_hub|sld_jtag_hub:\jtag_hub_gen:sld_jtag_hub_inst|irf_reg[2][5]                                                                                                                                                                                                               ; sld_hub:auto_hub|sld_jtag_hub:\jtag_hub_gen:sld_jtag_hub_inst|shadow_irf_reg[2][5]                                                                                                                                                                                                         ; altera_reserved_tck ; altera_reserved_tck ; 0.000        ; 0.070      ; 0.639      ;
; 0.398 ; sld_hub:auto_hub|sld_jtag_hub:\jtag_hub_gen:sld_jtag_hub_inst|irf_reg[2][2]                                                                                                                                                                                                               ; sld_hub:auto_hub|sld_jtag_hub:\jtag_hub_gen:sld_jtag_hub_inst|shadow_irf_reg[2][2]                                                                                                                                                                                                         ; altera_reserved_tck ; altera_reserved_tck ; 0.000        ; 0.070      ; 0.639      ;
; 0.398 ; sld_hub:auto_hub|sld_jtag_hub:\jtag_hub_gen:sld_jtag_hub_inst|shadow_irf_reg[2][2]                                                                                                                                                                                                        ; sld_hub:auto_hub|sld_jtag_hub:\jtag_hub_gen:sld_jtag_hub_inst|irf_reg[2][2]                                                                                                                                                                                                                ; altera_reserved_tck ; altera_reserved_tck ; 0.000        ; 0.070      ; 0.639      ;
; 0.398 ; sld_hub:auto_hub|sld_jtag_hub:\jtag_hub_gen:sld_jtag_hub_inst|irf_reg[1][3]                                                                                                                                                                                                               ; sld_hub:auto_hub|sld_jtag_hub:\jtag_hub_gen:sld_jtag_hub_inst|shadow_irf_reg[1][3]                                                                                                                                                                                                         ; altera_reserved_tck ; altera_reserved_tck ; 0.000        ; 0.069      ; 0.638      ;
; 0.398 ; sld_hub:auto_hub|sld_jtag_hub:\jtag_hub_gen:sld_jtag_hub_inst|shadow_irf_reg[2][0]                                                                                                                                                                                                        ; sld_hub:auto_hub|sld_jtag_hub:\jtag_hub_gen:sld_jtag_hub_inst|irf_reg[2][0]                                                                                                                                                                                                                ; altera_reserved_tck ; altera_reserved_tck ; 0.000        ; 0.070      ; 0.639      ;
; 0.398 ; sld_hub:auto_hub|sld_jtag_hub:\jtag_hub_gen:sld_jtag_hub_inst|shadow_irf_reg[2][1]                                                                                                                                                                                                        ; sld_hub:auto_hub|sld_jtag_hub:\jtag_hub_gen:sld_jtag_hub_inst|irf_reg[2][1]                                                                                                                                                                                                                ; altera_reserved_tck ; altera_reserved_tck ; 0.000        ; 0.070      ; 0.639      ;
; 0.398 ; sld_hub:auto_hub|sld_jtag_hub:\jtag_hub_gen:sld_jtag_hub_inst|hub_mode_reg[2]                                                                                                                                                                                                             ; sld_hub:auto_hub|sld_jtag_hub:\jtag_hub_gen:sld_jtag_hub_inst|clr_reg                                                                                                                                                                                                                      ; altera_reserved_tck ; altera_reserved_tck ; 0.000        ; 0.071      ; 0.640      ;
; 0.399 ; sld_hub:auto_hub|sld_jtag_hub:\jtag_hub_gen:sld_jtag_hub_inst|irf_reg[3][2]                                                                                                                                                                                                               ; sld_hub:auto_hub|sld_jtag_hub:\jtag_hub_gen:sld_jtag_hub_inst|shadow_irf_reg[3][2]                                                                                                                                                                                                         ; altera_reserved_tck ; altera_reserved_tck ; 0.000        ; 0.069      ; 0.639      ;
; 0.399 ; sld_hub:auto_hub|sld_jtag_hub:\jtag_hub_gen:sld_jtag_hub_inst|shadow_irf_reg[2][4]                                                                                                                                                                                                        ; sld_hub:auto_hub|sld_jtag_hub:\jtag_hub_gen:sld_jtag_hub_inst|irf_reg[2][4]                                                                                                                                                                                                                ; altera_reserved_tck ; altera_reserved_tck ; 0.000        ; 0.070      ; 0.640      ;
; 0.399 ; sld_hub:auto_hub|sld_jtag_hub:\jtag_hub_gen:sld_jtag_hub_inst|identity_contrib_shift_reg[0]                                                                                                                                                                                               ; sld_hub:auto_hub|sld_jtag_hub:\jtag_hub_gen:sld_jtag_hub_inst|identity_contrib_update_reg[0]                                                                                                                                                                                               ; altera_reserved_tck ; altera_reserved_tck ; 0.000        ; 0.070      ; 0.640      ;
; 0.399 ; sld_hub:auto_hub|sld_jtag_hub:\jtag_hub_gen:sld_jtag_hub_inst|hub_minor_ver_reg[1]                                                                                                                                                                                                        ; sld_hub:auto_hub|sld_jtag_hub:\jtag_hub_gen:sld_jtag_hub_inst|hub_minor_ver_reg[0]                                                                                                                                                                                                         ; altera_reserved_tck ; altera_reserved_tck ; 0.000        ; 0.070      ; 0.640      ;
; 0.399 ; sld_hub:auto_hub|sld_jtag_hub:\jtag_hub_gen:sld_jtag_hub_inst|hub_minor_ver_reg[2]                                                                                                                                                                                                        ; sld_hub:auto_hub|sld_jtag_hub:\jtag_hub_gen:sld_jtag_hub_inst|hub_minor_ver_reg[1]                                                                                                                                                                                                         ; altera_reserved_tck ; altera_reserved_tck ; 0.000        ; 0.070      ; 0.640      ;
; 0.399 ; MPSoC:inst1|MPSoC_jtag0:jtag0|alt_jtag_atlantic:MPSoC_jtag0_alt_jtag_atlantic|count[4]                                                                                                                                                                                                    ; MPSoC:inst1|MPSoC_jtag0:jtag0|alt_jtag_atlantic:MPSoC_jtag0_alt_jtag_atlantic|count[5]                                                                                                                                                                                                     ; altera_reserved_tck ; altera_reserved_tck ; 0.000        ; 0.071      ; 0.641      ;
; 0.399 ; MPSoC:inst1|MPSoC_jtag0:jtag1|alt_jtag_atlantic:MPSoC_jtag0_alt_jtag_atlantic|count[2]                                                                                                                                                                                                    ; MPSoC:inst1|MPSoC_jtag0:jtag1|alt_jtag_atlantic:MPSoC_jtag0_alt_jtag_atlantic|count[3]                                                                                                                                                                                                     ; altera_reserved_tck ; altera_reserved_tck ; 0.000        ; 0.069      ; 0.639      ;
; 0.399 ; MPSoC:inst1|MPSoC_jtag0:jtag1|alt_jtag_atlantic:MPSoC_jtag0_alt_jtag_atlantic|count[3]                                                                                                                                                                                                    ; MPSoC:inst1|MPSoC_jtag0:jtag1|alt_jtag_atlantic:MPSoC_jtag0_alt_jtag_atlantic|count[4]                                                                                                                                                                                                     ; altera_reserved_tck ; altera_reserved_tck ; 0.000        ; 0.069      ; 0.639      ;
; 0.399 ; MPSoC:inst1|MPSoC_jtag0:jtag1|alt_jtag_atlantic:MPSoC_jtag0_alt_jtag_atlantic|count[5]                                                                                                                                                                                                    ; MPSoC:inst1|MPSoC_jtag0:jtag1|alt_jtag_atlantic:MPSoC_jtag0_alt_jtag_atlantic|count[6]                                                                                                                                                                                                     ; altera_reserved_tck ; altera_reserved_tck ; 0.000        ; 0.069      ; 0.639      ;
; 0.399 ; MPSoC:inst1|MPSoC_jtag0:jtag1|alt_jtag_atlantic:MPSoC_jtag0_alt_jtag_atlantic|count[6]                                                                                                                                                                                                    ; MPSoC:inst1|MPSoC_jtag0:jtag1|alt_jtag_atlantic:MPSoC_jtag0_alt_jtag_atlantic|count[7]                                                                                                                                                                                                     ; altera_reserved_tck ; altera_reserved_tck ; 0.000        ; 0.069      ; 0.639      ;
; 0.399 ; sld_hub:auto_hub|sld_jtag_hub:\jtag_hub_gen:sld_jtag_hub_inst|sld_shadow_jsm:shadow_jsm|state[6]                                                                                                                                                                                          ; sld_hub:auto_hub|sld_jtag_hub:\jtag_hub_gen:sld_jtag_hub_inst|sld_shadow_jsm:shadow_jsm|state[7]                                                                                                                                                                                           ; altera_reserved_tck ; altera_reserved_tck ; 0.000        ; 0.071      ; 0.641      ;
; 0.399 ; MPSoC:inst1|MPSoC_cpu0:cpu0|MPSoC_cpu0_nios2_oci:the_MPSoC_cpu0_nios2_oci|MPSoC_cpu0_jtag_debug_module_wrapper:the_MPSoC_cpu0_jtag_debug_module_wrapper|MPSoC_cpu0_jtag_debug_module_tck:the_MPSoC_cpu0_jtag_debug_module_tck|altera_std_synchronizer:the_altera_std_synchronizer1|din_s1 ; MPSoC:inst1|MPSoC_cpu0:cpu0|MPSoC_cpu0_nios2_oci:the_MPSoC_cpu0_nios2_oci|MPSoC_cpu0_jtag_debug_module_wrapper:the_MPSoC_cpu0_jtag_debug_module_wrapper|MPSoC_cpu0_jtag_debug_module_tck:the_MPSoC_cpu0_jtag_debug_module_tck|altera_std_synchronizer:the_altera_std_synchronizer1|dreg[0] ; altera_reserved_tck ; altera_reserved_tck ; 0.000        ; 0.070      ; 0.640      ;
; 0.400 ; sld_hub:auto_hub|sld_jtag_hub:\jtag_hub_gen:sld_jtag_hub_inst|irf_reg[4][4]                                                                                                                                                                                                               ; sld_hub:auto_hub|sld_jtag_hub:\jtag_hub_gen:sld_jtag_hub_inst|shadow_irf_reg[4][4]                                                                                                                                                                                                         ; altera_reserved_tck ; altera_reserved_tck ; 0.000        ; 0.069      ; 0.640      ;
; 0.400 ; sld_hub:auto_hub|sld_jtag_hub:\jtag_hub_gen:sld_jtag_hub_inst|shadow_irf_reg[4][4]                                                                                                                                                                                                        ; sld_hub:auto_hub|sld_jtag_hub:\jtag_hub_gen:sld_jtag_hub_inst|irf_reg[4][4]                                                                                                                                                                                                                ; altera_reserved_tck ; altera_reserved_tck ; 0.000        ; 0.069      ; 0.640      ;
; 0.400 ; sld_hub:auto_hub|sld_jtag_hub:\jtag_hub_gen:sld_jtag_hub_inst|irf_reg[4][3]                                                                                                                                                                                                               ; sld_hub:auto_hub|sld_jtag_hub:\jtag_hub_gen:sld_jtag_hub_inst|shadow_irf_reg[4][3]                                                                                                                                                                                                         ; altera_reserved_tck ; altera_reserved_tck ; 0.000        ; 0.069      ; 0.640      ;
; 0.400 ; sld_hub:auto_hub|sld_jtag_hub:\jtag_hub_gen:sld_jtag_hub_inst|shadow_irf_reg[4][3]                                                                                                                                                                                                        ; sld_hub:auto_hub|sld_jtag_hub:\jtag_hub_gen:sld_jtag_hub_inst|irf_reg[4][3]                                                                                                                                                                                                                ; altera_reserved_tck ; altera_reserved_tck ; 0.000        ; 0.069      ; 0.640      ;
; 0.400 ; sld_hub:auto_hub|sld_jtag_hub:\jtag_hub_gen:sld_jtag_hub_inst|irf_reg[4][2]                                                                                                                                                                                                               ; sld_hub:auto_hub|sld_jtag_hub:\jtag_hub_gen:sld_jtag_hub_inst|shadow_irf_reg[4][2]                                                                                                                                                                                                         ; altera_reserved_tck ; altera_reserved_tck ; 0.000        ; 0.069      ; 0.640      ;
; 0.400 ; sld_hub:auto_hub|sld_jtag_hub:\jtag_hub_gen:sld_jtag_hub_inst|hub_minor_ver_reg[3]                                                                                                                                                                                                        ; sld_hub:auto_hub|sld_jtag_hub:\jtag_hub_gen:sld_jtag_hub_inst|hub_minor_ver_reg[2]                                                                                                                                                                                                         ; altera_reserved_tck ; altera_reserved_tck ; 0.000        ; 0.070      ; 0.641      ;
; 0.400 ; sld_hub:auto_hub|sld_jtag_hub:\jtag_hub_gen:sld_jtag_hub_inst|shadow_irf_reg[1][0]                                                                                                                                                                                                        ; sld_hub:auto_hub|sld_jtag_hub:\jtag_hub_gen:sld_jtag_hub_inst|irf_reg[1][0]                                                                                                                                                                                                                ; altera_reserved_tck ; altera_reserved_tck ; 0.000        ; 0.069      ; 0.640      ;
; 0.401 ; sld_hub:auto_hub|sld_jtag_hub:\jtag_hub_gen:sld_jtag_hub_inst|irf_reg[4][5]                                                                                                                                                                                                               ; sld_hub:auto_hub|sld_jtag_hub:\jtag_hub_gen:sld_jtag_hub_inst|shadow_irf_reg[4][5]                                                                                                                                                                                                         ; altera_reserved_tck ; altera_reserved_tck ; 0.000        ; 0.069      ; 0.641      ;
; 0.401 ; sld_hub:auto_hub|sld_jtag_hub:\jtag_hub_gen:sld_jtag_hub_inst|shadow_irf_reg[2][3]                                                                                                                                                                                                        ; sld_hub:auto_hub|sld_jtag_hub:\jtag_hub_gen:sld_jtag_hub_inst|irf_reg[2][3]                                                                                                                                                                                                                ; altera_reserved_tck ; altera_reserved_tck ; 0.000        ; 0.070      ; 0.642      ;
; 0.401 ; MPSoC:inst1|MPSoC_cpu0:cpu0|MPSoC_cpu0_nios2_oci:the_MPSoC_cpu0_nios2_oci|MPSoC_cpu0_jtag_debug_module_wrapper:the_MPSoC_cpu0_jtag_debug_module_wrapper|MPSoC_cpu0_jtag_debug_module_tck:the_MPSoC_cpu0_jtag_debug_module_tck|altera_std_synchronizer:the_altera_std_synchronizer2|din_s1 ; MPSoC:inst1|MPSoC_cpu0:cpu0|MPSoC_cpu0_nios2_oci:the_MPSoC_cpu0_nios2_oci|MPSoC_cpu0_jtag_debug_module_wrapper:the_MPSoC_cpu0_jtag_debug_module_wrapper|MPSoC_cpu0_jtag_debug_module_tck:the_MPSoC_cpu0_jtag_debug_module_tck|altera_std_synchronizer:the_altera_std_synchronizer2|dreg[0] ; altera_reserved_tck ; altera_reserved_tck ; 0.000        ; 0.070      ; 0.642      ;
; 0.402 ; sld_hub:auto_hub|sld_jtag_hub:\jtag_hub_gen:sld_jtag_hub_inst|shadow_irf_reg[4][0]                                                                                                                                                                                                        ; sld_hub:auto_hub|sld_jtag_hub:\jtag_hub_gen:sld_jtag_hub_inst|irf_reg[4][0]                                                                                                                                                                                                                ; altera_reserved_tck ; altera_reserved_tck ; 0.000        ; 0.069      ; 0.642      ;
; 0.402 ; sld_hub:auto_hub|sld_jtag_hub:\jtag_hub_gen:sld_jtag_hub_inst|jtag_ir_reg[3]                                                                                                                                                                                                              ; sld_hub:auto_hub|sld_jtag_hub:\jtag_hub_gen:sld_jtag_hub_inst|jtag_ir_reg[2]                                                                                                                                                                                                               ; altera_reserved_tck ; altera_reserved_tck ; 0.000        ; 0.070      ; 0.643      ;
; 0.403 ; sld_hub:auto_hub|sld_jtag_hub:\jtag_hub_gen:sld_jtag_hub_inst|identity_contrib_shift_reg[1]                                                                                                                                                                                               ; sld_hub:auto_hub|sld_jtag_hub:\jtag_hub_gen:sld_jtag_hub_inst|identity_contrib_shift_reg[0]                                                                                                                                                                                                ; altera_reserved_tck ; altera_reserved_tck ; 0.000        ; 0.070      ; 0.644      ;
; 0.404 ; MPSoC:inst1|MPSoC_cpu1:cpu1|MPSoC_cpu1_nios2_oci:the_MPSoC_cpu1_nios2_oci|MPSoC_cpu1_jtag_debug_module_wrapper:the_MPSoC_cpu1_jtag_debug_module_wrapper|MPSoC_cpu1_jtag_debug_module_tck:the_MPSoC_cpu1_jtag_debug_module_tck|sr[23]                                                      ; MPSoC:inst1|MPSoC_cpu1:cpu1|MPSoC_cpu1_nios2_oci:the_MPSoC_cpu1_nios2_oci|MPSoC_cpu1_jtag_debug_module_wrapper:the_MPSoC_cpu1_jtag_debug_module_wrapper|MPSoC_cpu1_jtag_debug_module_tck:the_MPSoC_cpu1_jtag_debug_module_tck|sr[22]                                                       ; altera_reserved_tck ; altera_reserved_tck ; 0.000        ; 0.070      ; 0.645      ;
; 0.404 ; MPSoC:inst1|MPSoC_cpu1:cpu1|MPSoC_cpu1_nios2_oci:the_MPSoC_cpu1_nios2_oci|MPSoC_cpu1_jtag_debug_module_wrapper:the_MPSoC_cpu1_jtag_debug_module_wrapper|MPSoC_cpu1_jtag_debug_module_tck:the_MPSoC_cpu1_jtag_debug_module_tck|sr[18]                                                      ; MPSoC:inst1|MPSoC_cpu1:cpu1|MPSoC_cpu1_nios2_oci:the_MPSoC_cpu1_nios2_oci|MPSoC_cpu1_jtag_debug_module_wrapper:the_MPSoC_cpu1_jtag_debug_module_wrapper|MPSoC_cpu1_jtag_debug_module_tck:the_MPSoC_cpu1_jtag_debug_module_tck|sr[17]                                                       ; altera_reserved_tck ; altera_reserved_tck ; 0.000        ; 0.069      ; 0.644      ;
; 0.404 ; MPSoC:inst1|MPSoC_cpu0:cpu0|MPSoC_cpu0_nios2_oci:the_MPSoC_cpu0_nios2_oci|MPSoC_cpu0_jtag_debug_module_wrapper:the_MPSoC_cpu0_jtag_debug_module_wrapper|MPSoC_cpu0_jtag_debug_module_tck:the_MPSoC_cpu0_jtag_debug_module_tck|sr[29]                                                      ; MPSoC:inst1|MPSoC_cpu0:cpu0|MPSoC_cpu0_nios2_oci:the_MPSoC_cpu0_nios2_oci|MPSoC_cpu0_jtag_debug_module_wrapper:the_MPSoC_cpu0_jtag_debug_module_wrapper|MPSoC_cpu0_jtag_debug_module_tck:the_MPSoC_cpu0_jtag_debug_module_tck|sr[28]                                                       ; altera_reserved_tck ; altera_reserved_tck ; 0.000        ; 0.070      ; 0.645      ;
; 0.405 ; sld_hub:auto_hub|sld_jtag_hub:\jtag_hub_gen:sld_jtag_hub_inst|identity_contrib_shift_reg[1]                                                                                                                                                                                               ; sld_hub:auto_hub|sld_jtag_hub:\jtag_hub_gen:sld_jtag_hub_inst|identity_contrib_update_reg[1]                                                                                                                                                                                               ; altera_reserved_tck ; altera_reserved_tck ; 0.000        ; 0.070      ; 0.646      ;
; 0.405 ; sld_hub:auto_hub|sld_jtag_hub:\jtag_hub_gen:sld_jtag_hub_inst|identity_contrib_shift_reg[3]                                                                                                                                                                                               ; sld_hub:auto_hub|sld_jtag_hub:\jtag_hub_gen:sld_jtag_hub_inst|identity_contrib_shift_reg[2]                                                                                                                                                                                                ; altera_reserved_tck ; altera_reserved_tck ; 0.000        ; 0.070      ; 0.646      ;
; 0.405 ; sld_hub:auto_hub|sld_jtag_hub:\jtag_hub_gen:sld_jtag_hub_inst|identity_contrib_shift_reg[3]                                                                                                                                                                                               ; sld_hub:auto_hub|sld_jtag_hub:\jtag_hub_gen:sld_jtag_hub_inst|identity_contrib_update_reg[3]                                                                                                                                                                                               ; altera_reserved_tck ; altera_reserved_tck ; 0.000        ; 0.070      ; 0.646      ;
; 0.405 ; MPSoC:inst1|MPSoC_jtag0:jtag0|alt_jtag_atlantic:MPSoC_jtag0_alt_jtag_atlantic|count[0]                                                                                                                                                                                                    ; MPSoC:inst1|MPSoC_jtag0:jtag0|alt_jtag_atlantic:MPSoC_jtag0_alt_jtag_atlantic|count[1]                                                                                                                                                                                                     ; altera_reserved_tck ; altera_reserved_tck ; 0.000        ; 0.071      ; 0.647      ;
; 0.405 ; sld_hub:auto_hub|sld_jtag_hub:\jtag_hub_gen:sld_jtag_hub_inst|jtag_ir_reg[2]                                                                                                                                                                                                              ; sld_hub:auto_hub|sld_jtag_hub:\jtag_hub_gen:sld_jtag_hub_inst|jtag_ir_reg[1]                                                                                                                                                                                                               ; altera_reserved_tck ; altera_reserved_tck ; 0.000        ; 0.070      ; 0.646      ;
; 0.405 ; sld_hub:auto_hub|sld_jtag_hub:\jtag_hub_gen:sld_jtag_hub_inst|jtag_ir_reg[4]                                                                                                                                                                                                              ; sld_hub:auto_hub|sld_jtag_hub:\jtag_hub_gen:sld_jtag_hub_inst|jtag_ir_reg[3]                                                                                                                                                                                                               ; altera_reserved_tck ; altera_reserved_tck ; 0.000        ; 0.070      ; 0.646      ;
; 0.405 ; sld_hub:auto_hub|sld_jtag_hub:\jtag_hub_gen:sld_jtag_hub_inst|jtag_ir_reg[7]                                                                                                                                                                                                              ; sld_hub:auto_hub|sld_jtag_hub:\jtag_hub_gen:sld_jtag_hub_inst|jtag_ir_reg[6]                                                                                                                                                                                                               ; altera_reserved_tck ; altera_reserved_tck ; 0.000        ; 0.070      ; 0.646      ;
; 0.405 ; sld_hub:auto_hub|sld_jtag_hub:\jtag_hub_gen:sld_jtag_hub_inst|sld_shadow_jsm:shadow_jsm|state[12]                                                                                                                                                                                         ; sld_hub:auto_hub|sld_jtag_hub:\jtag_hub_gen:sld_jtag_hub_inst|sld_shadow_jsm:shadow_jsm|state[13]                                                                                                                                                                                          ; altera_reserved_tck ; altera_reserved_tck ; 0.000        ; 0.071      ; 0.647      ;
; 0.405 ; MPSoC:inst1|MPSoC_cpu1:cpu1|MPSoC_cpu1_nios2_oci:the_MPSoC_cpu1_nios2_oci|MPSoC_cpu1_jtag_debug_module_wrapper:the_MPSoC_cpu1_jtag_debug_module_wrapper|MPSoC_cpu1_jtag_debug_module_tck:the_MPSoC_cpu1_jtag_debug_module_tck|sr[19]                                                      ; MPSoC:inst1|MPSoC_cpu1:cpu1|MPSoC_cpu1_nios2_oci:the_MPSoC_cpu1_nios2_oci|MPSoC_cpu1_jtag_debug_module_wrapper:the_MPSoC_cpu1_jtag_debug_module_wrapper|MPSoC_cpu1_jtag_debug_module_tck:the_MPSoC_cpu1_jtag_debug_module_tck|sr[18]                                                       ; altera_reserved_tck ; altera_reserved_tck ; 0.000        ; 0.069      ; 0.645      ;
; 0.405 ; MPSoC:inst1|MPSoC_cpu0:cpu0|MPSoC_cpu0_nios2_oci:the_MPSoC_cpu0_nios2_oci|MPSoC_cpu0_jtag_debug_module_wrapper:the_MPSoC_cpu0_jtag_debug_module_wrapper|MPSoC_cpu0_jtag_debug_module_tck:the_MPSoC_cpu0_jtag_debug_module_tck|sr[27]                                                      ; MPSoC:inst1|MPSoC_cpu0:cpu0|MPSoC_cpu0_nios2_oci:the_MPSoC_cpu0_nios2_oci|MPSoC_cpu0_jtag_debug_module_wrapper:the_MPSoC_cpu0_jtag_debug_module_wrapper|MPSoC_cpu0_jtag_debug_module_tck:the_MPSoC_cpu0_jtag_debug_module_tck|sr[26]                                                       ; altera_reserved_tck ; altera_reserved_tck ; 0.000        ; 0.069      ; 0.645      ;
; 0.405 ; MPSoC:inst1|MPSoC_cpu0:cpu0|MPSoC_cpu0_nios2_oci:the_MPSoC_cpu0_nios2_oci|MPSoC_cpu0_jtag_debug_module_wrapper:the_MPSoC_cpu0_jtag_debug_module_wrapper|MPSoC_cpu0_jtag_debug_module_tck:the_MPSoC_cpu0_jtag_debug_module_tck|sr[33]                                                      ; MPSoC:inst1|MPSoC_cpu0:cpu0|MPSoC_cpu0_nios2_oci:the_MPSoC_cpu0_nios2_oci|MPSoC_cpu0_jtag_debug_module_wrapper:the_MPSoC_cpu0_jtag_debug_module_wrapper|MPSoC_cpu0_jtag_debug_module_tck:the_MPSoC_cpu0_jtag_debug_module_tck|sr[32]                                                       ; altera_reserved_tck ; altera_reserved_tck ; 0.000        ; 0.070      ; 0.646      ;
; 0.406 ; MPSoC:inst1|MPSoC_jtag0:jtag0|alt_jtag_atlantic:MPSoC_jtag0_alt_jtag_atlantic|td_shift[8]                                                                                                                                                                                                 ; MPSoC:inst1|MPSoC_jtag0:jtag0|alt_jtag_atlantic:MPSoC_jtag0_alt_jtag_atlantic|wdata[4]                                                                                                                                                                                                     ; altera_reserved_tck ; altera_reserved_tck ; 0.000        ; 0.071      ; 0.648      ;
; 0.406 ; sld_hub:auto_hub|sld_jtag_hub:\jtag_hub_gen:sld_jtag_hub_inst|sld_shadow_jsm:shadow_jsm|state[12]                                                                                                                                                                                         ; sld_hub:auto_hub|sld_jtag_hub:\jtag_hub_gen:sld_jtag_hub_inst|sld_shadow_jsm:shadow_jsm|state[15]                                                                                                                                                                                          ; altera_reserved_tck ; altera_reserved_tck ; 0.000        ; 0.071      ; 0.648      ;
; 0.406 ; MPSoC:inst1|MPSoC_cpu1:cpu1|MPSoC_cpu1_nios2_oci:the_MPSoC_cpu1_nios2_oci|MPSoC_cpu1_jtag_debug_module_wrapper:the_MPSoC_cpu1_jtag_debug_module_wrapper|MPSoC_cpu1_jtag_debug_module_tck:the_MPSoC_cpu1_jtag_debug_module_tck|sr[22]                                                      ; MPSoC:inst1|MPSoC_cpu1:cpu1|MPSoC_cpu1_nios2_oci:the_MPSoC_cpu1_nios2_oci|MPSoC_cpu1_jtag_debug_module_wrapper:the_MPSoC_cpu1_jtag_debug_module_wrapper|MPSoC_cpu1_jtag_debug_module_tck:the_MPSoC_cpu1_jtag_debug_module_tck|sr[21]                                                       ; altera_reserved_tck ; altera_reserved_tck ; 0.000        ; 0.070      ; 0.647      ;
; 0.407 ; sld_hub:auto_hub|sld_jtag_hub:\jtag_hub_gen:sld_jtag_hub_inst|sld_shadow_jsm:shadow_jsm|state[9]                                                                                                                                                                                          ; sld_hub:auto_hub|sld_jtag_hub:\jtag_hub_gen:sld_jtag_hub_inst|sld_shadow_jsm:shadow_jsm|state[10]                                                                                                                                                                                          ; altera_reserved_tck ; altera_reserved_tck ; 0.000        ; 0.070      ; 0.648      ;
; 0.408 ; MPSoC:inst1|MPSoC_cpu0:cpu0|MPSoC_cpu0_nios2_oci:the_MPSoC_cpu0_nios2_oci|MPSoC_cpu0_jtag_debug_module_wrapper:the_MPSoC_cpu0_jtag_debug_module_wrapper|MPSoC_cpu0_jtag_debug_module_tck:the_MPSoC_cpu0_jtag_debug_module_tck|sr[23]                                                      ; MPSoC:inst1|MPSoC_cpu0:cpu0|MPSoC_cpu0_nios2_oci:the_MPSoC_cpu0_nios2_oci|MPSoC_cpu0_jtag_debug_module_wrapper:the_MPSoC_cpu0_jtag_debug_module_wrapper|MPSoC_cpu0_jtag_debug_module_tck:the_MPSoC_cpu0_jtag_debug_module_tck|sr[22]                                                       ; altera_reserved_tck ; altera_reserved_tck ; 0.000        ; 0.069      ; 0.648      ;
; 0.409 ; sld_hub:auto_hub|sld_jtag_hub:\jtag_hub_gen:sld_jtag_hub_inst|sld_shadow_jsm:shadow_jsm|state[4]                                                                                                                                                                                          ; sld_hub:auto_hub|sld_jtag_hub:\jtag_hub_gen:sld_jtag_hub_inst|tdo_bypass_reg                                                                                                                                                                                                               ; altera_reserved_tck ; altera_reserved_tck ; 0.000        ; 0.070      ; 0.650      ;
; 0.417 ; sld_hub:auto_hub|sld_jtag_hub:\jtag_hub_gen:sld_jtag_hub_inst|sld_shadow_jsm:shadow_jsm|state[11]                                                                                                                                                                                         ; sld_hub:auto_hub|sld_jtag_hub:\jtag_hub_gen:sld_jtag_hub_inst|sld_shadow_jsm:shadow_jsm|state[12]                                                                                                                                                                                          ; altera_reserved_tck ; altera_reserved_tck ; 0.000        ; 0.071      ; 0.659      ;
; 0.417 ; MPSoC:inst1|MPSoC_cpu0:cpu0|MPSoC_cpu0_nios2_oci:the_MPSoC_cpu0_nios2_oci|MPSoC_cpu0_jtag_debug_module_wrapper:the_MPSoC_cpu0_jtag_debug_module_wrapper|MPSoC_cpu0_jtag_debug_module_tck:the_MPSoC_cpu0_jtag_debug_module_tck|sr[11]                                                      ; MPSoC:inst1|MPSoC_cpu0:cpu0|MPSoC_cpu0_nios2_oci:the_MPSoC_cpu0_nios2_oci|MPSoC_cpu0_jtag_debug_module_wrapper:the_MPSoC_cpu0_jtag_debug_module_wrapper|MPSoC_cpu0_jtag_debug_module_tck:the_MPSoC_cpu0_jtag_debug_module_tck|sr[10]                                                       ; altera_reserved_tck ; altera_reserved_tck ; 0.000        ; 0.070      ; 0.658      ;
; 0.417 ; MPSoC:inst1|MPSoC_cpu0:cpu0|MPSoC_cpu0_nios2_oci:the_MPSoC_cpu0_nios2_oci|MPSoC_cpu0_jtag_debug_module_wrapper:the_MPSoC_cpu0_jtag_debug_module_wrapper|MPSoC_cpu0_jtag_debug_module_tck:the_MPSoC_cpu0_jtag_debug_module_tck|sr[4]                                                       ; MPSoC:inst1|MPSoC_cpu0:cpu0|MPSoC_cpu0_nios2_oci:the_MPSoC_cpu0_nios2_oci|MPSoC_cpu0_jtag_debug_module_wrapper:the_MPSoC_cpu0_jtag_debug_module_wrapper|MPSoC_cpu0_jtag_debug_module_tck:the_MPSoC_cpu0_jtag_debug_module_tck|sr[3]                                                        ; altera_reserved_tck ; altera_reserved_tck ; 0.000        ; 0.071      ; 0.659      ;
; 0.418 ; sld_hub:auto_hub|sld_jtag_hub:\jtag_hub_gen:sld_jtag_hub_inst|irf_reg[2][1]                                                                                                                                                                                                               ; sld_hub:auto_hub|sld_jtag_hub:\jtag_hub_gen:sld_jtag_hub_inst|shadow_irf_reg[2][1]                                                                                                                                                                                                         ; altera_reserved_tck ; altera_reserved_tck ; 0.000        ; 0.070      ; 0.659      ;
; 0.418 ; MPSoC:inst1|MPSoC_jtag0:jtag1|alt_jtag_atlantic:MPSoC_jtag0_alt_jtag_atlantic|count[0]                                                                                                                                                                                                    ; MPSoC:inst1|MPSoC_jtag0:jtag1|alt_jtag_atlantic:MPSoC_jtag0_alt_jtag_atlantic|count[1]                                                                                                                                                                                                     ; altera_reserved_tck ; altera_reserved_tck ; 0.000        ; 0.069      ; 0.658      ;
; 0.418 ; MPSoC:inst1|MPSoC_jtag0:jtag0|alt_jtag_atlantic:MPSoC_jtag0_alt_jtag_atlantic|td_shift[0]                                                                                                                                                                                                 ; MPSoC:inst1|MPSoC_jtag0:jtag0|alt_jtag_atlantic:MPSoC_jtag0_alt_jtag_atlantic|user_saw_rvalid                                                                                                                                                                                              ; altera_reserved_tck ; altera_reserved_tck ; 0.000        ; 0.071      ; 0.660      ;
; 0.418 ; MPSoC:inst1|MPSoC_cpu1:cpu1|MPSoC_cpu1_nios2_oci:the_MPSoC_cpu1_nios2_oci|MPSoC_cpu1_jtag_debug_module_wrapper:the_MPSoC_cpu1_jtag_debug_module_wrapper|MPSoC_cpu1_jtag_debug_module_tck:the_MPSoC_cpu1_jtag_debug_module_tck|sr[6]                                                       ; MPSoC:inst1|MPSoC_cpu1:cpu1|MPSoC_cpu1_nios2_oci:the_MPSoC_cpu1_nios2_oci|MPSoC_cpu1_jtag_debug_module_wrapper:the_MPSoC_cpu1_jtag_debug_module_wrapper|MPSoC_cpu1_jtag_debug_module_tck:the_MPSoC_cpu1_jtag_debug_module_tck|sr[5]                                                        ; altera_reserved_tck ; altera_reserved_tck ; 0.000        ; 0.070      ; 0.659      ;
; 0.418 ; MPSoC:inst1|MPSoC_cpu1:cpu1|MPSoC_cpu1_nios2_oci:the_MPSoC_cpu1_nios2_oci|MPSoC_cpu1_jtag_debug_module_wrapper:the_MPSoC_cpu1_jtag_debug_module_wrapper|MPSoC_cpu1_jtag_debug_module_tck:the_MPSoC_cpu1_jtag_debug_module_tck|sr[4]                                                       ; MPSoC:inst1|MPSoC_cpu1:cpu1|MPSoC_cpu1_nios2_oci:the_MPSoC_cpu1_nios2_oci|MPSoC_cpu1_jtag_debug_module_wrapper:the_MPSoC_cpu1_jtag_debug_module_wrapper|MPSoC_cpu1_jtag_debug_module_tck:the_MPSoC_cpu1_jtag_debug_module_tck|sr[3]                                                        ; altera_reserved_tck ; altera_reserved_tck ; 0.000        ; 0.070      ; 0.659      ;
; 0.418 ; MPSoC:inst1|MPSoC_cpu1:cpu1|MPSoC_cpu1_nios2_oci:the_MPSoC_cpu1_nios2_oci|MPSoC_cpu1_jtag_debug_module_wrapper:the_MPSoC_cpu1_jtag_debug_module_wrapper|MPSoC_cpu1_jtag_debug_module_tck:the_MPSoC_cpu1_jtag_debug_module_tck|sr[13]                                                      ; MPSoC:inst1|MPSoC_cpu1:cpu1|MPSoC_cpu1_nios2_oci:the_MPSoC_cpu1_nios2_oci|MPSoC_cpu1_jtag_debug_module_wrapper:the_MPSoC_cpu1_jtag_debug_module_wrapper|MPSoC_cpu1_jtag_debug_module_tck:the_MPSoC_cpu1_jtag_debug_module_tck|sr[12]                                                       ; altera_reserved_tck ; altera_reserved_tck ; 0.000        ; 0.070      ; 0.659      ;
; 0.418 ; MPSoC:inst1|MPSoC_cpu0:cpu0|MPSoC_cpu0_nios2_oci:the_MPSoC_cpu0_nios2_oci|MPSoC_cpu0_jtag_debug_module_wrapper:the_MPSoC_cpu0_jtag_debug_module_wrapper|MPSoC_cpu0_jtag_debug_module_tck:the_MPSoC_cpu0_jtag_debug_module_tck|sr[13]                                                      ; MPSoC:inst1|MPSoC_cpu0:cpu0|MPSoC_cpu0_nios2_oci:the_MPSoC_cpu0_nios2_oci|MPSoC_cpu0_jtag_debug_module_wrapper:the_MPSoC_cpu0_jtag_debug_module_wrapper|MPSoC_cpu0_jtag_debug_module_tck:the_MPSoC_cpu0_jtag_debug_module_tck|sr[12]                                                       ; altera_reserved_tck ; altera_reserved_tck ; 0.000        ; 0.070      ; 0.659      ;
+-------+-------------------------------------------------------------------------------------------------------------------------------------------------------------------------------------------------------------------------------------------------------------------------------------------+--------------------------------------------------------------------------------------------------------------------------------------------------------------------------------------------------------------------------------------------------------------------------------------------+---------------------+---------------------+--------------+------------+------------+


+------------------------------------------------------------------------------------------------------------------------------------------------------------------------------------------------------------------------------------------------------------------------------------------------+
; Slow 1200mV 0C Model Recovery: 'altera_reserved_tck'                                                                                                                                                                                                                                           ;
+--------+--------------------------------------------------------------------------------------------------+-----------------------------------------------------------------------------------------------+---------------------+---------------------+--------------+------------+------------+
; Slack  ; From Node                                                                                        ; To Node                                                                                       ; Launch Clock        ; Latch Clock         ; Relationship ; Clock Skew ; Data Delay ;
+--------+--------------------------------------------------------------------------------------------------+-----------------------------------------------------------------------------------------------+---------------------+---------------------+--------------+------------+------------+
; 45.930 ; sld_hub:auto_hub|sld_jtag_hub:\jtag_hub_gen:sld_jtag_hub_inst|clr_reg                            ; MPSoC:inst1|MPSoC_jtag0:jtag0|alt_jtag_atlantic:MPSoC_jtag0_alt_jtag_atlantic|jupdate         ; altera_reserved_tck ; altera_reserved_tck ; 50.000       ; 0.159      ; 4.248      ;
; 45.930 ; sld_hub:auto_hub|sld_jtag_hub:\jtag_hub_gen:sld_jtag_hub_inst|clr_reg                            ; MPSoC:inst1|MPSoC_jtag0:jtag0|alt_jtag_atlantic:MPSoC_jtag0_alt_jtag_atlantic|tdo~reg0        ; altera_reserved_tck ; altera_reserved_tck ; 50.000       ; 0.159      ; 4.248      ;
; 45.931 ; sld_hub:auto_hub|sld_jtag_hub:\jtag_hub_gen:sld_jtag_hub_inst|clr_reg                            ; MPSoC:inst1|MPSoC_jtag0:jtag1|alt_jtag_atlantic:MPSoC_jtag0_alt_jtag_atlantic|jupdate         ; altera_reserved_tck ; altera_reserved_tck ; 50.000       ; 0.123      ; 4.211      ;
; 45.931 ; sld_hub:auto_hub|sld_jtag_hub:\jtag_hub_gen:sld_jtag_hub_inst|clr_reg                            ; MPSoC:inst1|MPSoC_jtag0:jtag1|alt_jtag_atlantic:MPSoC_jtag0_alt_jtag_atlantic|tdo~reg0        ; altera_reserved_tck ; altera_reserved_tck ; 50.000       ; 0.123      ; 4.211      ;
; 48.444 ; sld_hub:auto_hub|sld_jtag_hub:\jtag_hub_gen:sld_jtag_hub_inst|sld_shadow_jsm:shadow_jsm|state[8] ; sld_hub:auto_hub|sld_jtag_hub:\jtag_hub_gen:sld_jtag_hub_inst|tdo                             ; altera_reserved_tck ; altera_reserved_tck ; 50.000       ; 0.138      ; 1.713      ;
; 95.355 ; sld_hub:auto_hub|sld_jtag_hub:\jtag_hub_gen:sld_jtag_hub_inst|clr_reg                            ; MPSoC:inst1|MPSoC_jtag0:jtag0|alt_jtag_atlantic:MPSoC_jtag0_alt_jtag_atlantic|write           ; altera_reserved_tck ; altera_reserved_tck ; 100.000      ; -0.049     ; 4.615      ;
; 95.357 ; sld_hub:auto_hub|sld_jtag_hub:\jtag_hub_gen:sld_jtag_hub_inst|clr_reg                            ; MPSoC:inst1|MPSoC_jtag0:jtag0|alt_jtag_atlantic:MPSoC_jtag0_alt_jtag_atlantic|read            ; altera_reserved_tck ; altera_reserved_tck ; 100.000      ; -0.049     ; 4.613      ;
; 95.357 ; sld_hub:auto_hub|sld_jtag_hub:\jtag_hub_gen:sld_jtag_hub_inst|clr_reg                            ; MPSoC:inst1|MPSoC_jtag0:jtag0|alt_jtag_atlantic:MPSoC_jtag0_alt_jtag_atlantic|read_req        ; altera_reserved_tck ; altera_reserved_tck ; 100.000      ; -0.049     ; 4.613      ;
; 95.357 ; sld_hub:auto_hub|sld_jtag_hub:\jtag_hub_gen:sld_jtag_hub_inst|clr_reg                            ; MPSoC:inst1|MPSoC_jtag0:jtag0|alt_jtag_atlantic:MPSoC_jtag0_alt_jtag_atlantic|write_valid     ; altera_reserved_tck ; altera_reserved_tck ; 100.000      ; -0.049     ; 4.613      ;
; 95.357 ; sld_hub:auto_hub|sld_jtag_hub:\jtag_hub_gen:sld_jtag_hub_inst|clr_reg                            ; MPSoC:inst1|MPSoC_jtag0:jtag0|alt_jtag_atlantic:MPSoC_jtag0_alt_jtag_atlantic|write_stalled   ; altera_reserved_tck ; altera_reserved_tck ; 100.000      ; -0.049     ; 4.613      ;
; 95.357 ; sld_hub:auto_hub|sld_jtag_hub:\jtag_hub_gen:sld_jtag_hub_inst|clr_reg                            ; MPSoC:inst1|MPSoC_jtag0:jtag0|alt_jtag_atlantic:MPSoC_jtag0_alt_jtag_atlantic|wdata[0]        ; altera_reserved_tck ; altera_reserved_tck ; 100.000      ; -0.049     ; 4.613      ;
; 95.358 ; sld_hub:auto_hub|sld_jtag_hub:\jtag_hub_gen:sld_jtag_hub_inst|clr_reg                            ; MPSoC:inst1|MPSoC_jtag0:jtag1|alt_jtag_atlantic:MPSoC_jtag0_alt_jtag_atlantic|write_stalled   ; altera_reserved_tck ; altera_reserved_tck ; 100.000      ; -0.097     ; 4.564      ;
; 95.358 ; sld_hub:auto_hub|sld_jtag_hub:\jtag_hub_gen:sld_jtag_hub_inst|clr_reg                            ; MPSoC:inst1|MPSoC_jtag0:jtag1|alt_jtag_atlantic:MPSoC_jtag0_alt_jtag_atlantic|write_valid     ; altera_reserved_tck ; altera_reserved_tck ; 100.000      ; -0.097     ; 4.564      ;
; 95.358 ; sld_hub:auto_hub|sld_jtag_hub:\jtag_hub_gen:sld_jtag_hub_inst|clr_reg                            ; MPSoC:inst1|MPSoC_jtag0:jtag1|alt_jtag_atlantic:MPSoC_jtag0_alt_jtag_atlantic|read            ; altera_reserved_tck ; altera_reserved_tck ; 100.000      ; -0.097     ; 4.564      ;
; 95.358 ; sld_hub:auto_hub|sld_jtag_hub:\jtag_hub_gen:sld_jtag_hub_inst|clr_reg                            ; MPSoC:inst1|MPSoC_jtag0:jtag1|alt_jtag_atlantic:MPSoC_jtag0_alt_jtag_atlantic|read_req        ; altera_reserved_tck ; altera_reserved_tck ; 100.000      ; -0.097     ; 4.564      ;
; 95.358 ; sld_hub:auto_hub|sld_jtag_hub:\jtag_hub_gen:sld_jtag_hub_inst|clr_reg                            ; MPSoC:inst1|MPSoC_jtag0:jtag1|alt_jtag_atlantic:MPSoC_jtag0_alt_jtag_atlantic|wdata[0]        ; altera_reserved_tck ; altera_reserved_tck ; 100.000      ; -0.097     ; 4.564      ;
; 95.714 ; sld_hub:auto_hub|sld_jtag_hub:\jtag_hub_gen:sld_jtag_hub_inst|clr_reg                            ; MPSoC:inst1|MPSoC_jtag0:jtag0|alt_jtag_atlantic:MPSoC_jtag0_alt_jtag_atlantic|count[2]        ; altera_reserved_tck ; altera_reserved_tck ; 100.000      ; -0.056     ; 4.249      ;
; 95.714 ; sld_hub:auto_hub|sld_jtag_hub:\jtag_hub_gen:sld_jtag_hub_inst|clr_reg                            ; MPSoC:inst1|MPSoC_jtag0:jtag0|alt_jtag_atlantic:MPSoC_jtag0_alt_jtag_atlantic|count[3]        ; altera_reserved_tck ; altera_reserved_tck ; 100.000      ; -0.056     ; 4.249      ;
; 95.714 ; sld_hub:auto_hub|sld_jtag_hub:\jtag_hub_gen:sld_jtag_hub_inst|clr_reg                            ; MPSoC:inst1|MPSoC_jtag0:jtag0|alt_jtag_atlantic:MPSoC_jtag0_alt_jtag_atlantic|count[4]        ; altera_reserved_tck ; altera_reserved_tck ; 100.000      ; -0.056     ; 4.249      ;
; 95.714 ; sld_hub:auto_hub|sld_jtag_hub:\jtag_hub_gen:sld_jtag_hub_inst|clr_reg                            ; MPSoC:inst1|MPSoC_jtag0:jtag0|alt_jtag_atlantic:MPSoC_jtag0_alt_jtag_atlantic|count[5]        ; altera_reserved_tck ; altera_reserved_tck ; 100.000      ; -0.056     ; 4.249      ;
; 95.714 ; sld_hub:auto_hub|sld_jtag_hub:\jtag_hub_gen:sld_jtag_hub_inst|clr_reg                            ; MPSoC:inst1|MPSoC_jtag0:jtag0|alt_jtag_atlantic:MPSoC_jtag0_alt_jtag_atlantic|count[6]        ; altera_reserved_tck ; altera_reserved_tck ; 100.000      ; -0.056     ; 4.249      ;
; 95.714 ; sld_hub:auto_hub|sld_jtag_hub:\jtag_hub_gen:sld_jtag_hub_inst|clr_reg                            ; MPSoC:inst1|MPSoC_jtag0:jtag0|alt_jtag_atlantic:MPSoC_jtag0_alt_jtag_atlantic|count[7]        ; altera_reserved_tck ; altera_reserved_tck ; 100.000      ; -0.056     ; 4.249      ;
; 95.714 ; sld_hub:auto_hub|sld_jtag_hub:\jtag_hub_gen:sld_jtag_hub_inst|clr_reg                            ; MPSoC:inst1|MPSoC_jtag0:jtag0|alt_jtag_atlantic:MPSoC_jtag0_alt_jtag_atlantic|count[8]        ; altera_reserved_tck ; altera_reserved_tck ; 100.000      ; -0.056     ; 4.249      ;
; 95.714 ; sld_hub:auto_hub|sld_jtag_hub:\jtag_hub_gen:sld_jtag_hub_inst|clr_reg                            ; MPSoC:inst1|MPSoC_jtag0:jtag0|alt_jtag_atlantic:MPSoC_jtag0_alt_jtag_atlantic|state           ; altera_reserved_tck ; altera_reserved_tck ; 100.000      ; -0.050     ; 4.255      ;
; 95.714 ; sld_hub:auto_hub|sld_jtag_hub:\jtag_hub_gen:sld_jtag_hub_inst|clr_reg                            ; MPSoC:inst1|MPSoC_jtag0:jtag0|alt_jtag_atlantic:MPSoC_jtag0_alt_jtag_atlantic|count[9]        ; altera_reserved_tck ; altera_reserved_tck ; 100.000      ; -0.056     ; 4.249      ;
; 95.714 ; sld_hub:auto_hub|sld_jtag_hub:\jtag_hub_gen:sld_jtag_hub_inst|clr_reg                            ; MPSoC:inst1|MPSoC_jtag0:jtag0|alt_jtag_atlantic:MPSoC_jtag0_alt_jtag_atlantic|count[0]        ; altera_reserved_tck ; altera_reserved_tck ; 100.000      ; -0.050     ; 4.255      ;
; 95.714 ; sld_hub:auto_hub|sld_jtag_hub:\jtag_hub_gen:sld_jtag_hub_inst|clr_reg                            ; MPSoC:inst1|MPSoC_jtag0:jtag0|alt_jtag_atlantic:MPSoC_jtag0_alt_jtag_atlantic|count[1]        ; altera_reserved_tck ; altera_reserved_tck ; 100.000      ; -0.050     ; 4.255      ;
; 95.714 ; sld_hub:auto_hub|sld_jtag_hub:\jtag_hub_gen:sld_jtag_hub_inst|clr_reg                            ; MPSoC:inst1|MPSoC_jtag0:jtag0|alt_jtag_atlantic:MPSoC_jtag0_alt_jtag_atlantic|td_shift[10]    ; altera_reserved_tck ; altera_reserved_tck ; 100.000      ; -0.050     ; 4.255      ;
; 95.714 ; sld_hub:auto_hub|sld_jtag_hub:\jtag_hub_gen:sld_jtag_hub_inst|clr_reg                            ; MPSoC:inst1|MPSoC_jtag0:jtag0|alt_jtag_atlantic:MPSoC_jtag0_alt_jtag_atlantic|td_shift[4]     ; altera_reserved_tck ; altera_reserved_tck ; 100.000      ; -0.056     ; 4.249      ;
; 95.714 ; sld_hub:auto_hub|sld_jtag_hub:\jtag_hub_gen:sld_jtag_hub_inst|clr_reg                            ; MPSoC:inst1|MPSoC_jtag0:jtag0|alt_jtag_atlantic:MPSoC_jtag0_alt_jtag_atlantic|td_shift[3]     ; altera_reserved_tck ; altera_reserved_tck ; 100.000      ; -0.056     ; 4.249      ;
; 95.714 ; sld_hub:auto_hub|sld_jtag_hub:\jtag_hub_gen:sld_jtag_hub_inst|clr_reg                            ; MPSoC:inst1|MPSoC_jtag0:jtag0|alt_jtag_atlantic:MPSoC_jtag0_alt_jtag_atlantic|td_shift[2]     ; altera_reserved_tck ; altera_reserved_tck ; 100.000      ; -0.056     ; 4.249      ;
; 95.714 ; sld_hub:auto_hub|sld_jtag_hub:\jtag_hub_gen:sld_jtag_hub_inst|clr_reg                            ; MPSoC:inst1|MPSoC_jtag0:jtag0|alt_jtag_atlantic:MPSoC_jtag0_alt_jtag_atlantic|tck_t_dav       ; altera_reserved_tck ; altera_reserved_tck ; 100.000      ; -0.050     ; 4.255      ;
; 95.714 ; sld_hub:auto_hub|sld_jtag_hub:\jtag_hub_gen:sld_jtag_hub_inst|clr_reg                            ; MPSoC:inst1|MPSoC_jtag0:jtag0|alt_jtag_atlantic:MPSoC_jtag0_alt_jtag_atlantic|td_shift[1]     ; altera_reserved_tck ; altera_reserved_tck ; 100.000      ; -0.056     ; 4.249      ;
; 95.714 ; sld_hub:auto_hub|sld_jtag_hub:\jtag_hub_gen:sld_jtag_hub_inst|clr_reg                            ; MPSoC:inst1|MPSoC_jtag0:jtag0|alt_jtag_atlantic:MPSoC_jtag0_alt_jtag_atlantic|td_shift[0]     ; altera_reserved_tck ; altera_reserved_tck ; 100.000      ; -0.050     ; 4.255      ;
; 95.714 ; sld_hub:auto_hub|sld_jtag_hub:\jtag_hub_gen:sld_jtag_hub_inst|clr_reg                            ; MPSoC:inst1|MPSoC_jtag0:jtag0|alt_jtag_atlantic:MPSoC_jtag0_alt_jtag_atlantic|user_saw_rvalid ; altera_reserved_tck ; altera_reserved_tck ; 100.000      ; -0.050     ; 4.255      ;
; 95.715 ; sld_hub:auto_hub|sld_jtag_hub:\jtag_hub_gen:sld_jtag_hub_inst|clr_reg                            ; sld_hub:auto_hub|sld_jtag_hub:\jtag_hub_gen:sld_jtag_hub_inst|shadow_irf_reg[2][5]            ; altera_reserved_tck ; altera_reserved_tck ; 100.000      ; -0.084     ; 4.220      ;
; 95.715 ; sld_hub:auto_hub|sld_jtag_hub:\jtag_hub_gen:sld_jtag_hub_inst|clr_reg                            ; sld_hub:auto_hub|sld_jtag_hub:\jtag_hub_gen:sld_jtag_hub_inst|irf_reg[2][5]                   ; altera_reserved_tck ; altera_reserved_tck ; 100.000      ; -0.084     ; 4.220      ;
; 95.715 ; sld_hub:auto_hub|sld_jtag_hub:\jtag_hub_gen:sld_jtag_hub_inst|clr_reg                            ; sld_hub:auto_hub|sld_jtag_hub:\jtag_hub_gen:sld_jtag_hub_inst|shadow_irf_reg[2][4]            ; altera_reserved_tck ; altera_reserved_tck ; 100.000      ; -0.084     ; 4.220      ;
; 95.715 ; sld_hub:auto_hub|sld_jtag_hub:\jtag_hub_gen:sld_jtag_hub_inst|clr_reg                            ; sld_hub:auto_hub|sld_jtag_hub:\jtag_hub_gen:sld_jtag_hub_inst|irf_reg[2][4]                   ; altera_reserved_tck ; altera_reserved_tck ; 100.000      ; -0.084     ; 4.220      ;
; 95.715 ; sld_hub:auto_hub|sld_jtag_hub:\jtag_hub_gen:sld_jtag_hub_inst|clr_reg                            ; sld_hub:auto_hub|sld_jtag_hub:\jtag_hub_gen:sld_jtag_hub_inst|shadow_irf_reg[2][3]            ; altera_reserved_tck ; altera_reserved_tck ; 100.000      ; -0.084     ; 4.220      ;
; 95.715 ; sld_hub:auto_hub|sld_jtag_hub:\jtag_hub_gen:sld_jtag_hub_inst|clr_reg                            ; sld_hub:auto_hub|sld_jtag_hub:\jtag_hub_gen:sld_jtag_hub_inst|irf_reg[2][3]                   ; altera_reserved_tck ; altera_reserved_tck ; 100.000      ; -0.084     ; 4.220      ;
; 95.715 ; sld_hub:auto_hub|sld_jtag_hub:\jtag_hub_gen:sld_jtag_hub_inst|clr_reg                            ; sld_hub:auto_hub|sld_jtag_hub:\jtag_hub_gen:sld_jtag_hub_inst|shadow_irf_reg[2][2]            ; altera_reserved_tck ; altera_reserved_tck ; 100.000      ; -0.084     ; 4.220      ;
; 95.715 ; sld_hub:auto_hub|sld_jtag_hub:\jtag_hub_gen:sld_jtag_hub_inst|clr_reg                            ; sld_hub:auto_hub|sld_jtag_hub:\jtag_hub_gen:sld_jtag_hub_inst|irf_reg[2][2]                   ; altera_reserved_tck ; altera_reserved_tck ; 100.000      ; -0.084     ; 4.220      ;
; 95.715 ; sld_hub:auto_hub|sld_jtag_hub:\jtag_hub_gen:sld_jtag_hub_inst|clr_reg                            ; sld_hub:auto_hub|sld_jtag_hub:\jtag_hub_gen:sld_jtag_hub_inst|irf_reg[2][0]                   ; altera_reserved_tck ; altera_reserved_tck ; 100.000      ; -0.084     ; 4.220      ;
; 95.715 ; sld_hub:auto_hub|sld_jtag_hub:\jtag_hub_gen:sld_jtag_hub_inst|clr_reg                            ; sld_hub:auto_hub|sld_jtag_hub:\jtag_hub_gen:sld_jtag_hub_inst|irf_reg[2][1]                   ; altera_reserved_tck ; altera_reserved_tck ; 100.000      ; -0.084     ; 4.220      ;
; 95.715 ; sld_hub:auto_hub|sld_jtag_hub:\jtag_hub_gen:sld_jtag_hub_inst|clr_reg                            ; sld_hub:auto_hub|sld_jtag_hub:\jtag_hub_gen:sld_jtag_hub_inst|shadow_irf_reg[2][0]            ; altera_reserved_tck ; altera_reserved_tck ; 100.000      ; -0.084     ; 4.220      ;
; 95.715 ; sld_hub:auto_hub|sld_jtag_hub:\jtag_hub_gen:sld_jtag_hub_inst|clr_reg                            ; sld_hub:auto_hub|sld_jtag_hub:\jtag_hub_gen:sld_jtag_hub_inst|shadow_irf_reg[2][1]            ; altera_reserved_tck ; altera_reserved_tck ; 100.000      ; -0.084     ; 4.220      ;
; 95.715 ; sld_hub:auto_hub|sld_jtag_hub:\jtag_hub_gen:sld_jtag_hub_inst|clr_reg                            ; MPSoC:inst1|MPSoC_jtag0:jtag0|alt_jtag_atlantic:MPSoC_jtag0_alt_jtag_atlantic|td_shift[9]     ; altera_reserved_tck ; altera_reserved_tck ; 100.000      ; -0.055     ; 4.249      ;
; 95.715 ; sld_hub:auto_hub|sld_jtag_hub:\jtag_hub_gen:sld_jtag_hub_inst|clr_reg                            ; MPSoC:inst1|MPSoC_jtag0:jtag0|alt_jtag_atlantic:MPSoC_jtag0_alt_jtag_atlantic|td_shift[8]     ; altera_reserved_tck ; altera_reserved_tck ; 100.000      ; -0.055     ; 4.249      ;
; 95.715 ; sld_hub:auto_hub|sld_jtag_hub:\jtag_hub_gen:sld_jtag_hub_inst|clr_reg                            ; MPSoC:inst1|MPSoC_jtag0:jtag0|alt_jtag_atlantic:MPSoC_jtag0_alt_jtag_atlantic|td_shift[7]     ; altera_reserved_tck ; altera_reserved_tck ; 100.000      ; -0.055     ; 4.249      ;
; 95.715 ; sld_hub:auto_hub|sld_jtag_hub:\jtag_hub_gen:sld_jtag_hub_inst|clr_reg                            ; MPSoC:inst1|MPSoC_jtag0:jtag0|alt_jtag_atlantic:MPSoC_jtag0_alt_jtag_atlantic|td_shift[6]     ; altera_reserved_tck ; altera_reserved_tck ; 100.000      ; -0.055     ; 4.249      ;
; 95.715 ; sld_hub:auto_hub|sld_jtag_hub:\jtag_hub_gen:sld_jtag_hub_inst|clr_reg                            ; MPSoC:inst1|MPSoC_jtag0:jtag0|alt_jtag_atlantic:MPSoC_jtag0_alt_jtag_atlantic|td_shift[5]     ; altera_reserved_tck ; altera_reserved_tck ; 100.000      ; -0.055     ; 4.249      ;
; 95.715 ; sld_hub:auto_hub|sld_jtag_hub:\jtag_hub_gen:sld_jtag_hub_inst|clr_reg                            ; MPSoC:inst1|MPSoC_jtag0:jtag0|alt_jtag_atlantic:MPSoC_jtag0_alt_jtag_atlantic|wdata[7]        ; altera_reserved_tck ; altera_reserved_tck ; 100.000      ; -0.055     ; 4.249      ;
; 95.715 ; sld_hub:auto_hub|sld_jtag_hub:\jtag_hub_gen:sld_jtag_hub_inst|clr_reg                            ; MPSoC:inst1|MPSoC_jtag0:jtag0|alt_jtag_atlantic:MPSoC_jtag0_alt_jtag_atlantic|wdata[6]        ; altera_reserved_tck ; altera_reserved_tck ; 100.000      ; -0.055     ; 4.249      ;
; 95.715 ; sld_hub:auto_hub|sld_jtag_hub:\jtag_hub_gen:sld_jtag_hub_inst|clr_reg                            ; MPSoC:inst1|MPSoC_jtag0:jtag0|alt_jtag_atlantic:MPSoC_jtag0_alt_jtag_atlantic|wdata[5]        ; altera_reserved_tck ; altera_reserved_tck ; 100.000      ; -0.055     ; 4.249      ;
; 95.715 ; sld_hub:auto_hub|sld_jtag_hub:\jtag_hub_gen:sld_jtag_hub_inst|clr_reg                            ; MPSoC:inst1|MPSoC_jtag0:jtag0|alt_jtag_atlantic:MPSoC_jtag0_alt_jtag_atlantic|wdata[4]        ; altera_reserved_tck ; altera_reserved_tck ; 100.000      ; -0.055     ; 4.249      ;
; 95.715 ; sld_hub:auto_hub|sld_jtag_hub:\jtag_hub_gen:sld_jtag_hub_inst|clr_reg                            ; MPSoC:inst1|MPSoC_jtag0:jtag0|alt_jtag_atlantic:MPSoC_jtag0_alt_jtag_atlantic|wdata[3]        ; altera_reserved_tck ; altera_reserved_tck ; 100.000      ; -0.055     ; 4.249      ;
; 95.715 ; sld_hub:auto_hub|sld_jtag_hub:\jtag_hub_gen:sld_jtag_hub_inst|clr_reg                            ; MPSoC:inst1|MPSoC_jtag0:jtag0|alt_jtag_atlantic:MPSoC_jtag0_alt_jtag_atlantic|wdata[2]        ; altera_reserved_tck ; altera_reserved_tck ; 100.000      ; -0.055     ; 4.249      ;
; 95.715 ; sld_hub:auto_hub|sld_jtag_hub:\jtag_hub_gen:sld_jtag_hub_inst|clr_reg                            ; MPSoC:inst1|MPSoC_jtag0:jtag0|alt_jtag_atlantic:MPSoC_jtag0_alt_jtag_atlantic|wdata[1]        ; altera_reserved_tck ; altera_reserved_tck ; 100.000      ; -0.055     ; 4.249      ;
; 95.715 ; sld_hub:auto_hub|sld_jtag_hub:\jtag_hub_gen:sld_jtag_hub_inst|clr_reg                            ; MPSoC:inst1|MPSoC_jtag0:jtag1|alt_jtag_atlantic:MPSoC_jtag0_alt_jtag_atlantic|td_shift[7]     ; altera_reserved_tck ; altera_reserved_tck ; 100.000      ; -0.078     ; 4.226      ;
; 95.715 ; sld_hub:auto_hub|sld_jtag_hub:\jtag_hub_gen:sld_jtag_hub_inst|clr_reg                            ; MPSoC:inst1|MPSoC_jtag0:jtag1|alt_jtag_atlantic:MPSoC_jtag0_alt_jtag_atlantic|td_shift[6]     ; altera_reserved_tck ; altera_reserved_tck ; 100.000      ; -0.078     ; 4.226      ;
; 95.715 ; sld_hub:auto_hub|sld_jtag_hub:\jtag_hub_gen:sld_jtag_hub_inst|clr_reg                            ; MPSoC:inst1|MPSoC_jtag0:jtag1|alt_jtag_atlantic:MPSoC_jtag0_alt_jtag_atlantic|td_shift[5]     ; altera_reserved_tck ; altera_reserved_tck ; 100.000      ; -0.078     ; 4.226      ;
; 95.715 ; sld_hub:auto_hub|sld_jtag_hub:\jtag_hub_gen:sld_jtag_hub_inst|clr_reg                            ; MPSoC:inst1|MPSoC_jtag0:jtag1|alt_jtag_atlantic:MPSoC_jtag0_alt_jtag_atlantic|td_shift[4]     ; altera_reserved_tck ; altera_reserved_tck ; 100.000      ; -0.078     ; 4.226      ;
; 95.715 ; sld_hub:auto_hub|sld_jtag_hub:\jtag_hub_gen:sld_jtag_hub_inst|clr_reg                            ; MPSoC:inst1|MPSoC_jtag0:jtag1|alt_jtag_atlantic:MPSoC_jtag0_alt_jtag_atlantic|td_shift[3]     ; altera_reserved_tck ; altera_reserved_tck ; 100.000      ; -0.078     ; 4.226      ;
; 95.715 ; sld_hub:auto_hub|sld_jtag_hub:\jtag_hub_gen:sld_jtag_hub_inst|clr_reg                            ; MPSoC:inst1|MPSoC_jtag0:jtag1|alt_jtag_atlantic:MPSoC_jtag0_alt_jtag_atlantic|td_shift[2]     ; altera_reserved_tck ; altera_reserved_tck ; 100.000      ; -0.078     ; 4.226      ;
; 95.715 ; sld_hub:auto_hub|sld_jtag_hub:\jtag_hub_gen:sld_jtag_hub_inst|clr_reg                            ; MPSoC:inst1|MPSoC_jtag0:jtag1|alt_jtag_atlantic:MPSoC_jtag0_alt_jtag_atlantic|td_shift[1]     ; altera_reserved_tck ; altera_reserved_tck ; 100.000      ; -0.078     ; 4.226      ;
; 95.715 ; sld_hub:auto_hub|sld_jtag_hub:\jtag_hub_gen:sld_jtag_hub_inst|clr_reg                            ; MPSoC:inst1|MPSoC_jtag0:jtag1|alt_jtag_atlantic:MPSoC_jtag0_alt_jtag_atlantic|wdata[3]        ; altera_reserved_tck ; altera_reserved_tck ; 100.000      ; -0.078     ; 4.226      ;
; 95.715 ; sld_hub:auto_hub|sld_jtag_hub:\jtag_hub_gen:sld_jtag_hub_inst|clr_reg                            ; MPSoC:inst1|MPSoC_jtag0:jtag1|alt_jtag_atlantic:MPSoC_jtag0_alt_jtag_atlantic|wdata[1]        ; altera_reserved_tck ; altera_reserved_tck ; 100.000      ; -0.078     ; 4.226      ;
; 95.716 ; sld_hub:auto_hub|sld_jtag_hub:\jtag_hub_gen:sld_jtag_hub_inst|clr_reg                            ; sld_hub:auto_hub|sld_jtag_hub:\jtag_hub_gen:sld_jtag_hub_inst|shadow_irf_reg[4][5]            ; altera_reserved_tck ; altera_reserved_tck ; 100.000      ; -0.084     ; 4.219      ;
; 95.716 ; sld_hub:auto_hub|sld_jtag_hub:\jtag_hub_gen:sld_jtag_hub_inst|clr_reg                            ; sld_hub:auto_hub|sld_jtag_hub:\jtag_hub_gen:sld_jtag_hub_inst|irf_reg[4][5]                   ; altera_reserved_tck ; altera_reserved_tck ; 100.000      ; -0.084     ; 4.219      ;
; 95.716 ; sld_hub:auto_hub|sld_jtag_hub:\jtag_hub_gen:sld_jtag_hub_inst|clr_reg                            ; sld_hub:auto_hub|sld_jtag_hub:\jtag_hub_gen:sld_jtag_hub_inst|shadow_irf_reg[4][4]            ; altera_reserved_tck ; altera_reserved_tck ; 100.000      ; -0.084     ; 4.219      ;
; 95.716 ; sld_hub:auto_hub|sld_jtag_hub:\jtag_hub_gen:sld_jtag_hub_inst|clr_reg                            ; sld_hub:auto_hub|sld_jtag_hub:\jtag_hub_gen:sld_jtag_hub_inst|irf_reg[4][4]                   ; altera_reserved_tck ; altera_reserved_tck ; 100.000      ; -0.084     ; 4.219      ;
; 95.716 ; sld_hub:auto_hub|sld_jtag_hub:\jtag_hub_gen:sld_jtag_hub_inst|clr_reg                            ; sld_hub:auto_hub|sld_jtag_hub:\jtag_hub_gen:sld_jtag_hub_inst|shadow_irf_reg[4][3]            ; altera_reserved_tck ; altera_reserved_tck ; 100.000      ; -0.084     ; 4.219      ;
; 95.716 ; sld_hub:auto_hub|sld_jtag_hub:\jtag_hub_gen:sld_jtag_hub_inst|clr_reg                            ; sld_hub:auto_hub|sld_jtag_hub:\jtag_hub_gen:sld_jtag_hub_inst|irf_reg[4][3]                   ; altera_reserved_tck ; altera_reserved_tck ; 100.000      ; -0.084     ; 4.219      ;
; 95.716 ; sld_hub:auto_hub|sld_jtag_hub:\jtag_hub_gen:sld_jtag_hub_inst|clr_reg                            ; sld_hub:auto_hub|sld_jtag_hub:\jtag_hub_gen:sld_jtag_hub_inst|shadow_irf_reg[4][2]            ; altera_reserved_tck ; altera_reserved_tck ; 100.000      ; -0.084     ; 4.219      ;
; 95.716 ; sld_hub:auto_hub|sld_jtag_hub:\jtag_hub_gen:sld_jtag_hub_inst|clr_reg                            ; sld_hub:auto_hub|sld_jtag_hub:\jtag_hub_gen:sld_jtag_hub_inst|irf_reg[4][2]                   ; altera_reserved_tck ; altera_reserved_tck ; 100.000      ; -0.084     ; 4.219      ;
; 95.716 ; sld_hub:auto_hub|sld_jtag_hub:\jtag_hub_gen:sld_jtag_hub_inst|clr_reg                            ; sld_hub:auto_hub|sld_jtag_hub:\jtag_hub_gen:sld_jtag_hub_inst|shadow_irf_reg[4][1]            ; altera_reserved_tck ; altera_reserved_tck ; 100.000      ; -0.084     ; 4.219      ;
; 95.716 ; sld_hub:auto_hub|sld_jtag_hub:\jtag_hub_gen:sld_jtag_hub_inst|clr_reg                            ; sld_hub:auto_hub|sld_jtag_hub:\jtag_hub_gen:sld_jtag_hub_inst|irf_reg[4][1]                   ; altera_reserved_tck ; altera_reserved_tck ; 100.000      ; -0.084     ; 4.219      ;
; 95.716 ; sld_hub:auto_hub|sld_jtag_hub:\jtag_hub_gen:sld_jtag_hub_inst|clr_reg                            ; sld_hub:auto_hub|sld_jtag_hub:\jtag_hub_gen:sld_jtag_hub_inst|shadow_irf_reg[3][5]            ; altera_reserved_tck ; altera_reserved_tck ; 100.000      ; -0.091     ; 4.212      ;
; 95.716 ; sld_hub:auto_hub|sld_jtag_hub:\jtag_hub_gen:sld_jtag_hub_inst|clr_reg                            ; sld_hub:auto_hub|sld_jtag_hub:\jtag_hub_gen:sld_jtag_hub_inst|irf_reg[3][5]                   ; altera_reserved_tck ; altera_reserved_tck ; 100.000      ; -0.091     ; 4.212      ;
; 95.716 ; sld_hub:auto_hub|sld_jtag_hub:\jtag_hub_gen:sld_jtag_hub_inst|clr_reg                            ; sld_hub:auto_hub|sld_jtag_hub:\jtag_hub_gen:sld_jtag_hub_inst|shadow_irf_reg[3][4]            ; altera_reserved_tck ; altera_reserved_tck ; 100.000      ; -0.091     ; 4.212      ;
; 95.716 ; sld_hub:auto_hub|sld_jtag_hub:\jtag_hub_gen:sld_jtag_hub_inst|clr_reg                            ; sld_hub:auto_hub|sld_jtag_hub:\jtag_hub_gen:sld_jtag_hub_inst|irf_reg[3][4]                   ; altera_reserved_tck ; altera_reserved_tck ; 100.000      ; -0.091     ; 4.212      ;
; 95.716 ; sld_hub:auto_hub|sld_jtag_hub:\jtag_hub_gen:sld_jtag_hub_inst|clr_reg                            ; sld_hub:auto_hub|sld_jtag_hub:\jtag_hub_gen:sld_jtag_hub_inst|shadow_irf_reg[3][3]            ; altera_reserved_tck ; altera_reserved_tck ; 100.000      ; -0.091     ; 4.212      ;
; 95.716 ; sld_hub:auto_hub|sld_jtag_hub:\jtag_hub_gen:sld_jtag_hub_inst|clr_reg                            ; sld_hub:auto_hub|sld_jtag_hub:\jtag_hub_gen:sld_jtag_hub_inst|irf_reg[3][3]                   ; altera_reserved_tck ; altera_reserved_tck ; 100.000      ; -0.091     ; 4.212      ;
; 95.716 ; sld_hub:auto_hub|sld_jtag_hub:\jtag_hub_gen:sld_jtag_hub_inst|clr_reg                            ; sld_hub:auto_hub|sld_jtag_hub:\jtag_hub_gen:sld_jtag_hub_inst|shadow_irf_reg[3][2]            ; altera_reserved_tck ; altera_reserved_tck ; 100.000      ; -0.091     ; 4.212      ;
; 95.716 ; sld_hub:auto_hub|sld_jtag_hub:\jtag_hub_gen:sld_jtag_hub_inst|clr_reg                            ; sld_hub:auto_hub|sld_jtag_hub:\jtag_hub_gen:sld_jtag_hub_inst|irf_reg[3][2]                   ; altera_reserved_tck ; altera_reserved_tck ; 100.000      ; -0.091     ; 4.212      ;
; 95.716 ; sld_hub:auto_hub|sld_jtag_hub:\jtag_hub_gen:sld_jtag_hub_inst|clr_reg                            ; sld_hub:auto_hub|sld_jtag_hub:\jtag_hub_gen:sld_jtag_hub_inst|shadow_irf_reg[3][1]            ; altera_reserved_tck ; altera_reserved_tck ; 100.000      ; -0.091     ; 4.212      ;
; 95.716 ; sld_hub:auto_hub|sld_jtag_hub:\jtag_hub_gen:sld_jtag_hub_inst|clr_reg                            ; sld_hub:auto_hub|sld_jtag_hub:\jtag_hub_gen:sld_jtag_hub_inst|irf_reg[3][1]                   ; altera_reserved_tck ; altera_reserved_tck ; 100.000      ; -0.091     ; 4.212      ;
; 95.716 ; sld_hub:auto_hub|sld_jtag_hub:\jtag_hub_gen:sld_jtag_hub_inst|clr_reg                            ; sld_hub:auto_hub|sld_jtag_hub:\jtag_hub_gen:sld_jtag_hub_inst|shadow_irf_reg[1][5]            ; altera_reserved_tck ; altera_reserved_tck ; 100.000      ; -0.090     ; 4.213      ;
; 95.716 ; sld_hub:auto_hub|sld_jtag_hub:\jtag_hub_gen:sld_jtag_hub_inst|clr_reg                            ; sld_hub:auto_hub|sld_jtag_hub:\jtag_hub_gen:sld_jtag_hub_inst|irf_reg[1][5]                   ; altera_reserved_tck ; altera_reserved_tck ; 100.000      ; -0.090     ; 4.213      ;
; 95.716 ; sld_hub:auto_hub|sld_jtag_hub:\jtag_hub_gen:sld_jtag_hub_inst|clr_reg                            ; sld_hub:auto_hub|sld_jtag_hub:\jtag_hub_gen:sld_jtag_hub_inst|shadow_irf_reg[1][4]            ; altera_reserved_tck ; altera_reserved_tck ; 100.000      ; -0.090     ; 4.213      ;
; 95.716 ; sld_hub:auto_hub|sld_jtag_hub:\jtag_hub_gen:sld_jtag_hub_inst|clr_reg                            ; sld_hub:auto_hub|sld_jtag_hub:\jtag_hub_gen:sld_jtag_hub_inst|irf_reg[1][4]                   ; altera_reserved_tck ; altera_reserved_tck ; 100.000      ; -0.090     ; 4.213      ;
; 95.716 ; sld_hub:auto_hub|sld_jtag_hub:\jtag_hub_gen:sld_jtag_hub_inst|clr_reg                            ; sld_hub:auto_hub|sld_jtag_hub:\jtag_hub_gen:sld_jtag_hub_inst|shadow_irf_reg[1][3]            ; altera_reserved_tck ; altera_reserved_tck ; 100.000      ; -0.090     ; 4.213      ;
; 95.716 ; sld_hub:auto_hub|sld_jtag_hub:\jtag_hub_gen:sld_jtag_hub_inst|clr_reg                            ; sld_hub:auto_hub|sld_jtag_hub:\jtag_hub_gen:sld_jtag_hub_inst|irf_reg[1][3]                   ; altera_reserved_tck ; altera_reserved_tck ; 100.000      ; -0.090     ; 4.213      ;
; 95.716 ; sld_hub:auto_hub|sld_jtag_hub:\jtag_hub_gen:sld_jtag_hub_inst|clr_reg                            ; sld_hub:auto_hub|sld_jtag_hub:\jtag_hub_gen:sld_jtag_hub_inst|shadow_irf_reg[1][2]            ; altera_reserved_tck ; altera_reserved_tck ; 100.000      ; -0.090     ; 4.213      ;
; 95.716 ; sld_hub:auto_hub|sld_jtag_hub:\jtag_hub_gen:sld_jtag_hub_inst|clr_reg                            ; sld_hub:auto_hub|sld_jtag_hub:\jtag_hub_gen:sld_jtag_hub_inst|irf_reg[1][2]                   ; altera_reserved_tck ; altera_reserved_tck ; 100.000      ; -0.090     ; 4.213      ;
; 95.716 ; sld_hub:auto_hub|sld_jtag_hub:\jtag_hub_gen:sld_jtag_hub_inst|clr_reg                            ; sld_hub:auto_hub|sld_jtag_hub:\jtag_hub_gen:sld_jtag_hub_inst|node_ena[1]~reg0                ; altera_reserved_tck ; altera_reserved_tck ; 100.000      ; -0.085     ; 4.218      ;
; 95.716 ; sld_hub:auto_hub|sld_jtag_hub:\jtag_hub_gen:sld_jtag_hub_inst|clr_reg                            ; sld_hub:auto_hub|sld_jtag_hub:\jtag_hub_gen:sld_jtag_hub_inst|node_ena[2]~reg0                ; altera_reserved_tck ; altera_reserved_tck ; 100.000      ; -0.085     ; 4.218      ;
; 95.716 ; sld_hub:auto_hub|sld_jtag_hub:\jtag_hub_gen:sld_jtag_hub_inst|clr_reg                            ; sld_hub:auto_hub|sld_jtag_hub:\jtag_hub_gen:sld_jtag_hub_inst|node_ena[3]~reg0                ; altera_reserved_tck ; altera_reserved_tck ; 100.000      ; -0.085     ; 4.218      ;
; 95.716 ; sld_hub:auto_hub|sld_jtag_hub:\jtag_hub_gen:sld_jtag_hub_inst|clr_reg                            ; sld_hub:auto_hub|sld_jtag_hub:\jtag_hub_gen:sld_jtag_hub_inst|node_ena[4]~reg0                ; altera_reserved_tck ; altera_reserved_tck ; 100.000      ; -0.085     ; 4.218      ;
+--------+--------------------------------------------------------------------------------------------------+-----------------------------------------------------------------------------------------------+---------------------+---------------------+--------------+------------+------------+


+-----------------------------------------------------------------------------------------------------------------------------------------------------------------------------------------------------------------------------------------------------------------------------------------------+
; Slow 1200mV 0C Model Removal: 'altera_reserved_tck'                                                                                                                                                                                                                                           ;
+-------+--------------------------------------------------------------------------------------------------+-----------------------------------------------------------------------------------------------+---------------------+---------------------+--------------+------------+------------+
; Slack ; From Node                                                                                        ; To Node                                                                                       ; Launch Clock        ; Latch Clock         ; Relationship ; Clock Skew ; Data Delay ;
+-------+--------------------------------------------------------------------------------------------------+-----------------------------------------------------------------------------------------------+---------------------+---------------------+--------------+------------+------------+
; 1.120 ; sld_hub:auto_hub|sld_jtag_hub:\jtag_hub_gen:sld_jtag_hub_inst|virtual_ir_scan_reg                ; sld_hub:auto_hub|sld_jtag_hub:\jtag_hub_gen:sld_jtag_hub_inst|hub_mode_reg[2]                 ; altera_reserved_tck ; altera_reserved_tck ; 0.000        ; 0.071      ; 1.362      ;
; 1.388 ; sld_hub:auto_hub|sld_jtag_hub:\jtag_hub_gen:sld_jtag_hub_inst|sld_shadow_jsm:shadow_jsm|state[0] ; sld_hub:auto_hub|sld_jtag_hub:\jtag_hub_gen:sld_jtag_hub_inst|virtual_dr_scan_reg             ; altera_reserved_tck ; altera_reserved_tck ; 0.000        ; 0.077      ; 1.636      ;
; 1.388 ; sld_hub:auto_hub|sld_jtag_hub:\jtag_hub_gen:sld_jtag_hub_inst|sld_shadow_jsm:shadow_jsm|state[0] ; sld_hub:auto_hub|sld_jtag_hub:\jtag_hub_gen:sld_jtag_hub_inst|virtual_ir_scan_reg             ; altera_reserved_tck ; altera_reserved_tck ; 0.000        ; 0.077      ; 1.636      ;
; 1.388 ; sld_hub:auto_hub|sld_jtag_hub:\jtag_hub_gen:sld_jtag_hub_inst|sld_shadow_jsm:shadow_jsm|state[0] ; sld_hub:auto_hub|sld_jtag_hub:\jtag_hub_gen:sld_jtag_hub_inst|jtag_ir_reg[0]                  ; altera_reserved_tck ; altera_reserved_tck ; 0.000        ; 0.077      ; 1.636      ;
; 1.388 ; sld_hub:auto_hub|sld_jtag_hub:\jtag_hub_gen:sld_jtag_hub_inst|sld_shadow_jsm:shadow_jsm|state[0] ; sld_hub:auto_hub|sld_jtag_hub:\jtag_hub_gen:sld_jtag_hub_inst|jtag_ir_reg[1]                  ; altera_reserved_tck ; altera_reserved_tck ; 0.000        ; 0.077      ; 1.636      ;
; 1.388 ; sld_hub:auto_hub|sld_jtag_hub:\jtag_hub_gen:sld_jtag_hub_inst|sld_shadow_jsm:shadow_jsm|state[0] ; sld_hub:auto_hub|sld_jtag_hub:\jtag_hub_gen:sld_jtag_hub_inst|jtag_ir_reg[2]                  ; altera_reserved_tck ; altera_reserved_tck ; 0.000        ; 0.077      ; 1.636      ;
; 1.388 ; sld_hub:auto_hub|sld_jtag_hub:\jtag_hub_gen:sld_jtag_hub_inst|sld_shadow_jsm:shadow_jsm|state[0] ; sld_hub:auto_hub|sld_jtag_hub:\jtag_hub_gen:sld_jtag_hub_inst|jtag_ir_reg[3]                  ; altera_reserved_tck ; altera_reserved_tck ; 0.000        ; 0.077      ; 1.636      ;
; 1.388 ; sld_hub:auto_hub|sld_jtag_hub:\jtag_hub_gen:sld_jtag_hub_inst|sld_shadow_jsm:shadow_jsm|state[0] ; sld_hub:auto_hub|sld_jtag_hub:\jtag_hub_gen:sld_jtag_hub_inst|jtag_ir_reg[4]                  ; altera_reserved_tck ; altera_reserved_tck ; 0.000        ; 0.077      ; 1.636      ;
; 1.388 ; sld_hub:auto_hub|sld_jtag_hub:\jtag_hub_gen:sld_jtag_hub_inst|sld_shadow_jsm:shadow_jsm|state[0] ; sld_hub:auto_hub|sld_jtag_hub:\jtag_hub_gen:sld_jtag_hub_inst|jtag_ir_reg[5]                  ; altera_reserved_tck ; altera_reserved_tck ; 0.000        ; 0.077      ; 1.636      ;
; 1.388 ; sld_hub:auto_hub|sld_jtag_hub:\jtag_hub_gen:sld_jtag_hub_inst|sld_shadow_jsm:shadow_jsm|state[0] ; sld_hub:auto_hub|sld_jtag_hub:\jtag_hub_gen:sld_jtag_hub_inst|jtag_ir_reg[6]                  ; altera_reserved_tck ; altera_reserved_tck ; 0.000        ; 0.077      ; 1.636      ;
; 1.388 ; sld_hub:auto_hub|sld_jtag_hub:\jtag_hub_gen:sld_jtag_hub_inst|sld_shadow_jsm:shadow_jsm|state[0] ; sld_hub:auto_hub|sld_jtag_hub:\jtag_hub_gen:sld_jtag_hub_inst|jtag_ir_reg[7]                  ; altera_reserved_tck ; altera_reserved_tck ; 0.000        ; 0.077      ; 1.636      ;
; 1.388 ; sld_hub:auto_hub|sld_jtag_hub:\jtag_hub_gen:sld_jtag_hub_inst|sld_shadow_jsm:shadow_jsm|state[0] ; sld_hub:auto_hub|sld_jtag_hub:\jtag_hub_gen:sld_jtag_hub_inst|jtag_ir_reg[8]                  ; altera_reserved_tck ; altera_reserved_tck ; 0.000        ; 0.077      ; 1.636      ;
; 1.388 ; sld_hub:auto_hub|sld_jtag_hub:\jtag_hub_gen:sld_jtag_hub_inst|sld_shadow_jsm:shadow_jsm|state[0] ; sld_hub:auto_hub|sld_jtag_hub:\jtag_hub_gen:sld_jtag_hub_inst|jtag_ir_reg[9]                  ; altera_reserved_tck ; altera_reserved_tck ; 0.000        ; 0.077      ; 1.636      ;
; 3.783 ; sld_hub:auto_hub|sld_jtag_hub:\jtag_hub_gen:sld_jtag_hub_inst|clr_reg                            ; sld_hub:auto_hub|sld_jtag_hub:\jtag_hub_gen:sld_jtag_hub_inst|shadow_irf_reg[3][5]            ; altera_reserved_tck ; altera_reserved_tck ; 0.000        ; 0.049      ; 4.003      ;
; 3.783 ; sld_hub:auto_hub|sld_jtag_hub:\jtag_hub_gen:sld_jtag_hub_inst|clr_reg                            ; sld_hub:auto_hub|sld_jtag_hub:\jtag_hub_gen:sld_jtag_hub_inst|irf_reg[3][5]                   ; altera_reserved_tck ; altera_reserved_tck ; 0.000        ; 0.049      ; 4.003      ;
; 3.783 ; sld_hub:auto_hub|sld_jtag_hub:\jtag_hub_gen:sld_jtag_hub_inst|clr_reg                            ; sld_hub:auto_hub|sld_jtag_hub:\jtag_hub_gen:sld_jtag_hub_inst|shadow_irf_reg[3][4]            ; altera_reserved_tck ; altera_reserved_tck ; 0.000        ; 0.049      ; 4.003      ;
; 3.783 ; sld_hub:auto_hub|sld_jtag_hub:\jtag_hub_gen:sld_jtag_hub_inst|clr_reg                            ; sld_hub:auto_hub|sld_jtag_hub:\jtag_hub_gen:sld_jtag_hub_inst|irf_reg[3][4]                   ; altera_reserved_tck ; altera_reserved_tck ; 0.000        ; 0.049      ; 4.003      ;
; 3.783 ; sld_hub:auto_hub|sld_jtag_hub:\jtag_hub_gen:sld_jtag_hub_inst|clr_reg                            ; sld_hub:auto_hub|sld_jtag_hub:\jtag_hub_gen:sld_jtag_hub_inst|shadow_irf_reg[3][3]            ; altera_reserved_tck ; altera_reserved_tck ; 0.000        ; 0.049      ; 4.003      ;
; 3.783 ; sld_hub:auto_hub|sld_jtag_hub:\jtag_hub_gen:sld_jtag_hub_inst|clr_reg                            ; sld_hub:auto_hub|sld_jtag_hub:\jtag_hub_gen:sld_jtag_hub_inst|irf_reg[3][3]                   ; altera_reserved_tck ; altera_reserved_tck ; 0.000        ; 0.049      ; 4.003      ;
; 3.783 ; sld_hub:auto_hub|sld_jtag_hub:\jtag_hub_gen:sld_jtag_hub_inst|clr_reg                            ; sld_hub:auto_hub|sld_jtag_hub:\jtag_hub_gen:sld_jtag_hub_inst|shadow_irf_reg[3][2]            ; altera_reserved_tck ; altera_reserved_tck ; 0.000        ; 0.049      ; 4.003      ;
; 3.783 ; sld_hub:auto_hub|sld_jtag_hub:\jtag_hub_gen:sld_jtag_hub_inst|clr_reg                            ; sld_hub:auto_hub|sld_jtag_hub:\jtag_hub_gen:sld_jtag_hub_inst|irf_reg[3][2]                   ; altera_reserved_tck ; altera_reserved_tck ; 0.000        ; 0.049      ; 4.003      ;
; 3.783 ; sld_hub:auto_hub|sld_jtag_hub:\jtag_hub_gen:sld_jtag_hub_inst|clr_reg                            ; sld_hub:auto_hub|sld_jtag_hub:\jtag_hub_gen:sld_jtag_hub_inst|shadow_irf_reg[3][1]            ; altera_reserved_tck ; altera_reserved_tck ; 0.000        ; 0.049      ; 4.003      ;
; 3.783 ; sld_hub:auto_hub|sld_jtag_hub:\jtag_hub_gen:sld_jtag_hub_inst|clr_reg                            ; sld_hub:auto_hub|sld_jtag_hub:\jtag_hub_gen:sld_jtag_hub_inst|irf_reg[3][1]                   ; altera_reserved_tck ; altera_reserved_tck ; 0.000        ; 0.049      ; 4.003      ;
; 3.783 ; sld_hub:auto_hub|sld_jtag_hub:\jtag_hub_gen:sld_jtag_hub_inst|clr_reg                            ; sld_hub:auto_hub|sld_jtag_hub:\jtag_hub_gen:sld_jtag_hub_inst|shadow_irf_reg[1][5]            ; altera_reserved_tck ; altera_reserved_tck ; 0.000        ; 0.050      ; 4.004      ;
; 3.783 ; sld_hub:auto_hub|sld_jtag_hub:\jtag_hub_gen:sld_jtag_hub_inst|clr_reg                            ; sld_hub:auto_hub|sld_jtag_hub:\jtag_hub_gen:sld_jtag_hub_inst|irf_reg[1][5]                   ; altera_reserved_tck ; altera_reserved_tck ; 0.000        ; 0.050      ; 4.004      ;
; 3.783 ; sld_hub:auto_hub|sld_jtag_hub:\jtag_hub_gen:sld_jtag_hub_inst|clr_reg                            ; sld_hub:auto_hub|sld_jtag_hub:\jtag_hub_gen:sld_jtag_hub_inst|shadow_irf_reg[1][4]            ; altera_reserved_tck ; altera_reserved_tck ; 0.000        ; 0.050      ; 4.004      ;
; 3.783 ; sld_hub:auto_hub|sld_jtag_hub:\jtag_hub_gen:sld_jtag_hub_inst|clr_reg                            ; sld_hub:auto_hub|sld_jtag_hub:\jtag_hub_gen:sld_jtag_hub_inst|irf_reg[1][4]                   ; altera_reserved_tck ; altera_reserved_tck ; 0.000        ; 0.050      ; 4.004      ;
; 3.783 ; sld_hub:auto_hub|sld_jtag_hub:\jtag_hub_gen:sld_jtag_hub_inst|clr_reg                            ; sld_hub:auto_hub|sld_jtag_hub:\jtag_hub_gen:sld_jtag_hub_inst|shadow_irf_reg[1][3]            ; altera_reserved_tck ; altera_reserved_tck ; 0.000        ; 0.050      ; 4.004      ;
; 3.783 ; sld_hub:auto_hub|sld_jtag_hub:\jtag_hub_gen:sld_jtag_hub_inst|clr_reg                            ; sld_hub:auto_hub|sld_jtag_hub:\jtag_hub_gen:sld_jtag_hub_inst|irf_reg[1][3]                   ; altera_reserved_tck ; altera_reserved_tck ; 0.000        ; 0.050      ; 4.004      ;
; 3.783 ; sld_hub:auto_hub|sld_jtag_hub:\jtag_hub_gen:sld_jtag_hub_inst|clr_reg                            ; sld_hub:auto_hub|sld_jtag_hub:\jtag_hub_gen:sld_jtag_hub_inst|shadow_irf_reg[1][2]            ; altera_reserved_tck ; altera_reserved_tck ; 0.000        ; 0.050      ; 4.004      ;
; 3.783 ; sld_hub:auto_hub|sld_jtag_hub:\jtag_hub_gen:sld_jtag_hub_inst|clr_reg                            ; sld_hub:auto_hub|sld_jtag_hub:\jtag_hub_gen:sld_jtag_hub_inst|irf_reg[1][2]                   ; altera_reserved_tck ; altera_reserved_tck ; 0.000        ; 0.050      ; 4.004      ;
; 3.783 ; sld_hub:auto_hub|sld_jtag_hub:\jtag_hub_gen:sld_jtag_hub_inst|clr_reg                            ; sld_hub:auto_hub|sld_jtag_hub:\jtag_hub_gen:sld_jtag_hub_inst|irf_reg[3][0]                   ; altera_reserved_tck ; altera_reserved_tck ; 0.000        ; 0.049      ; 4.003      ;
; 3.783 ; sld_hub:auto_hub|sld_jtag_hub:\jtag_hub_gen:sld_jtag_hub_inst|clr_reg                            ; sld_hub:auto_hub|sld_jtag_hub:\jtag_hub_gen:sld_jtag_hub_inst|shadow_irf_reg[3][0]            ; altera_reserved_tck ; altera_reserved_tck ; 0.000        ; 0.049      ; 4.003      ;
; 3.783 ; sld_hub:auto_hub|sld_jtag_hub:\jtag_hub_gen:sld_jtag_hub_inst|clr_reg                            ; sld_hub:auto_hub|sld_jtag_hub:\jtag_hub_gen:sld_jtag_hub_inst|irf_reg[1][0]                   ; altera_reserved_tck ; altera_reserved_tck ; 0.000        ; 0.050      ; 4.004      ;
; 3.783 ; sld_hub:auto_hub|sld_jtag_hub:\jtag_hub_gen:sld_jtag_hub_inst|clr_reg                            ; sld_hub:auto_hub|sld_jtag_hub:\jtag_hub_gen:sld_jtag_hub_inst|irf_reg[1][1]                   ; altera_reserved_tck ; altera_reserved_tck ; 0.000        ; 0.050      ; 4.004      ;
; 3.783 ; sld_hub:auto_hub|sld_jtag_hub:\jtag_hub_gen:sld_jtag_hub_inst|clr_reg                            ; sld_hub:auto_hub|sld_jtag_hub:\jtag_hub_gen:sld_jtag_hub_inst|shadow_irf_reg[1][0]            ; altera_reserved_tck ; altera_reserved_tck ; 0.000        ; 0.050      ; 4.004      ;
; 3.783 ; sld_hub:auto_hub|sld_jtag_hub:\jtag_hub_gen:sld_jtag_hub_inst|clr_reg                            ; sld_hub:auto_hub|sld_jtag_hub:\jtag_hub_gen:sld_jtag_hub_inst|shadow_irf_reg[1][1]            ; altera_reserved_tck ; altera_reserved_tck ; 0.000        ; 0.050      ; 4.004      ;
; 3.783 ; sld_hub:auto_hub|sld_jtag_hub:\jtag_hub_gen:sld_jtag_hub_inst|clr_reg                            ; sld_hub:auto_hub|sld_jtag_hub:\jtag_hub_gen:sld_jtag_hub_inst|irsr_reg[5]                     ; altera_reserved_tck ; altera_reserved_tck ; 0.000        ; 0.051      ; 4.005      ;
; 3.783 ; sld_hub:auto_hub|sld_jtag_hub:\jtag_hub_gen:sld_jtag_hub_inst|clr_reg                            ; sld_hub:auto_hub|sld_jtag_hub:\jtag_hub_gen:sld_jtag_hub_inst|irsr_reg[2]                     ; altera_reserved_tck ; altera_reserved_tck ; 0.000        ; 0.051      ; 4.005      ;
; 3.783 ; sld_hub:auto_hub|sld_jtag_hub:\jtag_hub_gen:sld_jtag_hub_inst|clr_reg                            ; sld_hub:auto_hub|sld_jtag_hub:\jtag_hub_gen:sld_jtag_hub_inst|irsr_reg[0]                     ; altera_reserved_tck ; altera_reserved_tck ; 0.000        ; 0.051      ; 4.005      ;
; 3.783 ; sld_hub:auto_hub|sld_jtag_hub:\jtag_hub_gen:sld_jtag_hub_inst|clr_reg                            ; sld_hub:auto_hub|sld_jtag_hub:\jtag_hub_gen:sld_jtag_hub_inst|irsr_reg[4]                     ; altera_reserved_tck ; altera_reserved_tck ; 0.000        ; 0.051      ; 4.005      ;
; 3.783 ; sld_hub:auto_hub|sld_jtag_hub:\jtag_hub_gen:sld_jtag_hub_inst|clr_reg                            ; sld_hub:auto_hub|sld_jtag_hub:\jtag_hub_gen:sld_jtag_hub_inst|irsr_reg[3]                     ; altera_reserved_tck ; altera_reserved_tck ; 0.000        ; 0.051      ; 4.005      ;
; 3.783 ; sld_hub:auto_hub|sld_jtag_hub:\jtag_hub_gen:sld_jtag_hub_inst|clr_reg                            ; sld_hub:auto_hub|sld_jtag_hub:\jtag_hub_gen:sld_jtag_hub_inst|irsr_reg[1]                     ; altera_reserved_tck ; altera_reserved_tck ; 0.000        ; 0.051      ; 4.005      ;
; 3.783 ; sld_hub:auto_hub|sld_jtag_hub:\jtag_hub_gen:sld_jtag_hub_inst|clr_reg                            ; sld_hub:auto_hub|sld_jtag_hub:\jtag_hub_gen:sld_jtag_hub_inst|hub_mode_reg[1]                 ; altera_reserved_tck ; altera_reserved_tck ; 0.000        ; 0.050      ; 4.004      ;
; 3.783 ; sld_hub:auto_hub|sld_jtag_hub:\jtag_hub_gen:sld_jtag_hub_inst|clr_reg                            ; sld_hub:auto_hub|sld_jtag_hub:\jtag_hub_gen:sld_jtag_hub_inst|hub_mode_reg[0]                 ; altera_reserved_tck ; altera_reserved_tck ; 0.000        ; 0.050      ; 4.004      ;
; 3.783 ; sld_hub:auto_hub|sld_jtag_hub:\jtag_hub_gen:sld_jtag_hub_inst|clr_reg                            ; MPSoC:inst1|MPSoC_jtag0:jtag0|alt_jtag_atlantic:MPSoC_jtag0_alt_jtag_atlantic|count[2]        ; altera_reserved_tck ; altera_reserved_tck ; 0.000        ; 0.086      ; 4.040      ;
; 3.783 ; sld_hub:auto_hub|sld_jtag_hub:\jtag_hub_gen:sld_jtag_hub_inst|clr_reg                            ; MPSoC:inst1|MPSoC_jtag0:jtag0|alt_jtag_atlantic:MPSoC_jtag0_alt_jtag_atlantic|count[3]        ; altera_reserved_tck ; altera_reserved_tck ; 0.000        ; 0.086      ; 4.040      ;
; 3.783 ; sld_hub:auto_hub|sld_jtag_hub:\jtag_hub_gen:sld_jtag_hub_inst|clr_reg                            ; MPSoC:inst1|MPSoC_jtag0:jtag0|alt_jtag_atlantic:MPSoC_jtag0_alt_jtag_atlantic|count[4]        ; altera_reserved_tck ; altera_reserved_tck ; 0.000        ; 0.086      ; 4.040      ;
; 3.783 ; sld_hub:auto_hub|sld_jtag_hub:\jtag_hub_gen:sld_jtag_hub_inst|clr_reg                            ; MPSoC:inst1|MPSoC_jtag0:jtag0|alt_jtag_atlantic:MPSoC_jtag0_alt_jtag_atlantic|count[5]        ; altera_reserved_tck ; altera_reserved_tck ; 0.000        ; 0.086      ; 4.040      ;
; 3.783 ; sld_hub:auto_hub|sld_jtag_hub:\jtag_hub_gen:sld_jtag_hub_inst|clr_reg                            ; MPSoC:inst1|MPSoC_jtag0:jtag0|alt_jtag_atlantic:MPSoC_jtag0_alt_jtag_atlantic|count[6]        ; altera_reserved_tck ; altera_reserved_tck ; 0.000        ; 0.086      ; 4.040      ;
; 3.783 ; sld_hub:auto_hub|sld_jtag_hub:\jtag_hub_gen:sld_jtag_hub_inst|clr_reg                            ; MPSoC:inst1|MPSoC_jtag0:jtag0|alt_jtag_atlantic:MPSoC_jtag0_alt_jtag_atlantic|count[7]        ; altera_reserved_tck ; altera_reserved_tck ; 0.000        ; 0.086      ; 4.040      ;
; 3.783 ; sld_hub:auto_hub|sld_jtag_hub:\jtag_hub_gen:sld_jtag_hub_inst|clr_reg                            ; MPSoC:inst1|MPSoC_jtag0:jtag0|alt_jtag_atlantic:MPSoC_jtag0_alt_jtag_atlantic|count[8]        ; altera_reserved_tck ; altera_reserved_tck ; 0.000        ; 0.086      ; 4.040      ;
; 3.783 ; sld_hub:auto_hub|sld_jtag_hub:\jtag_hub_gen:sld_jtag_hub_inst|clr_reg                            ; MPSoC:inst1|MPSoC_jtag0:jtag0|alt_jtag_atlantic:MPSoC_jtag0_alt_jtag_atlantic|state           ; altera_reserved_tck ; altera_reserved_tck ; 0.000        ; 0.092      ; 4.046      ;
; 3.783 ; sld_hub:auto_hub|sld_jtag_hub:\jtag_hub_gen:sld_jtag_hub_inst|clr_reg                            ; MPSoC:inst1|MPSoC_jtag0:jtag0|alt_jtag_atlantic:MPSoC_jtag0_alt_jtag_atlantic|count[9]        ; altera_reserved_tck ; altera_reserved_tck ; 0.000        ; 0.086      ; 4.040      ;
; 3.783 ; sld_hub:auto_hub|sld_jtag_hub:\jtag_hub_gen:sld_jtag_hub_inst|clr_reg                            ; MPSoC:inst1|MPSoC_jtag0:jtag0|alt_jtag_atlantic:MPSoC_jtag0_alt_jtag_atlantic|count[0]        ; altera_reserved_tck ; altera_reserved_tck ; 0.000        ; 0.092      ; 4.046      ;
; 3.783 ; sld_hub:auto_hub|sld_jtag_hub:\jtag_hub_gen:sld_jtag_hub_inst|clr_reg                            ; MPSoC:inst1|MPSoC_jtag0:jtag0|alt_jtag_atlantic:MPSoC_jtag0_alt_jtag_atlantic|count[1]        ; altera_reserved_tck ; altera_reserved_tck ; 0.000        ; 0.092      ; 4.046      ;
; 3.783 ; sld_hub:auto_hub|sld_jtag_hub:\jtag_hub_gen:sld_jtag_hub_inst|clr_reg                            ; MPSoC:inst1|MPSoC_jtag0:jtag0|alt_jtag_atlantic:MPSoC_jtag0_alt_jtag_atlantic|td_shift[10]    ; altera_reserved_tck ; altera_reserved_tck ; 0.000        ; 0.092      ; 4.046      ;
; 3.783 ; sld_hub:auto_hub|sld_jtag_hub:\jtag_hub_gen:sld_jtag_hub_inst|clr_reg                            ; MPSoC:inst1|MPSoC_jtag0:jtag0|alt_jtag_atlantic:MPSoC_jtag0_alt_jtag_atlantic|td_shift[9]     ; altera_reserved_tck ; altera_reserved_tck ; 0.000        ; 0.087      ; 4.041      ;
; 3.783 ; sld_hub:auto_hub|sld_jtag_hub:\jtag_hub_gen:sld_jtag_hub_inst|clr_reg                            ; MPSoC:inst1|MPSoC_jtag0:jtag0|alt_jtag_atlantic:MPSoC_jtag0_alt_jtag_atlantic|td_shift[8]     ; altera_reserved_tck ; altera_reserved_tck ; 0.000        ; 0.087      ; 4.041      ;
; 3.783 ; sld_hub:auto_hub|sld_jtag_hub:\jtag_hub_gen:sld_jtag_hub_inst|clr_reg                            ; MPSoC:inst1|MPSoC_jtag0:jtag0|alt_jtag_atlantic:MPSoC_jtag0_alt_jtag_atlantic|td_shift[7]     ; altera_reserved_tck ; altera_reserved_tck ; 0.000        ; 0.087      ; 4.041      ;
; 3.783 ; sld_hub:auto_hub|sld_jtag_hub:\jtag_hub_gen:sld_jtag_hub_inst|clr_reg                            ; MPSoC:inst1|MPSoC_jtag0:jtag0|alt_jtag_atlantic:MPSoC_jtag0_alt_jtag_atlantic|td_shift[6]     ; altera_reserved_tck ; altera_reserved_tck ; 0.000        ; 0.087      ; 4.041      ;
; 3.783 ; sld_hub:auto_hub|sld_jtag_hub:\jtag_hub_gen:sld_jtag_hub_inst|clr_reg                            ; MPSoC:inst1|MPSoC_jtag0:jtag0|alt_jtag_atlantic:MPSoC_jtag0_alt_jtag_atlantic|td_shift[5]     ; altera_reserved_tck ; altera_reserved_tck ; 0.000        ; 0.087      ; 4.041      ;
; 3.783 ; sld_hub:auto_hub|sld_jtag_hub:\jtag_hub_gen:sld_jtag_hub_inst|clr_reg                            ; MPSoC:inst1|MPSoC_jtag0:jtag0|alt_jtag_atlantic:MPSoC_jtag0_alt_jtag_atlantic|td_shift[4]     ; altera_reserved_tck ; altera_reserved_tck ; 0.000        ; 0.086      ; 4.040      ;
; 3.783 ; sld_hub:auto_hub|sld_jtag_hub:\jtag_hub_gen:sld_jtag_hub_inst|clr_reg                            ; MPSoC:inst1|MPSoC_jtag0:jtag0|alt_jtag_atlantic:MPSoC_jtag0_alt_jtag_atlantic|td_shift[3]     ; altera_reserved_tck ; altera_reserved_tck ; 0.000        ; 0.086      ; 4.040      ;
; 3.783 ; sld_hub:auto_hub|sld_jtag_hub:\jtag_hub_gen:sld_jtag_hub_inst|clr_reg                            ; MPSoC:inst1|MPSoC_jtag0:jtag0|alt_jtag_atlantic:MPSoC_jtag0_alt_jtag_atlantic|td_shift[2]     ; altera_reserved_tck ; altera_reserved_tck ; 0.000        ; 0.086      ; 4.040      ;
; 3.783 ; sld_hub:auto_hub|sld_jtag_hub:\jtag_hub_gen:sld_jtag_hub_inst|clr_reg                            ; MPSoC:inst1|MPSoC_jtag0:jtag0|alt_jtag_atlantic:MPSoC_jtag0_alt_jtag_atlantic|tck_t_dav       ; altera_reserved_tck ; altera_reserved_tck ; 0.000        ; 0.092      ; 4.046      ;
; 3.783 ; sld_hub:auto_hub|sld_jtag_hub:\jtag_hub_gen:sld_jtag_hub_inst|clr_reg                            ; MPSoC:inst1|MPSoC_jtag0:jtag0|alt_jtag_atlantic:MPSoC_jtag0_alt_jtag_atlantic|td_shift[1]     ; altera_reserved_tck ; altera_reserved_tck ; 0.000        ; 0.086      ; 4.040      ;
; 3.783 ; sld_hub:auto_hub|sld_jtag_hub:\jtag_hub_gen:sld_jtag_hub_inst|clr_reg                            ; MPSoC:inst1|MPSoC_jtag0:jtag0|alt_jtag_atlantic:MPSoC_jtag0_alt_jtag_atlantic|td_shift[0]     ; altera_reserved_tck ; altera_reserved_tck ; 0.000        ; 0.092      ; 4.046      ;
; 3.783 ; sld_hub:auto_hub|sld_jtag_hub:\jtag_hub_gen:sld_jtag_hub_inst|clr_reg                            ; MPSoC:inst1|MPSoC_jtag0:jtag0|alt_jtag_atlantic:MPSoC_jtag0_alt_jtag_atlantic|user_saw_rvalid ; altera_reserved_tck ; altera_reserved_tck ; 0.000        ; 0.092      ; 4.046      ;
; 3.783 ; sld_hub:auto_hub|sld_jtag_hub:\jtag_hub_gen:sld_jtag_hub_inst|clr_reg                            ; MPSoC:inst1|MPSoC_jtag0:jtag0|alt_jtag_atlantic:MPSoC_jtag0_alt_jtag_atlantic|wdata[7]        ; altera_reserved_tck ; altera_reserved_tck ; 0.000        ; 0.087      ; 4.041      ;
; 3.783 ; sld_hub:auto_hub|sld_jtag_hub:\jtag_hub_gen:sld_jtag_hub_inst|clr_reg                            ; MPSoC:inst1|MPSoC_jtag0:jtag0|alt_jtag_atlantic:MPSoC_jtag0_alt_jtag_atlantic|wdata[6]        ; altera_reserved_tck ; altera_reserved_tck ; 0.000        ; 0.087      ; 4.041      ;
; 3.783 ; sld_hub:auto_hub|sld_jtag_hub:\jtag_hub_gen:sld_jtag_hub_inst|clr_reg                            ; MPSoC:inst1|MPSoC_jtag0:jtag0|alt_jtag_atlantic:MPSoC_jtag0_alt_jtag_atlantic|wdata[5]        ; altera_reserved_tck ; altera_reserved_tck ; 0.000        ; 0.087      ; 4.041      ;
; 3.783 ; sld_hub:auto_hub|sld_jtag_hub:\jtag_hub_gen:sld_jtag_hub_inst|clr_reg                            ; MPSoC:inst1|MPSoC_jtag0:jtag0|alt_jtag_atlantic:MPSoC_jtag0_alt_jtag_atlantic|wdata[4]        ; altera_reserved_tck ; altera_reserved_tck ; 0.000        ; 0.087      ; 4.041      ;
; 3.783 ; sld_hub:auto_hub|sld_jtag_hub:\jtag_hub_gen:sld_jtag_hub_inst|clr_reg                            ; MPSoC:inst1|MPSoC_jtag0:jtag0|alt_jtag_atlantic:MPSoC_jtag0_alt_jtag_atlantic|wdata[3]        ; altera_reserved_tck ; altera_reserved_tck ; 0.000        ; 0.087      ; 4.041      ;
; 3.783 ; sld_hub:auto_hub|sld_jtag_hub:\jtag_hub_gen:sld_jtag_hub_inst|clr_reg                            ; MPSoC:inst1|MPSoC_jtag0:jtag0|alt_jtag_atlantic:MPSoC_jtag0_alt_jtag_atlantic|wdata[2]        ; altera_reserved_tck ; altera_reserved_tck ; 0.000        ; 0.087      ; 4.041      ;
; 3.783 ; sld_hub:auto_hub|sld_jtag_hub:\jtag_hub_gen:sld_jtag_hub_inst|clr_reg                            ; MPSoC:inst1|MPSoC_jtag0:jtag0|alt_jtag_atlantic:MPSoC_jtag0_alt_jtag_atlantic|wdata[1]        ; altera_reserved_tck ; altera_reserved_tck ; 0.000        ; 0.087      ; 4.041      ;
; 3.783 ; sld_hub:auto_hub|sld_jtag_hub:\jtag_hub_gen:sld_jtag_hub_inst|clr_reg                            ; MPSoC:inst1|MPSoC_jtag0:jtag1|alt_jtag_atlantic:MPSoC_jtag0_alt_jtag_atlantic|tck_t_dav       ; altera_reserved_tck ; altera_reserved_tck ; 0.000        ; 0.044      ; 3.998      ;
; 3.784 ; sld_hub:auto_hub|sld_jtag_hub:\jtag_hub_gen:sld_jtag_hub_inst|clr_reg                            ; sld_hub:auto_hub|sld_jtag_hub:\jtag_hub_gen:sld_jtag_hub_inst|irsr_reg[6]                     ; altera_reserved_tck ; altera_reserved_tck ; 0.000        ; 0.055      ; 4.010      ;
; 3.784 ; sld_hub:auto_hub|sld_jtag_hub:\jtag_hub_gen:sld_jtag_hub_inst|clr_reg                            ; sld_hub:auto_hub|sld_jtag_hub:\jtag_hub_gen:sld_jtag_hub_inst|irsr_reg[8]                     ; altera_reserved_tck ; altera_reserved_tck ; 0.000        ; 0.055      ; 4.010      ;
; 3.784 ; sld_hub:auto_hub|sld_jtag_hub:\jtag_hub_gen:sld_jtag_hub_inst|clr_reg                            ; sld_hub:auto_hub|sld_jtag_hub:\jtag_hub_gen:sld_jtag_hub_inst|irsr_reg[7]                     ; altera_reserved_tck ; altera_reserved_tck ; 0.000        ; 0.055      ; 4.010      ;
; 3.784 ; sld_hub:auto_hub|sld_jtag_hub:\jtag_hub_gen:sld_jtag_hub_inst|clr_reg                            ; MPSoC:inst1|MPSoC_jtag0:jtag1|alt_jtag_atlantic:MPSoC_jtag0_alt_jtag_atlantic|state           ; altera_reserved_tck ; altera_reserved_tck ; 0.000        ; 0.049      ; 4.004      ;
; 3.784 ; sld_hub:auto_hub|sld_jtag_hub:\jtag_hub_gen:sld_jtag_hub_inst|clr_reg                            ; MPSoC:inst1|MPSoC_jtag0:jtag1|alt_jtag_atlantic:MPSoC_jtag0_alt_jtag_atlantic|user_saw_rvalid ; altera_reserved_tck ; altera_reserved_tck ; 0.000        ; 0.049      ; 4.004      ;
; 3.785 ; sld_hub:auto_hub|sld_jtag_hub:\jtag_hub_gen:sld_jtag_hub_inst|clr_reg                            ; sld_hub:auto_hub|sld_jtag_hub:\jtag_hub_gen:sld_jtag_hub_inst|shadow_irf_reg[4][5]            ; altera_reserved_tck ; altera_reserved_tck ; 0.000        ; 0.056      ; 4.012      ;
; 3.785 ; sld_hub:auto_hub|sld_jtag_hub:\jtag_hub_gen:sld_jtag_hub_inst|clr_reg                            ; sld_hub:auto_hub|sld_jtag_hub:\jtag_hub_gen:sld_jtag_hub_inst|irf_reg[4][5]                   ; altera_reserved_tck ; altera_reserved_tck ; 0.000        ; 0.056      ; 4.012      ;
; 3.785 ; sld_hub:auto_hub|sld_jtag_hub:\jtag_hub_gen:sld_jtag_hub_inst|clr_reg                            ; sld_hub:auto_hub|sld_jtag_hub:\jtag_hub_gen:sld_jtag_hub_inst|shadow_irf_reg[4][4]            ; altera_reserved_tck ; altera_reserved_tck ; 0.000        ; 0.056      ; 4.012      ;
; 3.785 ; sld_hub:auto_hub|sld_jtag_hub:\jtag_hub_gen:sld_jtag_hub_inst|clr_reg                            ; sld_hub:auto_hub|sld_jtag_hub:\jtag_hub_gen:sld_jtag_hub_inst|irf_reg[4][4]                   ; altera_reserved_tck ; altera_reserved_tck ; 0.000        ; 0.056      ; 4.012      ;
; 3.785 ; sld_hub:auto_hub|sld_jtag_hub:\jtag_hub_gen:sld_jtag_hub_inst|clr_reg                            ; sld_hub:auto_hub|sld_jtag_hub:\jtag_hub_gen:sld_jtag_hub_inst|shadow_irf_reg[4][3]            ; altera_reserved_tck ; altera_reserved_tck ; 0.000        ; 0.056      ; 4.012      ;
; 3.785 ; sld_hub:auto_hub|sld_jtag_hub:\jtag_hub_gen:sld_jtag_hub_inst|clr_reg                            ; sld_hub:auto_hub|sld_jtag_hub:\jtag_hub_gen:sld_jtag_hub_inst|irf_reg[4][3]                   ; altera_reserved_tck ; altera_reserved_tck ; 0.000        ; 0.056      ; 4.012      ;
; 3.785 ; sld_hub:auto_hub|sld_jtag_hub:\jtag_hub_gen:sld_jtag_hub_inst|clr_reg                            ; sld_hub:auto_hub|sld_jtag_hub:\jtag_hub_gen:sld_jtag_hub_inst|shadow_irf_reg[4][2]            ; altera_reserved_tck ; altera_reserved_tck ; 0.000        ; 0.056      ; 4.012      ;
; 3.785 ; sld_hub:auto_hub|sld_jtag_hub:\jtag_hub_gen:sld_jtag_hub_inst|clr_reg                            ; sld_hub:auto_hub|sld_jtag_hub:\jtag_hub_gen:sld_jtag_hub_inst|irf_reg[4][2]                   ; altera_reserved_tck ; altera_reserved_tck ; 0.000        ; 0.056      ; 4.012      ;
; 3.785 ; sld_hub:auto_hub|sld_jtag_hub:\jtag_hub_gen:sld_jtag_hub_inst|clr_reg                            ; sld_hub:auto_hub|sld_jtag_hub:\jtag_hub_gen:sld_jtag_hub_inst|shadow_irf_reg[4][1]            ; altera_reserved_tck ; altera_reserved_tck ; 0.000        ; 0.056      ; 4.012      ;
; 3.785 ; sld_hub:auto_hub|sld_jtag_hub:\jtag_hub_gen:sld_jtag_hub_inst|clr_reg                            ; sld_hub:auto_hub|sld_jtag_hub:\jtag_hub_gen:sld_jtag_hub_inst|irf_reg[4][1]                   ; altera_reserved_tck ; altera_reserved_tck ; 0.000        ; 0.056      ; 4.012      ;
; 3.785 ; sld_hub:auto_hub|sld_jtag_hub:\jtag_hub_gen:sld_jtag_hub_inst|clr_reg                            ; sld_hub:auto_hub|sld_jtag_hub:\jtag_hub_gen:sld_jtag_hub_inst|shadow_irf_reg[2][5]            ; altera_reserved_tck ; altera_reserved_tck ; 0.000        ; 0.057      ; 4.013      ;
; 3.785 ; sld_hub:auto_hub|sld_jtag_hub:\jtag_hub_gen:sld_jtag_hub_inst|clr_reg                            ; sld_hub:auto_hub|sld_jtag_hub:\jtag_hub_gen:sld_jtag_hub_inst|irf_reg[2][5]                   ; altera_reserved_tck ; altera_reserved_tck ; 0.000        ; 0.057      ; 4.013      ;
; 3.785 ; sld_hub:auto_hub|sld_jtag_hub:\jtag_hub_gen:sld_jtag_hub_inst|clr_reg                            ; sld_hub:auto_hub|sld_jtag_hub:\jtag_hub_gen:sld_jtag_hub_inst|shadow_irf_reg[2][4]            ; altera_reserved_tck ; altera_reserved_tck ; 0.000        ; 0.057      ; 4.013      ;
; 3.785 ; sld_hub:auto_hub|sld_jtag_hub:\jtag_hub_gen:sld_jtag_hub_inst|clr_reg                            ; sld_hub:auto_hub|sld_jtag_hub:\jtag_hub_gen:sld_jtag_hub_inst|irf_reg[2][4]                   ; altera_reserved_tck ; altera_reserved_tck ; 0.000        ; 0.057      ; 4.013      ;
; 3.785 ; sld_hub:auto_hub|sld_jtag_hub:\jtag_hub_gen:sld_jtag_hub_inst|clr_reg                            ; sld_hub:auto_hub|sld_jtag_hub:\jtag_hub_gen:sld_jtag_hub_inst|shadow_irf_reg[2][3]            ; altera_reserved_tck ; altera_reserved_tck ; 0.000        ; 0.057      ; 4.013      ;
; 3.785 ; sld_hub:auto_hub|sld_jtag_hub:\jtag_hub_gen:sld_jtag_hub_inst|clr_reg                            ; sld_hub:auto_hub|sld_jtag_hub:\jtag_hub_gen:sld_jtag_hub_inst|irf_reg[2][3]                   ; altera_reserved_tck ; altera_reserved_tck ; 0.000        ; 0.057      ; 4.013      ;
; 3.785 ; sld_hub:auto_hub|sld_jtag_hub:\jtag_hub_gen:sld_jtag_hub_inst|clr_reg                            ; sld_hub:auto_hub|sld_jtag_hub:\jtag_hub_gen:sld_jtag_hub_inst|shadow_irf_reg[2][2]            ; altera_reserved_tck ; altera_reserved_tck ; 0.000        ; 0.057      ; 4.013      ;
; 3.785 ; sld_hub:auto_hub|sld_jtag_hub:\jtag_hub_gen:sld_jtag_hub_inst|clr_reg                            ; sld_hub:auto_hub|sld_jtag_hub:\jtag_hub_gen:sld_jtag_hub_inst|irf_reg[2][2]                   ; altera_reserved_tck ; altera_reserved_tck ; 0.000        ; 0.057      ; 4.013      ;
+-------+--------------------------------------------------------------------------------------------------+-----------------------------------------------------------------------------------------------+---------------------+---------------------+--------------+------------+------------+


+-------------------------------------------------------------------------------------------------------------------------------------------------------------------------------------------------------------------------------------------------------------------------------------------------------------------------------------------------------------------------------------------+
; Slow 1200mV 0C Model Minimum Pulse Width: 'altera_reserved_tck'                                                                                                                                                                                                                                                                                                                           ;
+--------+--------------+----------------+------------------+---------------------+------------+--------------------------------------------------------------------------------------------------------------------------------------------------------------------------------------------------------------------------------------------------------------------------------------------+
; Slack  ; Actual Width ; Required Width ; Type             ; Clock               ; Clock Edge ; Target                                                                                                                                                                                                                                                                                     ;
+--------+--------------+----------------+------------------+---------------------+------------+--------------------------------------------------------------------------------------------------------------------------------------------------------------------------------------------------------------------------------------------------------------------------------------------+
; 49.577 ; 49.795       ; 0.218          ; High Pulse Width ; altera_reserved_tck ; Fall       ; MPSoC:inst1|MPSoC_jtag0:jtag0|alt_jtag_atlantic:MPSoC_jtag0_alt_jtag_atlantic|jupdate                                                                                                                                                                                                      ;
; 49.577 ; 49.795       ; 0.218          ; High Pulse Width ; altera_reserved_tck ; Fall       ; MPSoC:inst1|MPSoC_jtag0:jtag0|alt_jtag_atlantic:MPSoC_jtag0_alt_jtag_atlantic|tdo~reg0                                                                                                                                                                                                     ;
; 49.578 ; 49.796       ; 0.218          ; High Pulse Width ; altera_reserved_tck ; Fall       ; MPSoC:inst1|MPSoC_jtag0:jtag1|alt_jtag_atlantic:MPSoC_jtag0_alt_jtag_atlantic|jupdate                                                                                                                                                                                                      ;
; 49.578 ; 49.796       ; 0.218          ; High Pulse Width ; altera_reserved_tck ; Fall       ; MPSoC:inst1|MPSoC_jtag0:jtag1|alt_jtag_atlantic:MPSoC_jtag0_alt_jtag_atlantic|tdo~reg0                                                                                                                                                                                                     ;
; 49.578 ; 49.796       ; 0.218          ; High Pulse Width ; altera_reserved_tck ; Fall       ; sld_hub:auto_hub|sld_jtag_hub:\jtag_hub_gen:sld_jtag_hub_inst|tdo                                                                                                                                                                                                                          ;
; 49.620 ; 49.806       ; 0.186          ; Low Pulse Width  ; altera_reserved_tck ; Rise       ; MPSoC:inst1|MPSoC_cpu1:cpu1|MPSoC_cpu1_nios2_oci:the_MPSoC_cpu1_nios2_oci|MPSoC_cpu1_jtag_debug_module_wrapper:the_MPSoC_cpu1_jtag_debug_module_wrapper|MPSoC_cpu1_jtag_debug_module_tck:the_MPSoC_cpu1_jtag_debug_module_tck|sr[0]                                                        ;
; 49.620 ; 49.806       ; 0.186          ; Low Pulse Width  ; altera_reserved_tck ; Rise       ; MPSoC:inst1|MPSoC_cpu1:cpu1|MPSoC_cpu1_nios2_oci:the_MPSoC_cpu1_nios2_oci|MPSoC_cpu1_jtag_debug_module_wrapper:the_MPSoC_cpu1_jtag_debug_module_wrapper|MPSoC_cpu1_jtag_debug_module_tck:the_MPSoC_cpu1_jtag_debug_module_tck|sr[15]                                                       ;
; 49.620 ; 49.806       ; 0.186          ; Low Pulse Width  ; altera_reserved_tck ; Rise       ; MPSoC:inst1|MPSoC_cpu1:cpu1|MPSoC_cpu1_nios2_oci:the_MPSoC_cpu1_nios2_oci|MPSoC_cpu1_jtag_debug_module_wrapper:the_MPSoC_cpu1_jtag_debug_module_wrapper|MPSoC_cpu1_jtag_debug_module_tck:the_MPSoC_cpu1_jtag_debug_module_tck|sr[35]                                                       ;
; 49.620 ; 49.806       ; 0.186          ; Low Pulse Width  ; altera_reserved_tck ; Rise       ; MPSoC:inst1|MPSoC_jtag0:jtag0|alt_jtag_atlantic:MPSoC_jtag0_alt_jtag_atlantic|write                                                                                                                                                                                                        ;
; 49.620 ; 49.806       ; 0.186          ; Low Pulse Width  ; altera_reserved_tck ; Rise       ; MPSoC:inst1|MPSoC_jtag0:jtag1|alt_jtag_atlantic:MPSoC_jtag0_alt_jtag_atlantic|td_shift[1]                                                                                                                                                                                                  ;
; 49.620 ; 49.806       ; 0.186          ; Low Pulse Width  ; altera_reserved_tck ; Rise       ; MPSoC:inst1|MPSoC_jtag0:jtag1|alt_jtag_atlantic:MPSoC_jtag0_alt_jtag_atlantic|td_shift[2]                                                                                                                                                                                                  ;
; 49.620 ; 49.806       ; 0.186          ; Low Pulse Width  ; altera_reserved_tck ; Rise       ; MPSoC:inst1|MPSoC_jtag0:jtag1|alt_jtag_atlantic:MPSoC_jtag0_alt_jtag_atlantic|td_shift[3]                                                                                                                                                                                                  ;
; 49.620 ; 49.806       ; 0.186          ; Low Pulse Width  ; altera_reserved_tck ; Rise       ; MPSoC:inst1|MPSoC_jtag0:jtag1|alt_jtag_atlantic:MPSoC_jtag0_alt_jtag_atlantic|td_shift[4]                                                                                                                                                                                                  ;
; 49.620 ; 49.806       ; 0.186          ; Low Pulse Width  ; altera_reserved_tck ; Rise       ; MPSoC:inst1|MPSoC_jtag0:jtag1|alt_jtag_atlantic:MPSoC_jtag0_alt_jtag_atlantic|td_shift[5]                                                                                                                                                                                                  ;
; 49.620 ; 49.806       ; 0.186          ; Low Pulse Width  ; altera_reserved_tck ; Rise       ; MPSoC:inst1|MPSoC_jtag0:jtag1|alt_jtag_atlantic:MPSoC_jtag0_alt_jtag_atlantic|td_shift[6]                                                                                                                                                                                                  ;
; 49.620 ; 49.806       ; 0.186          ; Low Pulse Width  ; altera_reserved_tck ; Rise       ; MPSoC:inst1|MPSoC_jtag0:jtag1|alt_jtag_atlantic:MPSoC_jtag0_alt_jtag_atlantic|td_shift[7]                                                                                                                                                                                                  ;
; 49.620 ; 49.806       ; 0.186          ; Low Pulse Width  ; altera_reserved_tck ; Rise       ; MPSoC:inst1|MPSoC_jtag0:jtag1|alt_jtag_atlantic:MPSoC_jtag0_alt_jtag_atlantic|wdata[1]                                                                                                                                                                                                     ;
; 49.620 ; 49.806       ; 0.186          ; Low Pulse Width  ; altera_reserved_tck ; Rise       ; MPSoC:inst1|MPSoC_jtag0:jtag1|alt_jtag_atlantic:MPSoC_jtag0_alt_jtag_atlantic|wdata[3]                                                                                                                                                                                                     ;
; 49.621 ; 49.807       ; 0.186          ; Low Pulse Width  ; altera_reserved_tck ; Rise       ; MPSoC:inst1|MPSoC_cpu0:cpu0|MPSoC_cpu0_nios2_oci:the_MPSoC_cpu0_nios2_oci|MPSoC_cpu0_jtag_debug_module_wrapper:the_MPSoC_cpu0_jtag_debug_module_wrapper|MPSoC_cpu0_jtag_debug_module_tck:the_MPSoC_cpu0_jtag_debug_module_tck|sr[10]                                                       ;
; 49.621 ; 49.807       ; 0.186          ; Low Pulse Width  ; altera_reserved_tck ; Rise       ; MPSoC:inst1|MPSoC_cpu0:cpu0|MPSoC_cpu0_nios2_oci:the_MPSoC_cpu0_nios2_oci|MPSoC_cpu0_jtag_debug_module_wrapper:the_MPSoC_cpu0_jtag_debug_module_wrapper|MPSoC_cpu0_jtag_debug_module_tck:the_MPSoC_cpu0_jtag_debug_module_tck|sr[11]                                                       ;
; 49.621 ; 49.807       ; 0.186          ; Low Pulse Width  ; altera_reserved_tck ; Rise       ; MPSoC:inst1|MPSoC_cpu0:cpu0|MPSoC_cpu0_nios2_oci:the_MPSoC_cpu0_nios2_oci|MPSoC_cpu0_jtag_debug_module_wrapper:the_MPSoC_cpu0_jtag_debug_module_wrapper|MPSoC_cpu0_jtag_debug_module_tck:the_MPSoC_cpu0_jtag_debug_module_tck|sr[12]                                                       ;
; 49.621 ; 49.807       ; 0.186          ; Low Pulse Width  ; altera_reserved_tck ; Rise       ; MPSoC:inst1|MPSoC_cpu0:cpu0|MPSoC_cpu0_nios2_oci:the_MPSoC_cpu0_nios2_oci|MPSoC_cpu0_jtag_debug_module_wrapper:the_MPSoC_cpu0_jtag_debug_module_wrapper|MPSoC_cpu0_jtag_debug_module_tck:the_MPSoC_cpu0_jtag_debug_module_tck|sr[13]                                                       ;
; 49.621 ; 49.807       ; 0.186          ; Low Pulse Width  ; altera_reserved_tck ; Rise       ; MPSoC:inst1|MPSoC_cpu0:cpu0|MPSoC_cpu0_nios2_oci:the_MPSoC_cpu0_nios2_oci|MPSoC_cpu0_jtag_debug_module_wrapper:the_MPSoC_cpu0_jtag_debug_module_wrapper|MPSoC_cpu0_jtag_debug_module_tck:the_MPSoC_cpu0_jtag_debug_module_tck|sr[14]                                                       ;
; 49.621 ; 49.807       ; 0.186          ; Low Pulse Width  ; altera_reserved_tck ; Rise       ; MPSoC:inst1|MPSoC_cpu0:cpu0|MPSoC_cpu0_nios2_oci:the_MPSoC_cpu0_nios2_oci|MPSoC_cpu0_jtag_debug_module_wrapper:the_MPSoC_cpu0_jtag_debug_module_wrapper|MPSoC_cpu0_jtag_debug_module_tck:the_MPSoC_cpu0_jtag_debug_module_tck|sr[1]                                                        ;
; 49.621 ; 49.807       ; 0.186          ; Low Pulse Width  ; altera_reserved_tck ; Rise       ; MPSoC:inst1|MPSoC_cpu0:cpu0|MPSoC_cpu0_nios2_oci:the_MPSoC_cpu0_nios2_oci|MPSoC_cpu0_jtag_debug_module_wrapper:the_MPSoC_cpu0_jtag_debug_module_wrapper|MPSoC_cpu0_jtag_debug_module_tck:the_MPSoC_cpu0_jtag_debug_module_tck|sr[28]                                                       ;
; 49.621 ; 49.807       ; 0.186          ; Low Pulse Width  ; altera_reserved_tck ; Rise       ; MPSoC:inst1|MPSoC_cpu0:cpu0|MPSoC_cpu0_nios2_oci:the_MPSoC_cpu0_nios2_oci|MPSoC_cpu0_jtag_debug_module_wrapper:the_MPSoC_cpu0_jtag_debug_module_wrapper|MPSoC_cpu0_jtag_debug_module_tck:the_MPSoC_cpu0_jtag_debug_module_tck|sr[29]                                                       ;
; 49.621 ; 49.807       ; 0.186          ; Low Pulse Width  ; altera_reserved_tck ; Rise       ; MPSoC:inst1|MPSoC_cpu0:cpu0|MPSoC_cpu0_nios2_oci:the_MPSoC_cpu0_nios2_oci|MPSoC_cpu0_jtag_debug_module_wrapper:the_MPSoC_cpu0_jtag_debug_module_wrapper|MPSoC_cpu0_jtag_debug_module_tck:the_MPSoC_cpu0_jtag_debug_module_tck|sr[2]                                                        ;
; 49.621 ; 49.807       ; 0.186          ; Low Pulse Width  ; altera_reserved_tck ; Rise       ; MPSoC:inst1|MPSoC_cpu0:cpu0|MPSoC_cpu0_nios2_oci:the_MPSoC_cpu0_nios2_oci|MPSoC_cpu0_jtag_debug_module_wrapper:the_MPSoC_cpu0_jtag_debug_module_wrapper|MPSoC_cpu0_jtag_debug_module_tck:the_MPSoC_cpu0_jtag_debug_module_tck|sr[30]                                                       ;
; 49.621 ; 49.807       ; 0.186          ; Low Pulse Width  ; altera_reserved_tck ; Rise       ; MPSoC:inst1|MPSoC_cpu0:cpu0|MPSoC_cpu0_nios2_oci:the_MPSoC_cpu0_nios2_oci|MPSoC_cpu0_jtag_debug_module_wrapper:the_MPSoC_cpu0_jtag_debug_module_wrapper|MPSoC_cpu0_jtag_debug_module_tck:the_MPSoC_cpu0_jtag_debug_module_tck|sr[31]                                                       ;
; 49.621 ; 49.807       ; 0.186          ; Low Pulse Width  ; altera_reserved_tck ; Rise       ; MPSoC:inst1|MPSoC_cpu0:cpu0|MPSoC_cpu0_nios2_oci:the_MPSoC_cpu0_nios2_oci|MPSoC_cpu0_jtag_debug_module_wrapper:the_MPSoC_cpu0_jtag_debug_module_wrapper|MPSoC_cpu0_jtag_debug_module_tck:the_MPSoC_cpu0_jtag_debug_module_tck|sr[32]                                                       ;
; 49.621 ; 49.807       ; 0.186          ; Low Pulse Width  ; altera_reserved_tck ; Rise       ; MPSoC:inst1|MPSoC_cpu0:cpu0|MPSoC_cpu0_nios2_oci:the_MPSoC_cpu0_nios2_oci|MPSoC_cpu0_jtag_debug_module_wrapper:the_MPSoC_cpu0_jtag_debug_module_wrapper|MPSoC_cpu0_jtag_debug_module_tck:the_MPSoC_cpu0_jtag_debug_module_tck|sr[33]                                                       ;
; 49.621 ; 49.807       ; 0.186          ; Low Pulse Width  ; altera_reserved_tck ; Rise       ; MPSoC:inst1|MPSoC_cpu0:cpu0|MPSoC_cpu0_nios2_oci:the_MPSoC_cpu0_nios2_oci|MPSoC_cpu0_jtag_debug_module_wrapper:the_MPSoC_cpu0_jtag_debug_module_wrapper|MPSoC_cpu0_jtag_debug_module_tck:the_MPSoC_cpu0_jtag_debug_module_tck|sr[34]                                                       ;
; 49.621 ; 49.807       ; 0.186          ; Low Pulse Width  ; altera_reserved_tck ; Rise       ; MPSoC:inst1|MPSoC_cpu0:cpu0|MPSoC_cpu0_nios2_oci:the_MPSoC_cpu0_nios2_oci|MPSoC_cpu0_jtag_debug_module_wrapper:the_MPSoC_cpu0_jtag_debug_module_wrapper|MPSoC_cpu0_jtag_debug_module_tck:the_MPSoC_cpu0_jtag_debug_module_tck|sr[36]                                                       ;
; 49.621 ; 49.807       ; 0.186          ; Low Pulse Width  ; altera_reserved_tck ; Rise       ; MPSoC:inst1|MPSoC_cpu0:cpu0|MPSoC_cpu0_nios2_oci:the_MPSoC_cpu0_nios2_oci|MPSoC_cpu0_jtag_debug_module_wrapper:the_MPSoC_cpu0_jtag_debug_module_wrapper|MPSoC_cpu0_jtag_debug_module_tck:the_MPSoC_cpu0_jtag_debug_module_tck|sr[37]                                                       ;
; 49.621 ; 49.807       ; 0.186          ; Low Pulse Width  ; altera_reserved_tck ; Rise       ; MPSoC:inst1|MPSoC_cpu0:cpu0|MPSoC_cpu0_nios2_oci:the_MPSoC_cpu0_nios2_oci|MPSoC_cpu0_jtag_debug_module_wrapper:the_MPSoC_cpu0_jtag_debug_module_wrapper|MPSoC_cpu0_jtag_debug_module_tck:the_MPSoC_cpu0_jtag_debug_module_tck|sr[3]                                                        ;
; 49.621 ; 49.807       ; 0.186          ; Low Pulse Width  ; altera_reserved_tck ; Rise       ; MPSoC:inst1|MPSoC_cpu0:cpu0|MPSoC_cpu0_nios2_oci:the_MPSoC_cpu0_nios2_oci|MPSoC_cpu0_jtag_debug_module_wrapper:the_MPSoC_cpu0_jtag_debug_module_wrapper|MPSoC_cpu0_jtag_debug_module_tck:the_MPSoC_cpu0_jtag_debug_module_tck|sr[4]                                                        ;
; 49.621 ; 49.807       ; 0.186          ; Low Pulse Width  ; altera_reserved_tck ; Rise       ; MPSoC:inst1|MPSoC_cpu0:cpu0|MPSoC_cpu0_nios2_oci:the_MPSoC_cpu0_nios2_oci|MPSoC_cpu0_jtag_debug_module_wrapper:the_MPSoC_cpu0_jtag_debug_module_wrapper|MPSoC_cpu0_jtag_debug_module_tck:the_MPSoC_cpu0_jtag_debug_module_tck|sr[5]                                                        ;
; 49.621 ; 49.807       ; 0.186          ; Low Pulse Width  ; altera_reserved_tck ; Rise       ; MPSoC:inst1|MPSoC_cpu0:cpu0|MPSoC_cpu0_nios2_oci:the_MPSoC_cpu0_nios2_oci|MPSoC_cpu0_jtag_debug_module_wrapper:the_MPSoC_cpu0_jtag_debug_module_wrapper|MPSoC_cpu0_jtag_debug_module_tck:the_MPSoC_cpu0_jtag_debug_module_tck|sr[6]                                                        ;
; 49.621 ; 49.807       ; 0.186          ; Low Pulse Width  ; altera_reserved_tck ; Rise       ; MPSoC:inst1|MPSoC_cpu0:cpu0|MPSoC_cpu0_nios2_oci:the_MPSoC_cpu0_nios2_oci|MPSoC_cpu0_jtag_debug_module_wrapper:the_MPSoC_cpu0_jtag_debug_module_wrapper|MPSoC_cpu0_jtag_debug_module_tck:the_MPSoC_cpu0_jtag_debug_module_tck|sr[7]                                                        ;
; 49.621 ; 49.807       ; 0.186          ; Low Pulse Width  ; altera_reserved_tck ; Rise       ; MPSoC:inst1|MPSoC_cpu0:cpu0|MPSoC_cpu0_nios2_oci:the_MPSoC_cpu0_nios2_oci|MPSoC_cpu0_jtag_debug_module_wrapper:the_MPSoC_cpu0_jtag_debug_module_wrapper|MPSoC_cpu0_jtag_debug_module_tck:the_MPSoC_cpu0_jtag_debug_module_tck|sr[8]                                                        ;
; 49.621 ; 49.807       ; 0.186          ; Low Pulse Width  ; altera_reserved_tck ; Rise       ; MPSoC:inst1|MPSoC_cpu0:cpu0|MPSoC_cpu0_nios2_oci:the_MPSoC_cpu0_nios2_oci|MPSoC_cpu0_jtag_debug_module_wrapper:the_MPSoC_cpu0_jtag_debug_module_wrapper|MPSoC_cpu0_jtag_debug_module_tck:the_MPSoC_cpu0_jtag_debug_module_tck|sr[9]                                                        ;
; 49.621 ; 49.807       ; 0.186          ; Low Pulse Width  ; altera_reserved_tck ; Rise       ; MPSoC:inst1|MPSoC_cpu1:cpu1|MPSoC_cpu1_nios2_oci:the_MPSoC_cpu1_nios2_oci|MPSoC_cpu1_jtag_debug_module_wrapper:the_MPSoC_cpu1_jtag_debug_module_wrapper|MPSoC_cpu1_jtag_debug_module_tck:the_MPSoC_cpu1_jtag_debug_module_tck|altera_std_synchronizer:the_altera_std_synchronizer1|din_s1  ;
; 49.621 ; 49.807       ; 0.186          ; Low Pulse Width  ; altera_reserved_tck ; Rise       ; MPSoC:inst1|MPSoC_cpu1:cpu1|MPSoC_cpu1_nios2_oci:the_MPSoC_cpu1_nios2_oci|MPSoC_cpu1_jtag_debug_module_wrapper:the_MPSoC_cpu1_jtag_debug_module_wrapper|MPSoC_cpu1_jtag_debug_module_tck:the_MPSoC_cpu1_jtag_debug_module_tck|altera_std_synchronizer:the_altera_std_synchronizer1|dreg[0] ;
; 49.621 ; 49.807       ; 0.186          ; Low Pulse Width  ; altera_reserved_tck ; Rise       ; MPSoC:inst1|MPSoC_cpu1:cpu1|MPSoC_cpu1_nios2_oci:the_MPSoC_cpu1_nios2_oci|MPSoC_cpu1_jtag_debug_module_wrapper:the_MPSoC_cpu1_jtag_debug_module_wrapper|MPSoC_cpu1_jtag_debug_module_tck:the_MPSoC_cpu1_jtag_debug_module_tck|altera_std_synchronizer:the_altera_std_synchronizer2|din_s1  ;
; 49.621 ; 49.807       ; 0.186          ; Low Pulse Width  ; altera_reserved_tck ; Rise       ; MPSoC:inst1|MPSoC_cpu1:cpu1|MPSoC_cpu1_nios2_oci:the_MPSoC_cpu1_nios2_oci|MPSoC_cpu1_jtag_debug_module_wrapper:the_MPSoC_cpu1_jtag_debug_module_wrapper|MPSoC_cpu1_jtag_debug_module_tck:the_MPSoC_cpu1_jtag_debug_module_tck|altera_std_synchronizer:the_altera_std_synchronizer2|dreg[0] ;
; 49.621 ; 49.807       ; 0.186          ; Low Pulse Width  ; altera_reserved_tck ; Rise       ; MPSoC:inst1|MPSoC_cpu1:cpu1|MPSoC_cpu1_nios2_oci:the_MPSoC_cpu1_nios2_oci|MPSoC_cpu1_jtag_debug_module_wrapper:the_MPSoC_cpu1_jtag_debug_module_wrapper|MPSoC_cpu1_jtag_debug_module_tck:the_MPSoC_cpu1_jtag_debug_module_tck|ir_out[0]                                                    ;
; 49.621 ; 49.807       ; 0.186          ; Low Pulse Width  ; altera_reserved_tck ; Rise       ; MPSoC:inst1|MPSoC_cpu1:cpu1|MPSoC_cpu1_nios2_oci:the_MPSoC_cpu1_nios2_oci|MPSoC_cpu1_jtag_debug_module_wrapper:the_MPSoC_cpu1_jtag_debug_module_wrapper|MPSoC_cpu1_jtag_debug_module_tck:the_MPSoC_cpu1_jtag_debug_module_tck|ir_out[1]                                                    ;
; 49.621 ; 49.807       ; 0.186          ; Low Pulse Width  ; altera_reserved_tck ; Rise       ; MPSoC:inst1|MPSoC_cpu1:cpu1|MPSoC_cpu1_nios2_oci:the_MPSoC_cpu1_nios2_oci|MPSoC_cpu1_jtag_debug_module_wrapper:the_MPSoC_cpu1_jtag_debug_module_wrapper|MPSoC_cpu1_jtag_debug_module_tck:the_MPSoC_cpu1_jtag_debug_module_tck|sr[1]                                                        ;
; 49.621 ; 49.807       ; 0.186          ; Low Pulse Width  ; altera_reserved_tck ; Rise       ; MPSoC:inst1|MPSoC_cpu1:cpu1|MPSoC_cpu1_nios2_oci:the_MPSoC_cpu1_nios2_oci|MPSoC_cpu1_jtag_debug_module_wrapper:the_MPSoC_cpu1_jtag_debug_module_wrapper|MPSoC_cpu1_jtag_debug_module_tck:the_MPSoC_cpu1_jtag_debug_module_tck|sr[2]                                                        ;
; 49.621 ; 49.807       ; 0.186          ; Low Pulse Width  ; altera_reserved_tck ; Rise       ; MPSoC:inst1|MPSoC_cpu1:cpu1|MPSoC_cpu1_nios2_oci:the_MPSoC_cpu1_nios2_oci|MPSoC_cpu1_jtag_debug_module_wrapper:the_MPSoC_cpu1_jtag_debug_module_wrapper|MPSoC_cpu1_jtag_debug_module_tck:the_MPSoC_cpu1_jtag_debug_module_tck|sr[36]                                                       ;
; 49.621 ; 49.807       ; 0.186          ; Low Pulse Width  ; altera_reserved_tck ; Rise       ; MPSoC:inst1|MPSoC_cpu1:cpu1|MPSoC_cpu1_nios2_oci:the_MPSoC_cpu1_nios2_oci|MPSoC_cpu1_jtag_debug_module_wrapper:the_MPSoC_cpu1_jtag_debug_module_wrapper|MPSoC_cpu1_jtag_debug_module_tck:the_MPSoC_cpu1_jtag_debug_module_tck|sr[37]                                                       ;
; 49.621 ; 49.807       ; 0.186          ; Low Pulse Width  ; altera_reserved_tck ; Rise       ; MPSoC:inst1|MPSoC_cpu1:cpu1|MPSoC_cpu1_nios2_oci:the_MPSoC_cpu1_nios2_oci|MPSoC_cpu1_jtag_debug_module_wrapper:the_MPSoC_cpu1_jtag_debug_module_wrapper|MPSoC_cpu1_jtag_debug_module_tck:the_MPSoC_cpu1_jtag_debug_module_tck|sr[3]                                                        ;
; 49.621 ; 49.807       ; 0.186          ; Low Pulse Width  ; altera_reserved_tck ; Rise       ; MPSoC:inst1|MPSoC_cpu1:cpu1|MPSoC_cpu1_nios2_oci:the_MPSoC_cpu1_nios2_oci|MPSoC_cpu1_jtag_debug_module_wrapper:the_MPSoC_cpu1_jtag_debug_module_wrapper|MPSoC_cpu1_jtag_debug_module_tck:the_MPSoC_cpu1_jtag_debug_module_tck|sr[4]                                                        ;
; 49.621 ; 49.807       ; 0.186          ; Low Pulse Width  ; altera_reserved_tck ; Rise       ; MPSoC:inst1|MPSoC_cpu1:cpu1|MPSoC_cpu1_nios2_oci:the_MPSoC_cpu1_nios2_oci|MPSoC_cpu1_jtag_debug_module_wrapper:the_MPSoC_cpu1_jtag_debug_module_wrapper|MPSoC_cpu1_jtag_debug_module_tck:the_MPSoC_cpu1_jtag_debug_module_tck|sr[5]                                                        ;
; 49.621 ; 49.807       ; 0.186          ; Low Pulse Width  ; altera_reserved_tck ; Rise       ; MPSoC:inst1|MPSoC_cpu1:cpu1|MPSoC_cpu1_nios2_oci:the_MPSoC_cpu1_nios2_oci|MPSoC_cpu1_jtag_debug_module_wrapper:the_MPSoC_cpu1_jtag_debug_module_wrapper|MPSoC_cpu1_jtag_debug_module_tck:the_MPSoC_cpu1_jtag_debug_module_tck|sr[6]                                                        ;
; 49.621 ; 49.807       ; 0.186          ; Low Pulse Width  ; altera_reserved_tck ; Rise       ; MPSoC:inst1|MPSoC_cpu1:cpu1|MPSoC_cpu1_nios2_oci:the_MPSoC_cpu1_nios2_oci|MPSoC_cpu1_jtag_debug_module_wrapper:the_MPSoC_cpu1_jtag_debug_module_wrapper|MPSoC_cpu1_jtag_debug_module_tck:the_MPSoC_cpu1_jtag_debug_module_tck|sr[7]                                                        ;
; 49.621 ; 49.807       ; 0.186          ; Low Pulse Width  ; altera_reserved_tck ; Rise       ; MPSoC:inst1|MPSoC_cpu1:cpu1|MPSoC_cpu1_nios2_oci:the_MPSoC_cpu1_nios2_oci|MPSoC_cpu1_jtag_debug_module_wrapper:the_MPSoC_cpu1_jtag_debug_module_wrapper|MPSoC_cpu1_jtag_debug_module_tck:the_MPSoC_cpu1_jtag_debug_module_tck|sr[8]                                                        ;
; 49.621 ; 49.807       ; 0.186          ; Low Pulse Width  ; altera_reserved_tck ; Rise       ; MPSoC:inst1|MPSoC_cpu1:cpu1|MPSoC_cpu1_nios2_oci:the_MPSoC_cpu1_nios2_oci|MPSoC_cpu1_jtag_debug_module_wrapper:the_MPSoC_cpu1_jtag_debug_module_wrapper|MPSoC_cpu1_jtag_debug_module_tck:the_MPSoC_cpu1_jtag_debug_module_tck|sr[9]                                                        ;
; 49.621 ; 49.807       ; 0.186          ; Low Pulse Width  ; altera_reserved_tck ; Rise       ; MPSoC:inst1|MPSoC_jtag0:jtag0|alt_jtag_atlantic:MPSoC_jtag0_alt_jtag_atlantic|count[0]                                                                                                                                                                                                     ;
; 49.621 ; 49.807       ; 0.186          ; Low Pulse Width  ; altera_reserved_tck ; Rise       ; MPSoC:inst1|MPSoC_jtag0:jtag0|alt_jtag_atlantic:MPSoC_jtag0_alt_jtag_atlantic|count[1]                                                                                                                                                                                                     ;
; 49.621 ; 49.807       ; 0.186          ; Low Pulse Width  ; altera_reserved_tck ; Rise       ; MPSoC:inst1|MPSoC_jtag0:jtag0|alt_jtag_atlantic:MPSoC_jtag0_alt_jtag_atlantic|count[2]                                                                                                                                                                                                     ;
; 49.621 ; 49.807       ; 0.186          ; Low Pulse Width  ; altera_reserved_tck ; Rise       ; MPSoC:inst1|MPSoC_jtag0:jtag0|alt_jtag_atlantic:MPSoC_jtag0_alt_jtag_atlantic|count[3]                                                                                                                                                                                                     ;
; 49.621 ; 49.807       ; 0.186          ; Low Pulse Width  ; altera_reserved_tck ; Rise       ; MPSoC:inst1|MPSoC_jtag0:jtag0|alt_jtag_atlantic:MPSoC_jtag0_alt_jtag_atlantic|count[4]                                                                                                                                                                                                     ;
; 49.621 ; 49.807       ; 0.186          ; Low Pulse Width  ; altera_reserved_tck ; Rise       ; MPSoC:inst1|MPSoC_jtag0:jtag0|alt_jtag_atlantic:MPSoC_jtag0_alt_jtag_atlantic|count[5]                                                                                                                                                                                                     ;
; 49.621 ; 49.807       ; 0.186          ; Low Pulse Width  ; altera_reserved_tck ; Rise       ; MPSoC:inst1|MPSoC_jtag0:jtag0|alt_jtag_atlantic:MPSoC_jtag0_alt_jtag_atlantic|count[6]                                                                                                                                                                                                     ;
; 49.621 ; 49.807       ; 0.186          ; Low Pulse Width  ; altera_reserved_tck ; Rise       ; MPSoC:inst1|MPSoC_jtag0:jtag0|alt_jtag_atlantic:MPSoC_jtag0_alt_jtag_atlantic|count[7]                                                                                                                                                                                                     ;
; 49.621 ; 49.807       ; 0.186          ; Low Pulse Width  ; altera_reserved_tck ; Rise       ; MPSoC:inst1|MPSoC_jtag0:jtag0|alt_jtag_atlantic:MPSoC_jtag0_alt_jtag_atlantic|count[8]                                                                                                                                                                                                     ;
; 49.621 ; 49.807       ; 0.186          ; Low Pulse Width  ; altera_reserved_tck ; Rise       ; MPSoC:inst1|MPSoC_jtag0:jtag0|alt_jtag_atlantic:MPSoC_jtag0_alt_jtag_atlantic|count[9]                                                                                                                                                                                                     ;
; 49.621 ; 49.807       ; 0.186          ; Low Pulse Width  ; altera_reserved_tck ; Rise       ; MPSoC:inst1|MPSoC_jtag0:jtag0|alt_jtag_atlantic:MPSoC_jtag0_alt_jtag_atlantic|read                                                                                                                                                                                                         ;
; 49.621 ; 49.807       ; 0.186          ; Low Pulse Width  ; altera_reserved_tck ; Rise       ; MPSoC:inst1|MPSoC_jtag0:jtag0|alt_jtag_atlantic:MPSoC_jtag0_alt_jtag_atlantic|read_req                                                                                                                                                                                                     ;
; 49.621 ; 49.807       ; 0.186          ; Low Pulse Width  ; altera_reserved_tck ; Rise       ; MPSoC:inst1|MPSoC_jtag0:jtag0|alt_jtag_atlantic:MPSoC_jtag0_alt_jtag_atlantic|state                                                                                                                                                                                                        ;
; 49.621 ; 49.807       ; 0.186          ; Low Pulse Width  ; altera_reserved_tck ; Rise       ; MPSoC:inst1|MPSoC_jtag0:jtag0|alt_jtag_atlantic:MPSoC_jtag0_alt_jtag_atlantic|tck_t_dav                                                                                                                                                                                                    ;
; 49.621 ; 49.807       ; 0.186          ; Low Pulse Width  ; altera_reserved_tck ; Rise       ; MPSoC:inst1|MPSoC_jtag0:jtag0|alt_jtag_atlantic:MPSoC_jtag0_alt_jtag_atlantic|td_shift[0]                                                                                                                                                                                                  ;
; 49.621 ; 49.807       ; 0.186          ; Low Pulse Width  ; altera_reserved_tck ; Rise       ; MPSoC:inst1|MPSoC_jtag0:jtag0|alt_jtag_atlantic:MPSoC_jtag0_alt_jtag_atlantic|td_shift[10]                                                                                                                                                                                                 ;
; 49.621 ; 49.807       ; 0.186          ; Low Pulse Width  ; altera_reserved_tck ; Rise       ; MPSoC:inst1|MPSoC_jtag0:jtag0|alt_jtag_atlantic:MPSoC_jtag0_alt_jtag_atlantic|td_shift[1]                                                                                                                                                                                                  ;
; 49.621 ; 49.807       ; 0.186          ; Low Pulse Width  ; altera_reserved_tck ; Rise       ; MPSoC:inst1|MPSoC_jtag0:jtag0|alt_jtag_atlantic:MPSoC_jtag0_alt_jtag_atlantic|td_shift[2]                                                                                                                                                                                                  ;
; 49.621 ; 49.807       ; 0.186          ; Low Pulse Width  ; altera_reserved_tck ; Rise       ; MPSoC:inst1|MPSoC_jtag0:jtag0|alt_jtag_atlantic:MPSoC_jtag0_alt_jtag_atlantic|td_shift[3]                                                                                                                                                                                                  ;
; 49.621 ; 49.807       ; 0.186          ; Low Pulse Width  ; altera_reserved_tck ; Rise       ; MPSoC:inst1|MPSoC_jtag0:jtag0|alt_jtag_atlantic:MPSoC_jtag0_alt_jtag_atlantic|td_shift[4]                                                                                                                                                                                                  ;
; 49.621 ; 49.807       ; 0.186          ; Low Pulse Width  ; altera_reserved_tck ; Rise       ; MPSoC:inst1|MPSoC_jtag0:jtag0|alt_jtag_atlantic:MPSoC_jtag0_alt_jtag_atlantic|td_shift[5]                                                                                                                                                                                                  ;
; 49.621 ; 49.807       ; 0.186          ; Low Pulse Width  ; altera_reserved_tck ; Rise       ; MPSoC:inst1|MPSoC_jtag0:jtag0|alt_jtag_atlantic:MPSoC_jtag0_alt_jtag_atlantic|td_shift[6]                                                                                                                                                                                                  ;
; 49.621 ; 49.807       ; 0.186          ; Low Pulse Width  ; altera_reserved_tck ; Rise       ; MPSoC:inst1|MPSoC_jtag0:jtag0|alt_jtag_atlantic:MPSoC_jtag0_alt_jtag_atlantic|td_shift[7]                                                                                                                                                                                                  ;
; 49.621 ; 49.807       ; 0.186          ; Low Pulse Width  ; altera_reserved_tck ; Rise       ; MPSoC:inst1|MPSoC_jtag0:jtag0|alt_jtag_atlantic:MPSoC_jtag0_alt_jtag_atlantic|td_shift[8]                                                                                                                                                                                                  ;
; 49.621 ; 49.807       ; 0.186          ; Low Pulse Width  ; altera_reserved_tck ; Rise       ; MPSoC:inst1|MPSoC_jtag0:jtag0|alt_jtag_atlantic:MPSoC_jtag0_alt_jtag_atlantic|td_shift[9]                                                                                                                                                                                                  ;
; 49.621 ; 49.807       ; 0.186          ; Low Pulse Width  ; altera_reserved_tck ; Rise       ; MPSoC:inst1|MPSoC_jtag0:jtag0|alt_jtag_atlantic:MPSoC_jtag0_alt_jtag_atlantic|user_saw_rvalid                                                                                                                                                                                              ;
; 49.621 ; 49.807       ; 0.186          ; Low Pulse Width  ; altera_reserved_tck ; Rise       ; MPSoC:inst1|MPSoC_jtag0:jtag0|alt_jtag_atlantic:MPSoC_jtag0_alt_jtag_atlantic|wdata[0]                                                                                                                                                                                                     ;
; 49.621 ; 49.807       ; 0.186          ; Low Pulse Width  ; altera_reserved_tck ; Rise       ; MPSoC:inst1|MPSoC_jtag0:jtag0|alt_jtag_atlantic:MPSoC_jtag0_alt_jtag_atlantic|wdata[1]                                                                                                                                                                                                     ;
; 49.621 ; 49.807       ; 0.186          ; Low Pulse Width  ; altera_reserved_tck ; Rise       ; MPSoC:inst1|MPSoC_jtag0:jtag0|alt_jtag_atlantic:MPSoC_jtag0_alt_jtag_atlantic|wdata[2]                                                                                                                                                                                                     ;
; 49.621 ; 49.807       ; 0.186          ; Low Pulse Width  ; altera_reserved_tck ; Rise       ; MPSoC:inst1|MPSoC_jtag0:jtag0|alt_jtag_atlantic:MPSoC_jtag0_alt_jtag_atlantic|wdata[3]                                                                                                                                                                                                     ;
; 49.621 ; 49.807       ; 0.186          ; Low Pulse Width  ; altera_reserved_tck ; Rise       ; MPSoC:inst1|MPSoC_jtag0:jtag0|alt_jtag_atlantic:MPSoC_jtag0_alt_jtag_atlantic|wdata[4]                                                                                                                                                                                                     ;
; 49.621 ; 49.807       ; 0.186          ; Low Pulse Width  ; altera_reserved_tck ; Rise       ; MPSoC:inst1|MPSoC_jtag0:jtag0|alt_jtag_atlantic:MPSoC_jtag0_alt_jtag_atlantic|wdata[5]                                                                                                                                                                                                     ;
; 49.621 ; 49.807       ; 0.186          ; Low Pulse Width  ; altera_reserved_tck ; Rise       ; MPSoC:inst1|MPSoC_jtag0:jtag0|alt_jtag_atlantic:MPSoC_jtag0_alt_jtag_atlantic|wdata[6]                                                                                                                                                                                                     ;
; 49.621 ; 49.807       ; 0.186          ; Low Pulse Width  ; altera_reserved_tck ; Rise       ; MPSoC:inst1|MPSoC_jtag0:jtag0|alt_jtag_atlantic:MPSoC_jtag0_alt_jtag_atlantic|wdata[7]                                                                                                                                                                                                     ;
; 49.621 ; 49.807       ; 0.186          ; Low Pulse Width  ; altera_reserved_tck ; Rise       ; MPSoC:inst1|MPSoC_jtag0:jtag0|alt_jtag_atlantic:MPSoC_jtag0_alt_jtag_atlantic|write_stalled                                                                                                                                                                                                ;
; 49.621 ; 49.807       ; 0.186          ; Low Pulse Width  ; altera_reserved_tck ; Rise       ; MPSoC:inst1|MPSoC_jtag0:jtag0|alt_jtag_atlantic:MPSoC_jtag0_alt_jtag_atlantic|write_valid                                                                                                                                                                                                  ;
; 49.621 ; 49.807       ; 0.186          ; Low Pulse Width  ; altera_reserved_tck ; Rise       ; MPSoC:inst1|MPSoC_jtag0:jtag1|alt_jtag_atlantic:MPSoC_jtag0_alt_jtag_atlantic|count[0]                                                                                                                                                                                                     ;
; 49.621 ; 49.807       ; 0.186          ; Low Pulse Width  ; altera_reserved_tck ; Rise       ; MPSoC:inst1|MPSoC_jtag0:jtag1|alt_jtag_atlantic:MPSoC_jtag0_alt_jtag_atlantic|count[1]                                                                                                                                                                                                     ;
; 49.621 ; 49.807       ; 0.186          ; Low Pulse Width  ; altera_reserved_tck ; Rise       ; MPSoC:inst1|MPSoC_jtag0:jtag1|alt_jtag_atlantic:MPSoC_jtag0_alt_jtag_atlantic|count[2]                                                                                                                                                                                                     ;
; 49.621 ; 49.807       ; 0.186          ; Low Pulse Width  ; altera_reserved_tck ; Rise       ; MPSoC:inst1|MPSoC_jtag0:jtag1|alt_jtag_atlantic:MPSoC_jtag0_alt_jtag_atlantic|count[3]                                                                                                                                                                                                     ;
; 49.621 ; 49.807       ; 0.186          ; Low Pulse Width  ; altera_reserved_tck ; Rise       ; MPSoC:inst1|MPSoC_jtag0:jtag1|alt_jtag_atlantic:MPSoC_jtag0_alt_jtag_atlantic|count[4]                                                                                                                                                                                                     ;
; 49.621 ; 49.807       ; 0.186          ; Low Pulse Width  ; altera_reserved_tck ; Rise       ; MPSoC:inst1|MPSoC_jtag0:jtag1|alt_jtag_atlantic:MPSoC_jtag0_alt_jtag_atlantic|count[5]                                                                                                                                                                                                     ;
+--------+--------------+----------------+------------------+---------------------+------------+--------------------------------------------------------------------------------------------------------------------------------------------------------------------------------------------------------------------------------------------------------------------------------------------+


+-----------------------------------------------------------------------------------------------+
; Setup Times                                                                                   ;
+---------------------+---------------------+-------+--------+------------+---------------------+
; Data Port           ; Clock Port          ; Rise  ; Fall   ; Clock Edge ; Clock Reference     ;
+---------------------+---------------------+-------+--------+------------+---------------------+
; altera_reserved_tdi ; altera_reserved_tck ; 4.575 ; 4.925  ; Rise       ; altera_reserved_tck ;
; altera_reserved_tms ; altera_reserved_tck ; 9.832 ; 10.114 ; Rise       ; altera_reserved_tck ;
+---------------------+---------------------+-------+--------+------------+---------------------+


+------------------------------------------------------------------------------------------------+
; Hold Times                                                                                     ;
+---------------------+---------------------+--------+--------+------------+---------------------+
; Data Port           ; Clock Port          ; Rise   ; Fall   ; Clock Edge ; Clock Reference     ;
+---------------------+---------------------+--------+--------+------------+---------------------+
; altera_reserved_tdi ; altera_reserved_tck ; -1.115 ; -1.363 ; Rise       ; altera_reserved_tck ;
; altera_reserved_tms ; altera_reserved_tck ; -3.285 ; -3.562 ; Rise       ; altera_reserved_tck ;
+---------------------+---------------------+--------+--------+------------+---------------------+


+------------------------------------------------------------------------------------------------+
; Clock to Output Times                                                                          ;
+---------------------+---------------------+--------+--------+------------+---------------------+
; Data Port           ; Clock Port          ; Rise   ; Fall   ; Clock Edge ; Clock Reference     ;
+---------------------+---------------------+--------+--------+------------+---------------------+
; altera_reserved_tdo ; altera_reserved_tck ; 14.285 ; 14.677 ; Fall       ; altera_reserved_tck ;
+---------------------+---------------------+--------+--------+------------+---------------------+


+------------------------------------------------------------------------------------------------+
; Minimum Clock to Output Times                                                                  ;
+---------------------+---------------------+--------+--------+------------+---------------------+
; Data Port           ; Clock Port          ; Rise   ; Fall   ; Clock Edge ; Clock Reference     ;
+---------------------+---------------------+--------+--------+------------+---------------------+
; altera_reserved_tdo ; altera_reserved_tck ; 11.883 ; 12.280 ; Fall       ; altera_reserved_tck ;
+---------------------+---------------------+--------+--------+------------+---------------------+


----------------
; MTBF Summary ;
----------------
Typical MTBF of Design is 1e+09 years or 3.15e+16 seconds.

Number of Synchronizer Chains Found: 4
Shortest Synchronizer Chain: 2 Registers
Fraction of Chains for which MTBFs Could Not be Calculated: 0.000
Worst Case Available Settling Time: 197.225 ns

Typical MTBF values are calculated based on the nominal silicon characteristics, at nominal operating conditions.
  - Under typical conditions, an increase of 100ps in available settling time will increase MTBF values by a factor of 10.8



+--------------------------------------------------------------------------------------------------------------------------------------------------------------------------------------------------------------------------------------------------------------------------------------------------------------------------------------------------------------------------------------------------------------------------------------------------------------------------------------------------+
; Synchronizer Summary                                                                                                                                                                                                                                                                                                                                                                                                                                                                             ;
+---------------------------------------------------------------------------------------------------------------------------------------------------+-------------------------------------------------------------------------------------------------------------------------------------------------------------------------------------------------------------------------------------------------------------------------------------------+------------------------+-------------------------+
; Source Node                                                                                                                                       ; Synchronization Node                                                                                                                                                                                                                                                                      ; Typical MTBF (Years)   ; Included in Design MTBF ;
+---------------------------------------------------------------------------------------------------------------------------------------------------+-------------------------------------------------------------------------------------------------------------------------------------------------------------------------------------------------------------------------------------------------------------------------------------------+------------------------+-------------------------+
; MPSoC:inst1|MPSoC_cpu0:cpu0|hbreak_enabled                                                                                                        ; MPSoC:inst1|MPSoC_cpu0:cpu0|MPSoC_cpu0_nios2_oci:the_MPSoC_cpu0_nios2_oci|MPSoC_cpu0_jtag_debug_module_wrapper:the_MPSoC_cpu0_jtag_debug_module_wrapper|MPSoC_cpu0_jtag_debug_module_tck:the_MPSoC_cpu0_jtag_debug_module_tck|altera_std_synchronizer:the_altera_std_synchronizer1|din_s1 ; Greater than 1 Billion ; Yes                     ;
; MPSoC:inst1|MPSoC_cpu1:cpu1|hbreak_enabled                                                                                                        ; MPSoC:inst1|MPSoC_cpu1:cpu1|MPSoC_cpu1_nios2_oci:the_MPSoC_cpu1_nios2_oci|MPSoC_cpu1_jtag_debug_module_wrapper:the_MPSoC_cpu1_jtag_debug_module_wrapper|MPSoC_cpu1_jtag_debug_module_tck:the_MPSoC_cpu1_jtag_debug_module_tck|altera_std_synchronizer:the_altera_std_synchronizer1|din_s1 ; Greater than 1 Billion ; Yes                     ;
; MPSoC:inst1|MPSoC_cpu0:cpu0|MPSoC_cpu0_nios2_oci:the_MPSoC_cpu0_nios2_oci|MPSoC_cpu0_nios2_oci_debug:the_MPSoC_cpu0_nios2_oci_debug|monitor_ready ; MPSoC:inst1|MPSoC_cpu0:cpu0|MPSoC_cpu0_nios2_oci:the_MPSoC_cpu0_nios2_oci|MPSoC_cpu0_jtag_debug_module_wrapper:the_MPSoC_cpu0_jtag_debug_module_wrapper|MPSoC_cpu0_jtag_debug_module_tck:the_MPSoC_cpu0_jtag_debug_module_tck|altera_std_synchronizer:the_altera_std_synchronizer2|din_s1 ; Greater than 1 Billion ; Yes                     ;
; MPSoC:inst1|MPSoC_cpu1:cpu1|MPSoC_cpu1_nios2_oci:the_MPSoC_cpu1_nios2_oci|MPSoC_cpu1_nios2_oci_debug:the_MPSoC_cpu1_nios2_oci_debug|monitor_ready ; MPSoC:inst1|MPSoC_cpu1:cpu1|MPSoC_cpu1_nios2_oci:the_MPSoC_cpu1_nios2_oci|MPSoC_cpu1_jtag_debug_module_wrapper:the_MPSoC_cpu1_jtag_debug_module_wrapper|MPSoC_cpu1_jtag_debug_module_tck:the_MPSoC_cpu1_jtag_debug_module_tck|altera_std_synchronizer:the_altera_std_synchronizer2|din_s1 ; Greater than 1 Billion ; Yes                     ;
+---------------------------------------------------------------------------------------------------------------------------------------------------+-------------------------------------------------------------------------------------------------------------------------------------------------------------------------------------------------------------------------------------------------------------------------------------------+------------------------+-------------------------+


Synchronizer Chain #1: Typical MTBF is Greater than 1 Billion Years
===============================================================================
+---------------------------------------------------------------------------------------------------------------------------------------------------------------------------------------------------------------------------------------------------------------------------------------------------------------------+
; Chain Summary                                                                                                                                                                                                                                                                                                       ;
+-------------------------+-------------------------------------------------------------------------------------------------------------------------------------------------------------------------------------------------------------------------------------------------------------------------------------------+
; Property                ; Value                                                                                                                                                                                                                                                                                     ;
+-------------------------+-------------------------------------------------------------------------------------------------------------------------------------------------------------------------------------------------------------------------------------------------------------------------------------------+
; Source Node             ; MPSoC:inst1|MPSoC_cpu0:cpu0|hbreak_enabled                                                                                                                                                                                                                                                ;
; Synchronization Node    ; MPSoC:inst1|MPSoC_cpu0:cpu0|MPSoC_cpu0_nios2_oci:the_MPSoC_cpu0_nios2_oci|MPSoC_cpu0_jtag_debug_module_wrapper:the_MPSoC_cpu0_jtag_debug_module_wrapper|MPSoC_cpu0_jtag_debug_module_tck:the_MPSoC_cpu0_jtag_debug_module_tck|altera_std_synchronizer:the_altera_std_synchronizer1|din_s1 ;
; Typical MTBF (years)    ; Greater than 1 Billion                                                                                                                                                                                                                                                                    ;
; Included in Design MTBF ; Yes                                                                                                                                                                                                                                                                                       ;
+-------------------------+-------------------------------------------------------------------------------------------------------------------------------------------------------------------------------------------------------------------------------------------------------------------------------------------+

+-----------------------------------------------------------------------------------------------------------------------------------------------------------------------------------------------------------------------------------------------------------------------------------------------------------------------------------------------------------------------+
; Statistics                                                                                                                                                                                                                                                                                                                                                            ;
+---------------------------------------------------------------------------------------------------------------------------------------------------------------------------------------------------------------------------------------------------------------------------------------------+------------------------+--------------+------------------+--------------+
; Property                                                                                                                                                                                                                                                                                    ; Value                  ; Clock Period ; Active Edge Rate ; Output Slack ;
+---------------------------------------------------------------------------------------------------------------------------------------------------------------------------------------------------------------------------------------------------------------------------------------------+------------------------+--------------+------------------+--------------+
; Method of Synchronizer Identification                                                                                                                                                                                                                                                       ; User Specified         ;              ;                  ;              ;
; Typical MTBF (years)                                                                                                                                                                                                                                                                        ; Greater than 1 Billion ;              ;                  ;              ;
; Number of Synchronization Registers in Chain                                                                                                                                                                                                                                                ; 2                      ;              ;                  ;              ;
; Available Settling Time (ns)                                                                                                                                                                                                                                                                ; 197.225                ;              ;                  ;              ;
; Data Toggle Rate Used in MTBF Calculation (millions of transitions / sec)                                                                                                                                                                                                                   ; 1.25                   ;              ;                  ;              ;
; Source Clock                                                                                                                                                                                                                                                                                ;                        ;              ;                  ;              ;
;  Unknown                                                                                                                                                                                                                                                                                    ;                        ;              ;                  ;              ;
; Synchronization Clock                                                                                                                                                                                                                                                                       ;                        ;              ;                  ;              ;
;  altera_reserved_tck                                                                                                                                                                                                                                                                        ;                        ; 100.000      ; 10.0 MHz         ;              ;
; Asynchronous Source                                                                                                                                                                                                                                                                         ;                        ;              ;                  ;              ;
;  MPSoC:inst1|MPSoC_cpu0:cpu0|hbreak_enabled                                                                                                                                                                                                                                                 ;                        ;              ;                  ;              ;
; Synchronization Registers                                                                                                                                                                                                                                                                   ;                        ;              ;                  ;              ;
;  MPSoC:inst1|MPSoC_cpu0:cpu0|MPSoC_cpu0_nios2_oci:the_MPSoC_cpu0_nios2_oci|MPSoC_cpu0_jtag_debug_module_wrapper:the_MPSoC_cpu0_jtag_debug_module_wrapper|MPSoC_cpu0_jtag_debug_module_tck:the_MPSoC_cpu0_jtag_debug_module_tck|altera_std_synchronizer:the_altera_std_synchronizer1|din_s1  ;                        ;              ;                  ; 99.238       ;
;  MPSoC:inst1|MPSoC_cpu0:cpu0|MPSoC_cpu0_nios2_oci:the_MPSoC_cpu0_nios2_oci|MPSoC_cpu0_jtag_debug_module_wrapper:the_MPSoC_cpu0_jtag_debug_module_wrapper|MPSoC_cpu0_jtag_debug_module_tck:the_MPSoC_cpu0_jtag_debug_module_tck|altera_std_synchronizer:the_altera_std_synchronizer1|dreg[0] ;                        ;              ;                  ; 97.987       ;
+---------------------------------------------------------------------------------------------------------------------------------------------------------------------------------------------------------------------------------------------------------------------------------------------+------------------------+--------------+------------------+--------------+



Synchronizer Chain #2: Typical MTBF is Greater than 1 Billion Years
===============================================================================
+---------------------------------------------------------------------------------------------------------------------------------------------------------------------------------------------------------------------------------------------------------------------------------------------------------------------+
; Chain Summary                                                                                                                                                                                                                                                                                                       ;
+-------------------------+-------------------------------------------------------------------------------------------------------------------------------------------------------------------------------------------------------------------------------------------------------------------------------------------+
; Property                ; Value                                                                                                                                                                                                                                                                                     ;
+-------------------------+-------------------------------------------------------------------------------------------------------------------------------------------------------------------------------------------------------------------------------------------------------------------------------------------+
; Source Node             ; MPSoC:inst1|MPSoC_cpu1:cpu1|hbreak_enabled                                                                                                                                                                                                                                                ;
; Synchronization Node    ; MPSoC:inst1|MPSoC_cpu1:cpu1|MPSoC_cpu1_nios2_oci:the_MPSoC_cpu1_nios2_oci|MPSoC_cpu1_jtag_debug_module_wrapper:the_MPSoC_cpu1_jtag_debug_module_wrapper|MPSoC_cpu1_jtag_debug_module_tck:the_MPSoC_cpu1_jtag_debug_module_tck|altera_std_synchronizer:the_altera_std_synchronizer1|din_s1 ;
; Typical MTBF (years)    ; Greater than 1 Billion                                                                                                                                                                                                                                                                    ;
; Included in Design MTBF ; Yes                                                                                                                                                                                                                                                                                       ;
+-------------------------+-------------------------------------------------------------------------------------------------------------------------------------------------------------------------------------------------------------------------------------------------------------------------------------------+

+-----------------------------------------------------------------------------------------------------------------------------------------------------------------------------------------------------------------------------------------------------------------------------------------------------------------------------------------------------------------------+
; Statistics                                                                                                                                                                                                                                                                                                                                                            ;
+---------------------------------------------------------------------------------------------------------------------------------------------------------------------------------------------------------------------------------------------------------------------------------------------+------------------------+--------------+------------------+--------------+
; Property                                                                                                                                                                                                                                                                                    ; Value                  ; Clock Period ; Active Edge Rate ; Output Slack ;
+---------------------------------------------------------------------------------------------------------------------------------------------------------------------------------------------------------------------------------------------------------------------------------------------+------------------------+--------------+------------------+--------------+
; Method of Synchronizer Identification                                                                                                                                                                                                                                                       ; User Specified         ;              ;                  ;              ;
; Typical MTBF (years)                                                                                                                                                                                                                                                                        ; Greater than 1 Billion ;              ;                  ;              ;
; Number of Synchronization Registers in Chain                                                                                                                                                                                                                                                ; 2                      ;              ;                  ;              ;
; Available Settling Time (ns)                                                                                                                                                                                                                                                                ; 197.248                ;              ;                  ;              ;
; Data Toggle Rate Used in MTBF Calculation (millions of transitions / sec)                                                                                                                                                                                                                   ; 1.25                   ;              ;                  ;              ;
; Source Clock                                                                                                                                                                                                                                                                                ;                        ;              ;                  ;              ;
;  Unknown                                                                                                                                                                                                                                                                                    ;                        ;              ;                  ;              ;
; Synchronization Clock                                                                                                                                                                                                                                                                       ;                        ;              ;                  ;              ;
;  altera_reserved_tck                                                                                                                                                                                                                                                                        ;                        ; 100.000      ; 10.0 MHz         ;              ;
; Asynchronous Source                                                                                                                                                                                                                                                                         ;                        ;              ;                  ;              ;
;  MPSoC:inst1|MPSoC_cpu1:cpu1|hbreak_enabled                                                                                                                                                                                                                                                 ;                        ;              ;                  ;              ;
; Synchronization Registers                                                                                                                                                                                                                                                                   ;                        ;              ;                  ;              ;
;  MPSoC:inst1|MPSoC_cpu1:cpu1|MPSoC_cpu1_nios2_oci:the_MPSoC_cpu1_nios2_oci|MPSoC_cpu1_jtag_debug_module_wrapper:the_MPSoC_cpu1_jtag_debug_module_wrapper|MPSoC_cpu1_jtag_debug_module_tck:the_MPSoC_cpu1_jtag_debug_module_tck|altera_std_synchronizer:the_altera_std_synchronizer1|din_s1  ;                        ;              ;                  ; 99.089       ;
;  MPSoC:inst1|MPSoC_cpu1:cpu1|MPSoC_cpu1_nios2_oci:the_MPSoC_cpu1_nios2_oci|MPSoC_cpu1_jtag_debug_module_wrapper:the_MPSoC_cpu1_jtag_debug_module_wrapper|MPSoC_cpu1_jtag_debug_module_tck:the_MPSoC_cpu1_jtag_debug_module_tck|altera_std_synchronizer:the_altera_std_synchronizer1|dreg[0] ;                        ;              ;                  ; 98.159       ;
+---------------------------------------------------------------------------------------------------------------------------------------------------------------------------------------------------------------------------------------------------------------------------------------------+------------------------+--------------+------------------+--------------+



Synchronizer Chain #3: Typical MTBF is Greater than 1 Billion Years
===============================================================================
+---------------------------------------------------------------------------------------------------------------------------------------------------------------------------------------------------------------------------------------------------------------------------------------------------------------------+
; Chain Summary                                                                                                                                                                                                                                                                                                       ;
+-------------------------+-------------------------------------------------------------------------------------------------------------------------------------------------------------------------------------------------------------------------------------------------------------------------------------------+
; Property                ; Value                                                                                                                                                                                                                                                                                     ;
+-------------------------+-------------------------------------------------------------------------------------------------------------------------------------------------------------------------------------------------------------------------------------------------------------------------------------------+
; Source Node             ; MPSoC:inst1|MPSoC_cpu0:cpu0|MPSoC_cpu0_nios2_oci:the_MPSoC_cpu0_nios2_oci|MPSoC_cpu0_nios2_oci_debug:the_MPSoC_cpu0_nios2_oci_debug|monitor_ready                                                                                                                                         ;
; Synchronization Node    ; MPSoC:inst1|MPSoC_cpu0:cpu0|MPSoC_cpu0_nios2_oci:the_MPSoC_cpu0_nios2_oci|MPSoC_cpu0_jtag_debug_module_wrapper:the_MPSoC_cpu0_jtag_debug_module_wrapper|MPSoC_cpu0_jtag_debug_module_tck:the_MPSoC_cpu0_jtag_debug_module_tck|altera_std_synchronizer:the_altera_std_synchronizer2|din_s1 ;
; Typical MTBF (years)    ; Greater than 1 Billion                                                                                                                                                                                                                                                                    ;
; Included in Design MTBF ; Yes                                                                                                                                                                                                                                                                                       ;
+-------------------------+-------------------------------------------------------------------------------------------------------------------------------------------------------------------------------------------------------------------------------------------------------------------------------------------+

+-----------------------------------------------------------------------------------------------------------------------------------------------------------------------------------------------------------------------------------------------------------------------------------------------------------------------------------------------------------------------+
; Statistics                                                                                                                                                                                                                                                                                                                                                            ;
+---------------------------------------------------------------------------------------------------------------------------------------------------------------------------------------------------------------------------------------------------------------------------------------------+------------------------+--------------+------------------+--------------+
; Property                                                                                                                                                                                                                                                                                    ; Value                  ; Clock Period ; Active Edge Rate ; Output Slack ;
+---------------------------------------------------------------------------------------------------------------------------------------------------------------------------------------------------------------------------------------------------------------------------------------------+------------------------+--------------+------------------+--------------+
; Method of Synchronizer Identification                                                                                                                                                                                                                                                       ; User Specified         ;              ;                  ;              ;
; Typical MTBF (years)                                                                                                                                                                                                                                                                        ; Greater than 1 Billion ;              ;                  ;              ;
; Number of Synchronization Registers in Chain                                                                                                                                                                                                                                                ; 2                      ;              ;                  ;              ;
; Available Settling Time (ns)                                                                                                                                                                                                                                                                ; 197.671                ;              ;                  ;              ;
; Data Toggle Rate Used in MTBF Calculation (millions of transitions / sec)                                                                                                                                                                                                                   ; 1.25                   ;              ;                  ;              ;
; Source Clock                                                                                                                                                                                                                                                                                ;                        ;              ;                  ;              ;
;  Unknown                                                                                                                                                                                                                                                                                    ;                        ;              ;                  ;              ;
; Synchronization Clock                                                                                                                                                                                                                                                                       ;                        ;              ;                  ;              ;
;  altera_reserved_tck                                                                                                                                                                                                                                                                        ;                        ; 100.000      ; 10.0 MHz         ;              ;
; Asynchronous Source                                                                                                                                                                                                                                                                         ;                        ;              ;                  ;              ;
;  MPSoC:inst1|MPSoC_cpu0:cpu0|MPSoC_cpu0_nios2_oci:the_MPSoC_cpu0_nios2_oci|MPSoC_cpu0_nios2_oci_debug:the_MPSoC_cpu0_nios2_oci_debug|monitor_ready                                                                                                                                          ;                        ;              ;                  ;              ;
; Synchronization Registers                                                                                                                                                                                                                                                                   ;                        ;              ;                  ;              ;
;  MPSoC:inst1|MPSoC_cpu0:cpu0|MPSoC_cpu0_nios2_oci:the_MPSoC_cpu0_nios2_oci|MPSoC_cpu0_jtag_debug_module_wrapper:the_MPSoC_cpu0_jtag_debug_module_wrapper|MPSoC_cpu0_jtag_debug_module_tck:the_MPSoC_cpu0_jtag_debug_module_tck|altera_std_synchronizer:the_altera_std_synchronizer2|din_s1  ;                        ;              ;                  ; 99.236       ;
;  MPSoC:inst1|MPSoC_cpu0:cpu0|MPSoC_cpu0_nios2_oci:the_MPSoC_cpu0_nios2_oci|MPSoC_cpu0_jtag_debug_module_wrapper:the_MPSoC_cpu0_jtag_debug_module_wrapper|MPSoC_cpu0_jtag_debug_module_tck:the_MPSoC_cpu0_jtag_debug_module_tck|altera_std_synchronizer:the_altera_std_synchronizer2|dreg[0] ;                        ;              ;                  ; 98.435       ;
+---------------------------------------------------------------------------------------------------------------------------------------------------------------------------------------------------------------------------------------------------------------------------------------------+------------------------+--------------+------------------+--------------+



Synchronizer Chain #4: Typical MTBF is Greater than 1 Billion Years
===============================================================================
+---------------------------------------------------------------------------------------------------------------------------------------------------------------------------------------------------------------------------------------------------------------------------------------------------------------------+
; Chain Summary                                                                                                                                                                                                                                                                                                       ;
+-------------------------+-------------------------------------------------------------------------------------------------------------------------------------------------------------------------------------------------------------------------------------------------------------------------------------------+
; Property                ; Value                                                                                                                                                                                                                                                                                     ;
+-------------------------+-------------------------------------------------------------------------------------------------------------------------------------------------------------------------------------------------------------------------------------------------------------------------------------------+
; Source Node             ; MPSoC:inst1|MPSoC_cpu1:cpu1|MPSoC_cpu1_nios2_oci:the_MPSoC_cpu1_nios2_oci|MPSoC_cpu1_nios2_oci_debug:the_MPSoC_cpu1_nios2_oci_debug|monitor_ready                                                                                                                                         ;
; Synchronization Node    ; MPSoC:inst1|MPSoC_cpu1:cpu1|MPSoC_cpu1_nios2_oci:the_MPSoC_cpu1_nios2_oci|MPSoC_cpu1_jtag_debug_module_wrapper:the_MPSoC_cpu1_jtag_debug_module_wrapper|MPSoC_cpu1_jtag_debug_module_tck:the_MPSoC_cpu1_jtag_debug_module_tck|altera_std_synchronizer:the_altera_std_synchronizer2|din_s1 ;
; Typical MTBF (years)    ; Greater than 1 Billion                                                                                                                                                                                                                                                                    ;
; Included in Design MTBF ; Yes                                                                                                                                                                                                                                                                                       ;
+-------------------------+-------------------------------------------------------------------------------------------------------------------------------------------------------------------------------------------------------------------------------------------------------------------------------------------+

+-----------------------------------------------------------------------------------------------------------------------------------------------------------------------------------------------------------------------------------------------------------------------------------------------------------------------------------------------------------------------+
; Statistics                                                                                                                                                                                                                                                                                                                                                            ;
+---------------------------------------------------------------------------------------------------------------------------------------------------------------------------------------------------------------------------------------------------------------------------------------------+------------------------+--------------+------------------+--------------+
; Property                                                                                                                                                                                                                                                                                    ; Value                  ; Clock Period ; Active Edge Rate ; Output Slack ;
+---------------------------------------------------------------------------------------------------------------------------------------------------------------------------------------------------------------------------------------------------------------------------------------------+------------------------+--------------+------------------+--------------+
; Method of Synchronizer Identification                                                                                                                                                                                                                                                       ; User Specified         ;              ;                  ;              ;
; Typical MTBF (years)                                                                                                                                                                                                                                                                        ; Greater than 1 Billion ;              ;                  ;              ;
; Number of Synchronization Registers in Chain                                                                                                                                                                                                                                                ; 2                      ;              ;                  ;              ;
; Available Settling Time (ns)                                                                                                                                                                                                                                                                ; 197.716                ;              ;                  ;              ;
; Data Toggle Rate Used in MTBF Calculation (millions of transitions / sec)                                                                                                                                                                                                                   ; 1.25                   ;              ;                  ;              ;
; Source Clock                                                                                                                                                                                                                                                                                ;                        ;              ;                  ;              ;
;  Unknown                                                                                                                                                                                                                                                                                    ;                        ;              ;                  ;              ;
; Synchronization Clock                                                                                                                                                                                                                                                                       ;                        ;              ;                  ;              ;
;  altera_reserved_tck                                                                                                                                                                                                                                                                        ;                        ; 100.000      ; 10.0 MHz         ;              ;
; Asynchronous Source                                                                                                                                                                                                                                                                         ;                        ;              ;                  ;              ;
;  MPSoC:inst1|MPSoC_cpu1:cpu1|MPSoC_cpu1_nios2_oci:the_MPSoC_cpu1_nios2_oci|MPSoC_cpu1_nios2_oci_debug:the_MPSoC_cpu1_nios2_oci_debug|monitor_ready                                                                                                                                          ;                        ;              ;                  ;              ;
; Synchronization Registers                                                                                                                                                                                                                                                                   ;                        ;              ;                  ;              ;
;  MPSoC:inst1|MPSoC_cpu1:cpu1|MPSoC_cpu1_nios2_oci:the_MPSoC_cpu1_nios2_oci|MPSoC_cpu1_jtag_debug_module_wrapper:the_MPSoC_cpu1_jtag_debug_module_wrapper|MPSoC_cpu1_jtag_debug_module_tck:the_MPSoC_cpu1_jtag_debug_module_tck|altera_std_synchronizer:the_altera_std_synchronizer2|din_s1  ;                        ;              ;                  ; 99.241       ;
;  MPSoC:inst1|MPSoC_cpu1:cpu1|MPSoC_cpu1_nios2_oci:the_MPSoC_cpu1_nios2_oci|MPSoC_cpu1_jtag_debug_module_wrapper:the_MPSoC_cpu1_jtag_debug_module_wrapper|MPSoC_cpu1_jtag_debug_module_tck:the_MPSoC_cpu1_jtag_debug_module_tck|altera_std_synchronizer:the_altera_std_synchronizer2|dreg[0] ;                        ;              ;                  ; 98.475       ;
+---------------------------------------------------------------------------------------------------------------------------------------------------------------------------------------------------------------------------------------------------------------------------------------------+------------------------+--------------+------------------+--------------+



+----------------------------------------------+
; Fast 1200mV 0C Model Setup Summary           ;
+---------------------+--------+---------------+
; Clock               ; Slack  ; End Point TNS ;
+---------------------+--------+---------------+
; altera_reserved_tck ; 47.732 ; 0.000         ;
+---------------------+--------+---------------+


+---------------------------------------------+
; Fast 1200mV 0C Model Hold Summary           ;
+---------------------+-------+---------------+
; Clock               ; Slack ; End Point TNS ;
+---------------------+-------+---------------+
; altera_reserved_tck ; 0.180 ; 0.000         ;
+---------------------+-------+---------------+


+----------------------------------------------+
; Fast 1200mV 0C Model Recovery Summary        ;
+---------------------+--------+---------------+
; Clock               ; Slack  ; End Point TNS ;
+---------------------+--------+---------------+
; altera_reserved_tck ; 47.765 ; 0.000         ;
+---------------------+--------+---------------+


+---------------------------------------------+
; Fast 1200mV 0C Model Removal Summary        ;
+---------------------+-------+---------------+
; Clock               ; Slack ; End Point TNS ;
+---------------------+-------+---------------+
; altera_reserved_tck ; 0.572 ; 0.000         ;
+---------------------+-------+---------------+


+--------------------------------------------------+
; Fast 1200mV 0C Model Minimum Pulse Width Summary ;
+---------------------+--------+-------------------+
; Clock               ; Slack  ; End Point TNS     ;
+---------------------+--------+-------------------+
; altera_reserved_tck ; 49.473 ; 0.000             ;
+---------------------+--------+-------------------+


+--------------------------------------------------------------------------------------------------------------------------------------------------------------------------------------------------------------------------------------------------------------------------------------------------------------------------------------------------------------------------------------------------------------------------------------------------------------------------------------------------------------------------------------------------------------------------+
; Fast 1200mV 0C Model Setup: 'altera_reserved_tck'                                                                                                                                                                                                                                                                                                                                                                                                                                                                                                                        ;
+--------+-------------------------------------------------------------------------------------------------------------------------------------------------------------------------------------------------------------------------------------+--------------------------------------------------------------------------------------------------------------------------------------------------------------------------------------------------------------------------------------+---------------------+---------------------+--------------+------------+------------+
; Slack  ; From Node                                                                                                                                                                                                                           ; To Node                                                                                                                                                                                                                              ; Launch Clock        ; Latch Clock         ; Relationship ; Clock Skew ; Data Delay ;
+--------+-------------------------------------------------------------------------------------------------------------------------------------------------------------------------------------------------------------------------------------+--------------------------------------------------------------------------------------------------------------------------------------------------------------------------------------------------------------------------------------+---------------------+---------------------+--------------+------------+------------+
; 47.732 ; MPSoC:inst1|MPSoC_cpu0:cpu0|MPSoC_cpu0_nios2_oci:the_MPSoC_cpu0_nios2_oci|MPSoC_cpu0_jtag_debug_module_wrapper:the_MPSoC_cpu0_jtag_debug_module_wrapper|MPSoC_cpu0_jtag_debug_module_tck:the_MPSoC_cpu0_jtag_debug_module_tck|sr[0] ; sld_hub:auto_hub|sld_jtag_hub:\jtag_hub_gen:sld_jtag_hub_inst|tdo                                                                                                                                                                    ; altera_reserved_tck ; altera_reserved_tck ; 50.000       ; 0.248      ; 2.523      ;
; 47.834 ; sld_hub:auto_hub|sld_jtag_hub:\jtag_hub_gen:sld_jtag_hub_inst|sld_rom_sr:hub_info_reg|WORD_SR[0]                                                                                                                                    ; sld_hub:auto_hub|sld_jtag_hub:\jtag_hub_gen:sld_jtag_hub_inst|tdo                                                                                                                                                                    ; altera_reserved_tck ; altera_reserved_tck ; 50.000       ; 0.273      ; 2.446      ;
; 47.893 ; sld_hub:auto_hub|sld_jtag_hub:\jtag_hub_gen:sld_jtag_hub_inst|irsr_reg[2]                                                                                                                                                           ; sld_hub:auto_hub|sld_jtag_hub:\jtag_hub_gen:sld_jtag_hub_inst|tdo                                                                                                                                                                    ; altera_reserved_tck ; altera_reserved_tck ; 50.000       ; 0.290      ; 2.404      ;
; 47.896 ; sld_hub:auto_hub|sld_jtag_hub:\jtag_hub_gen:sld_jtag_hub_inst|hub_minor_ver_reg[0]                                                                                                                                                  ; sld_hub:auto_hub|sld_jtag_hub:\jtag_hub_gen:sld_jtag_hub_inst|tdo                                                                                                                                                                    ; altera_reserved_tck ; altera_reserved_tck ; 50.000       ; 0.291      ; 2.402      ;
; 47.922 ; sld_hub:auto_hub|sld_jtag_hub:\jtag_hub_gen:sld_jtag_hub_inst|irsr_reg[8]                                                                                                                                                           ; sld_hub:auto_hub|sld_jtag_hub:\jtag_hub_gen:sld_jtag_hub_inst|tdo                                                                                                                                                                    ; altera_reserved_tck ; altera_reserved_tck ; 50.000       ; 0.284      ; 2.369      ;
; 47.939 ; sld_hub:auto_hub|sld_jtag_hub:\jtag_hub_gen:sld_jtag_hub_inst|irsr_reg[7]                                                                                                                                                           ; sld_hub:auto_hub|sld_jtag_hub:\jtag_hub_gen:sld_jtag_hub_inst|tdo                                                                                                                                                                    ; altera_reserved_tck ; altera_reserved_tck ; 50.000       ; 0.284      ; 2.352      ;
; 47.948 ; sld_hub:auto_hub|sld_jtag_hub:\jtag_hub_gen:sld_jtag_hub_inst|irsr_reg[0]                                                                                                                                                           ; sld_hub:auto_hub|sld_jtag_hub:\jtag_hub_gen:sld_jtag_hub_inst|tdo                                                                                                                                                                    ; altera_reserved_tck ; altera_reserved_tck ; 50.000       ; 0.290      ; 2.349      ;
; 48.107 ; sld_hub:auto_hub|sld_jtag_hub:\jtag_hub_gen:sld_jtag_hub_inst|irsr_reg[6]                                                                                                                                                           ; sld_hub:auto_hub|sld_jtag_hub:\jtag_hub_gen:sld_jtag_hub_inst|tdo                                                                                                                                                                    ; altera_reserved_tck ; altera_reserved_tck ; 50.000       ; 0.284      ; 2.184      ;
; 48.357 ; sld_hub:auto_hub|sld_jtag_hub:\jtag_hub_gen:sld_jtag_hub_inst|irsr_reg[1]                                                                                                                                                           ; sld_hub:auto_hub|sld_jtag_hub:\jtag_hub_gen:sld_jtag_hub_inst|tdo                                                                                                                                                                    ; altera_reserved_tck ; altera_reserved_tck ; 50.000       ; 0.290      ; 1.940      ;
; 48.526 ; sld_hub:auto_hub|sld_jtag_hub:\jtag_hub_gen:sld_jtag_hub_inst|sld_shadow_jsm:shadow_jsm|state[3]                                                                                                                                    ; sld_hub:auto_hub|sld_jtag_hub:\jtag_hub_gen:sld_jtag_hub_inst|tdo                                                                                                                                                                    ; altera_reserved_tck ; altera_reserved_tck ; 50.000       ; 0.270      ; 1.751      ;
; 48.550 ; sld_hub:auto_hub|sld_jtag_hub:\jtag_hub_gen:sld_jtag_hub_inst|tdo_bypass_reg                                                                                                                                                        ; sld_hub:auto_hub|sld_jtag_hub:\jtag_hub_gen:sld_jtag_hub_inst|tdo                                                                                                                                                                    ; altera_reserved_tck ; altera_reserved_tck ; 50.000       ; 0.291      ; 1.748      ;
; 48.676 ; sld_hub:auto_hub|sld_jtag_hub:\jtag_hub_gen:sld_jtag_hub_inst|virtual_ir_scan_reg                                                                                                                                                   ; sld_hub:auto_hub|sld_jtag_hub:\jtag_hub_gen:sld_jtag_hub_inst|tdo                                                                                                                                                                    ; altera_reserved_tck ; altera_reserved_tck ; 50.000       ; 0.270      ; 1.601      ;
; 48.737 ; sld_hub:auto_hub|sld_jtag_hub:\jtag_hub_gen:sld_jtag_hub_inst|design_hash_reg[0]                                                                                                                                                    ; sld_hub:auto_hub|sld_jtag_hub:\jtag_hub_gen:sld_jtag_hub_inst|tdo                                                                                                                                                                    ; altera_reserved_tck ; altera_reserved_tck ; 50.000       ; 0.284      ; 1.554      ;
; 48.828 ; MPSoC:inst1|MPSoC_cpu1:cpu1|MPSoC_cpu1_nios2_oci:the_MPSoC_cpu1_nios2_oci|MPSoC_cpu1_jtag_debug_module_wrapper:the_MPSoC_cpu1_jtag_debug_module_wrapper|MPSoC_cpu1_jtag_debug_module_tck:the_MPSoC_cpu1_jtag_debug_module_tck|sr[0] ; sld_hub:auto_hub|sld_jtag_hub:\jtag_hub_gen:sld_jtag_hub_inst|tdo                                                                                                                                                                    ; altera_reserved_tck ; altera_reserved_tck ; 50.000       ; 0.282      ; 1.461      ;
; 48.894 ; sld_hub:auto_hub|sld_jtag_hub:\jtag_hub_gen:sld_jtag_hub_inst|irf_reg[3][0]                                                                                                                                                         ; MPSoC:inst1|MPSoC_jtag0:jtag0|alt_jtag_atlantic:MPSoC_jtag0_alt_jtag_atlantic|jupdate                                                                                                                                                ; altera_reserved_tck ; altera_reserved_tck ; 50.000       ; 0.311      ; 1.424      ;
; 49.033 ; sld_hub:auto_hub|sld_jtag_hub:\jtag_hub_gen:sld_jtag_hub_inst|node_ena[3]~reg0                                                                                                                                                      ; MPSoC:inst1|MPSoC_jtag0:jtag0|alt_jtag_atlantic:MPSoC_jtag0_alt_jtag_atlantic|jupdate                                                                                                                                                ; altera_reserved_tck ; altera_reserved_tck ; 50.000       ; 0.304      ; 1.278      ;
; 49.070 ; sld_hub:auto_hub|sld_jtag_hub:\jtag_hub_gen:sld_jtag_hub_inst|virtual_ir_scan_reg                                                                                                                                                   ; MPSoC:inst1|MPSoC_jtag0:jtag1|alt_jtag_atlantic:MPSoC_jtag0_alt_jtag_atlantic|jupdate                                                                                                                                                ; altera_reserved_tck ; altera_reserved_tck ; 50.000       ; 0.256      ; 1.193      ;
; 49.074 ; sld_hub:auto_hub|sld_jtag_hub:\jtag_hub_gen:sld_jtag_hub_inst|sld_shadow_jsm:shadow_jsm|state[4]                                                                                                                                    ; sld_hub:auto_hub|sld_jtag_hub:\jtag_hub_gen:sld_jtag_hub_inst|tdo                                                                                                                                                                    ; altera_reserved_tck ; altera_reserved_tck ; 50.000       ; 0.291      ; 1.224      ;
; 49.151 ; sld_hub:auto_hub|sld_jtag_hub:\jtag_hub_gen:sld_jtag_hub_inst|virtual_ir_scan_reg                                                                                                                                                   ; MPSoC:inst1|MPSoC_jtag0:jtag0|alt_jtag_atlantic:MPSoC_jtag0_alt_jtag_atlantic|jupdate                                                                                                                                                ; altera_reserved_tck ; altera_reserved_tck ; 50.000       ; 0.290      ; 1.146      ;
; 49.280 ; sld_hub:auto_hub|sld_jtag_hub:\jtag_hub_gen:sld_jtag_hub_inst|sld_shadow_jsm:shadow_jsm|state[8]                                                                                                                                    ; MPSoC:inst1|MPSoC_jtag0:jtag0|alt_jtag_atlantic:MPSoC_jtag0_alt_jtag_atlantic|jupdate                                                                                                                                                ; altera_reserved_tck ; altera_reserved_tck ; 50.000       ; 0.290      ; 1.017      ;
; 49.296 ; sld_hub:auto_hub|sld_jtag_hub:\jtag_hub_gen:sld_jtag_hub_inst|sld_shadow_jsm:shadow_jsm|state[8]                                                                                                                                    ; MPSoC:inst1|MPSoC_jtag0:jtag1|alt_jtag_atlantic:MPSoC_jtag0_alt_jtag_atlantic|jupdate                                                                                                                                                ; altera_reserved_tck ; altera_reserved_tck ; 50.000       ; 0.256      ; 0.967      ;
; 49.367 ; sld_hub:auto_hub|sld_jtag_hub:\jtag_hub_gen:sld_jtag_hub_inst|irf_reg[4][0]                                                                                                                                                         ; MPSoC:inst1|MPSoC_jtag0:jtag1|alt_jtag_atlantic:MPSoC_jtag0_alt_jtag_atlantic|jupdate                                                                                                                                                ; altera_reserved_tck ; altera_reserved_tck ; 50.000       ; 0.269      ; 0.909      ;
; 49.412 ; sld_hub:auto_hub|sld_jtag_hub:\jtag_hub_gen:sld_jtag_hub_inst|node_ena[4]~reg0                                                                                                                                                      ; MPSoC:inst1|MPSoC_jtag0:jtag1|alt_jtag_atlantic:MPSoC_jtag0_alt_jtag_atlantic|jupdate                                                                                                                                                ; altera_reserved_tck ; altera_reserved_tck ; 50.000       ; 0.270      ; 0.865      ;
; 49.609 ; MPSoC:inst1|MPSoC_jtag0:jtag0|alt_jtag_atlantic:MPSoC_jtag0_alt_jtag_atlantic|td_shift[0]                                                                                                                                           ; MPSoC:inst1|MPSoC_jtag0:jtag0|alt_jtag_atlantic:MPSoC_jtag0_alt_jtag_atlantic|tdo~reg0                                                                                                                                               ; altera_reserved_tck ; altera_reserved_tck ; 50.000       ; 0.270      ; 0.668      ;
; 49.806 ; MPSoC:inst1|MPSoC_jtag0:jtag1|alt_jtag_atlantic:MPSoC_jtag0_alt_jtag_atlantic|td_shift[0]                                                                                                                                           ; MPSoC:inst1|MPSoC_jtag0:jtag1|alt_jtag_atlantic:MPSoC_jtag0_alt_jtag_atlantic|tdo~reg0                                                                                                                                               ; altera_reserved_tck ; altera_reserved_tck ; 50.000       ; 0.272      ; 0.473      ;
; 96.648 ; sld_hub:auto_hub|sld_jtag_hub:\jtag_hub_gen:sld_jtag_hub_inst|virtual_ir_scan_reg                                                                                                                                                   ; MPSoC:inst1|MPSoC_cpu1:cpu1|MPSoC_cpu1_nios2_oci:the_MPSoC_cpu1_nios2_oci|MPSoC_cpu1_jtag_debug_module_wrapper:the_MPSoC_cpu1_jtag_debug_module_wrapper|MPSoC_cpu1_jtag_debug_module_tck:the_MPSoC_cpu1_jtag_debug_module_tck|sr[24] ; altera_reserved_tck ; altera_reserved_tck ; 100.000      ; -0.062     ; 3.297      ;
; 96.649 ; sld_hub:auto_hub|sld_jtag_hub:\jtag_hub_gen:sld_jtag_hub_inst|virtual_ir_scan_reg                                                                                                                                                   ; MPSoC:inst1|MPSoC_cpu1:cpu1|MPSoC_cpu1_nios2_oci:the_MPSoC_cpu1_nios2_oci|MPSoC_cpu1_jtag_debug_module_wrapper:the_MPSoC_cpu1_jtag_debug_module_wrapper|MPSoC_cpu1_jtag_debug_module_tck:the_MPSoC_cpu1_jtag_debug_module_tck|sr[29] ; altera_reserved_tck ; altera_reserved_tck ; 100.000      ; -0.062     ; 3.296      ;
; 96.675 ; sld_hub:auto_hub|sld_jtag_hub:\jtag_hub_gen:sld_jtag_hub_inst|virtual_ir_scan_reg                                                                                                                                                   ; MPSoC:inst1|MPSoC_cpu1:cpu1|MPSoC_cpu1_nios2_oci:the_MPSoC_cpu1_nios2_oci|MPSoC_cpu1_jtag_debug_module_wrapper:the_MPSoC_cpu1_jtag_debug_module_wrapper|MPSoC_cpu1_jtag_debug_module_tck:the_MPSoC_cpu1_jtag_debug_module_tck|sr[25] ; altera_reserved_tck ; altera_reserved_tck ; 100.000      ; -0.062     ; 3.270      ;
; 96.675 ; sld_hub:auto_hub|sld_jtag_hub:\jtag_hub_gen:sld_jtag_hub_inst|virtual_ir_scan_reg                                                                                                                                                   ; MPSoC:inst1|MPSoC_cpu1:cpu1|MPSoC_cpu1_nios2_oci:the_MPSoC_cpu1_nios2_oci|MPSoC_cpu1_jtag_debug_module_wrapper:the_MPSoC_cpu1_jtag_debug_module_wrapper|MPSoC_cpu1_jtag_debug_module_tck:the_MPSoC_cpu1_jtag_debug_module_tck|sr[27] ; altera_reserved_tck ; altera_reserved_tck ; 100.000      ; -0.062     ; 3.270      ;
; 96.675 ; sld_hub:auto_hub|sld_jtag_hub:\jtag_hub_gen:sld_jtag_hub_inst|virtual_ir_scan_reg                                                                                                                                                   ; MPSoC:inst1|MPSoC_cpu1:cpu1|MPSoC_cpu1_nios2_oci:the_MPSoC_cpu1_nios2_oci|MPSoC_cpu1_jtag_debug_module_wrapper:the_MPSoC_cpu1_jtag_debug_module_wrapper|MPSoC_cpu1_jtag_debug_module_tck:the_MPSoC_cpu1_jtag_debug_module_tck|sr[32] ; altera_reserved_tck ; altera_reserved_tck ; 100.000      ; -0.062     ; 3.270      ;
; 96.676 ; sld_hub:auto_hub|sld_jtag_hub:\jtag_hub_gen:sld_jtag_hub_inst|virtual_ir_scan_reg                                                                                                                                                   ; MPSoC:inst1|MPSoC_cpu1:cpu1|MPSoC_cpu1_nios2_oci:the_MPSoC_cpu1_nios2_oci|MPSoC_cpu1_jtag_debug_module_wrapper:the_MPSoC_cpu1_jtag_debug_module_wrapper|MPSoC_cpu1_jtag_debug_module_tck:the_MPSoC_cpu1_jtag_debug_module_tck|sr[26] ; altera_reserved_tck ; altera_reserved_tck ; 100.000      ; -0.062     ; 3.269      ;
; 96.754 ; sld_hub:auto_hub|sld_jtag_hub:\jtag_hub_gen:sld_jtag_hub_inst|virtual_ir_scan_reg                                                                                                                                                   ; MPSoC:inst1|MPSoC_cpu1:cpu1|MPSoC_cpu1_nios2_oci:the_MPSoC_cpu1_nios2_oci|MPSoC_cpu1_jtag_debug_module_wrapper:the_MPSoC_cpu1_jtag_debug_module_wrapper|MPSoC_cpu1_jtag_debug_module_tck:the_MPSoC_cpu1_jtag_debug_module_tck|sr[30] ; altera_reserved_tck ; altera_reserved_tck ; 100.000      ; -0.062     ; 3.191      ;
; 96.754 ; sld_hub:auto_hub|sld_jtag_hub:\jtag_hub_gen:sld_jtag_hub_inst|virtual_ir_scan_reg                                                                                                                                                   ; MPSoC:inst1|MPSoC_cpu1:cpu1|MPSoC_cpu1_nios2_oci:the_MPSoC_cpu1_nios2_oci|MPSoC_cpu1_jtag_debug_module_wrapper:the_MPSoC_cpu1_jtag_debug_module_wrapper|MPSoC_cpu1_jtag_debug_module_tck:the_MPSoC_cpu1_jtag_debug_module_tck|sr[28] ; altera_reserved_tck ; altera_reserved_tck ; 100.000      ; -0.062     ; 3.191      ;
; 96.894 ; sld_hub:auto_hub|sld_jtag_hub:\jtag_hub_gen:sld_jtag_hub_inst|virtual_ir_scan_reg                                                                                                                                                   ; MPSoC:inst1|MPSoC_cpu1:cpu1|MPSoC_cpu1_nios2_oci:the_MPSoC_cpu1_nios2_oci|MPSoC_cpu1_jtag_debug_module_wrapper:the_MPSoC_cpu1_jtag_debug_module_wrapper|MPSoC_cpu1_jtag_debug_module_tck:the_MPSoC_cpu1_jtag_debug_module_tck|sr[20] ; altera_reserved_tck ; altera_reserved_tck ; 100.000      ; -0.072     ; 3.041      ;
; 96.894 ; sld_hub:auto_hub|sld_jtag_hub:\jtag_hub_gen:sld_jtag_hub_inst|virtual_ir_scan_reg                                                                                                                                                   ; MPSoC:inst1|MPSoC_cpu1:cpu1|MPSoC_cpu1_nios2_oci:the_MPSoC_cpu1_nios2_oci|MPSoC_cpu1_jtag_debug_module_wrapper:the_MPSoC_cpu1_jtag_debug_module_wrapper|MPSoC_cpu1_jtag_debug_module_tck:the_MPSoC_cpu1_jtag_debug_module_tck|sr[17] ; altera_reserved_tck ; altera_reserved_tck ; 100.000      ; -0.072     ; 3.041      ;
; 96.894 ; sld_hub:auto_hub|sld_jtag_hub:\jtag_hub_gen:sld_jtag_hub_inst|virtual_ir_scan_reg                                                                                                                                                   ; MPSoC:inst1|MPSoC_cpu1:cpu1|MPSoC_cpu1_nios2_oci:the_MPSoC_cpu1_nios2_oci|MPSoC_cpu1_jtag_debug_module_wrapper:the_MPSoC_cpu1_jtag_debug_module_wrapper|MPSoC_cpu1_jtag_debug_module_tck:the_MPSoC_cpu1_jtag_debug_module_tck|sr[18] ; altera_reserved_tck ; altera_reserved_tck ; 100.000      ; -0.072     ; 3.041      ;
; 96.894 ; sld_hub:auto_hub|sld_jtag_hub:\jtag_hub_gen:sld_jtag_hub_inst|virtual_ir_scan_reg                                                                                                                                                   ; MPSoC:inst1|MPSoC_cpu1:cpu1|MPSoC_cpu1_nios2_oci:the_MPSoC_cpu1_nios2_oci|MPSoC_cpu1_jtag_debug_module_wrapper:the_MPSoC_cpu1_jtag_debug_module_wrapper|MPSoC_cpu1_jtag_debug_module_tck:the_MPSoC_cpu1_jtag_debug_module_tck|sr[19] ; altera_reserved_tck ; altera_reserved_tck ; 100.000      ; -0.072     ; 3.041      ;
; 96.894 ; sld_hub:auto_hub|sld_jtag_hub:\jtag_hub_gen:sld_jtag_hub_inst|virtual_ir_scan_reg                                                                                                                                                   ; MPSoC:inst1|MPSoC_cpu1:cpu1|MPSoC_cpu1_nios2_oci:the_MPSoC_cpu1_nios2_oci|MPSoC_cpu1_jtag_debug_module_wrapper:the_MPSoC_cpu1_jtag_debug_module_wrapper|MPSoC_cpu1_jtag_debug_module_tck:the_MPSoC_cpu1_jtag_debug_module_tck|sr[16] ; altera_reserved_tck ; altera_reserved_tck ; 100.000      ; -0.072     ; 3.041      ;
; 96.922 ; sld_hub:auto_hub|sld_jtag_hub:\jtag_hub_gen:sld_jtag_hub_inst|sld_shadow_jsm:shadow_jsm|state[4]                                                                                                                                    ; MPSoC:inst1|MPSoC_cpu1:cpu1|MPSoC_cpu1_nios2_oci:the_MPSoC_cpu1_nios2_oci|MPSoC_cpu1_jtag_debug_module_wrapper:the_MPSoC_cpu1_jtag_debug_module_wrapper|MPSoC_cpu1_jtag_debug_module_tck:the_MPSoC_cpu1_jtag_debug_module_tck|sr[24] ; altera_reserved_tck ; altera_reserved_tck ; 100.000      ; -0.041     ; 3.044      ;
; 96.923 ; sld_hub:auto_hub|sld_jtag_hub:\jtag_hub_gen:sld_jtag_hub_inst|sld_shadow_jsm:shadow_jsm|state[4]                                                                                                                                    ; MPSoC:inst1|MPSoC_cpu1:cpu1|MPSoC_cpu1_nios2_oci:the_MPSoC_cpu1_nios2_oci|MPSoC_cpu1_jtag_debug_module_wrapper:the_MPSoC_cpu1_jtag_debug_module_wrapper|MPSoC_cpu1_jtag_debug_module_tck:the_MPSoC_cpu1_jtag_debug_module_tck|sr[29] ; altera_reserved_tck ; altera_reserved_tck ; 100.000      ; -0.041     ; 3.043      ;
; 96.932 ; sld_hub:auto_hub|sld_jtag_hub:\jtag_hub_gen:sld_jtag_hub_inst|virtual_ir_scan_reg                                                                                                                                                   ; MPSoC:inst1|MPSoC_cpu1:cpu1|MPSoC_cpu1_nios2_oci:the_MPSoC_cpu1_nios2_oci|MPSoC_cpu1_jtag_debug_module_wrapper:the_MPSoC_cpu1_jtag_debug_module_wrapper|MPSoC_cpu1_jtag_debug_module_tck:the_MPSoC_cpu1_jtag_debug_module_tck|sr[23] ; altera_reserved_tck ; altera_reserved_tck ; 100.000      ; -0.070     ; 3.005      ;
; 96.932 ; sld_hub:auto_hub|sld_jtag_hub:\jtag_hub_gen:sld_jtag_hub_inst|virtual_ir_scan_reg                                                                                                                                                   ; MPSoC:inst1|MPSoC_cpu1:cpu1|MPSoC_cpu1_nios2_oci:the_MPSoC_cpu1_nios2_oci|MPSoC_cpu1_jtag_debug_module_wrapper:the_MPSoC_cpu1_jtag_debug_module_wrapper|MPSoC_cpu1_jtag_debug_module_tck:the_MPSoC_cpu1_jtag_debug_module_tck|sr[22] ; altera_reserved_tck ; altera_reserved_tck ; 100.000      ; -0.070     ; 3.005      ;
; 96.932 ; sld_hub:auto_hub|sld_jtag_hub:\jtag_hub_gen:sld_jtag_hub_inst|virtual_ir_scan_reg                                                                                                                                                   ; MPSoC:inst1|MPSoC_cpu1:cpu1|MPSoC_cpu1_nios2_oci:the_MPSoC_cpu1_nios2_oci|MPSoC_cpu1_jtag_debug_module_wrapper:the_MPSoC_cpu1_jtag_debug_module_wrapper|MPSoC_cpu1_jtag_debug_module_tck:the_MPSoC_cpu1_jtag_debug_module_tck|sr[21] ; altera_reserved_tck ; altera_reserved_tck ; 100.000      ; -0.070     ; 3.005      ;
; 96.932 ; sld_hub:auto_hub|sld_jtag_hub:\jtag_hub_gen:sld_jtag_hub_inst|virtual_ir_scan_reg                                                                                                                                                   ; MPSoC:inst1|MPSoC_cpu1:cpu1|MPSoC_cpu1_nios2_oci:the_MPSoC_cpu1_nios2_oci|MPSoC_cpu1_jtag_debug_module_wrapper:the_MPSoC_cpu1_jtag_debug_module_wrapper|MPSoC_cpu1_jtag_debug_module_tck:the_MPSoC_cpu1_jtag_debug_module_tck|sr[34] ; altera_reserved_tck ; altera_reserved_tck ; 100.000      ; -0.070     ; 3.005      ;
; 96.932 ; sld_hub:auto_hub|sld_jtag_hub:\jtag_hub_gen:sld_jtag_hub_inst|virtual_ir_scan_reg                                                                                                                                                   ; MPSoC:inst1|MPSoC_cpu1:cpu1|MPSoC_cpu1_nios2_oci:the_MPSoC_cpu1_nios2_oci|MPSoC_cpu1_jtag_debug_module_wrapper:the_MPSoC_cpu1_jtag_debug_module_wrapper|MPSoC_cpu1_jtag_debug_module_tck:the_MPSoC_cpu1_jtag_debug_module_tck|sr[33] ; altera_reserved_tck ; altera_reserved_tck ; 100.000      ; -0.070     ; 3.005      ;
; 96.949 ; sld_hub:auto_hub|sld_jtag_hub:\jtag_hub_gen:sld_jtag_hub_inst|sld_shadow_jsm:shadow_jsm|state[4]                                                                                                                                    ; MPSoC:inst1|MPSoC_cpu1:cpu1|MPSoC_cpu1_nios2_oci:the_MPSoC_cpu1_nios2_oci|MPSoC_cpu1_jtag_debug_module_wrapper:the_MPSoC_cpu1_jtag_debug_module_wrapper|MPSoC_cpu1_jtag_debug_module_tck:the_MPSoC_cpu1_jtag_debug_module_tck|sr[25] ; altera_reserved_tck ; altera_reserved_tck ; 100.000      ; -0.041     ; 3.017      ;
; 96.949 ; sld_hub:auto_hub|sld_jtag_hub:\jtag_hub_gen:sld_jtag_hub_inst|sld_shadow_jsm:shadow_jsm|state[4]                                                                                                                                    ; MPSoC:inst1|MPSoC_cpu1:cpu1|MPSoC_cpu1_nios2_oci:the_MPSoC_cpu1_nios2_oci|MPSoC_cpu1_jtag_debug_module_wrapper:the_MPSoC_cpu1_jtag_debug_module_wrapper|MPSoC_cpu1_jtag_debug_module_tck:the_MPSoC_cpu1_jtag_debug_module_tck|sr[27] ; altera_reserved_tck ; altera_reserved_tck ; 100.000      ; -0.041     ; 3.017      ;
; 96.949 ; sld_hub:auto_hub|sld_jtag_hub:\jtag_hub_gen:sld_jtag_hub_inst|sld_shadow_jsm:shadow_jsm|state[4]                                                                                                                                    ; MPSoC:inst1|MPSoC_cpu1:cpu1|MPSoC_cpu1_nios2_oci:the_MPSoC_cpu1_nios2_oci|MPSoC_cpu1_jtag_debug_module_wrapper:the_MPSoC_cpu1_jtag_debug_module_wrapper|MPSoC_cpu1_jtag_debug_module_tck:the_MPSoC_cpu1_jtag_debug_module_tck|sr[32] ; altera_reserved_tck ; altera_reserved_tck ; 100.000      ; -0.041     ; 3.017      ;
; 96.950 ; sld_hub:auto_hub|sld_jtag_hub:\jtag_hub_gen:sld_jtag_hub_inst|sld_shadow_jsm:shadow_jsm|state[4]                                                                                                                                    ; MPSoC:inst1|MPSoC_cpu1:cpu1|MPSoC_cpu1_nios2_oci:the_MPSoC_cpu1_nios2_oci|MPSoC_cpu1_jtag_debug_module_wrapper:the_MPSoC_cpu1_jtag_debug_module_wrapper|MPSoC_cpu1_jtag_debug_module_tck:the_MPSoC_cpu1_jtag_debug_module_tck|sr[26] ; altera_reserved_tck ; altera_reserved_tck ; 100.000      ; -0.041     ; 3.016      ;
; 97.028 ; sld_hub:auto_hub|sld_jtag_hub:\jtag_hub_gen:sld_jtag_hub_inst|sld_shadow_jsm:shadow_jsm|state[4]                                                                                                                                    ; MPSoC:inst1|MPSoC_cpu1:cpu1|MPSoC_cpu1_nios2_oci:the_MPSoC_cpu1_nios2_oci|MPSoC_cpu1_jtag_debug_module_wrapper:the_MPSoC_cpu1_jtag_debug_module_wrapper|MPSoC_cpu1_jtag_debug_module_tck:the_MPSoC_cpu1_jtag_debug_module_tck|sr[30] ; altera_reserved_tck ; altera_reserved_tck ; 100.000      ; -0.041     ; 2.938      ;
; 97.028 ; sld_hub:auto_hub|sld_jtag_hub:\jtag_hub_gen:sld_jtag_hub_inst|sld_shadow_jsm:shadow_jsm|state[4]                                                                                                                                    ; MPSoC:inst1|MPSoC_cpu1:cpu1|MPSoC_cpu1_nios2_oci:the_MPSoC_cpu1_nios2_oci|MPSoC_cpu1_jtag_debug_module_wrapper:the_MPSoC_cpu1_jtag_debug_module_wrapper|MPSoC_cpu1_jtag_debug_module_tck:the_MPSoC_cpu1_jtag_debug_module_tck|sr[28] ; altera_reserved_tck ; altera_reserved_tck ; 100.000      ; -0.041     ; 2.938      ;
; 97.109 ; sld_hub:auto_hub|sld_jtag_hub:\jtag_hub_gen:sld_jtag_hub_inst|virtual_ir_scan_reg                                                                                                                                                   ; MPSoC:inst1|MPSoC_cpu0:cpu0|MPSoC_cpu0_nios2_oci:the_MPSoC_cpu0_nios2_oci|MPSoC_cpu0_jtag_debug_module_wrapper:the_MPSoC_cpu0_jtag_debug_module_wrapper|MPSoC_cpu0_jtag_debug_module_tck:the_MPSoC_cpu0_jtag_debug_module_tck|sr[17] ; altera_reserved_tck ; altera_reserved_tck ; 100.000      ; -0.068     ; 2.830      ;
; 97.109 ; sld_hub:auto_hub|sld_jtag_hub:\jtag_hub_gen:sld_jtag_hub_inst|virtual_ir_scan_reg                                                                                                                                                   ; MPSoC:inst1|MPSoC_cpu0:cpu0|MPSoC_cpu0_nios2_oci:the_MPSoC_cpu0_nios2_oci|MPSoC_cpu0_jtag_debug_module_wrapper:the_MPSoC_cpu0_jtag_debug_module_wrapper|MPSoC_cpu0_jtag_debug_module_tck:the_MPSoC_cpu0_jtag_debug_module_tck|sr[18] ; altera_reserved_tck ; altera_reserved_tck ; 100.000      ; -0.068     ; 2.830      ;
; 97.109 ; sld_hub:auto_hub|sld_jtag_hub:\jtag_hub_gen:sld_jtag_hub_inst|virtual_ir_scan_reg                                                                                                                                                   ; MPSoC:inst1|MPSoC_cpu0:cpu0|MPSoC_cpu0_nios2_oci:the_MPSoC_cpu0_nios2_oci|MPSoC_cpu0_jtag_debug_module_wrapper:the_MPSoC_cpu0_jtag_debug_module_wrapper|MPSoC_cpu0_jtag_debug_module_tck:the_MPSoC_cpu0_jtag_debug_module_tck|sr[19] ; altera_reserved_tck ; altera_reserved_tck ; 100.000      ; -0.068     ; 2.830      ;
; 97.109 ; sld_hub:auto_hub|sld_jtag_hub:\jtag_hub_gen:sld_jtag_hub_inst|virtual_ir_scan_reg                                                                                                                                                   ; MPSoC:inst1|MPSoC_cpu0:cpu0|MPSoC_cpu0_nios2_oci:the_MPSoC_cpu0_nios2_oci|MPSoC_cpu0_jtag_debug_module_wrapper:the_MPSoC_cpu0_jtag_debug_module_wrapper|MPSoC_cpu0_jtag_debug_module_tck:the_MPSoC_cpu0_jtag_debug_module_tck|sr[20] ; altera_reserved_tck ; altera_reserved_tck ; 100.000      ; -0.068     ; 2.830      ;
; 97.109 ; sld_hub:auto_hub|sld_jtag_hub:\jtag_hub_gen:sld_jtag_hub_inst|virtual_ir_scan_reg                                                                                                                                                   ; MPSoC:inst1|MPSoC_cpu0:cpu0|MPSoC_cpu0_nios2_oci:the_MPSoC_cpu0_nios2_oci|MPSoC_cpu0_jtag_debug_module_wrapper:the_MPSoC_cpu0_jtag_debug_module_wrapper|MPSoC_cpu0_jtag_debug_module_tck:the_MPSoC_cpu0_jtag_debug_module_tck|sr[21] ; altera_reserved_tck ; altera_reserved_tck ; 100.000      ; -0.068     ; 2.830      ;
; 97.109 ; sld_hub:auto_hub|sld_jtag_hub:\jtag_hub_gen:sld_jtag_hub_inst|virtual_ir_scan_reg                                                                                                                                                   ; MPSoC:inst1|MPSoC_cpu0:cpu0|MPSoC_cpu0_nios2_oci:the_MPSoC_cpu0_nios2_oci|MPSoC_cpu0_jtag_debug_module_wrapper:the_MPSoC_cpu0_jtag_debug_module_wrapper|MPSoC_cpu0_jtag_debug_module_tck:the_MPSoC_cpu0_jtag_debug_module_tck|sr[16] ; altera_reserved_tck ; altera_reserved_tck ; 100.000      ; -0.068     ; 2.830      ;
; 97.147 ; sld_hub:auto_hub|sld_jtag_hub:\jtag_hub_gen:sld_jtag_hub_inst|node_ena[2]~reg0                                                                                                                                                      ; MPSoC:inst1|MPSoC_cpu0:cpu0|MPSoC_cpu0_nios2_oci:the_MPSoC_cpu0_nios2_oci|MPSoC_cpu0_jtag_debug_module_wrapper:the_MPSoC_cpu0_jtag_debug_module_wrapper|MPSoC_cpu0_jtag_debug_module_tck:the_MPSoC_cpu0_jtag_debug_module_tck|sr[17] ; altera_reserved_tck ; altera_reserved_tck ; 100.000      ; -0.054     ; 2.806      ;
; 97.147 ; sld_hub:auto_hub|sld_jtag_hub:\jtag_hub_gen:sld_jtag_hub_inst|node_ena[2]~reg0                                                                                                                                                      ; MPSoC:inst1|MPSoC_cpu0:cpu0|MPSoC_cpu0_nios2_oci:the_MPSoC_cpu0_nios2_oci|MPSoC_cpu0_jtag_debug_module_wrapper:the_MPSoC_cpu0_jtag_debug_module_wrapper|MPSoC_cpu0_jtag_debug_module_tck:the_MPSoC_cpu0_jtag_debug_module_tck|sr[18] ; altera_reserved_tck ; altera_reserved_tck ; 100.000      ; -0.054     ; 2.806      ;
; 97.147 ; sld_hub:auto_hub|sld_jtag_hub:\jtag_hub_gen:sld_jtag_hub_inst|node_ena[2]~reg0                                                                                                                                                      ; MPSoC:inst1|MPSoC_cpu0:cpu0|MPSoC_cpu0_nios2_oci:the_MPSoC_cpu0_nios2_oci|MPSoC_cpu0_jtag_debug_module_wrapper:the_MPSoC_cpu0_jtag_debug_module_wrapper|MPSoC_cpu0_jtag_debug_module_tck:the_MPSoC_cpu0_jtag_debug_module_tck|sr[19] ; altera_reserved_tck ; altera_reserved_tck ; 100.000      ; -0.054     ; 2.806      ;
; 97.147 ; sld_hub:auto_hub|sld_jtag_hub:\jtag_hub_gen:sld_jtag_hub_inst|node_ena[2]~reg0                                                                                                                                                      ; MPSoC:inst1|MPSoC_cpu0:cpu0|MPSoC_cpu0_nios2_oci:the_MPSoC_cpu0_nios2_oci|MPSoC_cpu0_jtag_debug_module_wrapper:the_MPSoC_cpu0_jtag_debug_module_wrapper|MPSoC_cpu0_jtag_debug_module_tck:the_MPSoC_cpu0_jtag_debug_module_tck|sr[20] ; altera_reserved_tck ; altera_reserved_tck ; 100.000      ; -0.054     ; 2.806      ;
; 97.147 ; sld_hub:auto_hub|sld_jtag_hub:\jtag_hub_gen:sld_jtag_hub_inst|node_ena[2]~reg0                                                                                                                                                      ; MPSoC:inst1|MPSoC_cpu0:cpu0|MPSoC_cpu0_nios2_oci:the_MPSoC_cpu0_nios2_oci|MPSoC_cpu0_jtag_debug_module_wrapper:the_MPSoC_cpu0_jtag_debug_module_wrapper|MPSoC_cpu0_jtag_debug_module_tck:the_MPSoC_cpu0_jtag_debug_module_tck|sr[21] ; altera_reserved_tck ; altera_reserved_tck ; 100.000      ; -0.054     ; 2.806      ;
; 97.147 ; sld_hub:auto_hub|sld_jtag_hub:\jtag_hub_gen:sld_jtag_hub_inst|node_ena[2]~reg0                                                                                                                                                      ; MPSoC:inst1|MPSoC_cpu0:cpu0|MPSoC_cpu0_nios2_oci:the_MPSoC_cpu0_nios2_oci|MPSoC_cpu0_jtag_debug_module_wrapper:the_MPSoC_cpu0_jtag_debug_module_wrapper|MPSoC_cpu0_jtag_debug_module_tck:the_MPSoC_cpu0_jtag_debug_module_tck|sr[16] ; altera_reserved_tck ; altera_reserved_tck ; 100.000      ; -0.054     ; 2.806      ;
; 97.151 ; sld_hub:auto_hub|sld_jtag_hub:\jtag_hub_gen:sld_jtag_hub_inst|node_ena[1]~reg0                                                                                                                                                      ; MPSoC:inst1|MPSoC_cpu1:cpu1|MPSoC_cpu1_nios2_oci:the_MPSoC_cpu1_nios2_oci|MPSoC_cpu1_jtag_debug_module_wrapper:the_MPSoC_cpu1_jtag_debug_module_wrapper|MPSoC_cpu1_jtag_debug_module_tck:the_MPSoC_cpu1_jtag_debug_module_tck|sr[24] ; altera_reserved_tck ; altera_reserved_tck ; 100.000      ; -0.048     ; 2.808      ;
; 97.152 ; sld_hub:auto_hub|sld_jtag_hub:\jtag_hub_gen:sld_jtag_hub_inst|node_ena[1]~reg0                                                                                                                                                      ; MPSoC:inst1|MPSoC_cpu1:cpu1|MPSoC_cpu1_nios2_oci:the_MPSoC_cpu1_nios2_oci|MPSoC_cpu1_jtag_debug_module_wrapper:the_MPSoC_cpu1_jtag_debug_module_wrapper|MPSoC_cpu1_jtag_debug_module_tck:the_MPSoC_cpu1_jtag_debug_module_tck|sr[29] ; altera_reserved_tck ; altera_reserved_tck ; 100.000      ; -0.048     ; 2.807      ;
; 97.168 ; sld_hub:auto_hub|sld_jtag_hub:\jtag_hub_gen:sld_jtag_hub_inst|sld_shadow_jsm:shadow_jsm|state[4]                                                                                                                                    ; MPSoC:inst1|MPSoC_cpu1:cpu1|MPSoC_cpu1_nios2_oci:the_MPSoC_cpu1_nios2_oci|MPSoC_cpu1_jtag_debug_module_wrapper:the_MPSoC_cpu1_jtag_debug_module_wrapper|MPSoC_cpu1_jtag_debug_module_tck:the_MPSoC_cpu1_jtag_debug_module_tck|sr[20] ; altera_reserved_tck ; altera_reserved_tck ; 100.000      ; -0.051     ; 2.788      ;
; 97.168 ; sld_hub:auto_hub|sld_jtag_hub:\jtag_hub_gen:sld_jtag_hub_inst|sld_shadow_jsm:shadow_jsm|state[4]                                                                                                                                    ; MPSoC:inst1|MPSoC_cpu1:cpu1|MPSoC_cpu1_nios2_oci:the_MPSoC_cpu1_nios2_oci|MPSoC_cpu1_jtag_debug_module_wrapper:the_MPSoC_cpu1_jtag_debug_module_wrapper|MPSoC_cpu1_jtag_debug_module_tck:the_MPSoC_cpu1_jtag_debug_module_tck|sr[17] ; altera_reserved_tck ; altera_reserved_tck ; 100.000      ; -0.051     ; 2.788      ;
; 97.168 ; sld_hub:auto_hub|sld_jtag_hub:\jtag_hub_gen:sld_jtag_hub_inst|sld_shadow_jsm:shadow_jsm|state[4]                                                                                                                                    ; MPSoC:inst1|MPSoC_cpu1:cpu1|MPSoC_cpu1_nios2_oci:the_MPSoC_cpu1_nios2_oci|MPSoC_cpu1_jtag_debug_module_wrapper:the_MPSoC_cpu1_jtag_debug_module_wrapper|MPSoC_cpu1_jtag_debug_module_tck:the_MPSoC_cpu1_jtag_debug_module_tck|sr[18] ; altera_reserved_tck ; altera_reserved_tck ; 100.000      ; -0.051     ; 2.788      ;
; 97.168 ; sld_hub:auto_hub|sld_jtag_hub:\jtag_hub_gen:sld_jtag_hub_inst|sld_shadow_jsm:shadow_jsm|state[4]                                                                                                                                    ; MPSoC:inst1|MPSoC_cpu1:cpu1|MPSoC_cpu1_nios2_oci:the_MPSoC_cpu1_nios2_oci|MPSoC_cpu1_jtag_debug_module_wrapper:the_MPSoC_cpu1_jtag_debug_module_wrapper|MPSoC_cpu1_jtag_debug_module_tck:the_MPSoC_cpu1_jtag_debug_module_tck|sr[19] ; altera_reserved_tck ; altera_reserved_tck ; 100.000      ; -0.051     ; 2.788      ;
; 97.168 ; sld_hub:auto_hub|sld_jtag_hub:\jtag_hub_gen:sld_jtag_hub_inst|sld_shadow_jsm:shadow_jsm|state[4]                                                                                                                                    ; MPSoC:inst1|MPSoC_cpu1:cpu1|MPSoC_cpu1_nios2_oci:the_MPSoC_cpu1_nios2_oci|MPSoC_cpu1_jtag_debug_module_wrapper:the_MPSoC_cpu1_jtag_debug_module_wrapper|MPSoC_cpu1_jtag_debug_module_tck:the_MPSoC_cpu1_jtag_debug_module_tck|sr[16] ; altera_reserved_tck ; altera_reserved_tck ; 100.000      ; -0.051     ; 2.788      ;
; 97.178 ; sld_hub:auto_hub|sld_jtag_hub:\jtag_hub_gen:sld_jtag_hub_inst|node_ena[1]~reg0                                                                                                                                                      ; MPSoC:inst1|MPSoC_cpu1:cpu1|MPSoC_cpu1_nios2_oci:the_MPSoC_cpu1_nios2_oci|MPSoC_cpu1_jtag_debug_module_wrapper:the_MPSoC_cpu1_jtag_debug_module_wrapper|MPSoC_cpu1_jtag_debug_module_tck:the_MPSoC_cpu1_jtag_debug_module_tck|sr[25] ; altera_reserved_tck ; altera_reserved_tck ; 100.000      ; -0.048     ; 2.781      ;
; 97.178 ; sld_hub:auto_hub|sld_jtag_hub:\jtag_hub_gen:sld_jtag_hub_inst|node_ena[1]~reg0                                                                                                                                                      ; MPSoC:inst1|MPSoC_cpu1:cpu1|MPSoC_cpu1_nios2_oci:the_MPSoC_cpu1_nios2_oci|MPSoC_cpu1_jtag_debug_module_wrapper:the_MPSoC_cpu1_jtag_debug_module_wrapper|MPSoC_cpu1_jtag_debug_module_tck:the_MPSoC_cpu1_jtag_debug_module_tck|sr[27] ; altera_reserved_tck ; altera_reserved_tck ; 100.000      ; -0.048     ; 2.781      ;
; 97.178 ; sld_hub:auto_hub|sld_jtag_hub:\jtag_hub_gen:sld_jtag_hub_inst|node_ena[1]~reg0                                                                                                                                                      ; MPSoC:inst1|MPSoC_cpu1:cpu1|MPSoC_cpu1_nios2_oci:the_MPSoC_cpu1_nios2_oci|MPSoC_cpu1_jtag_debug_module_wrapper:the_MPSoC_cpu1_jtag_debug_module_wrapper|MPSoC_cpu1_jtag_debug_module_tck:the_MPSoC_cpu1_jtag_debug_module_tck|sr[32] ; altera_reserved_tck ; altera_reserved_tck ; 100.000      ; -0.048     ; 2.781      ;
; 97.179 ; sld_hub:auto_hub|sld_jtag_hub:\jtag_hub_gen:sld_jtag_hub_inst|node_ena[1]~reg0                                                                                                                                                      ; MPSoC:inst1|MPSoC_cpu1:cpu1|MPSoC_cpu1_nios2_oci:the_MPSoC_cpu1_nios2_oci|MPSoC_cpu1_jtag_debug_module_wrapper:the_MPSoC_cpu1_jtag_debug_module_wrapper|MPSoC_cpu1_jtag_debug_module_tck:the_MPSoC_cpu1_jtag_debug_module_tck|sr[26] ; altera_reserved_tck ; altera_reserved_tck ; 100.000      ; -0.048     ; 2.780      ;
; 97.206 ; sld_hub:auto_hub|sld_jtag_hub:\jtag_hub_gen:sld_jtag_hub_inst|sld_shadow_jsm:shadow_jsm|state[4]                                                                                                                                    ; MPSoC:inst1|MPSoC_cpu1:cpu1|MPSoC_cpu1_nios2_oci:the_MPSoC_cpu1_nios2_oci|MPSoC_cpu1_jtag_debug_module_wrapper:the_MPSoC_cpu1_jtag_debug_module_wrapper|MPSoC_cpu1_jtag_debug_module_tck:the_MPSoC_cpu1_jtag_debug_module_tck|sr[23] ; altera_reserved_tck ; altera_reserved_tck ; 100.000      ; -0.049     ; 2.752      ;
; 97.206 ; sld_hub:auto_hub|sld_jtag_hub:\jtag_hub_gen:sld_jtag_hub_inst|sld_shadow_jsm:shadow_jsm|state[4]                                                                                                                                    ; MPSoC:inst1|MPSoC_cpu1:cpu1|MPSoC_cpu1_nios2_oci:the_MPSoC_cpu1_nios2_oci|MPSoC_cpu1_jtag_debug_module_wrapper:the_MPSoC_cpu1_jtag_debug_module_wrapper|MPSoC_cpu1_jtag_debug_module_tck:the_MPSoC_cpu1_jtag_debug_module_tck|sr[22] ; altera_reserved_tck ; altera_reserved_tck ; 100.000      ; -0.049     ; 2.752      ;
; 97.206 ; sld_hub:auto_hub|sld_jtag_hub:\jtag_hub_gen:sld_jtag_hub_inst|sld_shadow_jsm:shadow_jsm|state[4]                                                                                                                                    ; MPSoC:inst1|MPSoC_cpu1:cpu1|MPSoC_cpu1_nios2_oci:the_MPSoC_cpu1_nios2_oci|MPSoC_cpu1_jtag_debug_module_wrapper:the_MPSoC_cpu1_jtag_debug_module_wrapper|MPSoC_cpu1_jtag_debug_module_tck:the_MPSoC_cpu1_jtag_debug_module_tck|sr[21] ; altera_reserved_tck ; altera_reserved_tck ; 100.000      ; -0.049     ; 2.752      ;
; 97.206 ; sld_hub:auto_hub|sld_jtag_hub:\jtag_hub_gen:sld_jtag_hub_inst|sld_shadow_jsm:shadow_jsm|state[4]                                                                                                                                    ; MPSoC:inst1|MPSoC_cpu1:cpu1|MPSoC_cpu1_nios2_oci:the_MPSoC_cpu1_nios2_oci|MPSoC_cpu1_jtag_debug_module_wrapper:the_MPSoC_cpu1_jtag_debug_module_wrapper|MPSoC_cpu1_jtag_debug_module_tck:the_MPSoC_cpu1_jtag_debug_module_tck|sr[34] ; altera_reserved_tck ; altera_reserved_tck ; 100.000      ; -0.049     ; 2.752      ;
; 97.206 ; sld_hub:auto_hub|sld_jtag_hub:\jtag_hub_gen:sld_jtag_hub_inst|sld_shadow_jsm:shadow_jsm|state[4]                                                                                                                                    ; MPSoC:inst1|MPSoC_cpu1:cpu1|MPSoC_cpu1_nios2_oci:the_MPSoC_cpu1_nios2_oci|MPSoC_cpu1_jtag_debug_module_wrapper:the_MPSoC_cpu1_jtag_debug_module_wrapper|MPSoC_cpu1_jtag_debug_module_tck:the_MPSoC_cpu1_jtag_debug_module_tck|sr[33] ; altera_reserved_tck ; altera_reserved_tck ; 100.000      ; -0.049     ; 2.752      ;
; 97.214 ; sld_hub:auto_hub|sld_jtag_hub:\jtag_hub_gen:sld_jtag_hub_inst|virtual_ir_scan_reg                                                                                                                                                   ; MPSoC:inst1|MPSoC_cpu0:cpu0|MPSoC_cpu0_nios2_oci:the_MPSoC_cpu0_nios2_oci|MPSoC_cpu0_jtag_debug_module_wrapper:the_MPSoC_cpu0_jtag_debug_module_wrapper|MPSoC_cpu0_jtag_debug_module_tck:the_MPSoC_cpu0_jtag_debug_module_tck|sr[22] ; altera_reserved_tck ; altera_reserved_tck ; 100.000      ; -0.069     ; 2.724      ;
; 97.214 ; sld_hub:auto_hub|sld_jtag_hub:\jtag_hub_gen:sld_jtag_hub_inst|virtual_ir_scan_reg                                                                                                                                                   ; MPSoC:inst1|MPSoC_cpu0:cpu0|MPSoC_cpu0_nios2_oci:the_MPSoC_cpu0_nios2_oci|MPSoC_cpu0_jtag_debug_module_wrapper:the_MPSoC_cpu0_jtag_debug_module_wrapper|MPSoC_cpu0_jtag_debug_module_tck:the_MPSoC_cpu0_jtag_debug_module_tck|sr[23] ; altera_reserved_tck ; altera_reserved_tck ; 100.000      ; -0.069     ; 2.724      ;
; 97.214 ; sld_hub:auto_hub|sld_jtag_hub:\jtag_hub_gen:sld_jtag_hub_inst|virtual_ir_scan_reg                                                                                                                                                   ; MPSoC:inst1|MPSoC_cpu0:cpu0|MPSoC_cpu0_nios2_oci:the_MPSoC_cpu0_nios2_oci|MPSoC_cpu0_jtag_debug_module_wrapper:the_MPSoC_cpu0_jtag_debug_module_wrapper|MPSoC_cpu0_jtag_debug_module_tck:the_MPSoC_cpu0_jtag_debug_module_tck|sr[25] ; altera_reserved_tck ; altera_reserved_tck ; 100.000      ; -0.069     ; 2.724      ;
; 97.214 ; sld_hub:auto_hub|sld_jtag_hub:\jtag_hub_gen:sld_jtag_hub_inst|virtual_ir_scan_reg                                                                                                                                                   ; MPSoC:inst1|MPSoC_cpu0:cpu0|MPSoC_cpu0_nios2_oci:the_MPSoC_cpu0_nios2_oci|MPSoC_cpu0_jtag_debug_module_wrapper:the_MPSoC_cpu0_jtag_debug_module_wrapper|MPSoC_cpu0_jtag_debug_module_tck:the_MPSoC_cpu0_jtag_debug_module_tck|sr[24] ; altera_reserved_tck ; altera_reserved_tck ; 100.000      ; -0.069     ; 2.724      ;
; 97.214 ; sld_hub:auto_hub|sld_jtag_hub:\jtag_hub_gen:sld_jtag_hub_inst|virtual_ir_scan_reg                                                                                                                                                   ; MPSoC:inst1|MPSoC_cpu0:cpu0|MPSoC_cpu0_nios2_oci:the_MPSoC_cpu0_nios2_oci|MPSoC_cpu0_jtag_debug_module_wrapper:the_MPSoC_cpu0_jtag_debug_module_wrapper|MPSoC_cpu0_jtag_debug_module_tck:the_MPSoC_cpu0_jtag_debug_module_tck|sr[26] ; altera_reserved_tck ; altera_reserved_tck ; 100.000      ; -0.069     ; 2.724      ;
; 97.214 ; sld_hub:auto_hub|sld_jtag_hub:\jtag_hub_gen:sld_jtag_hub_inst|virtual_ir_scan_reg                                                                                                                                                   ; MPSoC:inst1|MPSoC_cpu0:cpu0|MPSoC_cpu0_nios2_oci:the_MPSoC_cpu0_nios2_oci|MPSoC_cpu0_jtag_debug_module_wrapper:the_MPSoC_cpu0_jtag_debug_module_wrapper|MPSoC_cpu0_jtag_debug_module_tck:the_MPSoC_cpu0_jtag_debug_module_tck|sr[27] ; altera_reserved_tck ; altera_reserved_tck ; 100.000      ; -0.069     ; 2.724      ;
; 97.227 ; sld_hub:auto_hub|sld_jtag_hub:\jtag_hub_gen:sld_jtag_hub_inst|virtual_ir_scan_reg                                                                                                                                                   ; MPSoC:inst1|MPSoC_cpu0:cpu0|MPSoC_cpu0_nios2_oci:the_MPSoC_cpu0_nios2_oci|MPSoC_cpu0_jtag_debug_module_wrapper:the_MPSoC_cpu0_jtag_debug_module_wrapper|MPSoC_cpu0_jtag_debug_module_tck:the_MPSoC_cpu0_jtag_debug_module_tck|sr[36] ; altera_reserved_tck ; altera_reserved_tck ; 100.000      ; -0.055     ; 2.725      ;
; 97.227 ; sld_hub:auto_hub|sld_jtag_hub:\jtag_hub_gen:sld_jtag_hub_inst|virtual_ir_scan_reg                                                                                                                                                   ; MPSoC:inst1|MPSoC_cpu0:cpu0|MPSoC_cpu0_nios2_oci:the_MPSoC_cpu0_nios2_oci|MPSoC_cpu0_jtag_debug_module_wrapper:the_MPSoC_cpu0_jtag_debug_module_wrapper|MPSoC_cpu0_jtag_debug_module_tck:the_MPSoC_cpu0_jtag_debug_module_tck|sr[37] ; altera_reserved_tck ; altera_reserved_tck ; 100.000      ; -0.055     ; 2.725      ;
; 97.230 ; sld_hub:auto_hub|sld_jtag_hub:\jtag_hub_gen:sld_jtag_hub_inst|sld_shadow_jsm:shadow_jsm|state[3]                                                                                                                                    ; MPSoC:inst1|MPSoC_cpu1:cpu1|MPSoC_cpu1_nios2_oci:the_MPSoC_cpu1_nios2_oci|MPSoC_cpu1_jtag_debug_module_wrapper:the_MPSoC_cpu1_jtag_debug_module_wrapper|MPSoC_cpu1_jtag_debug_module_tck:the_MPSoC_cpu1_jtag_debug_module_tck|sr[26] ; altera_reserved_tck ; altera_reserved_tck ; 100.000      ; -0.062     ; 2.715      ;
; 97.230 ; sld_hub:auto_hub|sld_jtag_hub:\jtag_hub_gen:sld_jtag_hub_inst|sld_shadow_jsm:shadow_jsm|state[3]                                                                                                                                    ; MPSoC:inst1|MPSoC_cpu1:cpu1|MPSoC_cpu1_nios2_oci:the_MPSoC_cpu1_nios2_oci|MPSoC_cpu1_jtag_debug_module_wrapper:the_MPSoC_cpu1_jtag_debug_module_wrapper|MPSoC_cpu1_jtag_debug_module_tck:the_MPSoC_cpu1_jtag_debug_module_tck|sr[25] ; altera_reserved_tck ; altera_reserved_tck ; 100.000      ; -0.062     ; 2.715      ;
; 97.230 ; sld_hub:auto_hub|sld_jtag_hub:\jtag_hub_gen:sld_jtag_hub_inst|sld_shadow_jsm:shadow_jsm|state[3]                                                                                                                                    ; MPSoC:inst1|MPSoC_cpu1:cpu1|MPSoC_cpu1_nios2_oci:the_MPSoC_cpu1_nios2_oci|MPSoC_cpu1_jtag_debug_module_wrapper:the_MPSoC_cpu1_jtag_debug_module_wrapper|MPSoC_cpu1_jtag_debug_module_tck:the_MPSoC_cpu1_jtag_debug_module_tck|sr[24] ; altera_reserved_tck ; altera_reserved_tck ; 100.000      ; -0.062     ; 2.715      ;
; 97.230 ; sld_hub:auto_hub|sld_jtag_hub:\jtag_hub_gen:sld_jtag_hub_inst|sld_shadow_jsm:shadow_jsm|state[3]                                                                                                                                    ; MPSoC:inst1|MPSoC_cpu1:cpu1|MPSoC_cpu1_nios2_oci:the_MPSoC_cpu1_nios2_oci|MPSoC_cpu1_jtag_debug_module_wrapper:the_MPSoC_cpu1_jtag_debug_module_wrapper|MPSoC_cpu1_jtag_debug_module_tck:the_MPSoC_cpu1_jtag_debug_module_tck|sr[27] ; altera_reserved_tck ; altera_reserved_tck ; 100.000      ; -0.062     ; 2.715      ;
; 97.230 ; sld_hub:auto_hub|sld_jtag_hub:\jtag_hub_gen:sld_jtag_hub_inst|sld_shadow_jsm:shadow_jsm|state[3]                                                                                                                                    ; MPSoC:inst1|MPSoC_cpu1:cpu1|MPSoC_cpu1_nios2_oci:the_MPSoC_cpu1_nios2_oci|MPSoC_cpu1_jtag_debug_module_wrapper:the_MPSoC_cpu1_jtag_debug_module_wrapper|MPSoC_cpu1_jtag_debug_module_tck:the_MPSoC_cpu1_jtag_debug_module_tck|sr[32] ; altera_reserved_tck ; altera_reserved_tck ; 100.000      ; -0.062     ; 2.715      ;
; 97.230 ; sld_hub:auto_hub|sld_jtag_hub:\jtag_hub_gen:sld_jtag_hub_inst|sld_shadow_jsm:shadow_jsm|state[3]                                                                                                                                    ; MPSoC:inst1|MPSoC_cpu1:cpu1|MPSoC_cpu1_nios2_oci:the_MPSoC_cpu1_nios2_oci|MPSoC_cpu1_jtag_debug_module_wrapper:the_MPSoC_cpu1_jtag_debug_module_wrapper|MPSoC_cpu1_jtag_debug_module_tck:the_MPSoC_cpu1_jtag_debug_module_tck|sr[30] ; altera_reserved_tck ; altera_reserved_tck ; 100.000      ; -0.062     ; 2.715      ;
; 97.230 ; sld_hub:auto_hub|sld_jtag_hub:\jtag_hub_gen:sld_jtag_hub_inst|sld_shadow_jsm:shadow_jsm|state[3]                                                                                                                                    ; MPSoC:inst1|MPSoC_cpu1:cpu1|MPSoC_cpu1_nios2_oci:the_MPSoC_cpu1_nios2_oci|MPSoC_cpu1_jtag_debug_module_wrapper:the_MPSoC_cpu1_jtag_debug_module_wrapper|MPSoC_cpu1_jtag_debug_module_tck:the_MPSoC_cpu1_jtag_debug_module_tck|sr[29] ; altera_reserved_tck ; altera_reserved_tck ; 100.000      ; -0.062     ; 2.715      ;
; 97.230 ; sld_hub:auto_hub|sld_jtag_hub:\jtag_hub_gen:sld_jtag_hub_inst|sld_shadow_jsm:shadow_jsm|state[3]                                                                                                                                    ; MPSoC:inst1|MPSoC_cpu1:cpu1|MPSoC_cpu1_nios2_oci:the_MPSoC_cpu1_nios2_oci|MPSoC_cpu1_jtag_debug_module_wrapper:the_MPSoC_cpu1_jtag_debug_module_wrapper|MPSoC_cpu1_jtag_debug_module_tck:the_MPSoC_cpu1_jtag_debug_module_tck|sr[28] ; altera_reserved_tck ; altera_reserved_tck ; 100.000      ; -0.062     ; 2.715      ;
; 97.236 ; sld_hub:auto_hub|sld_jtag_hub:\jtag_hub_gen:sld_jtag_hub_inst|virtual_ir_scan_reg                                                                                                                                                   ; MPSoC:inst1|MPSoC_cpu0:cpu0|MPSoC_cpu0_nios2_oci:the_MPSoC_cpu0_nios2_oci|MPSoC_cpu0_jtag_debug_module_wrapper:the_MPSoC_cpu0_jtag_debug_module_wrapper|MPSoC_cpu0_jtag_debug_module_tck:the_MPSoC_cpu0_jtag_debug_module_tck|sr[34] ; altera_reserved_tck ; altera_reserved_tck ; 100.000      ; -0.062     ; 2.709      ;
; 97.236 ; sld_hub:auto_hub|sld_jtag_hub:\jtag_hub_gen:sld_jtag_hub_inst|virtual_ir_scan_reg                                                                                                                                                   ; MPSoC:inst1|MPSoC_cpu0:cpu0|MPSoC_cpu0_nios2_oci:the_MPSoC_cpu0_nios2_oci|MPSoC_cpu0_jtag_debug_module_wrapper:the_MPSoC_cpu0_jtag_debug_module_wrapper|MPSoC_cpu0_jtag_debug_module_tck:the_MPSoC_cpu0_jtag_debug_module_tck|sr[28] ; altera_reserved_tck ; altera_reserved_tck ; 100.000      ; -0.062     ; 2.709      ;
; 97.236 ; sld_hub:auto_hub|sld_jtag_hub:\jtag_hub_gen:sld_jtag_hub_inst|virtual_ir_scan_reg                                                                                                                                                   ; MPSoC:inst1|MPSoC_cpu0:cpu0|MPSoC_cpu0_nios2_oci:the_MPSoC_cpu0_nios2_oci|MPSoC_cpu0_jtag_debug_module_wrapper:the_MPSoC_cpu0_jtag_debug_module_wrapper|MPSoC_cpu0_jtag_debug_module_tck:the_MPSoC_cpu0_jtag_debug_module_tck|sr[29] ; altera_reserved_tck ; altera_reserved_tck ; 100.000      ; -0.062     ; 2.709      ;
; 97.236 ; sld_hub:auto_hub|sld_jtag_hub:\jtag_hub_gen:sld_jtag_hub_inst|virtual_ir_scan_reg                                                                                                                                                   ; MPSoC:inst1|MPSoC_cpu0:cpu0|MPSoC_cpu0_nios2_oci:the_MPSoC_cpu0_nios2_oci|MPSoC_cpu0_jtag_debug_module_wrapper:the_MPSoC_cpu0_jtag_debug_module_wrapper|MPSoC_cpu0_jtag_debug_module_tck:the_MPSoC_cpu0_jtag_debug_module_tck|sr[32] ; altera_reserved_tck ; altera_reserved_tck ; 100.000      ; -0.062     ; 2.709      ;
; 97.236 ; sld_hub:auto_hub|sld_jtag_hub:\jtag_hub_gen:sld_jtag_hub_inst|virtual_ir_scan_reg                                                                                                                                                   ; MPSoC:inst1|MPSoC_cpu0:cpu0|MPSoC_cpu0_nios2_oci:the_MPSoC_cpu0_nios2_oci|MPSoC_cpu0_jtag_debug_module_wrapper:the_MPSoC_cpu0_jtag_debug_module_wrapper|MPSoC_cpu0_jtag_debug_module_tck:the_MPSoC_cpu0_jtag_debug_module_tck|sr[33] ; altera_reserved_tck ; altera_reserved_tck ; 100.000      ; -0.062     ; 2.709      ;
+--------+-------------------------------------------------------------------------------------------------------------------------------------------------------------------------------------------------------------------------------------+--------------------------------------------------------------------------------------------------------------------------------------------------------------------------------------------------------------------------------------+---------------------+---------------------+--------------+------------+------------+


+-------------------------------------------------------------------------------------------------------------------------------------------------------------------------------------------------------------------------------------------------------------------------------------------------------------------------------------------------------------------------------------------------------------------------------------------------------------------------------------------------------------------------------------------------------------------------------------------------------------------------------------------------------------------------------------+
; Fast 1200mV 0C Model Hold: 'altera_reserved_tck'                                                                                                                                                                                                                                                                                                                                                                                                                                                                                                                                                                                                                                    ;
+-------+-------------------------------------------------------------------------------------------------------------------------------------------------------------------------------------------------------------------------------------------------------------------------------------------+--------------------------------------------------------------------------------------------------------------------------------------------------------------------------------------------------------------------------------------------------------------------------------------------+---------------------+---------------------+--------------+------------+------------+
; Slack ; From Node                                                                                                                                                                                                                                                                                 ; To Node                                                                                                                                                                                                                                                                                    ; Launch Clock        ; Latch Clock         ; Relationship ; Clock Skew ; Data Delay ;
+-------+-------------------------------------------------------------------------------------------------------------------------------------------------------------------------------------------------------------------------------------------------------------------------------------------+--------------------------------------------------------------------------------------------------------------------------------------------------------------------------------------------------------------------------------------------------------------------------------------------+---------------------+---------------------+--------------+------------+------------+
; 0.180 ; MPSoC:inst1|MPSoC_jtag0:jtag0|alt_jtag_atlantic:MPSoC_jtag0_alt_jtag_atlantic|jupdate                                                                                                                                                                                                     ; MPSoC:inst1|MPSoC_jtag0:jtag0|alt_jtag_atlantic:MPSoC_jtag0_alt_jtag_atlantic|jupdate                                                                                                                                                                                                      ; altera_reserved_tck ; altera_reserved_tck ; 0.000        ; 0.043      ; 0.307      ;
; 0.181 ; MPSoC:inst1|MPSoC_jtag0:jtag1|alt_jtag_atlantic:MPSoC_jtag0_alt_jtag_atlantic|jupdate                                                                                                                                                                                                     ; MPSoC:inst1|MPSoC_jtag0:jtag1|alt_jtag_atlantic:MPSoC_jtag0_alt_jtag_atlantic|jupdate                                                                                                                                                                                                      ; altera_reserved_tck ; altera_reserved_tck ; 0.000        ; 0.042      ; 0.307      ;
; 0.182 ; MPSoC:inst1|MPSoC_jtag0:jtag0|alt_jtag_atlantic:MPSoC_jtag0_alt_jtag_atlantic|write_stalled                                                                                                                                                                                               ; MPSoC:inst1|MPSoC_jtag0:jtag0|alt_jtag_atlantic:MPSoC_jtag0_alt_jtag_atlantic|write_stalled                                                                                                                                                                                                ; altera_reserved_tck ; altera_reserved_tck ; 0.000        ; 0.041      ; 0.307      ;
; 0.183 ; sld_hub:auto_hub|sld_jtag_hub:\jtag_hub_gen:sld_jtag_hub_inst|hub_mode_reg[2]                                                                                                                                                                                                             ; sld_hub:auto_hub|sld_jtag_hub:\jtag_hub_gen:sld_jtag_hub_inst|hub_mode_reg[2]                                                                                                                                                                                                              ; altera_reserved_tck ; altera_reserved_tck ; 0.000        ; 0.040      ; 0.307      ;
; 0.183 ; MPSoC:inst1|MPSoC_jtag0:jtag0|alt_jtag_atlantic:MPSoC_jtag0_alt_jtag_atlantic|state                                                                                                                                                                                                       ; MPSoC:inst1|MPSoC_jtag0:jtag0|alt_jtag_atlantic:MPSoC_jtag0_alt_jtag_atlantic|state                                                                                                                                                                                                        ; altera_reserved_tck ; altera_reserved_tck ; 0.000        ; 0.040      ; 0.307      ;
; 0.183 ; MPSoC:inst1|MPSoC_jtag0:jtag0|alt_jtag_atlantic:MPSoC_jtag0_alt_jtag_atlantic|user_saw_rvalid                                                                                                                                                                                             ; MPSoC:inst1|MPSoC_jtag0:jtag0|alt_jtag_atlantic:MPSoC_jtag0_alt_jtag_atlantic|user_saw_rvalid                                                                                                                                                                                              ; altera_reserved_tck ; altera_reserved_tck ; 0.000        ; 0.040      ; 0.307      ;
; 0.183 ; sld_hub:auto_hub|sld_jtag_hub:\jtag_hub_gen:sld_jtag_hub_inst|sld_shadow_jsm:shadow_jsm|state[6]                                                                                                                                                                                          ; sld_hub:auto_hub|sld_jtag_hub:\jtag_hub_gen:sld_jtag_hub_inst|sld_shadow_jsm:shadow_jsm|state[6]                                                                                                                                                                                           ; altera_reserved_tck ; altera_reserved_tck ; 0.000        ; 0.040      ; 0.307      ;
; 0.183 ; sld_hub:auto_hub|sld_jtag_hub:\jtag_hub_gen:sld_jtag_hub_inst|sld_shadow_jsm:shadow_jsm|state[1]                                                                                                                                                                                          ; sld_hub:auto_hub|sld_jtag_hub:\jtag_hub_gen:sld_jtag_hub_inst|sld_shadow_jsm:shadow_jsm|state[1]                                                                                                                                                                                           ; altera_reserved_tck ; altera_reserved_tck ; 0.000        ; 0.040      ; 0.307      ;
; 0.183 ; sld_hub:auto_hub|sld_jtag_hub:\jtag_hub_gen:sld_jtag_hub_inst|sld_shadow_jsm:shadow_jsm|state[13]                                                                                                                                                                                         ; sld_hub:auto_hub|sld_jtag_hub:\jtag_hub_gen:sld_jtag_hub_inst|sld_shadow_jsm:shadow_jsm|state[13]                                                                                                                                                                                          ; altera_reserved_tck ; altera_reserved_tck ; 0.000        ; 0.040      ; 0.307      ;
; 0.183 ; sld_hub:auto_hub|sld_jtag_hub:\jtag_hub_gen:sld_jtag_hub_inst|sld_shadow_jsm:shadow_jsm|state[11]                                                                                                                                                                                         ; sld_hub:auto_hub|sld_jtag_hub:\jtag_hub_gen:sld_jtag_hub_inst|sld_shadow_jsm:shadow_jsm|state[11]                                                                                                                                                                                          ; altera_reserved_tck ; altera_reserved_tck ; 0.000        ; 0.040      ; 0.307      ;
; 0.183 ; MPSoC:inst1|MPSoC_cpu1:cpu1|MPSoC_cpu1_nios2_oci:the_MPSoC_cpu1_nios2_oci|MPSoC_cpu1_jtag_debug_module_wrapper:the_MPSoC_cpu1_jtag_debug_module_wrapper|MPSoC_cpu1_jtag_debug_module_tck:the_MPSoC_cpu1_jtag_debug_module_tck|sr[7]                                                       ; MPSoC:inst1|MPSoC_cpu1:cpu1|MPSoC_cpu1_nios2_oci:the_MPSoC_cpu1_nios2_oci|MPSoC_cpu1_jtag_debug_module_wrapper:the_MPSoC_cpu1_jtag_debug_module_wrapper|MPSoC_cpu1_jtag_debug_module_tck:the_MPSoC_cpu1_jtag_debug_module_tck|sr[7]                                                        ; altera_reserved_tck ; altera_reserved_tck ; 0.000        ; 0.040      ; 0.307      ;
; 0.183 ; MPSoC:inst1|MPSoC_cpu0:cpu0|MPSoC_cpu0_nios2_oci:the_MPSoC_cpu0_nios2_oci|MPSoC_cpu0_jtag_debug_module_wrapper:the_MPSoC_cpu0_jtag_debug_module_wrapper|MPSoC_cpu0_jtag_debug_module_tck:the_MPSoC_cpu0_jtag_debug_module_tck|sr[31]                                                      ; MPSoC:inst1|MPSoC_cpu0:cpu0|MPSoC_cpu0_nios2_oci:the_MPSoC_cpu0_nios2_oci|MPSoC_cpu0_jtag_debug_module_wrapper:the_MPSoC_cpu0_jtag_debug_module_wrapper|MPSoC_cpu0_jtag_debug_module_tck:the_MPSoC_cpu0_jtag_debug_module_tck|sr[31]                                                       ; altera_reserved_tck ; altera_reserved_tck ; 0.000        ; 0.040      ; 0.307      ;
; 0.184 ; sld_hub:auto_hub|sld_jtag_hub:\jtag_hub_gen:sld_jtag_hub_inst|tdo_bypass_reg                                                                                                                                                                                                              ; sld_hub:auto_hub|sld_jtag_hub:\jtag_hub_gen:sld_jtag_hub_inst|tdo_bypass_reg                                                                                                                                                                                                               ; altera_reserved_tck ; altera_reserved_tck ; 0.000        ; 0.039      ; 0.307      ;
; 0.184 ; sld_hub:auto_hub|sld_jtag_hub:\jtag_hub_gen:sld_jtag_hub_inst|hub_mode_reg[1]                                                                                                                                                                                                             ; sld_hub:auto_hub|sld_jtag_hub:\jtag_hub_gen:sld_jtag_hub_inst|hub_mode_reg[1]                                                                                                                                                                                                              ; altera_reserved_tck ; altera_reserved_tck ; 0.000        ; 0.039      ; 0.307      ;
; 0.184 ; sld_hub:auto_hub|sld_jtag_hub:\jtag_hub_gen:sld_jtag_hub_inst|hub_mode_reg[0]                                                                                                                                                                                                             ; sld_hub:auto_hub|sld_jtag_hub:\jtag_hub_gen:sld_jtag_hub_inst|hub_mode_reg[0]                                                                                                                                                                                                              ; altera_reserved_tck ; altera_reserved_tck ; 0.000        ; 0.039      ; 0.307      ;
; 0.184 ; MPSoC:inst1|MPSoC_jtag0:jtag1|alt_jtag_atlantic:MPSoC_jtag0_alt_jtag_atlantic|state                                                                                                                                                                                                       ; MPSoC:inst1|MPSoC_jtag0:jtag1|alt_jtag_atlantic:MPSoC_jtag0_alt_jtag_atlantic|state                                                                                                                                                                                                        ; altera_reserved_tck ; altera_reserved_tck ; 0.000        ; 0.039      ; 0.307      ;
; 0.184 ; MPSoC:inst1|MPSoC_jtag0:jtag1|alt_jtag_atlantic:MPSoC_jtag0_alt_jtag_atlantic|user_saw_rvalid                                                                                                                                                                                             ; MPSoC:inst1|MPSoC_jtag0:jtag1|alt_jtag_atlantic:MPSoC_jtag0_alt_jtag_atlantic|user_saw_rvalid                                                                                                                                                                                              ; altera_reserved_tck ; altera_reserved_tck ; 0.000        ; 0.039      ; 0.307      ;
; 0.184 ; sld_hub:auto_hub|sld_jtag_hub:\jtag_hub_gen:sld_jtag_hub_inst|sld_shadow_jsm:shadow_jsm|state[4]                                                                                                                                                                                          ; sld_hub:auto_hub|sld_jtag_hub:\jtag_hub_gen:sld_jtag_hub_inst|sld_shadow_jsm:shadow_jsm|state[4]                                                                                                                                                                                           ; altera_reserved_tck ; altera_reserved_tck ; 0.000        ; 0.039      ; 0.307      ;
; 0.184 ; sld_hub:auto_hub|sld_jtag_hub:\jtag_hub_gen:sld_jtag_hub_inst|sld_shadow_jsm:shadow_jsm|state[0]                                                                                                                                                                                          ; sld_hub:auto_hub|sld_jtag_hub:\jtag_hub_gen:sld_jtag_hub_inst|sld_shadow_jsm:shadow_jsm|state[0]                                                                                                                                                                                           ; altera_reserved_tck ; altera_reserved_tck ; 0.000        ; 0.039      ; 0.307      ;
; 0.184 ; sld_hub:auto_hub|sld_jtag_hub:\jtag_hub_gen:sld_jtag_hub_inst|sld_shadow_jsm:shadow_jsm|tms_cnt[2]                                                                                                                                                                                        ; sld_hub:auto_hub|sld_jtag_hub:\jtag_hub_gen:sld_jtag_hub_inst|sld_shadow_jsm:shadow_jsm|tms_cnt[2]                                                                                                                                                                                         ; altera_reserved_tck ; altera_reserved_tck ; 0.000        ; 0.039      ; 0.307      ;
; 0.184 ; sld_hub:auto_hub|sld_jtag_hub:\jtag_hub_gen:sld_jtag_hub_inst|sld_shadow_jsm:shadow_jsm|tms_cnt[1]                                                                                                                                                                                        ; sld_hub:auto_hub|sld_jtag_hub:\jtag_hub_gen:sld_jtag_hub_inst|sld_shadow_jsm:shadow_jsm|tms_cnt[1]                                                                                                                                                                                         ; altera_reserved_tck ; altera_reserved_tck ; 0.000        ; 0.039      ; 0.307      ;
; 0.184 ; MPSoC:inst1|MPSoC_cpu1:cpu1|MPSoC_cpu1_nios2_oci:the_MPSoC_cpu1_nios2_oci|MPSoC_cpu1_jtag_debug_module_wrapper:the_MPSoC_cpu1_jtag_debug_module_wrapper|MPSoC_cpu1_jtag_debug_module_tck:the_MPSoC_cpu1_jtag_debug_module_tck|sr[31]                                                      ; MPSoC:inst1|MPSoC_cpu1:cpu1|MPSoC_cpu1_nios2_oci:the_MPSoC_cpu1_nios2_oci|MPSoC_cpu1_jtag_debug_module_wrapper:the_MPSoC_cpu1_jtag_debug_module_wrapper|MPSoC_cpu1_jtag_debug_module_tck:the_MPSoC_cpu1_jtag_debug_module_tck|sr[31]                                                       ; altera_reserved_tck ; altera_reserved_tck ; 0.000        ; 0.039      ; 0.307      ;
; 0.184 ; MPSoC:inst1|MPSoC_cpu0:cpu0|MPSoC_cpu0_nios2_oci:the_MPSoC_cpu0_nios2_oci|MPSoC_cpu0_jtag_debug_module_wrapper:the_MPSoC_cpu0_jtag_debug_module_wrapper|MPSoC_cpu0_jtag_debug_module_tck:the_MPSoC_cpu0_jtag_debug_module_tck|sr[7]                                                       ; MPSoC:inst1|MPSoC_cpu0:cpu0|MPSoC_cpu0_nios2_oci:the_MPSoC_cpu0_nios2_oci|MPSoC_cpu0_jtag_debug_module_wrapper:the_MPSoC_cpu0_jtag_debug_module_wrapper|MPSoC_cpu0_jtag_debug_module_tck:the_MPSoC_cpu0_jtag_debug_module_tck|sr[7]                                                        ; altera_reserved_tck ; altera_reserved_tck ; 0.000        ; 0.039      ; 0.307      ;
; 0.185 ; MPSoC:inst1|MPSoC_jtag0:jtag1|alt_jtag_atlantic:MPSoC_jtag0_alt_jtag_atlantic|write_stalled                                                                                                                                                                                               ; MPSoC:inst1|MPSoC_jtag0:jtag1|alt_jtag_atlantic:MPSoC_jtag0_alt_jtag_atlantic|write_stalled                                                                                                                                                                                                ; altera_reserved_tck ; altera_reserved_tck ; 0.000        ; 0.038      ; 0.307      ;
; 0.189 ; MPSoC:inst1|MPSoC_jtag0:jtag0|alt_jtag_atlantic:MPSoC_jtag0_alt_jtag_atlantic|read                                                                                                                                                                                                        ; MPSoC:inst1|MPSoC_jtag0:jtag0|alt_jtag_atlantic:MPSoC_jtag0_alt_jtag_atlantic|read                                                                                                                                                                                                         ; altera_reserved_tck ; altera_reserved_tck ; 0.000        ; 0.041      ; 0.314      ;
; 0.189 ; MPSoC:inst1|MPSoC_cpu1:cpu1|MPSoC_cpu1_nios2_oci:the_MPSoC_cpu1_nios2_oci|MPSoC_cpu1_jtag_debug_module_wrapper:the_MPSoC_cpu1_jtag_debug_module_wrapper|MPSoC_cpu1_jtag_debug_module_tck:the_MPSoC_cpu1_jtag_debug_module_tck|altera_std_synchronizer:the_altera_std_synchronizer2|din_s1 ; MPSoC:inst1|MPSoC_cpu1:cpu1|MPSoC_cpu1_nios2_oci:the_MPSoC_cpu1_nios2_oci|MPSoC_cpu1_jtag_debug_module_wrapper:the_MPSoC_cpu1_jtag_debug_module_wrapper|MPSoC_cpu1_jtag_debug_module_tck:the_MPSoC_cpu1_jtag_debug_module_tck|altera_std_synchronizer:the_altera_std_synchronizer2|dreg[0] ; altera_reserved_tck ; altera_reserved_tck ; 0.000        ; 0.040      ; 0.313      ;
; 0.190 ; sld_hub:auto_hub|sld_jtag_hub:\jtag_hub_gen:sld_jtag_hub_inst|irf_reg[1][3]                                                                                                                                                                                                               ; sld_hub:auto_hub|sld_jtag_hub:\jtag_hub_gen:sld_jtag_hub_inst|shadow_irf_reg[1][3]                                                                                                                                                                                                         ; altera_reserved_tck ; altera_reserved_tck ; 0.000        ; 0.039      ; 0.313      ;
; 0.190 ; MPSoC:inst1|MPSoC_jtag0:jtag0|alt_jtag_atlantic:MPSoC_jtag0_alt_jtag_atlantic|count[3]                                                                                                                                                                                                    ; MPSoC:inst1|MPSoC_jtag0:jtag0|alt_jtag_atlantic:MPSoC_jtag0_alt_jtag_atlantic|count[4]                                                                                                                                                                                                     ; altera_reserved_tck ; altera_reserved_tck ; 0.000        ; 0.040      ; 0.314      ;
; 0.190 ; MPSoC:inst1|MPSoC_jtag0:jtag0|alt_jtag_atlantic:MPSoC_jtag0_alt_jtag_atlantic|count[5]                                                                                                                                                                                                    ; MPSoC:inst1|MPSoC_jtag0:jtag0|alt_jtag_atlantic:MPSoC_jtag0_alt_jtag_atlantic|count[6]                                                                                                                                                                                                     ; altera_reserved_tck ; altera_reserved_tck ; 0.000        ; 0.040      ; 0.314      ;
; 0.190 ; MPSoC:inst1|MPSoC_jtag0:jtag0|alt_jtag_atlantic:MPSoC_jtag0_alt_jtag_atlantic|count[6]                                                                                                                                                                                                    ; MPSoC:inst1|MPSoC_jtag0:jtag0|alt_jtag_atlantic:MPSoC_jtag0_alt_jtag_atlantic|count[7]                                                                                                                                                                                                     ; altera_reserved_tck ; altera_reserved_tck ; 0.000        ; 0.040      ; 0.314      ;
; 0.190 ; MPSoC:inst1|MPSoC_jtag0:jtag0|alt_jtag_atlantic:MPSoC_jtag0_alt_jtag_atlantic|write                                                                                                                                                                                                       ; MPSoC:inst1|MPSoC_jtag0:jtag0|alt_jtag_atlantic:MPSoC_jtag0_alt_jtag_atlantic|write                                                                                                                                                                                                        ; altera_reserved_tck ; altera_reserved_tck ; 0.000        ; 0.040      ; 0.314      ;
; 0.190 ; MPSoC:inst1|MPSoC_jtag0:jtag1|alt_jtag_atlantic:MPSoC_jtag0_alt_jtag_atlantic|count[2]                                                                                                                                                                                                    ; MPSoC:inst1|MPSoC_jtag0:jtag1|alt_jtag_atlantic:MPSoC_jtag0_alt_jtag_atlantic|count[3]                                                                                                                                                                                                     ; altera_reserved_tck ; altera_reserved_tck ; 0.000        ; 0.040      ; 0.314      ;
; 0.190 ; MPSoC:inst1|MPSoC_jtag0:jtag1|alt_jtag_atlantic:MPSoC_jtag0_alt_jtag_atlantic|count[3]                                                                                                                                                                                                    ; MPSoC:inst1|MPSoC_jtag0:jtag1|alt_jtag_atlantic:MPSoC_jtag0_alt_jtag_atlantic|count[4]                                                                                                                                                                                                     ; altera_reserved_tck ; altera_reserved_tck ; 0.000        ; 0.040      ; 0.314      ;
; 0.190 ; MPSoC:inst1|MPSoC_jtag0:jtag1|alt_jtag_atlantic:MPSoC_jtag0_alt_jtag_atlantic|count[5]                                                                                                                                                                                                    ; MPSoC:inst1|MPSoC_jtag0:jtag1|alt_jtag_atlantic:MPSoC_jtag0_alt_jtag_atlantic|count[6]                                                                                                                                                                                                     ; altera_reserved_tck ; altera_reserved_tck ; 0.000        ; 0.040      ; 0.314      ;
; 0.190 ; MPSoC:inst1|MPSoC_jtag0:jtag1|alt_jtag_atlantic:MPSoC_jtag0_alt_jtag_atlantic|count[6]                                                                                                                                                                                                    ; MPSoC:inst1|MPSoC_jtag0:jtag1|alt_jtag_atlantic:MPSoC_jtag0_alt_jtag_atlantic|count[7]                                                                                                                                                                                                     ; altera_reserved_tck ; altera_reserved_tck ; 0.000        ; 0.040      ; 0.314      ;
; 0.190 ; sld_hub:auto_hub|sld_jtag_hub:\jtag_hub_gen:sld_jtag_hub_inst|hub_mode_reg[2]                                                                                                                                                                                                             ; sld_hub:auto_hub|sld_jtag_hub:\jtag_hub_gen:sld_jtag_hub_inst|clr_reg                                                                                                                                                                                                                      ; altera_reserved_tck ; altera_reserved_tck ; 0.000        ; 0.040      ; 0.314      ;
; 0.190 ; sld_hub:auto_hub|sld_jtag_hub:\jtag_hub_gen:sld_jtag_hub_inst|sld_shadow_jsm:shadow_jsm|state[13]                                                                                                                                                                                         ; sld_hub:auto_hub|sld_jtag_hub:\jtag_hub_gen:sld_jtag_hub_inst|sld_shadow_jsm:shadow_jsm|state[14]                                                                                                                                                                                          ; altera_reserved_tck ; altera_reserved_tck ; 0.000        ; 0.040      ; 0.314      ;
; 0.190 ; sld_hub:auto_hub|sld_jtag_hub:\jtag_hub_gen:sld_jtag_hub_inst|reset_ena_reg                                                                                                                                                                                                               ; sld_hub:auto_hub|sld_jtag_hub:\jtag_hub_gen:sld_jtag_hub_inst|hub_mode_reg[2]                                                                                                                                                                                                              ; altera_reserved_tck ; altera_reserved_tck ; 0.000        ; 0.040      ; 0.314      ;
; 0.191 ; sld_hub:auto_hub|sld_jtag_hub:\jtag_hub_gen:sld_jtag_hub_inst|irf_reg[3][2]                                                                                                                                                                                                               ; sld_hub:auto_hub|sld_jtag_hub:\jtag_hub_gen:sld_jtag_hub_inst|shadow_irf_reg[3][2]                                                                                                                                                                                                         ; altera_reserved_tck ; altera_reserved_tck ; 0.000        ; 0.039      ; 0.314      ;
; 0.191 ; sld_hub:auto_hub|sld_jtag_hub:\jtag_hub_gen:sld_jtag_hub_inst|irf_reg[2][5]                                                                                                                                                                                                               ; sld_hub:auto_hub|sld_jtag_hub:\jtag_hub_gen:sld_jtag_hub_inst|shadow_irf_reg[2][5]                                                                                                                                                                                                         ; altera_reserved_tck ; altera_reserved_tck ; 0.000        ; 0.039      ; 0.314      ;
; 0.191 ; sld_hub:auto_hub|sld_jtag_hub:\jtag_hub_gen:sld_jtag_hub_inst|irf_reg[2][2]                                                                                                                                                                                                               ; sld_hub:auto_hub|sld_jtag_hub:\jtag_hub_gen:sld_jtag_hub_inst|shadow_irf_reg[2][2]                                                                                                                                                                                                         ; altera_reserved_tck ; altera_reserved_tck ; 0.000        ; 0.039      ; 0.314      ;
; 0.191 ; sld_hub:auto_hub|sld_jtag_hub:\jtag_hub_gen:sld_jtag_hub_inst|shadow_irf_reg[2][2]                                                                                                                                                                                                        ; sld_hub:auto_hub|sld_jtag_hub:\jtag_hub_gen:sld_jtag_hub_inst|irf_reg[2][2]                                                                                                                                                                                                                ; altera_reserved_tck ; altera_reserved_tck ; 0.000        ; 0.039      ; 0.314      ;
; 0.191 ; sld_hub:auto_hub|sld_jtag_hub:\jtag_hub_gen:sld_jtag_hub_inst|shadow_irf_reg[2][1]                                                                                                                                                                                                        ; sld_hub:auto_hub|sld_jtag_hub:\jtag_hub_gen:sld_jtag_hub_inst|irf_reg[2][1]                                                                                                                                                                                                                ; altera_reserved_tck ; altera_reserved_tck ; 0.000        ; 0.039      ; 0.314      ;
; 0.191 ; sld_hub:auto_hub|sld_jtag_hub:\jtag_hub_gen:sld_jtag_hub_inst|shadow_irf_reg[1][0]                                                                                                                                                                                                        ; sld_hub:auto_hub|sld_jtag_hub:\jtag_hub_gen:sld_jtag_hub_inst|irf_reg[1][0]                                                                                                                                                                                                                ; altera_reserved_tck ; altera_reserved_tck ; 0.000        ; 0.039      ; 0.314      ;
; 0.191 ; MPSoC:inst1|MPSoC_jtag0:jtag1|alt_jtag_atlantic:MPSoC_jtag0_alt_jtag_atlantic|write                                                                                                                                                                                                       ; MPSoC:inst1|MPSoC_jtag0:jtag1|alt_jtag_atlantic:MPSoC_jtag0_alt_jtag_atlantic|write                                                                                                                                                                                                        ; altera_reserved_tck ; altera_reserved_tck ; 0.000        ; 0.039      ; 0.314      ;
; 0.191 ; sld_hub:auto_hub|sld_jtag_hub:\jtag_hub_gen:sld_jtag_hub_inst|sld_shadow_jsm:shadow_jsm|tms_cnt[0]                                                                                                                                                                                        ; sld_hub:auto_hub|sld_jtag_hub:\jtag_hub_gen:sld_jtag_hub_inst|sld_shadow_jsm:shadow_jsm|tms_cnt[0]                                                                                                                                                                                         ; altera_reserved_tck ; altera_reserved_tck ; 0.000        ; 0.039      ; 0.314      ;
; 0.191 ; MPSoC:inst1|MPSoC_cpu0:cpu0|MPSoC_cpu0_nios2_oci:the_MPSoC_cpu0_nios2_oci|MPSoC_cpu0_jtag_debug_module_wrapper:the_MPSoC_cpu0_jtag_debug_module_wrapper|MPSoC_cpu0_jtag_debug_module_tck:the_MPSoC_cpu0_jtag_debug_module_tck|altera_std_synchronizer:the_altera_std_synchronizer1|din_s1 ; MPSoC:inst1|MPSoC_cpu0:cpu0|MPSoC_cpu0_nios2_oci:the_MPSoC_cpu0_nios2_oci|MPSoC_cpu0_jtag_debug_module_wrapper:the_MPSoC_cpu0_jtag_debug_module_wrapper|MPSoC_cpu0_jtag_debug_module_tck:the_MPSoC_cpu0_jtag_debug_module_tck|altera_std_synchronizer:the_altera_std_synchronizer1|dreg[0] ; altera_reserved_tck ; altera_reserved_tck ; 0.000        ; 0.040      ; 0.315      ;
; 0.192 ; sld_hub:auto_hub|sld_jtag_hub:\jtag_hub_gen:sld_jtag_hub_inst|irf_reg[4][4]                                                                                                                                                                                                               ; sld_hub:auto_hub|sld_jtag_hub:\jtag_hub_gen:sld_jtag_hub_inst|shadow_irf_reg[4][4]                                                                                                                                                                                                         ; altera_reserved_tck ; altera_reserved_tck ; 0.000        ; 0.039      ; 0.315      ;
; 0.192 ; sld_hub:auto_hub|sld_jtag_hub:\jtag_hub_gen:sld_jtag_hub_inst|shadow_irf_reg[4][4]                                                                                                                                                                                                        ; sld_hub:auto_hub|sld_jtag_hub:\jtag_hub_gen:sld_jtag_hub_inst|irf_reg[4][4]                                                                                                                                                                                                                ; altera_reserved_tck ; altera_reserved_tck ; 0.000        ; 0.039      ; 0.315      ;
; 0.192 ; sld_hub:auto_hub|sld_jtag_hub:\jtag_hub_gen:sld_jtag_hub_inst|irf_reg[4][3]                                                                                                                                                                                                               ; sld_hub:auto_hub|sld_jtag_hub:\jtag_hub_gen:sld_jtag_hub_inst|shadow_irf_reg[4][3]                                                                                                                                                                                                         ; altera_reserved_tck ; altera_reserved_tck ; 0.000        ; 0.039      ; 0.315      ;
; 0.192 ; sld_hub:auto_hub|sld_jtag_hub:\jtag_hub_gen:sld_jtag_hub_inst|shadow_irf_reg[4][3]                                                                                                                                                                                                        ; sld_hub:auto_hub|sld_jtag_hub:\jtag_hub_gen:sld_jtag_hub_inst|irf_reg[4][3]                                                                                                                                                                                                                ; altera_reserved_tck ; altera_reserved_tck ; 0.000        ; 0.039      ; 0.315      ;
; 0.192 ; sld_hub:auto_hub|sld_jtag_hub:\jtag_hub_gen:sld_jtag_hub_inst|irf_reg[4][2]                                                                                                                                                                                                               ; sld_hub:auto_hub|sld_jtag_hub:\jtag_hub_gen:sld_jtag_hub_inst|shadow_irf_reg[4][2]                                                                                                                                                                                                         ; altera_reserved_tck ; altera_reserved_tck ; 0.000        ; 0.039      ; 0.315      ;
; 0.192 ; sld_hub:auto_hub|sld_jtag_hub:\jtag_hub_gen:sld_jtag_hub_inst|shadow_irf_reg[2][4]                                                                                                                                                                                                        ; sld_hub:auto_hub|sld_jtag_hub:\jtag_hub_gen:sld_jtag_hub_inst|irf_reg[2][4]                                                                                                                                                                                                                ; altera_reserved_tck ; altera_reserved_tck ; 0.000        ; 0.039      ; 0.315      ;
; 0.192 ; sld_hub:auto_hub|sld_jtag_hub:\jtag_hub_gen:sld_jtag_hub_inst|identity_contrib_shift_reg[0]                                                                                                                                                                                               ; sld_hub:auto_hub|sld_jtag_hub:\jtag_hub_gen:sld_jtag_hub_inst|identity_contrib_update_reg[0]                                                                                                                                                                                               ; altera_reserved_tck ; altera_reserved_tck ; 0.000        ; 0.039      ; 0.315      ;
; 0.192 ; sld_hub:auto_hub|sld_jtag_hub:\jtag_hub_gen:sld_jtag_hub_inst|hub_minor_ver_reg[1]                                                                                                                                                                                                        ; sld_hub:auto_hub|sld_jtag_hub:\jtag_hub_gen:sld_jtag_hub_inst|hub_minor_ver_reg[0]                                                                                                                                                                                                         ; altera_reserved_tck ; altera_reserved_tck ; 0.000        ; 0.039      ; 0.315      ;
; 0.192 ; sld_hub:auto_hub|sld_jtag_hub:\jtag_hub_gen:sld_jtag_hub_inst|hub_minor_ver_reg[2]                                                                                                                                                                                                        ; sld_hub:auto_hub|sld_jtag_hub:\jtag_hub_gen:sld_jtag_hub_inst|hub_minor_ver_reg[1]                                                                                                                                                                                                         ; altera_reserved_tck ; altera_reserved_tck ; 0.000        ; 0.039      ; 0.315      ;
; 0.192 ; sld_hub:auto_hub|sld_jtag_hub:\jtag_hub_gen:sld_jtag_hub_inst|hub_minor_ver_reg[3]                                                                                                                                                                                                        ; sld_hub:auto_hub|sld_jtag_hub:\jtag_hub_gen:sld_jtag_hub_inst|hub_minor_ver_reg[2]                                                                                                                                                                                                         ; altera_reserved_tck ; altera_reserved_tck ; 0.000        ; 0.039      ; 0.315      ;
; 0.192 ; sld_hub:auto_hub|sld_jtag_hub:\jtag_hub_gen:sld_jtag_hub_inst|shadow_irf_reg[2][0]                                                                                                                                                                                                        ; sld_hub:auto_hub|sld_jtag_hub:\jtag_hub_gen:sld_jtag_hub_inst|irf_reg[2][0]                                                                                                                                                                                                                ; altera_reserved_tck ; altera_reserved_tck ; 0.000        ; 0.039      ; 0.315      ;
; 0.192 ; MPSoC:inst1|MPSoC_jtag0:jtag0|alt_jtag_atlantic:MPSoC_jtag0_alt_jtag_atlantic|count[4]                                                                                                                                                                                                    ; MPSoC:inst1|MPSoC_jtag0:jtag0|alt_jtag_atlantic:MPSoC_jtag0_alt_jtag_atlantic|count[5]                                                                                                                                                                                                     ; altera_reserved_tck ; altera_reserved_tck ; 0.000        ; 0.040      ; 0.316      ;
; 0.192 ; MPSoC:inst1|MPSoC_jtag0:jtag1|alt_jtag_atlantic:MPSoC_jtag0_alt_jtag_atlantic|read                                                                                                                                                                                                        ; MPSoC:inst1|MPSoC_jtag0:jtag1|alt_jtag_atlantic:MPSoC_jtag0_alt_jtag_atlantic|read                                                                                                                                                                                                         ; altera_reserved_tck ; altera_reserved_tck ; 0.000        ; 0.038      ; 0.314      ;
; 0.192 ; sld_hub:auto_hub|sld_jtag_hub:\jtag_hub_gen:sld_jtag_hub_inst|sld_shadow_jsm:shadow_jsm|state[6]                                                                                                                                                                                          ; sld_hub:auto_hub|sld_jtag_hub:\jtag_hub_gen:sld_jtag_hub_inst|sld_shadow_jsm:shadow_jsm|state[7]                                                                                                                                                                                           ; altera_reserved_tck ; altera_reserved_tck ; 0.000        ; 0.040      ; 0.316      ;
; 0.192 ; sld_hub:auto_hub|sld_jtag_hub:\jtag_hub_gen:sld_jtag_hub_inst|sld_shadow_jsm:shadow_jsm|tms_cnt[1]                                                                                                                                                                                        ; sld_hub:auto_hub|sld_jtag_hub:\jtag_hub_gen:sld_jtag_hub_inst|sld_shadow_jsm:shadow_jsm|tms_cnt[2]                                                                                                                                                                                         ; altera_reserved_tck ; altera_reserved_tck ; 0.000        ; 0.039      ; 0.315      ;
; 0.192 ; MPSoC:inst1|MPSoC_cpu0:cpu0|MPSoC_cpu0_nios2_oci:the_MPSoC_cpu0_nios2_oci|MPSoC_cpu0_jtag_debug_module_wrapper:the_MPSoC_cpu0_jtag_debug_module_wrapper|MPSoC_cpu0_jtag_debug_module_tck:the_MPSoC_cpu0_jtag_debug_module_tck|altera_std_synchronizer:the_altera_std_synchronizer2|din_s1 ; MPSoC:inst1|MPSoC_cpu0:cpu0|MPSoC_cpu0_nios2_oci:the_MPSoC_cpu0_nios2_oci|MPSoC_cpu0_jtag_debug_module_wrapper:the_MPSoC_cpu0_jtag_debug_module_wrapper|MPSoC_cpu0_jtag_debug_module_tck:the_MPSoC_cpu0_jtag_debug_module_tck|altera_std_synchronizer:the_altera_std_synchronizer2|dreg[0] ; altera_reserved_tck ; altera_reserved_tck ; 0.000        ; 0.040      ; 0.316      ;
; 0.193 ; sld_hub:auto_hub|sld_jtag_hub:\jtag_hub_gen:sld_jtag_hub_inst|irf_reg[4][5]                                                                                                                                                                                                               ; sld_hub:auto_hub|sld_jtag_hub:\jtag_hub_gen:sld_jtag_hub_inst|shadow_irf_reg[4][5]                                                                                                                                                                                                         ; altera_reserved_tck ; altera_reserved_tck ; 0.000        ; 0.039      ; 0.316      ;
; 0.193 ; MPSoC:inst1|MPSoC_cpu1:cpu1|MPSoC_cpu1_nios2_oci:the_MPSoC_cpu1_nios2_oci|MPSoC_cpu1_jtag_debug_module_wrapper:the_MPSoC_cpu1_jtag_debug_module_wrapper|MPSoC_cpu1_jtag_debug_module_tck:the_MPSoC_cpu1_jtag_debug_module_tck|sr[23]                                                      ; MPSoC:inst1|MPSoC_cpu1:cpu1|MPSoC_cpu1_nios2_oci:the_MPSoC_cpu1_nios2_oci|MPSoC_cpu1_jtag_debug_module_wrapper:the_MPSoC_cpu1_jtag_debug_module_wrapper|MPSoC_cpu1_jtag_debug_module_tck:the_MPSoC_cpu1_jtag_debug_module_tck|sr[22]                                                       ; altera_reserved_tck ; altera_reserved_tck ; 0.000        ; 0.040      ; 0.317      ;
; 0.193 ; MPSoC:inst1|MPSoC_cpu0:cpu0|MPSoC_cpu0_nios2_oci:the_MPSoC_cpu0_nios2_oci|MPSoC_cpu0_jtag_debug_module_wrapper:the_MPSoC_cpu0_jtag_debug_module_wrapper|MPSoC_cpu0_jtag_debug_module_tck:the_MPSoC_cpu0_jtag_debug_module_tck|sr[29]                                                      ; MPSoC:inst1|MPSoC_cpu0:cpu0|MPSoC_cpu0_nios2_oci:the_MPSoC_cpu0_nios2_oci|MPSoC_cpu0_jtag_debug_module_wrapper:the_MPSoC_cpu0_jtag_debug_module_wrapper|MPSoC_cpu0_jtag_debug_module_tck:the_MPSoC_cpu0_jtag_debug_module_tck|sr[28]                                                       ; altera_reserved_tck ; altera_reserved_tck ; 0.000        ; 0.040      ; 0.317      ;
; 0.194 ; sld_hub:auto_hub|sld_jtag_hub:\jtag_hub_gen:sld_jtag_hub_inst|shadow_irf_reg[2][3]                                                                                                                                                                                                        ; sld_hub:auto_hub|sld_jtag_hub:\jtag_hub_gen:sld_jtag_hub_inst|irf_reg[2][3]                                                                                                                                                                                                                ; altera_reserved_tck ; altera_reserved_tck ; 0.000        ; 0.039      ; 0.317      ;
; 0.194 ; sld_hub:auto_hub|sld_jtag_hub:\jtag_hub_gen:sld_jtag_hub_inst|identity_contrib_shift_reg[1]                                                                                                                                                                                               ; sld_hub:auto_hub|sld_jtag_hub:\jtag_hub_gen:sld_jtag_hub_inst|identity_contrib_shift_reg[0]                                                                                                                                                                                                ; altera_reserved_tck ; altera_reserved_tck ; 0.000        ; 0.039      ; 0.317      ;
; 0.194 ; sld_hub:auto_hub|sld_jtag_hub:\jtag_hub_gen:sld_jtag_hub_inst|shadow_irf_reg[4][0]                                                                                                                                                                                                        ; sld_hub:auto_hub|sld_jtag_hub:\jtag_hub_gen:sld_jtag_hub_inst|irf_reg[4][0]                                                                                                                                                                                                                ; altera_reserved_tck ; altera_reserved_tck ; 0.000        ; 0.039      ; 0.317      ;
; 0.194 ; sld_hub:auto_hub|sld_jtag_hub:\jtag_hub_gen:sld_jtag_hub_inst|jtag_ir_reg[4]                                                                                                                                                                                                              ; sld_hub:auto_hub|sld_jtag_hub:\jtag_hub_gen:sld_jtag_hub_inst|jtag_ir_reg[3]                                                                                                                                                                                                               ; altera_reserved_tck ; altera_reserved_tck ; 0.000        ; 0.040      ; 0.318      ;
; 0.194 ; sld_hub:auto_hub|sld_jtag_hub:\jtag_hub_gen:sld_jtag_hub_inst|jtag_ir_reg[7]                                                                                                                                                                                                              ; sld_hub:auto_hub|sld_jtag_hub:\jtag_hub_gen:sld_jtag_hub_inst|jtag_ir_reg[6]                                                                                                                                                                                                               ; altera_reserved_tck ; altera_reserved_tck ; 0.000        ; 0.040      ; 0.318      ;
; 0.194 ; MPSoC:inst1|MPSoC_cpu1:cpu1|MPSoC_cpu1_nios2_oci:the_MPSoC_cpu1_nios2_oci|MPSoC_cpu1_jtag_debug_module_wrapper:the_MPSoC_cpu1_jtag_debug_module_wrapper|MPSoC_cpu1_jtag_debug_module_tck:the_MPSoC_cpu1_jtag_debug_module_tck|sr[18]                                                      ; MPSoC:inst1|MPSoC_cpu1:cpu1|MPSoC_cpu1_nios2_oci:the_MPSoC_cpu1_nios2_oci|MPSoC_cpu1_jtag_debug_module_wrapper:the_MPSoC_cpu1_jtag_debug_module_wrapper|MPSoC_cpu1_jtag_debug_module_tck:the_MPSoC_cpu1_jtag_debug_module_tck|sr[17]                                                       ; altera_reserved_tck ; altera_reserved_tck ; 0.000        ; 0.039      ; 0.317      ;
; 0.194 ; MPSoC:inst1|MPSoC_cpu0:cpu0|MPSoC_cpu0_nios2_oci:the_MPSoC_cpu0_nios2_oci|MPSoC_cpu0_jtag_debug_module_wrapper:the_MPSoC_cpu0_jtag_debug_module_wrapper|MPSoC_cpu0_jtag_debug_module_tck:the_MPSoC_cpu0_jtag_debug_module_tck|sr[27]                                                      ; MPSoC:inst1|MPSoC_cpu0:cpu0|MPSoC_cpu0_nios2_oci:the_MPSoC_cpu0_nios2_oci|MPSoC_cpu0_jtag_debug_module_wrapper:the_MPSoC_cpu0_jtag_debug_module_wrapper|MPSoC_cpu0_jtag_debug_module_tck:the_MPSoC_cpu0_jtag_debug_module_tck|sr[26]                                                       ; altera_reserved_tck ; altera_reserved_tck ; 0.000        ; 0.039      ; 0.317      ;
; 0.194 ; MPSoC:inst1|MPSoC_cpu0:cpu0|MPSoC_cpu0_nios2_oci:the_MPSoC_cpu0_nios2_oci|MPSoC_cpu0_jtag_debug_module_wrapper:the_MPSoC_cpu0_jtag_debug_module_wrapper|MPSoC_cpu0_jtag_debug_module_tck:the_MPSoC_cpu0_jtag_debug_module_tck|sr[33]                                                      ; MPSoC:inst1|MPSoC_cpu0:cpu0|MPSoC_cpu0_nios2_oci:the_MPSoC_cpu0_nios2_oci|MPSoC_cpu0_jtag_debug_module_wrapper:the_MPSoC_cpu0_jtag_debug_module_wrapper|MPSoC_cpu0_jtag_debug_module_tck:the_MPSoC_cpu0_jtag_debug_module_tck|sr[32]                                                       ; altera_reserved_tck ; altera_reserved_tck ; 0.000        ; 0.040      ; 0.318      ;
; 0.195 ; sld_hub:auto_hub|sld_jtag_hub:\jtag_hub_gen:sld_jtag_hub_inst|identity_contrib_shift_reg[3]                                                                                                                                                                                               ; sld_hub:auto_hub|sld_jtag_hub:\jtag_hub_gen:sld_jtag_hub_inst|identity_contrib_shift_reg[2]                                                                                                                                                                                                ; altera_reserved_tck ; altera_reserved_tck ; 0.000        ; 0.039      ; 0.318      ;
; 0.195 ; sld_hub:auto_hub|sld_jtag_hub:\jtag_hub_gen:sld_jtag_hub_inst|identity_contrib_shift_reg[3]                                                                                                                                                                                               ; sld_hub:auto_hub|sld_jtag_hub:\jtag_hub_gen:sld_jtag_hub_inst|identity_contrib_update_reg[3]                                                                                                                                                                                               ; altera_reserved_tck ; altera_reserved_tck ; 0.000        ; 0.039      ; 0.318      ;
; 0.195 ; MPSoC:inst1|MPSoC_jtag0:jtag0|alt_jtag_atlantic:MPSoC_jtag0_alt_jtag_atlantic|td_shift[8]                                                                                                                                                                                                 ; MPSoC:inst1|MPSoC_jtag0:jtag0|alt_jtag_atlantic:MPSoC_jtag0_alt_jtag_atlantic|wdata[4]                                                                                                                                                                                                     ; altera_reserved_tck ; altera_reserved_tck ; 0.000        ; 0.041      ; 0.320      ;
; 0.195 ; sld_hub:auto_hub|sld_jtag_hub:\jtag_hub_gen:sld_jtag_hub_inst|jtag_ir_reg[2]                                                                                                                                                                                                              ; sld_hub:auto_hub|sld_jtag_hub:\jtag_hub_gen:sld_jtag_hub_inst|jtag_ir_reg[1]                                                                                                                                                                                                               ; altera_reserved_tck ; altera_reserved_tck ; 0.000        ; 0.040      ; 0.319      ;
; 0.195 ; sld_hub:auto_hub|sld_jtag_hub:\jtag_hub_gen:sld_jtag_hub_inst|sld_shadow_jsm:shadow_jsm|state[12]                                                                                                                                                                                         ; sld_hub:auto_hub|sld_jtag_hub:\jtag_hub_gen:sld_jtag_hub_inst|sld_shadow_jsm:shadow_jsm|state[13]                                                                                                                                                                                          ; altera_reserved_tck ; altera_reserved_tck ; 0.000        ; 0.040      ; 0.319      ;
; 0.195 ; sld_hub:auto_hub|sld_jtag_hub:\jtag_hub_gen:sld_jtag_hub_inst|sld_shadow_jsm:shadow_jsm|tms_cnt[0]                                                                                                                                                                                        ; sld_hub:auto_hub|sld_jtag_hub:\jtag_hub_gen:sld_jtag_hub_inst|sld_shadow_jsm:shadow_jsm|tms_cnt[1]                                                                                                                                                                                         ; altera_reserved_tck ; altera_reserved_tck ; 0.000        ; 0.039      ; 0.318      ;
; 0.195 ; sld_hub:auto_hub|sld_jtag_hub:\jtag_hub_gen:sld_jtag_hub_inst|sld_shadow_jsm:shadow_jsm|tms_cnt[2]                                                                                                                                                                                        ; sld_hub:auto_hub|sld_jtag_hub:\jtag_hub_gen:sld_jtag_hub_inst|sld_shadow_jsm:shadow_jsm|state[0]                                                                                                                                                                                           ; altera_reserved_tck ; altera_reserved_tck ; 0.000        ; 0.039      ; 0.318      ;
; 0.195 ; MPSoC:inst1|MPSoC_cpu1:cpu1|MPSoC_cpu1_nios2_oci:the_MPSoC_cpu1_nios2_oci|MPSoC_cpu1_jtag_debug_module_wrapper:the_MPSoC_cpu1_jtag_debug_module_wrapper|MPSoC_cpu1_jtag_debug_module_tck:the_MPSoC_cpu1_jtag_debug_module_tck|sr[22]                                                      ; MPSoC:inst1|MPSoC_cpu1:cpu1|MPSoC_cpu1_nios2_oci:the_MPSoC_cpu1_nios2_oci|MPSoC_cpu1_jtag_debug_module_wrapper:the_MPSoC_cpu1_jtag_debug_module_wrapper|MPSoC_cpu1_jtag_debug_module_tck:the_MPSoC_cpu1_jtag_debug_module_tck|sr[21]                                                       ; altera_reserved_tck ; altera_reserved_tck ; 0.000        ; 0.040      ; 0.319      ;
; 0.195 ; MPSoC:inst1|MPSoC_cpu1:cpu1|MPSoC_cpu1_nios2_oci:the_MPSoC_cpu1_nios2_oci|MPSoC_cpu1_jtag_debug_module_wrapper:the_MPSoC_cpu1_jtag_debug_module_wrapper|MPSoC_cpu1_jtag_debug_module_tck:the_MPSoC_cpu1_jtag_debug_module_tck|sr[19]                                                      ; MPSoC:inst1|MPSoC_cpu1:cpu1|MPSoC_cpu1_nios2_oci:the_MPSoC_cpu1_nios2_oci|MPSoC_cpu1_jtag_debug_module_wrapper:the_MPSoC_cpu1_jtag_debug_module_wrapper|MPSoC_cpu1_jtag_debug_module_tck:the_MPSoC_cpu1_jtag_debug_module_tck|sr[18]                                                       ; altera_reserved_tck ; altera_reserved_tck ; 0.000        ; 0.039      ; 0.318      ;
; 0.196 ; sld_hub:auto_hub|sld_jtag_hub:\jtag_hub_gen:sld_jtag_hub_inst|identity_contrib_shift_reg[1]                                                                                                                                                                                               ; sld_hub:auto_hub|sld_jtag_hub:\jtag_hub_gen:sld_jtag_hub_inst|identity_contrib_update_reg[1]                                                                                                                                                                                               ; altera_reserved_tck ; altera_reserved_tck ; 0.000        ; 0.039      ; 0.319      ;
; 0.196 ; MPSoC:inst1|MPSoC_jtag0:jtag0|alt_jtag_atlantic:MPSoC_jtag0_alt_jtag_atlantic|count[0]                                                                                                                                                                                                    ; MPSoC:inst1|MPSoC_jtag0:jtag0|alt_jtag_atlantic:MPSoC_jtag0_alt_jtag_atlantic|count[1]                                                                                                                                                                                                     ; altera_reserved_tck ; altera_reserved_tck ; 0.000        ; 0.040      ; 0.320      ;
; 0.196 ; sld_hub:auto_hub|sld_jtag_hub:\jtag_hub_gen:sld_jtag_hub_inst|sld_shadow_jsm:shadow_jsm|state[12]                                                                                                                                                                                         ; sld_hub:auto_hub|sld_jtag_hub:\jtag_hub_gen:sld_jtag_hub_inst|sld_shadow_jsm:shadow_jsm|state[15]                                                                                                                                                                                          ; altera_reserved_tck ; altera_reserved_tck ; 0.000        ; 0.040      ; 0.320      ;
; 0.197 ; sld_hub:auto_hub|sld_jtag_hub:\jtag_hub_gen:sld_jtag_hub_inst|sld_shadow_jsm:shadow_jsm|state[9]                                                                                                                                                                                          ; sld_hub:auto_hub|sld_jtag_hub:\jtag_hub_gen:sld_jtag_hub_inst|sld_shadow_jsm:shadow_jsm|state[10]                                                                                                                                                                                          ; altera_reserved_tck ; altera_reserved_tck ; 0.000        ; 0.039      ; 0.320      ;
; 0.197 ; MPSoC:inst1|MPSoC_cpu0:cpu0|MPSoC_cpu0_nios2_oci:the_MPSoC_cpu0_nios2_oci|MPSoC_cpu0_jtag_debug_module_wrapper:the_MPSoC_cpu0_jtag_debug_module_wrapper|MPSoC_cpu0_jtag_debug_module_tck:the_MPSoC_cpu0_jtag_debug_module_tck|sr[23]                                                      ; MPSoC:inst1|MPSoC_cpu0:cpu0|MPSoC_cpu0_nios2_oci:the_MPSoC_cpu0_nios2_oci|MPSoC_cpu0_jtag_debug_module_wrapper:the_MPSoC_cpu0_jtag_debug_module_wrapper|MPSoC_cpu0_jtag_debug_module_tck:the_MPSoC_cpu0_jtag_debug_module_tck|sr[22]                                                       ; altera_reserved_tck ; altera_reserved_tck ; 0.000        ; 0.039      ; 0.320      ;
; 0.201 ; MPSoC:inst1|MPSoC_jtag0:jtag1|alt_jtag_atlantic:MPSoC_jtag0_alt_jtag_atlantic|count[0]                                                                                                                                                                                                    ; MPSoC:inst1|MPSoC_jtag0:jtag1|alt_jtag_atlantic:MPSoC_jtag0_alt_jtag_atlantic|count[1]                                                                                                                                                                                                     ; altera_reserved_tck ; altera_reserved_tck ; 0.000        ; 0.040      ; 0.325      ;
; 0.201 ; sld_hub:auto_hub|sld_jtag_hub:\jtag_hub_gen:sld_jtag_hub_inst|sld_shadow_jsm:shadow_jsm|state[11]                                                                                                                                                                                         ; sld_hub:auto_hub|sld_jtag_hub:\jtag_hub_gen:sld_jtag_hub_inst|sld_shadow_jsm:shadow_jsm|state[12]                                                                                                                                                                                          ; altera_reserved_tck ; altera_reserved_tck ; 0.000        ; 0.040      ; 0.325      ;
; 0.201 ; MPSoC:inst1|MPSoC_cpu1:cpu1|MPSoC_cpu1_nios2_oci:the_MPSoC_cpu1_nios2_oci|MPSoC_cpu1_jtag_debug_module_wrapper:the_MPSoC_cpu1_jtag_debug_module_wrapper|MPSoC_cpu1_jtag_debug_module_tck:the_MPSoC_cpu1_jtag_debug_module_tck|sr[6]                                                       ; MPSoC:inst1|MPSoC_cpu1:cpu1|MPSoC_cpu1_nios2_oci:the_MPSoC_cpu1_nios2_oci|MPSoC_cpu1_jtag_debug_module_wrapper:the_MPSoC_cpu1_jtag_debug_module_wrapper|MPSoC_cpu1_jtag_debug_module_tck:the_MPSoC_cpu1_jtag_debug_module_tck|sr[5]                                                        ; altera_reserved_tck ; altera_reserved_tck ; 0.000        ; 0.040      ; 0.325      ;
; 0.201 ; MPSoC:inst1|MPSoC_cpu1:cpu1|MPSoC_cpu1_nios2_oci:the_MPSoC_cpu1_nios2_oci|MPSoC_cpu1_jtag_debug_module_wrapper:the_MPSoC_cpu1_jtag_debug_module_wrapper|MPSoC_cpu1_jtag_debug_module_tck:the_MPSoC_cpu1_jtag_debug_module_tck|sr[4]                                                       ; MPSoC:inst1|MPSoC_cpu1:cpu1|MPSoC_cpu1_nios2_oci:the_MPSoC_cpu1_nios2_oci|MPSoC_cpu1_jtag_debug_module_wrapper:the_MPSoC_cpu1_jtag_debug_module_wrapper|MPSoC_cpu1_jtag_debug_module_tck:the_MPSoC_cpu1_jtag_debug_module_tck|sr[3]                                                        ; altera_reserved_tck ; altera_reserved_tck ; 0.000        ; 0.040      ; 0.325      ;
; 0.201 ; MPSoC:inst1|MPSoC_cpu0:cpu0|MPSoC_cpu0_nios2_oci:the_MPSoC_cpu0_nios2_oci|MPSoC_cpu0_jtag_debug_module_wrapper:the_MPSoC_cpu0_jtag_debug_module_wrapper|MPSoC_cpu0_jtag_debug_module_tck:the_MPSoC_cpu0_jtag_debug_module_tck|sr[4]                                                       ; MPSoC:inst1|MPSoC_cpu0:cpu0|MPSoC_cpu0_nios2_oci:the_MPSoC_cpu0_nios2_oci|MPSoC_cpu0_jtag_debug_module_wrapper:the_MPSoC_cpu0_jtag_debug_module_wrapper|MPSoC_cpu0_jtag_debug_module_tck:the_MPSoC_cpu0_jtag_debug_module_tck|sr[3]                                                        ; altera_reserved_tck ; altera_reserved_tck ; 0.000        ; 0.040      ; 0.325      ;
; 0.202 ; sld_hub:auto_hub|sld_jtag_hub:\jtag_hub_gen:sld_jtag_hub_inst|irf_reg[2][1]                                                                                                                                                                                                               ; sld_hub:auto_hub|sld_jtag_hub:\jtag_hub_gen:sld_jtag_hub_inst|shadow_irf_reg[2][1]                                                                                                                                                                                                         ; altera_reserved_tck ; altera_reserved_tck ; 0.000        ; 0.039      ; 0.325      ;
; 0.202 ; MPSoC:inst1|MPSoC_jtag0:jtag0|alt_jtag_atlantic:MPSoC_jtag0_alt_jtag_atlantic|td_shift[5]                                                                                                                                                                                                 ; MPSoC:inst1|MPSoC_jtag0:jtag0|alt_jtag_atlantic:MPSoC_jtag0_alt_jtag_atlantic|wdata[1]                                                                                                                                                                                                     ; altera_reserved_tck ; altera_reserved_tck ; 0.000        ; 0.041      ; 0.327      ;
; 0.202 ; MPSoC:inst1|MPSoC_jtag0:jtag0|alt_jtag_atlantic:MPSoC_jtag0_alt_jtag_atlantic|td_shift[0]                                                                                                                                                                                                 ; MPSoC:inst1|MPSoC_jtag0:jtag0|alt_jtag_atlantic:MPSoC_jtag0_alt_jtag_atlantic|user_saw_rvalid                                                                                                                                                                                              ; altera_reserved_tck ; altera_reserved_tck ; 0.000        ; 0.040      ; 0.326      ;
; 0.202 ; MPSoC:inst1|MPSoC_cpu1:cpu1|MPSoC_cpu1_nios2_oci:the_MPSoC_cpu1_nios2_oci|MPSoC_cpu1_jtag_debug_module_wrapper:the_MPSoC_cpu1_jtag_debug_module_wrapper|MPSoC_cpu1_jtag_debug_module_tck:the_MPSoC_cpu1_jtag_debug_module_tck|sr[11]                                                      ; MPSoC:inst1|MPSoC_cpu1:cpu1|MPSoC_cpu1_nios2_oci:the_MPSoC_cpu1_nios2_oci|MPSoC_cpu1_jtag_debug_module_wrapper:the_MPSoC_cpu1_jtag_debug_module_wrapper|MPSoC_cpu1_jtag_debug_module_tck:the_MPSoC_cpu1_jtag_debug_module_tck|sr[10]                                                       ; altera_reserved_tck ; altera_reserved_tck ; 0.000        ; 0.039      ; 0.325      ;
; 0.202 ; MPSoC:inst1|MPSoC_cpu1:cpu1|MPSoC_cpu1_nios2_oci:the_MPSoC_cpu1_nios2_oci|MPSoC_cpu1_jtag_debug_module_wrapper:the_MPSoC_cpu1_jtag_debug_module_wrapper|MPSoC_cpu1_jtag_debug_module_tck:the_MPSoC_cpu1_jtag_debug_module_tck|sr[13]                                                      ; MPSoC:inst1|MPSoC_cpu1:cpu1|MPSoC_cpu1_nios2_oci:the_MPSoC_cpu1_nios2_oci|MPSoC_cpu1_jtag_debug_module_wrapper:the_MPSoC_cpu1_jtag_debug_module_wrapper|MPSoC_cpu1_jtag_debug_module_tck:the_MPSoC_cpu1_jtag_debug_module_tck|sr[12]                                                       ; altera_reserved_tck ; altera_reserved_tck ; 0.000        ; 0.039      ; 0.325      ;
; 0.202 ; MPSoC:inst1|MPSoC_cpu0:cpu0|MPSoC_cpu0_nios2_oci:the_MPSoC_cpu0_nios2_oci|MPSoC_cpu0_jtag_debug_module_wrapper:the_MPSoC_cpu0_jtag_debug_module_wrapper|MPSoC_cpu0_jtag_debug_module_tck:the_MPSoC_cpu0_jtag_debug_module_tck|sr[14]                                                      ; MPSoC:inst1|MPSoC_cpu0:cpu0|MPSoC_cpu0_nios2_oci:the_MPSoC_cpu0_nios2_oci|MPSoC_cpu0_jtag_debug_module_wrapper:the_MPSoC_cpu0_jtag_debug_module_wrapper|MPSoC_cpu0_jtag_debug_module_tck:the_MPSoC_cpu0_jtag_debug_module_tck|sr[13]                                                       ; altera_reserved_tck ; altera_reserved_tck ; 0.000        ; 0.039      ; 0.325      ;
; 0.202 ; MPSoC:inst1|MPSoC_cpu0:cpu0|MPSoC_cpu0_nios2_oci:the_MPSoC_cpu0_nios2_oci|MPSoC_cpu0_jtag_debug_module_wrapper:the_MPSoC_cpu0_jtag_debug_module_wrapper|MPSoC_cpu0_jtag_debug_module_tck:the_MPSoC_cpu0_jtag_debug_module_tck|sr[13]                                                      ; MPSoC:inst1|MPSoC_cpu0:cpu0|MPSoC_cpu0_nios2_oci:the_MPSoC_cpu0_nios2_oci|MPSoC_cpu0_jtag_debug_module_wrapper:the_MPSoC_cpu0_jtag_debug_module_wrapper|MPSoC_cpu0_jtag_debug_module_tck:the_MPSoC_cpu0_jtag_debug_module_tck|sr[12]                                                       ; altera_reserved_tck ; altera_reserved_tck ; 0.000        ; 0.039      ; 0.325      ;
+-------+-------------------------------------------------------------------------------------------------------------------------------------------------------------------------------------------------------------------------------------------------------------------------------------------+--------------------------------------------------------------------------------------------------------------------------------------------------------------------------------------------------------------------------------------------------------------------------------------------+---------------------+---------------------+--------------+------------+------------+


+------------------------------------------------------------------------------------------------------------------------------------------------------------------------------------------------------------------------------------------------------------------------------------------------+
; Fast 1200mV 0C Model Recovery: 'altera_reserved_tck'                                                                                                                                                                                                                                           ;
+--------+--------------------------------------------------------------------------------------------------+-----------------------------------------------------------------------------------------------+---------------------+---------------------+--------------+------------+------------+
; Slack  ; From Node                                                                                        ; To Node                                                                                       ; Launch Clock        ; Latch Clock         ; Relationship ; Clock Skew ; Data Delay ;
+--------+--------------------------------------------------------------------------------------------------+-----------------------------------------------------------------------------------------------+---------------------+---------------------+--------------+------------+------------+
; 47.765 ; sld_hub:auto_hub|sld_jtag_hub:\jtag_hub_gen:sld_jtag_hub_inst|clr_reg                            ; MPSoC:inst1|MPSoC_jtag0:jtag0|alt_jtag_atlantic:MPSoC_jtag0_alt_jtag_atlantic|jupdate         ; altera_reserved_tck ; altera_reserved_tck ; 50.000       ; 0.290      ; 2.532      ;
; 47.765 ; sld_hub:auto_hub|sld_jtag_hub:\jtag_hub_gen:sld_jtag_hub_inst|clr_reg                            ; MPSoC:inst1|MPSoC_jtag0:jtag0|alt_jtag_atlantic:MPSoC_jtag0_alt_jtag_atlantic|tdo~reg0        ; altera_reserved_tck ; altera_reserved_tck ; 50.000       ; 0.290      ; 2.532      ;
; 47.766 ; sld_hub:auto_hub|sld_jtag_hub:\jtag_hub_gen:sld_jtag_hub_inst|clr_reg                            ; MPSoC:inst1|MPSoC_jtag0:jtag1|alt_jtag_atlantic:MPSoC_jtag0_alt_jtag_atlantic|jupdate         ; altera_reserved_tck ; altera_reserved_tck ; 50.000       ; 0.256      ; 2.497      ;
; 47.766 ; sld_hub:auto_hub|sld_jtag_hub:\jtag_hub_gen:sld_jtag_hub_inst|clr_reg                            ; MPSoC:inst1|MPSoC_jtag0:jtag1|alt_jtag_atlantic:MPSoC_jtag0_alt_jtag_atlantic|tdo~reg0        ; altera_reserved_tck ; altera_reserved_tck ; 50.000       ; 0.256      ; 2.497      ;
; 49.306 ; sld_hub:auto_hub|sld_jtag_hub:\jtag_hub_gen:sld_jtag_hub_inst|sld_shadow_jsm:shadow_jsm|state[8] ; sld_hub:auto_hub|sld_jtag_hub:\jtag_hub_gen:sld_jtag_hub_inst|tdo                             ; altera_reserved_tck ; altera_reserved_tck ; 50.000       ; 0.270      ; 0.971      ;
; 97.253 ; sld_hub:auto_hub|sld_jtag_hub:\jtag_hub_gen:sld_jtag_hub_inst|clr_reg                            ; MPSoC:inst1|MPSoC_jtag0:jtag0|alt_jtag_atlantic:MPSoC_jtag0_alt_jtag_atlantic|read            ; altera_reserved_tck ; altera_reserved_tck ; 100.000      ; -0.020     ; 2.734      ;
; 97.253 ; sld_hub:auto_hub|sld_jtag_hub:\jtag_hub_gen:sld_jtag_hub_inst|clr_reg                            ; MPSoC:inst1|MPSoC_jtag0:jtag0|alt_jtag_atlantic:MPSoC_jtag0_alt_jtag_atlantic|read_req        ; altera_reserved_tck ; altera_reserved_tck ; 100.000      ; -0.020     ; 2.734      ;
; 97.253 ; sld_hub:auto_hub|sld_jtag_hub:\jtag_hub_gen:sld_jtag_hub_inst|clr_reg                            ; MPSoC:inst1|MPSoC_jtag0:jtag0|alt_jtag_atlantic:MPSoC_jtag0_alt_jtag_atlantic|write           ; altera_reserved_tck ; altera_reserved_tck ; 100.000      ; -0.019     ; 2.735      ;
; 97.253 ; sld_hub:auto_hub|sld_jtag_hub:\jtag_hub_gen:sld_jtag_hub_inst|clr_reg                            ; MPSoC:inst1|MPSoC_jtag0:jtag0|alt_jtag_atlantic:MPSoC_jtag0_alt_jtag_atlantic|write_valid     ; altera_reserved_tck ; altera_reserved_tck ; 100.000      ; -0.020     ; 2.734      ;
; 97.253 ; sld_hub:auto_hub|sld_jtag_hub:\jtag_hub_gen:sld_jtag_hub_inst|clr_reg                            ; MPSoC:inst1|MPSoC_jtag0:jtag0|alt_jtag_atlantic:MPSoC_jtag0_alt_jtag_atlantic|write_stalled   ; altera_reserved_tck ; altera_reserved_tck ; 100.000      ; -0.020     ; 2.734      ;
; 97.253 ; sld_hub:auto_hub|sld_jtag_hub:\jtag_hub_gen:sld_jtag_hub_inst|clr_reg                            ; MPSoC:inst1|MPSoC_jtag0:jtag0|alt_jtag_atlantic:MPSoC_jtag0_alt_jtag_atlantic|wdata[0]        ; altera_reserved_tck ; altera_reserved_tck ; 100.000      ; -0.020     ; 2.734      ;
; 97.257 ; sld_hub:auto_hub|sld_jtag_hub:\jtag_hub_gen:sld_jtag_hub_inst|clr_reg                            ; MPSoC:inst1|MPSoC_jtag0:jtag1|alt_jtag_atlantic:MPSoC_jtag0_alt_jtag_atlantic|write_stalled   ; altera_reserved_tck ; altera_reserved_tck ; 100.000      ; -0.063     ; 2.687      ;
; 97.257 ; sld_hub:auto_hub|sld_jtag_hub:\jtag_hub_gen:sld_jtag_hub_inst|clr_reg                            ; MPSoC:inst1|MPSoC_jtag0:jtag1|alt_jtag_atlantic:MPSoC_jtag0_alt_jtag_atlantic|write_valid     ; altera_reserved_tck ; altera_reserved_tck ; 100.000      ; -0.063     ; 2.687      ;
; 97.257 ; sld_hub:auto_hub|sld_jtag_hub:\jtag_hub_gen:sld_jtag_hub_inst|clr_reg                            ; MPSoC:inst1|MPSoC_jtag0:jtag1|alt_jtag_atlantic:MPSoC_jtag0_alt_jtag_atlantic|read            ; altera_reserved_tck ; altera_reserved_tck ; 100.000      ; -0.063     ; 2.687      ;
; 97.257 ; sld_hub:auto_hub|sld_jtag_hub:\jtag_hub_gen:sld_jtag_hub_inst|clr_reg                            ; MPSoC:inst1|MPSoC_jtag0:jtag1|alt_jtag_atlantic:MPSoC_jtag0_alt_jtag_atlantic|read_req        ; altera_reserved_tck ; altera_reserved_tck ; 100.000      ; -0.063     ; 2.687      ;
; 97.257 ; sld_hub:auto_hub|sld_jtag_hub:\jtag_hub_gen:sld_jtag_hub_inst|clr_reg                            ; MPSoC:inst1|MPSoC_jtag0:jtag1|alt_jtag_atlantic:MPSoC_jtag0_alt_jtag_atlantic|wdata[0]        ; altera_reserved_tck ; altera_reserved_tck ; 100.000      ; -0.063     ; 2.687      ;
; 97.450 ; sld_hub:auto_hub|sld_jtag_hub:\jtag_hub_gen:sld_jtag_hub_inst|clr_reg                            ; MPSoC:inst1|MPSoC_jtag0:jtag0|alt_jtag_atlantic:MPSoC_jtag0_alt_jtag_atlantic|td_shift[9]     ; altera_reserved_tck ; altera_reserved_tck ; 100.000      ; -0.023     ; 2.534      ;
; 97.450 ; sld_hub:auto_hub|sld_jtag_hub:\jtag_hub_gen:sld_jtag_hub_inst|clr_reg                            ; MPSoC:inst1|MPSoC_jtag0:jtag0|alt_jtag_atlantic:MPSoC_jtag0_alt_jtag_atlantic|td_shift[8]     ; altera_reserved_tck ; altera_reserved_tck ; 100.000      ; -0.023     ; 2.534      ;
; 97.450 ; sld_hub:auto_hub|sld_jtag_hub:\jtag_hub_gen:sld_jtag_hub_inst|clr_reg                            ; MPSoC:inst1|MPSoC_jtag0:jtag0|alt_jtag_atlantic:MPSoC_jtag0_alt_jtag_atlantic|td_shift[7]     ; altera_reserved_tck ; altera_reserved_tck ; 100.000      ; -0.023     ; 2.534      ;
; 97.450 ; sld_hub:auto_hub|sld_jtag_hub:\jtag_hub_gen:sld_jtag_hub_inst|clr_reg                            ; MPSoC:inst1|MPSoC_jtag0:jtag0|alt_jtag_atlantic:MPSoC_jtag0_alt_jtag_atlantic|td_shift[6]     ; altera_reserved_tck ; altera_reserved_tck ; 100.000      ; -0.023     ; 2.534      ;
; 97.450 ; sld_hub:auto_hub|sld_jtag_hub:\jtag_hub_gen:sld_jtag_hub_inst|clr_reg                            ; MPSoC:inst1|MPSoC_jtag0:jtag0|alt_jtag_atlantic:MPSoC_jtag0_alt_jtag_atlantic|td_shift[5]     ; altera_reserved_tck ; altera_reserved_tck ; 100.000      ; -0.023     ; 2.534      ;
; 97.450 ; sld_hub:auto_hub|sld_jtag_hub:\jtag_hub_gen:sld_jtag_hub_inst|clr_reg                            ; MPSoC:inst1|MPSoC_jtag0:jtag0|alt_jtag_atlantic:MPSoC_jtag0_alt_jtag_atlantic|wdata[7]        ; altera_reserved_tck ; altera_reserved_tck ; 100.000      ; -0.023     ; 2.534      ;
; 97.450 ; sld_hub:auto_hub|sld_jtag_hub:\jtag_hub_gen:sld_jtag_hub_inst|clr_reg                            ; MPSoC:inst1|MPSoC_jtag0:jtag0|alt_jtag_atlantic:MPSoC_jtag0_alt_jtag_atlantic|wdata[6]        ; altera_reserved_tck ; altera_reserved_tck ; 100.000      ; -0.023     ; 2.534      ;
; 97.450 ; sld_hub:auto_hub|sld_jtag_hub:\jtag_hub_gen:sld_jtag_hub_inst|clr_reg                            ; MPSoC:inst1|MPSoC_jtag0:jtag0|alt_jtag_atlantic:MPSoC_jtag0_alt_jtag_atlantic|wdata[5]        ; altera_reserved_tck ; altera_reserved_tck ; 100.000      ; -0.023     ; 2.534      ;
; 97.450 ; sld_hub:auto_hub|sld_jtag_hub:\jtag_hub_gen:sld_jtag_hub_inst|clr_reg                            ; MPSoC:inst1|MPSoC_jtag0:jtag0|alt_jtag_atlantic:MPSoC_jtag0_alt_jtag_atlantic|wdata[4]        ; altera_reserved_tck ; altera_reserved_tck ; 100.000      ; -0.023     ; 2.534      ;
; 97.450 ; sld_hub:auto_hub|sld_jtag_hub:\jtag_hub_gen:sld_jtag_hub_inst|clr_reg                            ; MPSoC:inst1|MPSoC_jtag0:jtag0|alt_jtag_atlantic:MPSoC_jtag0_alt_jtag_atlantic|wdata[3]        ; altera_reserved_tck ; altera_reserved_tck ; 100.000      ; -0.023     ; 2.534      ;
; 97.450 ; sld_hub:auto_hub|sld_jtag_hub:\jtag_hub_gen:sld_jtag_hub_inst|clr_reg                            ; MPSoC:inst1|MPSoC_jtag0:jtag0|alt_jtag_atlantic:MPSoC_jtag0_alt_jtag_atlantic|wdata[2]        ; altera_reserved_tck ; altera_reserved_tck ; 100.000      ; -0.023     ; 2.534      ;
; 97.450 ; sld_hub:auto_hub|sld_jtag_hub:\jtag_hub_gen:sld_jtag_hub_inst|clr_reg                            ; MPSoC:inst1|MPSoC_jtag0:jtag0|alt_jtag_atlantic:MPSoC_jtag0_alt_jtag_atlantic|wdata[1]        ; altera_reserved_tck ; altera_reserved_tck ; 100.000      ; -0.023     ; 2.534      ;
; 97.451 ; sld_hub:auto_hub|sld_jtag_hub:\jtag_hub_gen:sld_jtag_hub_inst|clr_reg                            ; MPSoC:inst1|MPSoC_jtag0:jtag0|alt_jtag_atlantic:MPSoC_jtag0_alt_jtag_atlantic|count[2]        ; altera_reserved_tck ; altera_reserved_tck ; 100.000      ; -0.023     ; 2.533      ;
; 97.451 ; sld_hub:auto_hub|sld_jtag_hub:\jtag_hub_gen:sld_jtag_hub_inst|clr_reg                            ; MPSoC:inst1|MPSoC_jtag0:jtag0|alt_jtag_atlantic:MPSoC_jtag0_alt_jtag_atlantic|count[3]        ; altera_reserved_tck ; altera_reserved_tck ; 100.000      ; -0.023     ; 2.533      ;
; 97.451 ; sld_hub:auto_hub|sld_jtag_hub:\jtag_hub_gen:sld_jtag_hub_inst|clr_reg                            ; MPSoC:inst1|MPSoC_jtag0:jtag0|alt_jtag_atlantic:MPSoC_jtag0_alt_jtag_atlantic|count[4]        ; altera_reserved_tck ; altera_reserved_tck ; 100.000      ; -0.023     ; 2.533      ;
; 97.451 ; sld_hub:auto_hub|sld_jtag_hub:\jtag_hub_gen:sld_jtag_hub_inst|clr_reg                            ; MPSoC:inst1|MPSoC_jtag0:jtag0|alt_jtag_atlantic:MPSoC_jtag0_alt_jtag_atlantic|count[5]        ; altera_reserved_tck ; altera_reserved_tck ; 100.000      ; -0.023     ; 2.533      ;
; 97.451 ; sld_hub:auto_hub|sld_jtag_hub:\jtag_hub_gen:sld_jtag_hub_inst|clr_reg                            ; MPSoC:inst1|MPSoC_jtag0:jtag0|alt_jtag_atlantic:MPSoC_jtag0_alt_jtag_atlantic|count[6]        ; altera_reserved_tck ; altera_reserved_tck ; 100.000      ; -0.023     ; 2.533      ;
; 97.451 ; sld_hub:auto_hub|sld_jtag_hub:\jtag_hub_gen:sld_jtag_hub_inst|clr_reg                            ; MPSoC:inst1|MPSoC_jtag0:jtag0|alt_jtag_atlantic:MPSoC_jtag0_alt_jtag_atlantic|count[7]        ; altera_reserved_tck ; altera_reserved_tck ; 100.000      ; -0.023     ; 2.533      ;
; 97.451 ; sld_hub:auto_hub|sld_jtag_hub:\jtag_hub_gen:sld_jtag_hub_inst|clr_reg                            ; MPSoC:inst1|MPSoC_jtag0:jtag0|alt_jtag_atlantic:MPSoC_jtag0_alt_jtag_atlantic|count[8]        ; altera_reserved_tck ; altera_reserved_tck ; 100.000      ; -0.023     ; 2.533      ;
; 97.451 ; sld_hub:auto_hub|sld_jtag_hub:\jtag_hub_gen:sld_jtag_hub_inst|clr_reg                            ; MPSoC:inst1|MPSoC_jtag0:jtag0|alt_jtag_atlantic:MPSoC_jtag0_alt_jtag_atlantic|state           ; altera_reserved_tck ; altera_reserved_tck ; 100.000      ; -0.020     ; 2.536      ;
; 97.451 ; sld_hub:auto_hub|sld_jtag_hub:\jtag_hub_gen:sld_jtag_hub_inst|clr_reg                            ; MPSoC:inst1|MPSoC_jtag0:jtag0|alt_jtag_atlantic:MPSoC_jtag0_alt_jtag_atlantic|count[9]        ; altera_reserved_tck ; altera_reserved_tck ; 100.000      ; -0.023     ; 2.533      ;
; 97.451 ; sld_hub:auto_hub|sld_jtag_hub:\jtag_hub_gen:sld_jtag_hub_inst|clr_reg                            ; MPSoC:inst1|MPSoC_jtag0:jtag0|alt_jtag_atlantic:MPSoC_jtag0_alt_jtag_atlantic|count[0]        ; altera_reserved_tck ; altera_reserved_tck ; 100.000      ; -0.020     ; 2.536      ;
; 97.451 ; sld_hub:auto_hub|sld_jtag_hub:\jtag_hub_gen:sld_jtag_hub_inst|clr_reg                            ; MPSoC:inst1|MPSoC_jtag0:jtag0|alt_jtag_atlantic:MPSoC_jtag0_alt_jtag_atlantic|count[1]        ; altera_reserved_tck ; altera_reserved_tck ; 100.000      ; -0.020     ; 2.536      ;
; 97.451 ; sld_hub:auto_hub|sld_jtag_hub:\jtag_hub_gen:sld_jtag_hub_inst|clr_reg                            ; MPSoC:inst1|MPSoC_jtag0:jtag0|alt_jtag_atlantic:MPSoC_jtag0_alt_jtag_atlantic|td_shift[10]    ; altera_reserved_tck ; altera_reserved_tck ; 100.000      ; -0.020     ; 2.536      ;
; 97.451 ; sld_hub:auto_hub|sld_jtag_hub:\jtag_hub_gen:sld_jtag_hub_inst|clr_reg                            ; MPSoC:inst1|MPSoC_jtag0:jtag0|alt_jtag_atlantic:MPSoC_jtag0_alt_jtag_atlantic|td_shift[4]     ; altera_reserved_tck ; altera_reserved_tck ; 100.000      ; -0.023     ; 2.533      ;
; 97.451 ; sld_hub:auto_hub|sld_jtag_hub:\jtag_hub_gen:sld_jtag_hub_inst|clr_reg                            ; MPSoC:inst1|MPSoC_jtag0:jtag0|alt_jtag_atlantic:MPSoC_jtag0_alt_jtag_atlantic|td_shift[3]     ; altera_reserved_tck ; altera_reserved_tck ; 100.000      ; -0.023     ; 2.533      ;
; 97.451 ; sld_hub:auto_hub|sld_jtag_hub:\jtag_hub_gen:sld_jtag_hub_inst|clr_reg                            ; MPSoC:inst1|MPSoC_jtag0:jtag0|alt_jtag_atlantic:MPSoC_jtag0_alt_jtag_atlantic|td_shift[2]     ; altera_reserved_tck ; altera_reserved_tck ; 100.000      ; -0.023     ; 2.533      ;
; 97.451 ; sld_hub:auto_hub|sld_jtag_hub:\jtag_hub_gen:sld_jtag_hub_inst|clr_reg                            ; MPSoC:inst1|MPSoC_jtag0:jtag0|alt_jtag_atlantic:MPSoC_jtag0_alt_jtag_atlantic|tck_t_dav       ; altera_reserved_tck ; altera_reserved_tck ; 100.000      ; -0.020     ; 2.536      ;
; 97.451 ; sld_hub:auto_hub|sld_jtag_hub:\jtag_hub_gen:sld_jtag_hub_inst|clr_reg                            ; MPSoC:inst1|MPSoC_jtag0:jtag0|alt_jtag_atlantic:MPSoC_jtag0_alt_jtag_atlantic|td_shift[1]     ; altera_reserved_tck ; altera_reserved_tck ; 100.000      ; -0.023     ; 2.533      ;
; 97.451 ; sld_hub:auto_hub|sld_jtag_hub:\jtag_hub_gen:sld_jtag_hub_inst|clr_reg                            ; MPSoC:inst1|MPSoC_jtag0:jtag0|alt_jtag_atlantic:MPSoC_jtag0_alt_jtag_atlantic|td_shift[0]     ; altera_reserved_tck ; altera_reserved_tck ; 100.000      ; -0.020     ; 2.536      ;
; 97.451 ; sld_hub:auto_hub|sld_jtag_hub:\jtag_hub_gen:sld_jtag_hub_inst|clr_reg                            ; MPSoC:inst1|MPSoC_jtag0:jtag0|alt_jtag_atlantic:MPSoC_jtag0_alt_jtag_atlantic|user_saw_rvalid ; altera_reserved_tck ; altera_reserved_tck ; 100.000      ; -0.020     ; 2.536      ;
; 97.452 ; sld_hub:auto_hub|sld_jtag_hub:\jtag_hub_gen:sld_jtag_hub_inst|clr_reg                            ; MPSoC:inst1|MPSoC_jtag0:jtag1|alt_jtag_atlantic:MPSoC_jtag0_alt_jtag_atlantic|td_shift[7]     ; altera_reserved_tck ; altera_reserved_tck ; 100.000      ; -0.047     ; 2.508      ;
; 97.452 ; sld_hub:auto_hub|sld_jtag_hub:\jtag_hub_gen:sld_jtag_hub_inst|clr_reg                            ; MPSoC:inst1|MPSoC_jtag0:jtag1|alt_jtag_atlantic:MPSoC_jtag0_alt_jtag_atlantic|td_shift[6]     ; altera_reserved_tck ; altera_reserved_tck ; 100.000      ; -0.047     ; 2.508      ;
; 97.452 ; sld_hub:auto_hub|sld_jtag_hub:\jtag_hub_gen:sld_jtag_hub_inst|clr_reg                            ; MPSoC:inst1|MPSoC_jtag0:jtag1|alt_jtag_atlantic:MPSoC_jtag0_alt_jtag_atlantic|td_shift[5]     ; altera_reserved_tck ; altera_reserved_tck ; 100.000      ; -0.047     ; 2.508      ;
; 97.452 ; sld_hub:auto_hub|sld_jtag_hub:\jtag_hub_gen:sld_jtag_hub_inst|clr_reg                            ; MPSoC:inst1|MPSoC_jtag0:jtag1|alt_jtag_atlantic:MPSoC_jtag0_alt_jtag_atlantic|td_shift[4]     ; altera_reserved_tck ; altera_reserved_tck ; 100.000      ; -0.047     ; 2.508      ;
; 97.452 ; sld_hub:auto_hub|sld_jtag_hub:\jtag_hub_gen:sld_jtag_hub_inst|clr_reg                            ; MPSoC:inst1|MPSoC_jtag0:jtag1|alt_jtag_atlantic:MPSoC_jtag0_alt_jtag_atlantic|td_shift[3]     ; altera_reserved_tck ; altera_reserved_tck ; 100.000      ; -0.047     ; 2.508      ;
; 97.452 ; sld_hub:auto_hub|sld_jtag_hub:\jtag_hub_gen:sld_jtag_hub_inst|clr_reg                            ; MPSoC:inst1|MPSoC_jtag0:jtag1|alt_jtag_atlantic:MPSoC_jtag0_alt_jtag_atlantic|td_shift[2]     ; altera_reserved_tck ; altera_reserved_tck ; 100.000      ; -0.047     ; 2.508      ;
; 97.452 ; sld_hub:auto_hub|sld_jtag_hub:\jtag_hub_gen:sld_jtag_hub_inst|clr_reg                            ; MPSoC:inst1|MPSoC_jtag0:jtag1|alt_jtag_atlantic:MPSoC_jtag0_alt_jtag_atlantic|td_shift[1]     ; altera_reserved_tck ; altera_reserved_tck ; 100.000      ; -0.047     ; 2.508      ;
; 97.452 ; sld_hub:auto_hub|sld_jtag_hub:\jtag_hub_gen:sld_jtag_hub_inst|clr_reg                            ; MPSoC:inst1|MPSoC_jtag0:jtag1|alt_jtag_atlantic:MPSoC_jtag0_alt_jtag_atlantic|wdata[3]        ; altera_reserved_tck ; altera_reserved_tck ; 100.000      ; -0.047     ; 2.508      ;
; 97.452 ; sld_hub:auto_hub|sld_jtag_hub:\jtag_hub_gen:sld_jtag_hub_inst|clr_reg                            ; MPSoC:inst1|MPSoC_jtag0:jtag1|alt_jtag_atlantic:MPSoC_jtag0_alt_jtag_atlantic|wdata[1]        ; altera_reserved_tck ; altera_reserved_tck ; 100.000      ; -0.047     ; 2.508      ;
; 97.453 ; sld_hub:auto_hub|sld_jtag_hub:\jtag_hub_gen:sld_jtag_hub_inst|clr_reg                            ; sld_hub:auto_hub|sld_jtag_hub:\jtag_hub_gen:sld_jtag_hub_inst|node_ena[1]~reg0                ; altera_reserved_tck ; altera_reserved_tck ; 100.000      ; -0.053     ; 2.501      ;
; 97.453 ; sld_hub:auto_hub|sld_jtag_hub:\jtag_hub_gen:sld_jtag_hub_inst|clr_reg                            ; sld_hub:auto_hub|sld_jtag_hub:\jtag_hub_gen:sld_jtag_hub_inst|node_ena[2]~reg0                ; altera_reserved_tck ; altera_reserved_tck ; 100.000      ; -0.053     ; 2.501      ;
; 97.453 ; sld_hub:auto_hub|sld_jtag_hub:\jtag_hub_gen:sld_jtag_hub_inst|clr_reg                            ; sld_hub:auto_hub|sld_jtag_hub:\jtag_hub_gen:sld_jtag_hub_inst|node_ena[3]~reg0                ; altera_reserved_tck ; altera_reserved_tck ; 100.000      ; -0.053     ; 2.501      ;
; 97.453 ; sld_hub:auto_hub|sld_jtag_hub:\jtag_hub_gen:sld_jtag_hub_inst|clr_reg                            ; sld_hub:auto_hub|sld_jtag_hub:\jtag_hub_gen:sld_jtag_hub_inst|node_ena[4]~reg0                ; altera_reserved_tck ; altera_reserved_tck ; 100.000      ; -0.053     ; 2.501      ;
; 97.453 ; sld_hub:auto_hub|sld_jtag_hub:\jtag_hub_gen:sld_jtag_hub_inst|clr_reg                            ; MPSoC:inst1|MPSoC_jtag0:jtag1|alt_jtag_atlantic:MPSoC_jtag0_alt_jtag_atlantic|count[9]        ; altera_reserved_tck ; altera_reserved_tck ; 100.000      ; -0.056     ; 2.498      ;
; 97.453 ; sld_hub:auto_hub|sld_jtag_hub:\jtag_hub_gen:sld_jtag_hub_inst|clr_reg                            ; MPSoC:inst1|MPSoC_jtag0:jtag1|alt_jtag_atlantic:MPSoC_jtag0_alt_jtag_atlantic|count[0]        ; altera_reserved_tck ; altera_reserved_tck ; 100.000      ; -0.056     ; 2.498      ;
; 97.453 ; sld_hub:auto_hub|sld_jtag_hub:\jtag_hub_gen:sld_jtag_hub_inst|clr_reg                            ; MPSoC:inst1|MPSoC_jtag0:jtag1|alt_jtag_atlantic:MPSoC_jtag0_alt_jtag_atlantic|count[1]        ; altera_reserved_tck ; altera_reserved_tck ; 100.000      ; -0.056     ; 2.498      ;
; 97.453 ; sld_hub:auto_hub|sld_jtag_hub:\jtag_hub_gen:sld_jtag_hub_inst|clr_reg                            ; MPSoC:inst1|MPSoC_jtag0:jtag1|alt_jtag_atlantic:MPSoC_jtag0_alt_jtag_atlantic|count[2]        ; altera_reserved_tck ; altera_reserved_tck ; 100.000      ; -0.056     ; 2.498      ;
; 97.453 ; sld_hub:auto_hub|sld_jtag_hub:\jtag_hub_gen:sld_jtag_hub_inst|clr_reg                            ; MPSoC:inst1|MPSoC_jtag0:jtag1|alt_jtag_atlantic:MPSoC_jtag0_alt_jtag_atlantic|count[3]        ; altera_reserved_tck ; altera_reserved_tck ; 100.000      ; -0.056     ; 2.498      ;
; 97.453 ; sld_hub:auto_hub|sld_jtag_hub:\jtag_hub_gen:sld_jtag_hub_inst|clr_reg                            ; MPSoC:inst1|MPSoC_jtag0:jtag1|alt_jtag_atlantic:MPSoC_jtag0_alt_jtag_atlantic|count[4]        ; altera_reserved_tck ; altera_reserved_tck ; 100.000      ; -0.056     ; 2.498      ;
; 97.453 ; sld_hub:auto_hub|sld_jtag_hub:\jtag_hub_gen:sld_jtag_hub_inst|clr_reg                            ; MPSoC:inst1|MPSoC_jtag0:jtag1|alt_jtag_atlantic:MPSoC_jtag0_alt_jtag_atlantic|count[5]        ; altera_reserved_tck ; altera_reserved_tck ; 100.000      ; -0.056     ; 2.498      ;
; 97.453 ; sld_hub:auto_hub|sld_jtag_hub:\jtag_hub_gen:sld_jtag_hub_inst|clr_reg                            ; MPSoC:inst1|MPSoC_jtag0:jtag1|alt_jtag_atlantic:MPSoC_jtag0_alt_jtag_atlantic|count[6]        ; altera_reserved_tck ; altera_reserved_tck ; 100.000      ; -0.056     ; 2.498      ;
; 97.453 ; sld_hub:auto_hub|sld_jtag_hub:\jtag_hub_gen:sld_jtag_hub_inst|clr_reg                            ; MPSoC:inst1|MPSoC_jtag0:jtag1|alt_jtag_atlantic:MPSoC_jtag0_alt_jtag_atlantic|count[7]        ; altera_reserved_tck ; altera_reserved_tck ; 100.000      ; -0.056     ; 2.498      ;
; 97.453 ; sld_hub:auto_hub|sld_jtag_hub:\jtag_hub_gen:sld_jtag_hub_inst|clr_reg                            ; MPSoC:inst1|MPSoC_jtag0:jtag1|alt_jtag_atlantic:MPSoC_jtag0_alt_jtag_atlantic|count[8]        ; altera_reserved_tck ; altera_reserved_tck ; 100.000      ; -0.056     ; 2.498      ;
; 97.453 ; sld_hub:auto_hub|sld_jtag_hub:\jtag_hub_gen:sld_jtag_hub_inst|clr_reg                            ; MPSoC:inst1|MPSoC_jtag0:jtag1|alt_jtag_atlantic:MPSoC_jtag0_alt_jtag_atlantic|td_shift[10]    ; altera_reserved_tck ; altera_reserved_tck ; 100.000      ; -0.056     ; 2.498      ;
; 97.453 ; sld_hub:auto_hub|sld_jtag_hub:\jtag_hub_gen:sld_jtag_hub_inst|clr_reg                            ; MPSoC:inst1|MPSoC_jtag0:jtag1|alt_jtag_atlantic:MPSoC_jtag0_alt_jtag_atlantic|wdata[6]        ; altera_reserved_tck ; altera_reserved_tck ; 100.000      ; -0.056     ; 2.498      ;
; 97.453 ; sld_hub:auto_hub|sld_jtag_hub:\jtag_hub_gen:sld_jtag_hub_inst|clr_reg                            ; MPSoC:inst1|MPSoC_jtag0:jtag1|alt_jtag_atlantic:MPSoC_jtag0_alt_jtag_atlantic|td_shift[8]     ; altera_reserved_tck ; altera_reserved_tck ; 100.000      ; -0.056     ; 2.498      ;
; 97.453 ; sld_hub:auto_hub|sld_jtag_hub:\jtag_hub_gen:sld_jtag_hub_inst|clr_reg                            ; MPSoC:inst1|MPSoC_jtag0:jtag1|alt_jtag_atlantic:MPSoC_jtag0_alt_jtag_atlantic|td_shift[0]     ; altera_reserved_tck ; altera_reserved_tck ; 100.000      ; -0.056     ; 2.498      ;
; 97.453 ; sld_hub:auto_hub|sld_jtag_hub:\jtag_hub_gen:sld_jtag_hub_inst|clr_reg                            ; MPSoC:inst1|MPSoC_jtag0:jtag1|alt_jtag_atlantic:MPSoC_jtag0_alt_jtag_atlantic|td_shift[9]     ; altera_reserved_tck ; altera_reserved_tck ; 100.000      ; -0.056     ; 2.498      ;
; 97.453 ; sld_hub:auto_hub|sld_jtag_hub:\jtag_hub_gen:sld_jtag_hub_inst|clr_reg                            ; MPSoC:inst1|MPSoC_jtag0:jtag1|alt_jtag_atlantic:MPSoC_jtag0_alt_jtag_atlantic|wdata[5]        ; altera_reserved_tck ; altera_reserved_tck ; 100.000      ; -0.056     ; 2.498      ;
; 97.454 ; sld_hub:auto_hub|sld_jtag_hub:\jtag_hub_gen:sld_jtag_hub_inst|clr_reg                            ; sld_hub:auto_hub|sld_jtag_hub:\jtag_hub_gen:sld_jtag_hub_inst|shadow_irf_reg[4][5]            ; altera_reserved_tck ; altera_reserved_tck ; 100.000      ; -0.052     ; 2.501      ;
; 97.454 ; sld_hub:auto_hub|sld_jtag_hub:\jtag_hub_gen:sld_jtag_hub_inst|clr_reg                            ; sld_hub:auto_hub|sld_jtag_hub:\jtag_hub_gen:sld_jtag_hub_inst|irf_reg[4][5]                   ; altera_reserved_tck ; altera_reserved_tck ; 100.000      ; -0.052     ; 2.501      ;
; 97.454 ; sld_hub:auto_hub|sld_jtag_hub:\jtag_hub_gen:sld_jtag_hub_inst|clr_reg                            ; sld_hub:auto_hub|sld_jtag_hub:\jtag_hub_gen:sld_jtag_hub_inst|shadow_irf_reg[4][4]            ; altera_reserved_tck ; altera_reserved_tck ; 100.000      ; -0.052     ; 2.501      ;
; 97.454 ; sld_hub:auto_hub|sld_jtag_hub:\jtag_hub_gen:sld_jtag_hub_inst|clr_reg                            ; sld_hub:auto_hub|sld_jtag_hub:\jtag_hub_gen:sld_jtag_hub_inst|irf_reg[4][4]                   ; altera_reserved_tck ; altera_reserved_tck ; 100.000      ; -0.052     ; 2.501      ;
; 97.454 ; sld_hub:auto_hub|sld_jtag_hub:\jtag_hub_gen:sld_jtag_hub_inst|clr_reg                            ; sld_hub:auto_hub|sld_jtag_hub:\jtag_hub_gen:sld_jtag_hub_inst|shadow_irf_reg[4][3]            ; altera_reserved_tck ; altera_reserved_tck ; 100.000      ; -0.052     ; 2.501      ;
; 97.454 ; sld_hub:auto_hub|sld_jtag_hub:\jtag_hub_gen:sld_jtag_hub_inst|clr_reg                            ; sld_hub:auto_hub|sld_jtag_hub:\jtag_hub_gen:sld_jtag_hub_inst|irf_reg[4][3]                   ; altera_reserved_tck ; altera_reserved_tck ; 100.000      ; -0.052     ; 2.501      ;
; 97.454 ; sld_hub:auto_hub|sld_jtag_hub:\jtag_hub_gen:sld_jtag_hub_inst|clr_reg                            ; sld_hub:auto_hub|sld_jtag_hub:\jtag_hub_gen:sld_jtag_hub_inst|shadow_irf_reg[4][2]            ; altera_reserved_tck ; altera_reserved_tck ; 100.000      ; -0.052     ; 2.501      ;
; 97.454 ; sld_hub:auto_hub|sld_jtag_hub:\jtag_hub_gen:sld_jtag_hub_inst|clr_reg                            ; sld_hub:auto_hub|sld_jtag_hub:\jtag_hub_gen:sld_jtag_hub_inst|irf_reg[4][2]                   ; altera_reserved_tck ; altera_reserved_tck ; 100.000      ; -0.052     ; 2.501      ;
; 97.454 ; sld_hub:auto_hub|sld_jtag_hub:\jtag_hub_gen:sld_jtag_hub_inst|clr_reg                            ; sld_hub:auto_hub|sld_jtag_hub:\jtag_hub_gen:sld_jtag_hub_inst|shadow_irf_reg[4][1]            ; altera_reserved_tck ; altera_reserved_tck ; 100.000      ; -0.052     ; 2.501      ;
; 97.454 ; sld_hub:auto_hub|sld_jtag_hub:\jtag_hub_gen:sld_jtag_hub_inst|clr_reg                            ; sld_hub:auto_hub|sld_jtag_hub:\jtag_hub_gen:sld_jtag_hub_inst|irf_reg[4][1]                   ; altera_reserved_tck ; altera_reserved_tck ; 100.000      ; -0.052     ; 2.501      ;
; 97.454 ; sld_hub:auto_hub|sld_jtag_hub:\jtag_hub_gen:sld_jtag_hub_inst|clr_reg                            ; sld_hub:auto_hub|sld_jtag_hub:\jtag_hub_gen:sld_jtag_hub_inst|shadow_irf_reg[3][5]            ; altera_reserved_tck ; altera_reserved_tck ; 100.000      ; -0.060     ; 2.493      ;
; 97.454 ; sld_hub:auto_hub|sld_jtag_hub:\jtag_hub_gen:sld_jtag_hub_inst|clr_reg                            ; sld_hub:auto_hub|sld_jtag_hub:\jtag_hub_gen:sld_jtag_hub_inst|irf_reg[3][5]                   ; altera_reserved_tck ; altera_reserved_tck ; 100.000      ; -0.060     ; 2.493      ;
; 97.454 ; sld_hub:auto_hub|sld_jtag_hub:\jtag_hub_gen:sld_jtag_hub_inst|clr_reg                            ; sld_hub:auto_hub|sld_jtag_hub:\jtag_hub_gen:sld_jtag_hub_inst|shadow_irf_reg[3][4]            ; altera_reserved_tck ; altera_reserved_tck ; 100.000      ; -0.060     ; 2.493      ;
; 97.454 ; sld_hub:auto_hub|sld_jtag_hub:\jtag_hub_gen:sld_jtag_hub_inst|clr_reg                            ; sld_hub:auto_hub|sld_jtag_hub:\jtag_hub_gen:sld_jtag_hub_inst|irf_reg[3][4]                   ; altera_reserved_tck ; altera_reserved_tck ; 100.000      ; -0.060     ; 2.493      ;
; 97.454 ; sld_hub:auto_hub|sld_jtag_hub:\jtag_hub_gen:sld_jtag_hub_inst|clr_reg                            ; sld_hub:auto_hub|sld_jtag_hub:\jtag_hub_gen:sld_jtag_hub_inst|shadow_irf_reg[3][3]            ; altera_reserved_tck ; altera_reserved_tck ; 100.000      ; -0.060     ; 2.493      ;
; 97.454 ; sld_hub:auto_hub|sld_jtag_hub:\jtag_hub_gen:sld_jtag_hub_inst|clr_reg                            ; sld_hub:auto_hub|sld_jtag_hub:\jtag_hub_gen:sld_jtag_hub_inst|irf_reg[3][3]                   ; altera_reserved_tck ; altera_reserved_tck ; 100.000      ; -0.060     ; 2.493      ;
; 97.454 ; sld_hub:auto_hub|sld_jtag_hub:\jtag_hub_gen:sld_jtag_hub_inst|clr_reg                            ; sld_hub:auto_hub|sld_jtag_hub:\jtag_hub_gen:sld_jtag_hub_inst|shadow_irf_reg[3][2]            ; altera_reserved_tck ; altera_reserved_tck ; 100.000      ; -0.060     ; 2.493      ;
; 97.454 ; sld_hub:auto_hub|sld_jtag_hub:\jtag_hub_gen:sld_jtag_hub_inst|clr_reg                            ; sld_hub:auto_hub|sld_jtag_hub:\jtag_hub_gen:sld_jtag_hub_inst|irf_reg[3][2]                   ; altera_reserved_tck ; altera_reserved_tck ; 100.000      ; -0.060     ; 2.493      ;
; 97.454 ; sld_hub:auto_hub|sld_jtag_hub:\jtag_hub_gen:sld_jtag_hub_inst|clr_reg                            ; sld_hub:auto_hub|sld_jtag_hub:\jtag_hub_gen:sld_jtag_hub_inst|shadow_irf_reg[3][1]            ; altera_reserved_tck ; altera_reserved_tck ; 100.000      ; -0.060     ; 2.493      ;
; 97.454 ; sld_hub:auto_hub|sld_jtag_hub:\jtag_hub_gen:sld_jtag_hub_inst|clr_reg                            ; sld_hub:auto_hub|sld_jtag_hub:\jtag_hub_gen:sld_jtag_hub_inst|irf_reg[3][1]                   ; altera_reserved_tck ; altera_reserved_tck ; 100.000      ; -0.060     ; 2.493      ;
; 97.454 ; sld_hub:auto_hub|sld_jtag_hub:\jtag_hub_gen:sld_jtag_hub_inst|clr_reg                            ; sld_hub:auto_hub|sld_jtag_hub:\jtag_hub_gen:sld_jtag_hub_inst|shadow_irf_reg[2][5]            ; altera_reserved_tck ; altera_reserved_tck ; 100.000      ; -0.052     ; 2.501      ;
; 97.454 ; sld_hub:auto_hub|sld_jtag_hub:\jtag_hub_gen:sld_jtag_hub_inst|clr_reg                            ; sld_hub:auto_hub|sld_jtag_hub:\jtag_hub_gen:sld_jtag_hub_inst|irf_reg[2][5]                   ; altera_reserved_tck ; altera_reserved_tck ; 100.000      ; -0.052     ; 2.501      ;
; 97.454 ; sld_hub:auto_hub|sld_jtag_hub:\jtag_hub_gen:sld_jtag_hub_inst|clr_reg                            ; sld_hub:auto_hub|sld_jtag_hub:\jtag_hub_gen:sld_jtag_hub_inst|shadow_irf_reg[2][4]            ; altera_reserved_tck ; altera_reserved_tck ; 100.000      ; -0.052     ; 2.501      ;
; 97.454 ; sld_hub:auto_hub|sld_jtag_hub:\jtag_hub_gen:sld_jtag_hub_inst|clr_reg                            ; sld_hub:auto_hub|sld_jtag_hub:\jtag_hub_gen:sld_jtag_hub_inst|irf_reg[2][4]                   ; altera_reserved_tck ; altera_reserved_tck ; 100.000      ; -0.052     ; 2.501      ;
+--------+--------------------------------------------------------------------------------------------------+-----------------------------------------------------------------------------------------------+---------------------+---------------------+--------------+------------+------------+


+-----------------------------------------------------------------------------------------------------------------------------------------------------------------------------------------------------------------------------------------------------------------------------------------------+
; Fast 1200mV 0C Model Removal: 'altera_reserved_tck'                                                                                                                                                                                                                                           ;
+-------+--------------------------------------------------------------------------------------------------+-----------------------------------------------------------------------------------------------+---------------------+---------------------+--------------+------------+------------+
; Slack ; From Node                                                                                        ; To Node                                                                                       ; Launch Clock        ; Latch Clock         ; Relationship ; Clock Skew ; Data Delay ;
+-------+--------------------------------------------------------------------------------------------------+-----------------------------------------------------------------------------------------------+---------------------+---------------------+--------------+------------+------------+
; 0.572 ; sld_hub:auto_hub|sld_jtag_hub:\jtag_hub_gen:sld_jtag_hub_inst|virtual_ir_scan_reg                ; sld_hub:auto_hub|sld_jtag_hub:\jtag_hub_gen:sld_jtag_hub_inst|hub_mode_reg[2]                 ; altera_reserved_tck ; altera_reserved_tck ; 0.000        ; 0.040      ; 0.696      ;
; 0.719 ; sld_hub:auto_hub|sld_jtag_hub:\jtag_hub_gen:sld_jtag_hub_inst|sld_shadow_jsm:shadow_jsm|state[0] ; sld_hub:auto_hub|sld_jtag_hub:\jtag_hub_gen:sld_jtag_hub_inst|virtual_dr_scan_reg             ; altera_reserved_tck ; altera_reserved_tck ; 0.000        ; 0.044      ; 0.847      ;
; 0.719 ; sld_hub:auto_hub|sld_jtag_hub:\jtag_hub_gen:sld_jtag_hub_inst|sld_shadow_jsm:shadow_jsm|state[0] ; sld_hub:auto_hub|sld_jtag_hub:\jtag_hub_gen:sld_jtag_hub_inst|virtual_ir_scan_reg             ; altera_reserved_tck ; altera_reserved_tck ; 0.000        ; 0.044      ; 0.847      ;
; 0.719 ; sld_hub:auto_hub|sld_jtag_hub:\jtag_hub_gen:sld_jtag_hub_inst|sld_shadow_jsm:shadow_jsm|state[0] ; sld_hub:auto_hub|sld_jtag_hub:\jtag_hub_gen:sld_jtag_hub_inst|jtag_ir_reg[0]                  ; altera_reserved_tck ; altera_reserved_tck ; 0.000        ; 0.044      ; 0.847      ;
; 0.719 ; sld_hub:auto_hub|sld_jtag_hub:\jtag_hub_gen:sld_jtag_hub_inst|sld_shadow_jsm:shadow_jsm|state[0] ; sld_hub:auto_hub|sld_jtag_hub:\jtag_hub_gen:sld_jtag_hub_inst|jtag_ir_reg[1]                  ; altera_reserved_tck ; altera_reserved_tck ; 0.000        ; 0.044      ; 0.847      ;
; 0.719 ; sld_hub:auto_hub|sld_jtag_hub:\jtag_hub_gen:sld_jtag_hub_inst|sld_shadow_jsm:shadow_jsm|state[0] ; sld_hub:auto_hub|sld_jtag_hub:\jtag_hub_gen:sld_jtag_hub_inst|jtag_ir_reg[2]                  ; altera_reserved_tck ; altera_reserved_tck ; 0.000        ; 0.044      ; 0.847      ;
; 0.719 ; sld_hub:auto_hub|sld_jtag_hub:\jtag_hub_gen:sld_jtag_hub_inst|sld_shadow_jsm:shadow_jsm|state[0] ; sld_hub:auto_hub|sld_jtag_hub:\jtag_hub_gen:sld_jtag_hub_inst|jtag_ir_reg[3]                  ; altera_reserved_tck ; altera_reserved_tck ; 0.000        ; 0.044      ; 0.847      ;
; 0.719 ; sld_hub:auto_hub|sld_jtag_hub:\jtag_hub_gen:sld_jtag_hub_inst|sld_shadow_jsm:shadow_jsm|state[0] ; sld_hub:auto_hub|sld_jtag_hub:\jtag_hub_gen:sld_jtag_hub_inst|jtag_ir_reg[4]                  ; altera_reserved_tck ; altera_reserved_tck ; 0.000        ; 0.044      ; 0.847      ;
; 0.719 ; sld_hub:auto_hub|sld_jtag_hub:\jtag_hub_gen:sld_jtag_hub_inst|sld_shadow_jsm:shadow_jsm|state[0] ; sld_hub:auto_hub|sld_jtag_hub:\jtag_hub_gen:sld_jtag_hub_inst|jtag_ir_reg[5]                  ; altera_reserved_tck ; altera_reserved_tck ; 0.000        ; 0.044      ; 0.847      ;
; 0.719 ; sld_hub:auto_hub|sld_jtag_hub:\jtag_hub_gen:sld_jtag_hub_inst|sld_shadow_jsm:shadow_jsm|state[0] ; sld_hub:auto_hub|sld_jtag_hub:\jtag_hub_gen:sld_jtag_hub_inst|jtag_ir_reg[6]                  ; altera_reserved_tck ; altera_reserved_tck ; 0.000        ; 0.044      ; 0.847      ;
; 0.719 ; sld_hub:auto_hub|sld_jtag_hub:\jtag_hub_gen:sld_jtag_hub_inst|sld_shadow_jsm:shadow_jsm|state[0] ; sld_hub:auto_hub|sld_jtag_hub:\jtag_hub_gen:sld_jtag_hub_inst|jtag_ir_reg[7]                  ; altera_reserved_tck ; altera_reserved_tck ; 0.000        ; 0.044      ; 0.847      ;
; 0.719 ; sld_hub:auto_hub|sld_jtag_hub:\jtag_hub_gen:sld_jtag_hub_inst|sld_shadow_jsm:shadow_jsm|state[0] ; sld_hub:auto_hub|sld_jtag_hub:\jtag_hub_gen:sld_jtag_hub_inst|jtag_ir_reg[8]                  ; altera_reserved_tck ; altera_reserved_tck ; 0.000        ; 0.044      ; 0.847      ;
; 0.719 ; sld_hub:auto_hub|sld_jtag_hub:\jtag_hub_gen:sld_jtag_hub_inst|sld_shadow_jsm:shadow_jsm|state[0] ; sld_hub:auto_hub|sld_jtag_hub:\jtag_hub_gen:sld_jtag_hub_inst|jtag_ir_reg[9]                  ; altera_reserved_tck ; altera_reserved_tck ; 0.000        ; 0.044      ; 0.847      ;
; 2.150 ; sld_hub:auto_hub|sld_jtag_hub:\jtag_hub_gen:sld_jtag_hub_inst|clr_reg                            ; MPSoC:inst1|MPSoC_jtag0:jtag0|alt_jtag_atlantic:MPSoC_jtag0_alt_jtag_atlantic|count[2]        ; altera_reserved_tck ; altera_reserved_tck ; 0.000        ; 0.057      ; 2.291      ;
; 2.150 ; sld_hub:auto_hub|sld_jtag_hub:\jtag_hub_gen:sld_jtag_hub_inst|clr_reg                            ; MPSoC:inst1|MPSoC_jtag0:jtag0|alt_jtag_atlantic:MPSoC_jtag0_alt_jtag_atlantic|count[3]        ; altera_reserved_tck ; altera_reserved_tck ; 0.000        ; 0.057      ; 2.291      ;
; 2.150 ; sld_hub:auto_hub|sld_jtag_hub:\jtag_hub_gen:sld_jtag_hub_inst|clr_reg                            ; MPSoC:inst1|MPSoC_jtag0:jtag0|alt_jtag_atlantic:MPSoC_jtag0_alt_jtag_atlantic|count[4]        ; altera_reserved_tck ; altera_reserved_tck ; 0.000        ; 0.057      ; 2.291      ;
; 2.150 ; sld_hub:auto_hub|sld_jtag_hub:\jtag_hub_gen:sld_jtag_hub_inst|clr_reg                            ; MPSoC:inst1|MPSoC_jtag0:jtag0|alt_jtag_atlantic:MPSoC_jtag0_alt_jtag_atlantic|count[5]        ; altera_reserved_tck ; altera_reserved_tck ; 0.000        ; 0.057      ; 2.291      ;
; 2.150 ; sld_hub:auto_hub|sld_jtag_hub:\jtag_hub_gen:sld_jtag_hub_inst|clr_reg                            ; MPSoC:inst1|MPSoC_jtag0:jtag0|alt_jtag_atlantic:MPSoC_jtag0_alt_jtag_atlantic|count[6]        ; altera_reserved_tck ; altera_reserved_tck ; 0.000        ; 0.057      ; 2.291      ;
; 2.150 ; sld_hub:auto_hub|sld_jtag_hub:\jtag_hub_gen:sld_jtag_hub_inst|clr_reg                            ; MPSoC:inst1|MPSoC_jtag0:jtag0|alt_jtag_atlantic:MPSoC_jtag0_alt_jtag_atlantic|count[7]        ; altera_reserved_tck ; altera_reserved_tck ; 0.000        ; 0.057      ; 2.291      ;
; 2.150 ; sld_hub:auto_hub|sld_jtag_hub:\jtag_hub_gen:sld_jtag_hub_inst|clr_reg                            ; MPSoC:inst1|MPSoC_jtag0:jtag0|alt_jtag_atlantic:MPSoC_jtag0_alt_jtag_atlantic|count[8]        ; altera_reserved_tck ; altera_reserved_tck ; 0.000        ; 0.057      ; 2.291      ;
; 2.150 ; sld_hub:auto_hub|sld_jtag_hub:\jtag_hub_gen:sld_jtag_hub_inst|clr_reg                            ; MPSoC:inst1|MPSoC_jtag0:jtag0|alt_jtag_atlantic:MPSoC_jtag0_alt_jtag_atlantic|state           ; altera_reserved_tck ; altera_reserved_tck ; 0.000        ; 0.060      ; 2.294      ;
; 2.150 ; sld_hub:auto_hub|sld_jtag_hub:\jtag_hub_gen:sld_jtag_hub_inst|clr_reg                            ; MPSoC:inst1|MPSoC_jtag0:jtag0|alt_jtag_atlantic:MPSoC_jtag0_alt_jtag_atlantic|count[9]        ; altera_reserved_tck ; altera_reserved_tck ; 0.000        ; 0.057      ; 2.291      ;
; 2.150 ; sld_hub:auto_hub|sld_jtag_hub:\jtag_hub_gen:sld_jtag_hub_inst|clr_reg                            ; MPSoC:inst1|MPSoC_jtag0:jtag0|alt_jtag_atlantic:MPSoC_jtag0_alt_jtag_atlantic|count[0]        ; altera_reserved_tck ; altera_reserved_tck ; 0.000        ; 0.060      ; 2.294      ;
; 2.150 ; sld_hub:auto_hub|sld_jtag_hub:\jtag_hub_gen:sld_jtag_hub_inst|clr_reg                            ; MPSoC:inst1|MPSoC_jtag0:jtag0|alt_jtag_atlantic:MPSoC_jtag0_alt_jtag_atlantic|count[1]        ; altera_reserved_tck ; altera_reserved_tck ; 0.000        ; 0.060      ; 2.294      ;
; 2.150 ; sld_hub:auto_hub|sld_jtag_hub:\jtag_hub_gen:sld_jtag_hub_inst|clr_reg                            ; MPSoC:inst1|MPSoC_jtag0:jtag0|alt_jtag_atlantic:MPSoC_jtag0_alt_jtag_atlantic|td_shift[10]    ; altera_reserved_tck ; altera_reserved_tck ; 0.000        ; 0.060      ; 2.294      ;
; 2.150 ; sld_hub:auto_hub|sld_jtag_hub:\jtag_hub_gen:sld_jtag_hub_inst|clr_reg                            ; MPSoC:inst1|MPSoC_jtag0:jtag0|alt_jtag_atlantic:MPSoC_jtag0_alt_jtag_atlantic|td_shift[9]     ; altera_reserved_tck ; altera_reserved_tck ; 0.000        ; 0.058      ; 2.292      ;
; 2.150 ; sld_hub:auto_hub|sld_jtag_hub:\jtag_hub_gen:sld_jtag_hub_inst|clr_reg                            ; MPSoC:inst1|MPSoC_jtag0:jtag0|alt_jtag_atlantic:MPSoC_jtag0_alt_jtag_atlantic|td_shift[8]     ; altera_reserved_tck ; altera_reserved_tck ; 0.000        ; 0.058      ; 2.292      ;
; 2.150 ; sld_hub:auto_hub|sld_jtag_hub:\jtag_hub_gen:sld_jtag_hub_inst|clr_reg                            ; MPSoC:inst1|MPSoC_jtag0:jtag0|alt_jtag_atlantic:MPSoC_jtag0_alt_jtag_atlantic|td_shift[7]     ; altera_reserved_tck ; altera_reserved_tck ; 0.000        ; 0.058      ; 2.292      ;
; 2.150 ; sld_hub:auto_hub|sld_jtag_hub:\jtag_hub_gen:sld_jtag_hub_inst|clr_reg                            ; MPSoC:inst1|MPSoC_jtag0:jtag0|alt_jtag_atlantic:MPSoC_jtag0_alt_jtag_atlantic|td_shift[6]     ; altera_reserved_tck ; altera_reserved_tck ; 0.000        ; 0.058      ; 2.292      ;
; 2.150 ; sld_hub:auto_hub|sld_jtag_hub:\jtag_hub_gen:sld_jtag_hub_inst|clr_reg                            ; MPSoC:inst1|MPSoC_jtag0:jtag0|alt_jtag_atlantic:MPSoC_jtag0_alt_jtag_atlantic|td_shift[5]     ; altera_reserved_tck ; altera_reserved_tck ; 0.000        ; 0.058      ; 2.292      ;
; 2.150 ; sld_hub:auto_hub|sld_jtag_hub:\jtag_hub_gen:sld_jtag_hub_inst|clr_reg                            ; MPSoC:inst1|MPSoC_jtag0:jtag0|alt_jtag_atlantic:MPSoC_jtag0_alt_jtag_atlantic|td_shift[4]     ; altera_reserved_tck ; altera_reserved_tck ; 0.000        ; 0.057      ; 2.291      ;
; 2.150 ; sld_hub:auto_hub|sld_jtag_hub:\jtag_hub_gen:sld_jtag_hub_inst|clr_reg                            ; MPSoC:inst1|MPSoC_jtag0:jtag0|alt_jtag_atlantic:MPSoC_jtag0_alt_jtag_atlantic|td_shift[3]     ; altera_reserved_tck ; altera_reserved_tck ; 0.000        ; 0.057      ; 2.291      ;
; 2.150 ; sld_hub:auto_hub|sld_jtag_hub:\jtag_hub_gen:sld_jtag_hub_inst|clr_reg                            ; MPSoC:inst1|MPSoC_jtag0:jtag0|alt_jtag_atlantic:MPSoC_jtag0_alt_jtag_atlantic|td_shift[2]     ; altera_reserved_tck ; altera_reserved_tck ; 0.000        ; 0.057      ; 2.291      ;
; 2.150 ; sld_hub:auto_hub|sld_jtag_hub:\jtag_hub_gen:sld_jtag_hub_inst|clr_reg                            ; MPSoC:inst1|MPSoC_jtag0:jtag0|alt_jtag_atlantic:MPSoC_jtag0_alt_jtag_atlantic|tck_t_dav       ; altera_reserved_tck ; altera_reserved_tck ; 0.000        ; 0.060      ; 2.294      ;
; 2.150 ; sld_hub:auto_hub|sld_jtag_hub:\jtag_hub_gen:sld_jtag_hub_inst|clr_reg                            ; MPSoC:inst1|MPSoC_jtag0:jtag0|alt_jtag_atlantic:MPSoC_jtag0_alt_jtag_atlantic|td_shift[1]     ; altera_reserved_tck ; altera_reserved_tck ; 0.000        ; 0.057      ; 2.291      ;
; 2.150 ; sld_hub:auto_hub|sld_jtag_hub:\jtag_hub_gen:sld_jtag_hub_inst|clr_reg                            ; MPSoC:inst1|MPSoC_jtag0:jtag0|alt_jtag_atlantic:MPSoC_jtag0_alt_jtag_atlantic|td_shift[0]     ; altera_reserved_tck ; altera_reserved_tck ; 0.000        ; 0.060      ; 2.294      ;
; 2.150 ; sld_hub:auto_hub|sld_jtag_hub:\jtag_hub_gen:sld_jtag_hub_inst|clr_reg                            ; MPSoC:inst1|MPSoC_jtag0:jtag0|alt_jtag_atlantic:MPSoC_jtag0_alt_jtag_atlantic|user_saw_rvalid ; altera_reserved_tck ; altera_reserved_tck ; 0.000        ; 0.060      ; 2.294      ;
; 2.150 ; sld_hub:auto_hub|sld_jtag_hub:\jtag_hub_gen:sld_jtag_hub_inst|clr_reg                            ; MPSoC:inst1|MPSoC_jtag0:jtag0|alt_jtag_atlantic:MPSoC_jtag0_alt_jtag_atlantic|wdata[7]        ; altera_reserved_tck ; altera_reserved_tck ; 0.000        ; 0.058      ; 2.292      ;
; 2.150 ; sld_hub:auto_hub|sld_jtag_hub:\jtag_hub_gen:sld_jtag_hub_inst|clr_reg                            ; MPSoC:inst1|MPSoC_jtag0:jtag0|alt_jtag_atlantic:MPSoC_jtag0_alt_jtag_atlantic|wdata[6]        ; altera_reserved_tck ; altera_reserved_tck ; 0.000        ; 0.058      ; 2.292      ;
; 2.150 ; sld_hub:auto_hub|sld_jtag_hub:\jtag_hub_gen:sld_jtag_hub_inst|clr_reg                            ; MPSoC:inst1|MPSoC_jtag0:jtag0|alt_jtag_atlantic:MPSoC_jtag0_alt_jtag_atlantic|wdata[5]        ; altera_reserved_tck ; altera_reserved_tck ; 0.000        ; 0.058      ; 2.292      ;
; 2.150 ; sld_hub:auto_hub|sld_jtag_hub:\jtag_hub_gen:sld_jtag_hub_inst|clr_reg                            ; MPSoC:inst1|MPSoC_jtag0:jtag0|alt_jtag_atlantic:MPSoC_jtag0_alt_jtag_atlantic|wdata[4]        ; altera_reserved_tck ; altera_reserved_tck ; 0.000        ; 0.058      ; 2.292      ;
; 2.150 ; sld_hub:auto_hub|sld_jtag_hub:\jtag_hub_gen:sld_jtag_hub_inst|clr_reg                            ; MPSoC:inst1|MPSoC_jtag0:jtag0|alt_jtag_atlantic:MPSoC_jtag0_alt_jtag_atlantic|wdata[3]        ; altera_reserved_tck ; altera_reserved_tck ; 0.000        ; 0.058      ; 2.292      ;
; 2.150 ; sld_hub:auto_hub|sld_jtag_hub:\jtag_hub_gen:sld_jtag_hub_inst|clr_reg                            ; MPSoC:inst1|MPSoC_jtag0:jtag0|alt_jtag_atlantic:MPSoC_jtag0_alt_jtag_atlantic|wdata[2]        ; altera_reserved_tck ; altera_reserved_tck ; 0.000        ; 0.058      ; 2.292      ;
; 2.150 ; sld_hub:auto_hub|sld_jtag_hub:\jtag_hub_gen:sld_jtag_hub_inst|clr_reg                            ; MPSoC:inst1|MPSoC_jtag0:jtag0|alt_jtag_atlantic:MPSoC_jtag0_alt_jtag_atlantic|wdata[1]        ; altera_reserved_tck ; altera_reserved_tck ; 0.000        ; 0.058      ; 2.292      ;
; 2.151 ; sld_hub:auto_hub|sld_jtag_hub:\jtag_hub_gen:sld_jtag_hub_inst|clr_reg                            ; sld_hub:auto_hub|sld_jtag_hub:\jtag_hub_gen:sld_jtag_hub_inst|shadow_irf_reg[4][5]            ; altera_reserved_tck ; altera_reserved_tck ; 0.000        ; 0.027      ; 2.262      ;
; 2.151 ; sld_hub:auto_hub|sld_jtag_hub:\jtag_hub_gen:sld_jtag_hub_inst|clr_reg                            ; sld_hub:auto_hub|sld_jtag_hub:\jtag_hub_gen:sld_jtag_hub_inst|irf_reg[4][5]                   ; altera_reserved_tck ; altera_reserved_tck ; 0.000        ; 0.027      ; 2.262      ;
; 2.151 ; sld_hub:auto_hub|sld_jtag_hub:\jtag_hub_gen:sld_jtag_hub_inst|clr_reg                            ; sld_hub:auto_hub|sld_jtag_hub:\jtag_hub_gen:sld_jtag_hub_inst|shadow_irf_reg[4][4]            ; altera_reserved_tck ; altera_reserved_tck ; 0.000        ; 0.027      ; 2.262      ;
; 2.151 ; sld_hub:auto_hub|sld_jtag_hub:\jtag_hub_gen:sld_jtag_hub_inst|clr_reg                            ; sld_hub:auto_hub|sld_jtag_hub:\jtag_hub_gen:sld_jtag_hub_inst|irf_reg[4][4]                   ; altera_reserved_tck ; altera_reserved_tck ; 0.000        ; 0.027      ; 2.262      ;
; 2.151 ; sld_hub:auto_hub|sld_jtag_hub:\jtag_hub_gen:sld_jtag_hub_inst|clr_reg                            ; sld_hub:auto_hub|sld_jtag_hub:\jtag_hub_gen:sld_jtag_hub_inst|shadow_irf_reg[4][3]            ; altera_reserved_tck ; altera_reserved_tck ; 0.000        ; 0.027      ; 2.262      ;
; 2.151 ; sld_hub:auto_hub|sld_jtag_hub:\jtag_hub_gen:sld_jtag_hub_inst|clr_reg                            ; sld_hub:auto_hub|sld_jtag_hub:\jtag_hub_gen:sld_jtag_hub_inst|irf_reg[4][3]                   ; altera_reserved_tck ; altera_reserved_tck ; 0.000        ; 0.027      ; 2.262      ;
; 2.151 ; sld_hub:auto_hub|sld_jtag_hub:\jtag_hub_gen:sld_jtag_hub_inst|clr_reg                            ; sld_hub:auto_hub|sld_jtag_hub:\jtag_hub_gen:sld_jtag_hub_inst|shadow_irf_reg[4][2]            ; altera_reserved_tck ; altera_reserved_tck ; 0.000        ; 0.027      ; 2.262      ;
; 2.151 ; sld_hub:auto_hub|sld_jtag_hub:\jtag_hub_gen:sld_jtag_hub_inst|clr_reg                            ; sld_hub:auto_hub|sld_jtag_hub:\jtag_hub_gen:sld_jtag_hub_inst|irf_reg[4][2]                   ; altera_reserved_tck ; altera_reserved_tck ; 0.000        ; 0.027      ; 2.262      ;
; 2.151 ; sld_hub:auto_hub|sld_jtag_hub:\jtag_hub_gen:sld_jtag_hub_inst|clr_reg                            ; sld_hub:auto_hub|sld_jtag_hub:\jtag_hub_gen:sld_jtag_hub_inst|shadow_irf_reg[4][1]            ; altera_reserved_tck ; altera_reserved_tck ; 0.000        ; 0.027      ; 2.262      ;
; 2.151 ; sld_hub:auto_hub|sld_jtag_hub:\jtag_hub_gen:sld_jtag_hub_inst|clr_reg                            ; sld_hub:auto_hub|sld_jtag_hub:\jtag_hub_gen:sld_jtag_hub_inst|irf_reg[4][1]                   ; altera_reserved_tck ; altera_reserved_tck ; 0.000        ; 0.027      ; 2.262      ;
; 2.151 ; sld_hub:auto_hub|sld_jtag_hub:\jtag_hub_gen:sld_jtag_hub_inst|clr_reg                            ; sld_hub:auto_hub|sld_jtag_hub:\jtag_hub_gen:sld_jtag_hub_inst|shadow_irf_reg[3][5]            ; altera_reserved_tck ; altera_reserved_tck ; 0.000        ; 0.019      ; 2.254      ;
; 2.151 ; sld_hub:auto_hub|sld_jtag_hub:\jtag_hub_gen:sld_jtag_hub_inst|clr_reg                            ; sld_hub:auto_hub|sld_jtag_hub:\jtag_hub_gen:sld_jtag_hub_inst|irf_reg[3][5]                   ; altera_reserved_tck ; altera_reserved_tck ; 0.000        ; 0.019      ; 2.254      ;
; 2.151 ; sld_hub:auto_hub|sld_jtag_hub:\jtag_hub_gen:sld_jtag_hub_inst|clr_reg                            ; sld_hub:auto_hub|sld_jtag_hub:\jtag_hub_gen:sld_jtag_hub_inst|shadow_irf_reg[3][4]            ; altera_reserved_tck ; altera_reserved_tck ; 0.000        ; 0.019      ; 2.254      ;
; 2.151 ; sld_hub:auto_hub|sld_jtag_hub:\jtag_hub_gen:sld_jtag_hub_inst|clr_reg                            ; sld_hub:auto_hub|sld_jtag_hub:\jtag_hub_gen:sld_jtag_hub_inst|irf_reg[3][4]                   ; altera_reserved_tck ; altera_reserved_tck ; 0.000        ; 0.019      ; 2.254      ;
; 2.151 ; sld_hub:auto_hub|sld_jtag_hub:\jtag_hub_gen:sld_jtag_hub_inst|clr_reg                            ; sld_hub:auto_hub|sld_jtag_hub:\jtag_hub_gen:sld_jtag_hub_inst|shadow_irf_reg[3][3]            ; altera_reserved_tck ; altera_reserved_tck ; 0.000        ; 0.019      ; 2.254      ;
; 2.151 ; sld_hub:auto_hub|sld_jtag_hub:\jtag_hub_gen:sld_jtag_hub_inst|clr_reg                            ; sld_hub:auto_hub|sld_jtag_hub:\jtag_hub_gen:sld_jtag_hub_inst|irf_reg[3][3]                   ; altera_reserved_tck ; altera_reserved_tck ; 0.000        ; 0.019      ; 2.254      ;
; 2.151 ; sld_hub:auto_hub|sld_jtag_hub:\jtag_hub_gen:sld_jtag_hub_inst|clr_reg                            ; sld_hub:auto_hub|sld_jtag_hub:\jtag_hub_gen:sld_jtag_hub_inst|shadow_irf_reg[3][2]            ; altera_reserved_tck ; altera_reserved_tck ; 0.000        ; 0.019      ; 2.254      ;
; 2.151 ; sld_hub:auto_hub|sld_jtag_hub:\jtag_hub_gen:sld_jtag_hub_inst|clr_reg                            ; sld_hub:auto_hub|sld_jtag_hub:\jtag_hub_gen:sld_jtag_hub_inst|irf_reg[3][2]                   ; altera_reserved_tck ; altera_reserved_tck ; 0.000        ; 0.019      ; 2.254      ;
; 2.151 ; sld_hub:auto_hub|sld_jtag_hub:\jtag_hub_gen:sld_jtag_hub_inst|clr_reg                            ; sld_hub:auto_hub|sld_jtag_hub:\jtag_hub_gen:sld_jtag_hub_inst|shadow_irf_reg[3][1]            ; altera_reserved_tck ; altera_reserved_tck ; 0.000        ; 0.019      ; 2.254      ;
; 2.151 ; sld_hub:auto_hub|sld_jtag_hub:\jtag_hub_gen:sld_jtag_hub_inst|clr_reg                            ; sld_hub:auto_hub|sld_jtag_hub:\jtag_hub_gen:sld_jtag_hub_inst|irf_reg[3][1]                   ; altera_reserved_tck ; altera_reserved_tck ; 0.000        ; 0.019      ; 2.254      ;
; 2.151 ; sld_hub:auto_hub|sld_jtag_hub:\jtag_hub_gen:sld_jtag_hub_inst|clr_reg                            ; sld_hub:auto_hub|sld_jtag_hub:\jtag_hub_gen:sld_jtag_hub_inst|shadow_irf_reg[2][5]            ; altera_reserved_tck ; altera_reserved_tck ; 0.000        ; 0.027      ; 2.262      ;
; 2.151 ; sld_hub:auto_hub|sld_jtag_hub:\jtag_hub_gen:sld_jtag_hub_inst|clr_reg                            ; sld_hub:auto_hub|sld_jtag_hub:\jtag_hub_gen:sld_jtag_hub_inst|irf_reg[2][5]                   ; altera_reserved_tck ; altera_reserved_tck ; 0.000        ; 0.027      ; 2.262      ;
; 2.151 ; sld_hub:auto_hub|sld_jtag_hub:\jtag_hub_gen:sld_jtag_hub_inst|clr_reg                            ; sld_hub:auto_hub|sld_jtag_hub:\jtag_hub_gen:sld_jtag_hub_inst|shadow_irf_reg[2][4]            ; altera_reserved_tck ; altera_reserved_tck ; 0.000        ; 0.027      ; 2.262      ;
; 2.151 ; sld_hub:auto_hub|sld_jtag_hub:\jtag_hub_gen:sld_jtag_hub_inst|clr_reg                            ; sld_hub:auto_hub|sld_jtag_hub:\jtag_hub_gen:sld_jtag_hub_inst|irf_reg[2][4]                   ; altera_reserved_tck ; altera_reserved_tck ; 0.000        ; 0.027      ; 2.262      ;
; 2.151 ; sld_hub:auto_hub|sld_jtag_hub:\jtag_hub_gen:sld_jtag_hub_inst|clr_reg                            ; sld_hub:auto_hub|sld_jtag_hub:\jtag_hub_gen:sld_jtag_hub_inst|shadow_irf_reg[2][3]            ; altera_reserved_tck ; altera_reserved_tck ; 0.000        ; 0.027      ; 2.262      ;
; 2.151 ; sld_hub:auto_hub|sld_jtag_hub:\jtag_hub_gen:sld_jtag_hub_inst|clr_reg                            ; sld_hub:auto_hub|sld_jtag_hub:\jtag_hub_gen:sld_jtag_hub_inst|irf_reg[2][3]                   ; altera_reserved_tck ; altera_reserved_tck ; 0.000        ; 0.027      ; 2.262      ;
; 2.151 ; sld_hub:auto_hub|sld_jtag_hub:\jtag_hub_gen:sld_jtag_hub_inst|clr_reg                            ; sld_hub:auto_hub|sld_jtag_hub:\jtag_hub_gen:sld_jtag_hub_inst|shadow_irf_reg[2][2]            ; altera_reserved_tck ; altera_reserved_tck ; 0.000        ; 0.027      ; 2.262      ;
; 2.151 ; sld_hub:auto_hub|sld_jtag_hub:\jtag_hub_gen:sld_jtag_hub_inst|clr_reg                            ; sld_hub:auto_hub|sld_jtag_hub:\jtag_hub_gen:sld_jtag_hub_inst|irf_reg[2][2]                   ; altera_reserved_tck ; altera_reserved_tck ; 0.000        ; 0.027      ; 2.262      ;
; 2.151 ; sld_hub:auto_hub|sld_jtag_hub:\jtag_hub_gen:sld_jtag_hub_inst|clr_reg                            ; sld_hub:auto_hub|sld_jtag_hub:\jtag_hub_gen:sld_jtag_hub_inst|irf_reg[3][0]                   ; altera_reserved_tck ; altera_reserved_tck ; 0.000        ; 0.019      ; 2.254      ;
; 2.151 ; sld_hub:auto_hub|sld_jtag_hub:\jtag_hub_gen:sld_jtag_hub_inst|clr_reg                            ; sld_hub:auto_hub|sld_jtag_hub:\jtag_hub_gen:sld_jtag_hub_inst|shadow_irf_reg[3][0]            ; altera_reserved_tck ; altera_reserved_tck ; 0.000        ; 0.019      ; 2.254      ;
; 2.151 ; sld_hub:auto_hub|sld_jtag_hub:\jtag_hub_gen:sld_jtag_hub_inst|clr_reg                            ; sld_hub:auto_hub|sld_jtag_hub:\jtag_hub_gen:sld_jtag_hub_inst|irf_reg[2][0]                   ; altera_reserved_tck ; altera_reserved_tck ; 0.000        ; 0.027      ; 2.262      ;
; 2.151 ; sld_hub:auto_hub|sld_jtag_hub:\jtag_hub_gen:sld_jtag_hub_inst|clr_reg                            ; sld_hub:auto_hub|sld_jtag_hub:\jtag_hub_gen:sld_jtag_hub_inst|irf_reg[2][1]                   ; altera_reserved_tck ; altera_reserved_tck ; 0.000        ; 0.027      ; 2.262      ;
; 2.151 ; sld_hub:auto_hub|sld_jtag_hub:\jtag_hub_gen:sld_jtag_hub_inst|clr_reg                            ; sld_hub:auto_hub|sld_jtag_hub:\jtag_hub_gen:sld_jtag_hub_inst|shadow_irf_reg[2][0]            ; altera_reserved_tck ; altera_reserved_tck ; 0.000        ; 0.027      ; 2.262      ;
; 2.151 ; sld_hub:auto_hub|sld_jtag_hub:\jtag_hub_gen:sld_jtag_hub_inst|clr_reg                            ; sld_hub:auto_hub|sld_jtag_hub:\jtag_hub_gen:sld_jtag_hub_inst|shadow_irf_reg[2][1]            ; altera_reserved_tck ; altera_reserved_tck ; 0.000        ; 0.027      ; 2.262      ;
; 2.151 ; sld_hub:auto_hub|sld_jtag_hub:\jtag_hub_gen:sld_jtag_hub_inst|clr_reg                            ; sld_hub:auto_hub|sld_jtag_hub:\jtag_hub_gen:sld_jtag_hub_inst|irf_reg[4][0]                   ; altera_reserved_tck ; altera_reserved_tck ; 0.000        ; 0.027      ; 2.262      ;
; 2.151 ; sld_hub:auto_hub|sld_jtag_hub:\jtag_hub_gen:sld_jtag_hub_inst|clr_reg                            ; sld_hub:auto_hub|sld_jtag_hub:\jtag_hub_gen:sld_jtag_hub_inst|shadow_irf_reg[4][0]            ; altera_reserved_tck ; altera_reserved_tck ; 0.000        ; 0.027      ; 2.262      ;
; 2.151 ; sld_hub:auto_hub|sld_jtag_hub:\jtag_hub_gen:sld_jtag_hub_inst|clr_reg                            ; sld_hub:auto_hub|sld_jtag_hub:\jtag_hub_gen:sld_jtag_hub_inst|irsr_reg[5]                     ; altera_reserved_tck ; altera_reserved_tck ; 0.000        ; 0.020      ; 2.255      ;
; 2.151 ; sld_hub:auto_hub|sld_jtag_hub:\jtag_hub_gen:sld_jtag_hub_inst|clr_reg                            ; sld_hub:auto_hub|sld_jtag_hub:\jtag_hub_gen:sld_jtag_hub_inst|irsr_reg[2]                     ; altera_reserved_tck ; altera_reserved_tck ; 0.000        ; 0.020      ; 2.255      ;
; 2.151 ; sld_hub:auto_hub|sld_jtag_hub:\jtag_hub_gen:sld_jtag_hub_inst|clr_reg                            ; sld_hub:auto_hub|sld_jtag_hub:\jtag_hub_gen:sld_jtag_hub_inst|irsr_reg[0]                     ; altera_reserved_tck ; altera_reserved_tck ; 0.000        ; 0.020      ; 2.255      ;
; 2.151 ; sld_hub:auto_hub|sld_jtag_hub:\jtag_hub_gen:sld_jtag_hub_inst|clr_reg                            ; sld_hub:auto_hub|sld_jtag_hub:\jtag_hub_gen:sld_jtag_hub_inst|irsr_reg[4]                     ; altera_reserved_tck ; altera_reserved_tck ; 0.000        ; 0.020      ; 2.255      ;
; 2.151 ; sld_hub:auto_hub|sld_jtag_hub:\jtag_hub_gen:sld_jtag_hub_inst|clr_reg                            ; sld_hub:auto_hub|sld_jtag_hub:\jtag_hub_gen:sld_jtag_hub_inst|irsr_reg[3]                     ; altera_reserved_tck ; altera_reserved_tck ; 0.000        ; 0.020      ; 2.255      ;
; 2.151 ; sld_hub:auto_hub|sld_jtag_hub:\jtag_hub_gen:sld_jtag_hub_inst|clr_reg                            ; sld_hub:auto_hub|sld_jtag_hub:\jtag_hub_gen:sld_jtag_hub_inst|irsr_reg[1]                     ; altera_reserved_tck ; altera_reserved_tck ; 0.000        ; 0.020      ; 2.255      ;
; 2.151 ; sld_hub:auto_hub|sld_jtag_hub:\jtag_hub_gen:sld_jtag_hub_inst|clr_reg                            ; sld_hub:auto_hub|sld_jtag_hub:\jtag_hub_gen:sld_jtag_hub_inst|hub_mode_reg[1]                 ; altera_reserved_tck ; altera_reserved_tck ; 0.000        ; 0.019      ; 2.254      ;
; 2.151 ; sld_hub:auto_hub|sld_jtag_hub:\jtag_hub_gen:sld_jtag_hub_inst|clr_reg                            ; sld_hub:auto_hub|sld_jtag_hub:\jtag_hub_gen:sld_jtag_hub_inst|hub_mode_reg[0]                 ; altera_reserved_tck ; altera_reserved_tck ; 0.000        ; 0.019      ; 2.254      ;
; 2.151 ; sld_hub:auto_hub|sld_jtag_hub:\jtag_hub_gen:sld_jtag_hub_inst|clr_reg                            ; sld_hub:auto_hub|sld_jtag_hub:\jtag_hub_gen:sld_jtag_hub_inst|irsr_reg[6]                     ; altera_reserved_tck ; altera_reserved_tck ; 0.000        ; 0.026      ; 2.261      ;
; 2.151 ; sld_hub:auto_hub|sld_jtag_hub:\jtag_hub_gen:sld_jtag_hub_inst|clr_reg                            ; sld_hub:auto_hub|sld_jtag_hub:\jtag_hub_gen:sld_jtag_hub_inst|irsr_reg[8]                     ; altera_reserved_tck ; altera_reserved_tck ; 0.000        ; 0.026      ; 2.261      ;
; 2.151 ; sld_hub:auto_hub|sld_jtag_hub:\jtag_hub_gen:sld_jtag_hub_inst|clr_reg                            ; sld_hub:auto_hub|sld_jtag_hub:\jtag_hub_gen:sld_jtag_hub_inst|irsr_reg[7]                     ; altera_reserved_tck ; altera_reserved_tck ; 0.000        ; 0.026      ; 2.261      ;
; 2.151 ; sld_hub:auto_hub|sld_jtag_hub:\jtag_hub_gen:sld_jtag_hub_inst|clr_reg                            ; MPSoC:inst1|MPSoC_jtag0:jtag1|alt_jtag_atlantic:MPSoC_jtag0_alt_jtag_atlantic|state           ; altera_reserved_tck ; altera_reserved_tck ; 0.000        ; 0.023      ; 2.258      ;
; 2.151 ; sld_hub:auto_hub|sld_jtag_hub:\jtag_hub_gen:sld_jtag_hub_inst|clr_reg                            ; MPSoC:inst1|MPSoC_jtag0:jtag1|alt_jtag_atlantic:MPSoC_jtag0_alt_jtag_atlantic|count[9]        ; altera_reserved_tck ; altera_reserved_tck ; 0.000        ; 0.024      ; 2.259      ;
; 2.151 ; sld_hub:auto_hub|sld_jtag_hub:\jtag_hub_gen:sld_jtag_hub_inst|clr_reg                            ; MPSoC:inst1|MPSoC_jtag0:jtag1|alt_jtag_atlantic:MPSoC_jtag0_alt_jtag_atlantic|count[0]        ; altera_reserved_tck ; altera_reserved_tck ; 0.000        ; 0.024      ; 2.259      ;
; 2.151 ; sld_hub:auto_hub|sld_jtag_hub:\jtag_hub_gen:sld_jtag_hub_inst|clr_reg                            ; MPSoC:inst1|MPSoC_jtag0:jtag1|alt_jtag_atlantic:MPSoC_jtag0_alt_jtag_atlantic|count[1]        ; altera_reserved_tck ; altera_reserved_tck ; 0.000        ; 0.024      ; 2.259      ;
; 2.151 ; sld_hub:auto_hub|sld_jtag_hub:\jtag_hub_gen:sld_jtag_hub_inst|clr_reg                            ; MPSoC:inst1|MPSoC_jtag0:jtag1|alt_jtag_atlantic:MPSoC_jtag0_alt_jtag_atlantic|count[2]        ; altera_reserved_tck ; altera_reserved_tck ; 0.000        ; 0.024      ; 2.259      ;
; 2.151 ; sld_hub:auto_hub|sld_jtag_hub:\jtag_hub_gen:sld_jtag_hub_inst|clr_reg                            ; MPSoC:inst1|MPSoC_jtag0:jtag1|alt_jtag_atlantic:MPSoC_jtag0_alt_jtag_atlantic|count[3]        ; altera_reserved_tck ; altera_reserved_tck ; 0.000        ; 0.024      ; 2.259      ;
; 2.151 ; sld_hub:auto_hub|sld_jtag_hub:\jtag_hub_gen:sld_jtag_hub_inst|clr_reg                            ; MPSoC:inst1|MPSoC_jtag0:jtag1|alt_jtag_atlantic:MPSoC_jtag0_alt_jtag_atlantic|count[4]        ; altera_reserved_tck ; altera_reserved_tck ; 0.000        ; 0.024      ; 2.259      ;
; 2.151 ; sld_hub:auto_hub|sld_jtag_hub:\jtag_hub_gen:sld_jtag_hub_inst|clr_reg                            ; MPSoC:inst1|MPSoC_jtag0:jtag1|alt_jtag_atlantic:MPSoC_jtag0_alt_jtag_atlantic|count[5]        ; altera_reserved_tck ; altera_reserved_tck ; 0.000        ; 0.024      ; 2.259      ;
; 2.151 ; sld_hub:auto_hub|sld_jtag_hub:\jtag_hub_gen:sld_jtag_hub_inst|clr_reg                            ; MPSoC:inst1|MPSoC_jtag0:jtag1|alt_jtag_atlantic:MPSoC_jtag0_alt_jtag_atlantic|count[6]        ; altera_reserved_tck ; altera_reserved_tck ; 0.000        ; 0.024      ; 2.259      ;
+-------+--------------------------------------------------------------------------------------------------+-----------------------------------------------------------------------------------------------+---------------------+---------------------+--------------+------------+------------+


+-------------------------------------------------------------------------------------------------------------------------------------------------------------------------------------------------------------------------------------------------------------------------------------------------------------------------------------------------------------------------------------------+
; Fast 1200mV 0C Model Minimum Pulse Width: 'altera_reserved_tck'                                                                                                                                                                                                                                                                                                                           ;
+--------+--------------+----------------+------------------+---------------------+------------+--------------------------------------------------------------------------------------------------------------------------------------------------------------------------------------------------------------------------------------------------------------------------------------------+
; Slack  ; Actual Width ; Required Width ; Type             ; Clock               ; Clock Edge ; Target                                                                                                                                                                                                                                                                                     ;
+--------+--------------+----------------+------------------+---------------------+------------+--------------------------------------------------------------------------------------------------------------------------------------------------------------------------------------------------------------------------------------------------------------------------------------------+
; 49.473 ; 49.689       ; 0.216          ; High Pulse Width ; altera_reserved_tck ; Fall       ; MPSoC:inst1|MPSoC_jtag0:jtag0|alt_jtag_atlantic:MPSoC_jtag0_alt_jtag_atlantic|jupdate                                                                                                                                                                                                      ;
; 49.473 ; 49.689       ; 0.216          ; High Pulse Width ; altera_reserved_tck ; Fall       ; MPSoC:inst1|MPSoC_jtag0:jtag0|alt_jtag_atlantic:MPSoC_jtag0_alt_jtag_atlantic|tdo~reg0                                                                                                                                                                                                     ;
; 49.474 ; 49.690       ; 0.216          ; High Pulse Width ; altera_reserved_tck ; Fall       ; sld_hub:auto_hub|sld_jtag_hub:\jtag_hub_gen:sld_jtag_hub_inst|tdo                                                                                                                                                                                                                          ;
; 49.475 ; 49.691       ; 0.216          ; High Pulse Width ; altera_reserved_tck ; Fall       ; MPSoC:inst1|MPSoC_jtag0:jtag1|alt_jtag_atlantic:MPSoC_jtag0_alt_jtag_atlantic|jupdate                                                                                                                                                                                                      ;
; 49.475 ; 49.691       ; 0.216          ; High Pulse Width ; altera_reserved_tck ; Fall       ; MPSoC:inst1|MPSoC_jtag0:jtag1|alt_jtag_atlantic:MPSoC_jtag0_alt_jtag_atlantic|tdo~reg0                                                                                                                                                                                                     ;
; 49.517 ; 49.701       ; 0.184          ; Low Pulse Width  ; altera_reserved_tck ; Rise       ; MPSoC:inst1|MPSoC_cpu0:cpu0|MPSoC_cpu0_nios2_oci:the_MPSoC_cpu0_nios2_oci|MPSoC_cpu0_jtag_debug_module_wrapper:the_MPSoC_cpu0_jtag_debug_module_wrapper|MPSoC_cpu0_jtag_debug_module_tck:the_MPSoC_cpu0_jtag_debug_module_tck|sr[10]                                                       ;
; 49.517 ; 49.701       ; 0.184          ; Low Pulse Width  ; altera_reserved_tck ; Rise       ; MPSoC:inst1|MPSoC_cpu0:cpu0|MPSoC_cpu0_nios2_oci:the_MPSoC_cpu0_nios2_oci|MPSoC_cpu0_jtag_debug_module_wrapper:the_MPSoC_cpu0_jtag_debug_module_wrapper|MPSoC_cpu0_jtag_debug_module_tck:the_MPSoC_cpu0_jtag_debug_module_tck|sr[11]                                                       ;
; 49.517 ; 49.701       ; 0.184          ; Low Pulse Width  ; altera_reserved_tck ; Rise       ; MPSoC:inst1|MPSoC_cpu0:cpu0|MPSoC_cpu0_nios2_oci:the_MPSoC_cpu0_nios2_oci|MPSoC_cpu0_jtag_debug_module_wrapper:the_MPSoC_cpu0_jtag_debug_module_wrapper|MPSoC_cpu0_jtag_debug_module_tck:the_MPSoC_cpu0_jtag_debug_module_tck|sr[12]                                                       ;
; 49.517 ; 49.701       ; 0.184          ; Low Pulse Width  ; altera_reserved_tck ; Rise       ; MPSoC:inst1|MPSoC_cpu0:cpu0|MPSoC_cpu0_nios2_oci:the_MPSoC_cpu0_nios2_oci|MPSoC_cpu0_jtag_debug_module_wrapper:the_MPSoC_cpu0_jtag_debug_module_wrapper|MPSoC_cpu0_jtag_debug_module_tck:the_MPSoC_cpu0_jtag_debug_module_tck|sr[13]                                                       ;
; 49.517 ; 49.701       ; 0.184          ; Low Pulse Width  ; altera_reserved_tck ; Rise       ; MPSoC:inst1|MPSoC_cpu0:cpu0|MPSoC_cpu0_nios2_oci:the_MPSoC_cpu0_nios2_oci|MPSoC_cpu0_jtag_debug_module_wrapper:the_MPSoC_cpu0_jtag_debug_module_wrapper|MPSoC_cpu0_jtag_debug_module_tck:the_MPSoC_cpu0_jtag_debug_module_tck|sr[14]                                                       ;
; 49.517 ; 49.701       ; 0.184          ; Low Pulse Width  ; altera_reserved_tck ; Rise       ; MPSoC:inst1|MPSoC_cpu0:cpu0|MPSoC_cpu0_nios2_oci:the_MPSoC_cpu0_nios2_oci|MPSoC_cpu0_jtag_debug_module_wrapper:the_MPSoC_cpu0_jtag_debug_module_wrapper|MPSoC_cpu0_jtag_debug_module_tck:the_MPSoC_cpu0_jtag_debug_module_tck|sr[1]                                                        ;
; 49.517 ; 49.701       ; 0.184          ; Low Pulse Width  ; altera_reserved_tck ; Rise       ; MPSoC:inst1|MPSoC_cpu0:cpu0|MPSoC_cpu0_nios2_oci:the_MPSoC_cpu0_nios2_oci|MPSoC_cpu0_jtag_debug_module_wrapper:the_MPSoC_cpu0_jtag_debug_module_wrapper|MPSoC_cpu0_jtag_debug_module_tck:the_MPSoC_cpu0_jtag_debug_module_tck|sr[2]                                                        ;
; 49.517 ; 49.701       ; 0.184          ; Low Pulse Width  ; altera_reserved_tck ; Rise       ; MPSoC:inst1|MPSoC_cpu0:cpu0|MPSoC_cpu0_nios2_oci:the_MPSoC_cpu0_nios2_oci|MPSoC_cpu0_jtag_debug_module_wrapper:the_MPSoC_cpu0_jtag_debug_module_wrapper|MPSoC_cpu0_jtag_debug_module_tck:the_MPSoC_cpu0_jtag_debug_module_tck|sr[36]                                                       ;
; 49.517 ; 49.701       ; 0.184          ; Low Pulse Width  ; altera_reserved_tck ; Rise       ; MPSoC:inst1|MPSoC_cpu0:cpu0|MPSoC_cpu0_nios2_oci:the_MPSoC_cpu0_nios2_oci|MPSoC_cpu0_jtag_debug_module_wrapper:the_MPSoC_cpu0_jtag_debug_module_wrapper|MPSoC_cpu0_jtag_debug_module_tck:the_MPSoC_cpu0_jtag_debug_module_tck|sr[37]                                                       ;
; 49.517 ; 49.701       ; 0.184          ; Low Pulse Width  ; altera_reserved_tck ; Rise       ; MPSoC:inst1|MPSoC_cpu0:cpu0|MPSoC_cpu0_nios2_oci:the_MPSoC_cpu0_nios2_oci|MPSoC_cpu0_jtag_debug_module_wrapper:the_MPSoC_cpu0_jtag_debug_module_wrapper|MPSoC_cpu0_jtag_debug_module_tck:the_MPSoC_cpu0_jtag_debug_module_tck|sr[3]                                                        ;
; 49.517 ; 49.701       ; 0.184          ; Low Pulse Width  ; altera_reserved_tck ; Rise       ; MPSoC:inst1|MPSoC_cpu0:cpu0|MPSoC_cpu0_nios2_oci:the_MPSoC_cpu0_nios2_oci|MPSoC_cpu0_jtag_debug_module_wrapper:the_MPSoC_cpu0_jtag_debug_module_wrapper|MPSoC_cpu0_jtag_debug_module_tck:the_MPSoC_cpu0_jtag_debug_module_tck|sr[4]                                                        ;
; 49.517 ; 49.701       ; 0.184          ; Low Pulse Width  ; altera_reserved_tck ; Rise       ; MPSoC:inst1|MPSoC_cpu0:cpu0|MPSoC_cpu0_nios2_oci:the_MPSoC_cpu0_nios2_oci|MPSoC_cpu0_jtag_debug_module_wrapper:the_MPSoC_cpu0_jtag_debug_module_wrapper|MPSoC_cpu0_jtag_debug_module_tck:the_MPSoC_cpu0_jtag_debug_module_tck|sr[5]                                                        ;
; 49.517 ; 49.701       ; 0.184          ; Low Pulse Width  ; altera_reserved_tck ; Rise       ; MPSoC:inst1|MPSoC_cpu0:cpu0|MPSoC_cpu0_nios2_oci:the_MPSoC_cpu0_nios2_oci|MPSoC_cpu0_jtag_debug_module_wrapper:the_MPSoC_cpu0_jtag_debug_module_wrapper|MPSoC_cpu0_jtag_debug_module_tck:the_MPSoC_cpu0_jtag_debug_module_tck|sr[6]                                                        ;
; 49.517 ; 49.701       ; 0.184          ; Low Pulse Width  ; altera_reserved_tck ; Rise       ; MPSoC:inst1|MPSoC_cpu0:cpu0|MPSoC_cpu0_nios2_oci:the_MPSoC_cpu0_nios2_oci|MPSoC_cpu0_jtag_debug_module_wrapper:the_MPSoC_cpu0_jtag_debug_module_wrapper|MPSoC_cpu0_jtag_debug_module_tck:the_MPSoC_cpu0_jtag_debug_module_tck|sr[7]                                                        ;
; 49.517 ; 49.701       ; 0.184          ; Low Pulse Width  ; altera_reserved_tck ; Rise       ; MPSoC:inst1|MPSoC_cpu0:cpu0|MPSoC_cpu0_nios2_oci:the_MPSoC_cpu0_nios2_oci|MPSoC_cpu0_jtag_debug_module_wrapper:the_MPSoC_cpu0_jtag_debug_module_wrapper|MPSoC_cpu0_jtag_debug_module_tck:the_MPSoC_cpu0_jtag_debug_module_tck|sr[8]                                                        ;
; 49.517 ; 49.701       ; 0.184          ; Low Pulse Width  ; altera_reserved_tck ; Rise       ; MPSoC:inst1|MPSoC_cpu0:cpu0|MPSoC_cpu0_nios2_oci:the_MPSoC_cpu0_nios2_oci|MPSoC_cpu0_jtag_debug_module_wrapper:the_MPSoC_cpu0_jtag_debug_module_wrapper|MPSoC_cpu0_jtag_debug_module_tck:the_MPSoC_cpu0_jtag_debug_module_tck|sr[9]                                                        ;
; 49.517 ; 49.701       ; 0.184          ; Low Pulse Width  ; altera_reserved_tck ; Rise       ; MPSoC:inst1|MPSoC_jtag0:jtag0|alt_jtag_atlantic:MPSoC_jtag0_alt_jtag_atlantic|count[0]                                                                                                                                                                                                     ;
; 49.517 ; 49.701       ; 0.184          ; Low Pulse Width  ; altera_reserved_tck ; Rise       ; MPSoC:inst1|MPSoC_jtag0:jtag0|alt_jtag_atlantic:MPSoC_jtag0_alt_jtag_atlantic|count[1]                                                                                                                                                                                                     ;
; 49.517 ; 49.701       ; 0.184          ; Low Pulse Width  ; altera_reserved_tck ; Rise       ; MPSoC:inst1|MPSoC_jtag0:jtag0|alt_jtag_atlantic:MPSoC_jtag0_alt_jtag_atlantic|count[2]                                                                                                                                                                                                     ;
; 49.517 ; 49.701       ; 0.184          ; Low Pulse Width  ; altera_reserved_tck ; Rise       ; MPSoC:inst1|MPSoC_jtag0:jtag0|alt_jtag_atlantic:MPSoC_jtag0_alt_jtag_atlantic|count[3]                                                                                                                                                                                                     ;
; 49.517 ; 49.701       ; 0.184          ; Low Pulse Width  ; altera_reserved_tck ; Rise       ; MPSoC:inst1|MPSoC_jtag0:jtag0|alt_jtag_atlantic:MPSoC_jtag0_alt_jtag_atlantic|count[4]                                                                                                                                                                                                     ;
; 49.517 ; 49.701       ; 0.184          ; Low Pulse Width  ; altera_reserved_tck ; Rise       ; MPSoC:inst1|MPSoC_jtag0:jtag0|alt_jtag_atlantic:MPSoC_jtag0_alt_jtag_atlantic|count[5]                                                                                                                                                                                                     ;
; 49.517 ; 49.701       ; 0.184          ; Low Pulse Width  ; altera_reserved_tck ; Rise       ; MPSoC:inst1|MPSoC_jtag0:jtag0|alt_jtag_atlantic:MPSoC_jtag0_alt_jtag_atlantic|count[6]                                                                                                                                                                                                     ;
; 49.517 ; 49.701       ; 0.184          ; Low Pulse Width  ; altera_reserved_tck ; Rise       ; MPSoC:inst1|MPSoC_jtag0:jtag0|alt_jtag_atlantic:MPSoC_jtag0_alt_jtag_atlantic|count[7]                                                                                                                                                                                                     ;
; 49.517 ; 49.701       ; 0.184          ; Low Pulse Width  ; altera_reserved_tck ; Rise       ; MPSoC:inst1|MPSoC_jtag0:jtag0|alt_jtag_atlantic:MPSoC_jtag0_alt_jtag_atlantic|count[8]                                                                                                                                                                                                     ;
; 49.517 ; 49.701       ; 0.184          ; Low Pulse Width  ; altera_reserved_tck ; Rise       ; MPSoC:inst1|MPSoC_jtag0:jtag0|alt_jtag_atlantic:MPSoC_jtag0_alt_jtag_atlantic|count[9]                                                                                                                                                                                                     ;
; 49.517 ; 49.701       ; 0.184          ; Low Pulse Width  ; altera_reserved_tck ; Rise       ; MPSoC:inst1|MPSoC_jtag0:jtag0|alt_jtag_atlantic:MPSoC_jtag0_alt_jtag_atlantic|read                                                                                                                                                                                                         ;
; 49.517 ; 49.701       ; 0.184          ; Low Pulse Width  ; altera_reserved_tck ; Rise       ; MPSoC:inst1|MPSoC_jtag0:jtag0|alt_jtag_atlantic:MPSoC_jtag0_alt_jtag_atlantic|read_req                                                                                                                                                                                                     ;
; 49.517 ; 49.701       ; 0.184          ; Low Pulse Width  ; altera_reserved_tck ; Rise       ; MPSoC:inst1|MPSoC_jtag0:jtag0|alt_jtag_atlantic:MPSoC_jtag0_alt_jtag_atlantic|state                                                                                                                                                                                                        ;
; 49.517 ; 49.701       ; 0.184          ; Low Pulse Width  ; altera_reserved_tck ; Rise       ; MPSoC:inst1|MPSoC_jtag0:jtag0|alt_jtag_atlantic:MPSoC_jtag0_alt_jtag_atlantic|tck_t_dav                                                                                                                                                                                                    ;
; 49.517 ; 49.701       ; 0.184          ; Low Pulse Width  ; altera_reserved_tck ; Rise       ; MPSoC:inst1|MPSoC_jtag0:jtag0|alt_jtag_atlantic:MPSoC_jtag0_alt_jtag_atlantic|td_shift[0]                                                                                                                                                                                                  ;
; 49.517 ; 49.701       ; 0.184          ; Low Pulse Width  ; altera_reserved_tck ; Rise       ; MPSoC:inst1|MPSoC_jtag0:jtag0|alt_jtag_atlantic:MPSoC_jtag0_alt_jtag_atlantic|td_shift[10]                                                                                                                                                                                                 ;
; 49.517 ; 49.701       ; 0.184          ; Low Pulse Width  ; altera_reserved_tck ; Rise       ; MPSoC:inst1|MPSoC_jtag0:jtag0|alt_jtag_atlantic:MPSoC_jtag0_alt_jtag_atlantic|td_shift[1]                                                                                                                                                                                                  ;
; 49.517 ; 49.701       ; 0.184          ; Low Pulse Width  ; altera_reserved_tck ; Rise       ; MPSoC:inst1|MPSoC_jtag0:jtag0|alt_jtag_atlantic:MPSoC_jtag0_alt_jtag_atlantic|td_shift[2]                                                                                                                                                                                                  ;
; 49.517 ; 49.701       ; 0.184          ; Low Pulse Width  ; altera_reserved_tck ; Rise       ; MPSoC:inst1|MPSoC_jtag0:jtag0|alt_jtag_atlantic:MPSoC_jtag0_alt_jtag_atlantic|td_shift[3]                                                                                                                                                                                                  ;
; 49.517 ; 49.701       ; 0.184          ; Low Pulse Width  ; altera_reserved_tck ; Rise       ; MPSoC:inst1|MPSoC_jtag0:jtag0|alt_jtag_atlantic:MPSoC_jtag0_alt_jtag_atlantic|td_shift[4]                                                                                                                                                                                                  ;
; 49.517 ; 49.701       ; 0.184          ; Low Pulse Width  ; altera_reserved_tck ; Rise       ; MPSoC:inst1|MPSoC_jtag0:jtag0|alt_jtag_atlantic:MPSoC_jtag0_alt_jtag_atlantic|td_shift[5]                                                                                                                                                                                                  ;
; 49.517 ; 49.701       ; 0.184          ; Low Pulse Width  ; altera_reserved_tck ; Rise       ; MPSoC:inst1|MPSoC_jtag0:jtag0|alt_jtag_atlantic:MPSoC_jtag0_alt_jtag_atlantic|td_shift[6]                                                                                                                                                                                                  ;
; 49.517 ; 49.701       ; 0.184          ; Low Pulse Width  ; altera_reserved_tck ; Rise       ; MPSoC:inst1|MPSoC_jtag0:jtag0|alt_jtag_atlantic:MPSoC_jtag0_alt_jtag_atlantic|td_shift[7]                                                                                                                                                                                                  ;
; 49.517 ; 49.701       ; 0.184          ; Low Pulse Width  ; altera_reserved_tck ; Rise       ; MPSoC:inst1|MPSoC_jtag0:jtag0|alt_jtag_atlantic:MPSoC_jtag0_alt_jtag_atlantic|td_shift[8]                                                                                                                                                                                                  ;
; 49.517 ; 49.701       ; 0.184          ; Low Pulse Width  ; altera_reserved_tck ; Rise       ; MPSoC:inst1|MPSoC_jtag0:jtag0|alt_jtag_atlantic:MPSoC_jtag0_alt_jtag_atlantic|td_shift[9]                                                                                                                                                                                                  ;
; 49.517 ; 49.701       ; 0.184          ; Low Pulse Width  ; altera_reserved_tck ; Rise       ; MPSoC:inst1|MPSoC_jtag0:jtag0|alt_jtag_atlantic:MPSoC_jtag0_alt_jtag_atlantic|user_saw_rvalid                                                                                                                                                                                              ;
; 49.517 ; 49.701       ; 0.184          ; Low Pulse Width  ; altera_reserved_tck ; Rise       ; MPSoC:inst1|MPSoC_jtag0:jtag0|alt_jtag_atlantic:MPSoC_jtag0_alt_jtag_atlantic|wdata[0]                                                                                                                                                                                                     ;
; 49.517 ; 49.701       ; 0.184          ; Low Pulse Width  ; altera_reserved_tck ; Rise       ; MPSoC:inst1|MPSoC_jtag0:jtag0|alt_jtag_atlantic:MPSoC_jtag0_alt_jtag_atlantic|wdata[1]                                                                                                                                                                                                     ;
; 49.517 ; 49.701       ; 0.184          ; Low Pulse Width  ; altera_reserved_tck ; Rise       ; MPSoC:inst1|MPSoC_jtag0:jtag0|alt_jtag_atlantic:MPSoC_jtag0_alt_jtag_atlantic|wdata[2]                                                                                                                                                                                                     ;
; 49.517 ; 49.701       ; 0.184          ; Low Pulse Width  ; altera_reserved_tck ; Rise       ; MPSoC:inst1|MPSoC_jtag0:jtag0|alt_jtag_atlantic:MPSoC_jtag0_alt_jtag_atlantic|wdata[3]                                                                                                                                                                                                     ;
; 49.517 ; 49.701       ; 0.184          ; Low Pulse Width  ; altera_reserved_tck ; Rise       ; MPSoC:inst1|MPSoC_jtag0:jtag0|alt_jtag_atlantic:MPSoC_jtag0_alt_jtag_atlantic|wdata[4]                                                                                                                                                                                                     ;
; 49.517 ; 49.701       ; 0.184          ; Low Pulse Width  ; altera_reserved_tck ; Rise       ; MPSoC:inst1|MPSoC_jtag0:jtag0|alt_jtag_atlantic:MPSoC_jtag0_alt_jtag_atlantic|wdata[5]                                                                                                                                                                                                     ;
; 49.517 ; 49.701       ; 0.184          ; Low Pulse Width  ; altera_reserved_tck ; Rise       ; MPSoC:inst1|MPSoC_jtag0:jtag0|alt_jtag_atlantic:MPSoC_jtag0_alt_jtag_atlantic|wdata[6]                                                                                                                                                                                                     ;
; 49.517 ; 49.701       ; 0.184          ; Low Pulse Width  ; altera_reserved_tck ; Rise       ; MPSoC:inst1|MPSoC_jtag0:jtag0|alt_jtag_atlantic:MPSoC_jtag0_alt_jtag_atlantic|wdata[7]                                                                                                                                                                                                     ;
; 49.517 ; 49.701       ; 0.184          ; Low Pulse Width  ; altera_reserved_tck ; Rise       ; MPSoC:inst1|MPSoC_jtag0:jtag0|alt_jtag_atlantic:MPSoC_jtag0_alt_jtag_atlantic|write                                                                                                                                                                                                        ;
; 49.517 ; 49.701       ; 0.184          ; Low Pulse Width  ; altera_reserved_tck ; Rise       ; MPSoC:inst1|MPSoC_jtag0:jtag0|alt_jtag_atlantic:MPSoC_jtag0_alt_jtag_atlantic|write_stalled                                                                                                                                                                                                ;
; 49.517 ; 49.701       ; 0.184          ; Low Pulse Width  ; altera_reserved_tck ; Rise       ; MPSoC:inst1|MPSoC_jtag0:jtag0|alt_jtag_atlantic:MPSoC_jtag0_alt_jtag_atlantic|write_valid                                                                                                                                                                                                  ;
; 49.518 ; 49.702       ; 0.184          ; Low Pulse Width  ; altera_reserved_tck ; Rise       ; MPSoC:inst1|MPSoC_cpu0:cpu0|MPSoC_cpu0_nios2_oci:the_MPSoC_cpu0_nios2_oci|MPSoC_cpu0_jtag_debug_module_wrapper:the_MPSoC_cpu0_jtag_debug_module_wrapper|MPSoC_cpu0_jtag_debug_module_tck:the_MPSoC_cpu0_jtag_debug_module_tck|DRsize.100                                                   ;
; 49.518 ; 49.702       ; 0.184          ; Low Pulse Width  ; altera_reserved_tck ; Rise       ; MPSoC:inst1|MPSoC_cpu0:cpu0|MPSoC_cpu0_nios2_oci:the_MPSoC_cpu0_nios2_oci|MPSoC_cpu0_jtag_debug_module_wrapper:the_MPSoC_cpu0_jtag_debug_module_wrapper|MPSoC_cpu0_jtag_debug_module_tck:the_MPSoC_cpu0_jtag_debug_module_tck|altera_std_synchronizer:the_altera_std_synchronizer1|din_s1  ;
; 49.518 ; 49.702       ; 0.184          ; Low Pulse Width  ; altera_reserved_tck ; Rise       ; MPSoC:inst1|MPSoC_cpu0:cpu0|MPSoC_cpu0_nios2_oci:the_MPSoC_cpu0_nios2_oci|MPSoC_cpu0_jtag_debug_module_wrapper:the_MPSoC_cpu0_jtag_debug_module_wrapper|MPSoC_cpu0_jtag_debug_module_tck:the_MPSoC_cpu0_jtag_debug_module_tck|altera_std_synchronizer:the_altera_std_synchronizer1|dreg[0] ;
; 49.518 ; 49.702       ; 0.184          ; Low Pulse Width  ; altera_reserved_tck ; Rise       ; MPSoC:inst1|MPSoC_cpu0:cpu0|MPSoC_cpu0_nios2_oci:the_MPSoC_cpu0_nios2_oci|MPSoC_cpu0_jtag_debug_module_wrapper:the_MPSoC_cpu0_jtag_debug_module_wrapper|MPSoC_cpu0_jtag_debug_module_tck:the_MPSoC_cpu0_jtag_debug_module_tck|altera_std_synchronizer:the_altera_std_synchronizer2|din_s1  ;
; 49.518 ; 49.702       ; 0.184          ; Low Pulse Width  ; altera_reserved_tck ; Rise       ; MPSoC:inst1|MPSoC_cpu0:cpu0|MPSoC_cpu0_nios2_oci:the_MPSoC_cpu0_nios2_oci|MPSoC_cpu0_jtag_debug_module_wrapper:the_MPSoC_cpu0_jtag_debug_module_wrapper|MPSoC_cpu0_jtag_debug_module_tck:the_MPSoC_cpu0_jtag_debug_module_tck|altera_std_synchronizer:the_altera_std_synchronizer2|dreg[0] ;
; 49.518 ; 49.702       ; 0.184          ; Low Pulse Width  ; altera_reserved_tck ; Rise       ; MPSoC:inst1|MPSoC_cpu0:cpu0|MPSoC_cpu0_nios2_oci:the_MPSoC_cpu0_nios2_oci|MPSoC_cpu0_jtag_debug_module_wrapper:the_MPSoC_cpu0_jtag_debug_module_wrapper|MPSoC_cpu0_jtag_debug_module_tck:the_MPSoC_cpu0_jtag_debug_module_tck|ir_out[0]                                                    ;
; 49.518 ; 49.702       ; 0.184          ; Low Pulse Width  ; altera_reserved_tck ; Rise       ; MPSoC:inst1|MPSoC_cpu0:cpu0|MPSoC_cpu0_nios2_oci:the_MPSoC_cpu0_nios2_oci|MPSoC_cpu0_jtag_debug_module_wrapper:the_MPSoC_cpu0_jtag_debug_module_wrapper|MPSoC_cpu0_jtag_debug_module_tck:the_MPSoC_cpu0_jtag_debug_module_tck|ir_out[1]                                                    ;
; 49.518 ; 49.702       ; 0.184          ; Low Pulse Width  ; altera_reserved_tck ; Rise       ; MPSoC:inst1|MPSoC_cpu0:cpu0|MPSoC_cpu0_nios2_oci:the_MPSoC_cpu0_nios2_oci|MPSoC_cpu0_jtag_debug_module_wrapper:the_MPSoC_cpu0_jtag_debug_module_wrapper|MPSoC_cpu0_jtag_debug_module_tck:the_MPSoC_cpu0_jtag_debug_module_tck|sr[22]                                                       ;
; 49.518 ; 49.702       ; 0.184          ; Low Pulse Width  ; altera_reserved_tck ; Rise       ; MPSoC:inst1|MPSoC_cpu0:cpu0|MPSoC_cpu0_nios2_oci:the_MPSoC_cpu0_nios2_oci|MPSoC_cpu0_jtag_debug_module_wrapper:the_MPSoC_cpu0_jtag_debug_module_wrapper|MPSoC_cpu0_jtag_debug_module_tck:the_MPSoC_cpu0_jtag_debug_module_tck|sr[23]                                                       ;
; 49.518 ; 49.702       ; 0.184          ; Low Pulse Width  ; altera_reserved_tck ; Rise       ; MPSoC:inst1|MPSoC_cpu0:cpu0|MPSoC_cpu0_nios2_oci:the_MPSoC_cpu0_nios2_oci|MPSoC_cpu0_jtag_debug_module_wrapper:the_MPSoC_cpu0_jtag_debug_module_wrapper|MPSoC_cpu0_jtag_debug_module_tck:the_MPSoC_cpu0_jtag_debug_module_tck|sr[24]                                                       ;
; 49.518 ; 49.702       ; 0.184          ; Low Pulse Width  ; altera_reserved_tck ; Rise       ; MPSoC:inst1|MPSoC_cpu0:cpu0|MPSoC_cpu0_nios2_oci:the_MPSoC_cpu0_nios2_oci|MPSoC_cpu0_jtag_debug_module_wrapper:the_MPSoC_cpu0_jtag_debug_module_wrapper|MPSoC_cpu0_jtag_debug_module_tck:the_MPSoC_cpu0_jtag_debug_module_tck|sr[25]                                                       ;
; 49.518 ; 49.702       ; 0.184          ; Low Pulse Width  ; altera_reserved_tck ; Rise       ; MPSoC:inst1|MPSoC_cpu0:cpu0|MPSoC_cpu0_nios2_oci:the_MPSoC_cpu0_nios2_oci|MPSoC_cpu0_jtag_debug_module_wrapper:the_MPSoC_cpu0_jtag_debug_module_wrapper|MPSoC_cpu0_jtag_debug_module_tck:the_MPSoC_cpu0_jtag_debug_module_tck|sr[26]                                                       ;
; 49.518 ; 49.702       ; 0.184          ; Low Pulse Width  ; altera_reserved_tck ; Rise       ; MPSoC:inst1|MPSoC_cpu0:cpu0|MPSoC_cpu0_nios2_oci:the_MPSoC_cpu0_nios2_oci|MPSoC_cpu0_jtag_debug_module_wrapper:the_MPSoC_cpu0_jtag_debug_module_wrapper|MPSoC_cpu0_jtag_debug_module_tck:the_MPSoC_cpu0_jtag_debug_module_tck|sr[27]                                                       ;
; 49.518 ; 49.702       ; 0.184          ; Low Pulse Width  ; altera_reserved_tck ; Rise       ; MPSoC:inst1|MPSoC_cpu0:cpu0|MPSoC_cpu0_nios2_oci:the_MPSoC_cpu0_nios2_oci|MPSoC_cpu0_jtag_debug_module_wrapper:the_MPSoC_cpu0_jtag_debug_module_wrapper|MPSoC_cpu0_jtag_debug_module_tck:the_MPSoC_cpu0_jtag_debug_module_tck|sr[28]                                                       ;
; 49.518 ; 49.702       ; 0.184          ; Low Pulse Width  ; altera_reserved_tck ; Rise       ; MPSoC:inst1|MPSoC_cpu0:cpu0|MPSoC_cpu0_nios2_oci:the_MPSoC_cpu0_nios2_oci|MPSoC_cpu0_jtag_debug_module_wrapper:the_MPSoC_cpu0_jtag_debug_module_wrapper|MPSoC_cpu0_jtag_debug_module_tck:the_MPSoC_cpu0_jtag_debug_module_tck|sr[29]                                                       ;
; 49.518 ; 49.702       ; 0.184          ; Low Pulse Width  ; altera_reserved_tck ; Rise       ; MPSoC:inst1|MPSoC_cpu0:cpu0|MPSoC_cpu0_nios2_oci:the_MPSoC_cpu0_nios2_oci|MPSoC_cpu0_jtag_debug_module_wrapper:the_MPSoC_cpu0_jtag_debug_module_wrapper|MPSoC_cpu0_jtag_debug_module_tck:the_MPSoC_cpu0_jtag_debug_module_tck|sr[30]                                                       ;
; 49.518 ; 49.702       ; 0.184          ; Low Pulse Width  ; altera_reserved_tck ; Rise       ; MPSoC:inst1|MPSoC_cpu0:cpu0|MPSoC_cpu0_nios2_oci:the_MPSoC_cpu0_nios2_oci|MPSoC_cpu0_jtag_debug_module_wrapper:the_MPSoC_cpu0_jtag_debug_module_wrapper|MPSoC_cpu0_jtag_debug_module_tck:the_MPSoC_cpu0_jtag_debug_module_tck|sr[32]                                                       ;
; 49.518 ; 49.702       ; 0.184          ; Low Pulse Width  ; altera_reserved_tck ; Rise       ; MPSoC:inst1|MPSoC_cpu0:cpu0|MPSoC_cpu0_nios2_oci:the_MPSoC_cpu0_nios2_oci|MPSoC_cpu0_jtag_debug_module_wrapper:the_MPSoC_cpu0_jtag_debug_module_wrapper|MPSoC_cpu0_jtag_debug_module_tck:the_MPSoC_cpu0_jtag_debug_module_tck|sr[33]                                                       ;
; 49.518 ; 49.702       ; 0.184          ; Low Pulse Width  ; altera_reserved_tck ; Rise       ; MPSoC:inst1|MPSoC_cpu0:cpu0|MPSoC_cpu0_nios2_oci:the_MPSoC_cpu0_nios2_oci|MPSoC_cpu0_jtag_debug_module_wrapper:the_MPSoC_cpu0_jtag_debug_module_wrapper|MPSoC_cpu0_jtag_debug_module_tck:the_MPSoC_cpu0_jtag_debug_module_tck|sr[34]                                                       ;
; 49.518 ; 49.702       ; 0.184          ; Low Pulse Width  ; altera_reserved_tck ; Rise       ; MPSoC:inst1|MPSoC_cpu1:cpu1|MPSoC_cpu1_nios2_oci:the_MPSoC_cpu1_nios2_oci|MPSoC_cpu1_jtag_debug_module_wrapper:the_MPSoC_cpu1_jtag_debug_module_wrapper|MPSoC_cpu1_jtag_debug_module_tck:the_MPSoC_cpu1_jtag_debug_module_tck|DRsize.010                                                   ;
; 49.518 ; 49.702       ; 0.184          ; Low Pulse Width  ; altera_reserved_tck ; Rise       ; MPSoC:inst1|MPSoC_cpu1:cpu1|MPSoC_cpu1_nios2_oci:the_MPSoC_cpu1_nios2_oci|MPSoC_cpu1_jtag_debug_module_wrapper:the_MPSoC_cpu1_jtag_debug_module_wrapper|MPSoC_cpu1_jtag_debug_module_tck:the_MPSoC_cpu1_jtag_debug_module_tck|DRsize.100                                                   ;
; 49.518 ; 49.702       ; 0.184          ; Low Pulse Width  ; altera_reserved_tck ; Rise       ; MPSoC:inst1|MPSoC_jtag0:jtag1|alt_jtag_atlantic:MPSoC_jtag0_alt_jtag_atlantic|td_shift[1]                                                                                                                                                                                                  ;
; 49.518 ; 49.702       ; 0.184          ; Low Pulse Width  ; altera_reserved_tck ; Rise       ; MPSoC:inst1|MPSoC_jtag0:jtag1|alt_jtag_atlantic:MPSoC_jtag0_alt_jtag_atlantic|td_shift[2]                                                                                                                                                                                                  ;
; 49.518 ; 49.702       ; 0.184          ; Low Pulse Width  ; altera_reserved_tck ; Rise       ; MPSoC:inst1|MPSoC_jtag0:jtag1|alt_jtag_atlantic:MPSoC_jtag0_alt_jtag_atlantic|td_shift[3]                                                                                                                                                                                                  ;
; 49.518 ; 49.702       ; 0.184          ; Low Pulse Width  ; altera_reserved_tck ; Rise       ; MPSoC:inst1|MPSoC_jtag0:jtag1|alt_jtag_atlantic:MPSoC_jtag0_alt_jtag_atlantic|td_shift[4]                                                                                                                                                                                                  ;
; 49.518 ; 49.702       ; 0.184          ; Low Pulse Width  ; altera_reserved_tck ; Rise       ; MPSoC:inst1|MPSoC_jtag0:jtag1|alt_jtag_atlantic:MPSoC_jtag0_alt_jtag_atlantic|td_shift[5]                                                                                                                                                                                                  ;
; 49.518 ; 49.702       ; 0.184          ; Low Pulse Width  ; altera_reserved_tck ; Rise       ; MPSoC:inst1|MPSoC_jtag0:jtag1|alt_jtag_atlantic:MPSoC_jtag0_alt_jtag_atlantic|td_shift[6]                                                                                                                                                                                                  ;
; 49.518 ; 49.702       ; 0.184          ; Low Pulse Width  ; altera_reserved_tck ; Rise       ; MPSoC:inst1|MPSoC_jtag0:jtag1|alt_jtag_atlantic:MPSoC_jtag0_alt_jtag_atlantic|td_shift[7]                                                                                                                                                                                                  ;
; 49.518 ; 49.702       ; 0.184          ; Low Pulse Width  ; altera_reserved_tck ; Rise       ; MPSoC:inst1|MPSoC_jtag0:jtag1|alt_jtag_atlantic:MPSoC_jtag0_alt_jtag_atlantic|wdata[1]                                                                                                                                                                                                     ;
; 49.518 ; 49.702       ; 0.184          ; Low Pulse Width  ; altera_reserved_tck ; Rise       ; MPSoC:inst1|MPSoC_jtag0:jtag1|alt_jtag_atlantic:MPSoC_jtag0_alt_jtag_atlantic|wdata[3]                                                                                                                                                                                                     ;
; 49.518 ; 49.702       ; 0.184          ; Low Pulse Width  ; altera_reserved_tck ; Rise       ; sld_hub:auto_hub|sld_jtag_hub:\jtag_hub_gen:sld_jtag_hub_inst|sld_rom_sr:hub_info_reg|WORD_SR[0]                                                                                                                                                                                           ;
; 49.518 ; 49.702       ; 0.184          ; Low Pulse Width  ; altera_reserved_tck ; Rise       ; sld_hub:auto_hub|sld_jtag_hub:\jtag_hub_gen:sld_jtag_hub_inst|sld_rom_sr:hub_info_reg|WORD_SR[1]                                                                                                                                                                                           ;
; 49.518 ; 49.702       ; 0.184          ; Low Pulse Width  ; altera_reserved_tck ; Rise       ; sld_hub:auto_hub|sld_jtag_hub:\jtag_hub_gen:sld_jtag_hub_inst|sld_rom_sr:hub_info_reg|WORD_SR[2]                                                                                                                                                                                           ;
; 49.518 ; 49.702       ; 0.184          ; Low Pulse Width  ; altera_reserved_tck ; Rise       ; sld_hub:auto_hub|sld_jtag_hub:\jtag_hub_gen:sld_jtag_hub_inst|sld_rom_sr:hub_info_reg|WORD_SR[3]                                                                                                                                                                                           ;
; 49.519 ; 49.703       ; 0.184          ; Low Pulse Width  ; altera_reserved_tck ; Rise       ; MPSoC:inst1|MPSoC_cpu0:cpu0|MPSoC_cpu0_nios2_oci:the_MPSoC_cpu0_nios2_oci|MPSoC_cpu0_jtag_debug_module_wrapper:the_MPSoC_cpu0_jtag_debug_module_wrapper|MPSoC_cpu0_jtag_debug_module_tck:the_MPSoC_cpu0_jtag_debug_module_tck|DRsize.000                                                   ;
; 49.519 ; 49.703       ; 0.184          ; Low Pulse Width  ; altera_reserved_tck ; Rise       ; MPSoC:inst1|MPSoC_cpu0:cpu0|MPSoC_cpu0_nios2_oci:the_MPSoC_cpu0_nios2_oci|MPSoC_cpu0_jtag_debug_module_wrapper:the_MPSoC_cpu0_jtag_debug_module_wrapper|MPSoC_cpu0_jtag_debug_module_tck:the_MPSoC_cpu0_jtag_debug_module_tck|DRsize.010                                                   ;
; 49.519 ; 49.703       ; 0.184          ; Low Pulse Width  ; altera_reserved_tck ; Rise       ; MPSoC:inst1|MPSoC_cpu0:cpu0|MPSoC_cpu0_nios2_oci:the_MPSoC_cpu0_nios2_oci|MPSoC_cpu0_jtag_debug_module_wrapper:the_MPSoC_cpu0_jtag_debug_module_wrapper|MPSoC_cpu0_jtag_debug_module_tck:the_MPSoC_cpu0_jtag_debug_module_tck|sr[0]                                                        ;
; 49.519 ; 49.703       ; 0.184          ; Low Pulse Width  ; altera_reserved_tck ; Rise       ; MPSoC:inst1|MPSoC_cpu0:cpu0|MPSoC_cpu0_nios2_oci:the_MPSoC_cpu0_nios2_oci|MPSoC_cpu0_jtag_debug_module_wrapper:the_MPSoC_cpu0_jtag_debug_module_wrapper|MPSoC_cpu0_jtag_debug_module_tck:the_MPSoC_cpu0_jtag_debug_module_tck|sr[15]                                                       ;
; 49.519 ; 49.703       ; 0.184          ; Low Pulse Width  ; altera_reserved_tck ; Rise       ; MPSoC:inst1|MPSoC_cpu0:cpu0|MPSoC_cpu0_nios2_oci:the_MPSoC_cpu0_nios2_oci|MPSoC_cpu0_jtag_debug_module_wrapper:the_MPSoC_cpu0_jtag_debug_module_wrapper|MPSoC_cpu0_jtag_debug_module_tck:the_MPSoC_cpu0_jtag_debug_module_tck|sr[16]                                                       ;
; 49.519 ; 49.703       ; 0.184          ; Low Pulse Width  ; altera_reserved_tck ; Rise       ; MPSoC:inst1|MPSoC_cpu0:cpu0|MPSoC_cpu0_nios2_oci:the_MPSoC_cpu0_nios2_oci|MPSoC_cpu0_jtag_debug_module_wrapper:the_MPSoC_cpu0_jtag_debug_module_wrapper|MPSoC_cpu0_jtag_debug_module_tck:the_MPSoC_cpu0_jtag_debug_module_tck|sr[17]                                                       ;
; 49.519 ; 49.703       ; 0.184          ; Low Pulse Width  ; altera_reserved_tck ; Rise       ; MPSoC:inst1|MPSoC_cpu0:cpu0|MPSoC_cpu0_nios2_oci:the_MPSoC_cpu0_nios2_oci|MPSoC_cpu0_jtag_debug_module_wrapper:the_MPSoC_cpu0_jtag_debug_module_wrapper|MPSoC_cpu0_jtag_debug_module_tck:the_MPSoC_cpu0_jtag_debug_module_tck|sr[18]                                                       ;
; 49.519 ; 49.703       ; 0.184          ; Low Pulse Width  ; altera_reserved_tck ; Rise       ; MPSoC:inst1|MPSoC_cpu0:cpu0|MPSoC_cpu0_nios2_oci:the_MPSoC_cpu0_nios2_oci|MPSoC_cpu0_jtag_debug_module_wrapper:the_MPSoC_cpu0_jtag_debug_module_wrapper|MPSoC_cpu0_jtag_debug_module_tck:the_MPSoC_cpu0_jtag_debug_module_tck|sr[19]                                                       ;
+--------+--------------+----------------+------------------+---------------------+------------+--------------------------------------------------------------------------------------------------------------------------------------------------------------------------------------------------------------------------------------------------------------------------------------------+


+----------------------------------------------------------------------------------------------+
; Setup Times                                                                                  ;
+---------------------+---------------------+-------+-------+------------+---------------------+
; Data Port           ; Clock Port          ; Rise  ; Fall  ; Clock Edge ; Clock Reference     ;
+---------------------+---------------------+-------+-------+------------+---------------------+
; altera_reserved_tdi ; altera_reserved_tck ; 2.274 ; 2.361 ; Rise       ; altera_reserved_tck ;
; altera_reserved_tms ; altera_reserved_tck ; 4.523 ; 4.764 ; Rise       ; altera_reserved_tck ;
+---------------------+---------------------+-------+-------+------------+---------------------+


+------------------------------------------------------------------------------------------------+
; Hold Times                                                                                     ;
+---------------------+---------------------+--------+--------+------------+---------------------+
; Data Port           ; Clock Port          ; Rise   ; Fall   ; Clock Edge ; Clock Reference     ;
+---------------------+---------------------+--------+--------+------------+---------------------+
; altera_reserved_tdi ; altera_reserved_tck ; -0.448 ; -0.572 ; Rise       ; altera_reserved_tck ;
; altera_reserved_tms ; altera_reserved_tck ; -1.370 ; -1.489 ; Rise       ; altera_reserved_tck ;
+---------------------+---------------------+--------+--------+------------+---------------------+


+----------------------------------------------------------------------------------------------+
; Clock to Output Times                                                                        ;
+---------------------+---------------------+-------+-------+------------+---------------------+
; Data Port           ; Clock Port          ; Rise  ; Fall  ; Clock Edge ; Clock Reference     ;
+---------------------+---------------------+-------+-------+------------+---------------------+
; altera_reserved_tdo ; altera_reserved_tck ; 8.086 ; 8.537 ; Fall       ; altera_reserved_tck ;
+---------------------+---------------------+-------+-------+------------+---------------------+


+----------------------------------------------------------------------------------------------+
; Minimum Clock to Output Times                                                                ;
+---------------------+---------------------+-------+-------+------------+---------------------+
; Data Port           ; Clock Port          ; Rise  ; Fall  ; Clock Edge ; Clock Reference     ;
+---------------------+---------------------+-------+-------+------------+---------------------+
; altera_reserved_tdo ; altera_reserved_tck ; 6.837 ; 7.288 ; Fall       ; altera_reserved_tck ;
+---------------------+---------------------+-------+-------+------------+---------------------+


----------------
; MTBF Summary ;
----------------
Typical MTBF of Design is 1e+09 years or 3.15e+16 seconds.

Number of Synchronizer Chains Found: 4
Shortest Synchronizer Chain: 2 Registers
Fraction of Chains for which MTBFs Could Not be Calculated: 0.000
Worst Case Available Settling Time: 198.534 ns

Typical MTBF values are calculated based on the nominal silicon characteristics, at nominal operating conditions.
  - Under typical conditions, an increase of 100ps in available settling time will increase MTBF values by a factor of 10.8



+--------------------------------------------------------------------------------------------------------------------------------------------------------------------------------------------------------------------------------------------------------------------------------------------------------------------------------------------------------------------------------------------------------------------------------------------------------------------------------------------------+
; Synchronizer Summary                                                                                                                                                                                                                                                                                                                                                                                                                                                                             ;
+---------------------------------------------------------------------------------------------------------------------------------------------------+-------------------------------------------------------------------------------------------------------------------------------------------------------------------------------------------------------------------------------------------------------------------------------------------+------------------------+-------------------------+
; Source Node                                                                                                                                       ; Synchronization Node                                                                                                                                                                                                                                                                      ; Typical MTBF (Years)   ; Included in Design MTBF ;
+---------------------------------------------------------------------------------------------------------------------------------------------------+-------------------------------------------------------------------------------------------------------------------------------------------------------------------------------------------------------------------------------------------------------------------------------------------+------------------------+-------------------------+
; MPSoC:inst1|MPSoC_cpu0:cpu0|hbreak_enabled                                                                                                        ; MPSoC:inst1|MPSoC_cpu0:cpu0|MPSoC_cpu0_nios2_oci:the_MPSoC_cpu0_nios2_oci|MPSoC_cpu0_jtag_debug_module_wrapper:the_MPSoC_cpu0_jtag_debug_module_wrapper|MPSoC_cpu0_jtag_debug_module_tck:the_MPSoC_cpu0_jtag_debug_module_tck|altera_std_synchronizer:the_altera_std_synchronizer1|din_s1 ; Greater than 1 Billion ; Yes                     ;
; MPSoC:inst1|MPSoC_cpu1:cpu1|hbreak_enabled                                                                                                        ; MPSoC:inst1|MPSoC_cpu1:cpu1|MPSoC_cpu1_nios2_oci:the_MPSoC_cpu1_nios2_oci|MPSoC_cpu1_jtag_debug_module_wrapper:the_MPSoC_cpu1_jtag_debug_module_wrapper|MPSoC_cpu1_jtag_debug_module_tck:the_MPSoC_cpu1_jtag_debug_module_tck|altera_std_synchronizer:the_altera_std_synchronizer1|din_s1 ; Greater than 1 Billion ; Yes                     ;
; MPSoC:inst1|MPSoC_cpu0:cpu0|MPSoC_cpu0_nios2_oci:the_MPSoC_cpu0_nios2_oci|MPSoC_cpu0_nios2_oci_debug:the_MPSoC_cpu0_nios2_oci_debug|monitor_ready ; MPSoC:inst1|MPSoC_cpu0:cpu0|MPSoC_cpu0_nios2_oci:the_MPSoC_cpu0_nios2_oci|MPSoC_cpu0_jtag_debug_module_wrapper:the_MPSoC_cpu0_jtag_debug_module_wrapper|MPSoC_cpu0_jtag_debug_module_tck:the_MPSoC_cpu0_jtag_debug_module_tck|altera_std_synchronizer:the_altera_std_synchronizer2|din_s1 ; Greater than 1 Billion ; Yes                     ;
; MPSoC:inst1|MPSoC_cpu1:cpu1|MPSoC_cpu1_nios2_oci:the_MPSoC_cpu1_nios2_oci|MPSoC_cpu1_nios2_oci_debug:the_MPSoC_cpu1_nios2_oci_debug|monitor_ready ; MPSoC:inst1|MPSoC_cpu1:cpu1|MPSoC_cpu1_nios2_oci:the_MPSoC_cpu1_nios2_oci|MPSoC_cpu1_jtag_debug_module_wrapper:the_MPSoC_cpu1_jtag_debug_module_wrapper|MPSoC_cpu1_jtag_debug_module_tck:the_MPSoC_cpu1_jtag_debug_module_tck|altera_std_synchronizer:the_altera_std_synchronizer2|din_s1 ; Greater than 1 Billion ; Yes                     ;
+---------------------------------------------------------------------------------------------------------------------------------------------------+-------------------------------------------------------------------------------------------------------------------------------------------------------------------------------------------------------------------------------------------------------------------------------------------+------------------------+-------------------------+


Synchronizer Chain #1: Typical MTBF is Greater than 1 Billion Years
===============================================================================
+---------------------------------------------------------------------------------------------------------------------------------------------------------------------------------------------------------------------------------------------------------------------------------------------------------------------+
; Chain Summary                                                                                                                                                                                                                                                                                                       ;
+-------------------------+-------------------------------------------------------------------------------------------------------------------------------------------------------------------------------------------------------------------------------------------------------------------------------------------+
; Property                ; Value                                                                                                                                                                                                                                                                                     ;
+-------------------------+-------------------------------------------------------------------------------------------------------------------------------------------------------------------------------------------------------------------------------------------------------------------------------------------+
; Source Node             ; MPSoC:inst1|MPSoC_cpu0:cpu0|hbreak_enabled                                                                                                                                                                                                                                                ;
; Synchronization Node    ; MPSoC:inst1|MPSoC_cpu0:cpu0|MPSoC_cpu0_nios2_oci:the_MPSoC_cpu0_nios2_oci|MPSoC_cpu0_jtag_debug_module_wrapper:the_MPSoC_cpu0_jtag_debug_module_wrapper|MPSoC_cpu0_jtag_debug_module_tck:the_MPSoC_cpu0_jtag_debug_module_tck|altera_std_synchronizer:the_altera_std_synchronizer1|din_s1 ;
; Typical MTBF (years)    ; Greater than 1 Billion                                                                                                                                                                                                                                                                    ;
; Included in Design MTBF ; Yes                                                                                                                                                                                                                                                                                       ;
+-------------------------+-------------------------------------------------------------------------------------------------------------------------------------------------------------------------------------------------------------------------------------------------------------------------------------------+

+-----------------------------------------------------------------------------------------------------------------------------------------------------------------------------------------------------------------------------------------------------------------------------------------------------------------------------------------------------------------------+
; Statistics                                                                                                                                                                                                                                                                                                                                                            ;
+---------------------------------------------------------------------------------------------------------------------------------------------------------------------------------------------------------------------------------------------------------------------------------------------+------------------------+--------------+------------------+--------------+
; Property                                                                                                                                                                                                                                                                                    ; Value                  ; Clock Period ; Active Edge Rate ; Output Slack ;
+---------------------------------------------------------------------------------------------------------------------------------------------------------------------------------------------------------------------------------------------------------------------------------------------+------------------------+--------------+------------------+--------------+
; Method of Synchronizer Identification                                                                                                                                                                                                                                                       ; User Specified         ;              ;                  ;              ;
; Typical MTBF (years)                                                                                                                                                                                                                                                                        ; Greater than 1 Billion ;              ;                  ;              ;
; Number of Synchronization Registers in Chain                                                                                                                                                                                                                                                ; 2                      ;              ;                  ;              ;
; Available Settling Time (ns)                                                                                                                                                                                                                                                                ; 198.534                ;              ;                  ;              ;
; Data Toggle Rate Used in MTBF Calculation (millions of transitions / sec)                                                                                                                                                                                                                   ; 1.25                   ;              ;                  ;              ;
; Source Clock                                                                                                                                                                                                                                                                                ;                        ;              ;                  ;              ;
;  Unknown                                                                                                                                                                                                                                                                                    ;                        ;              ;                  ;              ;
; Synchronization Clock                                                                                                                                                                                                                                                                       ;                        ;              ;                  ;              ;
;  altera_reserved_tck                                                                                                                                                                                                                                                                        ;                        ; 100.000      ; 10.0 MHz         ;              ;
; Asynchronous Source                                                                                                                                                                                                                                                                         ;                        ;              ;                  ;              ;
;  MPSoC:inst1|MPSoC_cpu0:cpu0|hbreak_enabled                                                                                                                                                                                                                                                 ;                        ;              ;                  ;              ;
; Synchronization Registers                                                                                                                                                                                                                                                                   ;                        ;              ;                  ;              ;
;  MPSoC:inst1|MPSoC_cpu0:cpu0|MPSoC_cpu0_nios2_oci:the_MPSoC_cpu0_nios2_oci|MPSoC_cpu0_jtag_debug_module_wrapper:the_MPSoC_cpu0_jtag_debug_module_wrapper|MPSoC_cpu0_jtag_debug_module_tck:the_MPSoC_cpu0_jtag_debug_module_tck|altera_std_synchronizer:the_altera_std_synchronizer1|din_s1  ;                        ;              ;                  ; 99.593       ;
;  MPSoC:inst1|MPSoC_cpu0:cpu0|MPSoC_cpu0_nios2_oci:the_MPSoC_cpu0_nios2_oci|MPSoC_cpu0_jtag_debug_module_wrapper:the_MPSoC_cpu0_jtag_debug_module_wrapper|MPSoC_cpu0_jtag_debug_module_tck:the_MPSoC_cpu0_jtag_debug_module_tck|altera_std_synchronizer:the_altera_std_synchronizer1|dreg[0] ;                        ;              ;                  ; 98.941       ;
+---------------------------------------------------------------------------------------------------------------------------------------------------------------------------------------------------------------------------------------------------------------------------------------------+------------------------+--------------+------------------+--------------+



Synchronizer Chain #2: Typical MTBF is Greater than 1 Billion Years
===============================================================================
+---------------------------------------------------------------------------------------------------------------------------------------------------------------------------------------------------------------------------------------------------------------------------------------------------------------------+
; Chain Summary                                                                                                                                                                                                                                                                                                       ;
+-------------------------+-------------------------------------------------------------------------------------------------------------------------------------------------------------------------------------------------------------------------------------------------------------------------------------------+
; Property                ; Value                                                                                                                                                                                                                                                                                     ;
+-------------------------+-------------------------------------------------------------------------------------------------------------------------------------------------------------------------------------------------------------------------------------------------------------------------------------------+
; Source Node             ; MPSoC:inst1|MPSoC_cpu1:cpu1|hbreak_enabled                                                                                                                                                                                                                                                ;
; Synchronization Node    ; MPSoC:inst1|MPSoC_cpu1:cpu1|MPSoC_cpu1_nios2_oci:the_MPSoC_cpu1_nios2_oci|MPSoC_cpu1_jtag_debug_module_wrapper:the_MPSoC_cpu1_jtag_debug_module_wrapper|MPSoC_cpu1_jtag_debug_module_tck:the_MPSoC_cpu1_jtag_debug_module_tck|altera_std_synchronizer:the_altera_std_synchronizer1|din_s1 ;
; Typical MTBF (years)    ; Greater than 1 Billion                                                                                                                                                                                                                                                                    ;
; Included in Design MTBF ; Yes                                                                                                                                                                                                                                                                                       ;
+-------------------------+-------------------------------------------------------------------------------------------------------------------------------------------------------------------------------------------------------------------------------------------------------------------------------------------+

+-----------------------------------------------------------------------------------------------------------------------------------------------------------------------------------------------------------------------------------------------------------------------------------------------------------------------------------------------------------------------+
; Statistics                                                                                                                                                                                                                                                                                                                                                            ;
+---------------------------------------------------------------------------------------------------------------------------------------------------------------------------------------------------------------------------------------------------------------------------------------------+------------------------+--------------+------------------+--------------+
; Property                                                                                                                                                                                                                                                                                    ; Value                  ; Clock Period ; Active Edge Rate ; Output Slack ;
+---------------------------------------------------------------------------------------------------------------------------------------------------------------------------------------------------------------------------------------------------------------------------------------------+------------------------+--------------+------------------+--------------+
; Method of Synchronizer Identification                                                                                                                                                                                                                                                       ; User Specified         ;              ;                  ;              ;
; Typical MTBF (years)                                                                                                                                                                                                                                                                        ; Greater than 1 Billion ;              ;                  ;              ;
; Number of Synchronization Registers in Chain                                                                                                                                                                                                                                                ; 2                      ;              ;                  ;              ;
; Available Settling Time (ns)                                                                                                                                                                                                                                                                ; 198.555                ;              ;                  ;              ;
; Data Toggle Rate Used in MTBF Calculation (millions of transitions / sec)                                                                                                                                                                                                                   ; 1.25                   ;              ;                  ;              ;
; Source Clock                                                                                                                                                                                                                                                                                ;                        ;              ;                  ;              ;
;  Unknown                                                                                                                                                                                                                                                                                    ;                        ;              ;                  ;              ;
; Synchronization Clock                                                                                                                                                                                                                                                                       ;                        ;              ;                  ;              ;
;  altera_reserved_tck                                                                                                                                                                                                                                                                        ;                        ; 100.000      ; 10.0 MHz         ;              ;
; Asynchronous Source                                                                                                                                                                                                                                                                         ;                        ;              ;                  ;              ;
;  MPSoC:inst1|MPSoC_cpu1:cpu1|hbreak_enabled                                                                                                                                                                                                                                                 ;                        ;              ;                  ;              ;
; Synchronization Registers                                                                                                                                                                                                                                                                   ;                        ;              ;                  ;              ;
;  MPSoC:inst1|MPSoC_cpu1:cpu1|MPSoC_cpu1_nios2_oci:the_MPSoC_cpu1_nios2_oci|MPSoC_cpu1_jtag_debug_module_wrapper:the_MPSoC_cpu1_jtag_debug_module_wrapper|MPSoC_cpu1_jtag_debug_module_tck:the_MPSoC_cpu1_jtag_debug_module_tck|altera_std_synchronizer:the_altera_std_synchronizer1|din_s1  ;                        ;              ;                  ; 99.519       ;
;  MPSoC:inst1|MPSoC_cpu1:cpu1|MPSoC_cpu1_nios2_oci:the_MPSoC_cpu1_nios2_oci|MPSoC_cpu1_jtag_debug_module_wrapper:the_MPSoC_cpu1_jtag_debug_module_wrapper|MPSoC_cpu1_jtag_debug_module_tck:the_MPSoC_cpu1_jtag_debug_module_tck|altera_std_synchronizer:the_altera_std_synchronizer1|dreg[0] ;                        ;              ;                  ; 99.036       ;
+---------------------------------------------------------------------------------------------------------------------------------------------------------------------------------------------------------------------------------------------------------------------------------------------+------------------------+--------------+------------------+--------------+



Synchronizer Chain #3: Typical MTBF is Greater than 1 Billion Years
===============================================================================
+---------------------------------------------------------------------------------------------------------------------------------------------------------------------------------------------------------------------------------------------------------------------------------------------------------------------+
; Chain Summary                                                                                                                                                                                                                                                                                                       ;
+-------------------------+-------------------------------------------------------------------------------------------------------------------------------------------------------------------------------------------------------------------------------------------------------------------------------------------+
; Property                ; Value                                                                                                                                                                                                                                                                                     ;
+-------------------------+-------------------------------------------------------------------------------------------------------------------------------------------------------------------------------------------------------------------------------------------------------------------------------------------+
; Source Node             ; MPSoC:inst1|MPSoC_cpu0:cpu0|MPSoC_cpu0_nios2_oci:the_MPSoC_cpu0_nios2_oci|MPSoC_cpu0_nios2_oci_debug:the_MPSoC_cpu0_nios2_oci_debug|monitor_ready                                                                                                                                         ;
; Synchronization Node    ; MPSoC:inst1|MPSoC_cpu0:cpu0|MPSoC_cpu0_nios2_oci:the_MPSoC_cpu0_nios2_oci|MPSoC_cpu0_jtag_debug_module_wrapper:the_MPSoC_cpu0_jtag_debug_module_wrapper|MPSoC_cpu0_jtag_debug_module_tck:the_MPSoC_cpu0_jtag_debug_module_tck|altera_std_synchronizer:the_altera_std_synchronizer2|din_s1 ;
; Typical MTBF (years)    ; Greater than 1 Billion                                                                                                                                                                                                                                                                    ;
; Included in Design MTBF ; Yes                                                                                                                                                                                                                                                                                       ;
+-------------------------+-------------------------------------------------------------------------------------------------------------------------------------------------------------------------------------------------------------------------------------------------------------------------------------------+

+-----------------------------------------------------------------------------------------------------------------------------------------------------------------------------------------------------------------------------------------------------------------------------------------------------------------------------------------------------------------------+
; Statistics                                                                                                                                                                                                                                                                                                                                                            ;
+---------------------------------------------------------------------------------------------------------------------------------------------------------------------------------------------------------------------------------------------------------------------------------------------+------------------------+--------------+------------------+--------------+
; Property                                                                                                                                                                                                                                                                                    ; Value                  ; Clock Period ; Active Edge Rate ; Output Slack ;
+---------------------------------------------------------------------------------------------------------------------------------------------------------------------------------------------------------------------------------------------------------------------------------------------+------------------------+--------------+------------------+--------------+
; Method of Synchronizer Identification                                                                                                                                                                                                                                                       ; User Specified         ;              ;                  ;              ;
; Typical MTBF (years)                                                                                                                                                                                                                                                                        ; Greater than 1 Billion ;              ;                  ;              ;
; Number of Synchronization Registers in Chain                                                                                                                                                                                                                                                ; 2                      ;              ;                  ;              ;
; Available Settling Time (ns)                                                                                                                                                                                                                                                                ; 198.769                ;              ;                  ;              ;
; Data Toggle Rate Used in MTBF Calculation (millions of transitions / sec)                                                                                                                                                                                                                   ; 1.25                   ;              ;                  ;              ;
; Source Clock                                                                                                                                                                                                                                                                                ;                        ;              ;                  ;              ;
;  Unknown                                                                                                                                                                                                                                                                                    ;                        ;              ;                  ;              ;
; Synchronization Clock                                                                                                                                                                                                                                                                       ;                        ;              ;                  ;              ;
;  altera_reserved_tck                                                                                                                                                                                                                                                                        ;                        ; 100.000      ; 10.0 MHz         ;              ;
; Asynchronous Source                                                                                                                                                                                                                                                                         ;                        ;              ;                  ;              ;
;  MPSoC:inst1|MPSoC_cpu0:cpu0|MPSoC_cpu0_nios2_oci:the_MPSoC_cpu0_nios2_oci|MPSoC_cpu0_nios2_oci_debug:the_MPSoC_cpu0_nios2_oci_debug|monitor_ready                                                                                                                                          ;                        ;              ;                  ;              ;
; Synchronization Registers                                                                                                                                                                                                                                                                   ;                        ;              ;                  ;              ;
;  MPSoC:inst1|MPSoC_cpu0:cpu0|MPSoC_cpu0_nios2_oci:the_MPSoC_cpu0_nios2_oci|MPSoC_cpu0_jtag_debug_module_wrapper:the_MPSoC_cpu0_jtag_debug_module_wrapper|MPSoC_cpu0_jtag_debug_module_tck:the_MPSoC_cpu0_jtag_debug_module_tck|altera_std_synchronizer:the_altera_std_synchronizer2|din_s1  ;                        ;              ;                  ; 99.591       ;
;  MPSoC:inst1|MPSoC_cpu0:cpu0|MPSoC_cpu0_nios2_oci:the_MPSoC_cpu0_nios2_oci|MPSoC_cpu0_jtag_debug_module_wrapper:the_MPSoC_cpu0_jtag_debug_module_wrapper|MPSoC_cpu0_jtag_debug_module_tck:the_MPSoC_cpu0_jtag_debug_module_tck|altera_std_synchronizer:the_altera_std_synchronizer2|dreg[0] ;                        ;              ;                  ; 99.178       ;
+---------------------------------------------------------------------------------------------------------------------------------------------------------------------------------------------------------------------------------------------------------------------------------------------+------------------------+--------------+------------------+--------------+



Synchronizer Chain #4: Typical MTBF is Greater than 1 Billion Years
===============================================================================
+---------------------------------------------------------------------------------------------------------------------------------------------------------------------------------------------------------------------------------------------------------------------------------------------------------------------+
; Chain Summary                                                                                                                                                                                                                                                                                                       ;
+-------------------------+-------------------------------------------------------------------------------------------------------------------------------------------------------------------------------------------------------------------------------------------------------------------------------------------+
; Property                ; Value                                                                                                                                                                                                                                                                                     ;
+-------------------------+-------------------------------------------------------------------------------------------------------------------------------------------------------------------------------------------------------------------------------------------------------------------------------------------+
; Source Node             ; MPSoC:inst1|MPSoC_cpu1:cpu1|MPSoC_cpu1_nios2_oci:the_MPSoC_cpu1_nios2_oci|MPSoC_cpu1_nios2_oci_debug:the_MPSoC_cpu1_nios2_oci_debug|monitor_ready                                                                                                                                         ;
; Synchronization Node    ; MPSoC:inst1|MPSoC_cpu1:cpu1|MPSoC_cpu1_nios2_oci:the_MPSoC_cpu1_nios2_oci|MPSoC_cpu1_jtag_debug_module_wrapper:the_MPSoC_cpu1_jtag_debug_module_wrapper|MPSoC_cpu1_jtag_debug_module_tck:the_MPSoC_cpu1_jtag_debug_module_tck|altera_std_synchronizer:the_altera_std_synchronizer2|din_s1 ;
; Typical MTBF (years)    ; Greater than 1 Billion                                                                                                                                                                                                                                                                    ;
; Included in Design MTBF ; Yes                                                                                                                                                                                                                                                                                       ;
+-------------------------+-------------------------------------------------------------------------------------------------------------------------------------------------------------------------------------------------------------------------------------------------------------------------------------------+

+-----------------------------------------------------------------------------------------------------------------------------------------------------------------------------------------------------------------------------------------------------------------------------------------------------------------------------------------------------------------------+
; Statistics                                                                                                                                                                                                                                                                                                                                                            ;
+---------------------------------------------------------------------------------------------------------------------------------------------------------------------------------------------------------------------------------------------------------------------------------------------+------------------------+--------------+------------------+--------------+
; Property                                                                                                                                                                                                                                                                                    ; Value                  ; Clock Period ; Active Edge Rate ; Output Slack ;
+---------------------------------------------------------------------------------------------------------------------------------------------------------------------------------------------------------------------------------------------------------------------------------------------+------------------------+--------------+------------------+--------------+
; Method of Synchronizer Identification                                                                                                                                                                                                                                                       ; User Specified         ;              ;                  ;              ;
; Typical MTBF (years)                                                                                                                                                                                                                                                                        ; Greater than 1 Billion ;              ;                  ;              ;
; Number of Synchronization Registers in Chain                                                                                                                                                                                                                                                ; 2                      ;              ;                  ;              ;
; Available Settling Time (ns)                                                                                                                                                                                                                                                                ; 198.803                ;              ;                  ;              ;
; Data Toggle Rate Used in MTBF Calculation (millions of transitions / sec)                                                                                                                                                                                                                   ; 1.25                   ;              ;                  ;              ;
; Source Clock                                                                                                                                                                                                                                                                                ;                        ;              ;                  ;              ;
;  Unknown                                                                                                                                                                                                                                                                                    ;                        ;              ;                  ;              ;
; Synchronization Clock                                                                                                                                                                                                                                                                       ;                        ;              ;                  ;              ;
;  altera_reserved_tck                                                                                                                                                                                                                                                                        ;                        ; 100.000      ; 10.0 MHz         ;              ;
; Asynchronous Source                                                                                                                                                                                                                                                                         ;                        ;              ;                  ;              ;
;  MPSoC:inst1|MPSoC_cpu1:cpu1|MPSoC_cpu1_nios2_oci:the_MPSoC_cpu1_nios2_oci|MPSoC_cpu1_nios2_oci_debug:the_MPSoC_cpu1_nios2_oci_debug|monitor_ready                                                                                                                                          ;                        ;              ;                  ;              ;
; Synchronization Registers                                                                                                                                                                                                                                                                   ;                        ;              ;                  ;              ;
;  MPSoC:inst1|MPSoC_cpu1:cpu1|MPSoC_cpu1_nios2_oci:the_MPSoC_cpu1_nios2_oci|MPSoC_cpu1_jtag_debug_module_wrapper:the_MPSoC_cpu1_jtag_debug_module_wrapper|MPSoC_cpu1_jtag_debug_module_tck:the_MPSoC_cpu1_jtag_debug_module_tck|altera_std_synchronizer:the_altera_std_synchronizer2|din_s1  ;                        ;              ;                  ; 99.596       ;
;  MPSoC:inst1|MPSoC_cpu1:cpu1|MPSoC_cpu1_nios2_oci:the_MPSoC_cpu1_nios2_oci|MPSoC_cpu1_jtag_debug_module_wrapper:the_MPSoC_cpu1_jtag_debug_module_wrapper|MPSoC_cpu1_jtag_debug_module_tck:the_MPSoC_cpu1_jtag_debug_module_tck|altera_std_synchronizer:the_altera_std_synchronizer2|dreg[0] ;                        ;              ;                  ; 99.207       ;
+---------------------------------------------------------------------------------------------------------------------------------------------------------------------------------------------------------------------------------------------------------------------------------------------+------------------------+--------------+------------------+--------------+



+----------------------------------------------------------------------------------+
; Multicorner Timing Analysis Summary                                              ;
+----------------------+--------+-------+----------+---------+---------------------+
; Clock                ; Setup  ; Hold  ; Recovery ; Removal ; Minimum Pulse Width ;
+----------------------+--------+-------+----------+---------+---------------------+
; Worst-case Slack     ; 45.184 ; 0.180 ; 45.396   ; 0.572   ; 49.473              ;
;  altera_reserved_tck ; 45.184 ; 0.180 ; 45.396   ; 0.572   ; 49.473              ;
; Design-wide TNS      ; 0.0    ; 0.0   ; 0.0      ; 0.0     ; 0.0                 ;
;  altera_reserved_tck ; 0.000  ; 0.000 ; 0.000    ; 0.000   ; 0.000               ;
+----------------------+--------+-------+----------+---------+---------------------+


+------------------------------------------------------------------------------------------------+
; Setup Times                                                                                    ;
+---------------------+---------------------+--------+--------+------------+---------------------+
; Data Port           ; Clock Port          ; Rise   ; Fall   ; Clock Edge ; Clock Reference     ;
+---------------------+---------------------+--------+--------+------------+---------------------+
; altera_reserved_tdi ; altera_reserved_tck ; 4.775  ; 5.020  ; Rise       ; altera_reserved_tck ;
; altera_reserved_tms ; altera_reserved_tck ; 10.204 ; 10.451 ; Rise       ; altera_reserved_tck ;
+---------------------+---------------------+--------+--------+------------+---------------------+


+------------------------------------------------------------------------------------------------+
; Hold Times                                                                                     ;
+---------------------+---------------------+--------+--------+------------+---------------------+
; Data Port           ; Clock Port          ; Rise   ; Fall   ; Clock Edge ; Clock Reference     ;
+---------------------+---------------------+--------+--------+------------+---------------------+
; altera_reserved_tdi ; altera_reserved_tck ; -0.448 ; -0.572 ; Rise       ; altera_reserved_tck ;
; altera_reserved_tms ; altera_reserved_tck ; -1.370 ; -1.489 ; Rise       ; altera_reserved_tck ;
+---------------------+---------------------+--------+--------+------------+---------------------+


+------------------------------------------------------------------------------------------------+
; Clock to Output Times                                                                          ;
+---------------------+---------------------+--------+--------+------------+---------------------+
; Data Port           ; Clock Port          ; Rise   ; Fall   ; Clock Edge ; Clock Reference     ;
+---------------------+---------------------+--------+--------+------------+---------------------+
; altera_reserved_tdo ; altera_reserved_tck ; 15.411 ; 15.990 ; Fall       ; altera_reserved_tck ;
+---------------------+---------------------+--------+--------+------------+---------------------+


+----------------------------------------------------------------------------------------------+
; Minimum Clock to Output Times                                                                ;
+---------------------+---------------------+-------+-------+------------+---------------------+
; Data Port           ; Clock Port          ; Rise  ; Fall  ; Clock Edge ; Clock Reference     ;
+---------------------+---------------------+-------+-------+------------+---------------------+
; altera_reserved_tdo ; altera_reserved_tck ; 6.837 ; 7.288 ; Fall       ; altera_reserved_tck ;
+---------------------+---------------------+-------+-------+------------+---------------------+


+------------------------------------------------------------------------------------------------------------------------------------------------------------------------------------------------------------------------------------------------------------------------------------------------------------------------------------------------------------------------------------------------------------------------+
; Board Trace Model Assignments                                                                                                                                                                                                                                                                                                                                                                                          ;
+---------------------+--------------+-------------------+-------------------------+-------------------------+---------------+---------------------+----------------+------------------+--------+------------------+------------------------+------------------------+--------------+---------------+-----------------+-------+---------------------+--------------------+---------------+-----------------+-------------+
; Pin                 ; I/O Standard ; Near Tline Length ; Near Tline L per Length ; Near Tline C per Length ; Near Series R ; Near Differential R ; Near Pull-up R ; Near Pull-down R ; Near C ; Far Tline Length ; Far Tline L per Length ; Far Tline C per Length ; Far Series R ; Far Pull-up R ; Far Pull-down R ; Far C ; Termination Voltage ; Far Differential R ; EBD File Name ; EBD Signal Name ; EBD Far-end ;
+---------------------+--------------+-------------------+-------------------------+-------------------------+---------------+---------------------+----------------+------------------+--------+------------------+------------------------+------------------------+--------------+---------------+-----------------+-------+---------------------+--------------------+---------------+-----------------+-------------+
; altera_reserved_tdo ; 2.5 V        ; 0 in              ; 0 H/in                  ; 0 F/in                  ; short         ; -                   ; open           ; open             ; open   ; 0 in             ; 0 H/in                 ; 0 F/in                 ; short        ; open          ; open            ; open  ; 0 V                 ; -                  ; n/a           ; n/a             ; n/a         ;
; ~ALTERA_DCLK~       ; 2.5 V        ; 0 in              ; 0 H/in                  ; 0 F/in                  ; short         ; -                   ; open           ; open             ; open   ; 0 in             ; 0 H/in                 ; 0 F/in                 ; short        ; open          ; open            ; open  ; 0 V                 ; -                  ; n/a           ; n/a             ; n/a         ;
; ~ALTERA_nCEO~       ; 2.5 V        ; 0 in              ; 0 H/in                  ; 0 F/in                  ; short         ; -                   ; open           ; open             ; open   ; 0 in             ; 0 H/in                 ; 0 F/in                 ; short        ; open          ; open            ; open  ; 0 V                 ; -                  ; n/a           ; n/a             ; n/a         ;
+---------------------+--------------+-------------------+-------------------------+-------------------------+---------------+---------------------+----------------+------------------+--------+------------------+------------------------+------------------------+--------------+---------------+-----------------+-------+---------------------+--------------------+---------------+-----------------+-------------+


+----------------------------------------------------------------------------+
; Input Transition Times                                                     ;
+-------------------------+--------------+-----------------+-----------------+
; Pin                     ; I/O Standard ; 10-90 Rise Time ; 90-10 Fall Time ;
+-------------------------+--------------+-----------------+-----------------+
; INPUT_CLOCK             ; 2.5 V        ; 2000 ps         ; 2000 ps         ;
; altera_reserved_tms     ; 2.5 V        ; 2000 ps         ; 2000 ps         ;
; altera_reserved_tck     ; 2.5 V        ; 2000 ps         ; 2000 ps         ;
; altera_reserved_tdi     ; 2.5 V        ; 2000 ps         ; 2000 ps         ;
; ~ALTERA_ASDO_DATA1~     ; 2.5 V        ; 2000 ps         ; 2000 ps         ;
; ~ALTERA_FLASH_nCE_nCSO~ ; 2.5 V        ; 2000 ps         ; 2000 ps         ;
; ~ALTERA_DATA0~          ; 2.5 V        ; 2000 ps         ; 2000 ps         ;
+-------------------------+--------------+-----------------+-----------------+


+--------------------------------------------------------------------------------------------------------------------------------------------------------------------------------------------------------------------------------------------------------------------------------------------------------------------------------------------------------------------------------------------------------------------------------------------------------------------------------------------------------------------------------------------------------------------------------------------------------------------------------------------------------------------------------------------------+
; Signal Integrity Metrics (Slow 1200mv 0c Model)                                                                                                                                                                                                                                                                                                                                                                                                                                                                                                                                                                                                                                                  ;
+---------------------+--------------+---------------------+---------------------+------------------------------+------------------------------+---------------------+---------------------+--------------------------------------+--------------------------------------+-----------------------------+-----------------------------+----------------------------+----------------------------+-----------------------------+-----------------------------+--------------------+--------------------+-------------------------------------+-------------------------------------+----------------------------+----------------------------+---------------------------+---------------------------+
; Pin                 ; I/O Standard ; Board Delay on Rise ; Board Delay on Fall ; Steady State Voh at FPGA Pin ; Steady State Vol at FPGA Pin ; Voh Max at FPGA Pin ; Vol Min at FPGA Pin ; Ringback Voltage on Rise at FPGA Pin ; Ringback Voltage on Fall at FPGA Pin ; 10-90 Rise Time at FPGA Pin ; 90-10 Fall Time at FPGA Pin ; Monotonic Rise at FPGA Pin ; Monotonic Fall at FPGA Pin ; Steady State Voh at Far-end ; Steady State Vol at Far-end ; Voh Max at Far-end ; Vol Min at Far-end ; Ringback Voltage on Rise at Far-end ; Ringback Voltage on Fall at Far-end ; 10-90 Rise Time at Far-end ; 90-10 Fall Time at Far-end ; Monotonic Rise at Far-end ; Monotonic Fall at Far-end ;
+---------------------+--------------+---------------------+---------------------+------------------------------+------------------------------+---------------------+---------------------+--------------------------------------+--------------------------------------+-----------------------------+-----------------------------+----------------------------+----------------------------+-----------------------------+-----------------------------+--------------------+--------------------+-------------------------------------+-------------------------------------+----------------------------+----------------------------+---------------------------+---------------------------+
; altera_reserved_tdo ; 2.5 V        ; 0 s                 ; 0 s                 ; 2.32 V                       ; 2.07e-08 V                   ; 2.33 V              ; -0.0049 V           ; 0.041 V                              ; 0.094 V                              ; 8.74e-10 s                  ; 1.89e-09 s                  ; Yes                        ; Yes                        ; 2.32 V                      ; 2.07e-08 V                  ; 2.33 V             ; -0.0049 V          ; 0.041 V                             ; 0.094 V                             ; 8.74e-10 s                 ; 1.89e-09 s                 ; Yes                       ; Yes                       ;
; ~ALTERA_DCLK~       ; 2.5 V        ; 0 s                 ; 0 s                 ; 2.32 V                       ; 2.67e-09 V                   ; 2.38 V              ; -0.0485 V           ; 0.167 V                              ; 0.096 V                              ; 2.95e-10 s                  ; 2.73e-10 s                  ; Yes                        ; Yes                        ; 2.32 V                      ; 2.67e-09 V                  ; 2.38 V             ; -0.0485 V          ; 0.167 V                             ; 0.096 V                             ; 2.95e-10 s                 ; 2.73e-10 s                 ; Yes                       ; Yes                       ;
; ~ALTERA_nCEO~       ; 2.5 V        ; 0 s                 ; 0 s                 ; 2.32 V                       ; 4.18e-09 V                   ; 2.38 V              ; -0.00483 V          ; 0.152 V                              ; 0.012 V                              ; 4.81e-10 s                  ; 6.29e-10 s                  ; Yes                        ; Yes                        ; 2.32 V                      ; 4.18e-09 V                  ; 2.38 V             ; -0.00483 V         ; 0.152 V                             ; 0.012 V                             ; 4.81e-10 s                 ; 6.29e-10 s                 ; Yes                       ; Yes                       ;
+---------------------+--------------+---------------------+---------------------+------------------------------+------------------------------+---------------------+---------------------+--------------------------------------+--------------------------------------+-----------------------------+-----------------------------+----------------------------+----------------------------+-----------------------------+-----------------------------+--------------------+--------------------+-------------------------------------+-------------------------------------+----------------------------+----------------------------+---------------------------+---------------------------+


+--------------------------------------------------------------------------------------------------------------------------------------------------------------------------------------------------------------------------------------------------------------------------------------------------------------------------------------------------------------------------------------------------------------------------------------------------------------------------------------------------------------------------------------------------------------------------------------------------------------------------------------------------------------------------------------------------+
; Signal Integrity Metrics (Slow 1200mv 85c Model)                                                                                                                                                                                                                                                                                                                                                                                                                                                                                                                                                                                                                                                 ;
+---------------------+--------------+---------------------+---------------------+------------------------------+------------------------------+---------------------+---------------------+--------------------------------------+--------------------------------------+-----------------------------+-----------------------------+----------------------------+----------------------------+-----------------------------+-----------------------------+--------------------+--------------------+-------------------------------------+-------------------------------------+----------------------------+----------------------------+---------------------------+---------------------------+
; Pin                 ; I/O Standard ; Board Delay on Rise ; Board Delay on Fall ; Steady State Voh at FPGA Pin ; Steady State Vol at FPGA Pin ; Voh Max at FPGA Pin ; Vol Min at FPGA Pin ; Ringback Voltage on Rise at FPGA Pin ; Ringback Voltage on Fall at FPGA Pin ; 10-90 Rise Time at FPGA Pin ; 90-10 Fall Time at FPGA Pin ; Monotonic Rise at FPGA Pin ; Monotonic Fall at FPGA Pin ; Steady State Voh at Far-end ; Steady State Vol at Far-end ; Voh Max at Far-end ; Vol Min at Far-end ; Ringback Voltage on Rise at Far-end ; Ringback Voltage on Fall at Far-end ; 10-90 Rise Time at Far-end ; 90-10 Fall Time at Far-end ; Monotonic Rise at Far-end ; Monotonic Fall at Far-end ;
+---------------------+--------------+---------------------+---------------------+------------------------------+------------------------------+---------------------+---------------------+--------------------------------------+--------------------------------------+-----------------------------+-----------------------------+----------------------------+----------------------------+-----------------------------+-----------------------------+--------------------+--------------------+-------------------------------------+-------------------------------------+----------------------------+----------------------------+---------------------------+---------------------------+
; altera_reserved_tdo ; 2.5 V        ; 0 s                 ; 0 s                 ; 2.32 V                       ; 3.15e-06 V                   ; 2.33 V              ; 3.15e-06 V          ; 0.014 V                              ; 0.05 V                               ; 1.08e-09 s                  ; 2.51e-09 s                  ; Yes                        ; Yes                        ; 2.32 V                      ; 3.15e-06 V                  ; 2.33 V             ; 3.15e-06 V         ; 0.014 V                             ; 0.05 V                              ; 1.08e-09 s                 ; 2.51e-09 s                 ; Yes                       ; Yes                       ;
; ~ALTERA_DCLK~       ; 2.5 V        ; 0 s                 ; 0 s                 ; 2.32 V                       ; 3.75e-07 V                   ; 2.35 V              ; -0.0109 V           ; 0.084 V                              ; 0.027 V                              ; 4.31e-10 s                  ; 3.61e-10 s                  ; Yes                        ; Yes                        ; 2.32 V                      ; 3.75e-07 V                  ; 2.35 V             ; -0.0109 V          ; 0.084 V                             ; 0.027 V                             ; 4.31e-10 s                 ; 3.61e-10 s                 ; Yes                       ; Yes                       ;
; ~ALTERA_nCEO~       ; 2.5 V        ; 0 s                 ; 0 s                 ; 2.32 V                       ; 6.15e-07 V                   ; 2.35 V              ; -0.00712 V          ; 0.093 V                              ; 0.02 V                               ; 6.21e-10 s                  ; 7.9e-10 s                   ; Yes                        ; Yes                        ; 2.32 V                      ; 6.15e-07 V                  ; 2.35 V             ; -0.00712 V         ; 0.093 V                             ; 0.02 V                              ; 6.21e-10 s                 ; 7.9e-10 s                  ; Yes                       ; Yes                       ;
+---------------------+--------------+---------------------+---------------------+------------------------------+------------------------------+---------------------+---------------------+--------------------------------------+--------------------------------------+-----------------------------+-----------------------------+----------------------------+----------------------------+-----------------------------+-----------------------------+--------------------+--------------------+-------------------------------------+-------------------------------------+----------------------------+----------------------------+---------------------------+---------------------------+


+--------------------------------------------------------------------------------------------------------------------------------------------------------------------------------------------------------------------------------------------------------------------------------------------------------------------------------------------------------------------------------------------------------------------------------------------------------------------------------------------------------------------------------------------------------------------------------------------------------------------------------------------------------------------------------------------------+
; Signal Integrity Metrics (Fast 1200mv 0c Model)                                                                                                                                                                                                                                                                                                                                                                                                                                                                                                                                                                                                                                                  ;
+---------------------+--------------+---------------------+---------------------+------------------------------+------------------------------+---------------------+---------------------+--------------------------------------+--------------------------------------+-----------------------------+-----------------------------+----------------------------+----------------------------+-----------------------------+-----------------------------+--------------------+--------------------+-------------------------------------+-------------------------------------+----------------------------+----------------------------+---------------------------+---------------------------+
; Pin                 ; I/O Standard ; Board Delay on Rise ; Board Delay on Fall ; Steady State Voh at FPGA Pin ; Steady State Vol at FPGA Pin ; Voh Max at FPGA Pin ; Vol Min at FPGA Pin ; Ringback Voltage on Rise at FPGA Pin ; Ringback Voltage on Fall at FPGA Pin ; 10-90 Rise Time at FPGA Pin ; 90-10 Fall Time at FPGA Pin ; Monotonic Rise at FPGA Pin ; Monotonic Fall at FPGA Pin ; Steady State Voh at Far-end ; Steady State Vol at Far-end ; Voh Max at Far-end ; Vol Min at Far-end ; Ringback Voltage on Rise at Far-end ; Ringback Voltage on Fall at Far-end ; 10-90 Rise Time at Far-end ; 90-10 Fall Time at Far-end ; Monotonic Rise at Far-end ; Monotonic Fall at Far-end ;
+---------------------+--------------+---------------------+---------------------+------------------------------+------------------------------+---------------------+---------------------+--------------------------------------+--------------------------------------+-----------------------------+-----------------------------+----------------------------+----------------------------+-----------------------------+-----------------------------+--------------------+--------------------+-------------------------------------+-------------------------------------+----------------------------+----------------------------+---------------------------+---------------------------+
; altera_reserved_tdo ; 2.5 V        ; 0 s                 ; 0 s                 ; 2.62 V                       ; 1.77e-07 V                   ; 2.65 V              ; -0.0108 V           ; 0.18 V                               ; 0.17 V                               ; 6.63e-10 s                  ; 1.56e-09 s                  ; Yes                        ; Yes                        ; 2.62 V                      ; 1.77e-07 V                  ; 2.65 V             ; -0.0108 V          ; 0.18 V                              ; 0.17 V                              ; 6.63e-10 s                 ; 1.56e-09 s                 ; Yes                       ; Yes                       ;
; ~ALTERA_DCLK~       ; 2.5 V        ; 0 s                 ; 0 s                 ; 2.62 V                       ; 2.22e-08 V                   ; 2.74 V              ; -0.06 V             ; 0.158 V                              ; 0.08 V                               ; 2.68e-10 s                  ; 2.19e-10 s                  ; Yes                        ; Yes                        ; 2.62 V                      ; 2.22e-08 V                  ; 2.74 V             ; -0.06 V            ; 0.158 V                             ; 0.08 V                              ; 2.68e-10 s                 ; 2.19e-10 s                 ; Yes                       ; Yes                       ;
; ~ALTERA_nCEO~       ; 2.5 V        ; 0 s                 ; 0 s                 ; 2.62 V                       ; 3.54e-08 V                   ; 2.7 V               ; -0.00943 V          ; 0.276 V                              ; 0.035 V                              ; 3.19e-10 s                  ; 4.99e-10 s                  ; No                         ; Yes                        ; 2.62 V                      ; 3.54e-08 V                  ; 2.7 V              ; -0.00943 V         ; 0.276 V                             ; 0.035 V                             ; 3.19e-10 s                 ; 4.99e-10 s                 ; No                        ; Yes                       ;
+---------------------+--------------+---------------------+---------------------+------------------------------+------------------------------+---------------------+---------------------+--------------------------------------+--------------------------------------+-----------------------------+-----------------------------+----------------------------+----------------------------+-----------------------------+-----------------------------+--------------------+--------------------+-------------------------------------+-------------------------------------+----------------------------+----------------------------+---------------------------+---------------------------+


+---------------------------------------------------------------------------------------+
; Setup Transfers                                                                       ;
+---------------------+---------------------+----------+----------+----------+----------+
; From Clock          ; To Clock            ; RR Paths ; FR Paths ; RF Paths ; FF Paths ;
+---------------------+---------------------+----------+----------+----------+----------+
; altera_reserved_tck ; altera_reserved_tck ; 3191     ; 0        ; 36       ; 4        ;
+---------------------+---------------------+----------+----------+----------+----------+
Entries labeled "false path" only account for clock-to-clock false paths and not path-based false paths. As a result, actual path counts may be lower than reported.


+---------------------------------------------------------------------------------------+
; Hold Transfers                                                                        ;
+---------------------+---------------------+----------+----------+----------+----------+
; From Clock          ; To Clock            ; RR Paths ; FR Paths ; RF Paths ; FF Paths ;
+---------------------+---------------------+----------+----------+----------+----------+
; altera_reserved_tck ; altera_reserved_tck ; 3191     ; 0        ; 36       ; 4        ;
+---------------------+---------------------+----------+----------+----------+----------+
Entries labeled "false path" only account for clock-to-clock false paths and not path-based false paths. As a result, actual path counts may be lower than reported.


+---------------------------------------------------------------------------------------+
; Recovery Transfers                                                                    ;
+---------------------+---------------------+----------+----------+----------+----------+
; From Clock          ; To Clock            ; RR Paths ; FR Paths ; RF Paths ; FF Paths ;
+---------------------+---------------------+----------+----------+----------+----------+
; altera_reserved_tck ; altera_reserved_tck ; 150      ; 0        ; 5        ; 0        ;
+---------------------+---------------------+----------+----------+----------+----------+
Entries labeled "false path" only account for clock-to-clock false paths and not path-based false paths. As a result, actual path counts may be lower than reported.


+---------------------------------------------------------------------------------------+
; Removal Transfers                                                                     ;
+---------------------+---------------------+----------+----------+----------+----------+
; From Clock          ; To Clock            ; RR Paths ; FR Paths ; RF Paths ; FF Paths ;
+---------------------+---------------------+----------+----------+----------+----------+
; altera_reserved_tck ; altera_reserved_tck ; 150      ; 0        ; 5        ; 0        ;
+---------------------+---------------------+----------+----------+----------+----------+
Entries labeled "false path" only account for clock-to-clock false paths and not path-based false paths. As a result, actual path counts may be lower than reported.


---------------
; Report TCCS ;
---------------
No dedicated SERDES Transmitter circuitry present in device or used in design


---------------
; Report RSKM ;
---------------
No non-DPA dedicated SERDES Receiver circuitry present in device or used in design


+------------------------------------------------+
; Unconstrained Paths                            ;
+---------------------------------+-------+------+
; Property                        ; Setup ; Hold ;
+---------------------------------+-------+------+
; Illegal Clocks                  ; 0     ; 0    ;
; Unconstrained Clocks            ; 1     ; 1    ;
; Unconstrained Input Ports       ; 2     ; 2    ;
; Unconstrained Input Port Paths  ; 109   ; 109  ;
; Unconstrained Output Ports      ; 1     ; 1    ;
; Unconstrained Output Port Paths ; 1     ; 1    ;
+---------------------------------+-------+------+


+------------------------------------+
; TimeQuest Timing Analyzer Messages ;
+------------------------------------+
Info: *******************************************************************
Info: Running Quartus II 64-Bit TimeQuest Timing Analyzer
    Info: Version 13.1.0 Build 162 10/23/2013 SJ Web Edition
    Info: Processing started: Mon Jan 26 08:40:01 2026
Info: Command: quartus_sta MPSoC -c TopLevel
Info: qsta_default_script.tcl version: #1
Warning (20028): Parallel compilation is not licensed and has been disabled
Info (21077): Core supply voltage is 1.2V
Info (21077): Low junction temperature is 0 degrees C
Info (21077): High junction temperature is 85 degrees C
Info (332164): Evaluating HDL-embedded SDC commands
    Info (332165): Entity alt_jtag_atlantic
        Info (332166): set_false_path -from [get_registers {*|alt_jtag_atlantic:*|jupdate}] -to [get_registers {*|alt_jtag_atlantic:*|jupdate1*}] 
        Info (332166): set_false_path -from [get_registers {*|alt_jtag_atlantic:*|rdata[*]}] -to [get_registers {*|alt_jtag_atlantic*|td_shift[*]}]
        Info (332166): set_false_path -from [get_registers {*|alt_jtag_atlantic:*|rdata[*]}] -to [get_registers {*|alt_jtag_atlantic*|td_shift[*]}]
        Info (332166): set_false_path -from [get_registers {*|alt_jtag_atlantic:*|rdata[*]}] -to [get_registers {*|alt_jtag_atlantic*|td_shift[*]}]
        Info (332166): set_false_path -from [get_registers {*|alt_jtag_atlantic:*|rdata[*]}] -to [get_registers {*|alt_jtag_atlantic*|td_shift[*]}]
        Info (332166): set_false_path -from [get_registers {*|alt_jtag_atlantic:*|rdata[*]}] -to [get_registers {*|alt_jtag_atlantic*|td_shift[*]}]
        Info (332166): set_false_path -from [get_registers {*|alt_jtag_atlantic:*|rdata[*]}] -to [get_registers {*|alt_jtag_atlantic*|td_shift[*]}]
        Info (332166): set_false_path -from [get_registers {*|alt_jtag_atlantic:*|rdata[*]}] -to [get_registers {*|alt_jtag_atlantic*|td_shift[*]}]
        Info (332166): set_false_path -from [get_registers {*|alt_jtag_atlantic:*|rdata[*]}] -to [get_registers {*|alt_jtag_atlantic*|td_shift[*]}]
        Info (332166): set_false_path -from [get_registers {*|alt_jtag_atlantic:*|read}] -to [get_registers {*|alt_jtag_atlantic:*|read1*}] 
        Info (332166): set_false_path -from [get_registers {*|alt_jtag_atlantic:*|read_req}]
        Info (332166): set_false_path -from [get_registers {*|alt_jtag_atlantic:*|rvalid}] -to [get_registers {*|alt_jtag_atlantic*|td_shift[*]}]
        Info (332166): set_false_path -from [get_registers {*|t_dav}] -to [get_registers {*|alt_jtag_atlantic:*|tck_t_dav}]
        Info (332166): set_false_path -from [get_registers {*|alt_jtag_atlantic:*|user_saw_rvalid}] -to [get_registers {*|alt_jtag_atlantic:*|rvalid0*}]
        Info (332166): set_false_path -from [get_registers {*|alt_jtag_atlantic:*|wdata[*]}] -to [get_registers {*}]
        Info (332166): set_false_path -from [get_registers {*|alt_jtag_atlantic:*|wdata[*]}] -to [get_registers {*}]
        Info (332166): set_false_path -from [get_registers {*|alt_jtag_atlantic:*|wdata[*]}] -to [get_registers {*}]
        Info (332166): set_false_path -from [get_registers {*|alt_jtag_atlantic:*|wdata[*]}] -to [get_registers {*}]
        Info (332166): set_false_path -from [get_registers {*|alt_jtag_atlantic:*|wdata[*]}] -to [get_registers {*}]
        Info (332166): set_false_path -from [get_registers {*|alt_jtag_atlantic:*|wdata[*]}] -to [get_registers {*}]
        Info (332166): set_false_path -from [get_registers {*|alt_jtag_atlantic:*|wdata[*]}] -to [get_registers {*}]
        Info (332166): set_false_path -from [get_registers {*|alt_jtag_atlantic:*|wdata[*]}] -to [get_registers {*}]
        Info (332166): set_false_path -from [get_registers {*|alt_jtag_atlantic:*|write}] -to [get_registers {*|alt_jtag_atlantic:*|write1*}] 
        Info (332166): set_false_path -from [get_registers {*|alt_jtag_atlantic:*|write_stalled}] -to [get_registers {*|alt_jtag_atlantic:*|t_ena*}]
        Info (332166): set_false_path -from [get_registers {*|alt_jtag_atlantic:*|write_stalled}] -to [get_registers {*|alt_jtag_atlantic:*|t_pause*}]
        Info (332166): set_false_path -from [get_registers {*|alt_jtag_atlantic:*|write_valid}]
    Info (332165): Entity altera_std_synchronizer
        Info (332166): set_false_path -to [get_keepers {*altera_std_synchronizer:*|din_s1}]
    Info (332165): Entity sld_jtag_hub
        Info (332166): create_clock -name altera_reserved_tck [get_ports {altera_reserved_tck}] -period 10MHz   
        Info (332166): set_clock_groups -asynchronous -group {altera_reserved_tck}
Info (332104): Reading SDC File: 'MPSoC/synthesis/submodules/altera_reset_controller.sdc'
Info (332104): Reading SDC File: 'MPSoC/synthesis/submodules/MPSoC_cpu0.sdc'
Info (332104): Reading SDC File: 'MPSoC/synthesis/submodules/MPSoC_cpu1.sdc'
Warning (332060): Node: INPUT_CLOCK was determined to be a clock but was found without an associated clock assignment.
Critical Warning (332168): The following clock transfers have no clock uncertainty assignment. For more accurate results, apply clock uncertainty assignments or use the derive_clock_uncertainty command.
    Critical Warning (332169): From altera_reserved_tck (Rise) to altera_reserved_tck (Rise) (setup and hold)
    Critical Warning (332169): From altera_reserved_tck (Rise) to altera_reserved_tck (Fall) (setup and hold)
    Critical Warning (332169): From altera_reserved_tck (Fall) to altera_reserved_tck (Fall) (setup and hold)
Info: Found TIMEQUEST_REPORT_SCRIPT_INCLUDE_DEFAULT_ANALYSIS = ON
Info: Analyzing Slow 1200mV 85C Model
Info (332146): Worst-case setup slack is 45.184
    Info (332119):     Slack       End Point TNS Clock 
    Info (332119): ========= =================== =====================
    Info (332119):    45.184               0.000 altera_reserved_tck 
Info (332146): Worst-case hold slack is 0.404
    Info (332119):     Slack       End Point TNS Clock 
    Info (332119): ========= =================== =====================
    Info (332119):     0.404               0.000 altera_reserved_tck 
Info (332146): Worst-case recovery slack is 45.396
    Info (332119):     Slack       End Point TNS Clock 
    Info (332119): ========= =================== =====================
    Info (332119):    45.396               0.000 altera_reserved_tck 
Info (332146): Worst-case removal slack is 1.219
    Info (332119):     Slack       End Point TNS Clock 
    Info (332119): ========= =================== =====================
    Info (332119):     1.219               0.000 altera_reserved_tck 
Info (332146): Worst-case minimum pulse width slack is 49.632
    Info (332119):     Slack       End Point TNS Clock 
    Info (332119): ========= =================== =====================
    Info (332119):    49.632               0.000 altera_reserved_tck 
Info (332114): Report Metastability: Found 4 synchronizer chains.
    Info (332114): Typical MTBF of Design is 1e+09 years or 3.15e+16 seconds.

    Info (332114): Number of Synchronizer Chains Found: 4
    Info (332114): Shortest Synchronizer Chain: 2 Registers
    Info (332114): Fraction of Chains for which MTBFs Could Not be Calculated: 0.000
    Info (332114): Worst Case Available Settling Time: 196.934 ns
    Info (332114): 
    Info (332114): Typical MTBF values are calculated based on the nominal silicon characteristics, at nominal operating conditions.
    Info (332114):   - Under typical conditions, an increase of 100ps in available settling time will increase MTBF values by a factor of 10.8
Info: Analyzing Slow 1200mV 0C Model
Info (334003): Started post-fitting delay annotation
Info (334004): Delay annotation completed successfully
Warning (332060): Node: INPUT_CLOCK was determined to be a clock but was found without an associated clock assignment.
Critical Warning (332168): The following clock transfers have no clock uncertainty assignment. For more accurate results, apply clock uncertainty assignments or use the derive_clock_uncertainty command.
    Critical Warning (332169): From altera_reserved_tck (Rise) to altera_reserved_tck (Rise) (setup and hold)
    Critical Warning (332169): From altera_reserved_tck (Rise) to altera_reserved_tck (Fall) (setup and hold)
    Critical Warning (332169): From altera_reserved_tck (Fall) to altera_reserved_tck (Fall) (setup and hold)
Info (332146): Worst-case setup slack is 45.580
    Info (332119):     Slack       End Point TNS Clock 
    Info (332119): ========= =================== =====================
    Info (332119):    45.580               0.000 altera_reserved_tck 
Info (332146): Worst-case hold slack is 0.355
    Info (332119):     Slack       End Point TNS Clock 
    Info (332119): ========= =================== =====================
    Info (332119):     0.355               0.000 altera_reserved_tck 
Info (332146): Worst-case recovery slack is 45.930
    Info (332119):     Slack       End Point TNS Clock 
    Info (332119): ========= =================== =====================
    Info (332119):    45.930               0.000 altera_reserved_tck 
Info (332146): Worst-case removal slack is 1.120
    Info (332119):     Slack       End Point TNS Clock 
    Info (332119): ========= =================== =====================
    Info (332119):     1.120               0.000 altera_reserved_tck 
Info (332146): Worst-case minimum pulse width slack is 49.577
    Info (332119):     Slack       End Point TNS Clock 
    Info (332119): ========= =================== =====================
    Info (332119):    49.577               0.000 altera_reserved_tck 
Info (332114): Report Metastability: Found 4 synchronizer chains.
    Info (332114): Typical MTBF of Design is 1e+09 years or 3.15e+16 seconds.

    Info (332114): Number of Synchronizer Chains Found: 4
    Info (332114): Shortest Synchronizer Chain: 2 Registers
    Info (332114): Fraction of Chains for which MTBFs Could Not be Calculated: 0.000
    Info (332114): Worst Case Available Settling Time: 197.225 ns
    Info (332114): 
    Info (332114): Typical MTBF values are calculated based on the nominal silicon characteristics, at nominal operating conditions.
    Info (332114):   - Under typical conditions, an increase of 100ps in available settling time will increase MTBF values by a factor of 10.8
Info: Analyzing Fast 1200mV 0C Model
Warning (332060): Node: INPUT_CLOCK was determined to be a clock but was found without an associated clock assignment.
Critical Warning (332168): The following clock transfers have no clock uncertainty assignment. For more accurate results, apply clock uncertainty assignments or use the derive_clock_uncertainty command.
    Critical Warning (332169): From altera_reserved_tck (Rise) to altera_reserved_tck (Rise) (setup and hold)
    Critical Warning (332169): From altera_reserved_tck (Rise) to altera_reserved_tck (Fall) (setup and hold)
    Critical Warning (332169): From altera_reserved_tck (Fall) to altera_reserved_tck (Fall) (setup and hold)
Info (332146): Worst-case setup slack is 47.732
    Info (332119):     Slack       End Point TNS Clock 
    Info (332119): ========= =================== =====================
    Info (332119):    47.732               0.000 altera_reserved_tck 
Info (332146): Worst-case hold slack is 0.180
    Info (332119):     Slack       End Point TNS Clock 
    Info (332119): ========= =================== =====================
    Info (332119):     0.180               0.000 altera_reserved_tck 
Info (332146): Worst-case recovery slack is 47.765
    Info (332119):     Slack       End Point TNS Clock 
    Info (332119): ========= =================== =====================
    Info (332119):    47.765               0.000 altera_reserved_tck 
Info (332146): Worst-case removal slack is 0.572
    Info (332119):     Slack       End Point TNS Clock 
    Info (332119): ========= =================== =====================
    Info (332119):     0.572               0.000 altera_reserved_tck 
Info (332146): Worst-case minimum pulse width slack is 49.473
    Info (332119):     Slack       End Point TNS Clock 
    Info (332119): ========= =================== =====================
    Info (332119):    49.473               0.000 altera_reserved_tck 
Info (332114): Report Metastability: Found 4 synchronizer chains.
    Info (332114): Typical MTBF of Design is 1e+09 years or 3.15e+16 seconds.

    Info (332114): Number of Synchronizer Chains Found: 4
    Info (332114): Shortest Synchronizer Chain: 2 Registers
    Info (332114): Fraction of Chains for which MTBFs Could Not be Calculated: 0.000
    Info (332114): Worst Case Available Settling Time: 198.534 ns
    Info (332114): 
    Info (332114): Typical MTBF values are calculated based on the nominal silicon characteristics, at nominal operating conditions.
    Info (332114):   - Under typical conditions, an increase of 100ps in available settling time will increase MTBF values by a factor of 10.8
Info (332102): Design is not fully constrained for setup requirements
Info (332102): Design is not fully constrained for hold requirements
Info: Quartus II 64-Bit TimeQuest Timing Analyzer was successful. 0 errors, 16 warnings
    Info: Peak virtual memory: 4746 megabytes
    Info: Processing ended: Mon Jan 26 08:40:05 2026
    Info: Elapsed time: 00:00:04
    Info: Total CPU time (on all processors): 00:00:03


