
**** Build of configuration Nios II for project crc_aaa ****

make all 
      3 [main] sh 31336 find_fast_cwd: WARNING: Couldn't compute FAST_CWD pointer.  Please report this problem to
the public mailing list cygwin@cygwin.com
      2 [main] sh 15292 find_fast_cwd: WARNING: Couldn't compute FAST_CWD pointer.  Please report this problem to
the public mailing list cygwin@cygwin.com
      1 [main] echo 35092 find_fast_cwd: WARNING: Couldn't compute FAST_CWD pointer.  Please report this problem to
Info: Building ../crc_aaa_bsp/
the public mailing list cygwin@cygwin.com
make --no-print-directory -C ../crc_aaa_bsp/
      3 [main] pwd 12460 find_fast_cwd: WARNING: Couldn't compute FAST_CWD pointer.  Please report this problem to
the public mailing list cygwin@cygwin.com
      2 [main] sh 30984 find_fast_cwd: WARNING: Couldn't compute FAST_CWD pointer.  Please report this problem to
the public mailing list cygwin@cygwin.com
      2 [main] echo 10064 find_fast_cwd: WARNING: Couldn't compute FAST_CWD pointer.  Please report this problem to
the public mailing list cygwin@cygwin.com
Compiling alt_alarm_start.c...
      4 [main] mkdir 33816 find_fast_cwd: WARNING: Couldn't compute FAST_CWD pointer.  Please report this problem to
the public mailing list cygwin@cygwin.com
nios2-elf-gcc -xc -MP -MMD -c  -I./HAL/inc -I. -I./drivers/inc -DSYSTEM_BUS_WIDTH=32 -pipe -D__hal__ -DALT_NO_INSTRUCTION_EMULATION -DALT_SINGLE_THREADED    -O0 -g -Wall  -mno-hw-div -mno-hw-mul -mno-hw-mulx   -o obj/HAL/src/alt_alarm_start.o HAL/src/alt_alarm_start.c
      2 [main] echo 20416 find_fast_cwd: WARNING: Couldn't compute FAST_CWD pointer.  Please report this problem to
the public mailing list cygwin@cygwin.com
Compiling alt_busy_sleep.c...
      2 [main] mkdir 25016 find_fast_cwd: WARNING: Couldn't compute FAST_CWD pointer.  Please report this problem to
the public mailing list cygwin@cygwin.com
nios2-elf-gcc -xc -MP -MMD -c  -I./HAL/inc -I. -I./drivers/inc -DSYSTEM_BUS_WIDTH=32 -pipe -D__hal__ -DALT_NO_INSTRUCTION_EMULATION -DALT_SINGLE_THREADED    -O0 -g -Wall  -mno-hw-div -mno-hw-mul -mno-hw-mulx   -o obj/HAL/src/alt_busy_sleep.o HAL/src/alt_busy_sleep.c
      2 [main] echo 2320 find_fast_cwd: WARNING: Couldn't compute FAST_CWD pointer.  Please report this problem to
Compiling alt_close.c...
the public mailing list cygwin@cygwin.com
      2 [main] mkdir 3756 find_fast_cwd: WARNING: Couldn't compute FAST_CWD pointer.  Please report this problem to
the public mailing list cygwin@cygwin.com
nios2-elf-gcc -xc -MP -MMD -c  -I./HAL/inc -I. -I./drivers/inc -DSYSTEM_BUS_WIDTH=32 -pipe -D__hal__ -DALT_NO_INSTRUCTION_EMULATION -DALT_SINGLE_THREADED    -O0 -g -Wall  -mno-hw-div -mno-hw-mul -mno-hw-mulx   -o obj/HAL/src/alt_close.o HAL/src/alt_close.c
      2 [main] echo 5100 find_fast_cwd: WARNING: Couldn't compute FAST_CWD pointer.  Please report this problem to
the public mailing list cygwin@cygwin.com
Compiling alt_dcache_flush.c...
      2 [main] mkdir 26368 find_fast_cwd: WARNING: Couldn't compute FAST_CWD pointer.  Please report this problem to
the public mailing list cygwin@cygwin.com
nios2-elf-gcc -xc -MP -MMD -c  -I./HAL/inc -I. -I./drivers/inc -DSYSTEM_BUS_WIDTH=32 -pipe -D__hal__ -DALT_NO_INSTRUCTION_EMULATION -DALT_SINGLE_THREADED    -O0 -g -Wall  -mno-hw-div -mno-hw-mul -mno-hw-mulx   -o obj/HAL/src/alt_dcache_flush.o HAL/src/alt_dcache_flush.c
      2 [main] echo 3816 find_fast_cwd: WARNING: Couldn't compute FAST_CWD pointer.  Please report this problem to
the public mailing list cygwin@cygwin.com
Compiling alt_dcache_flush_all.c...
      2 [main] mkdir 21148 find_fast_cwd: WARNING: Couldn't compute FAST_CWD pointer.  Please report this problem to
the public mailing list cygwin@cygwin.com
nios2-elf-gcc -xc -MP -MMD -c  -I./HAL/inc -I. -I./drivers/inc -DSYSTEM_BUS_WIDTH=32 -pipe -D__hal__ -DALT_NO_INSTRUCTION_EMULATION -DALT_SINGLE_THREADED    -O0 -g -Wall  -mno-hw-div -mno-hw-mul -mno-hw-mulx   -o obj/HAL/src/alt_dcache_flush_all.o HAL/src/alt_dcache_flush_all.c
      2 [main] echo 5728 find_fast_cwd: WARNING: Couldn't compute FAST_CWD pointer.  Please report this problem to
Compiling alt_dcache_flush_no_writeback.c...
the public mailing list cygwin@cygwin.com
      3 [main] mkdir 26448 find_fast_cwd: WARNING: Couldn't compute FAST_CWD pointer.  Please report this problem to
the public mailing list cygwin@cygwin.com
nios2-elf-gcc -xc -MP -MMD -c  -I./HAL/inc -I. -I./drivers/inc -DSYSTEM_BUS_WIDTH=32 -pipe -D__hal__ -DALT_NO_INSTRUCTION_EMULATION -DALT_SINGLE_THREADED    -O0 -g -Wall  -mno-hw-div -mno-hw-mul -mno-hw-mulx   -o obj/HAL/src/alt_dcache_flush_no_writeback.o HAL/src/alt_dcache_flush_no_writeback.c
      3 [main] echo 12984 find_fast_cwd: WARNING: Couldn't compute FAST_CWD pointer.  Please report this problem to
the public mailing list cygwin@cygwin.com
Compiling alt_dev.c...
      2 [main] mkdir 14032 find_fast_cwd: WARNING: Couldn't compute FAST_CWD pointer.  Please report this problem to
the public mailing list cygwin@cygwin.com
nios2-elf-gcc -xc -MP -MMD -c  -I./HAL/inc -I. -I./drivers/inc -DSYSTEM_BUS_WIDTH=32 -pipe -D__hal__ -DALT_NO_INSTRUCTION_EMULATION -DALT_SINGLE_THREADED    -O0 -g -Wall  -mno-hw-div -mno-hw-mul -mno-hw-mulx   -o obj/HAL/src/alt_dev.o HAL/src/alt_dev.c
      2 [main] echo 25564 find_fast_cwd: WARNING: Couldn't compute FAST_CWD pointer.  Please report this problem to
the public mailing list cygwin@cygwin.com
Compiling alt_dev_llist_insert.c...
      2 [main] mkdir 37604 find_fast_cwd: WARNING: Couldn't compute FAST_CWD pointer.  Please report this problem to
the public mailing list cygwin@cygwin.com
nios2-elf-gcc -xc -MP -MMD -c  -I./HAL/inc -I. -I./drivers/inc -DSYSTEM_BUS_WIDTH=32 -pipe -D__hal__ -DALT_NO_INSTRUCTION_EMULATION -DALT_SINGLE_THREADED    -O0 -g -Wall  -mno-hw-div -mno-hw-mul -mno-hw-mulx   -o obj/HAL/src/alt_dev_llist_insert.o HAL/src/alt_dev_llist_insert.c
      2 [main] echo 8908 find_fast_cwd: WARNING: Couldn't compute FAST_CWD pointer.  Please report this problem to
the public mailing list cygwin@cygwin.com
Compiling alt_dma_rxchan_open.c...
      2 [main] mkdir 38816 find_fast_cwd: WARNING: Couldn't compute FAST_CWD pointer.  Please report this problem to
the public mailing list cygwin@cygwin.com
nios2-elf-gcc -xc -MP -MMD -c  -I./HAL/inc -I. -I./drivers/inc -DSYSTEM_BUS_WIDTH=32 -pipe -D__hal__ -DALT_NO_INSTRUCTION_EMULATION -DALT_SINGLE_THREADED    -O0 -g -Wall  -mno-hw-div -mno-hw-mul -mno-hw-mulx   -o obj/HAL/src/alt_dma_rxchan_open.o HAL/src/alt_dma_rxchan_open.c
      2 [main] echo 30564 find_fast_cwd: WARNING: Couldn't compute FAST_CWD pointer.  Please report this problem to
the public mailing list cygwin@cygwin.com
Compiling alt_dma_txchan_open.c...
      2 [main] mkdir 15424 find_fast_cwd: WARNING: Couldn't compute FAST_CWD pointer.  Please report this problem to
the public mailing list cygwin@cygwin.com
nios2-elf-gcc -xc -MP -MMD -c  -I./HAL/inc -I. -I./drivers/inc -DSYSTEM_BUS_WIDTH=32 -pipe -D__hal__ -DALT_NO_INSTRUCTION_EMULATION -DALT_SINGLE_THREADED    -O0 -g -Wall  -mno-hw-div -mno-hw-mul -mno-hw-mulx   -o obj/HAL/src/alt_dma_txchan_open.o HAL/src/alt_dma_txchan_open.c
      2 [main] echo 30780 find_fast_cwd: WARNING: Couldn't compute FAST_CWD pointer.  Please report this problem to
Compiling alt_do_ctors.c...
the public mailing list cygwin@cygwin.com
      2 [main] mkdir 13568 find_fast_cwd: WARNING: Couldn't compute FAST_CWD pointer.  Please report this problem to
the public mailing list cygwin@cygwin.com
nios2-elf-gcc -xc -MP -MMD -c  -I./HAL/inc -I. -I./drivers/inc -DSYSTEM_BUS_WIDTH=32 -pipe -D__hal__ -DALT_NO_INSTRUCTION_EMULATION -DALT_SINGLE_THREADED    -O0 -g -Wall  -mno-hw-div -mno-hw-mul -mno-hw-mulx   -o obj/HAL/src/alt_do_ctors.o HAL/src/alt_do_ctors.c
      2 [main] echo 24560 find_fast_cwd: WARNING: Couldn't compute FAST_CWD pointer.  Please report this problem to
the public mailing list cygwin@cygwin.com
Compiling alt_do_dtors.c...
      2 [main] mkdir 39432 find_fast_cwd: WARNING: Couldn't compute FAST_CWD pointer.  Please report this problem to
the public mailing list cygwin@cygwin.com
nios2-elf-gcc -xc -MP -MMD -c  -I./HAL/inc -I. -I./drivers/inc -DSYSTEM_BUS_WIDTH=32 -pipe -D__hal__ -DALT_NO_INSTRUCTION_EMULATION -DALT_SINGLE_THREADED    -O0 -g -Wall  -mno-hw-div -mno-hw-mul -mno-hw-mulx   -o obj/HAL/src/alt_do_dtors.o HAL/src/alt_do_dtors.c
      2 [main] echo 7456 find_fast_cwd: WARNING: Couldn't compute FAST_CWD pointer.  Please report this problem to
Compiling alt_ecc_fatal_entry.S...
the public mailing list cygwin@cygwin.com
      2 [main] mkdir 40704 find_fast_cwd: WARNING: Couldn't compute FAST_CWD pointer.  Please report this problem to
the public mailing list cygwin@cygwin.com
nios2-elf-gcc -MP -MMD -c   -O0 -g -Wall  -mno-hw-div -mno-hw-mul -mno-hw-mulx    -I./HAL/inc -I. -I./drivers/inc -DSYSTEM_BUS_WIDTH=32 -pipe -D__hal__ -DALT_NO_INSTRUCTION_EMULATION -DALT_SINGLE_THREADED  -Wa,-gdwarf2  -o obj/HAL/src/alt_ecc_fatal_entry.o HAL/src/alt_ecc_fatal_entry.S
      2 [main] echo 33432 find_fast_cwd: WARNING: Couldn't compute FAST_CWD pointer.  Please report this problem to
the public mailing list cygwin@cygwin.com
Compiling alt_ecc_fatal_exception.c...
      3 [main] mkdir 17472 find_fast_cwd: WARNING: Couldn't compute FAST_CWD pointer.  Please report this problem to
the public mailing list cygwin@cygwin.com
nios2-elf-gcc -xc -MP -MMD -c  -I./HAL/inc -I. -I./drivers/inc -DSYSTEM_BUS_WIDTH=32 -pipe -D__hal__ -DALT_NO_INSTRUCTION_EMULATION -DALT_SINGLE_THREADED    -O0 -g -Wall  -mno-hw-div -mno-hw-mul -mno-hw-mulx   -o obj/HAL/src/alt_ecc_fatal_exception.o HAL/src/alt_ecc_fatal_exception.c
      2 [main] echo 23124 find_fast_cwd: WARNING: Couldn't compute FAST_CWD pointer.  Please report this problem to
Compiling alt_env_lock.c...
the public mailing list cygwin@cygwin.com
      2 [main] mkdir 28632 find_fast_cwd: WARNING: Couldn't compute FAST_CWD pointer.  Please report this problem to
the public mailing list cygwin@cygwin.com
nios2-elf-gcc -xc -MP -MMD -c  -I./HAL/inc -I. -I./drivers/inc -DSYSTEM_BUS_WIDTH=32 -pipe -D__hal__ -DALT_NO_INSTRUCTION_EMULATION -DALT_SINGLE_THREADED    -O0 -g -Wall  -mno-hw-div -mno-hw-mul -mno-hw-mulx   -o obj/HAL/src/alt_env_lock.o HAL/src/alt_env_lock.c
      2 [main] echo 19316 find_fast_cwd: WARNING: Couldn't compute FAST_CWD pointer.  Please report this problem to
Compiling alt_environ.c...
the public mailing list cygwin@cygwin.com
      2 [main] mkdir 32788 find_fast_cwd: WARNING: Couldn't compute FAST_CWD pointer.  Please report this problem to
the public mailing list cygwin@cygwin.com
nios2-elf-gcc -xc -MP -MMD -c  -I./HAL/inc -I. -I./drivers/inc -DSYSTEM_BUS_WIDTH=32 -pipe -D__hal__ -DALT_NO_INSTRUCTION_EMULATION -DALT_SINGLE_THREADED    -O0 -g -Wall  -mno-hw-div -mno-hw-mul -mno-hw-mulx   -o obj/HAL/src/alt_environ.o HAL/src/alt_environ.c
      2 [main] echo 27204 find_fast_cwd: WARNING: Couldn't compute FAST_CWD pointer.  Please report this problem to
the public mailing list cygwin@cygwin.com
Compiling alt_errno.c...
      2 [main] mkdir 8884 find_fast_cwd: WARNING: Couldn't compute FAST_CWD pointer.  Please report this problem to
the public mailing list cygwin@cygwin.com
nios2-elf-gcc -xc -MP -MMD -c  -I./HAL/inc -I. -I./drivers/inc -DSYSTEM_BUS_WIDTH=32 -pipe -D__hal__ -DALT_NO_INSTRUCTION_EMULATION -DALT_SINGLE_THREADED    -O0 -g -Wall  -mno-hw-div -mno-hw-mul -mno-hw-mulx   -o obj/HAL/src/alt_errno.o HAL/src/alt_errno.c
      2 [main] echo 12028 find_fast_cwd: WARNING: Couldn't compute FAST_CWD pointer.  Please report this problem to
Compiling alt_exception_entry.S...
the public mailing list cygwin@cygwin.com
      5 [main] mkdir 21940 find_fast_cwd: WARNING: Couldn't compute FAST_CWD pointer.  Please report this problem to
the public mailing list cygwin@cygwin.com
nios2-elf-gcc -MP -MMD -c   -O0 -g -Wall  -mno-hw-div -mno-hw-mul -mno-hw-mulx    -I./HAL/inc -I. -I./drivers/inc -DSYSTEM_BUS_WIDTH=32 -pipe -D__hal__ -DALT_NO_INSTRUCTION_EMULATION -DALT_SINGLE_THREADED  -Wa,-gdwarf2  -o obj/HAL/src/alt_exception_entry.o HAL/src/alt_exception_entry.S
      2 [main] echo 15100 find_fast_cwd: WARNING: Couldn't compute FAST_CWD pointer.  Please report this problem to
Compiling alt_exception_muldiv.S...
the public mailing list cygwin@cygwin.com
      2 [main] mkdir 39872 find_fast_cwd: WARNING: Couldn't compute FAST_CWD pointer.  Please report this problem to
the public mailing list cygwin@cygwin.com
nios2-elf-gcc -MP -MMD -c   -O0 -g -Wall  -mno-hw-div -mno-hw-mul -mno-hw-mulx    -I./HAL/inc -I. -I./drivers/inc -DSYSTEM_BUS_WIDTH=32 -pipe -D__hal__ -DALT_NO_INSTRUCTION_EMULATION -DALT_SINGLE_THREADED  -Wa,-gdwarf2  -o obj/HAL/src/alt_exception_muldiv.o HAL/src/alt_exception_muldiv.S
      2 [main] echo 37556 find_fast_cwd: WARNING: Couldn't compute FAST_CWD pointer.  Please report this problem to
the public mailing list cygwin@cygwin.com
Compiling alt_exception_trap.S...
      2 [main] mkdir 33116 find_fast_cwd: WARNING: Couldn't compute FAST_CWD pointer.  Please report this problem to
the public mailing list cygwin@cygwin.com
nios2-elf-gcc -MP -MMD -c   -O0 -g -Wall  -mno-hw-div -mno-hw-mul -mno-hw-mulx    -I./HAL/inc -I. -I./drivers/inc -DSYSTEM_BUS_WIDTH=32 -pipe -D__hal__ -DALT_NO_INSTRUCTION_EMULATION -DALT_SINGLE_THREADED  -Wa,-gdwarf2  -o obj/HAL/src/alt_exception_trap.o HAL/src/alt_exception_trap.S
      2 [main] echo 23184 find_fast_cwd: WARNING: Couldn't compute FAST_CWD pointer.  Please report this problem to
the public mailing list cygwin@cygwin.com
Compiling alt_execve.c...
      2 [main] mkdir 13252 find_fast_cwd: WARNING: Couldn't compute FAST_CWD pointer.  Please report this problem to
the public mailing list cygwin@cygwin.com
nios2-elf-gcc -xc -MP -MMD -c  -I./HAL/inc -I. -I./drivers/inc -DSYSTEM_BUS_WIDTH=32 -pipe -D__hal__ -DALT_NO_INSTRUCTION_EMULATION -DALT_SINGLE_THREADED    -O0 -g -Wall  -mno-hw-div -mno-hw-mul -mno-hw-mulx   -o obj/HAL/src/alt_execve.o HAL/src/alt_execve.c
      2 [main] echo 39468 find_fast_cwd: WARNING: Couldn't compute FAST_CWD pointer.  Please report this problem to
the public mailing list cygwin@cygwin.com
Compiling alt_exit.c...
      2 [main] mkdir 38636 find_fast_cwd: WARNING: Couldn't compute FAST_CWD pointer.  Please report this problem to
the public mailing list cygwin@cygwin.com
nios2-elf-gcc -xc -MP -MMD -c  -I./HAL/inc -I. -I./drivers/inc -DSYSTEM_BUS_WIDTH=32 -pipe -D__hal__ -DALT_NO_INSTRUCTION_EMULATION -DALT_SINGLE_THREADED    -O0 -g -Wall  -mno-hw-div -mno-hw-mul -mno-hw-mulx   -o obj/HAL/src/alt_exit.o HAL/src/alt_exit.c
      2 [main] echo 17864 find_fast_cwd: WARNING: Couldn't compute FAST_CWD pointer.  Please report this problem to
the public mailing list cygwin@cygwin.com
Compiling alt_fcntl.c...
      3 [main] mkdir 36488 find_fast_cwd: WARNING: Couldn't compute FAST_CWD pointer.  Please report this problem to
the public mailing list cygwin@cygwin.com
nios2-elf-gcc -xc -MP -MMD -c  -I./HAL/inc -I. -I./drivers/inc -DSYSTEM_BUS_WIDTH=32 -pipe -D__hal__ -DALT_NO_INSTRUCTION_EMULATION -DALT_SINGLE_THREADED    -O0 -g -Wall  -mno-hw-div -mno-hw-mul -mno-hw-mulx   -o obj/HAL/src/alt_fcntl.o HAL/src/alt_fcntl.c
      3 [main] echo 15436 find_fast_cwd: WARNING: Couldn't compute FAST_CWD pointer.  Please report this problem to
the public mailing list cygwin@cygwin.com
Compiling alt_fd_lock.c...
      3 [main] mkdir 38596 find_fast_cwd: WARNING: Couldn't compute FAST_CWD pointer.  Please report this problem to
the public mailing list cygwin@cygwin.com
nios2-elf-gcc -xc -MP -MMD -c  -I./HAL/inc -I. -I./drivers/inc -DSYSTEM_BUS_WIDTH=32 -pipe -D__hal__ -DALT_NO_INSTRUCTION_EMULATION -DALT_SINGLE_THREADED    -O0 -g -Wall  -mno-hw-div -mno-hw-mul -mno-hw-mulx   -o obj/HAL/src/alt_fd_lock.o HAL/src/alt_fd_lock.c
      2 [main] echo 1520 find_fast_cwd: WARNING: Couldn't compute FAST_CWD pointer.  Please report this problem to
the public mailing list cygwin@cygwin.com
Compiling alt_fd_unlock.c...
      2 [main] mkdir 34784 find_fast_cwd: WARNING: Couldn't compute FAST_CWD pointer.  Please report this problem to
the public mailing list cygwin@cygwin.com
nios2-elf-gcc -xc -MP -MMD -c  -I./HAL/inc -I. -I./drivers/inc -DSYSTEM_BUS_WIDTH=32 -pipe -D__hal__ -DALT_NO_INSTRUCTION_EMULATION -DALT_SINGLE_THREADED    -O0 -g -Wall  -mno-hw-div -mno-hw-mul -mno-hw-mulx   -o obj/HAL/src/alt_fd_unlock.o HAL/src/alt_fd_unlock.c
      2 [main] echo 36156 find_fast_cwd: WARNING: Couldn't compute FAST_CWD pointer.  Please report this problem to
the public mailing list cygwin@cygwin.com
Compiling alt_find_dev.c...
      2 [main] mkdir 4408 find_fast_cwd: WARNING: Couldn't compute FAST_CWD pointer.  Please report this problem to
the public mailing list cygwin@cygwin.com
nios2-elf-gcc -xc -MP -MMD -c  -I./HAL/inc -I. -I./drivers/inc -DSYSTEM_BUS_WIDTH=32 -pipe -D__hal__ -DALT_NO_INSTRUCTION_EMULATION -DALT_SINGLE_THREADED    -O0 -g -Wall  -mno-hw-div -mno-hw-mul -mno-hw-mulx   -o obj/HAL/src/alt_find_dev.o HAL/src/alt_find_dev.c
      2 [main] echo 24164 find_fast_cwd: WARNING: Couldn't compute FAST_CWD pointer.  Please report this problem to
the public mailing list cygwin@cygwin.com
Compiling alt_find_file.c...
      2 [main] mkdir 32260 find_fast_cwd: WARNING: Couldn't compute FAST_CWD pointer.  Please report this problem to
the public mailing list cygwin@cygwin.com
nios2-elf-gcc -xc -MP -MMD -c  -I./HAL/inc -I. -I./drivers/inc -DSYSTEM_BUS_WIDTH=32 -pipe -D__hal__ -DALT_NO_INSTRUCTION_EMULATION -DALT_SINGLE_THREADED    -O0 -g -Wall  -mno-hw-div -mno-hw-mul -mno-hw-mulx   -o obj/HAL/src/alt_find_file.o HAL/src/alt_find_file.c
      2 [main] echo 26224 find_fast_cwd: WARNING: Couldn't compute FAST_CWD pointer.  Please report this problem to
the public mailing list cygwin@cygwin.com
Compiling alt_flash_dev.c...
      1 [main] mkdir 37120 find_fast_cwd: WARNING: Couldn't compute FAST_CWD pointer.  Please report this problem to
the public mailing list cygwin@cygwin.com
nios2-elf-gcc -xc -MP -MMD -c  -I./HAL/inc -I. -I./drivers/inc -DSYSTEM_BUS_WIDTH=32 -pipe -D__hal__ -DALT_NO_INSTRUCTION_EMULATION -DALT_SINGLE_THREADED    -O0 -g -Wall  -mno-hw-div -mno-hw-mul -mno-hw-mulx   -o obj/HAL/src/alt_flash_dev.o HAL/src/alt_flash_dev.c
      2 [main] echo 37764 find_fast_cwd: WARNING: Couldn't compute FAST_CWD pointer.  Please report this problem to
the public mailing list cygwin@cygwin.com
Compiling alt_fork.c...
      2 [main] mkdir 41704 find_fast_cwd: WARNING: Couldn't compute FAST_CWD pointer.  Please report this problem to
the public mailing list cygwin@cygwin.com
nios2-elf-gcc -xc -MP -MMD -c  -I./HAL/inc -I. -I./drivers/inc -DSYSTEM_BUS_WIDTH=32 -pipe -D__hal__ -DALT_NO_INSTRUCTION_EMULATION -DALT_SINGLE_THREADED    -O0 -g -Wall  -mno-hw-div -mno-hw-mul -mno-hw-mulx   -o obj/HAL/src/alt_fork.o HAL/src/alt_fork.c
      2 [main] echo 36180 find_fast_cwd: WARNING: Couldn't compute FAST_CWD pointer.  Please report this problem to
Compiling alt_fs_reg.c...
the public mailing list cygwin@cygwin.com
      2 [main] mkdir 8984 find_fast_cwd: WARNING: Couldn't compute FAST_CWD pointer.  Please report this problem to
the public mailing list cygwin@cygwin.com
nios2-elf-gcc -xc -MP -MMD -c  -I./HAL/inc -I. -I./drivers/inc -DSYSTEM_BUS_WIDTH=32 -pipe -D__hal__ -DALT_NO_INSTRUCTION_EMULATION -DALT_SINGLE_THREADED    -O0 -g -Wall  -mno-hw-div -mno-hw-mul -mno-hw-mulx   -o obj/HAL/src/alt_fs_reg.o HAL/src/alt_fs_reg.c
      2 [main] echo 34872 find_fast_cwd: WARNING: Couldn't compute FAST_CWD pointer.  Please report this problem to
the public mailing list cygwin@cygwin.com
Compiling alt_fstat.c...
      2 [main] mkdir 38444 find_fast_cwd: WARNING: Couldn't compute FAST_CWD pointer.  Please report this problem to
the public mailing list cygwin@cygwin.com
nios2-elf-gcc -xc -MP -MMD -c  -I./HAL/inc -I. -I./drivers/inc -DSYSTEM_BUS_WIDTH=32 -pipe -D__hal__ -DALT_NO_INSTRUCTION_EMULATION -DALT_SINGLE_THREADED    -O0 -g -Wall  -mno-hw-div -mno-hw-mul -mno-hw-mulx   -o obj/HAL/src/alt_fstat.o HAL/src/alt_fstat.c
      2 [main] echo 6532 find_fast_cwd: WARNING: Couldn't compute FAST_CWD pointer.  Please report this problem to
the public mailing list cygwin@cygwin.com
Compiling alt_get_fd.c...
      2 [main] mkdir 29536 find_fast_cwd: WARNING: Couldn't compute FAST_CWD pointer.  Please report this problem to
the public mailing list cygwin@cygwin.com
nios2-elf-gcc -xc -MP -MMD -c  -I./HAL/inc -I. -I./drivers/inc -DSYSTEM_BUS_WIDTH=32 -pipe -D__hal__ -DALT_NO_INSTRUCTION_EMULATION -DALT_SINGLE_THREADED    -O0 -g -Wall  -mno-hw-div -mno-hw-mul -mno-hw-mulx   -o obj/HAL/src/alt_get_fd.o HAL/src/alt_get_fd.c
      2 [main] echo 29036 find_fast_cwd: WARNING: Couldn't compute FAST_CWD pointer.  Please report this problem to
the public mailing list cygwin@cygwin.com
Compiling alt_getchar.c...
      2 [main] mkdir 21484 find_fast_cwd: WARNING: Couldn't compute FAST_CWD pointer.  Please report this problem to
the public mailing list cygwin@cygwin.com
nios2-elf-gcc -xc -MP -MMD -c  -I./HAL/inc -I. -I./drivers/inc -DSYSTEM_BUS_WIDTH=32 -pipe -D__hal__ -DALT_NO_INSTRUCTION_EMULATION -DALT_SINGLE_THREADED    -O0 -g -Wall  -mno-hw-div -mno-hw-mul -mno-hw-mulx   -o obj/HAL/src/alt_getchar.o HAL/src/alt_getchar.c
      2 [main] echo 24004 find_fast_cwd: WARNING: Couldn't compute FAST_CWD pointer.  Please report this problem to
the public mailing list cygwin@cygwin.com
Compiling alt_getpid.c...
      2 [main] mkdir 38564 find_fast_cwd: WARNING: Couldn't compute FAST_CWD pointer.  Please report this problem to
the public mailing list cygwin@cygwin.com
nios2-elf-gcc -xc -MP -MMD -c  -I./HAL/inc -I. -I./drivers/inc -DSYSTEM_BUS_WIDTH=32 -pipe -D__hal__ -DALT_NO_INSTRUCTION_EMULATION -DALT_SINGLE_THREADED    -O0 -g -Wall  -mno-hw-div -mno-hw-mul -mno-hw-mulx   -o obj/HAL/src/alt_getpid.o HAL/src/alt_getpid.c
      5 [main] echo 22764 find_fast_cwd: WARNING: Couldn't compute FAST_CWD pointer.  Please report this problem to
Compiling alt_gettod.c...
the public mailing list cygwin@cygwin.com
      2 [main] mkdir 29548 find_fast_cwd: WARNING: Couldn't compute FAST_CWD pointer.  Please report this problem to
the public mailing list cygwin@cygwin.com
nios2-elf-gcc -xc -MP -MMD -c  -I./HAL/inc -I. -I./drivers/inc -DSYSTEM_BUS_WIDTH=32 -pipe -D__hal__ -DALT_NO_INSTRUCTION_EMULATION -DALT_SINGLE_THREADED    -O0 -g -Wall  -mno-hw-div -mno-hw-mul -mno-hw-mulx   -o obj/HAL/src/alt_gettod.o HAL/src/alt_gettod.c
      2 [main] echo 18932 find_fast_cwd: WARNING: Couldn't compute FAST_CWD pointer.  Please report this problem to
the public mailing list cygwin@cygwin.com
Compiling alt_gmon.c...
      2 [main] mkdir 33880 find_fast_cwd: WARNING: Couldn't compute FAST_CWD pointer.  Please report this problem to
the public mailing list cygwin@cygwin.com
nios2-elf-gcc -xc -MP -MMD -c  -I./HAL/inc -I. -I./drivers/inc -DSYSTEM_BUS_WIDTH=32 -pipe -D__hal__ -DALT_NO_INSTRUCTION_EMULATION -DALT_SINGLE_THREADED    -O0 -g -Wall  -mno-hw-div -mno-hw-mul -mno-hw-mulx   -o obj/HAL/src/alt_gmon.o HAL/src/alt_gmon.c
      2 [main] echo 4224 find_fast_cwd: WARNING: Couldn't compute FAST_CWD pointer.  Please report this problem to
the public mailing list cygwin@cygwin.com
Compiling alt_icache_flush.c...
      2 [main] mkdir 39628 find_fast_cwd: WARNING: Couldn't compute FAST_CWD pointer.  Please report this problem to
the public mailing list cygwin@cygwin.com
nios2-elf-gcc -xc -MP -MMD -c  -I./HAL/inc -I. -I./drivers/inc -DSYSTEM_BUS_WIDTH=32 -pipe -D__hal__ -DALT_NO_INSTRUCTION_EMULATION -DALT_SINGLE_THREADED    -O0 -g -Wall  -mno-hw-div -mno-hw-mul -mno-hw-mulx   -o obj/HAL/src/alt_icache_flush.o HAL/src/alt_icache_flush.c
      2 [main] echo 22392 find_fast_cwd: WARNING: Couldn't compute FAST_CWD pointer.  Please report this problem to
the public mailing list cygwin@cygwin.com
Compiling alt_icache_flush_all.c...
      2 [main] mkdir 30380 find_fast_cwd: WARNING: Couldn't compute FAST_CWD pointer.  Please report this problem to
the public mailing list cygwin@cygwin.com
nios2-elf-gcc -xc -MP -MMD -c  -I./HAL/inc -I. -I./drivers/inc -DSYSTEM_BUS_WIDTH=32 -pipe -D__hal__ -DALT_NO_INSTRUCTION_EMULATION -DALT_SINGLE_THREADED    -O0 -g -Wall  -mno-hw-div -mno-hw-mul -mno-hw-mulx   -o obj/HAL/src/alt_icache_flush_all.o HAL/src/alt_icache_flush_all.c
      2 [main] echo 8324 find_fast_cwd: WARNING: Couldn't compute FAST_CWD pointer.  Please report this problem to
the public mailing list cygwin@cygwin.com
Compiling alt_iic.c...
      2 [main] mkdir 27552 find_fast_cwd: WARNING: Couldn't compute FAST_CWD pointer.  Please report this problem to
the public mailing list cygwin@cygwin.com
nios2-elf-gcc -xc -MP -MMD -c  -I./HAL/inc -I. -I./drivers/inc -DSYSTEM_BUS_WIDTH=32 -pipe -D__hal__ -DALT_NO_INSTRUCTION_EMULATION -DALT_SINGLE_THREADED    -O0 -g -Wall  -mno-hw-div -mno-hw-mul -mno-hw-mulx   -o obj/HAL/src/alt_iic.o HAL/src/alt_iic.c
      2 [main] echo 40232 find_fast_cwd: WARNING: Couldn't compute FAST_CWD pointer.  Please report this problem to
the public mailing list cygwin@cygwin.com
Compiling alt_iic_isr_register.c...
      2 [main] mkdir 9596 find_fast_cwd: WARNING: Couldn't compute FAST_CWD pointer.  Please report this problem to
the public mailing list cygwin@cygwin.com
nios2-elf-gcc -xc -MP -MMD -c  -I./HAL/inc -I. -I./drivers/inc -DSYSTEM_BUS_WIDTH=32 -pipe -D__hal__ -DALT_NO_INSTRUCTION_EMULATION -DALT_SINGLE_THREADED    -O0 -g -Wall  -mno-hw-div -mno-hw-mul -mno-hw-mulx   -o obj/HAL/src/alt_iic_isr_register.o HAL/src/alt_iic_isr_register.c
      2 [main] echo 1604 find_fast_cwd: WARNING: Couldn't compute FAST_CWD pointer.  Please report this problem to
Compiling alt_instruction_exception_entry.c...
the public mailing list cygwin@cygwin.com
      2 [main] mkdir 25396 find_fast_cwd: WARNING: Couldn't compute FAST_CWD pointer.  Please report this problem to
the public mailing list cygwin@cygwin.com
nios2-elf-gcc -xc -MP -MMD -c  -I./HAL/inc -I. -I./drivers/inc -DSYSTEM_BUS_WIDTH=32 -pipe -D__hal__ -DALT_NO_INSTRUCTION_EMULATION -DALT_SINGLE_THREADED    -O0 -g -Wall  -mno-hw-div -mno-hw-mul -mno-hw-mulx   -o obj/HAL/src/alt_instruction_exception_entry.o HAL/src/alt_instruction_exception_entry.c
      2 [main] echo 27524 find_fast_cwd: WARNING: Couldn't compute FAST_CWD pointer.  Please report this problem to
the public mailing list cygwin@cygwin.com
Compiling alt_instruction_exception_register.c...
      2 [main] mkdir 24092 find_fast_cwd: WARNING: Couldn't compute FAST_CWD pointer.  Please report this problem to
the public mailing list cygwin@cygwin.com
nios2-elf-gcc -xc -MP -MMD -c  -I./HAL/inc -I. -I./drivers/inc -DSYSTEM_BUS_WIDTH=32 -pipe -D__hal__ -DALT_NO_INSTRUCTION_EMULATION -DALT_SINGLE_THREADED    -O0 -g -Wall  -mno-hw-div -mno-hw-mul -mno-hw-mulx   -o obj/HAL/src/alt_instruction_exception_register.o HAL/src/alt_instruction_exception_register.c
      3 [main] echo 20136 find_fast_cwd: WARNING: Couldn't compute FAST_CWD pointer.  Please report this problem to
the public mailing list cygwin@cygwin.com
Compiling alt_io_redirect.c...
      2 [main] mkdir 26780 find_fast_cwd: WARNING: Couldn't compute FAST_CWD pointer.  Please report this problem to
the public mailing list cygwin@cygwin.com
nios2-elf-gcc -xc -MP -MMD -c  -I./HAL/inc -I. -I./drivers/inc -DSYSTEM_BUS_WIDTH=32 -pipe -D__hal__ -DALT_NO_INSTRUCTION_EMULATION -DALT_SINGLE_THREADED    -O0 -g -Wall  -mno-hw-div -mno-hw-mul -mno-hw-mulx   -o obj/HAL/src/alt_io_redirect.o HAL/src/alt_io_redirect.c
      2 [main] echo 41208 find_fast_cwd: WARNING: Couldn't compute FAST_CWD pointer.  Please report this problem to
the public mailing list cygwin@cygwin.com
Compiling alt_ioctl.c...
      2 [main] mkdir 12796 find_fast_cwd: WARNING: Couldn't compute FAST_CWD pointer.  Please report this problem to
the public mailing list cygwin@cygwin.com
nios2-elf-gcc -xc -MP -MMD -c  -I./HAL/inc -I. -I./drivers/inc -DSYSTEM_BUS_WIDTH=32 -pipe -D__hal__ -DALT_NO_INSTRUCTION_EMULATION -DALT_SINGLE_THREADED    -O0 -g -Wall  -mno-hw-div -mno-hw-mul -mno-hw-mulx   -o obj/HAL/src/alt_ioctl.o HAL/src/alt_ioctl.c
      2 [main] echo 18304 find_fast_cwd: WARNING: Couldn't compute FAST_CWD pointer.  Please report this problem to
the public mailing list cygwin@cygwin.com
Compiling alt_irq_entry.S...
      2 [main] mkdir 27284 find_fast_cwd: WARNING: Couldn't compute FAST_CWD pointer.  Please report this problem to
the public mailing list cygwin@cygwin.com
nios2-elf-gcc -MP -MMD -c   -O0 -g -Wall  -mno-hw-div -mno-hw-mul -mno-hw-mulx    -I./HAL/inc -I. -I./drivers/inc -DSYSTEM_BUS_WIDTH=32 -pipe -D__hal__ -DALT_NO_INSTRUCTION_EMULATION -DALT_SINGLE_THREADED  -Wa,-gdwarf2  -o obj/HAL/src/alt_irq_entry.o HAL/src/alt_irq_entry.S
      2 [main] echo 27228 find_fast_cwd: WARNING: Couldn't compute FAST_CWD pointer.  Please report this problem to
the public mailing list cygwin@cygwin.com
Compiling alt_irq_handler.c...
      2 [main] mkdir 18032 find_fast_cwd: WARNING: Couldn't compute FAST_CWD pointer.  Please report this problem to
the public mailing list cygwin@cygwin.com
nios2-elf-gcc -xc -MP -MMD -c  -I./HAL/inc -I. -I./drivers/inc -DSYSTEM_BUS_WIDTH=32 -pipe -D__hal__ -DALT_NO_INSTRUCTION_EMULATION -DALT_SINGLE_THREADED    -O0 -g -Wall  -mno-hw-div -mno-hw-mul -mno-hw-mulx   -o obj/HAL/src/alt_irq_handler.o HAL/src/alt_irq_handler.c
      3 [main] echo 19552 find_fast_cwd: WARNING: Couldn't compute FAST_CWD pointer.  Please report this problem to
the public mailing list cygwin@cygwin.com
Compiling alt_irq_register.c...
      3 [main] mkdir 40048 find_fast_cwd: WARNING: Couldn't compute FAST_CWD pointer.  Please report this problem to
the public mailing list cygwin@cygwin.com
nios2-elf-gcc -xc -MP -MMD -c  -I./HAL/inc -I. -I./drivers/inc -DSYSTEM_BUS_WIDTH=32 -pipe -D__hal__ -DALT_NO_INSTRUCTION_EMULATION -DALT_SINGLE_THREADED    -O0 -g -Wall  -mno-hw-div -mno-hw-mul -mno-hw-mulx   -o obj/HAL/src/alt_irq_register.o HAL/src/alt_irq_register.c
      2 [main] echo 23852 find_fast_cwd: WARNING: Couldn't compute FAST_CWD pointer.  Please report this problem to
Compiling alt_irq_vars.c...
the public mailing list cygwin@cygwin.com
      2 [main] mkdir 39996 find_fast_cwd: WARNING: Couldn't compute FAST_CWD pointer.  Please report this problem to
the public mailing list cygwin@cygwin.com
nios2-elf-gcc -xc -MP -MMD -c  -I./HAL/inc -I. -I./drivers/inc -DSYSTEM_BUS_WIDTH=32 -pipe -D__hal__ -DALT_NO_INSTRUCTION_EMULATION -DALT_SINGLE_THREADED    -O0 -g -Wall  -mno-hw-div -mno-hw-mul -mno-hw-mulx   -o obj/HAL/src/alt_irq_vars.o HAL/src/alt_irq_vars.c
      2 [main] echo 41152 find_fast_cwd: WARNING: Couldn't compute FAST_CWD pointer.  Please report this problem to
Compiling alt_isatty.c...
the public mailing list cygwin@cygwin.com
      3 [main] mkdir 25724 find_fast_cwd: WARNING: Couldn't compute FAST_CWD pointer.  Please report this problem to
the public mailing list cygwin@cygwin.com
nios2-elf-gcc -xc -MP -MMD -c  -I./HAL/inc -I. -I./drivers/inc -DSYSTEM_BUS_WIDTH=32 -pipe -D__hal__ -DALT_NO_INSTRUCTION_EMULATION -DALT_SINGLE_THREADED    -O0 -g -Wall  -mno-hw-div -mno-hw-mul -mno-hw-mulx   -o obj/HAL/src/alt_isatty.o HAL/src/alt_isatty.c
      2 [main] echo 5648 find_fast_cwd: WARNING: Couldn't compute FAST_CWD pointer.  Please report this problem to
the public mailing list cygwin@cygwin.com
Compiling alt_kill.c...
      2 [main] mkdir 18124 find_fast_cwd: WARNING: Couldn't compute FAST_CWD pointer.  Please report this problem to
the public mailing list cygwin@cygwin.com
nios2-elf-gcc -xc -MP -MMD -c  -I./HAL/inc -I. -I./drivers/inc -DSYSTEM_BUS_WIDTH=32 -pipe -D__hal__ -DALT_NO_INSTRUCTION_EMULATION -DALT_SINGLE_THREADED    -O0 -g -Wall  -mno-hw-div -mno-hw-mul -mno-hw-mulx   -o obj/HAL/src/alt_kill.o HAL/src/alt_kill.c
      2 [main] echo 35620 find_fast_cwd: WARNING: Couldn't compute FAST_CWD pointer.  Please report this problem to
the public mailing list cygwin@cygwin.com
Compiling alt_link.c...
      2 [main] mkdir 18972 find_fast_cwd: WARNING: Couldn't compute FAST_CWD pointer.  Please report this problem to
the public mailing list cygwin@cygwin.com
nios2-elf-gcc -xc -MP -MMD -c  -I./HAL/inc -I. -I./drivers/inc -DSYSTEM_BUS_WIDTH=32 -pipe -D__hal__ -DALT_NO_INSTRUCTION_EMULATION -DALT_SINGLE_THREADED    -O0 -g -Wall  -mno-hw-div -mno-hw-mul -mno-hw-mulx   -o obj/HAL/src/alt_link.o HAL/src/alt_link.c
      2 [main] echo 3084 find_fast_cwd: WARNING: Couldn't compute FAST_CWD pointer.  Please report this problem to
the public mailing list cygwin@cygwin.com
Compiling alt_load.c...
      2 [main] mkdir 38064 find_fast_cwd: WARNING: Couldn't compute FAST_CWD pointer.  Please report this problem to
the public mailing list cygwin@cygwin.com
nios2-elf-gcc -xc -MP -MMD -c  -I./HAL/inc -I. -I./drivers/inc -DSYSTEM_BUS_WIDTH=32 -pipe -D__hal__ -DALT_NO_INSTRUCTION_EMULATION -DALT_SINGLE_THREADED    -O0 -g -Wall  -mno-hw-div -mno-hw-mul -mno-hw-mulx   -o obj/HAL/src/alt_load.o HAL/src/alt_load.c
HAL/src/alt_load.c: In function 'alt_load':
HAL/src/alt_load.c:62:21: warning: taking address of expression of type 'void' [enabled by default]
HAL/src/alt_load.c:63:19: warning: taking address of expression of type 'void' [enabled by default]
HAL/src/alt_load.c:64:19: warning: taking address of expression of type 'void' [enabled by default]
HAL/src/alt_load.c:70:21: warning: taking address of expression of type 'void' [enabled by default]
HAL/src/alt_load.c:71:19: warning: taking address of expression of type 'void' [enabled by default]
HAL/src/alt_load.c:72:19: warning: taking address of expression of type 'void' [enabled by default]
HAL/src/alt_load.c:78:21: warning: taking address of expression of type 'void' [enabled by default]
HAL/src/alt_load.c:79:19: warning: taking address of expression of type 'void' [enabled by default]
HAL/src/alt_load.c:80:19: warning: taking address of expression of type 'void' [enabled by default]
      2 [main] echo 24184 find_fast_cwd: WARNING: Couldn't compute FAST_CWD pointer.  Please report this problem to
Compiling alt_log_macro.S...
the public mailing list cygwin@cygwin.com
      2 [main] mkdir 37460 find_fast_cwd: WARNING: Couldn't compute FAST_CWD pointer.  Please report this problem to
the public mailing list cygwin@cygwin.com
nios2-elf-gcc -MP -MMD -c   -O0 -g -Wall  -mno-hw-div -mno-hw-mul -mno-hw-mulx    -I./HAL/inc -I. -I./drivers/inc -DSYSTEM_BUS_WIDTH=32 -pipe -D__hal__ -DALT_NO_INSTRUCTION_EMULATION -DALT_SINGLE_THREADED  -Wa,-gdwarf2  -o obj/HAL/src/alt_log_macro.o HAL/src/alt_log_macro.S
      2 [main] echo 40284 find_fast_cwd: WARNING: Couldn't compute FAST_CWD pointer.  Please report this problem to
the public mailing list cygwin@cygwin.com
Compiling alt_log_printf.c...
      2 [main] mkdir 37672 find_fast_cwd: WARNING: Couldn't compute FAST_CWD pointer.  Please report this problem to
the public mailing list cygwin@cygwin.com
nios2-elf-gcc -xc -MP -MMD -c  -I./HAL/inc -I. -I./drivers/inc -DSYSTEM_BUS_WIDTH=32 -pipe -D__hal__ -DALT_NO_INSTRUCTION_EMULATION -DALT_SINGLE_THREADED    -O0 -g -Wall  -mno-hw-div -mno-hw-mul -mno-hw-mulx   -o obj/HAL/src/alt_log_printf.o HAL/src/alt_log_printf.c
      2 [main] echo 31532 find_fast_cwd: WARNING: Couldn't compute FAST_CWD pointer.  Please report this problem to
the public mailing list cygwin@cygwin.com
Compiling alt_lseek.c...
      1 [main] mkdir 8580 find_fast_cwd: WARNING: Couldn't compute FAST_CWD pointer.  Please report this problem to
the public mailing list cygwin@cygwin.com
nios2-elf-gcc -xc -MP -MMD -c  -I./HAL/inc -I. -I./drivers/inc -DSYSTEM_BUS_WIDTH=32 -pipe -D__hal__ -DALT_NO_INSTRUCTION_EMULATION -DALT_SINGLE_THREADED    -O0 -g -Wall  -mno-hw-div -mno-hw-mul -mno-hw-mulx   -o obj/HAL/src/alt_lseek.o HAL/src/alt_lseek.c
      2 [main] echo 40340 find_fast_cwd: WARNING: Couldn't compute FAST_CWD pointer.  Please report this problem to
the public mailing list cygwin@cygwin.com
Compiling alt_main.c...
      2 [main] mkdir 33584 find_fast_cwd: WARNING: Couldn't compute FAST_CWD pointer.  Please report this problem to
the public mailing list cygwin@cygwin.com
nios2-elf-gcc -xc -MP -MMD -c  -I./HAL/inc -I. -I./drivers/inc -DSYSTEM_BUS_WIDTH=32 -pipe -D__hal__ -DALT_NO_INSTRUCTION_EMULATION -DALT_SINGLE_THREADED    -O0 -g -Wall  -mno-hw-div -mno-hw-mul -mno-hw-mulx   -o obj/HAL/src/alt_main.o HAL/src/alt_main.c
      2 [main] echo 29356 find_fast_cwd: WARNING: Couldn't compute FAST_CWD pointer.  Please report this problem to
the public mailing list cygwin@cygwin.com
Compiling alt_malloc_lock.c...
      2 [main] mkdir 19688 find_fast_cwd: WARNING: Couldn't compute FAST_CWD pointer.  Please report this problem to
the public mailing list cygwin@cygwin.com
nios2-elf-gcc -xc -MP -MMD -c  -I./HAL/inc -I. -I./drivers/inc -DSYSTEM_BUS_WIDTH=32 -pipe -D__hal__ -DALT_NO_INSTRUCTION_EMULATION -DALT_SINGLE_THREADED    -O0 -g -Wall  -mno-hw-div -mno-hw-mul -mno-hw-mulx   -o obj/HAL/src/alt_malloc_lock.o HAL/src/alt_malloc_lock.c
      2 [main] echo 40208 find_fast_cwd: WARNING: Couldn't compute FAST_CWD pointer.  Please report this problem to
the public mailing list cygwin@cygwin.com
Compiling alt_mcount.S...
      3 [main] mkdir 14120 find_fast_cwd: WARNING: Couldn't compute FAST_CWD pointer.  Please report this problem to
the public mailing list cygwin@cygwin.com
nios2-elf-gcc -MP -MMD -c   -O0 -g -Wall  -mno-hw-div -mno-hw-mul -mno-hw-mulx    -I./HAL/inc -I. -I./drivers/inc -DSYSTEM_BUS_WIDTH=32 -pipe -D__hal__ -DALT_NO_INSTRUCTION_EMULATION -DALT_SINGLE_THREADED  -Wa,-gdwarf2  -o obj/HAL/src/alt_mcount.o HAL/src/alt_mcount.S
      2 [main] echo 33108 find_fast_cwd: WARNING: Couldn't compute FAST_CWD pointer.  Please report this problem to
the public mailing list cygwin@cygwin.com
Compiling alt_open.c...
      2 [main] mkdir 24632 find_fast_cwd: WARNING: Couldn't compute FAST_CWD pointer.  Please report this problem to
the public mailing list cygwin@cygwin.com
nios2-elf-gcc -xc -MP -MMD -c  -I./HAL/inc -I. -I./drivers/inc -DSYSTEM_BUS_WIDTH=32 -pipe -D__hal__ -DALT_NO_INSTRUCTION_EMULATION -DALT_SINGLE_THREADED    -O0 -g -Wall  -mno-hw-div -mno-hw-mul -mno-hw-mulx   -o obj/HAL/src/alt_open.o HAL/src/alt_open.c
      2 [main] echo 19056 find_fast_cwd: WARNING: Couldn't compute FAST_CWD pointer.  Please report this problem to
the public mailing list cygwin@cygwin.com
Compiling alt_printf.c...
      2 [main] mkdir 35080 find_fast_cwd: WARNING: Couldn't compute FAST_CWD pointer.  Please report this problem to
the public mailing list cygwin@cygwin.com
nios2-elf-gcc -xc -MP -MMD -c  -I./HAL/inc -I. -I./drivers/inc -DSYSTEM_BUS_WIDTH=32 -pipe -D__hal__ -DALT_NO_INSTRUCTION_EMULATION -DALT_SINGLE_THREADED    -O0 -g -Wall  -mno-hw-div -mno-hw-mul -mno-hw-mulx   -o obj/HAL/src/alt_printf.o HAL/src/alt_printf.c
      2 [main] echo 19504 find_fast_cwd: WARNING: Couldn't compute FAST_CWD pointer.  Please report this problem to
Compiling alt_putchar.c...
the public mailing list cygwin@cygwin.com
      2 [main] mkdir 40628 find_fast_cwd: WARNING: Couldn't compute FAST_CWD pointer.  Please report this problem to
the public mailing list cygwin@cygwin.com
nios2-elf-gcc -xc -MP -MMD -c  -I./HAL/inc -I. -I./drivers/inc -DSYSTEM_BUS_WIDTH=32 -pipe -D__hal__ -DALT_NO_INSTRUCTION_EMULATION -DALT_SINGLE_THREADED    -O0 -g -Wall  -mno-hw-div -mno-hw-mul -mno-hw-mulx   -o obj/HAL/src/alt_putchar.o HAL/src/alt_putchar.c
      2 [main] echo 30484 find_fast_cwd: WARNING: Couldn't compute FAST_CWD pointer.  Please report this problem to
Compiling alt_putstr.c...
the public mailing list cygwin@cygwin.com
      2 [main] mkdir 35516 find_fast_cwd: WARNING: Couldn't compute FAST_CWD pointer.  Please report this problem to
the public mailing list cygwin@cygwin.com
nios2-elf-gcc -xc -MP -MMD -c  -I./HAL/inc -I. -I./drivers/inc -DSYSTEM_BUS_WIDTH=32 -pipe -D__hal__ -DALT_NO_INSTRUCTION_EMULATION -DALT_SINGLE_THREADED    -O0 -g -Wall  -mno-hw-div -mno-hw-mul -mno-hw-mulx   -o obj/HAL/src/alt_putstr.o HAL/src/alt_putstr.c
      2 [main] echo 36076 find_fast_cwd: WARNING: Couldn't compute FAST_CWD pointer.  Please report this problem to
the public mailing list cygwin@cygwin.com
Compiling alt_read.c...
      1 [main] mkdir 9984 find_fast_cwd: WARNING: Couldn't compute FAST_CWD pointer.  Please report this problem to
the public mailing list cygwin@cygwin.com
nios2-elf-gcc -xc -MP -MMD -c  -I./HAL/inc -I. -I./drivers/inc -DSYSTEM_BUS_WIDTH=32 -pipe -D__hal__ -DALT_NO_INSTRUCTION_EMULATION -DALT_SINGLE_THREADED    -O0 -g -Wall  -mno-hw-div -mno-hw-mul -mno-hw-mulx   -o obj/HAL/src/alt_read.o HAL/src/alt_read.c
      2 [main] echo 31864 find_fast_cwd: WARNING: Couldn't compute FAST_CWD pointer.  Please report this problem to
Compiling alt_release_fd.c...
the public mailing list cygwin@cygwin.com
      2 [main] mkdir 10144 find_fast_cwd: WARNING: Couldn't compute FAST_CWD pointer.  Please report this problem to
the public mailing list cygwin@cygwin.com
nios2-elf-gcc -xc -MP -MMD -c  -I./HAL/inc -I. -I./drivers/inc -DSYSTEM_BUS_WIDTH=32 -pipe -D__hal__ -DALT_NO_INSTRUCTION_EMULATION -DALT_SINGLE_THREADED    -O0 -g -Wall  -mno-hw-div -mno-hw-mul -mno-hw-mulx   -o obj/HAL/src/alt_release_fd.o HAL/src/alt_release_fd.c
      2 [main] echo 36888 find_fast_cwd: WARNING: Couldn't compute FAST_CWD pointer.  Please report this problem to
the public mailing list cygwin@cygwin.com
Compiling alt_remap_cached.c...
      2 [main] mkdir 2620 find_fast_cwd: WARNING: Couldn't compute FAST_CWD pointer.  Please report this problem to
the public mailing list cygwin@cygwin.com
nios2-elf-gcc -xc -MP -MMD -c  -I./HAL/inc -I. -I./drivers/inc -DSYSTEM_BUS_WIDTH=32 -pipe -D__hal__ -DALT_NO_INSTRUCTION_EMULATION -DALT_SINGLE_THREADED    -O0 -g -Wall  -mno-hw-div -mno-hw-mul -mno-hw-mulx   -o obj/HAL/src/alt_remap_cached.o HAL/src/alt_remap_cached.c
      2 [main] echo 40504 find_fast_cwd: WARNING: Couldn't compute FAST_CWD pointer.  Please report this problem to
the public mailing list cygwin@cygwin.com
Compiling alt_remap_uncached.c...
      3 [main] mkdir 4788 find_fast_cwd: WARNING: Couldn't compute FAST_CWD pointer.  Please report this problem to
the public mailing list cygwin@cygwin.com
nios2-elf-gcc -xc -MP -MMD -c  -I./HAL/inc -I. -I./drivers/inc -DSYSTEM_BUS_WIDTH=32 -pipe -D__hal__ -DALT_NO_INSTRUCTION_EMULATION -DALT_SINGLE_THREADED    -O0 -g -Wall  -mno-hw-div -mno-hw-mul -mno-hw-mulx   -o obj/HAL/src/alt_remap_uncached.o HAL/src/alt_remap_uncached.c
      2 [main] echo 26868 find_fast_cwd: WARNING: Couldn't compute FAST_CWD pointer.  Please report this problem to
the public mailing list cygwin@cygwin.com
Compiling alt_rename.c...
      2 [main] mkdir 15092 find_fast_cwd: WARNING: Couldn't compute FAST_CWD pointer.  Please report this problem to
the public mailing list cygwin@cygwin.com
nios2-elf-gcc -xc -MP -MMD -c  -I./HAL/inc -I. -I./drivers/inc -DSYSTEM_BUS_WIDTH=32 -pipe -D__hal__ -DALT_NO_INSTRUCTION_EMULATION -DALT_SINGLE_THREADED    -O0 -g -Wall  -mno-hw-div -mno-hw-mul -mno-hw-mulx   -o obj/HAL/src/alt_rename.o HAL/src/alt_rename.c
      2 [main] echo 29004 find_fast_cwd: WARNING: Couldn't compute FAST_CWD pointer.  Please report this problem to
the public mailing list cygwin@cygwin.com
Compiling alt_sbrk.c...
      2 [main] mkdir 11744 find_fast_cwd: WARNING: Couldn't compute FAST_CWD pointer.  Please report this problem to
nios2-elf-gcc -xc -MP -MMD -c  -I./HAL/inc -I. -I./drivers/inc -DSYSTEM_BUS_WIDTH=32 -pipe -D__hal__ -DALT_NO_INSTRUCTION_EMULATION -DALT_SINGLE_THREADED    -O0 -g -Wall  -mno-hw-div -mno-hw-mul -mno-hw-mulx   -o obj/HAL/src/alt_sbrk.o HAL/src/alt_sbrk.c
the public mailing list cygwin@cygwin.com
      2 [main] echo 12420 find_fast_cwd: WARNING: Couldn't compute FAST_CWD pointer.  Please report this problem to
Compiling alt_settod.c...
the public mailing list cygwin@cygwin.com
      2 [main] mkdir 28816 find_fast_cwd: WARNING: Couldn't compute FAST_CWD pointer.  Please report this problem to
the public mailing list cygwin@cygwin.com
nios2-elf-gcc -xc -MP -MMD -c  -I./HAL/inc -I. -I./drivers/inc -DSYSTEM_BUS_WIDTH=32 -pipe -D__hal__ -DALT_NO_INSTRUCTION_EMULATION -DALT_SINGLE_THREADED    -O0 -g -Wall  -mno-hw-div -mno-hw-mul -mno-hw-mulx   -o obj/HAL/src/alt_settod.o HAL/src/alt_settod.c
      2 [main] echo 24044 find_fast_cwd: WARNING: Couldn't compute FAST_CWD pointer.  Please report this problem to
the public mailing list cygwin@cygwin.com
Compiling alt_software_exception.S...
      2 [main] mkdir 37220 find_fast_cwd: WARNING: Couldn't compute FAST_CWD pointer.  Please report this problem to
the public mailing list cygwin@cygwin.com
nios2-elf-gcc -MP -MMD -c   -O0 -g -Wall  -mno-hw-div -mno-hw-mul -mno-hw-mulx    -I./HAL/inc -I. -I./drivers/inc -DSYSTEM_BUS_WIDTH=32 -pipe -D__hal__ -DALT_NO_INSTRUCTION_EMULATION -DALT_SINGLE_THREADED  -Wa,-gdwarf2  -o obj/HAL/src/alt_software_exception.o HAL/src/alt_software_exception.S
      2 [main] echo 768 find_fast_cwd: WARNING: Couldn't compute FAST_CWD pointer.  Please report this problem to
the public mailing list cygwin@cygwin.com
Compiling alt_stat.c...
      2 [main] mkdir 17748 find_fast_cwd: WARNING: Couldn't compute FAST_CWD pointer.  Please report this problem to
the public mailing list cygwin@cygwin.com
nios2-elf-gcc -xc -MP -MMD -c  -I./HAL/inc -I. -I./drivers/inc -DSYSTEM_BUS_WIDTH=32 -pipe -D__hal__ -DALT_NO_INSTRUCTION_EMULATION -DALT_SINGLE_THREADED    -O0 -g -Wall  -mno-hw-div -mno-hw-mul -mno-hw-mulx   -o obj/HAL/src/alt_stat.o HAL/src/alt_stat.c
      2 [main] echo 17340 find_fast_cwd: WARNING: Couldn't compute FAST_CWD pointer.  Please report this problem to
the public mailing list cygwin@cygwin.com
Compiling alt_tick.c...
      2 [main] mkdir 40832 find_fast_cwd: WARNING: Couldn't compute FAST_CWD pointer.  Please report this problem to
the public mailing list cygwin@cygwin.com
nios2-elf-gcc -xc -MP -MMD -c  -I./HAL/inc -I. -I./drivers/inc -DSYSTEM_BUS_WIDTH=32 -pipe -D__hal__ -DALT_NO_INSTRUCTION_EMULATION -DALT_SINGLE_THREADED    -O0 -g -Wall  -mno-hw-div -mno-hw-mul -mno-hw-mulx   -o obj/HAL/src/alt_tick.o HAL/src/alt_tick.c
      2 [main] echo 37444 find_fast_cwd: WARNING: Couldn't compute FAST_CWD pointer.  Please report this problem to
the public mailing list cygwin@cygwin.com
Compiling alt_times.c...
      2 [main] mkdir 8968 find_fast_cwd: WARNING: Couldn't compute FAST_CWD pointer.  Please report this problem to
the public mailing list cygwin@cygwin.com
nios2-elf-gcc -xc -MP -MMD -c  -I./HAL/inc -I. -I./drivers/inc -DSYSTEM_BUS_WIDTH=32 -pipe -D__hal__ -DALT_NO_INSTRUCTION_EMULATION -DALT_SINGLE_THREADED    -O0 -g -Wall  -mno-hw-div -mno-hw-mul -mno-hw-mulx   -o obj/HAL/src/alt_times.o HAL/src/alt_times.c
      2 [main] echo 22516 find_fast_cwd: WARNING: Couldn't compute FAST_CWD pointer.  Please report this problem to
the public mailing list cygwin@cygwin.com
Compiling alt_uncached_free.c...
      2 [main] mkdir 42040 find_fast_cwd: WARNING: Couldn't compute FAST_CWD pointer.  Please report this problem to
the public mailing list cygwin@cygwin.com
nios2-elf-gcc -xc -MP -MMD -c  -I./HAL/inc -I. -I./drivers/inc -DSYSTEM_BUS_WIDTH=32 -pipe -D__hal__ -DALT_NO_INSTRUCTION_EMULATION -DALT_SINGLE_THREADED    -O0 -g -Wall  -mno-hw-div -mno-hw-mul -mno-hw-mulx   -o obj/HAL/src/alt_uncached_free.o HAL/src/alt_uncached_free.c
     18 [main] echo 33204 find_fast_cwd: WARNING: Couldn't compute FAST_CWD pointer.  Please report this problem to
the public mailing list cygwin@cygwin.com
Compiling alt_uncached_malloc.c...
      2 [main] mkdir 22148 find_fast_cwd: WARNING: Couldn't compute FAST_CWD pointer.  Please report this problem to
the public mailing list cygwin@cygwin.com
nios2-elf-gcc -xc -MP -MMD -c  -I./HAL/inc -I. -I./drivers/inc -DSYSTEM_BUS_WIDTH=32 -pipe -D__hal__ -DALT_NO_INSTRUCTION_EMULATION -DALT_SINGLE_THREADED    -O0 -g -Wall  -mno-hw-div -mno-hw-mul -mno-hw-mulx   -o obj/HAL/src/alt_uncached_malloc.o HAL/src/alt_uncached_malloc.c
      2 [main] echo 28388 find_fast_cwd: WARNING: Couldn't compute FAST_CWD pointer.  Please report this problem to
the public mailing list cygwin@cygwin.com
Compiling alt_unlink.c...
      2 [main] mkdir 18020 find_fast_cwd: WARNING: Couldn't compute FAST_CWD pointer.  Please report this problem to
the public mailing list cygwin@cygwin.com
nios2-elf-gcc -xc -MP -MMD -c  -I./HAL/inc -I. -I./drivers/inc -DSYSTEM_BUS_WIDTH=32 -pipe -D__hal__ -DALT_NO_INSTRUCTION_EMULATION -DALT_SINGLE_THREADED    -O0 -g -Wall  -mno-hw-div -mno-hw-mul -mno-hw-mulx   -o obj/HAL/src/alt_unlink.o HAL/src/alt_unlink.c
      3 [main] echo 13768 find_fast_cwd: WARNING: Couldn't compute FAST_CWD pointer.  Please report this problem to
the public mailing list cygwin@cygwin.com
Compiling alt_usleep.c...
      2 [main] mkdir 4868 find_fast_cwd: WARNING: Couldn't compute FAST_CWD pointer.  Please report this problem to
the public mailing list cygwin@cygwin.com
nios2-elf-gcc -xc -MP -MMD -c  -I./HAL/inc -I. -I./drivers/inc -DSYSTEM_BUS_WIDTH=32 -pipe -D__hal__ -DALT_NO_INSTRUCTION_EMULATION -DALT_SINGLE_THREADED    -O0 -g -Wall  -mno-hw-div -mno-hw-mul -mno-hw-mulx   -o obj/HAL/src/alt_usleep.o HAL/src/alt_usleep.c
      2 [main] echo 41856 find_fast_cwd: WARNING: Couldn't compute FAST_CWD pointer.  Please report this problem to
the public mailing list cygwin@cygwin.com
Compiling alt_wait.c...
      2 [main] mkdir 30064 find_fast_cwd: WARNING: Couldn't compute FAST_CWD pointer.  Please report this problem to
the public mailing list cygwin@cygwin.com
nios2-elf-gcc -xc -MP -MMD -c  -I./HAL/inc -I. -I./drivers/inc -DSYSTEM_BUS_WIDTH=32 -pipe -D__hal__ -DALT_NO_INSTRUCTION_EMULATION -DALT_SINGLE_THREADED    -O0 -g -Wall  -mno-hw-div -mno-hw-mul -mno-hw-mulx   -o obj/HAL/src/alt_wait.o HAL/src/alt_wait.c
      2 [main] echo 2204 find_fast_cwd: WARNING: Couldn't compute FAST_CWD pointer.  Please report this problem to
the public mailing list cygwin@cygwin.com
Compiling alt_write.c...
      1 [main] mkdir 28056 find_fast_cwd: WARNING: Couldn't compute FAST_CWD pointer.  Please report this problem to
the public mailing list cygwin@cygwin.com
nios2-elf-gcc -xc -MP -MMD -c  -I./HAL/inc -I. -I./drivers/inc -DSYSTEM_BUS_WIDTH=32 -pipe -D__hal__ -DALT_NO_INSTRUCTION_EMULATION -DALT_SINGLE_THREADED    -O0 -g -Wall  -mno-hw-div -mno-hw-mul -mno-hw-mulx   -o obj/HAL/src/alt_write.o HAL/src/alt_write.c
      2 [main] echo 8676 find_fast_cwd: WARNING: Couldn't compute FAST_CWD pointer.  Please report this problem to
Compiling altera_nios2_qsys_irq.c...
the public mailing list cygwin@cygwin.com
      2 [main] mkdir 33964 find_fast_cwd: WARNING: Couldn't compute FAST_CWD pointer.  Please report this problem to
the public mailing list cygwin@cygwin.com
nios2-elf-gcc -xc -MP -MMD -c  -I./HAL/inc -I. -I./drivers/inc -DSYSTEM_BUS_WIDTH=32 -pipe -D__hal__ -DALT_NO_INSTRUCTION_EMULATION -DALT_SINGLE_THREADED    -O0 -g -Wall  -mno-hw-div -mno-hw-mul -mno-hw-mulx   -o obj/HAL/src/altera_nios2_qsys_irq.o HAL/src/altera_nios2_qsys_irq.c
      2 [main] echo 13556 find_fast_cwd: WARNING: Couldn't compute FAST_CWD pointer.  Please report this problem to
Compiling crt0.S...
the public mailing list cygwin@cygwin.com
      2 [main] mkdir 28308 find_fast_cwd: WARNING: Couldn't compute FAST_CWD pointer.  Please report this problem to
the public mailing list cygwin@cygwin.com
nios2-elf-gcc -MP -MMD -c   -O0 -g -Wall  -mno-hw-div -mno-hw-mul -mno-hw-mulx    -I./HAL/inc -I. -I./drivers/inc -DSYSTEM_BUS_WIDTH=32 -pipe -D__hal__ -DALT_NO_INSTRUCTION_EMULATION -DALT_SINGLE_THREADED  -Wa,-gdwarf2  -o obj/HAL/src/crt0.o HAL/src/crt0.S
      2 [main] echo 23660 find_fast_cwd: WARNING: Couldn't compute FAST_CWD pointer.  Please report this problem to
the public mailing list cygwin@cygwin.com
Compiling alt_sys_init.c...
      2 [main] mkdir 39976 find_fast_cwd: WARNING: Couldn't compute FAST_CWD pointer.  Please report this problem to
the public mailing list cygwin@cygwin.com
nios2-elf-gcc -xc -MP -MMD -c  -I./HAL/inc -I. -I./drivers/inc -DSYSTEM_BUS_WIDTH=32 -pipe -D__hal__ -DALT_NO_INSTRUCTION_EMULATION -DALT_SINGLE_THREADED    -O0 -g -Wall  -mno-hw-div -mno-hw-mul -mno-hw-mulx   -o obj/alt_sys_init.o alt_sys_init.c
      2 [main] echo 23312 find_fast_cwd: WARNING: Couldn't compute FAST_CWD pointer.  Please report this problem to
Compiling altera_avalon_jtag_uart_fd.c...
the public mailing list cygwin@cygwin.com
      2 [main] mkdir 38940 find_fast_cwd: WARNING: Couldn't compute FAST_CWD pointer.  Please report this problem to
the public mailing list cygwin@cygwin.com
nios2-elf-gcc -xc -MP -MMD -c  -I./HAL/inc -I. -I./drivers/inc -DSYSTEM_BUS_WIDTH=32 -pipe -D__hal__ -DALT_NO_INSTRUCTION_EMULATION -DALT_SINGLE_THREADED    -O0 -g -Wall  -mno-hw-div -mno-hw-mul -mno-hw-mulx   -o obj/drivers/src/altera_avalon_jtag_uart_fd.o drivers/src/altera_avalon_jtag_uart_fd.c
      2 [main] echo 19116 find_fast_cwd: WARNING: Couldn't compute FAST_CWD pointer.  Please report this problem to
the public mailing list cygwin@cygwin.com
Compiling altera_avalon_jtag_uart_init.c...
      2 [main] mkdir 35572 find_fast_cwd: WARNING: Couldn't compute FAST_CWD pointer.  Please report this problem to
the public mailing list cygwin@cygwin.com
nios2-elf-gcc -xc -MP -MMD -c  -I./HAL/inc -I. -I./drivers/inc -DSYSTEM_BUS_WIDTH=32 -pipe -D__hal__ -DALT_NO_INSTRUCTION_EMULATION -DALT_SINGLE_THREADED    -O0 -g -Wall  -mno-hw-div -mno-hw-mul -mno-hw-mulx   -o obj/drivers/src/altera_avalon_jtag_uart_init.o drivers/src/altera_avalon_jtag_uart_init.c
      2 [main] echo 2328 find_fast_cwd: WARNING: Couldn't compute FAST_CWD pointer.  Please report this problem to
the public mailing list cygwin@cygwin.com
Compiling altera_avalon_jtag_uart_ioctl.c...
      2 [main] mkdir 42780 find_fast_cwd: WARNING: Couldn't compute FAST_CWD pointer.  Please report this problem to
the public mailing list cygwin@cygwin.com
nios2-elf-gcc -xc -MP -MMD -c  -I./HAL/inc -I. -I./drivers/inc -DSYSTEM_BUS_WIDTH=32 -pipe -D__hal__ -DALT_NO_INSTRUCTION_EMULATION -DALT_SINGLE_THREADED    -O0 -g -Wall  -mno-hw-div -mno-hw-mul -mno-hw-mulx   -o obj/drivers/src/altera_avalon_jtag_uart_ioctl.o drivers/src/altera_avalon_jtag_uart_ioctl.c
      2 [main] echo 17572 find_fast_cwd: WARNING: Couldn't compute FAST_CWD pointer.  Please report this problem to
the public mailing list cygwin@cygwin.com
Compiling altera_avalon_jtag_uart_read.c...
      2 [main] mkdir 21900 find_fast_cwd: WARNING: Couldn't compute FAST_CWD pointer.  Please report this problem to
the public mailing list cygwin@cygwin.com
nios2-elf-gcc -xc -MP -MMD -c  -I./HAL/inc -I. -I./drivers/inc -DSYSTEM_BUS_WIDTH=32 -pipe -D__hal__ -DALT_NO_INSTRUCTION_EMULATION -DALT_SINGLE_THREADED    -O0 -g -Wall  -mno-hw-div -mno-hw-mul -mno-hw-mulx   -o obj/drivers/src/altera_avalon_jtag_uart_read.o drivers/src/altera_avalon_jtag_uart_read.c
      2 [main] echo 13600 find_fast_cwd: WARNING: Couldn't compute FAST_CWD pointer.  Please report this problem to
Compiling altera_avalon_jtag_uart_write.c...
the public mailing list cygwin@cygwin.com
      2 [main] mkdir 1884 find_fast_cwd: WARNING: Couldn't compute FAST_CWD pointer.  Please report this problem to
the public mailing list cygwin@cygwin.com
nios2-elf-gcc -xc -MP -MMD -c  -I./HAL/inc -I. -I./drivers/inc -DSYSTEM_BUS_WIDTH=32 -pipe -D__hal__ -DALT_NO_INSTRUCTION_EMULATION -DALT_SINGLE_THREADED    -O0 -g -Wall  -mno-hw-div -mno-hw-mul -mno-hw-mulx   -o obj/drivers/src/altera_avalon_jtag_uart_write.o drivers/src/altera_avalon_jtag_uart_write.c
      2 [main] echo 29756 find_fast_cwd: WARNING: Couldn't compute FAST_CWD pointer.  Please report this problem to
the public mailing list cygwin@cygwin.com
Compiling altera_avalon_sysid_qsys.c...
      2 [main] mkdir 36188 find_fast_cwd: WARNING: Couldn't compute FAST_CWD pointer.  Please report this problem to
the public mailing list cygwin@cygwin.com
nios2-elf-gcc -xc -MP -MMD -c  -I./HAL/inc -I. -I./drivers/inc -DSYSTEM_BUS_WIDTH=32 -pipe -D__hal__ -DALT_NO_INSTRUCTION_EMULATION -DALT_SINGLE_THREADED    -O0 -g -Wall  -mno-hw-div -mno-hw-mul -mno-hw-mulx   -o obj/drivers/src/altera_avalon_sysid_qsys.o drivers/src/altera_avalon_sysid_qsys.c
      2 [main] echo 42568 find_fast_cwd: WARNING: Couldn't compute FAST_CWD pointer.  Please report this problem to
the public mailing list cygwin@cygwin.com
Compiling altera_avalon_timer_sc.c...
      2 [main] mkdir 33364 find_fast_cwd: WARNING: Couldn't compute FAST_CWD pointer.  Please report this problem to
the public mailing list cygwin@cygwin.com
nios2-elf-gcc -xc -MP -MMD -c  -I./HAL/inc -I. -I./drivers/inc -DSYSTEM_BUS_WIDTH=32 -pipe -D__hal__ -DALT_NO_INSTRUCTION_EMULATION -DALT_SINGLE_THREADED    -O0 -g -Wall  -mno-hw-div -mno-hw-mul -mno-hw-mulx   -o obj/drivers/src/altera_avalon_timer_sc.o drivers/src/altera_avalon_timer_sc.c
      2 [main] echo 29572 find_fast_cwd: WARNING: Couldn't compute FAST_CWD pointer.  Please report this problem to
the public mailing list cygwin@cygwin.com
Compiling altera_avalon_timer_ts.c...
      2 [main] mkdir 38892 find_fast_cwd: WARNING: Couldn't compute FAST_CWD pointer.  Please report this problem to
the public mailing list cygwin@cygwin.com
nios2-elf-gcc -xc -MP -MMD -c  -I./HAL/inc -I. -I./drivers/inc -DSYSTEM_BUS_WIDTH=32 -pipe -D__hal__ -DALT_NO_INSTRUCTION_EMULATION -DALT_SINGLE_THREADED    -O0 -g -Wall  -mno-hw-div -mno-hw-mul -mno-hw-mulx   -o obj/drivers/src/altera_avalon_timer_ts.o drivers/src/altera_avalon_timer_ts.c
drivers/src/altera_avalon_timer_ts.c: In function 'alt_timestamp':
drivers/src/altera_avalon_timer_ts.c:108:9: warning: large integer implicitly truncated to unsigned type [-Woverflow]
drivers/src/altera_avalon_timer_ts.c:122:9: warning: left shift count >= width of type [enabled by default]
drivers/src/altera_avalon_timer_ts.c:122:9: warning: left shift count >= width of type [enabled by default]
      3 [main] echo 20940 find_fast_cwd: WARNING: Couldn't compute FAST_CWD pointer.  Please report this problem to
the public mailing list cygwin@cygwin.com
Compiling altera_avalon_timer_vars.c...
      2 [main] mkdir 3188 find_fast_cwd: WARNING: Couldn't compute FAST_CWD pointer.  Please report this problem to
the public mailing list cygwin@cygwin.com
nios2-elf-gcc -xc -MP -MMD -c  -I./HAL/inc -I. -I./drivers/inc -DSYSTEM_BUS_WIDTH=32 -pipe -D__hal__ -DALT_NO_INSTRUCTION_EMULATION -DALT_SINGLE_THREADED    -O0 -g -Wall  -mno-hw-div -mno-hw-mul -mno-hw-mulx   -o obj/drivers/src/altera_avalon_timer_vars.o drivers/src/altera_avalon_timer_vars.c
      3 [main] echo 26472 find_fast_cwd: WARNING: Couldn't compute FAST_CWD pointer.  Please report this problem to
the public mailing list cygwin@cygwin.com
Creating libhal_bsp.a...
rm -f -f libhal_bsp.a
      2 [main] rm 37132 find_fast_cwd: WARNING: Couldn't compute FAST_CWD pointer.  Please report this problem to
the public mailing list cygwin@cygwin.com
nios2-elf-ar -src libhal_bsp.a obj/HAL/src/alt_alarm_start.o obj/HAL/src/alt_busy_sleep.o obj/HAL/src/alt_close.o obj/HAL/src/alt_dcache_flush.o obj/HAL/src/alt_dcache_flush_all.o obj/HAL/src/alt_dcache_flush_no_writeback.o obj/HAL/src/alt_dev.o obj/HAL/src/alt_dev_llist_insert.o obj/HAL/src/alt_dma_rxchan_open.o obj/HAL/src/alt_dma_txchan_open.o obj/HAL/src/alt_do_ctors.o obj/HAL/src/alt_do_dtors.o obj/HAL/src/alt_ecc_fatal_entry.o obj/HAL/src/alt_ecc_fatal_exception.o obj/HAL/src/alt_env_lock.o obj/HAL/src/alt_environ.o obj/HAL/src/alt_errno.o obj/HAL/src/alt_exception_entry.o obj/HAL/src/alt_exception_muldiv.o obj/HAL/src/alt_exception_trap.o obj/HAL/src/alt_execve.o obj/HAL/src/alt_exit.o obj/HAL/src/alt_fcntl.o obj/HAL/src/alt_fd_lock.o obj/HAL/src/alt_fd_unlock.o obj/HAL/src/alt_find_dev.o obj/HAL/src/alt_find_file.o obj/HAL/src/alt_flash_dev.o obj/HAL/src/alt_fork.o obj/HAL/src/alt_fs_reg.o obj/HAL/src/alt_fstat.o obj/HAL/src/alt_get_fd.o obj/HAL/src/alt_getchar.o obj/HAL/src/alt_getpid.o obj/HAL/src/alt_gettod.o obj/HAL/src/alt_gmon.o obj/HAL/src/alt_icache_flush.o obj/HAL/src/alt_icache_flush_all.o obj/HAL/src/alt_iic.o obj/HAL/src/alt_iic_isr_register.o obj/HAL/src/alt_instruction_exception_entry.o obj/HAL/src/alt_instruction_exception_register.o obj/HAL/src/alt_io_redirect.o obj/HAL/src/alt_ioctl.o obj/HAL/src/alt_irq_entry.o obj/HAL/src/alt_irq_handler.o obj/HAL/src/alt_irq_register.o obj/HAL/src/alt_irq_vars.o obj/HAL/src/alt_isatty.o obj/HAL/src/alt_kill.o obj/HAL/src/alt_link.o obj/HAL/src/alt_load.o obj/HAL/src/alt_log_macro.o obj/HAL/src/alt_log_printf.o obj/HAL/src/alt_lseek.o obj/HAL/src/alt_main.o obj/HAL/src/alt_malloc_lock.o obj/HAL/src/alt_mcount.o obj/HAL/src/alt_open.o obj/HAL/src/alt_printf.o obj/HAL/src/alt_putchar.o obj/HAL/src/alt_putstr.o obj/HAL/src/alt_read.o obj/HAL/src/alt_release_fd.o obj/HAL/src/alt_remap_cached.o obj/HAL/src/alt_remap_uncached.o obj/HAL/src/alt_rename.o obj/HAL/src/alt_sbrk.o obj/HAL/src/alt_settod.o obj/HAL/src/alt_software_exception.o obj/HAL/src/alt_stat.o obj/HAL/src/alt_tick.o obj/HAL/src/alt_times.o obj/HAL/src/alt_uncached_free.o obj/HAL/src/alt_uncached_malloc.o obj/HAL/src/alt_unlink.o obj/HAL/src/alt_usleep.o obj/HAL/src/alt_wait.o obj/HAL/src/alt_write.o obj/HAL/src/altera_nios2_qsys_irq.o obj/HAL/src/crt0.o obj/alt_sys_init.o obj/drivers/src/altera_avalon_jtag_uart_fd.o obj/drivers/src/altera_avalon_jtag_uart_init.o obj/drivers/src/altera_avalon_jtag_uart_ioctl.o obj/drivers/src/altera_avalon_jtag_uart_read.o obj/drivers/src/altera_avalon_jtag_uart_write.o obj/drivers/src/altera_avalon_sysid_qsys.o obj/drivers/src/altera_avalon_timer_sc.o obj/drivers/src/altera_avalon_timer_ts.o obj/drivers/src/altera_avalon_timer_vars.o
      2 [main] sh 10968 find_fast_cwd: WARNING: Couldn't compute FAST_CWD pointer.  Please report this problem to
the public mailing list cygwin@cygwin.com
[BSP build complete]
      6 [main] echo 39296 find_fast_cwd: WARNING: Couldn't compute FAST_CWD pointer.  Please report this problem to
the public mailing list cygwin@cygwin.com
Info: Compiling ci_crc.c to obj/default/ci_crc.o
      2 [main] mkdir 22020 find_fast_cwd: WARNING: Couldn't compute FAST_CWD pointer.  Please report this problem to
the public mailing list cygwin@cygwin.com
nios2-elf-gcc -xc -MP -MMD -c -I../crc_aaa_bsp//HAL/inc -I../crc_aaa_bsp/ -I../crc_aaa_bsp//drivers/inc  -DSYSTEM_BUS_WIDTH=32 -pipe -D__hal__ -DALT_NO_INSTRUCTION_EMULATION -DALT_SINGLE_THREADED    -O0 -g -Wall   -mno-hw-div -mno-hw-mul -mno-hw-mulx  -o obj/default/ci_crc.o ci_crc.c
      2 [main] echo 32492 find_fast_cwd: WARNING: Couldn't compute FAST_CWD pointer.  Please report this problem to
the public mailing list cygwin@cygwin.com
Info: Compiling crc.c to obj/default/crc.o
      2 [main] mkdir 36352 find_fast_cwd: WARNING: Couldn't compute FAST_CWD pointer.  Please report this problem to
the public mailing list cygwin@cygwin.com
nios2-elf-gcc -xc -MP -MMD -c -I../crc_aaa_bsp//HAL/inc -I../crc_aaa_bsp/ -I../crc_aaa_bsp//drivers/inc  -DSYSTEM_BUS_WIDTH=32 -pipe -D__hal__ -DALT_NO_INSTRUCTION_EMULATION -DALT_SINGLE_THREADED    -O0 -g -Wall   -mno-hw-div -mno-hw-mul -mno-hw-mulx  -o obj/default/crc.o crc.c
      2 [main] echo 42612 find_fast_cwd: WARNING: Couldn't compute FAST_CWD pointer.  Please report this problem to
the public mailing list cygwin@cygwin.com
Info: Compiling crc_main.c to obj/default/crc_main.o
      2 [main] mkdir 26004 find_fast_cwd: WARNING: Couldn't compute FAST_CWD pointer.  Please report this problem to
the public mailing list cygwin@cygwin.com
nios2-elf-gcc -xc -MP -MMD -c -I../crc_aaa_bsp//HAL/inc -I../crc_aaa_bsp/ -I../crc_aaa_bsp//drivers/inc  -DSYSTEM_BUS_WIDTH=32 -pipe -D__hal__ -DALT_NO_INSTRUCTION_EMULATION -DALT_SINGLE_THREADED    -O0 -g -Wall   -mno-hw-div -mno-hw-mul -mno-hw-mulx  -o obj/default/crc_main.o crc_main.c
      3 [main] true 14376 find_fast_cwd: WARNING: Couldn't compute FAST_CWD pointer.  Please report this problem to
the public mailing list cygwin@cygwin.com
      2 [main] echo 36660 find_fast_cwd: WARNING: Couldn't compute FAST_CWD pointer.  Please report this problem to
Info: Linking crc_aaa.elf
the public mailing list cygwin@cygwin.com
nios2-elf-g++  -T'../crc_aaa_bsp//linker.x' -msys-crt0='../crc_aaa_bsp//obj/HAL/src/crt0.o' -msys-lib=hal_bsp -L../crc_aaa_bsp/   -Wl,-Map=crc_aaa.map   -O0 -g -Wall   -mno-hw-div -mno-hw-mul -mno-hw-mulx  -o crc_aaa.elf obj/default/ci_crc.o obj/default/crc.o obj/default/crc_main.o -lm 
nios2-elf-insert crc_aaa.elf --thread_model hal --cpu_name cpu --qsys true --simulation_enabled false --id 0 --sidp 0x10000040 --timestamp 1766913299 --stderr_dev jtag_uart --stdin_dev jtag_uart --stdout_dev jtag_uart --sopc_system_name SoC --quartus_project_dir "C:/Users/DELL/Documents/advanced_embedded_systems/practical_2" --sopcinfo C:/Users/DELL/Documents/advanced_embedded_systems/practical_2/SoC.sopcinfo
      2 [main] sh 29624 find_fast_cwd: WARNING: Couldn't compute FAST_CWD pointer.  Please report this problem to
the public mailing list cygwin@cygwin.com
      2 [main] uname 30364 find_fast_cwd: WARNING: Couldn't compute FAST_CWD pointer.  Please report this problem to
the public mailing list cygwin@cygwin.com
      2 [main] sh 4192 find_fast_cwd: WARNING: Couldn't compute FAST_CWD pointer.  Please report this problem to
the public mailing list cygwin@cygwin.com
Info: (crc_aaa.elf) 69 KBytes program size (code + initialized data).
Info:               130995 KBytes free for stack + heap.
      2 [main] echo 7692 find_fast_cwd: WARNING: Couldn't compute FAST_CWD pointer.  Please report this problem to
the public mailing list cygwin@cygwin.com
Info: Creating crc_aaa.objdump
nios2-elf-objdump --disassemble --syms --all-header --source crc_aaa.elf >crc_aaa.objdump
      2 [main] sh 17680 find_fast_cwd: WARNING: Couldn't compute FAST_CWD pointer.  Please report this problem to
the public mailing list cygwin@cygwin.com
      4 [main] sh 17816 find_fast_cwd: WARNING: Couldn't compute FAST_CWD pointer.  Please report this problem to
the public mailing list cygwin@cygwin.com
[crc_aaa build complete]

**** Build Finished ****

**** Build of configuration Nios II for project crc_aaa ****

make all 
      2 [main] sh 39432 find_fast_cwd: WARNING: Couldn't compute FAST_CWD pointer.  Please report this problem to
the public mailing list cygwin@cygwin.com
      2 [main] sh 11004 find_fast_cwd: WARNING: Couldn't compute FAST_CWD pointer.  Please report this problem to
the public mailing list cygwin@cygwin.com
      2 [main] echo 9636 find_fast_cwd: WARNING: Couldn't compute FAST_CWD pointer.  Please report this problem to
the public mailing list cygwin@cygwin.com
Info: Building ../crc_aaa_bsp/
make --no-print-directory -C ../crc_aaa_bsp/
      3 [main] pwd 3900 find_fast_cwd: WARNING: Couldn't compute FAST_CWD pointer.  Please report this problem to
the public mailing list cygwin@cygwin.com
      2 [main] sh 26356 find_fast_cwd: WARNING: Couldn't compute FAST_CWD pointer.  Please report this problem to
the public mailing list cygwin@cygwin.com
      2 [main] sh 6616 find_fast_cwd: WARNING: Couldn't compute FAST_CWD pointer.  Please report this problem to
the public mailing list cygwin@cygwin.com
[BSP build complete]
      2 [main] true 38204 find_fast_cwd: WARNING: Couldn't compute FAST_CWD pointer.  Please report this problem to
the public mailing list cygwin@cygwin.com
      2 [main] sh 40764 find_fast_cwd: WARNING: Couldn't compute FAST_CWD pointer.  Please report this problem to
the public mailing list cygwin@cygwin.com
[crc_aaa build complete]

**** Build Finished ****

**** Build of configuration Nios II for project crc_aaa ****

make all 
      3 [main] sh 40964 find_fast_cwd: WARNING: Couldn't compute FAST_CWD pointer.  Please report this problem to
the public mailing list cygwin@cygwin.com
      2 [main] sh 17744 find_fast_cwd: WARNING: Couldn't compute FAST_CWD pointer.  Please report this problem to
the public mailing list cygwin@cygwin.com
      2 [main] echo 13152 find_fast_cwd: WARNING: Couldn't compute FAST_CWD pointer.  Please report this problem to
the public mailing list cygwin@cygwin.com
Info: Building ../crc_aaa_bsp/
make --no-print-directory -C ../crc_aaa_bsp/
      2 [main] pwd 35512 find_fast_cwd: WARNING: Couldn't compute FAST_CWD pointer.  Please report this problem to
the public mailing list cygwin@cygwin.com
      3 [main] sh 31484 find_fast_cwd: WARNING: Couldn't compute FAST_CWD pointer.  Please report this problem to
the public mailing list cygwin@cygwin.com
      2 [main] sh 33044 find_fast_cwd: WARNING: Couldn't compute FAST_CWD pointer.  Please report this problem to
the public mailing list cygwin@cygwin.com
[BSP build complete]
      2 [main] true 21560 find_fast_cwd: WARNING: Couldn't compute FAST_CWD pointer.  Please report this problem to
the public mailing list cygwin@cygwin.com
      2 [main] sh 30692 find_fast_cwd: WARNING: Couldn't compute FAST_CWD pointer.  Please report this problem to
the public mailing list cygwin@cygwin.com
[crc_aaa build complete]

**** Build Finished ****

**** Build of configuration Nios II for project crc_aaa ****

make all 
      2 [main] sh 2320 find_fast_cwd: WARNING: Couldn't compute FAST_CWD pointer.  Please report this problem to
the public mailing list cygwin@cygwin.com
      2 [main] sh 2032 find_fast_cwd: WARNING: Couldn't compute FAST_CWD pointer.  Please report this problem to
the public mailing list cygwin@cygwin.com
      2 [main] echo 37500 find_fast_cwd: WARNING: Couldn't compute FAST_CWD pointer.  Please report this problem to
the public mailing list cygwin@cygwin.com
Info: Building ../crc_aaa_bsp/
make --no-print-directory -C ../crc_aaa_bsp/
      2 [main] pwd 38168 find_fast_cwd: WARNING: Couldn't compute FAST_CWD pointer.  Please report this problem to
the public mailing list cygwin@cygwin.com
      2 [main] sh 10600 find_fast_cwd: WARNING: Couldn't compute FAST_CWD pointer.  Please report this problem to
the public mailing list cygwin@cygwin.com
      2 [main] sh 35384 find_fast_cwd: WARNING: Couldn't compute FAST_CWD pointer.  Please report this problem to
the public mailing list cygwin@cygwin.com
[BSP build complete]
      2 [main] true 33904 find_fast_cwd: WARNING: Couldn't compute FAST_CWD pointer.  Please report this problem to
the public mailing list cygwin@cygwin.com
      2 [main] sh 10792 find_fast_cwd: WARNING: Couldn't compute FAST_CWD pointer.  Please report this problem to
the public mailing list cygwin@cygwin.com
[crc_aaa build complete]

**** Build Finished ****

**** Build of configuration Nios II for project crc_aaa ****

make all 
      2 [main] sh 35460 find_fast_cwd: WARNING: Couldn't compute FAST_CWD pointer.  Please report this problem to
the public mailing list cygwin@cygwin.com
      3 [main] sh 26356 find_fast_cwd: WARNING: Couldn't compute FAST_CWD pointer.  Please report this problem to
the public mailing list cygwin@cygwin.com
      2 [main] echo 4200 find_fast_cwd: WARNING: Couldn't compute FAST_CWD pointer.  Please report this problem to
Info: Building ../crc_aaa_bsp/
the public mailing list cygwin@cygwin.com
make --no-print-directory -C ../crc_aaa_bsp/
      3 [main] pwd 13432 find_fast_cwd: WARNING: Couldn't compute FAST_CWD pointer.  Please report this problem to
the public mailing list cygwin@cygwin.com
      2 [main] sh 6944 find_fast_cwd: WARNING: Couldn't compute FAST_CWD pointer.  Please report this problem to
the public mailing list cygwin@cygwin.com
      1 [main] sh 24800 find_fast_cwd: WARNING: Couldn't compute FAST_CWD pointer.  Please report this problem to
the public mailing list cygwin@cygwin.com
[BSP build complete]
      3 [main] true 2528 find_fast_cwd: WARNING: Couldn't compute FAST_CWD pointer.  Please report this problem to
the public mailing list cygwin@cygwin.com
      2 [main] sh 26848 find_fast_cwd: WARNING: Couldn't compute FAST_CWD pointer.  Please report this problem to
the public mailing list cygwin@cygwin.com
[crc_aaa build complete]

**** Build Finished ****

**** Build of configuration Nios II for project crc_aaa ****

make all 
      2 [main] sh 35624 find_fast_cwd: WARNING: Couldn't compute FAST_CWD pointer.  Please report this problem to
the public mailing list cygwin@cygwin.com
      3 [main] sh 26960 find_fast_cwd: WARNING: Couldn't compute FAST_CWD pointer.  Please report this problem to
the public mailing list cygwin@cygwin.com
      2 [main] echo 38436 find_fast_cwd: WARNING: Couldn't compute FAST_CWD pointer.  Please report this problem to
the public mailing list cygwin@cygwin.com
Info: Building ../crc_aaa_bsp/
make --no-print-directory -C ../crc_aaa_bsp/
      8 [main] pwd 40436 find_fast_cwd: WARNING: Couldn't compute FAST_CWD pointer.  Please report this problem to
the public mailing list cygwin@cygwin.com
      2 [main] sh 40288 find_fast_cwd: WARNING: Couldn't compute FAST_CWD pointer.  Please report this problem to
the public mailing list cygwin@cygwin.com
      4 [main] sh 18204 find_fast_cwd: WARNING: Couldn't compute FAST_CWD pointer.  Please report this problem to
the public mailing list cygwin@cygwin.com
[BSP build complete]
      2 [main] true 13076 find_fast_cwd: WARNING: Couldn't compute FAST_CWD pointer.  Please report this problem to
the public mailing list cygwin@cygwin.com
      4 [main] sh 3060 find_fast_cwd: WARNING: Couldn't compute FAST_CWD pointer.  Please report this problem to
the public mailing list cygwin@cygwin.com
[crc_aaa build complete]

**** Build Finished ****

**** Build of configuration Nios II for project crc_aaa ****

make all 
      4 [main] sh 40560 find_fast_cwd: WARNING: Couldn't compute FAST_CWD pointer.  Please report this problem to
the public mailing list cygwin@cygwin.com
      2 [main] sh 34848 find_fast_cwd: WARNING: Couldn't compute FAST_CWD pointer.  Please report this problem to
the public mailing list cygwin@cygwin.com
      2 [main] echo 30348 find_fast_cwd: WARNING: Couldn't compute FAST_CWD pointer.  Please report this problem to
Info: Building ../crc_aaa_bsp/
the public mailing list cygwin@cygwin.com
make --no-print-directory -C ../crc_aaa_bsp/
      2 [main] pwd 39620 find_fast_cwd: WARNING: Couldn't compute FAST_CWD pointer.  Please report this problem to
the public mailing list cygwin@cygwin.com
      2 [main] sh 27008 find_fast_cwd: WARNING: Couldn't compute FAST_CWD pointer.  Please report this problem to
the public mailing list cygwin@cygwin.com
      2 [main] sh 31052 find_fast_cwd: WARNING: Couldn't compute FAST_CWD pointer.  Please report this problem to
the public mailing list cygwin@cygwin.com
[BSP build complete]
      2 [main] true 35832 find_fast_cwd: WARNING: Couldn't compute FAST_CWD pointer.  Please report this problem to
the public mailing list cygwin@cygwin.com
      2 [main] sh 42648 find_fast_cwd: WARNING: Couldn't compute FAST_CWD pointer.  Please report this problem to
the public mailing list cygwin@cygwin.com
[crc_aaa build complete]

**** Build Finished ****

**** Clean-only build of configuration Nios II for project crc_ttt_bsp ****

make clean 
      2 [main] pwd 35516 find_fast_cwd: WARNING: Couldn't compute FAST_CWD pointer.  Please report this problem to
the public mailing list cygwin@cygwin.com
      2 [main] sh 9652 find_fast_cwd: WARNING: Couldn't compute FAST_CWD pointer.  Please report this problem to
the public mailing list cygwin@cygwin.com
      2 [main] rm 26164 find_fast_cwd: WARNING: Couldn't compute FAST_CWD pointer.  Please report this problem to
the public mailing list cygwin@cygwin.com
      2 [main] sh 3592 find_fast_cwd: WARNING: Couldn't compute FAST_CWD pointer.  Please report this problem to
the public mailing list cygwin@cygwin.com
[BSP clean complete]

**** Build Finished ****

**** Clean-only build of configuration Nios II for project crc_ttt ****

make clean 
      3 [main] sh 3264 find_fast_cwd: WARNING: Couldn't compute FAST_CWD pointer.  Please report this problem to
the public mailing list cygwin@cygwin.com
      2 [main] sh 34292 find_fast_cwd: WARNING: Couldn't compute FAST_CWD pointer.  Please report this problem to
the public mailing list cygwin@cygwin.com
      2 [main] rm 9392 find_fast_cwd: WARNING: Couldn't compute FAST_CWD pointer.  Please report this problem to
the public mailing list cygwin@cygwin.com
      2 [main] sh 35624 find_fast_cwd: WARNING: Couldn't compute FAST_CWD pointer.  Please report this problem to
the public mailing list cygwin@cygwin.com
[crc_ttt clean complete]

**** Build Finished ****

**** Build of configuration Nios II for project crc_ttt ****

make all 
      2 [main] sh 3380 find_fast_cwd: WARNING: Couldn't compute FAST_CWD pointer.  Please report this problem to
the public mailing list cygwin@cygwin.com
      2 [main] sh 17264 find_fast_cwd: WARNING: Couldn't compute FAST_CWD pointer.  Please report this problem to
the public mailing list cygwin@cygwin.com
      1 [main] echo 28312 find_fast_cwd: WARNING: Couldn't compute FAST_CWD pointer.  Please report this problem to
the public mailing list cygwin@cygwin.com
Info: Building ../crc_ttt_bsp/
make --no-print-directory -C ../crc_ttt_bsp/
      2 [main] pwd 31976 find_fast_cwd: WARNING: Couldn't compute FAST_CWD pointer.  Please report this problem to
the public mailing list cygwin@cygwin.com
      2 [main] sh 23716 find_fast_cwd: WARNING: Couldn't compute FAST_CWD pointer.  Please report this problem to
the public mailing list cygwin@cygwin.com
      2 [main] echo 12104 find_fast_cwd: WARNING: Couldn't compute FAST_CWD pointer.  Please report this problem to
the public mailing list cygwin@cygwin.com
Compiling alt_alarm_start.c...
      2 [main] mkdir 6956 find_fast_cwd: WARNING: Couldn't compute FAST_CWD pointer.  Please report this problem to
the public mailing list cygwin@cygwin.com
nios2-elf-gcc -xc -MP -MMD -c  -I./HAL/inc -I. -I./drivers/inc -DSYSTEM_BUS_WIDTH=32 -pipe -D__hal__ -DALT_NO_INSTRUCTION_EMULATION -DALT_SINGLE_THREADED    -O0 -g -Wall  -mno-hw-div -mno-hw-mul -mno-hw-mulx   -o obj/HAL/src/alt_alarm_start.o HAL/src/alt_alarm_start.c
      2 [main] echo 2584 find_fast_cwd: WARNING: Couldn't compute FAST_CWD pointer.  Please report this problem to
the public mailing list cygwin@cygwin.com
Compiling alt_busy_sleep.c...
      2 [main] mkdir 7504 find_fast_cwd: WARNING: Couldn't compute FAST_CWD pointer.  Please report this problem to
the public mailing list cygwin@cygwin.com
nios2-elf-gcc -xc -MP -MMD -c  -I./HAL/inc -I. -I./drivers/inc -DSYSTEM_BUS_WIDTH=32 -pipe -D__hal__ -DALT_NO_INSTRUCTION_EMULATION -DALT_SINGLE_THREADED    -O0 -g -Wall  -mno-hw-div -mno-hw-mul -mno-hw-mulx   -o obj/HAL/src/alt_busy_sleep.o HAL/src/alt_busy_sleep.c
      2 [main] echo 16588 find_fast_cwd: WARNING: Couldn't compute FAST_CWD pointer.  Please report this problem to
the public mailing list cygwin@cygwin.com
Compiling alt_close.c...
      2 [main] mkdir 26560 find_fast_cwd: WARNING: Couldn't compute FAST_CWD pointer.  Please report this problem to
the public mailing list cygwin@cygwin.com
nios2-elf-gcc -xc -MP -MMD -c  -I./HAL/inc -I. -I./drivers/inc -DSYSTEM_BUS_WIDTH=32 -pipe -D__hal__ -DALT_NO_INSTRUCTION_EMULATION -DALT_SINGLE_THREADED    -O0 -g -Wall  -mno-hw-div -mno-hw-mul -mno-hw-mulx   -o obj/HAL/src/alt_close.o HAL/src/alt_close.c
      2 [main] echo 28056 find_fast_cwd: WARNING: Couldn't compute FAST_CWD pointer.  Please report this problem to
Compiling alt_dcache_flush.c...
the public mailing list cygwin@cygwin.com
      2 [main] mkdir 35336 find_fast_cwd: WARNING: Couldn't compute FAST_CWD pointer.  Please report this problem to
the public mailing list cygwin@cygwin.com
nios2-elf-gcc -xc -MP -MMD -c  -I./HAL/inc -I. -I./drivers/inc -DSYSTEM_BUS_WIDTH=32 -pipe -D__hal__ -DALT_NO_INSTRUCTION_EMULATION -DALT_SINGLE_THREADED    -O0 -g -Wall  -mno-hw-div -mno-hw-mul -mno-hw-mulx   -o obj/HAL/src/alt_dcache_flush.o HAL/src/alt_dcache_flush.c
      2 [main] echo 28124 find_fast_cwd: WARNING: Couldn't compute FAST_CWD pointer.  Please report this problem to
Compiling alt_dcache_flush_all.c...
the public mailing list cygwin@cygwin.com
      2 [main] mkdir 20672 find_fast_cwd: WARNING: Couldn't compute FAST_CWD pointer.  Please report this problem to
the public mailing list cygwin@cygwin.com
nios2-elf-gcc -xc -MP -MMD -c  -I./HAL/inc -I. -I./drivers/inc -DSYSTEM_BUS_WIDTH=32 -pipe -D__hal__ -DALT_NO_INSTRUCTION_EMULATION -DALT_SINGLE_THREADED    -O0 -g -Wall  -mno-hw-div -mno-hw-mul -mno-hw-mulx   -o obj/HAL/src/alt_dcache_flush_all.o HAL/src/alt_dcache_flush_all.c
      2 [main] echo 32780 find_fast_cwd: WARNING: Couldn't compute FAST_CWD pointer.  Please report this problem to
Compiling alt_dcache_flush_no_writeback.c...
the public mailing list cygwin@cygwin.com
      2 [main] mkdir 35324 find_fast_cwd: WARNING: Couldn't compute FAST_CWD pointer.  Please report this problem to
the public mailing list cygwin@cygwin.com
nios2-elf-gcc -xc -MP -MMD -c  -I./HAL/inc -I. -I./drivers/inc -DSYSTEM_BUS_WIDTH=32 -pipe -D__hal__ -DALT_NO_INSTRUCTION_EMULATION -DALT_SINGLE_THREADED    -O0 -g -Wall  -mno-hw-div -mno-hw-mul -mno-hw-mulx   -o obj/HAL/src/alt_dcache_flush_no_writeback.o HAL/src/alt_dcache_flush_no_writeback.c
      2 [main] echo 23988 find_fast_cwd: WARNING: Couldn't compute FAST_CWD pointer.  Please report this problem to
Compiling alt_dev.c...
the public mailing list cygwin@cygwin.com
      2 [main] mkdir 22732 find_fast_cwd: WARNING: Couldn't compute FAST_CWD pointer.  Please report this problem to
the public mailing list cygwin@cygwin.com
nios2-elf-gcc -xc -MP -MMD -c  -I./HAL/inc -I. -I./drivers/inc -DSYSTEM_BUS_WIDTH=32 -pipe -D__hal__ -DALT_NO_INSTRUCTION_EMULATION -DALT_SINGLE_THREADED    -O0 -g -Wall  -mno-hw-div -mno-hw-mul -mno-hw-mulx   -o obj/HAL/src/alt_dev.o HAL/src/alt_dev.c
      2 [main] echo 24564 find_fast_cwd: WARNING: Couldn't compute FAST_CWD pointer.  Please report this problem to
the public mailing list cygwin@cygwin.com
Compiling alt_dev_llist_insert.c...
      2 [main] mkdir 42792 find_fast_cwd: WARNING: Couldn't compute FAST_CWD pointer.  Please report this problem to
the public mailing list cygwin@cygwin.com
nios2-elf-gcc -xc -MP -MMD -c  -I./HAL/inc -I. -I./drivers/inc -DSYSTEM_BUS_WIDTH=32 -pipe -D__hal__ -DALT_NO_INSTRUCTION_EMULATION -DALT_SINGLE_THREADED    -O0 -g -Wall  -mno-hw-div -mno-hw-mul -mno-hw-mulx   -o obj/HAL/src/alt_dev_llist_insert.o HAL/src/alt_dev_llist_insert.c
      2 [main] echo 31732 find_fast_cwd: WARNING: Couldn't compute FAST_CWD pointer.  Please report this problem to
the public mailing list cygwin@cygwin.com
Compiling alt_dma_rxchan_open.c...
      2 [main] mkdir 39992 find_fast_cwd: WARNING: Couldn't compute FAST_CWD pointer.  Please report this problem to
the public mailing list cygwin@cygwin.com
nios2-elf-gcc -xc -MP -MMD -c  -I./HAL/inc -I. -I./drivers/inc -DSYSTEM_BUS_WIDTH=32 -pipe -D__hal__ -DALT_NO_INSTRUCTION_EMULATION -DALT_SINGLE_THREADED    -O0 -g -Wall  -mno-hw-div -mno-hw-mul -mno-hw-mulx   -o obj/HAL/src/alt_dma_rxchan_open.o HAL/src/alt_dma_rxchan_open.c
      2 [main] echo 34084 find_fast_cwd: WARNING: Couldn't compute FAST_CWD pointer.  Please report this problem to
the public mailing list cygwin@cygwin.com
Compiling alt_dma_txchan_open.c...
      2 [main] mkdir 10108 find_fast_cwd: WARNING: Couldn't compute FAST_CWD pointer.  Please report this problem to
the public mailing list cygwin@cygwin.com
nios2-elf-gcc -xc -MP -MMD -c  -I./HAL/inc -I. -I./drivers/inc -DSYSTEM_BUS_WIDTH=32 -pipe -D__hal__ -DALT_NO_INSTRUCTION_EMULATION -DALT_SINGLE_THREADED    -O0 -g -Wall  -mno-hw-div -mno-hw-mul -mno-hw-mulx   -o obj/HAL/src/alt_dma_txchan_open.o HAL/src/alt_dma_txchan_open.c
      3 [main] echo 20352 find_fast_cwd: WARNING: Couldn't compute FAST_CWD pointer.  Please report this problem to
the public mailing list cygwin@cygwin.com
Compiling alt_do_ctors.c...
      2 [main] mkdir 41348 find_fast_cwd: WARNING: Couldn't compute FAST_CWD pointer.  Please report this problem to
the public mailing list cygwin@cygwin.com
nios2-elf-gcc -xc -MP -MMD -c  -I./HAL/inc -I. -I./drivers/inc -DSYSTEM_BUS_WIDTH=32 -pipe -D__hal__ -DALT_NO_INSTRUCTION_EMULATION -DALT_SINGLE_THREADED    -O0 -g -Wall  -mno-hw-div -mno-hw-mul -mno-hw-mulx   -o obj/HAL/src/alt_do_ctors.o HAL/src/alt_do_ctors.c
      2 [main] echo 38388 find_fast_cwd: WARNING: Couldn't compute FAST_CWD pointer.  Please report this problem to
Compiling alt_do_dtors.c...
the public mailing list cygwin@cygwin.com
      2 [main] mkdir 30196 find_fast_cwd: WARNING: Couldn't compute FAST_CWD pointer.  Please report this problem to
the public mailing list cygwin@cygwin.com
nios2-elf-gcc -xc -MP -MMD -c  -I./HAL/inc -I. -I./drivers/inc -DSYSTEM_BUS_WIDTH=32 -pipe -D__hal__ -DALT_NO_INSTRUCTION_EMULATION -DALT_SINGLE_THREADED    -O0 -g -Wall  -mno-hw-div -mno-hw-mul -mno-hw-mulx   -o obj/HAL/src/alt_do_dtors.o HAL/src/alt_do_dtors.c
      2 [main] echo 30808 find_fast_cwd: WARNING: Couldn't compute FAST_CWD pointer.  Please report this problem to
the public mailing list cygwin@cygwin.com
Compiling alt_ecc_fatal_entry.S...
      2 [main] mkdir 19516 find_fast_cwd: WARNING: Couldn't compute FAST_CWD pointer.  Please report this problem to
the public mailing list cygwin@cygwin.com
nios2-elf-gcc -MP -MMD -c   -O0 -g -Wall  -mno-hw-div -mno-hw-mul -mno-hw-mulx    -I./HAL/inc -I. -I./drivers/inc -DSYSTEM_BUS_WIDTH=32 -pipe -D__hal__ -DALT_NO_INSTRUCTION_EMULATION -DALT_SINGLE_THREADED  -Wa,-gdwarf2  -o obj/HAL/src/alt_ecc_fatal_entry.o HAL/src/alt_ecc_fatal_entry.S
      2 [main] echo 27692 find_fast_cwd: WARNING: Couldn't compute FAST_CWD pointer.  Please report this problem to
the public mailing list cygwin@cygwin.com
Compiling alt_ecc_fatal_exception.c...
      2 [main] mkdir 30480 find_fast_cwd: WARNING: Couldn't compute FAST_CWD pointer.  Please report this problem to
the public mailing list cygwin@cygwin.com
nios2-elf-gcc -xc -MP -MMD -c  -I./HAL/inc -I. -I./drivers/inc -DSYSTEM_BUS_WIDTH=32 -pipe -D__hal__ -DALT_NO_INSTRUCTION_EMULATION -DALT_SINGLE_THREADED    -O0 -g -Wall  -mno-hw-div -mno-hw-mul -mno-hw-mulx   -o obj/HAL/src/alt_ecc_fatal_exception.o HAL/src/alt_ecc_fatal_exception.c
      2 [main] echo 7360 find_fast_cwd: WARNING: Couldn't compute FAST_CWD pointer.  Please report this problem to
the public mailing list cygwin@cygwin.com
Compiling alt_env_lock.c...
      2 [main] mkdir 34308 find_fast_cwd: WARNING: Couldn't compute FAST_CWD pointer.  Please report this problem to
the public mailing list cygwin@cygwin.com
nios2-elf-gcc -xc -MP -MMD -c  -I./HAL/inc -I. -I./drivers/inc -DSYSTEM_BUS_WIDTH=32 -pipe -D__hal__ -DALT_NO_INSTRUCTION_EMULATION -DALT_SINGLE_THREADED    -O0 -g -Wall  -mno-hw-div -mno-hw-mul -mno-hw-mulx   -o obj/HAL/src/alt_env_lock.o HAL/src/alt_env_lock.c
      2 [main] echo 31472 find_fast_cwd: WARNING: Couldn't compute FAST_CWD pointer.  Please report this problem to
Compiling alt_environ.c...
the public mailing list cygwin@cygwin.com
      2 [main] mkdir 30124 find_fast_cwd: WARNING: Couldn't compute FAST_CWD pointer.  Please report this problem to
the public mailing list cygwin@cygwin.com
nios2-elf-gcc -xc -MP -MMD -c  -I./HAL/inc -I. -I./drivers/inc -DSYSTEM_BUS_WIDTH=32 -pipe -D__hal__ -DALT_NO_INSTRUCTION_EMULATION -DALT_SINGLE_THREADED    -O0 -g -Wall  -mno-hw-div -mno-hw-mul -mno-hw-mulx   -o obj/HAL/src/alt_environ.o HAL/src/alt_environ.c
      2 [main] echo 16564 find_fast_cwd: WARNING: Couldn't compute FAST_CWD pointer.  Please report this problem to
the public mailing list cygwin@cygwin.com
Compiling alt_errno.c...
      2 [main] mkdir 28240 find_fast_cwd: WARNING: Couldn't compute FAST_CWD pointer.  Please report this problem to
the public mailing list cygwin@cygwin.com
nios2-elf-gcc -xc -MP -MMD -c  -I./HAL/inc -I. -I./drivers/inc -DSYSTEM_BUS_WIDTH=32 -pipe -D__hal__ -DALT_NO_INSTRUCTION_EMULATION -DALT_SINGLE_THREADED    -O0 -g -Wall  -mno-hw-div -mno-hw-mul -mno-hw-mulx   -o obj/HAL/src/alt_errno.o HAL/src/alt_errno.c
      2 [main] echo 8700 find_fast_cwd: WARNING: Couldn't compute FAST_CWD pointer.  Please report this problem to
the public mailing list cygwin@cygwin.com
Compiling alt_exception_entry.S...
      2 [main] mkdir 19576 find_fast_cwd: WARNING: Couldn't compute FAST_CWD pointer.  Please report this problem to
the public mailing list cygwin@cygwin.com
nios2-elf-gcc -MP -MMD -c   -O0 -g -Wall  -mno-hw-div -mno-hw-mul -mno-hw-mulx    -I./HAL/inc -I. -I./drivers/inc -DSYSTEM_BUS_WIDTH=32 -pipe -D__hal__ -DALT_NO_INSTRUCTION_EMULATION -DALT_SINGLE_THREADED  -Wa,-gdwarf2  -o obj/HAL/src/alt_exception_entry.o HAL/src/alt_exception_entry.S
      2 [main] echo 33292 find_fast_cwd: WARNING: Couldn't compute FAST_CWD pointer.  Please report this problem to
the public mailing list cygwin@cygwin.com
Compiling alt_exception_muldiv.S...
      2 [main] mkdir 38000 find_fast_cwd: WARNING: Couldn't compute FAST_CWD pointer.  Please report this problem to
the public mailing list cygwin@cygwin.com
nios2-elf-gcc -MP -MMD -c   -O0 -g -Wall  -mno-hw-div -mno-hw-mul -mno-hw-mulx    -I./HAL/inc -I. -I./drivers/inc -DSYSTEM_BUS_WIDTH=32 -pipe -D__hal__ -DALT_NO_INSTRUCTION_EMULATION -DALT_SINGLE_THREADED  -Wa,-gdwarf2  -o obj/HAL/src/alt_exception_muldiv.o HAL/src/alt_exception_muldiv.S
      2 [main] echo 24984 find_fast_cwd: WARNING: Couldn't compute FAST_CWD pointer.  Please report this problem to
Compiling alt_exception_trap.S...
the public mailing list cygwin@cygwin.com
      2 [main] mkdir 31788 find_fast_cwd: WARNING: Couldn't compute FAST_CWD pointer.  Please report this problem to
the public mailing list cygwin@cygwin.com
nios2-elf-gcc -MP -MMD -c   -O0 -g -Wall  -mno-hw-div -mno-hw-mul -mno-hw-mulx    -I./HAL/inc -I. -I./drivers/inc -DSYSTEM_BUS_WIDTH=32 -pipe -D__hal__ -DALT_NO_INSTRUCTION_EMULATION -DALT_SINGLE_THREADED  -Wa,-gdwarf2  -o obj/HAL/src/alt_exception_trap.o HAL/src/alt_exception_trap.S
      2 [main] echo 40144 find_fast_cwd: WARNING: Couldn't compute FAST_CWD pointer.  Please report this problem to
Compiling alt_execve.c...
the public mailing list cygwin@cygwin.com
      2 [main] mkdir 7848 find_fast_cwd: WARNING: Couldn't compute FAST_CWD pointer.  Please report this problem to
the public mailing list cygwin@cygwin.com
nios2-elf-gcc -xc -MP -MMD -c  -I./HAL/inc -I. -I./drivers/inc -DSYSTEM_BUS_WIDTH=32 -pipe -D__hal__ -DALT_NO_INSTRUCTION_EMULATION -DALT_SINGLE_THREADED    -O0 -g -Wall  -mno-hw-div -mno-hw-mul -mno-hw-mulx   -o obj/HAL/src/alt_execve.o HAL/src/alt_execve.c
      2 [main] echo 35552 find_fast_cwd: WARNING: Couldn't compute FAST_CWD pointer.  Please report this problem to
Compiling alt_exit.c...
the public mailing list cygwin@cygwin.com
      2 [main] mkdir 33036 find_fast_cwd: WARNING: Couldn't compute FAST_CWD pointer.  Please report this problem to
the public mailing list cygwin@cygwin.com
nios2-elf-gcc -xc -MP -MMD -c  -I./HAL/inc -I. -I./drivers/inc -DSYSTEM_BUS_WIDTH=32 -pipe -D__hal__ -DALT_NO_INSTRUCTION_EMULATION -DALT_SINGLE_THREADED    -O0 -g -Wall  -mno-hw-div -mno-hw-mul -mno-hw-mulx   -o obj/HAL/src/alt_exit.o HAL/src/alt_exit.c
      2 [main] echo 35944 find_fast_cwd: WARNING: Couldn't compute FAST_CWD pointer.  Please report this problem to
the public mailing list cygwin@cygwin.com
Compiling alt_fcntl.c...
      2 [main] mkdir 2976 find_fast_cwd: WARNING: Couldn't compute FAST_CWD pointer.  Please report this problem to
the public mailing list cygwin@cygwin.com
nios2-elf-gcc -xc -MP -MMD -c  -I./HAL/inc -I. -I./drivers/inc -DSYSTEM_BUS_WIDTH=32 -pipe -D__hal__ -DALT_NO_INSTRUCTION_EMULATION -DALT_SINGLE_THREADED    -O0 -g -Wall  -mno-hw-div -mno-hw-mul -mno-hw-mulx   -o obj/HAL/src/alt_fcntl.o HAL/src/alt_fcntl.c
      2 [main] echo 2196 find_fast_cwd: WARNING: Couldn't compute FAST_CWD pointer.  Please report this problem to
the public mailing list cygwin@cygwin.com
Compiling alt_fd_lock.c...
      2 [main] mkdir 16160 find_fast_cwd: WARNING: Couldn't compute FAST_CWD pointer.  Please report this problem to
the public mailing list cygwin@cygwin.com
nios2-elf-gcc -xc -MP -MMD -c  -I./HAL/inc -I. -I./drivers/inc -DSYSTEM_BUS_WIDTH=32 -pipe -D__hal__ -DALT_NO_INSTRUCTION_EMULATION -DALT_SINGLE_THREADED    -O0 -g -Wall  -mno-hw-div -mno-hw-mul -mno-hw-mulx   -o obj/HAL/src/alt_fd_lock.o HAL/src/alt_fd_lock.c
      2 [main] echo 12656 find_fast_cwd: WARNING: Couldn't compute FAST_CWD pointer.  Please report this problem to
the public mailing list cygwin@cygwin.com
Compiling alt_fd_unlock.c...
      2 [main] mkdir 28284 find_fast_cwd: WARNING: Couldn't compute FAST_CWD pointer.  Please report this problem to
the public mailing list cygwin@cygwin.com
nios2-elf-gcc -xc -MP -MMD -c  -I./HAL/inc -I. -I./drivers/inc -DSYSTEM_BUS_WIDTH=32 -pipe -D__hal__ -DALT_NO_INSTRUCTION_EMULATION -DALT_SINGLE_THREADED    -O0 -g -Wall  -mno-hw-div -mno-hw-mul -mno-hw-mulx   -o obj/HAL/src/alt_fd_unlock.o HAL/src/alt_fd_unlock.c
      2 [main] echo 15796 find_fast_cwd: WARNING: Couldn't compute FAST_CWD pointer.  Please report this problem to
Compiling alt_find_dev.c...
the public mailing list cygwin@cygwin.com
      2 [main] mkdir 41964 find_fast_cwd: WARNING: Couldn't compute FAST_CWD pointer.  Please report this problem to
the public mailing list cygwin@cygwin.com
nios2-elf-gcc -xc -MP -MMD -c  -I./HAL/inc -I. -I./drivers/inc -DSYSTEM_BUS_WIDTH=32 -pipe -D__hal__ -DALT_NO_INSTRUCTION_EMULATION -DALT_SINGLE_THREADED    -O0 -g -Wall  -mno-hw-div -mno-hw-mul -mno-hw-mulx   -o obj/HAL/src/alt_find_dev.o HAL/src/alt_find_dev.c
      2 [main] echo 28624 find_fast_cwd: WARNING: Couldn't compute FAST_CWD pointer.  Please report this problem to
the public mailing list cygwin@cygwin.com
Compiling alt_find_file.c...
      2 [main] mkdir 30656 find_fast_cwd: WARNING: Couldn't compute FAST_CWD pointer.  Please report this problem to
the public mailing list cygwin@cygwin.com
nios2-elf-gcc -xc -MP -MMD -c  -I./HAL/inc -I. -I./drivers/inc -DSYSTEM_BUS_WIDTH=32 -pipe -D__hal__ -DALT_NO_INSTRUCTION_EMULATION -DALT_SINGLE_THREADED    -O0 -g -Wall  -mno-hw-div -mno-hw-mul -mno-hw-mulx   -o obj/HAL/src/alt_find_file.o HAL/src/alt_find_file.c
      2 [main] echo 38940 find_fast_cwd: WARNING: Couldn't compute FAST_CWD pointer.  Please report this problem to
the public mailing list cygwin@cygwin.com
Compiling alt_flash_dev.c...
      2 [main] mkdir 40248 find_fast_cwd: WARNING: Couldn't compute FAST_CWD pointer.  Please report this problem to
the public mailing list cygwin@cygwin.com
nios2-elf-gcc -xc -MP -MMD -c  -I./HAL/inc -I. -I./drivers/inc -DSYSTEM_BUS_WIDTH=32 -pipe -D__hal__ -DALT_NO_INSTRUCTION_EMULATION -DALT_SINGLE_THREADED    -O0 -g -Wall  -mno-hw-div -mno-hw-mul -mno-hw-mulx   -o obj/HAL/src/alt_flash_dev.o HAL/src/alt_flash_dev.c
      2 [main] echo 27808 find_fast_cwd: WARNING: Couldn't compute FAST_CWD pointer.  Please report this problem to
the public mailing list cygwin@cygwin.com
Compiling alt_fork.c...
      2 [main] mkdir 29452 find_fast_cwd: WARNING: Couldn't compute FAST_CWD pointer.  Please report this problem to
the public mailing list cygwin@cygwin.com
nios2-elf-gcc -xc -MP -MMD -c  -I./HAL/inc -I. -I./drivers/inc -DSYSTEM_BUS_WIDTH=32 -pipe -D__hal__ -DALT_NO_INSTRUCTION_EMULATION -DALT_SINGLE_THREADED    -O0 -g -Wall  -mno-hw-div -mno-hw-mul -mno-hw-mulx   -o obj/HAL/src/alt_fork.o HAL/src/alt_fork.c
      2 [main] echo 2576 find_fast_cwd: WARNING: Couldn't compute FAST_CWD pointer.  Please report this problem to
Compiling alt_fs_reg.c...
the public mailing list cygwin@cygwin.com
      2 [main] mkdir 19392 find_fast_cwd: WARNING: Couldn't compute FAST_CWD pointer.  Please report this problem to
the public mailing list cygwin@cygwin.com
nios2-elf-gcc -xc -MP -MMD -c  -I./HAL/inc -I. -I./drivers/inc -DSYSTEM_BUS_WIDTH=32 -pipe -D__hal__ -DALT_NO_INSTRUCTION_EMULATION -DALT_SINGLE_THREADED    -O0 -g -Wall  -mno-hw-div -mno-hw-mul -mno-hw-mulx   -o obj/HAL/src/alt_fs_reg.o HAL/src/alt_fs_reg.c
      2 [main] echo 31336 find_fast_cwd: WARNING: Couldn't compute FAST_CWD pointer.  Please report this problem to
the public mailing list cygwin@cygwin.com
Compiling alt_fstat.c...
      2 [main] mkdir 18496 find_fast_cwd: WARNING: Couldn't compute FAST_CWD pointer.  Please report this problem to
the public mailing list cygwin@cygwin.com
nios2-elf-gcc -xc -MP -MMD -c  -I./HAL/inc -I. -I./drivers/inc -DSYSTEM_BUS_WIDTH=32 -pipe -D__hal__ -DALT_NO_INSTRUCTION_EMULATION -DALT_SINGLE_THREADED    -O0 -g -Wall  -mno-hw-div -mno-hw-mul -mno-hw-mulx   -o obj/HAL/src/alt_fstat.o HAL/src/alt_fstat.c
      2 [main] echo 8640 find_fast_cwd: WARNING: Couldn't compute FAST_CWD pointer.  Please report this problem to
the public mailing list cygwin@cygwin.com
Compiling alt_get_fd.c...
      2 [main] mkdir 21148 find_fast_cwd: WARNING: Couldn't compute FAST_CWD pointer.  Please report this problem to
the public mailing list cygwin@cygwin.com
nios2-elf-gcc -xc -MP -MMD -c  -I./HAL/inc -I. -I./drivers/inc -DSYSTEM_BUS_WIDTH=32 -pipe -D__hal__ -DALT_NO_INSTRUCTION_EMULATION -DALT_SINGLE_THREADED    -O0 -g -Wall  -mno-hw-div -mno-hw-mul -mno-hw-mulx   -o obj/HAL/src/alt_get_fd.o HAL/src/alt_get_fd.c
      2 [main] echo 10424 find_fast_cwd: WARNING: Couldn't compute FAST_CWD pointer.  Please report this problem to
the public mailing list cygwin@cygwin.com
Compiling alt_getchar.c...
      2 [main] mkdir 39668 find_fast_cwd: WARNING: Couldn't compute FAST_CWD pointer.  Please report this problem to
the public mailing list cygwin@cygwin.com
nios2-elf-gcc -xc -MP -MMD -c  -I./HAL/inc -I. -I./drivers/inc -DSYSTEM_BUS_WIDTH=32 -pipe -D__hal__ -DALT_NO_INSTRUCTION_EMULATION -DALT_SINGLE_THREADED    -O0 -g -Wall  -mno-hw-div -mno-hw-mul -mno-hw-mulx   -o obj/HAL/src/alt_getchar.o HAL/src/alt_getchar.c
      2 [main] echo 39860 find_fast_cwd: WARNING: Couldn't compute FAST_CWD pointer.  Please report this problem to
the public mailing list cygwin@cygwin.com
Compiling alt_getpid.c...
      2 [main] mkdir 24848 find_fast_cwd: WARNING: Couldn't compute FAST_CWD pointer.  Please report this problem to
the public mailing list cygwin@cygwin.com
nios2-elf-gcc -xc -MP -MMD -c  -I./HAL/inc -I. -I./drivers/inc -DSYSTEM_BUS_WIDTH=32 -pipe -D__hal__ -DALT_NO_INSTRUCTION_EMULATION -DALT_SINGLE_THREADED    -O0 -g -Wall  -mno-hw-div -mno-hw-mul -mno-hw-mulx   -o obj/HAL/src/alt_getpid.o HAL/src/alt_getpid.c
      2 [main] echo 5936 find_fast_cwd: WARNING: Couldn't compute FAST_CWD pointer.  Please report this problem to
Compiling alt_gettod.c...
the public mailing list cygwin@cygwin.com
      2 [main] mkdir 1288 find_fast_cwd: WARNING: Couldn't compute FAST_CWD pointer.  Please report this problem to
the public mailing list cygwin@cygwin.com
nios2-elf-gcc -xc -MP -MMD -c  -I./HAL/inc -I. -I./drivers/inc -DSYSTEM_BUS_WIDTH=32 -pipe -D__hal__ -DALT_NO_INSTRUCTION_EMULATION -DALT_SINGLE_THREADED    -O0 -g -Wall  -mno-hw-div -mno-hw-mul -mno-hw-mulx   -o obj/HAL/src/alt_gettod.o HAL/src/alt_gettod.c
      2 [main] echo 1012 find_fast_cwd: WARNING: Couldn't compute FAST_CWD pointer.  Please report this problem to
the public mailing list cygwin@cygwin.com
Compiling alt_gmon.c...
      2 [main] mkdir 9252 find_fast_cwd: WARNING: Couldn't compute FAST_CWD pointer.  Please report this problem to
the public mailing list cygwin@cygwin.com
nios2-elf-gcc -xc -MP -MMD -c  -I./HAL/inc -I. -I./drivers/inc -DSYSTEM_BUS_WIDTH=32 -pipe -D__hal__ -DALT_NO_INSTRUCTION_EMULATION -DALT_SINGLE_THREADED    -O0 -g -Wall  -mno-hw-div -mno-hw-mul -mno-hw-mulx   -o obj/HAL/src/alt_gmon.o HAL/src/alt_gmon.c
      4 [main] echo 16912 find_fast_cwd: WARNING: Couldn't compute FAST_CWD pointer.  Please report this problem to
the public mailing list cygwin@cygwin.com
Compiling alt_icache_flush.c...
      2 [main] mkdir 28592 find_fast_cwd: WARNING: Couldn't compute FAST_CWD pointer.  Please report this problem to
the public mailing list cygwin@cygwin.com
nios2-elf-gcc -xc -MP -MMD -c  -I./HAL/inc -I. -I./drivers/inc -DSYSTEM_BUS_WIDTH=32 -pipe -D__hal__ -DALT_NO_INSTRUCTION_EMULATION -DALT_SINGLE_THREADED    -O0 -g -Wall  -mno-hw-div -mno-hw-mul -mno-hw-mulx   -o obj/HAL/src/alt_icache_flush.o HAL/src/alt_icache_flush.c
      2 [main] echo 28216 find_fast_cwd: WARNING: Couldn't compute FAST_CWD pointer.  Please report this problem to
the public mailing list cygwin@cygwin.com
Compiling alt_icache_flush_all.c...
      2 [main] mkdir 27136 find_fast_cwd: WARNING: Couldn't compute FAST_CWD pointer.  Please report this problem to
the public mailing list cygwin@cygwin.com
nios2-elf-gcc -xc -MP -MMD -c  -I./HAL/inc -I. -I./drivers/inc -DSYSTEM_BUS_WIDTH=32 -pipe -D__hal__ -DALT_NO_INSTRUCTION_EMULATION -DALT_SINGLE_THREADED    -O0 -g -Wall  -mno-hw-div -mno-hw-mul -mno-hw-mulx   -o obj/HAL/src/alt_icache_flush_all.o HAL/src/alt_icache_flush_all.c
      2 [main] echo 26336 find_fast_cwd: WARNING: Couldn't compute FAST_CWD pointer.  Please report this problem to
the public mailing list cygwin@cygwin.com
Compiling alt_iic.c...
      2 [main] mkdir 11680 find_fast_cwd: WARNING: Couldn't compute FAST_CWD pointer.  Please report this problem to
the public mailing list cygwin@cygwin.com
nios2-elf-gcc -xc -MP -MMD -c  -I./HAL/inc -I. -I./drivers/inc -DSYSTEM_BUS_WIDTH=32 -pipe -D__hal__ -DALT_NO_INSTRUCTION_EMULATION -DALT_SINGLE_THREADED    -O0 -g -Wall  -mno-hw-div -mno-hw-mul -mno-hw-mulx   -o obj/HAL/src/alt_iic.o HAL/src/alt_iic.c
      2 [main] echo 36844 find_fast_cwd: WARNING: Couldn't compute FAST_CWD pointer.  Please report this problem to
the public mailing list cygwin@cygwin.com
Compiling alt_iic_isr_register.c...
      3 [main] mkdir 12924 find_fast_cwd: WARNING: Couldn't compute FAST_CWD pointer.  Please report this problem to
the public mailing list cygwin@cygwin.com
nios2-elf-gcc -xc -MP -MMD -c  -I./HAL/inc -I. -I./drivers/inc -DSYSTEM_BUS_WIDTH=32 -pipe -D__hal__ -DALT_NO_INSTRUCTION_EMULATION -DALT_SINGLE_THREADED    -O0 -g -Wall  -mno-hw-div -mno-hw-mul -mno-hw-mulx   -o obj/HAL/src/alt_iic_isr_register.o HAL/src/alt_iic_isr_register.c
      2 [main] echo 23660 find_fast_cwd: WARNING: Couldn't compute FAST_CWD pointer.  Please report this problem to
the public mailing list cygwin@cygwin.com
Compiling alt_instruction_exception_entry.c...
      2 [main] mkdir 8260 find_fast_cwd: WARNING: Couldn't compute FAST_CWD pointer.  Please report this problem to
the public mailing list cygwin@cygwin.com
nios2-elf-gcc -xc -MP -MMD -c  -I./HAL/inc -I. -I./drivers/inc -DSYSTEM_BUS_WIDTH=32 -pipe -D__hal__ -DALT_NO_INSTRUCTION_EMULATION -DALT_SINGLE_THREADED    -O0 -g -Wall  -mno-hw-div -mno-hw-mul -mno-hw-mulx   -o obj/HAL/src/alt_instruction_exception_entry.o HAL/src/alt_instruction_exception_entry.c
      2 [main] echo 41424 find_fast_cwd: WARNING: Couldn't compute FAST_CWD pointer.  Please report this problem to
Compiling alt_instruction_exception_register.c...
the public mailing list cygwin@cygwin.com
      2 [main] mkdir 21808 find_fast_cwd: WARNING: Couldn't compute FAST_CWD pointer.  Please report this problem to
the public mailing list cygwin@cygwin.com
nios2-elf-gcc -xc -MP -MMD -c  -I./HAL/inc -I. -I./drivers/inc -DSYSTEM_BUS_WIDTH=32 -pipe -D__hal__ -DALT_NO_INSTRUCTION_EMULATION -DALT_SINGLE_THREADED    -O0 -g -Wall  -mno-hw-div -mno-hw-mul -mno-hw-mulx   -o obj/HAL/src/alt_instruction_exception_register.o HAL/src/alt_instruction_exception_register.c
      2 [main] echo 7640 find_fast_cwd: WARNING: Couldn't compute FAST_CWD pointer.  Please report this problem to
the public mailing list cygwin@cygwin.com
Compiling alt_io_redirect.c...
      2 [main] mkdir 1804 find_fast_cwd: WARNING: Couldn't compute FAST_CWD pointer.  Please report this problem to
the public mailing list cygwin@cygwin.com
nios2-elf-gcc -xc -MP -MMD -c  -I./HAL/inc -I. -I./drivers/inc -DSYSTEM_BUS_WIDTH=32 -pipe -D__hal__ -DALT_NO_INSTRUCTION_EMULATION -DALT_SINGLE_THREADED    -O0 -g -Wall  -mno-hw-div -mno-hw-mul -mno-hw-mulx   -o obj/HAL/src/alt_io_redirect.o HAL/src/alt_io_redirect.c
      1 [main] echo 26456 find_fast_cwd: WARNING: Couldn't compute FAST_CWD pointer.  Please report this problem to
the public mailing list cygwin@cygwin.com
Compiling alt_ioctl.c...
      2 [main] mkdir 34608 find_fast_cwd: WARNING: Couldn't compute FAST_CWD pointer.  Please report this problem to
the public mailing list cygwin@cygwin.com
nios2-elf-gcc -xc -MP -MMD -c  -I./HAL/inc -I. -I./drivers/inc -DSYSTEM_BUS_WIDTH=32 -pipe -D__hal__ -DALT_NO_INSTRUCTION_EMULATION -DALT_SINGLE_THREADED    -O0 -g -Wall  -mno-hw-div -mno-hw-mul -mno-hw-mulx   -o obj/HAL/src/alt_ioctl.o HAL/src/alt_ioctl.c
      2 [main] echo 19592 find_fast_cwd: WARNING: Couldn't compute FAST_CWD pointer.  Please report this problem to
the public mailing list cygwin@cygwin.com
Compiling alt_irq_entry.S...
      2 [main] mkdir 42900 find_fast_cwd: WARNING: Couldn't compute FAST_CWD pointer.  Please report this problem to
the public mailing list cygwin@cygwin.com
nios2-elf-gcc -MP -MMD -c   -O0 -g -Wall  -mno-hw-div -mno-hw-mul -mno-hw-mulx    -I./HAL/inc -I. -I./drivers/inc -DSYSTEM_BUS_WIDTH=32 -pipe -D__hal__ -DALT_NO_INSTRUCTION_EMULATION -DALT_SINGLE_THREADED  -Wa,-gdwarf2  -o obj/HAL/src/alt_irq_entry.o HAL/src/alt_irq_entry.S
      2 [main] echo 35520 find_fast_cwd: WARNING: Couldn't compute FAST_CWD pointer.  Please report this problem to
Compiling alt_irq_handler.c...
the public mailing list cygwin@cygwin.com
      2 [main] mkdir 26980 find_fast_cwd: WARNING: Couldn't compute FAST_CWD pointer.  Please report this problem to
the public mailing list cygwin@cygwin.com
nios2-elf-gcc -xc -MP -MMD -c  -I./HAL/inc -I. -I./drivers/inc -DSYSTEM_BUS_WIDTH=32 -pipe -D__hal__ -DALT_NO_INSTRUCTION_EMULATION -DALT_SINGLE_THREADED    -O0 -g -Wall  -mno-hw-div -mno-hw-mul -mno-hw-mulx   -o obj/HAL/src/alt_irq_handler.o HAL/src/alt_irq_handler.c
      2 [main] echo 17604 find_fast_cwd: WARNING: Couldn't compute FAST_CWD pointer.  Please report this problem to
Compiling alt_irq_register.c...
the public mailing list cygwin@cygwin.com
      1 [main] mkdir 37040 find_fast_cwd: WARNING: Couldn't compute FAST_CWD pointer.  Please report this problem to
the public mailing list cygwin@cygwin.com
nios2-elf-gcc -xc -MP -MMD -c  -I./HAL/inc -I. -I./drivers/inc -DSYSTEM_BUS_WIDTH=32 -pipe -D__hal__ -DALT_NO_INSTRUCTION_EMULATION -DALT_SINGLE_THREADED    -O0 -g -Wall  -mno-hw-div -mno-hw-mul -mno-hw-mulx   -o obj/HAL/src/alt_irq_register.o HAL/src/alt_irq_register.c
      3 [main] echo 9072 find_fast_cwd: WARNING: Couldn't compute FAST_CWD pointer.  Please report this problem to
the public mailing list cygwin@cygwin.com
Compiling alt_irq_vars.c...
      2 [main] mkdir 1004 find_fast_cwd: WARNING: Couldn't compute FAST_CWD pointer.  Please report this problem to
the public mailing list cygwin@cygwin.com
nios2-elf-gcc -xc -MP -MMD -c  -I./HAL/inc -I. -I./drivers/inc -DSYSTEM_BUS_WIDTH=32 -pipe -D__hal__ -DALT_NO_INSTRUCTION_EMULATION -DALT_SINGLE_THREADED    -O0 -g -Wall  -mno-hw-div -mno-hw-mul -mno-hw-mulx   -o obj/HAL/src/alt_irq_vars.o HAL/src/alt_irq_vars.c
      2 [main] echo 24936 find_fast_cwd: WARNING: Couldn't compute FAST_CWD pointer.  Please report this problem to
the public mailing list cygwin@cygwin.com
Compiling alt_isatty.c...
      4 [main] mkdir 29728 find_fast_cwd: WARNING: Couldn't compute FAST_CWD pointer.  Please report this problem to
the public mailing list cygwin@cygwin.com
nios2-elf-gcc -xc -MP -MMD -c  -I./HAL/inc -I. -I./drivers/inc -DSYSTEM_BUS_WIDTH=32 -pipe -D__hal__ -DALT_NO_INSTRUCTION_EMULATION -DALT_SINGLE_THREADED    -O0 -g -Wall  -mno-hw-div -mno-hw-mul -mno-hw-mulx   -o obj/HAL/src/alt_isatty.o HAL/src/alt_isatty.c
      2 [main] echo 21476 find_fast_cwd: WARNING: Couldn't compute FAST_CWD pointer.  Please report this problem to
Compiling alt_kill.c...
the public mailing list cygwin@cygwin.com
      2 [main] mkdir 21200 find_fast_cwd: WARNING: Couldn't compute FAST_CWD pointer.  Please report this problem to
the public mailing list cygwin@cygwin.com
nios2-elf-gcc -xc -MP -MMD -c  -I./HAL/inc -I. -I./drivers/inc -DSYSTEM_BUS_WIDTH=32 -pipe -D__hal__ -DALT_NO_INSTRUCTION_EMULATION -DALT_SINGLE_THREADED    -O0 -g -Wall  -mno-hw-div -mno-hw-mul -mno-hw-mulx   -o obj/HAL/src/alt_kill.o HAL/src/alt_kill.c
      2 [main] echo 31712 find_fast_cwd: WARNING: Couldn't compute FAST_CWD pointer.  Please report this problem to
the public mailing list cygwin@cygwin.com
Compiling alt_link.c...
      2 [main] mkdir 11896 find_fast_cwd: WARNING: Couldn't compute FAST_CWD pointer.  Please report this problem to
the public mailing list cygwin@cygwin.com
nios2-elf-gcc -xc -MP -MMD -c  -I./HAL/inc -I. -I./drivers/inc -DSYSTEM_BUS_WIDTH=32 -pipe -D__hal__ -DALT_NO_INSTRUCTION_EMULATION -DALT_SINGLE_THREADED    -O0 -g -Wall  -mno-hw-div -mno-hw-mul -mno-hw-mulx   -o obj/HAL/src/alt_link.o HAL/src/alt_link.c
      2 [main] echo 30464 find_fast_cwd: WARNING: Couldn't compute FAST_CWD pointer.  Please report this problem to
Compiling alt_load.c...
the public mailing list cygwin@cygwin.com
      2 [main] mkdir 28816 find_fast_cwd: WARNING: Couldn't compute FAST_CWD pointer.  Please report this problem to
the public mailing list cygwin@cygwin.com
nios2-elf-gcc -xc -MP -MMD -c  -I./HAL/inc -I. -I./drivers/inc -DSYSTEM_BUS_WIDTH=32 -pipe -D__hal__ -DALT_NO_INSTRUCTION_EMULATION -DALT_SINGLE_THREADED    -O0 -g -Wall  -mno-hw-div -mno-hw-mul -mno-hw-mulx   -o obj/HAL/src/alt_load.o HAL/src/alt_load.c
HAL/src/alt_load.c: In function 'alt_load':
HAL/src/alt_load.c:62:21: warning: taking address of expression of type 'void' [enabled by default]
HAL/src/alt_load.c:63:19: warning: taking address of expression of type 'void' [enabled by default]
HAL/src/alt_load.c:64:19: warning: taking address of expression of type 'void' [enabled by default]
HAL/src/alt_load.c:70:21: warning: taking address of expression of type 'void' [enabled by default]
HAL/src/alt_load.c:71:19: warning: taking address of expression of type 'void' [enabled by default]
HAL/src/alt_load.c:72:19: warning: taking address of expression of type 'void' [enabled by default]
HAL/src/alt_load.c:78:21: warning: taking address of expression of type 'void' [enabled by default]
HAL/src/alt_load.c:79:19: warning: taking address of expression of type 'void' [enabled by default]
HAL/src/alt_load.c:80:19: warning: taking address of expression of type 'void' [enabled by default]
      2 [main] echo 13592 find_fast_cwd: WARNING: Couldn't compute FAST_CWD pointer.  Please report this problem to
the public mailing list cygwin@cygwin.com
Compiling alt_log_macro.S...
      2 [main] mkdir 39388 find_fast_cwd: WARNING: Couldn't compute FAST_CWD pointer.  Please report this problem to
the public mailing list cygwin@cygwin.com
nios2-elf-gcc -MP -MMD -c   -O0 -g -Wall  -mno-hw-div -mno-hw-mul -mno-hw-mulx    -I./HAL/inc -I. -I./drivers/inc -DSYSTEM_BUS_WIDTH=32 -pipe -D__hal__ -DALT_NO_INSTRUCTION_EMULATION -DALT_SINGLE_THREADED  -Wa,-gdwarf2  -o obj/HAL/src/alt_log_macro.o HAL/src/alt_log_macro.S
      2 [main] echo 30976 find_fast_cwd: WARNING: Couldn't compute FAST_CWD pointer.  Please report this problem to
the public mailing list cygwin@cygwin.com
Compiling alt_log_printf.c...
      2 [main] mkdir 17320 find_fast_cwd: WARNING: Couldn't compute FAST_CWD pointer.  Please report this problem to
the public mailing list cygwin@cygwin.com
nios2-elf-gcc -xc -MP -MMD -c  -I./HAL/inc -I. -I./drivers/inc -DSYSTEM_BUS_WIDTH=32 -pipe -D__hal__ -DALT_NO_INSTRUCTION_EMULATION -DALT_SINGLE_THREADED    -O0 -g -Wall  -mno-hw-div -mno-hw-mul -mno-hw-mulx   -o obj/HAL/src/alt_log_printf.o HAL/src/alt_log_printf.c
      2 [main] echo 40764 find_fast_cwd: WARNING: Couldn't compute FAST_CWD pointer.  Please report this problem to
the public mailing list cygwin@cygwin.com
Compiling alt_lseek.c...
      1 [main] mkdir 17968 find_fast_cwd: WARNING: Couldn't compute FAST_CWD pointer.  Please report this problem to
the public mailing list cygwin@cygwin.com
nios2-elf-gcc -xc -MP -MMD -c  -I./HAL/inc -I. -I./drivers/inc -DSYSTEM_BUS_WIDTH=32 -pipe -D__hal__ -DALT_NO_INSTRUCTION_EMULATION -DALT_SINGLE_THREADED    -O0 -g -Wall  -mno-hw-div -mno-hw-mul -mno-hw-mulx   -o obj/HAL/src/alt_lseek.o HAL/src/alt_lseek.c
      3 [main] echo 40608 find_fast_cwd: WARNING: Couldn't compute FAST_CWD pointer.  Please report this problem to
the public mailing list cygwin@cygwin.com
Compiling alt_main.c...
      3 [main] mkdir 15104 find_fast_cwd: WARNING: Couldn't compute FAST_CWD pointer.  Please report this problem to
the public mailing list cygwin@cygwin.com
nios2-elf-gcc -xc -MP -MMD -c  -I./HAL/inc -I. -I./drivers/inc -DSYSTEM_BUS_WIDTH=32 -pipe -D__hal__ -DALT_NO_INSTRUCTION_EMULATION -DALT_SINGLE_THREADED    -O0 -g -Wall  -mno-hw-div -mno-hw-mul -mno-hw-mulx   -o obj/HAL/src/alt_main.o HAL/src/alt_main.c
      3 [main] echo 22780 find_fast_cwd: WARNING: Couldn't compute FAST_CWD pointer.  Please report this problem to
the public mailing list cygwin@cygwin.com
Compiling alt_malloc_lock.c...
      2 [main] mkdir 42364 find_fast_cwd: WARNING: Couldn't compute FAST_CWD pointer.  Please report this problem to
the public mailing list cygwin@cygwin.com
nios2-elf-gcc -xc -MP -MMD -c  -I./HAL/inc -I. -I./drivers/inc -DSYSTEM_BUS_WIDTH=32 -pipe -D__hal__ -DALT_NO_INSTRUCTION_EMULATION -DALT_SINGLE_THREADED    -O0 -g -Wall  -mno-hw-div -mno-hw-mul -mno-hw-mulx   -o obj/HAL/src/alt_malloc_lock.o HAL/src/alt_malloc_lock.c
      2 [main] echo 5072 find_fast_cwd: WARNING: Couldn't compute FAST_CWD pointer.  Please report this problem to
the public mailing list cygwin@cygwin.com
Compiling alt_mcount.S...
      2 [main] mkdir 41856 find_fast_cwd: WARNING: Couldn't compute FAST_CWD pointer.  Please report this problem to
the public mailing list cygwin@cygwin.com
nios2-elf-gcc -MP -MMD -c   -O0 -g -Wall  -mno-hw-div -mno-hw-mul -mno-hw-mulx    -I./HAL/inc -I. -I./drivers/inc -DSYSTEM_BUS_WIDTH=32 -pipe -D__hal__ -DALT_NO_INSTRUCTION_EMULATION -DALT_SINGLE_THREADED  -Wa,-gdwarf2  -o obj/HAL/src/alt_mcount.o HAL/src/alt_mcount.S
      1 [main] echo 5336 find_fast_cwd: WARNING: Couldn't compute FAST_CWD pointer.  Please report this problem to
the public mailing list cygwin@cygwin.com
Compiling alt_open.c...
      2 [main] mkdir 34020 find_fast_cwd: WARNING: Couldn't compute FAST_CWD pointer.  Please report this problem to
the public mailing list cygwin@cygwin.com
nios2-elf-gcc -xc -MP -MMD -c  -I./HAL/inc -I. -I./drivers/inc -DSYSTEM_BUS_WIDTH=32 -pipe -D__hal__ -DALT_NO_INSTRUCTION_EMULATION -DALT_SINGLE_THREADED    -O0 -g -Wall  -mno-hw-div -mno-hw-mul -mno-hw-mulx   -o obj/HAL/src/alt_open.o HAL/src/alt_open.c
      2 [main] echo 35252 find_fast_cwd: WARNING: Couldn't compute FAST_CWD pointer.  Please report this problem to
Compiling alt_printf.c...
the public mailing list cygwin@cygwin.com
      2 [main] mkdir 29664 find_fast_cwd: WARNING: Couldn't compute FAST_CWD pointer.  Please report this problem to
the public mailing list cygwin@cygwin.com
nios2-elf-gcc -xc -MP -MMD -c  -I./HAL/inc -I. -I./drivers/inc -DSYSTEM_BUS_WIDTH=32 -pipe -D__hal__ -DALT_NO_INSTRUCTION_EMULATION -DALT_SINGLE_THREADED    -O0 -g -Wall  -mno-hw-div -mno-hw-mul -mno-hw-mulx   -o obj/HAL/src/alt_printf.o HAL/src/alt_printf.c
      2 [main] echo 1868 find_fast_cwd: WARNING: Couldn't compute FAST_CWD pointer.  Please report this problem to
the public mailing list cygwin@cygwin.com
Compiling alt_putchar.c...
      2 [main] mkdir 11180 find_fast_cwd: WARNING: Couldn't compute FAST_CWD pointer.  Please report this problem to
the public mailing list cygwin@cygwin.com
nios2-elf-gcc -xc -MP -MMD -c  -I./HAL/inc -I. -I./drivers/inc -DSYSTEM_BUS_WIDTH=32 -pipe -D__hal__ -DALT_NO_INSTRUCTION_EMULATION -DALT_SINGLE_THREADED    -O0 -g -Wall  -mno-hw-div -mno-hw-mul -mno-hw-mulx   -o obj/HAL/src/alt_putchar.o HAL/src/alt_putchar.c
      2 [main] echo 34280 find_fast_cwd: WARNING: Couldn't compute FAST_CWD pointer.  Please report this problem to
the public mailing list cygwin@cygwin.com
Compiling alt_putstr.c...
      2 [main] mkdir 38744 find_fast_cwd: WARNING: Couldn't compute FAST_CWD pointer.  Please report this problem to
the public mailing list cygwin@cygwin.com
nios2-elf-gcc -xc -MP -MMD -c  -I./HAL/inc -I. -I./drivers/inc -DSYSTEM_BUS_WIDTH=32 -pipe -D__hal__ -DALT_NO_INSTRUCTION_EMULATION -DALT_SINGLE_THREADED    -O0 -g -Wall  -mno-hw-div -mno-hw-mul -mno-hw-mulx   -o obj/HAL/src/alt_putstr.o HAL/src/alt_putstr.c
      1 [main] echo 25132 find_fast_cwd: WARNING: Couldn't compute FAST_CWD pointer.  Please report this problem to
the public mailing list cygwin@cygwin.com
Compiling alt_read.c...
      2 [main] mkdir 3572 find_fast_cwd: WARNING: Couldn't compute FAST_CWD pointer.  Please report this problem to
the public mailing list cygwin@cygwin.com
nios2-elf-gcc -xc -MP -MMD -c  -I./HAL/inc -I. -I./drivers/inc -DSYSTEM_BUS_WIDTH=32 -pipe -D__hal__ -DALT_NO_INSTRUCTION_EMULATION -DALT_SINGLE_THREADED    -O0 -g -Wall  -mno-hw-div -mno-hw-mul -mno-hw-mulx   -o obj/HAL/src/alt_read.o HAL/src/alt_read.c
      2 [main] echo 7496 find_fast_cwd: WARNING: Couldn't compute FAST_CWD pointer.  Please report this problem to
the public mailing list cygwin@cygwin.com
Compiling alt_release_fd.c...
      2 [main] mkdir 38028 find_fast_cwd: WARNING: Couldn't compute FAST_CWD pointer.  Please report this problem to
the public mailing list cygwin@cygwin.com
nios2-elf-gcc -xc -MP -MMD -c  -I./HAL/inc -I. -I./drivers/inc -DSYSTEM_BUS_WIDTH=32 -pipe -D__hal__ -DALT_NO_INSTRUCTION_EMULATION -DALT_SINGLE_THREADED    -O0 -g -Wall  -mno-hw-div -mno-hw-mul -mno-hw-mulx   -o obj/HAL/src/alt_release_fd.o HAL/src/alt_release_fd.c
      2 [main] echo 23832 find_fast_cwd: WARNING: Couldn't compute FAST_CWD pointer.  Please report this problem to
Compiling alt_remap_cached.c...
the public mailing list cygwin@cygwin.com
      2 [main] mkdir 17288 find_fast_cwd: WARNING: Couldn't compute FAST_CWD pointer.  Please report this problem to
the public mailing list cygwin@cygwin.com
nios2-elf-gcc -xc -MP -MMD -c  -I./HAL/inc -I. -I./drivers/inc -DSYSTEM_BUS_WIDTH=32 -pipe -D__hal__ -DALT_NO_INSTRUCTION_EMULATION -DALT_SINGLE_THREADED    -O0 -g -Wall  -mno-hw-div -mno-hw-mul -mno-hw-mulx   -o obj/HAL/src/alt_remap_cached.o HAL/src/alt_remap_cached.c
      2 [main] echo 35512 find_fast_cwd: WARNING: Couldn't compute FAST_CWD pointer.  Please report this problem to
Compiling alt_remap_uncached.c...
the public mailing list cygwin@cygwin.com
      2 [main] mkdir 40800 find_fast_cwd: WARNING: Couldn't compute FAST_CWD pointer.  Please report this problem to
the public mailing list cygwin@cygwin.com
nios2-elf-gcc -xc -MP -MMD -c  -I./HAL/inc -I. -I./drivers/inc -DSYSTEM_BUS_WIDTH=32 -pipe -D__hal__ -DALT_NO_INSTRUCTION_EMULATION -DALT_SINGLE_THREADED    -O0 -g -Wall  -mno-hw-div -mno-hw-mul -mno-hw-mulx   -o obj/HAL/src/alt_remap_uncached.o HAL/src/alt_remap_uncached.c
      2 [main] echo 36796 find_fast_cwd: WARNING: Couldn't compute FAST_CWD pointer.  Please report this problem to
the public mailing list cygwin@cygwin.com
Compiling alt_rename.c...
      2 [main] mkdir 10760 find_fast_cwd: WARNING: Couldn't compute FAST_CWD pointer.  Please report this problem to
the public mailing list cygwin@cygwin.com
nios2-elf-gcc -xc -MP -MMD -c  -I./HAL/inc -I. -I./drivers/inc -DSYSTEM_BUS_WIDTH=32 -pipe -D__hal__ -DALT_NO_INSTRUCTION_EMULATION -DALT_SINGLE_THREADED    -O0 -g -Wall  -mno-hw-div -mno-hw-mul -mno-hw-mulx   -o obj/HAL/src/alt_rename.o HAL/src/alt_rename.c
      2 [main] echo 22228 find_fast_cwd: WARNING: Couldn't compute FAST_CWD pointer.  Please report this problem to
the public mailing list cygwin@cygwin.com
Compiling alt_sbrk.c...
      2 [main] mkdir 28404 find_fast_cwd: WARNING: Couldn't compute FAST_CWD pointer.  Please report this problem to
the public mailing list cygwin@cygwin.com
nios2-elf-gcc -xc -MP -MMD -c  -I./HAL/inc -I. -I./drivers/inc -DSYSTEM_BUS_WIDTH=32 -pipe -D__hal__ -DALT_NO_INSTRUCTION_EMULATION -DALT_SINGLE_THREADED    -O0 -g -Wall  -mno-hw-div -mno-hw-mul -mno-hw-mulx   -o obj/HAL/src/alt_sbrk.o HAL/src/alt_sbrk.c
      2 [main] echo 400 find_fast_cwd: WARNING: Couldn't compute FAST_CWD pointer.  Please report this problem to
the public mailing list cygwin@cygwin.com
Compiling alt_settod.c...
      2 [main] mkdir 40024 find_fast_cwd: WARNING: Couldn't compute FAST_CWD pointer.  Please report this problem to
the public mailing list cygwin@cygwin.com
nios2-elf-gcc -xc -MP -MMD -c  -I./HAL/inc -I. -I./drivers/inc -DSYSTEM_BUS_WIDTH=32 -pipe -D__hal__ -DALT_NO_INSTRUCTION_EMULATION -DALT_SINGLE_THREADED    -O0 -g -Wall  -mno-hw-div -mno-hw-mul -mno-hw-mulx   -o obj/HAL/src/alt_settod.o HAL/src/alt_settod.c
      2 [main] echo 30660 find_fast_cwd: WARNING: Couldn't compute FAST_CWD pointer.  Please report this problem to
Compiling alt_software_exception.S...
the public mailing list cygwin@cygwin.com
      2 [main] mkdir 33016 find_fast_cwd: WARNING: Couldn't compute FAST_CWD pointer.  Please report this problem to
the public mailing list cygwin@cygwin.com
nios2-elf-gcc -MP -MMD -c   -O0 -g -Wall  -mno-hw-div -mno-hw-mul -mno-hw-mulx    -I./HAL/inc -I. -I./drivers/inc -DSYSTEM_BUS_WIDTH=32 -pipe -D__hal__ -DALT_NO_INSTRUCTION_EMULATION -DALT_SINGLE_THREADED  -Wa,-gdwarf2  -o obj/HAL/src/alt_software_exception.o HAL/src/alt_software_exception.S
      2 [main] echo 41912 find_fast_cwd: WARNING: Couldn't compute FAST_CWD pointer.  Please report this problem to
the public mailing list cygwin@cygwin.com
Compiling alt_stat.c...
      2 [main] mkdir 42064 find_fast_cwd: WARNING: Couldn't compute FAST_CWD pointer.  Please report this problem to
the public mailing list cygwin@cygwin.com
nios2-elf-gcc -xc -MP -MMD -c  -I./HAL/inc -I. -I./drivers/inc -DSYSTEM_BUS_WIDTH=32 -pipe -D__hal__ -DALT_NO_INSTRUCTION_EMULATION -DALT_SINGLE_THREADED    -O0 -g -Wall  -mno-hw-div -mno-hw-mul -mno-hw-mulx   -o obj/HAL/src/alt_stat.o HAL/src/alt_stat.c
      2 [main] echo 41104 find_fast_cwd: WARNING: Couldn't compute FAST_CWD pointer.  Please report this problem to
the public mailing list cygwin@cygwin.com
Compiling alt_tick.c...
      2 [main] mkdir 15520 find_fast_cwd: WARNING: Couldn't compute FAST_CWD pointer.  Please report this problem to
the public mailing list cygwin@cygwin.com
nios2-elf-gcc -xc -MP -MMD -c  -I./HAL/inc -I. -I./drivers/inc -DSYSTEM_BUS_WIDTH=32 -pipe -D__hal__ -DALT_NO_INSTRUCTION_EMULATION -DALT_SINGLE_THREADED    -O0 -g -Wall  -mno-hw-div -mno-hw-mul -mno-hw-mulx   -o obj/HAL/src/alt_tick.o HAL/src/alt_tick.c
      2 [main] echo 5684 find_fast_cwd: WARNING: Couldn't compute FAST_CWD pointer.  Please report this problem to
the public mailing list cygwin@cygwin.com
Compiling alt_times.c...
      2 [main] mkdir 8672 find_fast_cwd: WARNING: Couldn't compute FAST_CWD pointer.  Please report this problem to
the public mailing list cygwin@cygwin.com
nios2-elf-gcc -xc -MP -MMD -c  -I./HAL/inc -I. -I./drivers/inc -DSYSTEM_BUS_WIDTH=32 -pipe -D__hal__ -DALT_NO_INSTRUCTION_EMULATION -DALT_SINGLE_THREADED    -O0 -g -Wall  -mno-hw-div -mno-hw-mul -mno-hw-mulx   -o obj/HAL/src/alt_times.o HAL/src/alt_times.c
      2 [main] echo 16448 find_fast_cwd: WARNING: Couldn't compute FAST_CWD pointer.  Please report this problem to
the public mailing list cygwin@cygwin.com
Compiling alt_uncached_free.c...
      2 [main] mkdir 15804 find_fast_cwd: WARNING: Couldn't compute FAST_CWD pointer.  Please report this problem to
the public mailing list cygwin@cygwin.com
nios2-elf-gcc -xc -MP -MMD -c  -I./HAL/inc -I. -I./drivers/inc -DSYSTEM_BUS_WIDTH=32 -pipe -D__hal__ -DALT_NO_INSTRUCTION_EMULATION -DALT_SINGLE_THREADED    -O0 -g -Wall  -mno-hw-div -mno-hw-mul -mno-hw-mulx   -o obj/HAL/src/alt_uncached_free.o HAL/src/alt_uncached_free.c
      2 [main] echo 39432 find_fast_cwd: WARNING: Couldn't compute FAST_CWD pointer.  Please report this problem to
the public mailing list cygwin@cygwin.com
Compiling alt_uncached_malloc.c...
      2 [main] mkdir 29572 find_fast_cwd: WARNING: Couldn't compute FAST_CWD pointer.  Please report this problem to
the public mailing list cygwin@cygwin.com
nios2-elf-gcc -xc -MP -MMD -c  -I./HAL/inc -I. -I./drivers/inc -DSYSTEM_BUS_WIDTH=32 -pipe -D__hal__ -DALT_NO_INSTRUCTION_EMULATION -DALT_SINGLE_THREADED    -O0 -g -Wall  -mno-hw-div -mno-hw-mul -mno-hw-mulx   -o obj/HAL/src/alt_uncached_malloc.o HAL/src/alt_uncached_malloc.c
      2 [main] echo 8092 find_fast_cwd: WARNING: Couldn't compute FAST_CWD pointer.  Please report this problem to
the public mailing list cygwin@cygwin.com
Compiling alt_unlink.c...
      2 [main] mkdir 17740 find_fast_cwd: WARNING: Couldn't compute FAST_CWD pointer.  Please report this problem to
the public mailing list cygwin@cygwin.com
nios2-elf-gcc -xc -MP -MMD -c  -I./HAL/inc -I. -I./drivers/inc -DSYSTEM_BUS_WIDTH=32 -pipe -D__hal__ -DALT_NO_INSTRUCTION_EMULATION -DALT_SINGLE_THREADED    -O0 -g -Wall  -mno-hw-div -mno-hw-mul -mno-hw-mulx   -o obj/HAL/src/alt_unlink.o HAL/src/alt_unlink.c
      2 [main] echo 41280 find_fast_cwd: WARNING: Couldn't compute FAST_CWD pointer.  Please report this problem to
the public mailing list cygwin@cygwin.com
Compiling alt_usleep.c...
      2 [main] mkdir 28836 find_fast_cwd: WARNING: Couldn't compute FAST_CWD pointer.  Please report this problem to
the public mailing list cygwin@cygwin.com
nios2-elf-gcc -xc -MP -MMD -c  -I./HAL/inc -I. -I./drivers/inc -DSYSTEM_BUS_WIDTH=32 -pipe -D__hal__ -DALT_NO_INSTRUCTION_EMULATION -DALT_SINGLE_THREADED    -O0 -g -Wall  -mno-hw-div -mno-hw-mul -mno-hw-mulx   -o obj/HAL/src/alt_usleep.o HAL/src/alt_usleep.c
      2 [main] echo 15100 find_fast_cwd: WARNING: Couldn't compute FAST_CWD pointer.  Please report this problem to
Compiling alt_wait.c...
the public mailing list cygwin@cygwin.com
      2 [main] mkdir 38152 find_fast_cwd: WARNING: Couldn't compute FAST_CWD pointer.  Please report this problem to
the public mailing list cygwin@cygwin.com
nios2-elf-gcc -xc -MP -MMD -c  -I./HAL/inc -I. -I./drivers/inc -DSYSTEM_BUS_WIDTH=32 -pipe -D__hal__ -DALT_NO_INSTRUCTION_EMULATION -DALT_SINGLE_THREADED    -O0 -g -Wall  -mno-hw-div -mno-hw-mul -mno-hw-mulx   -o obj/HAL/src/alt_wait.o HAL/src/alt_wait.c
      2 [main] echo 16364 find_fast_cwd: WARNING: Couldn't compute FAST_CWD pointer.  Please report this problem to
the public mailing list cygwin@cygwin.com
Compiling alt_write.c...
      2 [main] mkdir 40064 find_fast_cwd: WARNING: Couldn't compute FAST_CWD pointer.  Please report this problem to
the public mailing list cygwin@cygwin.com
nios2-elf-gcc -xc -MP -MMD -c  -I./HAL/inc -I. -I./drivers/inc -DSYSTEM_BUS_WIDTH=32 -pipe -D__hal__ -DALT_NO_INSTRUCTION_EMULATION -DALT_SINGLE_THREADED    -O0 -g -Wall  -mno-hw-div -mno-hw-mul -mno-hw-mulx   -o obj/HAL/src/alt_write.o HAL/src/alt_write.c
      2 [main] echo 23788 find_fast_cwd: WARNING: Couldn't compute FAST_CWD pointer.  Please report this problem to
the public mailing list cygwin@cygwin.com
Compiling altera_nios2_qsys_irq.c...
      2 [main] mkdir 31880 find_fast_cwd: WARNING: Couldn't compute FAST_CWD pointer.  Please report this problem to
the public mailing list cygwin@cygwin.com
nios2-elf-gcc -xc -MP -MMD -c  -I./HAL/inc -I. -I./drivers/inc -DSYSTEM_BUS_WIDTH=32 -pipe -D__hal__ -DALT_NO_INSTRUCTION_EMULATION -DALT_SINGLE_THREADED    -O0 -g -Wall  -mno-hw-div -mno-hw-mul -mno-hw-mulx   -o obj/HAL/src/altera_nios2_qsys_irq.o HAL/src/altera_nios2_qsys_irq.c
      2 [main] echo 33528 find_fast_cwd: WARNING: Couldn't compute FAST_CWD pointer.  Please report this problem to
Compiling crt0.S...
the public mailing list cygwin@cygwin.com
      2 [main] mkdir 1276 find_fast_cwd: WARNING: Couldn't compute FAST_CWD pointer.  Please report this problem to
the public mailing list cygwin@cygwin.com
nios2-elf-gcc -MP -MMD -c   -O0 -g -Wall  -mno-hw-div -mno-hw-mul -mno-hw-mulx    -I./HAL/inc -I. -I./drivers/inc -DSYSTEM_BUS_WIDTH=32 -pipe -D__hal__ -DALT_NO_INSTRUCTION_EMULATION -DALT_SINGLE_THREADED  -Wa,-gdwarf2  -o obj/HAL/src/crt0.o HAL/src/crt0.S
      2 [main] echo 24032 find_fast_cwd: WARNING: Couldn't compute FAST_CWD pointer.  Please report this problem to
the public mailing list cygwin@cygwin.com
Compiling alt_sys_init.c...
      2 [main] mkdir 36404 find_fast_cwd: WARNING: Couldn't compute FAST_CWD pointer.  Please report this problem to
the public mailing list cygwin@cygwin.com
nios2-elf-gcc -xc -MP -MMD -c  -I./HAL/inc -I. -I./drivers/inc -DSYSTEM_BUS_WIDTH=32 -pipe -D__hal__ -DALT_NO_INSTRUCTION_EMULATION -DALT_SINGLE_THREADED    -O0 -g -Wall  -mno-hw-div -mno-hw-mul -mno-hw-mulx   -o obj/alt_sys_init.o alt_sys_init.c
      2 [main] echo 42112 find_fast_cwd: WARNING: Couldn't compute FAST_CWD pointer.  Please report this problem to
Compiling altera_avalon_jtag_uart_fd.c...
the public mailing list cygwin@cygwin.com
      2 [main] mkdir 11600 find_fast_cwd: WARNING: Couldn't compute FAST_CWD pointer.  Please report this problem to
the public mailing list cygwin@cygwin.com
nios2-elf-gcc -xc -MP -MMD -c  -I./HAL/inc -I. -I./drivers/inc -DSYSTEM_BUS_WIDTH=32 -pipe -D__hal__ -DALT_NO_INSTRUCTION_EMULATION -DALT_SINGLE_THREADED    -O0 -g -Wall  -mno-hw-div -mno-hw-mul -mno-hw-mulx   -o obj/drivers/src/altera_avalon_jtag_uart_fd.o drivers/src/altera_avalon_jtag_uart_fd.c
      2 [main] echo 7224 find_fast_cwd: WARNING: Couldn't compute FAST_CWD pointer.  Please report this problem to
the public mailing list cygwin@cygwin.com
Compiling altera_avalon_jtag_uart_init.c...
      2 [main] mkdir 14800 find_fast_cwd: WARNING: Couldn't compute FAST_CWD pointer.  Please report this problem to
the public mailing list cygwin@cygwin.com
nios2-elf-gcc -xc -MP -MMD -c  -I./HAL/inc -I. -I./drivers/inc -DSYSTEM_BUS_WIDTH=32 -pipe -D__hal__ -DALT_NO_INSTRUCTION_EMULATION -DALT_SINGLE_THREADED    -O0 -g -Wall  -mno-hw-div -mno-hw-mul -mno-hw-mulx   -o obj/drivers/src/altera_avalon_jtag_uart_init.o drivers/src/altera_avalon_jtag_uart_init.c
      2 [main] echo 19588 find_fast_cwd: WARNING: Couldn't compute FAST_CWD pointer.  Please report this problem to
the public mailing list cygwin@cygwin.com
Compiling altera_avalon_jtag_uart_ioctl.c...
      2 [main] mkdir 3512 find_fast_cwd: WARNING: Couldn't compute FAST_CWD pointer.  Please report this problem to
the public mailing list cygwin@cygwin.com
nios2-elf-gcc -xc -MP -MMD -c  -I./HAL/inc -I. -I./drivers/inc -DSYSTEM_BUS_WIDTH=32 -pipe -D__hal__ -DALT_NO_INSTRUCTION_EMULATION -DALT_SINGLE_THREADED    -O0 -g -Wall  -mno-hw-div -mno-hw-mul -mno-hw-mulx   -o obj/drivers/src/altera_avalon_jtag_uart_ioctl.o drivers/src/altera_avalon_jtag_uart_ioctl.c
      2 [main] echo 30544 find_fast_cwd: WARNING: Couldn't compute FAST_CWD pointer.  Please report this problem to
the public mailing list cygwin@cygwin.com
Compiling altera_avalon_jtag_uart_read.c...
      2 [main] mkdir 16528 find_fast_cwd: WARNING: Couldn't compute FAST_CWD pointer.  Please report this problem to
the public mailing list cygwin@cygwin.com
nios2-elf-gcc -xc -MP -MMD -c  -I./HAL/inc -I. -I./drivers/inc -DSYSTEM_BUS_WIDTH=32 -pipe -D__hal__ -DALT_NO_INSTRUCTION_EMULATION -DALT_SINGLE_THREADED    -O0 -g -Wall  -mno-hw-div -mno-hw-mul -mno-hw-mulx   -o obj/drivers/src/altera_avalon_jtag_uart_read.o drivers/src/altera_avalon_jtag_uart_read.c
      2 [main] echo 31364 find_fast_cwd: WARNING: Couldn't compute FAST_CWD pointer.  Please report this problem to
the public mailing list cygwin@cygwin.com
Compiling altera_avalon_jtag_uart_write.c...
      2 [main] mkdir 24792 find_fast_cwd: WARNING: Couldn't compute FAST_CWD pointer.  Please report this problem to
the public mailing list cygwin@cygwin.com
nios2-elf-gcc -xc -MP -MMD -c  -I./HAL/inc -I. -I./drivers/inc -DSYSTEM_BUS_WIDTH=32 -pipe -D__hal__ -DALT_NO_INSTRUCTION_EMULATION -DALT_SINGLE_THREADED    -O0 -g -Wall  -mno-hw-div -mno-hw-mul -mno-hw-mulx   -o obj/drivers/src/altera_avalon_jtag_uart_write.o drivers/src/altera_avalon_jtag_uart_write.c
      2 [main] echo 14316 find_fast_cwd: WARNING: Couldn't compute FAST_CWD pointer.  Please report this problem to
the public mailing list cygwin@cygwin.com
Compiling altera_avalon_sysid_qsys.c...
      2 [main] mkdir 11636 find_fast_cwd: WARNING: Couldn't compute FAST_CWD pointer.  Please report this problem to
the public mailing list cygwin@cygwin.com
nios2-elf-gcc -xc -MP -MMD -c  -I./HAL/inc -I. -I./drivers/inc -DSYSTEM_BUS_WIDTH=32 -pipe -D__hal__ -DALT_NO_INSTRUCTION_EMULATION -DALT_SINGLE_THREADED    -O0 -g -Wall  -mno-hw-div -mno-hw-mul -mno-hw-mulx   -o obj/drivers/src/altera_avalon_sysid_qsys.o drivers/src/altera_avalon_sysid_qsys.c
      2 [main] echo 21656 find_fast_cwd: WARNING: Couldn't compute FAST_CWD pointer.  Please report this problem to
the public mailing list cygwin@cygwin.com
Compiling altera_avalon_timer_sc.c...
      2 [main] mkdir 12756 find_fast_cwd: WARNING: Couldn't compute FAST_CWD pointer.  Please report this problem to
the public mailing list cygwin@cygwin.com
nios2-elf-gcc -xc -MP -MMD -c  -I./HAL/inc -I. -I./drivers/inc -DSYSTEM_BUS_WIDTH=32 -pipe -D__hal__ -DALT_NO_INSTRUCTION_EMULATION -DALT_SINGLE_THREADED    -O0 -g -Wall  -mno-hw-div -mno-hw-mul -mno-hw-mulx   -o obj/drivers/src/altera_avalon_timer_sc.o drivers/src/altera_avalon_timer_sc.c
      2 [main] echo 20176 find_fast_cwd: WARNING: Couldn't compute FAST_CWD pointer.  Please report this problem to
the public mailing list cygwin@cygwin.com
Compiling altera_avalon_timer_ts.c...
      2 [main] mkdir 10788 find_fast_cwd: WARNING: Couldn't compute FAST_CWD pointer.  Please report this problem to
the public mailing list cygwin@cygwin.com
nios2-elf-gcc -xc -MP -MMD -c  -I./HAL/inc -I. -I./drivers/inc -DSYSTEM_BUS_WIDTH=32 -pipe -D__hal__ -DALT_NO_INSTRUCTION_EMULATION -DALT_SINGLE_THREADED    -O0 -g -Wall  -mno-hw-div -mno-hw-mul -mno-hw-mulx   -o obj/drivers/src/altera_avalon_timer_ts.o drivers/src/altera_avalon_timer_ts.c
drivers/src/altera_avalon_timer_ts.c: In function 'alt_timestamp':
drivers/src/altera_avalon_timer_ts.c:108:9: warning: large integer implicitly truncated to unsigned type [-Woverflow]
drivers/src/altera_avalon_timer_ts.c:122:9: warning: left shift count >= width of type [enabled by default]
drivers/src/altera_avalon_timer_ts.c:122:9: warning: left shift count >= width of type [enabled by default]
      2 [main] echo 18452 find_fast_cwd: WARNING: Couldn't compute FAST_CWD pointer.  Please report this problem to
the public mailing list cygwin@cygwin.com
Compiling altera_avalon_timer_vars.c...
      2 [main] mkdir 23068 find_fast_cwd: WARNING: Couldn't compute FAST_CWD pointer.  Please report this problem to
the public mailing list cygwin@cygwin.com
nios2-elf-gcc -xc -MP -MMD -c  -I./HAL/inc -I. -I./drivers/inc -DSYSTEM_BUS_WIDTH=32 -pipe -D__hal__ -DALT_NO_INSTRUCTION_EMULATION -DALT_SINGLE_THREADED    -O0 -g -Wall  -mno-hw-div -mno-hw-mul -mno-hw-mulx   -o obj/drivers/src/altera_avalon_timer_vars.o drivers/src/altera_avalon_timer_vars.c
      2 [main] echo 38648 find_fast_cwd: WARNING: Couldn't compute FAST_CWD pointer.  Please report this problem to
the public mailing list cygwin@cygwin.com
Creating libhal_bsp.a...
rm -f -f libhal_bsp.a
      2 [main] rm 24308 find_fast_cwd: WARNING: Couldn't compute FAST_CWD pointer.  Please report this problem to
the public mailing list cygwin@cygwin.com
nios2-elf-ar -src libhal_bsp.a obj/HAL/src/alt_alarm_start.o obj/HAL/src/alt_busy_sleep.o obj/HAL/src/alt_close.o obj/HAL/src/alt_dcache_flush.o obj/HAL/src/alt_dcache_flush_all.o obj/HAL/src/alt_dcache_flush_no_writeback.o obj/HAL/src/alt_dev.o obj/HAL/src/alt_dev_llist_insert.o obj/HAL/src/alt_dma_rxchan_open.o obj/HAL/src/alt_dma_txchan_open.o obj/HAL/src/alt_do_ctors.o obj/HAL/src/alt_do_dtors.o obj/HAL/src/alt_ecc_fatal_entry.o obj/HAL/src/alt_ecc_fatal_exception.o obj/HAL/src/alt_env_lock.o obj/HAL/src/alt_environ.o obj/HAL/src/alt_errno.o obj/HAL/src/alt_exception_entry.o obj/HAL/src/alt_exception_muldiv.o obj/HAL/src/alt_exception_trap.o obj/HAL/src/alt_execve.o obj/HAL/src/alt_exit.o obj/HAL/src/alt_fcntl.o obj/HAL/src/alt_fd_lock.o obj/HAL/src/alt_fd_unlock.o obj/HAL/src/alt_find_dev.o obj/HAL/src/alt_find_file.o obj/HAL/src/alt_flash_dev.o obj/HAL/src/alt_fork.o obj/HAL/src/alt_fs_reg.o obj/HAL/src/alt_fstat.o obj/HAL/src/alt_get_fd.o obj/HAL/src/alt_getchar.o obj/HAL/src/alt_getpid.o obj/HAL/src/alt_gettod.o obj/HAL/src/alt_gmon.o obj/HAL/src/alt_icache_flush.o obj/HAL/src/alt_icache_flush_all.o obj/HAL/src/alt_iic.o obj/HAL/src/alt_iic_isr_register.o obj/HAL/src/alt_instruction_exception_entry.o obj/HAL/src/alt_instruction_exception_register.o obj/HAL/src/alt_io_redirect.o obj/HAL/src/alt_ioctl.o obj/HAL/src/alt_irq_entry.o obj/HAL/src/alt_irq_handler.o obj/HAL/src/alt_irq_register.o obj/HAL/src/alt_irq_vars.o obj/HAL/src/alt_isatty.o obj/HAL/src/alt_kill.o obj/HAL/src/alt_link.o obj/HAL/src/alt_load.o obj/HAL/src/alt_log_macro.o obj/HAL/src/alt_log_printf.o obj/HAL/src/alt_lseek.o obj/HAL/src/alt_main.o obj/HAL/src/alt_malloc_lock.o obj/HAL/src/alt_mcount.o obj/HAL/src/alt_open.o obj/HAL/src/alt_printf.o obj/HAL/src/alt_putchar.o obj/HAL/src/alt_putstr.o obj/HAL/src/alt_read.o obj/HAL/src/alt_release_fd.o obj/HAL/src/alt_remap_cached.o obj/HAL/src/alt_remap_uncached.o obj/HAL/src/alt_rename.o obj/HAL/src/alt_sbrk.o obj/HAL/src/alt_settod.o obj/HAL/src/alt_software_exception.o obj/HAL/src/alt_stat.o obj/HAL/src/alt_tick.o obj/HAL/src/alt_times.o obj/HAL/src/alt_uncached_free.o obj/HAL/src/alt_uncached_malloc.o obj/HAL/src/alt_unlink.o obj/HAL/src/alt_usleep.o obj/HAL/src/alt_wait.o obj/HAL/src/alt_write.o obj/HAL/src/altera_nios2_qsys_irq.o obj/HAL/src/crt0.o obj/alt_sys_init.o obj/drivers/src/altera_avalon_jtag_uart_fd.o obj/drivers/src/altera_avalon_jtag_uart_init.o obj/drivers/src/altera_avalon_jtag_uart_ioctl.o obj/drivers/src/altera_avalon_jtag_uart_read.o obj/drivers/src/altera_avalon_jtag_uart_write.o obj/drivers/src/altera_avalon_sysid_qsys.o obj/drivers/src/altera_avalon_timer_sc.o obj/drivers/src/altera_avalon_timer_ts.o obj/drivers/src/altera_avalon_timer_vars.o
      2 [main] sh 35496 find_fast_cwd: WARNING: Couldn't compute FAST_CWD pointer.  Please report this problem to
the public mailing list cygwin@cygwin.com
[BSP build complete]
      2 [main] echo 42996 find_fast_cwd: WARNING: Couldn't compute FAST_CWD pointer.  Please report this problem to
the public mailing list cygwin@cygwin.com
Info: Compiling ci_crc.c to obj/default/ci_crc.o
      2 [main] mkdir 40464 find_fast_cwd: WARNING: Couldn't compute FAST_CWD pointer.  Please report this problem to
the public mailing list cygwin@cygwin.com
nios2-elf-gcc -xc -MP -MMD -c -I../crc_ttt_bsp//HAL/inc -I../crc_ttt_bsp/ -I../crc_ttt_bsp//drivers/inc  -DSYSTEM_BUS_WIDTH=32 -pipe -D__hal__ -DALT_NO_INSTRUCTION_EMULATION -DALT_SINGLE_THREADED    -O0 -g -Wall   -mno-hw-div -mno-hw-mul -mno-hw-mulx  -o obj/default/ci_crc.o ci_crc.c
      2 [main] echo 41300 find_fast_cwd: WARNING: Couldn't compute FAST_CWD pointer.  Please report this problem to
the public mailing list cygwin@cygwin.com
Info: Compiling crc.c to obj/default/crc.o
      2 [main] mkdir 18476 find_fast_cwd: WARNING: Couldn't compute FAST_CWD pointer.  Please report this problem to
the public mailing list cygwin@cygwin.com
nios2-elf-gcc -xc -MP -MMD -c -I../crc_ttt_bsp//HAL/inc -I../crc_ttt_bsp/ -I../crc_ttt_bsp//drivers/inc  -DSYSTEM_BUS_WIDTH=32 -pipe -D__hal__ -DALT_NO_INSTRUCTION_EMULATION -DALT_SINGLE_THREADED    -O0 -g -Wall   -mno-hw-div -mno-hw-mul -mno-hw-mulx  -o obj/default/crc.o crc.c
      2 [main] echo 32404 find_fast_cwd: WARNING: Couldn't compute FAST_CWD pointer.  Please report this problem to
the public mailing list cygwin@cygwin.com
Info: Compiling crc_main.c to obj/default/crc_main.o
      1 [main] mkdir 16680 find_fast_cwd: WARNING: Couldn't compute FAST_CWD pointer.  Please report this problem to
the public mailing list cygwin@cygwin.com
nios2-elf-gcc -xc -MP -MMD -c -I../crc_ttt_bsp//HAL/inc -I../crc_ttt_bsp/ -I../crc_ttt_bsp//drivers/inc  -DSYSTEM_BUS_WIDTH=32 -pipe -D__hal__ -DALT_NO_INSTRUCTION_EMULATION -DALT_SINGLE_THREADED    -O0 -g -Wall   -mno-hw-div -mno-hw-mul -mno-hw-mulx  -o obj/default/crc_main.o crc_main.c
      2 [main] true 21520 find_fast_cwd: WARNING: Couldn't compute FAST_CWD pointer.  Please report this problem to
the public mailing list cygwin@cygwin.com
      2 [main] echo 17248 find_fast_cwd: WARNING: Couldn't compute FAST_CWD pointer.  Please report this problem to
Info: Linking crc_ttt.elf
the public mailing list cygwin@cygwin.com
nios2-elf-g++  -T'../crc_ttt_bsp//linker.x' -msys-crt0='../crc_ttt_bsp//obj/HAL/src/crt0.o' -msys-lib=hal_bsp -L../crc_ttt_bsp/   -Wl,-Map=crc_ttt.map   -O0 -g -Wall   -mno-hw-div -mno-hw-mul -mno-hw-mulx  -o crc_ttt.elf obj/default/ci_crc.o obj/default/crc.o obj/default/crc_main.o -lm 
nios2-elf-insert crc_ttt.elf --thread_model hal --cpu_name cpu --qsys true --simulation_enabled false --id 0 --sidp 0x10000040 --timestamp 1766913299 --stderr_dev jtag_uart --stdin_dev jtag_uart --stdout_dev jtag_uart --sopc_system_name SoC --quartus_project_dir "C:/Users/DELL/Documents/advanced_embedded_systems/practical_2" --sopcinfo C:/Users/DELL/Documents/advanced_embedded_systems/practical_2/SoC.sopcinfo
      2 [main] sh 23580 find_fast_cwd: WARNING: Couldn't compute FAST_CWD pointer.  Please report this problem to
the public mailing list cygwin@cygwin.com
      1 [main] uname 25356 find_fast_cwd: WARNING: Couldn't compute FAST_CWD pointer.  Please report this problem to
the public mailing list cygwin@cygwin.com
      2 [main] sh 32464 find_fast_cwd: WARNING: Couldn't compute FAST_CWD pointer.  Please report this problem to
the public mailing list cygwin@cygwin.com
Info: (crc_ttt.elf) 69 KBytes program size (code + initialized data).
Info:               130995 KBytes free for stack + heap.
      2 [main] echo 20776 find_fast_cwd: WARNING: Couldn't compute FAST_CWD pointer.  Please report this problem to
the public mailing list cygwin@cygwin.com
Info: Creating crc_ttt.objdump
nios2-elf-objdump --disassemble --syms --all-header --source crc_ttt.elf >crc_ttt.objdump
      2 [main] sh 21568 find_fast_cwd: WARNING: Couldn't compute FAST_CWD pointer.  Please report this problem to
the public mailing list cygwin@cygwin.com
      3 [main] sh 34600 find_fast_cwd: WARNING: Couldn't compute FAST_CWD pointer.  Please report this problem to
the public mailing list cygwin@cygwin.com
[crc_ttt build complete]

**** Build Finished ****

**** Build of configuration Nios II for project crc_ttt ****

make all 
      2 [main] sh 42812 find_fast_cwd: WARNING: Couldn't compute FAST_CWD pointer.  Please report this problem to
the public mailing list cygwin@cygwin.com
      2 [main] sh 31144 find_fast_cwd: WARNING: Couldn't compute FAST_CWD pointer.  Please report this problem to
the public mailing list cygwin@cygwin.com
      2 [main] echo 27056 find_fast_cwd: WARNING: Couldn't compute FAST_CWD pointer.  Please report this problem to
Info: Building ../crc_ttt_bsp/
the public mailing list cygwin@cygwin.com
make --no-print-directory -C ../crc_ttt_bsp/
      2 [main] pwd 26940 find_fast_cwd: WARNING: Couldn't compute FAST_CWD pointer.  Please report this problem to
the public mailing list cygwin@cygwin.com
      2 [main] sh 36536 find_fast_cwd: WARNING: Couldn't compute FAST_CWD pointer.  Please report this problem to
the public mailing list cygwin@cygwin.com
      2 [main] sh 21020 find_fast_cwd: WARNING: Couldn't compute FAST_CWD pointer.  Please report this problem to
the public mailing list cygwin@cygwin.com
[BSP build complete]
      2 [main] true 29016 find_fast_cwd: WARNING: Couldn't compute FAST_CWD pointer.  Please report this problem to
the public mailing list cygwin@cygwin.com
      2 [main] sh 31920 find_fast_cwd: WARNING: Couldn't compute FAST_CWD pointer.  Please report this problem to
the public mailing list cygwin@cygwin.com
[crc_ttt build complete]

**** Build Finished ****

**** Build of configuration Nios II for project crc_ttt ****

make all 
      1 [main] sh 8096 find_fast_cwd: WARNING: Couldn't compute FAST_CWD pointer.  Please report this problem to
the public mailing list cygwin@cygwin.com
      2 [main] sh 15836 find_fast_cwd: WARNING: Couldn't compute FAST_CWD pointer.  Please report this problem to
the public mailing list cygwin@cygwin.com
      2 [main] echo 8280 find_fast_cwd: WARNING: Couldn't compute FAST_CWD pointer.  Please report this problem to
the public mailing list cygwin@cygwin.com
Info: Building ../crc_ttt_bsp/
make --no-print-directory -C ../crc_ttt_bsp/
      7 [main] pwd 9360 find_fast_cwd: WARNING: Couldn't compute FAST_CWD pointer.  Please report this problem to
the public mailing list cygwin@cygwin.com
      2 [main] sh 28556 find_fast_cwd: WARNING: Couldn't compute FAST_CWD pointer.  Please report this problem to
the public mailing list cygwin@cygwin.com
      3 [main] sh 25528 find_fast_cwd: WARNING: Couldn't compute FAST_CWD pointer.  Please report this problem to
the public mailing list cygwin@cygwin.com
[BSP build complete]
      2 [main] true 25032 find_fast_cwd: WARNING: Couldn't compute FAST_CWD pointer.  Please report this problem to
the public mailing list cygwin@cygwin.com
      2 [main] sh 9204 find_fast_cwd: WARNING: Couldn't compute FAST_CWD pointer.  Please report this problem to
the public mailing list cygwin@cygwin.com
[crc_ttt build complete]

**** Build Finished ****

**** Build of configuration Nios II for project crc_ttt ****

make all 
      2 [main] sh 18028 find_fast_cwd: WARNING: Couldn't compute FAST_CWD pointer.  Please report this problem to
the public mailing list cygwin@cygwin.com
      2 [main] sh 25132 find_fast_cwd: WARNING: Couldn't compute FAST_CWD pointer.  Please report this problem to
the public mailing list cygwin@cygwin.com
      3 [main] echo 35896 find_fast_cwd: WARNING: Couldn't compute FAST_CWD pointer.  Please report this problem to
Info: Building ../crc_ttt_bsp/
the public mailing list cygwin@cygwin.com
make --no-print-directory -C ../crc_ttt_bsp/
      3 [main] pwd 39536 find_fast_cwd: WARNING: Couldn't compute FAST_CWD pointer.  Please report this problem to
the public mailing list cygwin@cygwin.com
      2 [main] sh 37984 find_fast_cwd: WARNING: Couldn't compute FAST_CWD pointer.  Please report this problem to
the public mailing list cygwin@cygwin.com
      2 [main] sh 7208 find_fast_cwd: WARNING: Couldn't compute FAST_CWD pointer.  Please report this problem to
the public mailing list cygwin@cygwin.com
[BSP build complete]
      2 [main] true 41820 find_fast_cwd: WARNING: Couldn't compute FAST_CWD pointer.  Please report this problem to
the public mailing list cygwin@cygwin.com
      2 [main] sh 31160 find_fast_cwd: WARNING: Couldn't compute FAST_CWD pointer.  Please report this problem to
the public mailing list cygwin@cygwin.com
[crc_ttt build complete]

**** Build Finished ****
