
**** Build of configuration Nios II for project jpeng_encoder_bsp ****

make all 
      1 [main] pwd 29352 find_fast_cwd: WARNING: Couldn't compute FAST_CWD pointer.  Please report this problem to
the public mailing list cygwin@cygwin.com
      1 [main] sh 31180 find_fast_cwd: WARNING: Couldn't compute FAST_CWD pointer.  Please report this problem to
the public mailing list cygwin@cygwin.com
      1 [main] sh 31300 find_fast_cwd: WARNING: Couldn't compute FAST_CWD pointer.  Please report this problem to
the public mailing list cygwin@cygwin.com
[BSP build complete]

**** Build Finished ****

**** Build of configuration Nios II for project jpeng_encoder ****

make all 
      1 [main] sh 25136 find_fast_cwd: WARNING: Couldn't compute FAST_CWD pointer.  Please report this problem to
the public mailing list cygwin@cygwin.com
      1 [main] sh 23700 find_fast_cwd: WARNING: Couldn't compute FAST_CWD pointer.  Please report this problem to
the public mailing list cygwin@cygwin.com
      1 [main] echo 21696 find_fast_cwd: WARNING: Couldn't compute FAST_CWD pointer.  Please report this problem to
the public mailing list cygwin@cygwin.com
Info: Building ../jpeng_encoder_bsp/
make --no-print-directory -C ../jpeng_encoder_bsp/
      1 [main] pwd 30608 find_fast_cwd: WARNING: Couldn't compute FAST_CWD pointer.  Please report this problem to
the public mailing list cygwin@cygwin.com
      1 [main] sh 12228 find_fast_cwd: WARNING: Couldn't compute FAST_CWD pointer.  Please report this problem to
the public mailing list cygwin@cygwin.com
      1 [main] sh 12232 find_fast_cwd: WARNING: Couldn't compute FAST_CWD pointer.  Please report this problem to
the public mailing list cygwin@cygwin.com
[BSP build complete]
      1 [main] true 24796 find_fast_cwd: WARNING: Couldn't compute FAST_CWD pointer.  Please report this problem to
the public mailing list cygwin@cygwin.com
      1 [main] sh 21456 find_fast_cwd: WARNING: Couldn't compute FAST_CWD pointer.  Please report this problem to
the public mailing list cygwin@cygwin.com
[jpeng_encoder build complete]

**** Build Finished ****

**** Build of configuration Nios II for project jpeng_encoder ****

make all 
      1 [main] sh 14708 find_fast_cwd: WARNING: Couldn't compute FAST_CWD pointer.  Please report this problem to
the public mailing list cygwin@cygwin.com
      1 [main] sh 11712 find_fast_cwd: WARNING: Couldn't compute FAST_CWD pointer.  Please report this problem to
the public mailing list cygwin@cygwin.com
      1 [main] echo 13716 find_fast_cwd: WARNING: Couldn't compute FAST_CWD pointer.  Please report this problem to
the public mailing list cygwin@cygwin.com
Info: Building ../jpeng_encoder_bsp/
make --no-print-directory -C ../jpeng_encoder_bsp/
      1 [main] pwd 27960 find_fast_cwd: WARNING: Couldn't compute FAST_CWD pointer.  Please report this problem to
the public mailing list cygwin@cygwin.com
      1 [main] sh 28988 find_fast_cwd: WARNING: Couldn't compute FAST_CWD pointer.  Please report this problem to
the public mailing list cygwin@cygwin.com
      1 [main] sh 29952 find_fast_cwd: WARNING: Couldn't compute FAST_CWD pointer.  Please report this problem to
the public mailing list cygwin@cygwin.com
[BSP build complete]
      1 [main] true 30208 find_fast_cwd: WARNING: Couldn't compute FAST_CWD pointer.  Please report this problem to
the public mailing list cygwin@cygwin.com
      1 [main] sh 20300 find_fast_cwd: WARNING: Couldn't compute FAST_CWD pointer.  Please report this problem to
the public mailing list cygwin@cygwin.com
[jpeng_encoder build complete]

**** Build Finished ****

**** Build of configuration Nios II for project jpeng_encoder ****

make all 
      1 [main] sh 22104 find_fast_cwd: WARNING: Couldn't compute FAST_CWD pointer.  Please report this problem to
the public mailing list cygwin@cygwin.com
      1 [main] sh 6652 find_fast_cwd: WARNING: Couldn't compute FAST_CWD pointer.  Please report this problem to
the public mailing list cygwin@cygwin.com
      1 [main] echo 26500 find_fast_cwd: WARNING: Couldn't compute FAST_CWD pointer.  Please report this problem to
the public mailing list cygwin@cygwin.com
Info: Building ../jpeng_encoder_bsp/
make --no-print-directory -C ../jpeng_encoder_bsp/
      1 [main] pwd 26680 find_fast_cwd: WARNING: Couldn't compute FAST_CWD pointer.  Please report this problem to
the public mailing list cygwin@cygwin.com
      1 [main] sh 21448 find_fast_cwd: WARNING: Couldn't compute FAST_CWD pointer.  Please report this problem to
the public mailing list cygwin@cygwin.com
      1 [main] sh 7912 find_fast_cwd: WARNING: Couldn't compute FAST_CWD pointer.  Please report this problem to
the public mailing list cygwin@cygwin.com
[BSP build complete]
      1 [main] true 21548 find_fast_cwd: WARNING: Couldn't compute FAST_CWD pointer.  Please report this problem to
the public mailing list cygwin@cygwin.com
      1 [main] sh 20508 find_fast_cwd: WARNING: Couldn't compute FAST_CWD pointer.  Please report this problem to
the public mailing list cygwin@cygwin.com
[jpeng_encoder build complete]

**** Build Finished ****

**** Build of configuration Nios II for project jpeng_encoder ****

make all 
      1 [main] sh 3008 find_fast_cwd: WARNING: Couldn't compute FAST_CWD pointer.  Please report this problem to
the public mailing list cygwin@cygwin.com
      1 [main] sh 26052 find_fast_cwd: WARNING: Couldn't compute FAST_CWD pointer.  Please report this problem to
the public mailing list cygwin@cygwin.com
      1 [main] echo 31668 find_fast_cwd: WARNING: Couldn't compute FAST_CWD pointer.  Please report this problem to
the public mailing list cygwin@cygwin.com
Info: Building ../jpeng_encoder_bsp/
make --no-print-directory -C ../jpeng_encoder_bsp/
      1 [main] pwd 14080 find_fast_cwd: WARNING: Couldn't compute FAST_CWD pointer.  Please report this problem to
the public mailing list cygwin@cygwin.com
      1 [main] sh 28064 find_fast_cwd: WARNING: Couldn't compute FAST_CWD pointer.  Please report this problem to
the public mailing list cygwin@cygwin.com
      1 [main] sh 21612 find_fast_cwd: WARNING: Couldn't compute FAST_CWD pointer.  Please report this problem to
the public mailing list cygwin@cygwin.com
[BSP build complete]
      1 [main] true 2164 find_fast_cwd: WARNING: Couldn't compute FAST_CWD pointer.  Please report this problem to
the public mailing list cygwin@cygwin.com
      1 [main] sh 8492 find_fast_cwd: WARNING: Couldn't compute FAST_CWD pointer.  Please report this problem to
the public mailing list cygwin@cygwin.com
[jpeng_encoder build complete]

**** Build Finished ****

**** Build of configuration Nios II for project jpeng_encoder ****

make all 
      1 [main] sh 21912 find_fast_cwd: WARNING: Couldn't compute FAST_CWD pointer.  Please report this problem to
the public mailing list cygwin@cygwin.com
      1 [main] sh 11948 find_fast_cwd: WARNING: Couldn't compute FAST_CWD pointer.  Please report this problem to
the public mailing list cygwin@cygwin.com
      1 [main] echo 24684 find_fast_cwd: WARNING: Couldn't compute FAST_CWD pointer.  Please report this problem to
the public mailing list cygwin@cygwin.com
Info: Building ../jpeng_encoder_bsp/
make --no-print-directory -C ../jpeng_encoder_bsp/
      1 [main] pwd 13740 find_fast_cwd: WARNING: Couldn't compute FAST_CWD pointer.  Please report this problem to
the public mailing list cygwin@cygwin.com
      1 [main] sh 16656 find_fast_cwd: WARNING: Couldn't compute FAST_CWD pointer.  Please report this problem to
the public mailing list cygwin@cygwin.com
      1 [main] sh 31676 find_fast_cwd: WARNING: Couldn't compute FAST_CWD pointer.  Please report this problem to
the public mailing list cygwin@cygwin.com
[BSP build complete]
      1 [main] true 2972 find_fast_cwd: WARNING: Couldn't compute FAST_CWD pointer.  Please report this problem to
the public mailing list cygwin@cygwin.com
      1 [main] sh 4912 find_fast_cwd: WARNING: Couldn't compute FAST_CWD pointer.  Please report this problem to
the public mailing list cygwin@cygwin.com
[jpeng_encoder build complete]

**** Build Finished ****

**** Build of configuration Nios II for project jpeng_encoder ****

make all 
      1 [main] sh 9608 find_fast_cwd: WARNING: Couldn't compute FAST_CWD pointer.  Please report this problem to
the public mailing list cygwin@cygwin.com
      1 [main] sh 26608 find_fast_cwd: WARNING: Couldn't compute FAST_CWD pointer.  Please report this problem to
the public mailing list cygwin@cygwin.com
      1 [main] echo 16616 find_fast_cwd: WARNING: Couldn't compute FAST_CWD pointer.  Please report this problem to
the public mailing list cygwin@cygwin.com
Info: Building ../jpeng_encoder_bsp/
make --no-print-directory -C ../jpeng_encoder_bsp/
      5 [main] pwd 13416 find_fast_cwd: WARNING: Couldn't compute FAST_CWD pointer.  Please report this problem to
the public mailing list cygwin@cygwin.com
      1 [main] sh 27472 find_fast_cwd: WARNING: Couldn't compute FAST_CWD pointer.  Please report this problem to
the public mailing list cygwin@cygwin.com
      1 [main] sh 20768 find_fast_cwd: WARNING: Couldn't compute FAST_CWD pointer.  Please report this problem to
the public mailing list cygwin@cygwin.com
[BSP build complete]
      1 [main] true 29380 find_fast_cwd: WARNING: Couldn't compute FAST_CWD pointer.  Please report this problem to
the public mailing list cygwin@cygwin.com
      1 [main] sh 31404 find_fast_cwd: WARNING: Couldn't compute FAST_CWD pointer.  Please report this problem to
the public mailing list cygwin@cygwin.com
[jpeng_encoder build complete]

**** Build Finished ****

**** Clean-only build of configuration Nios II for project jpeg_bsp ****

make clean 
      1 [main] pwd 16620 find_fast_cwd: WARNING: Couldn't compute FAST_CWD pointer.  Please report this problem to
the public mailing list cygwin@cygwin.com
      1 [main] sh 9572 find_fast_cwd: WARNING: Couldn't compute FAST_CWD pointer.  Please report this problem to
the public mailing list cygwin@cygwin.com
      1 [main] rm 26368 find_fast_cwd: WARNING: Couldn't compute FAST_CWD pointer.  Please report this problem to
the public mailing list cygwin@cygwin.com
      1 [main] sh 18268 find_fast_cwd: WARNING: Couldn't compute FAST_CWD pointer.  Please report this problem to
the public mailing list cygwin@cygwin.com
[BSP clean complete]

**** Build Finished ****

**** Clean-only build of configuration Nios II for project jpeg ****

make clean 
      1 [main] sh 31224 find_fast_cwd: WARNING: Couldn't compute FAST_CWD pointer.  Please report this problem to
the public mailing list cygwin@cygwin.com
      1 [main] sh 16764 find_fast_cwd: WARNING: Couldn't compute FAST_CWD pointer.  Please report this problem to
the public mailing list cygwin@cygwin.com
      1 [main] rm 29584 find_fast_cwd: WARNING: Couldn't compute FAST_CWD pointer.  Please report this problem to
the public mailing list cygwin@cygwin.com
      1 [main] sh 3640 find_fast_cwd: WARNING: Couldn't compute FAST_CWD pointer.  Please report this problem to
the public mailing list cygwin@cygwin.com
[jpeg clean complete]

**** Build Finished ****

**** Build of configuration Nios II for project jpeg ****

make all 
      1 [main] sh 28796 find_fast_cwd: WARNING: Couldn't compute FAST_CWD pointer.  Please report this problem to
the public mailing list cygwin@cygwin.com
      1 [main] sh 31016 find_fast_cwd: WARNING: Couldn't compute FAST_CWD pointer.  Please report this problem to
the public mailing list cygwin@cygwin.com
      1 [main] echo 28420 find_fast_cwd: WARNING: Couldn't compute FAST_CWD pointer.  Please report this problem to
the public mailing list cygwin@cygwin.com
Info: Building ../jpeg_bsp/
make --no-print-directory -C ../jpeg_bsp/
      1 [main] pwd 8736 find_fast_cwd: WARNING: Couldn't compute FAST_CWD pointer.  Please report this problem to
the public mailing list cygwin@cygwin.com
      1 [main] sh 11324 find_fast_cwd: WARNING: Couldn't compute FAST_CWD pointer.  Please report this problem to
the public mailing list cygwin@cygwin.com
      1 [main] echo 10060 find_fast_cwd: WARNING: Couldn't compute FAST_CWD pointer.  Please report this problem to
the public mailing list cygwin@cygwin.com
Compiling alt_alarm_start.c...
      1 [main] mkdir 29972 find_fast_cwd: WARNING: Couldn't compute FAST_CWD pointer.  Please report this problem to
the public mailing list cygwin@cygwin.com
nios2-elf-gcc -xc -MP -MMD -c  -I./HAL/inc -I. -I./drivers/inc -DSYSTEM_BUS_WIDTH=32 -pipe -D__hal__ -DALT_NO_INSTRUCTION_EMULATION -DALT_SINGLE_THREADED    -O0 -g -Wall  -mno-hw-div -mno-hw-mul -mno-hw-mulx   -o obj/HAL/src/alt_alarm_start.o HAL/src/alt_alarm_start.c
      1 [main] echo 4524 find_fast_cwd: WARNING: Couldn't compute FAST_CWD pointer.  Please report this problem to
the public mailing list cygwin@cygwin.com
Compiling alt_busy_sleep.c...
      1 [main] mkdir 8044 find_fast_cwd: WARNING: Couldn't compute FAST_CWD pointer.  Please report this problem to
the public mailing list cygwin@cygwin.com
nios2-elf-gcc -xc -MP -MMD -c  -I./HAL/inc -I. -I./drivers/inc -DSYSTEM_BUS_WIDTH=32 -pipe -D__hal__ -DALT_NO_INSTRUCTION_EMULATION -DALT_SINGLE_THREADED    -O0 -g -Wall  -mno-hw-div -mno-hw-mul -mno-hw-mulx   -o obj/HAL/src/alt_busy_sleep.o HAL/src/alt_busy_sleep.c
      1 [main] echo 17696 find_fast_cwd: WARNING: Couldn't compute FAST_CWD pointer.  Please report this problem to
the public mailing list cygwin@cygwin.com
Compiling alt_close.c...
      1 [main] mkdir 10516 find_fast_cwd: WARNING: Couldn't compute FAST_CWD pointer.  Please report this problem to
the public mailing list cygwin@cygwin.com
nios2-elf-gcc -xc -MP -MMD -c  -I./HAL/inc -I. -I./drivers/inc -DSYSTEM_BUS_WIDTH=32 -pipe -D__hal__ -DALT_NO_INSTRUCTION_EMULATION -DALT_SINGLE_THREADED    -O0 -g -Wall  -mno-hw-div -mno-hw-mul -mno-hw-mulx   -o obj/HAL/src/alt_close.o HAL/src/alt_close.c
      4 [main] echo 20380 find_fast_cwd: WARNING: Couldn't compute FAST_CWD pointer.  Please report this problem to
the public mailing list cygwin@cygwin.com
Compiling alt_dcache_flush.c...
      2 [main] mkdir 28632 find_fast_cwd: WARNING: Couldn't compute FAST_CWD pointer.  Please report this problem to
the public mailing list cygwin@cygwin.com
nios2-elf-gcc -xc -MP -MMD -c  -I./HAL/inc -I. -I./drivers/inc -DSYSTEM_BUS_WIDTH=32 -pipe -D__hal__ -DALT_NO_INSTRUCTION_EMULATION -DALT_SINGLE_THREADED    -O0 -g -Wall  -mno-hw-div -mno-hw-mul -mno-hw-mulx   -o obj/HAL/src/alt_dcache_flush.o HAL/src/alt_dcache_flush.c
      1 [main] echo 29148 find_fast_cwd: WARNING: Couldn't compute FAST_CWD pointer.  Please report this problem to
the public mailing list cygwin@cygwin.com
Compiling alt_dcache_flush_all.c...
      1 [main] mkdir 27676 find_fast_cwd: WARNING: Couldn't compute FAST_CWD pointer.  Please report this problem to
the public mailing list cygwin@cygwin.com
nios2-elf-gcc -xc -MP -MMD -c  -I./HAL/inc -I. -I./drivers/inc -DSYSTEM_BUS_WIDTH=32 -pipe -D__hal__ -DALT_NO_INSTRUCTION_EMULATION -DALT_SINGLE_THREADED    -O0 -g -Wall  -mno-hw-div -mno-hw-mul -mno-hw-mulx   -o obj/HAL/src/alt_dcache_flush_all.o HAL/src/alt_dcache_flush_all.c
      1 [main] echo 22056 find_fast_cwd: WARNING: Couldn't compute FAST_CWD pointer.  Please report this problem to
the public mailing list cygwin@cygwin.com
Compiling alt_dcache_flush_no_writeback.c...
      1 [main] mkdir 21392 find_fast_cwd: WARNING: Couldn't compute FAST_CWD pointer.  Please report this problem to
the public mailing list cygwin@cygwin.com
nios2-elf-gcc -xc -MP -MMD -c  -I./HAL/inc -I. -I./drivers/inc -DSYSTEM_BUS_WIDTH=32 -pipe -D__hal__ -DALT_NO_INSTRUCTION_EMULATION -DALT_SINGLE_THREADED    -O0 -g -Wall  -mno-hw-div -mno-hw-mul -mno-hw-mulx   -o obj/HAL/src/alt_dcache_flush_no_writeback.o HAL/src/alt_dcache_flush_no_writeback.c
      1 [main] echo 30032 find_fast_cwd: WARNING: Couldn't compute FAST_CWD pointer.  Please report this problem to
the public mailing list cygwin@cygwin.com
Compiling alt_dev.c...
      1 [main] mkdir 21208 find_fast_cwd: WARNING: Couldn't compute FAST_CWD pointer.  Please report this problem to
the public mailing list cygwin@cygwin.com
nios2-elf-gcc -xc -MP -MMD -c  -I./HAL/inc -I. -I./drivers/inc -DSYSTEM_BUS_WIDTH=32 -pipe -D__hal__ -DALT_NO_INSTRUCTION_EMULATION -DALT_SINGLE_THREADED    -O0 -g -Wall  -mno-hw-div -mno-hw-mul -mno-hw-mulx   -o obj/HAL/src/alt_dev.o HAL/src/alt_dev.c
      1 [main] echo 30952 find_fast_cwd: WARNING: Couldn't compute FAST_CWD pointer.  Please report this problem to
Compiling alt_dev_llist_insert.c...
the public mailing list cygwin@cygwin.com
      1 [main] mkdir 28824 find_fast_cwd: WARNING: Couldn't compute FAST_CWD pointer.  Please report this problem to
the public mailing list cygwin@cygwin.com
nios2-elf-gcc -xc -MP -MMD -c  -I./HAL/inc -I. -I./drivers/inc -DSYSTEM_BUS_WIDTH=32 -pipe -D__hal__ -DALT_NO_INSTRUCTION_EMULATION -DALT_SINGLE_THREADED    -O0 -g -Wall  -mno-hw-div -mno-hw-mul -mno-hw-mulx   -o obj/HAL/src/alt_dev_llist_insert.o HAL/src/alt_dev_llist_insert.c
      1 [main] echo 12780 find_fast_cwd: WARNING: Couldn't compute FAST_CWD pointer.  Please report this problem to
the public mailing list cygwin@cygwin.com
Compiling alt_dma_rxchan_open.c...
      1 [main] mkdir 8508 find_fast_cwd: WARNING: Couldn't compute FAST_CWD pointer.  Please report this problem to
the public mailing list cygwin@cygwin.com
nios2-elf-gcc -xc -MP -MMD -c  -I./HAL/inc -I. -I./drivers/inc -DSYSTEM_BUS_WIDTH=32 -pipe -D__hal__ -DALT_NO_INSTRUCTION_EMULATION -DALT_SINGLE_THREADED    -O0 -g -Wall  -mno-hw-div -mno-hw-mul -mno-hw-mulx   -o obj/HAL/src/alt_dma_rxchan_open.o HAL/src/alt_dma_rxchan_open.c
      2 [main] echo 3756 find_fast_cwd: WARNING: Couldn't compute FAST_CWD pointer.  Please report this problem to
the public mailing list cygwin@cygwin.com
Compiling alt_dma_txchan_open.c...
      2 [main] mkdir 31316 find_fast_cwd: WARNING: Couldn't compute FAST_CWD pointer.  Please report this problem to
the public mailing list cygwin@cygwin.com
nios2-elf-gcc -xc -MP -MMD -c  -I./HAL/inc -I. -I./drivers/inc -DSYSTEM_BUS_WIDTH=32 -pipe -D__hal__ -DALT_NO_INSTRUCTION_EMULATION -DALT_SINGLE_THREADED    -O0 -g -Wall  -mno-hw-div -mno-hw-mul -mno-hw-mulx   -o obj/HAL/src/alt_dma_txchan_open.o HAL/src/alt_dma_txchan_open.c
      1 [main] echo 19176 find_fast_cwd: WARNING: Couldn't compute FAST_CWD pointer.  Please report this problem to
the public mailing list cygwin@cygwin.com
Compiling alt_do_ctors.c...
      1 [main] mkdir 15364 find_fast_cwd: WARNING: Couldn't compute FAST_CWD pointer.  Please report this problem to
the public mailing list cygwin@cygwin.com
nios2-elf-gcc -xc -MP -MMD -c  -I./HAL/inc -I. -I./drivers/inc -DSYSTEM_BUS_WIDTH=32 -pipe -D__hal__ -DALT_NO_INSTRUCTION_EMULATION -DALT_SINGLE_THREADED    -O0 -g -Wall  -mno-hw-div -mno-hw-mul -mno-hw-mulx   -o obj/HAL/src/alt_do_ctors.o HAL/src/alt_do_ctors.c
      1 [main] echo 30868 find_fast_cwd: WARNING: Couldn't compute FAST_CWD pointer.  Please report this problem to
the public mailing list cygwin@cygwin.com
Compiling alt_do_dtors.c...
      2 [main] mkdir 24832 find_fast_cwd: WARNING: Couldn't compute FAST_CWD pointer.  Please report this problem to
the public mailing list cygwin@cygwin.com
nios2-elf-gcc -xc -MP -MMD -c  -I./HAL/inc -I. -I./drivers/inc -DSYSTEM_BUS_WIDTH=32 -pipe -D__hal__ -DALT_NO_INSTRUCTION_EMULATION -DALT_SINGLE_THREADED    -O0 -g -Wall  -mno-hw-div -mno-hw-mul -mno-hw-mulx   -o obj/HAL/src/alt_do_dtors.o HAL/src/alt_do_dtors.c
      1 [main] echo 25460 find_fast_cwd: WARNING: Couldn't compute FAST_CWD pointer.  Please report this problem to
the public mailing list cygwin@cygwin.com
Compiling alt_ecc_fatal_entry.S...
      1 [main] mkdir 11652 find_fast_cwd: WARNING: Couldn't compute FAST_CWD pointer.  Please report this problem to
the public mailing list cygwin@cygwin.com
nios2-elf-gcc -MP -MMD -c   -O0 -g -Wall  -mno-hw-div -mno-hw-mul -mno-hw-mulx    -I./HAL/inc -I. -I./drivers/inc -DSYSTEM_BUS_WIDTH=32 -pipe -D__hal__ -DALT_NO_INSTRUCTION_EMULATION -DALT_SINGLE_THREADED  -Wa,-gdwarf2  -o obj/HAL/src/alt_ecc_fatal_entry.o HAL/src/alt_ecc_fatal_entry.S
      1 [main] echo 19708 find_fast_cwd: WARNING: Couldn't compute FAST_CWD pointer.  Please report this problem to
the public mailing list cygwin@cygwin.com
Compiling alt_ecc_fatal_exception.c...
      1 [main] mkdir 30884 find_fast_cwd: WARNING: Couldn't compute FAST_CWD pointer.  Please report this problem to
the public mailing list cygwin@cygwin.com
nios2-elf-gcc -xc -MP -MMD -c  -I./HAL/inc -I. -I./drivers/inc -DSYSTEM_BUS_WIDTH=32 -pipe -D__hal__ -DALT_NO_INSTRUCTION_EMULATION -DALT_SINGLE_THREADED    -O0 -g -Wall  -mno-hw-div -mno-hw-mul -mno-hw-mulx   -o obj/HAL/src/alt_ecc_fatal_exception.o HAL/src/alt_ecc_fatal_exception.c
      1 [main] echo 27068 find_fast_cwd: WARNING: Couldn't compute FAST_CWD pointer.  Please report this problem to
the public mailing list cygwin@cygwin.com
Compiling alt_env_lock.c...
      1 [main] mkdir 12272 find_fast_cwd: WARNING: Couldn't compute FAST_CWD pointer.  Please report this problem to
the public mailing list cygwin@cygwin.com
nios2-elf-gcc -xc -MP -MMD -c  -I./HAL/inc -I. -I./drivers/inc -DSYSTEM_BUS_WIDTH=32 -pipe -D__hal__ -DALT_NO_INSTRUCTION_EMULATION -DALT_SINGLE_THREADED    -O0 -g -Wall  -mno-hw-div -mno-hw-mul -mno-hw-mulx   -o obj/HAL/src/alt_env_lock.o HAL/src/alt_env_lock.c
      1 [main] echo 5108 find_fast_cwd: WARNING: Couldn't compute FAST_CWD pointer.  Please report this problem to
the public mailing list cygwin@cygwin.com
Compiling alt_environ.c...
      1 [main] mkdir 23440 find_fast_cwd: WARNING: Couldn't compute FAST_CWD pointer.  Please report this problem to
the public mailing list cygwin@cygwin.com
nios2-elf-gcc -xc -MP -MMD -c  -I./HAL/inc -I. -I./drivers/inc -DSYSTEM_BUS_WIDTH=32 -pipe -D__hal__ -DALT_NO_INSTRUCTION_EMULATION -DALT_SINGLE_THREADED    -O0 -g -Wall  -mno-hw-div -mno-hw-mul -mno-hw-mulx   -o obj/HAL/src/alt_environ.o HAL/src/alt_environ.c
      2 [main] echo 28348 find_fast_cwd: WARNING: Couldn't compute FAST_CWD pointer.  Please report this problem to
the public mailing list cygwin@cygwin.com
Compiling alt_errno.c...
      1 [main] mkdir 19888 find_fast_cwd: WARNING: Couldn't compute FAST_CWD pointer.  Please report this problem to
the public mailing list cygwin@cygwin.com
nios2-elf-gcc -xc -MP -MMD -c  -I./HAL/inc -I. -I./drivers/inc -DSYSTEM_BUS_WIDTH=32 -pipe -D__hal__ -DALT_NO_INSTRUCTION_EMULATION -DALT_SINGLE_THREADED    -O0 -g -Wall  -mno-hw-div -mno-hw-mul -mno-hw-mulx   -o obj/HAL/src/alt_errno.o HAL/src/alt_errno.c
      1 [main] echo 30208 find_fast_cwd: WARNING: Couldn't compute FAST_CWD pointer.  Please report this problem to
the public mailing list cygwin@cygwin.com
Compiling alt_exception_entry.S...
      1 [main] mkdir 31712 find_fast_cwd: WARNING: Couldn't compute FAST_CWD pointer.  Please report this problem to
the public mailing list cygwin@cygwin.com
nios2-elf-gcc -MP -MMD -c   -O0 -g -Wall  -mno-hw-div -mno-hw-mul -mno-hw-mulx    -I./HAL/inc -I. -I./drivers/inc -DSYSTEM_BUS_WIDTH=32 -pipe -D__hal__ -DALT_NO_INSTRUCTION_EMULATION -DALT_SINGLE_THREADED  -Wa,-gdwarf2  -o obj/HAL/src/alt_exception_entry.o HAL/src/alt_exception_entry.S
      1 [main] echo 5056 find_fast_cwd: WARNING: Couldn't compute FAST_CWD pointer.  Please report this problem to
the public mailing list cygwin@cygwin.com
Compiling alt_exception_muldiv.S...
      3 [main] mkdir 27704 find_fast_cwd: WARNING: Couldn't compute FAST_CWD pointer.  Please report this problem to
the public mailing list cygwin@cygwin.com
nios2-elf-gcc -MP -MMD -c   -O0 -g -Wall  -mno-hw-div -mno-hw-mul -mno-hw-mulx    -I./HAL/inc -I. -I./drivers/inc -DSYSTEM_BUS_WIDTH=32 -pipe -D__hal__ -DALT_NO_INSTRUCTION_EMULATION -DALT_SINGLE_THREADED  -Wa,-gdwarf2  -o obj/HAL/src/alt_exception_muldiv.o HAL/src/alt_exception_muldiv.S
      1 [main] echo 4148 find_fast_cwd: WARNING: Couldn't compute FAST_CWD pointer.  Please report this problem to
the public mailing list cygwin@cygwin.com
Compiling alt_exception_trap.S...
      1 [main] mkdir 21204 find_fast_cwd: WARNING: Couldn't compute FAST_CWD pointer.  Please report this problem to
the public mailing list cygwin@cygwin.com
nios2-elf-gcc -MP -MMD -c   -O0 -g -Wall  -mno-hw-div -mno-hw-mul -mno-hw-mulx    -I./HAL/inc -I. -I./drivers/inc -DSYSTEM_BUS_WIDTH=32 -pipe -D__hal__ -DALT_NO_INSTRUCTION_EMULATION -DALT_SINGLE_THREADED  -Wa,-gdwarf2  -o obj/HAL/src/alt_exception_trap.o HAL/src/alt_exception_trap.S
      1 [main] echo 21004 find_fast_cwd: WARNING: Couldn't compute FAST_CWD pointer.  Please report this problem to
Compiling alt_execve.c...
the public mailing list cygwin@cygwin.com
      2 [main] mkdir 25856 find_fast_cwd: WARNING: Couldn't compute FAST_CWD pointer.  Please report this problem to
the public mailing list cygwin@cygwin.com
nios2-elf-gcc -xc -MP -MMD -c  -I./HAL/inc -I. -I./drivers/inc -DSYSTEM_BUS_WIDTH=32 -pipe -D__hal__ -DALT_NO_INSTRUCTION_EMULATION -DALT_SINGLE_THREADED    -O0 -g -Wall  -mno-hw-div -mno-hw-mul -mno-hw-mulx   -o obj/HAL/src/alt_execve.o HAL/src/alt_execve.c
      1 [main] echo 19164 find_fast_cwd: WARNING: Couldn't compute FAST_CWD pointer.  Please report this problem to
the public mailing list cygwin@cygwin.com
Compiling alt_exit.c...
      1 [main] mkdir 29756 find_fast_cwd: WARNING: Couldn't compute FAST_CWD pointer.  Please report this problem to
the public mailing list cygwin@cygwin.com
nios2-elf-gcc -xc -MP -MMD -c  -I./HAL/inc -I. -I./drivers/inc -DSYSTEM_BUS_WIDTH=32 -pipe -D__hal__ -DALT_NO_INSTRUCTION_EMULATION -DALT_SINGLE_THREADED    -O0 -g -Wall  -mno-hw-div -mno-hw-mul -mno-hw-mulx   -o obj/HAL/src/alt_exit.o HAL/src/alt_exit.c
      1 [main] echo 25772 find_fast_cwd: WARNING: Couldn't compute FAST_CWD pointer.  Please report this problem to
the public mailing list cygwin@cygwin.com
Compiling alt_fcntl.c...
      1 [main] mkdir 18860 find_fast_cwd: WARNING: Couldn't compute FAST_CWD pointer.  Please report this problem to
the public mailing list cygwin@cygwin.com
nios2-elf-gcc -xc -MP -MMD -c  -I./HAL/inc -I. -I./drivers/inc -DSYSTEM_BUS_WIDTH=32 -pipe -D__hal__ -DALT_NO_INSTRUCTION_EMULATION -DALT_SINGLE_THREADED    -O0 -g -Wall  -mno-hw-div -mno-hw-mul -mno-hw-mulx   -o obj/HAL/src/alt_fcntl.o HAL/src/alt_fcntl.c
      1 [main] echo 5836 find_fast_cwd: WARNING: Couldn't compute FAST_CWD pointer.  Please report this problem to
the public mailing list cygwin@cygwin.com
Compiling alt_fd_lock.c...
      1 [main] mkdir 22324 find_fast_cwd: WARNING: Couldn't compute FAST_CWD pointer.  Please report this problem to
the public mailing list cygwin@cygwin.com
nios2-elf-gcc -xc -MP -MMD -c  -I./HAL/inc -I. -I./drivers/inc -DSYSTEM_BUS_WIDTH=32 -pipe -D__hal__ -DALT_NO_INSTRUCTION_EMULATION -DALT_SINGLE_THREADED    -O0 -g -Wall  -mno-hw-div -mno-hw-mul -mno-hw-mulx   -o obj/HAL/src/alt_fd_lock.o HAL/src/alt_fd_lock.c
      1 [main] echo 28516 find_fast_cwd: WARNING: Couldn't compute FAST_CWD pointer.  Please report this problem to
the public mailing list cygwin@cygwin.com
Compiling alt_fd_unlock.c...
      1 [main] mkdir 19884 find_fast_cwd: WARNING: Couldn't compute FAST_CWD pointer.  Please report this problem to
the public mailing list cygwin@cygwin.com
nios2-elf-gcc -xc -MP -MMD -c  -I./HAL/inc -I. -I./drivers/inc -DSYSTEM_BUS_WIDTH=32 -pipe -D__hal__ -DALT_NO_INSTRUCTION_EMULATION -DALT_SINGLE_THREADED    -O0 -g -Wall  -mno-hw-div -mno-hw-mul -mno-hw-mulx   -o obj/HAL/src/alt_fd_unlock.o HAL/src/alt_fd_unlock.c
      1 [main] echo 24248 find_fast_cwd: WARNING: Couldn't compute FAST_CWD pointer.  Please report this problem to
the public mailing list cygwin@cygwin.com
Compiling alt_find_dev.c...
      1 [main] mkdir 24200 find_fast_cwd: WARNING: Couldn't compute FAST_CWD pointer.  Please report this problem to
the public mailing list cygwin@cygwin.com
nios2-elf-gcc -xc -MP -MMD -c  -I./HAL/inc -I. -I./drivers/inc -DSYSTEM_BUS_WIDTH=32 -pipe -D__hal__ -DALT_NO_INSTRUCTION_EMULATION -DALT_SINGLE_THREADED    -O0 -g -Wall  -mno-hw-div -mno-hw-mul -mno-hw-mulx   -o obj/HAL/src/alt_find_dev.o HAL/src/alt_find_dev.c
      1 [main] echo 9224 find_fast_cwd: WARNING: Couldn't compute FAST_CWD pointer.  Please report this problem to
the public mailing list cygwin@cygwin.com
Compiling alt_find_file.c...
      1 [main] mkdir 13132 find_fast_cwd: WARNING: Couldn't compute FAST_CWD pointer.  Please report this problem to
the public mailing list cygwin@cygwin.com
nios2-elf-gcc -xc -MP -MMD -c  -I./HAL/inc -I. -I./drivers/inc -DSYSTEM_BUS_WIDTH=32 -pipe -D__hal__ -DALT_NO_INSTRUCTION_EMULATION -DALT_SINGLE_THREADED    -O0 -g -Wall  -mno-hw-div -mno-hw-mul -mno-hw-mulx   -o obj/HAL/src/alt_find_file.o HAL/src/alt_find_file.c
      1 [main] echo 20004 find_fast_cwd: WARNING: Couldn't compute FAST_CWD pointer.  Please report this problem to
the public mailing list cygwin@cygwin.com
Compiling alt_flash_dev.c...
      1 [main] mkdir 21180 find_fast_cwd: WARNING: Couldn't compute FAST_CWD pointer.  Please report this problem to
the public mailing list cygwin@cygwin.com
nios2-elf-gcc -xc -MP -MMD -c  -I./HAL/inc -I. -I./drivers/inc -DSYSTEM_BUS_WIDTH=32 -pipe -D__hal__ -DALT_NO_INSTRUCTION_EMULATION -DALT_SINGLE_THREADED    -O0 -g -Wall  -mno-hw-div -mno-hw-mul -mno-hw-mulx   -o obj/HAL/src/alt_flash_dev.o HAL/src/alt_flash_dev.c
      1 [main] echo 25516 find_fast_cwd: WARNING: Couldn't compute FAST_CWD pointer.  Please report this problem to
the public mailing list cygwin@cygwin.com
Compiling alt_fork.c...
      1 [main] mkdir 27756 find_fast_cwd: WARNING: Couldn't compute FAST_CWD pointer.  Please report this problem to
the public mailing list cygwin@cygwin.com
nios2-elf-gcc -xc -MP -MMD -c  -I./HAL/inc -I. -I./drivers/inc -DSYSTEM_BUS_WIDTH=32 -pipe -D__hal__ -DALT_NO_INSTRUCTION_EMULATION -DALT_SINGLE_THREADED    -O0 -g -Wall  -mno-hw-div -mno-hw-mul -mno-hw-mulx   -o obj/HAL/src/alt_fork.o HAL/src/alt_fork.c
      1 [main] echo 4740 find_fast_cwd: WARNING: Couldn't compute FAST_CWD pointer.  Please report this problem to
the public mailing list cygwin@cygwin.com
Compiling alt_fs_reg.c...
      1 [main] mkdir 20232 find_fast_cwd: WARNING: Couldn't compute FAST_CWD pointer.  Please report this problem to
the public mailing list cygwin@cygwin.com
nios2-elf-gcc -xc -MP -MMD -c  -I./HAL/inc -I. -I./drivers/inc -DSYSTEM_BUS_WIDTH=32 -pipe -D__hal__ -DALT_NO_INSTRUCTION_EMULATION -DALT_SINGLE_THREADED    -O0 -g -Wall  -mno-hw-div -mno-hw-mul -mno-hw-mulx   -o obj/HAL/src/alt_fs_reg.o HAL/src/alt_fs_reg.c
      1 [main] echo 17956 find_fast_cwd: WARNING: Couldn't compute FAST_CWD pointer.  Please report this problem to
the public mailing list cygwin@cygwin.com
Compiling alt_fstat.c...
      1 [main] mkdir 15252 find_fast_cwd: WARNING: Couldn't compute FAST_CWD pointer.  Please report this problem to
the public mailing list cygwin@cygwin.com
nios2-elf-gcc -xc -MP -MMD -c  -I./HAL/inc -I. -I./drivers/inc -DSYSTEM_BUS_WIDTH=32 -pipe -D__hal__ -DALT_NO_INSTRUCTION_EMULATION -DALT_SINGLE_THREADED    -O0 -g -Wall  -mno-hw-div -mno-hw-mul -mno-hw-mulx   -o obj/HAL/src/alt_fstat.o HAL/src/alt_fstat.c
      1 [main] echo 16764 find_fast_cwd: WARNING: Couldn't compute FAST_CWD pointer.  Please report this problem to
the public mailing list cygwin@cygwin.com
Compiling alt_get_fd.c...
      1 [main] mkdir 24424 find_fast_cwd: WARNING: Couldn't compute FAST_CWD pointer.  Please report this problem to
the public mailing list cygwin@cygwin.com
nios2-elf-gcc -xc -MP -MMD -c  -I./HAL/inc -I. -I./drivers/inc -DSYSTEM_BUS_WIDTH=32 -pipe -D__hal__ -DALT_NO_INSTRUCTION_EMULATION -DALT_SINGLE_THREADED    -O0 -g -Wall  -mno-hw-div -mno-hw-mul -mno-hw-mulx   -o obj/HAL/src/alt_get_fd.o HAL/src/alt_get_fd.c
      2 [main] echo 28688 find_fast_cwd: WARNING: Couldn't compute FAST_CWD pointer.  Please report this problem to
Compiling alt_getchar.c...
the public mailing list cygwin@cygwin.com
      1 [main] mkdir 27436 find_fast_cwd: WARNING: Couldn't compute FAST_CWD pointer.  Please report this problem to
the public mailing list cygwin@cygwin.com
nios2-elf-gcc -xc -MP -MMD -c  -I./HAL/inc -I. -I./drivers/inc -DSYSTEM_BUS_WIDTH=32 -pipe -D__hal__ -DALT_NO_INSTRUCTION_EMULATION -DALT_SINGLE_THREADED    -O0 -g -Wall  -mno-hw-div -mno-hw-mul -mno-hw-mulx   -o obj/HAL/src/alt_getchar.o HAL/src/alt_getchar.c
      1 [main] echo 26056 find_fast_cwd: WARNING: Couldn't compute FAST_CWD pointer.  Please report this problem to
the public mailing list cygwin@cygwin.com
Compiling alt_getpid.c...
      1 [main] mkdir 6152 find_fast_cwd: WARNING: Couldn't compute FAST_CWD pointer.  Please report this problem to
the public mailing list cygwin@cygwin.com
nios2-elf-gcc -xc -MP -MMD -c  -I./HAL/inc -I. -I./drivers/inc -DSYSTEM_BUS_WIDTH=32 -pipe -D__hal__ -DALT_NO_INSTRUCTION_EMULATION -DALT_SINGLE_THREADED    -O0 -g -Wall  -mno-hw-div -mno-hw-mul -mno-hw-mulx   -o obj/HAL/src/alt_getpid.o HAL/src/alt_getpid.c
      1 [main] echo 10656 find_fast_cwd: WARNING: Couldn't compute FAST_CWD pointer.  Please report this problem to
the public mailing list cygwin@cygwin.com
Compiling alt_gettod.c...
      1 [main] mkdir 31724 find_fast_cwd: WARNING: Couldn't compute FAST_CWD pointer.  Please report this problem to
the public mailing list cygwin@cygwin.com
nios2-elf-gcc -xc -MP -MMD -c  -I./HAL/inc -I. -I./drivers/inc -DSYSTEM_BUS_WIDTH=32 -pipe -D__hal__ -DALT_NO_INSTRUCTION_EMULATION -DALT_SINGLE_THREADED    -O0 -g -Wall  -mno-hw-div -mno-hw-mul -mno-hw-mulx   -o obj/HAL/src/alt_gettod.o HAL/src/alt_gettod.c
      1 [main] echo 19664 find_fast_cwd: WARNING: Couldn't compute FAST_CWD pointer.  Please report this problem to
the public mailing list cygwin@cygwin.com
Compiling alt_gmon.c...
      2 [main] mkdir 28420 find_fast_cwd: WARNING: Couldn't compute FAST_CWD pointer.  Please report this problem to
the public mailing list cygwin@cygwin.com
nios2-elf-gcc -xc -MP -MMD -c  -I./HAL/inc -I. -I./drivers/inc -DSYSTEM_BUS_WIDTH=32 -pipe -D__hal__ -DALT_NO_INSTRUCTION_EMULATION -DALT_SINGLE_THREADED    -O0 -g -Wall  -mno-hw-div -mno-hw-mul -mno-hw-mulx   -o obj/HAL/src/alt_gmon.o HAL/src/alt_gmon.c
      1 [main] echo 22448 find_fast_cwd: WARNING: Couldn't compute FAST_CWD pointer.  Please report this problem to
the public mailing list cygwin@cygwin.com
Compiling alt_icache_flush.c...
      2 [main] mkdir 30360 find_fast_cwd: WARNING: Couldn't compute FAST_CWD pointer.  Please report this problem to
the public mailing list cygwin@cygwin.com
nios2-elf-gcc -xc -MP -MMD -c  -I./HAL/inc -I. -I./drivers/inc -DSYSTEM_BUS_WIDTH=32 -pipe -D__hal__ -DALT_NO_INSTRUCTION_EMULATION -DALT_SINGLE_THREADED    -O0 -g -Wall  -mno-hw-div -mno-hw-mul -mno-hw-mulx   -o obj/HAL/src/alt_icache_flush.o HAL/src/alt_icache_flush.c
      1 [main] echo 11992 find_fast_cwd: WARNING: Couldn't compute FAST_CWD pointer.  Please report this problem to
Compiling alt_icache_flush_all.c...
the public mailing list cygwin@cygwin.com
      1 [main] mkdir 30556 find_fast_cwd: WARNING: Couldn't compute FAST_CWD pointer.  Please report this problem to
the public mailing list cygwin@cygwin.com
nios2-elf-gcc -xc -MP -MMD -c  -I./HAL/inc -I. -I./drivers/inc -DSYSTEM_BUS_WIDTH=32 -pipe -D__hal__ -DALT_NO_INSTRUCTION_EMULATION -DALT_SINGLE_THREADED    -O0 -g -Wall  -mno-hw-div -mno-hw-mul -mno-hw-mulx   -o obj/HAL/src/alt_icache_flush_all.o HAL/src/alt_icache_flush_all.c
      1 [main] echo 30592 find_fast_cwd: WARNING: Couldn't compute FAST_CWD pointer.  Please report this problem to
the public mailing list cygwin@cygwin.com
Compiling alt_iic.c...
      1 [main] mkdir 27976 find_fast_cwd: WARNING: Couldn't compute FAST_CWD pointer.  Please report this problem to
the public mailing list cygwin@cygwin.com
nios2-elf-gcc -xc -MP -MMD -c  -I./HAL/inc -I. -I./drivers/inc -DSYSTEM_BUS_WIDTH=32 -pipe -D__hal__ -DALT_NO_INSTRUCTION_EMULATION -DALT_SINGLE_THREADED    -O0 -g -Wall  -mno-hw-div -mno-hw-mul -mno-hw-mulx   -o obj/HAL/src/alt_iic.o HAL/src/alt_iic.c
      1 [main] echo 28660 find_fast_cwd: WARNING: Couldn't compute FAST_CWD pointer.  Please report this problem to
the public mailing list cygwin@cygwin.com
Compiling alt_iic_isr_register.c...
      1 [main] mkdir 29504 find_fast_cwd: WARNING: Couldn't compute FAST_CWD pointer.  Please report this problem to
the public mailing list cygwin@cygwin.com
nios2-elf-gcc -xc -MP -MMD -c  -I./HAL/inc -I. -I./drivers/inc -DSYSTEM_BUS_WIDTH=32 -pipe -D__hal__ -DALT_NO_INSTRUCTION_EMULATION -DALT_SINGLE_THREADED    -O0 -g -Wall  -mno-hw-div -mno-hw-mul -mno-hw-mulx   -o obj/HAL/src/alt_iic_isr_register.o HAL/src/alt_iic_isr_register.c
      1 [main] echo 21432 find_fast_cwd: WARNING: Couldn't compute FAST_CWD pointer.  Please report this problem to
the public mailing list cygwin@cygwin.com
Compiling alt_instruction_exception_entry.c...
      1 [main] mkdir 30212 find_fast_cwd: WARNING: Couldn't compute FAST_CWD pointer.  Please report this problem to
the public mailing list cygwin@cygwin.com
nios2-elf-gcc -xc -MP -MMD -c  -I./HAL/inc -I. -I./drivers/inc -DSYSTEM_BUS_WIDTH=32 -pipe -D__hal__ -DALT_NO_INSTRUCTION_EMULATION -DALT_SINGLE_THREADED    -O0 -g -Wall  -mno-hw-div -mno-hw-mul -mno-hw-mulx   -o obj/HAL/src/alt_instruction_exception_entry.o HAL/src/alt_instruction_exception_entry.c
      1 [main] echo 17416 find_fast_cwd: WARNING: Couldn't compute FAST_CWD pointer.  Please report this problem to
the public mailing list cygwin@cygwin.com
Compiling alt_instruction_exception_register.c...
      1 [main] mkdir 22380 find_fast_cwd: WARNING: Couldn't compute FAST_CWD pointer.  Please report this problem to
the public mailing list cygwin@cygwin.com
nios2-elf-gcc -xc -MP -MMD -c  -I./HAL/inc -I. -I./drivers/inc -DSYSTEM_BUS_WIDTH=32 -pipe -D__hal__ -DALT_NO_INSTRUCTION_EMULATION -DALT_SINGLE_THREADED    -O0 -g -Wall  -mno-hw-div -mno-hw-mul -mno-hw-mulx   -o obj/HAL/src/alt_instruction_exception_register.o HAL/src/alt_instruction_exception_register.c
      1 [main] echo 4668 find_fast_cwd: WARNING: Couldn't compute FAST_CWD pointer.  Please report this problem to
the public mailing list cygwin@cygwin.com
Compiling alt_io_redirect.c...
      1 [main] mkdir 13788 find_fast_cwd: WARNING: Couldn't compute FAST_CWD pointer.  Please report this problem to
the public mailing list cygwin@cygwin.com
nios2-elf-gcc -xc -MP -MMD -c  -I./HAL/inc -I. -I./drivers/inc -DSYSTEM_BUS_WIDTH=32 -pipe -D__hal__ -DALT_NO_INSTRUCTION_EMULATION -DALT_SINGLE_THREADED    -O0 -g -Wall  -mno-hw-div -mno-hw-mul -mno-hw-mulx   -o obj/HAL/src/alt_io_redirect.o HAL/src/alt_io_redirect.c
      1 [main] echo 27156 find_fast_cwd: WARNING: Couldn't compute FAST_CWD pointer.  Please report this problem to
the public mailing list cygwin@cygwin.com
Compiling alt_ioctl.c...
      1 [main] mkdir 30952 find_fast_cwd: WARNING: Couldn't compute FAST_CWD pointer.  Please report this problem to
the public mailing list cygwin@cygwin.com
nios2-elf-gcc -xc -MP -MMD -c  -I./HAL/inc -I. -I./drivers/inc -DSYSTEM_BUS_WIDTH=32 -pipe -D__hal__ -DALT_NO_INSTRUCTION_EMULATION -DALT_SINGLE_THREADED    -O0 -g -Wall  -mno-hw-div -mno-hw-mul -mno-hw-mulx   -o obj/HAL/src/alt_ioctl.o HAL/src/alt_ioctl.c
      1 [main] echo 10024 find_fast_cwd: WARNING: Couldn't compute FAST_CWD pointer.  Please report this problem to
the public mailing list cygwin@cygwin.com
Compiling alt_irq_entry.S...
      1 [main] mkdir 12780 find_fast_cwd: WARNING: Couldn't compute FAST_CWD pointer.  Please report this problem to
the public mailing list cygwin@cygwin.com
nios2-elf-gcc -MP -MMD -c   -O0 -g -Wall  -mno-hw-div -mno-hw-mul -mno-hw-mulx    -I./HAL/inc -I. -I./drivers/inc -DSYSTEM_BUS_WIDTH=32 -pipe -D__hal__ -DALT_NO_INSTRUCTION_EMULATION -DALT_SINGLE_THREADED  -Wa,-gdwarf2  -o obj/HAL/src/alt_irq_entry.o HAL/src/alt_irq_entry.S
      1 [main] echo 26332 find_fast_cwd: WARNING: Couldn't compute FAST_CWD pointer.  Please report this problem to
the public mailing list cygwin@cygwin.com
Compiling alt_irq_handler.c...
      2 [main] mkdir 3756 find_fast_cwd: WARNING: Couldn't compute FAST_CWD pointer.  Please report this problem to
the public mailing list cygwin@cygwin.com
nios2-elf-gcc -xc -MP -MMD -c  -I./HAL/inc -I. -I./drivers/inc -DSYSTEM_BUS_WIDTH=32 -pipe -D__hal__ -DALT_NO_INSTRUCTION_EMULATION -DALT_SINGLE_THREADED    -O0 -g -Wall  -mno-hw-div -mno-hw-mul -mno-hw-mulx   -o obj/HAL/src/alt_irq_handler.o HAL/src/alt_irq_handler.c
      1 [main] echo 30920 find_fast_cwd: WARNING: Couldn't compute FAST_CWD pointer.  Please report this problem to
the public mailing list cygwin@cygwin.com
Compiling alt_irq_register.c...
      1 [main] mkdir 28508 find_fast_cwd: WARNING: Couldn't compute FAST_CWD pointer.  Please report this problem to
the public mailing list cygwin@cygwin.com
nios2-elf-gcc -xc -MP -MMD -c  -I./HAL/inc -I. -I./drivers/inc -DSYSTEM_BUS_WIDTH=32 -pipe -D__hal__ -DALT_NO_INSTRUCTION_EMULATION -DALT_SINGLE_THREADED    -O0 -g -Wall  -mno-hw-div -mno-hw-mul -mno-hw-mulx   -o obj/HAL/src/alt_irq_register.o HAL/src/alt_irq_register.c
      3 [main] echo 30632 find_fast_cwd: WARNING: Couldn't compute FAST_CWD pointer.  Please report this problem to
the public mailing list cygwin@cygwin.com
Compiling alt_irq_vars.c...
      1 [main] mkdir 25752 find_fast_cwd: WARNING: Couldn't compute FAST_CWD pointer.  Please report this problem to
the public mailing list cygwin@cygwin.com
nios2-elf-gcc -xc -MP -MMD -c  -I./HAL/inc -I. -I./drivers/inc -DSYSTEM_BUS_WIDTH=32 -pipe -D__hal__ -DALT_NO_INSTRUCTION_EMULATION -DALT_SINGLE_THREADED    -O0 -g -Wall  -mno-hw-div -mno-hw-mul -mno-hw-mulx   -o obj/HAL/src/alt_irq_vars.o HAL/src/alt_irq_vars.c
      1 [main] echo 22080 find_fast_cwd: WARNING: Couldn't compute FAST_CWD pointer.  Please report this problem to
the public mailing list cygwin@cygwin.com
Compiling alt_isatty.c...
      1 [main] mkdir 21028 find_fast_cwd: WARNING: Couldn't compute FAST_CWD pointer.  Please report this problem to
the public mailing list cygwin@cygwin.com
nios2-elf-gcc -xc -MP -MMD -c  -I./HAL/inc -I. -I./drivers/inc -DSYSTEM_BUS_WIDTH=32 -pipe -D__hal__ -DALT_NO_INSTRUCTION_EMULATION -DALT_SINGLE_THREADED    -O0 -g -Wall  -mno-hw-div -mno-hw-mul -mno-hw-mulx   -o obj/HAL/src/alt_isatty.o HAL/src/alt_isatty.c
      1 [main] echo 27388 find_fast_cwd: WARNING: Couldn't compute FAST_CWD pointer.  Please report this problem to
the public mailing list cygwin@cygwin.com
Compiling alt_kill.c...
      1 [main] mkdir 20780 find_fast_cwd: WARNING: Couldn't compute FAST_CWD pointer.  Please report this problem to
the public mailing list cygwin@cygwin.com
nios2-elf-gcc -xc -MP -MMD -c  -I./HAL/inc -I. -I./drivers/inc -DSYSTEM_BUS_WIDTH=32 -pipe -D__hal__ -DALT_NO_INSTRUCTION_EMULATION -DALT_SINGLE_THREADED    -O0 -g -Wall  -mno-hw-div -mno-hw-mul -mno-hw-mulx   -o obj/HAL/src/alt_kill.o HAL/src/alt_kill.c
      2 [main] echo 13388 find_fast_cwd: WARNING: Couldn't compute FAST_CWD pointer.  Please report this problem to
the public mailing list cygwin@cygwin.com
Compiling alt_link.c...
      1 [main] mkdir 29744 find_fast_cwd: WARNING: Couldn't compute FAST_CWD pointer.  Please report this problem to
the public mailing list cygwin@cygwin.com
nios2-elf-gcc -xc -MP -MMD -c  -I./HAL/inc -I. -I./drivers/inc -DSYSTEM_BUS_WIDTH=32 -pipe -D__hal__ -DALT_NO_INSTRUCTION_EMULATION -DALT_SINGLE_THREADED    -O0 -g -Wall  -mno-hw-div -mno-hw-mul -mno-hw-mulx   -o obj/HAL/src/alt_link.o HAL/src/alt_link.c
      1 [main] echo 16752 find_fast_cwd: WARNING: Couldn't compute FAST_CWD pointer.  Please report this problem to
the public mailing list cygwin@cygwin.com
Compiling alt_load.c...
      1 [main] mkdir 6240 find_fast_cwd: WARNING: Couldn't compute FAST_CWD pointer.  Please report this problem to
the public mailing list cygwin@cygwin.com
nios2-elf-gcc -xc -MP -MMD -c  -I./HAL/inc -I. -I./drivers/inc -DSYSTEM_BUS_WIDTH=32 -pipe -D__hal__ -DALT_NO_INSTRUCTION_EMULATION -DALT_SINGLE_THREADED    -O0 -g -Wall  -mno-hw-div -mno-hw-mul -mno-hw-mulx   -o obj/HAL/src/alt_load.o HAL/src/alt_load.c
HAL/src/alt_load.c: In function 'alt_load':
HAL/src/alt_load.c:62:21: warning: taking address of expression of type 'void' [enabled by default]
HAL/src/alt_load.c:63:19: warning: taking address of expression of type 'void' [enabled by default]
HAL/src/alt_load.c:64:19: warning: taking address of expression of type 'void' [enabled by default]
HAL/src/alt_load.c:70:21: warning: taking address of expression of type 'void' [enabled by default]
HAL/src/alt_load.c:71:19: warning: taking address of expression of type 'void' [enabled by default]
HAL/src/alt_load.c:72:19: warning: taking address of expression of type 'void' [enabled by default]
HAL/src/alt_load.c:78:21: warning: taking address of expression of type 'void' [enabled by default]
HAL/src/alt_load.c:79:19: warning: taking address of expression of type 'void' [enabled by default]
HAL/src/alt_load.c:80:19: warning: taking address of expression of type 'void' [enabled by default]
      1 [main] echo 18928 find_fast_cwd: WARNING: Couldn't compute FAST_CWD pointer.  Please report this problem to
the public mailing list cygwin@cygwin.com
Compiling alt_log_macro.S...
      1 [main] mkdir 5356 find_fast_cwd: WARNING: Couldn't compute FAST_CWD pointer.  Please report this problem to
the public mailing list cygwin@cygwin.com
nios2-elf-gcc -MP -MMD -c   -O0 -g -Wall  -mno-hw-div -mno-hw-mul -mno-hw-mulx    -I./HAL/inc -I. -I./drivers/inc -DSYSTEM_BUS_WIDTH=32 -pipe -D__hal__ -DALT_NO_INSTRUCTION_EMULATION -DALT_SINGLE_THREADED  -Wa,-gdwarf2  -o obj/HAL/src/alt_log_macro.o HAL/src/alt_log_macro.S
      2 [main] echo 27000 find_fast_cwd: WARNING: Couldn't compute FAST_CWD pointer.  Please report this problem to
the public mailing list cygwin@cygwin.com
Compiling alt_log_printf.c...
      1 [main] mkdir 30208 find_fast_cwd: WARNING: Couldn't compute FAST_CWD pointer.  Please report this problem to
the public mailing list cygwin@cygwin.com
nios2-elf-gcc -xc -MP -MMD -c  -I./HAL/inc -I. -I./drivers/inc -DSYSTEM_BUS_WIDTH=32 -pipe -D__hal__ -DALT_NO_INSTRUCTION_EMULATION -DALT_SINGLE_THREADED    -O0 -g -Wall  -mno-hw-div -mno-hw-mul -mno-hw-mulx   -o obj/HAL/src/alt_log_printf.o HAL/src/alt_log_printf.c
      1 [main] echo 26744 find_fast_cwd: WARNING: Couldn't compute FAST_CWD pointer.  Please report this problem to
the public mailing list cygwin@cygwin.com
Compiling alt_lseek.c...
      1 [main] mkdir 12680 find_fast_cwd: WARNING: Couldn't compute FAST_CWD pointer.  Please report this problem to
the public mailing list cygwin@cygwin.com
nios2-elf-gcc -xc -MP -MMD -c  -I./HAL/inc -I. -I./drivers/inc -DSYSTEM_BUS_WIDTH=32 -pipe -D__hal__ -DALT_NO_INSTRUCTION_EMULATION -DALT_SINGLE_THREADED    -O0 -g -Wall  -mno-hw-div -mno-hw-mul -mno-hw-mulx   -o obj/HAL/src/alt_lseek.o HAL/src/alt_lseek.c
      1 [main] echo 21948 find_fast_cwd: WARNING: Couldn't compute FAST_CWD pointer.  Please report this problem to
the public mailing list cygwin@cygwin.com
Compiling alt_main.c...
      2 [main] mkdir 20980 find_fast_cwd: WARNING: Couldn't compute FAST_CWD pointer.  Please report this problem to
the public mailing list cygwin@cygwin.com
nios2-elf-gcc -xc -MP -MMD -c  -I./HAL/inc -I. -I./drivers/inc -DSYSTEM_BUS_WIDTH=32 -pipe -D__hal__ -DALT_NO_INSTRUCTION_EMULATION -DALT_SINGLE_THREADED    -O0 -g -Wall  -mno-hw-div -mno-hw-mul -mno-hw-mulx   -o obj/HAL/src/alt_main.o HAL/src/alt_main.c
      2 [main] echo 3320 find_fast_cwd: WARNING: Couldn't compute FAST_CWD pointer.  Please report this problem to
the public mailing list cygwin@cygwin.com
Compiling alt_malloc_lock.c...
      1 [main] mkdir 30524 find_fast_cwd: WARNING: Couldn't compute FAST_CWD pointer.  Please report this problem to
the public mailing list cygwin@cygwin.com
nios2-elf-gcc -xc -MP -MMD -c  -I./HAL/inc -I. -I./drivers/inc -DSYSTEM_BUS_WIDTH=32 -pipe -D__hal__ -DALT_NO_INSTRUCTION_EMULATION -DALT_SINGLE_THREADED    -O0 -g -Wall  -mno-hw-div -mno-hw-mul -mno-hw-mulx   -o obj/HAL/src/alt_malloc_lock.o HAL/src/alt_malloc_lock.c
      1 [main] echo 27888 find_fast_cwd: WARNING: Couldn't compute FAST_CWD pointer.  Please report this problem to
the public mailing list cygwin@cygwin.com
Compiling alt_mcount.S...
      1 [main] mkdir 31104 find_fast_cwd: WARNING: Couldn't compute FAST_CWD pointer.  Please report this problem to
the public mailing list cygwin@cygwin.com
nios2-elf-gcc -MP -MMD -c   -O0 -g -Wall  -mno-hw-div -mno-hw-mul -mno-hw-mulx    -I./HAL/inc -I. -I./drivers/inc -DSYSTEM_BUS_WIDTH=32 -pipe -D__hal__ -DALT_NO_INSTRUCTION_EMULATION -DALT_SINGLE_THREADED  -Wa,-gdwarf2  -o obj/HAL/src/alt_mcount.o HAL/src/alt_mcount.S
      1 [main] echo 30432 find_fast_cwd: WARNING: Couldn't compute FAST_CWD pointer.  Please report this problem to
the public mailing list cygwin@cygwin.com
Compiling alt_open.c...
      1 [main] mkdir 25772 find_fast_cwd: WARNING: Couldn't compute FAST_CWD pointer.  Please report this problem to
the public mailing list cygwin@cygwin.com
nios2-elf-gcc -xc -MP -MMD -c  -I./HAL/inc -I. -I./drivers/inc -DSYSTEM_BUS_WIDTH=32 -pipe -D__hal__ -DALT_NO_INSTRUCTION_EMULATION -DALT_SINGLE_THREADED    -O0 -g -Wall  -mno-hw-div -mno-hw-mul -mno-hw-mulx   -o obj/HAL/src/alt_open.o HAL/src/alt_open.c
      1 [main] echo 29896 find_fast_cwd: WARNING: Couldn't compute FAST_CWD pointer.  Please report this problem to
the public mailing list cygwin@cygwin.com
Compiling alt_printf.c...
      1 [main] mkdir 31612 find_fast_cwd: WARNING: Couldn't compute FAST_CWD pointer.  Please report this problem to
the public mailing list cygwin@cygwin.com
nios2-elf-gcc -xc -MP -MMD -c  -I./HAL/inc -I. -I./drivers/inc -DSYSTEM_BUS_WIDTH=32 -pipe -D__hal__ -DALT_NO_INSTRUCTION_EMULATION -DALT_SINGLE_THREADED    -O0 -g -Wall  -mno-hw-div -mno-hw-mul -mno-hw-mulx   -o obj/HAL/src/alt_printf.o HAL/src/alt_printf.c
      1 [main] echo 4048 find_fast_cwd: WARNING: Couldn't compute FAST_CWD pointer.  Please report this problem to
the public mailing list cygwin@cygwin.com
Compiling alt_putchar.c...
      1 [main] mkdir 24100 find_fast_cwd: WARNING: Couldn't compute FAST_CWD pointer.  Please report this problem to
the public mailing list cygwin@cygwin.com
nios2-elf-gcc -xc -MP -MMD -c  -I./HAL/inc -I. -I./drivers/inc -DSYSTEM_BUS_WIDTH=32 -pipe -D__hal__ -DALT_NO_INSTRUCTION_EMULATION -DALT_SINGLE_THREADED    -O0 -g -Wall  -mno-hw-div -mno-hw-mul -mno-hw-mulx   -o obj/HAL/src/alt_putchar.o HAL/src/alt_putchar.c
      1 [main] echo 24032 find_fast_cwd: WARNING: Couldn't compute FAST_CWD pointer.  Please report this problem to
the public mailing list cygwin@cygwin.com
Compiling alt_putstr.c...
      1 [main] mkdir 20632 find_fast_cwd: WARNING: Couldn't compute FAST_CWD pointer.  Please report this problem to
the public mailing list cygwin@cygwin.com
nios2-elf-gcc -xc -MP -MMD -c  -I./HAL/inc -I. -I./drivers/inc -DSYSTEM_BUS_WIDTH=32 -pipe -D__hal__ -DALT_NO_INSTRUCTION_EMULATION -DALT_SINGLE_THREADED    -O0 -g -Wall  -mno-hw-div -mno-hw-mul -mno-hw-mulx   -o obj/HAL/src/alt_putstr.o HAL/src/alt_putstr.c
      1 [main] echo 30576 find_fast_cwd: WARNING: Couldn't compute FAST_CWD pointer.  Please report this problem to
the public mailing list cygwin@cygwin.com
Compiling alt_read.c...
      1 [main] mkdir 25800 find_fast_cwd: WARNING: Couldn't compute FAST_CWD pointer.  Please report this problem to
the public mailing list cygwin@cygwin.com
nios2-elf-gcc -xc -MP -MMD -c  -I./HAL/inc -I. -I./drivers/inc -DSYSTEM_BUS_WIDTH=32 -pipe -D__hal__ -DALT_NO_INSTRUCTION_EMULATION -DALT_SINGLE_THREADED    -O0 -g -Wall  -mno-hw-div -mno-hw-mul -mno-hw-mulx   -o obj/HAL/src/alt_read.o HAL/src/alt_read.c
      3 [main] echo 30784 find_fast_cwd: WARNING: Couldn't compute FAST_CWD pointer.  Please report this problem to
the public mailing list cygwin@cygwin.com
Compiling alt_release_fd.c...
      1 [main] mkdir 25248 find_fast_cwd: WARNING: Couldn't compute FAST_CWD pointer.  Please report this problem to
the public mailing list cygwin@cygwin.com
nios2-elf-gcc -xc -MP -MMD -c  -I./HAL/inc -I. -I./drivers/inc -DSYSTEM_BUS_WIDTH=32 -pipe -D__hal__ -DALT_NO_INSTRUCTION_EMULATION -DALT_SINGLE_THREADED    -O0 -g -Wall  -mno-hw-div -mno-hw-mul -mno-hw-mulx   -o obj/HAL/src/alt_release_fd.o HAL/src/alt_release_fd.c
      1 [main] echo 22132 find_fast_cwd: WARNING: Couldn't compute FAST_CWD pointer.  Please report this problem to
the public mailing list cygwin@cygwin.com
Compiling alt_remap_cached.c...
      1 [main] mkdir 20392 find_fast_cwd: WARNING: Couldn't compute FAST_CWD pointer.  Please report this problem to
the public mailing list cygwin@cygwin.com
nios2-elf-gcc -xc -MP -MMD -c  -I./HAL/inc -I. -I./drivers/inc -DSYSTEM_BUS_WIDTH=32 -pipe -D__hal__ -DALT_NO_INSTRUCTION_EMULATION -DALT_SINGLE_THREADED    -O0 -g -Wall  -mno-hw-div -mno-hw-mul -mno-hw-mulx   -o obj/HAL/src/alt_remap_cached.o HAL/src/alt_remap_cached.c
      1 [main] echo 22356 find_fast_cwd: WARNING: Couldn't compute FAST_CWD pointer.  Please report this problem to
the public mailing list cygwin@cygwin.com
Compiling alt_remap_uncached.c...
      1 [main] mkdir 29416 find_fast_cwd: WARNING: Couldn't compute FAST_CWD pointer.  Please report this problem to
the public mailing list cygwin@cygwin.com
nios2-elf-gcc -xc -MP -MMD -c  -I./HAL/inc -I. -I./drivers/inc -DSYSTEM_BUS_WIDTH=32 -pipe -D__hal__ -DALT_NO_INSTRUCTION_EMULATION -DALT_SINGLE_THREADED    -O0 -g -Wall  -mno-hw-div -mno-hw-mul -mno-hw-mulx   -o obj/HAL/src/alt_remap_uncached.o HAL/src/alt_remap_uncached.c
      1 [main] echo 6804 find_fast_cwd: WARNING: Couldn't compute FAST_CWD pointer.  Please report this problem to
the public mailing list cygwin@cygwin.com
Compiling alt_rename.c...
      1 [main] mkdir 23144 find_fast_cwd: WARNING: Couldn't compute FAST_CWD pointer.  Please report this problem to
the public mailing list cygwin@cygwin.com
nios2-elf-gcc -xc -MP -MMD -c  -I./HAL/inc -I. -I./drivers/inc -DSYSTEM_BUS_WIDTH=32 -pipe -D__hal__ -DALT_NO_INSTRUCTION_EMULATION -DALT_SINGLE_THREADED    -O0 -g -Wall  -mno-hw-div -mno-hw-mul -mno-hw-mulx   -o obj/HAL/src/alt_rename.o HAL/src/alt_rename.c
      1 [main] echo 17956 find_fast_cwd: WARNING: Couldn't compute FAST_CWD pointer.  Please report this problem to
the public mailing list cygwin@cygwin.com
Compiling alt_sbrk.c...
      1 [main] mkdir 19580 find_fast_cwd: WARNING: Couldn't compute FAST_CWD pointer.  Please report this problem to
the public mailing list cygwin@cygwin.com
nios2-elf-gcc -xc -MP -MMD -c  -I./HAL/inc -I. -I./drivers/inc -DSYSTEM_BUS_WIDTH=32 -pipe -D__hal__ -DALT_NO_INSTRUCTION_EMULATION -DALT_SINGLE_THREADED    -O0 -g -Wall  -mno-hw-div -mno-hw-mul -mno-hw-mulx   -o obj/HAL/src/alt_sbrk.o HAL/src/alt_sbrk.c
      1 [main] echo 14364 find_fast_cwd: WARNING: Couldn't compute FAST_CWD pointer.  Please report this problem to
the public mailing list cygwin@cygwin.com
Compiling alt_settod.c...
      1 [main] mkdir 1352 find_fast_cwd: WARNING: Couldn't compute FAST_CWD pointer.  Please report this problem to
the public mailing list cygwin@cygwin.com
nios2-elf-gcc -xc -MP -MMD -c  -I./HAL/inc -I. -I./drivers/inc -DSYSTEM_BUS_WIDTH=32 -pipe -D__hal__ -DALT_NO_INSTRUCTION_EMULATION -DALT_SINGLE_THREADED    -O0 -g -Wall  -mno-hw-div -mno-hw-mul -mno-hw-mulx   -o obj/HAL/src/alt_settod.o HAL/src/alt_settod.c
      1 [main] echo 31172 find_fast_cwd: WARNING: Couldn't compute FAST_CWD pointer.  Please report this problem to
the public mailing list cygwin@cygwin.com
Compiling alt_software_exception.S...
      5 [main] mkdir 24196 find_fast_cwd: WARNING: Couldn't compute FAST_CWD pointer.  Please report this problem to
the public mailing list cygwin@cygwin.com
nios2-elf-gcc -MP -MMD -c   -O0 -g -Wall  -mno-hw-div -mno-hw-mul -mno-hw-mulx    -I./HAL/inc -I. -I./drivers/inc -DSYSTEM_BUS_WIDTH=32 -pipe -D__hal__ -DALT_NO_INSTRUCTION_EMULATION -DALT_SINGLE_THREADED  -Wa,-gdwarf2  -o obj/HAL/src/alt_software_exception.o HAL/src/alt_software_exception.S
      1 [main] echo 22648 find_fast_cwd: WARNING: Couldn't compute FAST_CWD pointer.  Please report this problem to
the public mailing list cygwin@cygwin.com
Compiling alt_stat.c...
      1 [main] mkdir 6132 find_fast_cwd: WARNING: Couldn't compute FAST_CWD pointer.  Please report this problem to
the public mailing list cygwin@cygwin.com
nios2-elf-gcc -xc -MP -MMD -c  -I./HAL/inc -I. -I./drivers/inc -DSYSTEM_BUS_WIDTH=32 -pipe -D__hal__ -DALT_NO_INSTRUCTION_EMULATION -DALT_SINGLE_THREADED    -O0 -g -Wall  -mno-hw-div -mno-hw-mul -mno-hw-mulx   -o obj/HAL/src/alt_stat.o HAL/src/alt_stat.c
      1 [main] echo 20580 find_fast_cwd: WARNING: Couldn't compute FAST_CWD pointer.  Please report this problem to
the public mailing list cygwin@cygwin.com
Compiling alt_tick.c...
      1 [main] mkdir 29240 find_fast_cwd: WARNING: Couldn't compute FAST_CWD pointer.  Please report this problem to
the public mailing list cygwin@cygwin.com
nios2-elf-gcc -xc -MP -MMD -c  -I./HAL/inc -I. -I./drivers/inc -DSYSTEM_BUS_WIDTH=32 -pipe -D__hal__ -DALT_NO_INSTRUCTION_EMULATION -DALT_SINGLE_THREADED    -O0 -g -Wall  -mno-hw-div -mno-hw-mul -mno-hw-mulx   -o obj/HAL/src/alt_tick.o HAL/src/alt_tick.c
      1 [main] echo 18460 find_fast_cwd: WARNING: Couldn't compute FAST_CWD pointer.  Please report this problem to
the public mailing list cygwin@cygwin.com
Compiling alt_times.c...
      1 [main] mkdir 19664 find_fast_cwd: WARNING: Couldn't compute FAST_CWD pointer.  Please report this problem to
the public mailing list cygwin@cygwin.com
nios2-elf-gcc -xc -MP -MMD -c  -I./HAL/inc -I. -I./drivers/inc -DSYSTEM_BUS_WIDTH=32 -pipe -D__hal__ -DALT_NO_INSTRUCTION_EMULATION -DALT_SINGLE_THREADED    -O0 -g -Wall  -mno-hw-div -mno-hw-mul -mno-hw-mulx   -o obj/HAL/src/alt_times.o HAL/src/alt_times.c
      1 [main] echo 25536 find_fast_cwd: WARNING: Couldn't compute FAST_CWD pointer.  Please report this problem to
the public mailing list cygwin@cygwin.com
Compiling alt_uncached_free.c...
      1 [main] mkdir 23648 find_fast_cwd: WARNING: Couldn't compute FAST_CWD pointer.  Please report this problem to
the public mailing list cygwin@cygwin.com
nios2-elf-gcc -xc -MP -MMD -c  -I./HAL/inc -I. -I./drivers/inc -DSYSTEM_BUS_WIDTH=32 -pipe -D__hal__ -DALT_NO_INSTRUCTION_EMULATION -DALT_SINGLE_THREADED    -O0 -g -Wall  -mno-hw-div -mno-hw-mul -mno-hw-mulx   -o obj/HAL/src/alt_uncached_free.o HAL/src/alt_uncached_free.c
      1 [main] echo 29068 find_fast_cwd: WARNING: Couldn't compute FAST_CWD pointer.  Please report this problem to
the public mailing list cygwin@cygwin.com
Compiling alt_uncached_malloc.c...
      1 [main] mkdir 5888 find_fast_cwd: WARNING: Couldn't compute FAST_CWD pointer.  Please report this problem to
the public mailing list cygwin@cygwin.com
nios2-elf-gcc -xc -MP -MMD -c  -I./HAL/inc -I. -I./drivers/inc -DSYSTEM_BUS_WIDTH=32 -pipe -D__hal__ -DALT_NO_INSTRUCTION_EMULATION -DALT_SINGLE_THREADED    -O0 -g -Wall  -mno-hw-div -mno-hw-mul -mno-hw-mulx   -o obj/HAL/src/alt_uncached_malloc.o HAL/src/alt_uncached_malloc.c
      1 [main] echo 25256 find_fast_cwd: WARNING: Couldn't compute FAST_CWD pointer.  Please report this problem to
the public mailing list cygwin@cygwin.com
Compiling alt_unlink.c...
      1 [main] mkdir 26868 find_fast_cwd: WARNING: Couldn't compute FAST_CWD pointer.  Please report this problem to
the public mailing list cygwin@cygwin.com
nios2-elf-gcc -xc -MP -MMD -c  -I./HAL/inc -I. -I./drivers/inc -DSYSTEM_BUS_WIDTH=32 -pipe -D__hal__ -DALT_NO_INSTRUCTION_EMULATION -DALT_SINGLE_THREADED    -O0 -g -Wall  -mno-hw-div -mno-hw-mul -mno-hw-mulx   -o obj/HAL/src/alt_unlink.o HAL/src/alt_unlink.c
      1 [main] echo 27976 find_fast_cwd: WARNING: Couldn't compute FAST_CWD pointer.  Please report this problem to
the public mailing list cygwin@cygwin.com
Compiling alt_usleep.c...
      2 [main] mkdir 22452 find_fast_cwd: WARNING: Couldn't compute FAST_CWD pointer.  Please report this problem to
the public mailing list cygwin@cygwin.com
nios2-elf-gcc -xc -MP -MMD -c  -I./HAL/inc -I. -I./drivers/inc -DSYSTEM_BUS_WIDTH=32 -pipe -D__hal__ -DALT_NO_INSTRUCTION_EMULATION -DALT_SINGLE_THREADED    -O0 -g -Wall  -mno-hw-div -mno-hw-mul -mno-hw-mulx   -o obj/HAL/src/alt_usleep.o HAL/src/alt_usleep.c
      1 [main] echo 25024 find_fast_cwd: WARNING: Couldn't compute FAST_CWD pointer.  Please report this problem to
the public mailing list cygwin@cygwin.com
Compiling alt_wait.c...
      1 [main] mkdir 29148 find_fast_cwd: WARNING: Couldn't compute FAST_CWD pointer.  Please report this problem to
the public mailing list cygwin@cygwin.com
nios2-elf-gcc -xc -MP -MMD -c  -I./HAL/inc -I. -I./drivers/inc -DSYSTEM_BUS_WIDTH=32 -pipe -D__hal__ -DALT_NO_INSTRUCTION_EMULATION -DALT_SINGLE_THREADED    -O0 -g -Wall  -mno-hw-div -mno-hw-mul -mno-hw-mulx   -o obj/HAL/src/alt_wait.o HAL/src/alt_wait.c
      2 [main] echo 15108 find_fast_cwd: WARNING: Couldn't compute FAST_CWD pointer.  Please report this problem to
the public mailing list cygwin@cygwin.com
Compiling alt_write.c...
      1 [main] mkdir 17416 find_fast_cwd: WARNING: Couldn't compute FAST_CWD pointer.  Please report this problem to
the public mailing list cygwin@cygwin.com
nios2-elf-gcc -xc -MP -MMD -c  -I./HAL/inc -I. -I./drivers/inc -DSYSTEM_BUS_WIDTH=32 -pipe -D__hal__ -DALT_NO_INSTRUCTION_EMULATION -DALT_SINGLE_THREADED    -O0 -g -Wall  -mno-hw-div -mno-hw-mul -mno-hw-mulx   -o obj/HAL/src/alt_write.o HAL/src/alt_write.c
      1 [main] echo 13560 find_fast_cwd: WARNING: Couldn't compute FAST_CWD pointer.  Please report this problem to
Compiling altera_nios2_qsys_irq.c...
the public mailing list cygwin@cygwin.com
      1 [main] mkdir 26564 find_fast_cwd: WARNING: Couldn't compute FAST_CWD pointer.  Please report this problem to
the public mailing list cygwin@cygwin.com
nios2-elf-gcc -xc -MP -MMD -c  -I./HAL/inc -I. -I./drivers/inc -DSYSTEM_BUS_WIDTH=32 -pipe -D__hal__ -DALT_NO_INSTRUCTION_EMULATION -DALT_SINGLE_THREADED    -O0 -g -Wall  -mno-hw-div -mno-hw-mul -mno-hw-mulx   -o obj/HAL/src/altera_nios2_qsys_irq.o HAL/src/altera_nios2_qsys_irq.c
      1 [main] echo 1980 find_fast_cwd: WARNING: Couldn't compute FAST_CWD pointer.  Please report this problem to
the public mailing list cygwin@cygwin.com
Compiling crt0.S...
      1 [main] mkdir 25668 find_fast_cwd: WARNING: Couldn't compute FAST_CWD pointer.  Please report this problem to
the public mailing list cygwin@cygwin.com
nios2-elf-gcc -MP -MMD -c   -O0 -g -Wall  -mno-hw-div -mno-hw-mul -mno-hw-mulx    -I./HAL/inc -I. -I./drivers/inc -DSYSTEM_BUS_WIDTH=32 -pipe -D__hal__ -DALT_NO_INSTRUCTION_EMULATION -DALT_SINGLE_THREADED  -Wa,-gdwarf2  -o obj/HAL/src/crt0.o HAL/src/crt0.S
      1 [main] echo 27760 find_fast_cwd: WARNING: Couldn't compute FAST_CWD pointer.  Please report this problem to
the public mailing list cygwin@cygwin.com
Compiling alt_sys_init.c...
      1 [main] mkdir 5548 find_fast_cwd: WARNING: Couldn't compute FAST_CWD pointer.  Please report this problem to
the public mailing list cygwin@cygwin.com
nios2-elf-gcc -xc -MP -MMD -c  -I./HAL/inc -I. -I./drivers/inc -DSYSTEM_BUS_WIDTH=32 -pipe -D__hal__ -DALT_NO_INSTRUCTION_EMULATION -DALT_SINGLE_THREADED    -O0 -g -Wall  -mno-hw-div -mno-hw-mul -mno-hw-mulx   -o obj/alt_sys_init.o alt_sys_init.c
      1 [main] echo 20128 find_fast_cwd: WARNING: Couldn't compute FAST_CWD pointer.  Please report this problem to
the public mailing list cygwin@cygwin.com
Compiling altera_avalon_jtag_uart_fd.c...
      1 [main] mkdir 7508 find_fast_cwd: WARNING: Couldn't compute FAST_CWD pointer.  Please report this problem to
the public mailing list cygwin@cygwin.com
nios2-elf-gcc -xc -MP -MMD -c  -I./HAL/inc -I. -I./drivers/inc -DSYSTEM_BUS_WIDTH=32 -pipe -D__hal__ -DALT_NO_INSTRUCTION_EMULATION -DALT_SINGLE_THREADED    -O0 -g -Wall  -mno-hw-div -mno-hw-mul -mno-hw-mulx   -o obj/drivers/src/altera_avalon_jtag_uart_fd.o drivers/src/altera_avalon_jtag_uart_fd.c
      1 [main] echo 22204 find_fast_cwd: WARNING: Couldn't compute FAST_CWD pointer.  Please report this problem to
the public mailing list cygwin@cygwin.com
Compiling altera_avalon_jtag_uart_init.c...
      1 [main] mkdir 17204 find_fast_cwd: WARNING: Couldn't compute FAST_CWD pointer.  Please report this problem to
the public mailing list cygwin@cygwin.com
nios2-elf-gcc -xc -MP -MMD -c  -I./HAL/inc -I. -I./drivers/inc -DSYSTEM_BUS_WIDTH=32 -pipe -D__hal__ -DALT_NO_INSTRUCTION_EMULATION -DALT_SINGLE_THREADED    -O0 -g -Wall  -mno-hw-div -mno-hw-mul -mno-hw-mulx   -o obj/drivers/src/altera_avalon_jtag_uart_init.o drivers/src/altera_avalon_jtag_uart_init.c
      1 [main] echo 26276 find_fast_cwd: WARNING: Couldn't compute FAST_CWD pointer.  Please report this problem to
the public mailing list cygwin@cygwin.com
Compiling altera_avalon_jtag_uart_ioctl.c...
      1 [main] mkdir 28508 find_fast_cwd: WARNING: Couldn't compute FAST_CWD pointer.  Please report this problem to
the public mailing list cygwin@cygwin.com
nios2-elf-gcc -xc -MP -MMD -c  -I./HAL/inc -I. -I./drivers/inc -DSYSTEM_BUS_WIDTH=32 -pipe -D__hal__ -DALT_NO_INSTRUCTION_EMULATION -DALT_SINGLE_THREADED    -O0 -g -Wall  -mno-hw-div -mno-hw-mul -mno-hw-mulx   -o obj/drivers/src/altera_avalon_jtag_uart_ioctl.o drivers/src/altera_avalon_jtag_uart_ioctl.c
      1 [main] echo 3724 find_fast_cwd: WARNING: Couldn't compute FAST_CWD pointer.  Please report this problem to
Compiling altera_avalon_jtag_uart_read.c...
the public mailing list cygwin@cygwin.com
      1 [main] mkdir 25752 find_fast_cwd: WARNING: Couldn't compute FAST_CWD pointer.  Please report this problem to
the public mailing list cygwin@cygwin.com
nios2-elf-gcc -xc -MP -MMD -c  -I./HAL/inc -I. -I./drivers/inc -DSYSTEM_BUS_WIDTH=32 -pipe -D__hal__ -DALT_NO_INSTRUCTION_EMULATION -DALT_SINGLE_THREADED    -O0 -g -Wall  -mno-hw-div -mno-hw-mul -mno-hw-mulx   -o obj/drivers/src/altera_avalon_jtag_uart_read.o drivers/src/altera_avalon_jtag_uart_read.c
      1 [main] echo 27544 find_fast_cwd: WARNING: Couldn't compute FAST_CWD pointer.  Please report this problem to
the public mailing list cygwin@cygwin.com
Compiling altera_avalon_jtag_uart_write.c...
      1 [main] mkdir 26380 find_fast_cwd: WARNING: Couldn't compute FAST_CWD pointer.  Please report this problem to
the public mailing list cygwin@cygwin.com
nios2-elf-gcc -xc -MP -MMD -c  -I./HAL/inc -I. -I./drivers/inc -DSYSTEM_BUS_WIDTH=32 -pipe -D__hal__ -DALT_NO_INSTRUCTION_EMULATION -DALT_SINGLE_THREADED    -O0 -g -Wall  -mno-hw-div -mno-hw-mul -mno-hw-mulx   -o obj/drivers/src/altera_avalon_jtag_uart_write.o drivers/src/altera_avalon_jtag_uart_write.c
      1 [main] echo 30488 find_fast_cwd: WARNING: Couldn't compute FAST_CWD pointer.  Please report this problem to
the public mailing list cygwin@cygwin.com
Compiling altera_avalon_sysid_qsys.c...
      1 [main] mkdir 18836 find_fast_cwd: WARNING: Couldn't compute FAST_CWD pointer.  Please report this problem to
the public mailing list cygwin@cygwin.com
nios2-elf-gcc -xc -MP -MMD -c  -I./HAL/inc -I. -I./drivers/inc -DSYSTEM_BUS_WIDTH=32 -pipe -D__hal__ -DALT_NO_INSTRUCTION_EMULATION -DALT_SINGLE_THREADED    -O0 -g -Wall  -mno-hw-div -mno-hw-mul -mno-hw-mulx   -o obj/drivers/src/altera_avalon_sysid_qsys.o drivers/src/altera_avalon_sysid_qsys.c
     42 [main] echo 12272 find_fast_cwd: WARNING: Couldn't compute FAST_CWD pointer.  Please report this problem to
the public mailing list cygwin@cygwin.com
Compiling altera_avalon_timer_sc.c...
      1 [main] mkdir 29744 find_fast_cwd: WARNING: Couldn't compute FAST_CWD pointer.  Please report this problem to
the public mailing list cygwin@cygwin.com
nios2-elf-gcc -xc -MP -MMD -c  -I./HAL/inc -I. -I./drivers/inc -DSYSTEM_BUS_WIDTH=32 -pipe -D__hal__ -DALT_NO_INSTRUCTION_EMULATION -DALT_SINGLE_THREADED    -O0 -g -Wall  -mno-hw-div -mno-hw-mul -mno-hw-mulx   -o obj/drivers/src/altera_avalon_timer_sc.o drivers/src/altera_avalon_timer_sc.c
      1 [main] echo 11380 find_fast_cwd: WARNING: Couldn't compute FAST_CWD pointer.  Please report this problem to
the public mailing list cygwin@cygwin.com
Compiling altera_avalon_timer_ts.c...
      1 [main] mkdir 28036 find_fast_cwd: WARNING: Couldn't compute FAST_CWD pointer.  Please report this problem to
the public mailing list cygwin@cygwin.com
nios2-elf-gcc -xc -MP -MMD -c  -I./HAL/inc -I. -I./drivers/inc -DSYSTEM_BUS_WIDTH=32 -pipe -D__hal__ -DALT_NO_INSTRUCTION_EMULATION -DALT_SINGLE_THREADED    -O0 -g -Wall  -mno-hw-div -mno-hw-mul -mno-hw-mulx   -o obj/drivers/src/altera_avalon_timer_ts.o drivers/src/altera_avalon_timer_ts.c
drivers/src/altera_avalon_timer_ts.c: In function 'alt_timestamp':
drivers/src/altera_avalon_timer_ts.c:108:9: warning: large integer implicitly truncated to unsigned type [-Woverflow]
drivers/src/altera_avalon_timer_ts.c:122:9: warning: left shift count >= width of type [enabled by default]
drivers/src/altera_avalon_timer_ts.c:122:9: warning: left shift count >= width of type [enabled by default]
      1 [main] echo 8772 find_fast_cwd: WARNING: Couldn't compute FAST_CWD pointer.  Please report this problem to
the public mailing list cygwin@cygwin.com
Compiling altera_avalon_timer_vars.c...
      2 [main] mkdir 19344 find_fast_cwd: WARNING: Couldn't compute FAST_CWD pointer.  Please report this problem to
the public mailing list cygwin@cygwin.com
nios2-elf-gcc -xc -MP -MMD -c  -I./HAL/inc -I. -I./drivers/inc -DSYSTEM_BUS_WIDTH=32 -pipe -D__hal__ -DALT_NO_INSTRUCTION_EMULATION -DALT_SINGLE_THREADED    -O0 -g -Wall  -mno-hw-div -mno-hw-mul -mno-hw-mulx   -o obj/drivers/src/altera_avalon_timer_vars.o drivers/src/altera_avalon_timer_vars.c
      1 [main] echo 31444 find_fast_cwd: WARNING: Couldn't compute FAST_CWD pointer.  Please report this problem to
the public mailing list cygwin@cygwin.com
Compiling altera_hostfs.c...
      1 [main] mkdir 30476 find_fast_cwd: WARNING: Couldn't compute FAST_CWD pointer.  Please report this problem to
the public mailing list cygwin@cygwin.com
nios2-elf-gcc -xc -MP -MMD -c  -I./HAL/inc -I. -I./drivers/inc -DSYSTEM_BUS_WIDTH=32 -pipe -D__hal__ -DALT_NO_INSTRUCTION_EMULATION -DALT_SINGLE_THREADED    -O0 -g -Wall  -mno-hw-div -mno-hw-mul -mno-hw-mulx   -o obj/drivers/src/altera_hostfs.o drivers/src/altera_hostfs.c
      2 [main] echo 26772 find_fast_cwd: WARNING: Couldn't compute FAST_CWD pointer.  Please report this problem to
the public mailing list cygwin@cygwin.com
Creating libhal_bsp.a...
rm -f -f libhal_bsp.a
      1 [main] rm 31416 find_fast_cwd: WARNING: Couldn't compute FAST_CWD pointer.  Please report this problem to
the public mailing list cygwin@cygwin.com
nios2-elf-ar -src libhal_bsp.a obj/HAL/src/alt_alarm_start.o obj/HAL/src/alt_busy_sleep.o obj/HAL/src/alt_close.o obj/HAL/src/alt_dcache_flush.o obj/HAL/src/alt_dcache_flush_all.o obj/HAL/src/alt_dcache_flush_no_writeback.o obj/HAL/src/alt_dev.o obj/HAL/src/alt_dev_llist_insert.o obj/HAL/src/alt_dma_rxchan_open.o obj/HAL/src/alt_dma_txchan_open.o obj/HAL/src/alt_do_ctors.o obj/HAL/src/alt_do_dtors.o obj/HAL/src/alt_ecc_fatal_entry.o obj/HAL/src/alt_ecc_fatal_exception.o obj/HAL/src/alt_env_lock.o obj/HAL/src/alt_environ.o obj/HAL/src/alt_errno.o obj/HAL/src/alt_exception_entry.o obj/HAL/src/alt_exception_muldiv.o obj/HAL/src/alt_exception_trap.o obj/HAL/src/alt_execve.o obj/HAL/src/alt_exit.o obj/HAL/src/alt_fcntl.o obj/HAL/src/alt_fd_lock.o obj/HAL/src/alt_fd_unlock.o obj/HAL/src/alt_find_dev.o obj/HAL/src/alt_find_file.o obj/HAL/src/alt_flash_dev.o obj/HAL/src/alt_fork.o obj/HAL/src/alt_fs_reg.o obj/HAL/src/alt_fstat.o obj/HAL/src/alt_get_fd.o obj/HAL/src/alt_getchar.o obj/HAL/src/alt_getpid.o obj/HAL/src/alt_gettod.o obj/HAL/src/alt_gmon.o obj/HAL/src/alt_icache_flush.o obj/HAL/src/alt_icache_flush_all.o obj/HAL/src/alt_iic.o obj/HAL/src/alt_iic_isr_register.o obj/HAL/src/alt_instruction_exception_entry.o obj/HAL/src/alt_instruction_exception_register.o obj/HAL/src/alt_io_redirect.o obj/HAL/src/alt_ioctl.o obj/HAL/src/alt_irq_entry.o obj/HAL/src/alt_irq_handler.o obj/HAL/src/alt_irq_register.o obj/HAL/src/alt_irq_vars.o obj/HAL/src/alt_isatty.o obj/HAL/src/alt_kill.o obj/HAL/src/alt_link.o obj/HAL/src/alt_load.o obj/HAL/src/alt_log_macro.o obj/HAL/src/alt_log_printf.o obj/HAL/src/alt_lseek.o obj/HAL/src/alt_main.o obj/HAL/src/alt_malloc_lock.o obj/HAL/src/alt_mcount.o obj/HAL/src/alt_open.o obj/HAL/src/alt_printf.o obj/HAL/src/alt_putchar.o obj/HAL/src/alt_putstr.o obj/HAL/src/alt_read.o obj/HAL/src/alt_release_fd.o obj/HAL/src/alt_remap_cached.o obj/HAL/src/alt_remap_uncached.o obj/HAL/src/alt_rename.o obj/HAL/src/alt_sbrk.o obj/HAL/src/alt_settod.o obj/HAL/src/alt_software_exception.o obj/HAL/src/alt_stat.o obj/HAL/src/alt_tick.o obj/HAL/src/alt_times.o obj/HAL/src/alt_uncached_free.o obj/HAL/src/alt_uncached_malloc.o obj/HAL/src/alt_unlink.o obj/HAL/src/alt_usleep.o obj/HAL/src/alt_wait.o obj/HAL/src/alt_write.o obj/HAL/src/altera_nios2_qsys_irq.o obj/HAL/src/crt0.o obj/alt_sys_init.o obj/drivers/src/altera_avalon_jtag_uart_fd.o obj/drivers/src/altera_avalon_jtag_uart_init.o obj/drivers/src/altera_avalon_jtag_uart_ioctl.o obj/drivers/src/altera_avalon_jtag_uart_read.o obj/drivers/src/altera_avalon_jtag_uart_write.o obj/drivers/src/altera_avalon_sysid_qsys.o obj/drivers/src/altera_avalon_timer_sc.o obj/drivers/src/altera_avalon_timer_ts.o obj/drivers/src/altera_avalon_timer_vars.o obj/drivers/src/altera_hostfs.o
      4 [main] sh 7796 find_fast_cwd: WARNING: Couldn't compute FAST_CWD pointer.  Please report this problem to
the public mailing list cygwin@cygwin.com
[BSP build complete]
      3 [main] echo 23396 find_fast_cwd: WARNING: Couldn't compute FAST_CWD pointer.  Please report this problem to
the public mailing list cygwin@cygwin.com
Info: Compiling application/bmp_extract.c to obj/default/application/bmp_extract.o
      1 [main] mkdir 31128 find_fast_cwd: WARNING: Couldn't compute FAST_CWD pointer.  Please report this problem to
the public mailing list cygwin@cygwin.com
nios2-elf-gcc -xc -MP -MMD -c -I../jpeg_bsp//HAL/inc -I../jpeg_bsp/ -I../jpeg_bsp//drivers/inc  -DSYSTEM_BUS_WIDTH=32 -pipe -D__hal__ -DALT_NO_INSTRUCTION_EMULATION -DALT_SINGLE_THREADED    -O0 -g -Wall   -mno-hw-div -mno-hw-mul -mno-hw-mulx  -o obj/default/application/bmp_extract.o application/bmp_extract.c
      1 [main] echo 29624 find_fast_cwd: WARNING: Couldn't compute FAST_CWD pointer.  Please report this problem to
the public mailing list cygwin@cygwin.com
Info: Compiling application/jpeg_encoding.c to obj/default/application/jpeg_encoding.o
      1 [main] mkdir 27796 find_fast_cwd: WARNING: Couldn't compute FAST_CWD pointer.  Please report this problem to
the public mailing list cygwin@cygwin.com
nios2-elf-gcc -xc -MP -MMD -c -I../jpeg_bsp//HAL/inc -I../jpeg_bsp/ -I../jpeg_bsp//drivers/inc  -DSYSTEM_BUS_WIDTH=32 -pipe -D__hal__ -DALT_NO_INSTRUCTION_EMULATION -DALT_SINGLE_THREADED    -O0 -g -Wall   -mno-hw-div -mno-hw-mul -mno-hw-mulx  -o obj/default/application/jpeg_encoding.o application/jpeg_encoding.c
      1 [main] echo 29756 find_fast_cwd: WARNING: Couldn't compute FAST_CWD pointer.  Please report this problem to
the public mailing list cygwin@cygwin.com
Info: Compiling application/jpegclib/cdjpeg.c to obj/default/application/jpegclib/cdjpeg.o
      1 [main] mkdir 3592 find_fast_cwd: WARNING: Couldn't compute FAST_CWD pointer.  Please report this problem to
the public mailing list cygwin@cygwin.com
nios2-elf-gcc -xc -MP -MMD -c -I../jpeg_bsp//HAL/inc -I../jpeg_bsp/ -I../jpeg_bsp//drivers/inc  -DSYSTEM_BUS_WIDTH=32 -pipe -D__hal__ -DALT_NO_INSTRUCTION_EMULATION -DALT_SINGLE_THREADED    -O0 -g -Wall   -mno-hw-div -mno-hw-mul -mno-hw-mulx  -o obj/default/application/jpegclib/cdjpeg.o application/jpegclib/cdjpeg.c
      1 [main] echo 2588 find_fast_cwd: WARNING: Couldn't compute FAST_CWD pointer.  Please report this problem to
the public mailing list cygwin@cygwin.com
Info: Compiling application/jpegclib/jaricom.c to obj/default/application/jpegclib/jaricom.o
      1 [main] mkdir 31560 find_fast_cwd: WARNING: Couldn't compute FAST_CWD pointer.  Please report this problem to
the public mailing list cygwin@cygwin.com
nios2-elf-gcc -xc -MP -MMD -c -I../jpeg_bsp//HAL/inc -I../jpeg_bsp/ -I../jpeg_bsp//drivers/inc  -DSYSTEM_BUS_WIDTH=32 -pipe -D__hal__ -DALT_NO_INSTRUCTION_EMULATION -DALT_SINGLE_THREADED    -O0 -g -Wall   -mno-hw-div -mno-hw-mul -mno-hw-mulx  -o obj/default/application/jpegclib/jaricom.o application/jpegclib/jaricom.c
      2 [main] echo 28616 find_fast_cwd: WARNING: Couldn't compute FAST_CWD pointer.  Please report this problem to
the public mailing list cygwin@cygwin.com
Info: Compiling application/jpegclib/jcapimin.c to obj/default/application/jpegclib/jcapimin.o
      1 [main] mkdir 24104 find_fast_cwd: WARNING: Couldn't compute FAST_CWD pointer.  Please report this problem to
the public mailing list cygwin@cygwin.com
nios2-elf-gcc -xc -MP -MMD -c -I../jpeg_bsp//HAL/inc -I../jpeg_bsp/ -I../jpeg_bsp//drivers/inc  -DSYSTEM_BUS_WIDTH=32 -pipe -D__hal__ -DALT_NO_INSTRUCTION_EMULATION -DALT_SINGLE_THREADED    -O0 -g -Wall   -mno-hw-div -mno-hw-mul -mno-hw-mulx  -o obj/default/application/jpegclib/jcapimin.o application/jpegclib/jcapimin.c
      1 [main] echo 1732 find_fast_cwd: WARNING: Couldn't compute FAST_CWD pointer.  Please report this problem to
the public mailing list cygwin@cygwin.com
Info: Compiling application/jpegclib/jcapistd.c to obj/default/application/jpegclib/jcapistd.o
      1 [main] mkdir 21548 find_fast_cwd: WARNING: Couldn't compute FAST_CWD pointer.  Please report this problem to
the public mailing list cygwin@cygwin.com
nios2-elf-gcc -xc -MP -MMD -c -I../jpeg_bsp//HAL/inc -I../jpeg_bsp/ -I../jpeg_bsp//drivers/inc  -DSYSTEM_BUS_WIDTH=32 -pipe -D__hal__ -DALT_NO_INSTRUCTION_EMULATION -DALT_SINGLE_THREADED    -O0 -g -Wall   -mno-hw-div -mno-hw-mul -mno-hw-mulx  -o obj/default/application/jpegclib/jcapistd.o application/jpegclib/jcapistd.c
      1 [main] echo 13572 find_fast_cwd: WARNING: Couldn't compute FAST_CWD pointer.  Please report this problem to
the public mailing list cygwin@cygwin.com
Info: Compiling application/jpegclib/jcarith.c to obj/default/application/jpegclib/jcarith.o
      4 [main] mkdir 6424 find_fast_cwd: WARNING: Couldn't compute FAST_CWD pointer.  Please report this problem to
the public mailing list cygwin@cygwin.com
nios2-elf-gcc -xc -MP -MMD -c -I../jpeg_bsp//HAL/inc -I../jpeg_bsp/ -I../jpeg_bsp//drivers/inc  -DSYSTEM_BUS_WIDTH=32 -pipe -D__hal__ -DALT_NO_INSTRUCTION_EMULATION -DALT_SINGLE_THREADED    -O0 -g -Wall   -mno-hw-div -mno-hw-mul -mno-hw-mulx  -o obj/default/application/jpegclib/jcarith.o application/jpegclib/jcarith.c
      1 [main] echo 29672 find_fast_cwd: WARNING: Couldn't compute FAST_CWD pointer.  Please report this problem to
the public mailing list cygwin@cygwin.com
Info: Compiling application/jpegclib/jccoefct.c to obj/default/application/jpegclib/jccoefct.o
      1 [main] mkdir 28412 find_fast_cwd: WARNING: Couldn't compute FAST_CWD pointer.  Please report this problem to
the public mailing list cygwin@cygwin.com
nios2-elf-gcc -xc -MP -MMD -c -I../jpeg_bsp//HAL/inc -I../jpeg_bsp/ -I../jpeg_bsp//drivers/inc  -DSYSTEM_BUS_WIDTH=32 -pipe -D__hal__ -DALT_NO_INSTRUCTION_EMULATION -DALT_SINGLE_THREADED    -O0 -g -Wall   -mno-hw-div -mno-hw-mul -mno-hw-mulx  -o obj/default/application/jpegclib/jccoefct.o application/jpegclib/jccoefct.c
      1 [main] echo 17564 find_fast_cwd: WARNING: Couldn't compute FAST_CWD pointer.  Please report this problem to
the public mailing list cygwin@cygwin.com
Info: Compiling application/jpegclib/jccolor.c to obj/default/application/jpegclib/jccolor.o
      1 [main] mkdir 21980 find_fast_cwd: WARNING: Couldn't compute FAST_CWD pointer.  Please report this problem to
the public mailing list cygwin@cygwin.com
nios2-elf-gcc -xc -MP -MMD -c -I../jpeg_bsp//HAL/inc -I../jpeg_bsp/ -I../jpeg_bsp//drivers/inc  -DSYSTEM_BUS_WIDTH=32 -pipe -D__hal__ -DALT_NO_INSTRUCTION_EMULATION -DALT_SINGLE_THREADED    -O0 -g -Wall   -mno-hw-div -mno-hw-mul -mno-hw-mulx  -o obj/default/application/jpegclib/jccolor.o application/jpegclib/jccolor.c
      1 [main] echo 15996 find_fast_cwd: WARNING: Couldn't compute FAST_CWD pointer.  Please report this problem to
the public mailing list cygwin@cygwin.com
Info: Compiling application/jpegclib/jcdctmgr.c to obj/default/application/jpegclib/jcdctmgr.o
      2 [main] mkdir 11088 find_fast_cwd: WARNING: Couldn't compute FAST_CWD pointer.  Please report this problem to
the public mailing list cygwin@cygwin.com
nios2-elf-gcc -xc -MP -MMD -c -I../jpeg_bsp//HAL/inc -I../jpeg_bsp/ -I../jpeg_bsp//drivers/inc  -DSYSTEM_BUS_WIDTH=32 -pipe -D__hal__ -DALT_NO_INSTRUCTION_EMULATION -DALT_SINGLE_THREADED    -O0 -g -Wall   -mno-hw-div -mno-hw-mul -mno-hw-mulx  -o obj/default/application/jpegclib/jcdctmgr.o application/jpegclib/jcdctmgr.c
      1 [main] echo 28356 find_fast_cwd: WARNING: Couldn't compute FAST_CWD pointer.  Please report this problem to
the public mailing list cygwin@cygwin.com
Info: Compiling application/jpegclib/jchuff.c to obj/default/application/jpegclib/jchuff.o
      1 [main] mkdir 11472 find_fast_cwd: WARNING: Couldn't compute FAST_CWD pointer.  Please report this problem to
the public mailing list cygwin@cygwin.com
nios2-elf-gcc -xc -MP -MMD -c -I../jpeg_bsp//HAL/inc -I../jpeg_bsp/ -I../jpeg_bsp//drivers/inc  -DSYSTEM_BUS_WIDTH=32 -pipe -D__hal__ -DALT_NO_INSTRUCTION_EMULATION -DALT_SINGLE_THREADED    -O0 -g -Wall   -mno-hw-div -mno-hw-mul -mno-hw-mulx  -o obj/default/application/jpegclib/jchuff.o application/jpegclib/jchuff.c
      1 [main] echo 21776 find_fast_cwd: WARNING: Couldn't compute FAST_CWD pointer.  Please report this problem to
the public mailing list cygwin@cygwin.com
Info: Compiling application/jpegclib/jcinit.c to obj/default/application/jpegclib/jcinit.o
      1 [main] mkdir 15680 find_fast_cwd: WARNING: Couldn't compute FAST_CWD pointer.  Please report this problem to
the public mailing list cygwin@cygwin.com
nios2-elf-gcc -xc -MP -MMD -c -I../jpeg_bsp//HAL/inc -I../jpeg_bsp/ -I../jpeg_bsp//drivers/inc  -DSYSTEM_BUS_WIDTH=32 -pipe -D__hal__ -DALT_NO_INSTRUCTION_EMULATION -DALT_SINGLE_THREADED    -O0 -g -Wall   -mno-hw-div -mno-hw-mul -mno-hw-mulx  -o obj/default/application/jpegclib/jcinit.o application/jpegclib/jcinit.c
      1 [main] echo 28292 find_fast_cwd: WARNING: Couldn't compute FAST_CWD pointer.  Please report this problem to
the public mailing list cygwin@cygwin.com
Info: Compiling application/jpegclib/jcmainct.c to obj/default/application/jpegclib/jcmainct.o
      1 [main] mkdir 27100 find_fast_cwd: WARNING: Couldn't compute FAST_CWD pointer.  Please report this problem to
the public mailing list cygwin@cygwin.com
nios2-elf-gcc -xc -MP -MMD -c -I../jpeg_bsp//HAL/inc -I../jpeg_bsp/ -I../jpeg_bsp//drivers/inc  -DSYSTEM_BUS_WIDTH=32 -pipe -D__hal__ -DALT_NO_INSTRUCTION_EMULATION -DALT_SINGLE_THREADED    -O0 -g -Wall   -mno-hw-div -mno-hw-mul -mno-hw-mulx  -o obj/default/application/jpegclib/jcmainct.o application/jpegclib/jcmainct.c
application/jpegclib/jcmainct.c: In function 'start_pass_main':
application/jpegclib/jcmainct.c:71:14: warning: 'main' is usually a function [-Wmain]
application/jpegclib/jcmainct.c: In function 'process_data_simple_main':
application/jpegclib/jcmainct.c:117:14: warning: 'main' is usually a function [-Wmain]
application/jpegclib/jcmainct.c: In function 'jinit_c_main_controller':
application/jpegclib/jcmainct.c:247:14: warning: 'main' is usually a function [-Wmain]
      1 [main] echo 8520 find_fast_cwd: WARNING: Couldn't compute FAST_CWD pointer.  Please report this problem to
the public mailing list cygwin@cygwin.com
Info: Compiling application/jpegclib/jcmarker.c to obj/default/application/jpegclib/jcmarker.o
      1 [main] mkdir 8940 find_fast_cwd: WARNING: Couldn't compute FAST_CWD pointer.  Please report this problem to
the public mailing list cygwin@cygwin.com
nios2-elf-gcc -xc -MP -MMD -c -I../jpeg_bsp//HAL/inc -I../jpeg_bsp/ -I../jpeg_bsp//drivers/inc  -DSYSTEM_BUS_WIDTH=32 -pipe -D__hal__ -DALT_NO_INSTRUCTION_EMULATION -DALT_SINGLE_THREADED    -O0 -g -Wall   -mno-hw-div -mno-hw-mul -mno-hw-mulx  -o obj/default/application/jpegclib/jcmarker.o application/jpegclib/jcmarker.c
      1 [main] echo 27744 find_fast_cwd: WARNING: Couldn't compute FAST_CWD pointer.  Please report this problem to
the public mailing list cygwin@cygwin.com
Info: Compiling application/jpegclib/jcmaster.c to obj/default/application/jpegclib/jcmaster.o
      1 [main] mkdir 10460 find_fast_cwd: WARNING: Couldn't compute FAST_CWD pointer.  Please report this problem to
the public mailing list cygwin@cygwin.com
nios2-elf-gcc -xc -MP -MMD -c -I../jpeg_bsp//HAL/inc -I../jpeg_bsp/ -I../jpeg_bsp//drivers/inc  -DSYSTEM_BUS_WIDTH=32 -pipe -D__hal__ -DALT_NO_INSTRUCTION_EMULATION -DALT_SINGLE_THREADED    -O0 -g -Wall   -mno-hw-div -mno-hw-mul -mno-hw-mulx  -o obj/default/application/jpegclib/jcmaster.o application/jpegclib/jcmaster.c
      1 [main] echo 6740 find_fast_cwd: WARNING: Couldn't compute FAST_CWD pointer.  Please report this problem to
the public mailing list cygwin@cygwin.com
Info: Compiling application/jpegclib/jcomapi.c to obj/default/application/jpegclib/jcomapi.o
      1 [main] mkdir 10888 find_fast_cwd: WARNING: Couldn't compute FAST_CWD pointer.  Please report this problem to
the public mailing list cygwin@cygwin.com
nios2-elf-gcc -xc -MP -MMD -c -I../jpeg_bsp//HAL/inc -I../jpeg_bsp/ -I../jpeg_bsp//drivers/inc  -DSYSTEM_BUS_WIDTH=32 -pipe -D__hal__ -DALT_NO_INSTRUCTION_EMULATION -DALT_SINGLE_THREADED    -O0 -g -Wall   -mno-hw-div -mno-hw-mul -mno-hw-mulx  -o obj/default/application/jpegclib/jcomapi.o application/jpegclib/jcomapi.c
      1 [main] echo 8736 find_fast_cwd: WARNING: Couldn't compute FAST_CWD pointer.  Please report this problem to
the public mailing list cygwin@cygwin.com
Info: Compiling application/jpegclib/jcparam.c to obj/default/application/jpegclib/jcparam.o
      2 [main] mkdir 28128 find_fast_cwd: WARNING: Couldn't compute FAST_CWD pointer.  Please report this problem to
the public mailing list cygwin@cygwin.com
nios2-elf-gcc -xc -MP -MMD -c -I../jpeg_bsp//HAL/inc -I../jpeg_bsp/ -I../jpeg_bsp//drivers/inc  -DSYSTEM_BUS_WIDTH=32 -pipe -D__hal__ -DALT_NO_INSTRUCTION_EMULATION -DALT_SINGLE_THREADED    -O0 -g -Wall   -mno-hw-div -mno-hw-mul -mno-hw-mulx  -o obj/default/application/jpegclib/jcparam.o application/jpegclib/jcparam.c
      3 [main] echo 26964 find_fast_cwd: WARNING: Couldn't compute FAST_CWD pointer.  Please report this problem to
the public mailing list cygwin@cygwin.com
Info: Compiling application/jpegclib/jcprepct.c to obj/default/application/jpegclib/jcprepct.o
      1 [main] mkdir 24068 find_fast_cwd: WARNING: Couldn't compute FAST_CWD pointer.  Please report this problem to
the public mailing list cygwin@cygwin.com
nios2-elf-gcc -xc -MP -MMD -c -I../jpeg_bsp//HAL/inc -I../jpeg_bsp/ -I../jpeg_bsp//drivers/inc  -DSYSTEM_BUS_WIDTH=32 -pipe -D__hal__ -DALT_NO_INSTRUCTION_EMULATION -DALT_SINGLE_THREADED    -O0 -g -Wall   -mno-hw-div -mno-hw-mul -mno-hw-mulx  -o obj/default/application/jpegclib/jcprepct.o application/jpegclib/jcprepct.c
      1 [main] echo 25252 find_fast_cwd: WARNING: Couldn't compute FAST_CWD pointer.  Please report this problem to
the public mailing list cygwin@cygwin.com
Info: Compiling application/jpegclib/jcsample.c to obj/default/application/jpegclib/jcsample.o
      1 [main] mkdir 31076 find_fast_cwd: WARNING: Couldn't compute FAST_CWD pointer.  Please report this problem to
the public mailing list cygwin@cygwin.com
nios2-elf-gcc -xc -MP -MMD -c -I../jpeg_bsp//HAL/inc -I../jpeg_bsp/ -I../jpeg_bsp//drivers/inc  -DSYSTEM_BUS_WIDTH=32 -pipe -D__hal__ -DALT_NO_INSTRUCTION_EMULATION -DALT_SINGLE_THREADED    -O0 -g -Wall   -mno-hw-div -mno-hw-mul -mno-hw-mulx  -o obj/default/application/jpegclib/jcsample.o application/jpegclib/jcsample.c
      2 [main] echo 23720 find_fast_cwd: WARNING: Couldn't compute FAST_CWD pointer.  Please report this problem to
the public mailing list cygwin@cygwin.com
Info: Compiling application/jpegclib/jctrans.c to obj/default/application/jpegclib/jctrans.o
      2 [main] mkdir 30588 find_fast_cwd: WARNING: Couldn't compute FAST_CWD pointer.  Please report this problem to
the public mailing list cygwin@cygwin.com
nios2-elf-gcc -xc -MP -MMD -c -I../jpeg_bsp//HAL/inc -I../jpeg_bsp/ -I../jpeg_bsp//drivers/inc  -DSYSTEM_BUS_WIDTH=32 -pipe -D__hal__ -DALT_NO_INSTRUCTION_EMULATION -DALT_SINGLE_THREADED    -O0 -g -Wall   -mno-hw-div -mno-hw-mul -mno-hw-mulx  -o obj/default/application/jpegclib/jctrans.o application/jpegclib/jctrans.c
      1 [main] echo 28844 find_fast_cwd: WARNING: Couldn't compute FAST_CWD pointer.  Please report this problem to
the public mailing list cygwin@cygwin.com
Info: Compiling application/jpegclib/jdatadst.c to obj/default/application/jpegclib/jdatadst.o
      2 [main] mkdir 31004 find_fast_cwd: WARNING: Couldn't compute FAST_CWD pointer.  Please report this problem to
the public mailing list cygwin@cygwin.com
nios2-elf-gcc -xc -MP -MMD -c -I../jpeg_bsp//HAL/inc -I../jpeg_bsp/ -I../jpeg_bsp//drivers/inc  -DSYSTEM_BUS_WIDTH=32 -pipe -D__hal__ -DALT_NO_INSTRUCTION_EMULATION -DALT_SINGLE_THREADED    -O0 -g -Wall   -mno-hw-div -mno-hw-mul -mno-hw-mulx  -o obj/default/application/jpegclib/jdatadst.o application/jpegclib/jdatadst.c
      1 [main] echo 19756 find_fast_cwd: WARNING: Couldn't compute FAST_CWD pointer.  Please report this problem to
the public mailing list cygwin@cygwin.com
Info: Compiling application/jpegclib/jerror.c to obj/default/application/jpegclib/jerror.o
      2 [main] mkdir 3056 find_fast_cwd: WARNING: Couldn't compute FAST_CWD pointer.  Please report this problem to
the public mailing list cygwin@cygwin.com
nios2-elf-gcc -xc -MP -MMD -c -I../jpeg_bsp//HAL/inc -I../jpeg_bsp/ -I../jpeg_bsp//drivers/inc  -DSYSTEM_BUS_WIDTH=32 -pipe -D__hal__ -DALT_NO_INSTRUCTION_EMULATION -DALT_SINGLE_THREADED    -O0 -g -Wall   -mno-hw-div -mno-hw-mul -mno-hw-mulx  -o obj/default/application/jpegclib/jerror.o application/jpegclib/jerror.c
      1 [main] echo 7648 find_fast_cwd: WARNING: Couldn't compute FAST_CWD pointer.  Please report this problem to
the public mailing list cygwin@cygwin.com
Info: Compiling application/jpegclib/jfdctflt.c to obj/default/application/jpegclib/jfdctflt.o
      1 [main] mkdir 23212 find_fast_cwd: WARNING: Couldn't compute FAST_CWD pointer.  Please report this problem to
the public mailing list cygwin@cygwin.com
nios2-elf-gcc -xc -MP -MMD -c -I../jpeg_bsp//HAL/inc -I../jpeg_bsp/ -I../jpeg_bsp//drivers/inc  -DSYSTEM_BUS_WIDTH=32 -pipe -D__hal__ -DALT_NO_INSTRUCTION_EMULATION -DALT_SINGLE_THREADED    -O0 -g -Wall   -mno-hw-div -mno-hw-mul -mno-hw-mulx  -o obj/default/application/jpegclib/jfdctflt.o application/jpegclib/jfdctflt.c
      1 [main] echo 17508 find_fast_cwd: WARNING: Couldn't compute FAST_CWD pointer.  Please report this problem to
the public mailing list cygwin@cygwin.com
Info: Compiling application/jpegclib/jfdctfst.c to obj/default/application/jpegclib/jfdctfst.o
      1 [main] mkdir 29448 find_fast_cwd: WARNING: Couldn't compute FAST_CWD pointer.  Please report this problem to
the public mailing list cygwin@cygwin.com
nios2-elf-gcc -xc -MP -MMD -c -I../jpeg_bsp//HAL/inc -I../jpeg_bsp/ -I../jpeg_bsp//drivers/inc  -DSYSTEM_BUS_WIDTH=32 -pipe -D__hal__ -DALT_NO_INSTRUCTION_EMULATION -DALT_SINGLE_THREADED    -O0 -g -Wall   -mno-hw-div -mno-hw-mul -mno-hw-mulx  -o obj/default/application/jpegclib/jfdctfst.o application/jpegclib/jfdctfst.c
      2 [main] echo 3728 find_fast_cwd: WARNING: Couldn't compute FAST_CWD pointer.  Please report this problem to
the public mailing list cygwin@cygwin.com
Info: Compiling application/jpegclib/jfdctint.c to obj/default/application/jpegclib/jfdctint.o
      1 [main] mkdir 30952 find_fast_cwd: WARNING: Couldn't compute FAST_CWD pointer.  Please report this problem to
the public mailing list cygwin@cygwin.com
nios2-elf-gcc -xc -MP -MMD -c -I../jpeg_bsp//HAL/inc -I../jpeg_bsp/ -I../jpeg_bsp//drivers/inc  -DSYSTEM_BUS_WIDTH=32 -pipe -D__hal__ -DALT_NO_INSTRUCTION_EMULATION -DALT_SINGLE_THREADED    -O0 -g -Wall   -mno-hw-div -mno-hw-mul -mno-hw-mulx  -o obj/default/application/jpegclib/jfdctint.o application/jpegclib/jfdctint.c
      1 [main] echo 5548 find_fast_cwd: WARNING: Couldn't compute FAST_CWD pointer.  Please report this problem to
the public mailing list cygwin@cygwin.com
Info: Compiling application/jpegclib/jidctflt.c to obj/default/application/jpegclib/jidctflt.o
      1 [main] mkdir 30932 find_fast_cwd: WARNING: Couldn't compute FAST_CWD pointer.  Please report this problem to
the public mailing list cygwin@cygwin.com
nios2-elf-gcc -xc -MP -MMD -c -I../jpeg_bsp//HAL/inc -I../jpeg_bsp/ -I../jpeg_bsp//drivers/inc  -DSYSTEM_BUS_WIDTH=32 -pipe -D__hal__ -DALT_NO_INSTRUCTION_EMULATION -DALT_SINGLE_THREADED    -O0 -g -Wall   -mno-hw-div -mno-hw-mul -mno-hw-mulx  -o obj/default/application/jpegclib/jidctflt.o application/jpegclib/jidctflt.c
      1 [main] echo 19176 find_fast_cwd: WARNING: Couldn't compute FAST_CWD pointer.  Please report this problem to
the public mailing list cygwin@cygwin.com
Info: Compiling application/jpegclib/jidctfst.c to obj/default/application/jpegclib/jidctfst.o
      1 [main] mkdir 25012 find_fast_cwd: WARNING: Couldn't compute FAST_CWD pointer.  Please report this problem to
the public mailing list cygwin@cygwin.com
nios2-elf-gcc -xc -MP -MMD -c -I../jpeg_bsp//HAL/inc -I../jpeg_bsp/ -I../jpeg_bsp//drivers/inc  -DSYSTEM_BUS_WIDTH=32 -pipe -D__hal__ -DALT_NO_INSTRUCTION_EMULATION -DALT_SINGLE_THREADED    -O0 -g -Wall   -mno-hw-div -mno-hw-mul -mno-hw-mulx  -o obj/default/application/jpegclib/jidctfst.o application/jpegclib/jidctfst.c
      1 [main] echo 12424 find_fast_cwd: WARNING: Couldn't compute FAST_CWD pointer.  Please report this problem to
the public mailing list cygwin@cygwin.com
Info: Compiling application/jpegclib/jidctint.c to obj/default/application/jpegclib/jidctint.o
      1 [main] mkdir 25960 find_fast_cwd: WARNING: Couldn't compute FAST_CWD pointer.  Please report this problem to
the public mailing list cygwin@cygwin.com
nios2-elf-gcc -xc -MP -MMD -c -I../jpeg_bsp//HAL/inc -I../jpeg_bsp/ -I../jpeg_bsp//drivers/inc  -DSYSTEM_BUS_WIDTH=32 -pipe -D__hal__ -DALT_NO_INSTRUCTION_EMULATION -DALT_SINGLE_THREADED    -O0 -g -Wall   -mno-hw-div -mno-hw-mul -mno-hw-mulx  -o obj/default/application/jpegclib/jidctint.o application/jpegclib/jidctint.c
      2 [main] echo 17788 find_fast_cwd: WARNING: Couldn't compute FAST_CWD pointer.  Please report this problem to
Info: Compiling application/jpegclib/jmemansi.c to obj/default/application/jpegclib/jmemansi.o
the public mailing list cygwin@cygwin.com
      1 [main] mkdir 12144 find_fast_cwd: WARNING: Couldn't compute FAST_CWD pointer.  Please report this problem to
the public mailing list cygwin@cygwin.com
nios2-elf-gcc -xc -MP -MMD -c -I../jpeg_bsp//HAL/inc -I../jpeg_bsp/ -I../jpeg_bsp//drivers/inc  -DSYSTEM_BUS_WIDTH=32 -pipe -D__hal__ -DALT_NO_INSTRUCTION_EMULATION -DALT_SINGLE_THREADED    -O0 -g -Wall   -mno-hw-div -mno-hw-mul -mno-hw-mulx  -o obj/default/application/jpegclib/jmemansi.o application/jpegclib/jmemansi.c
      1 [main] echo 29440 find_fast_cwd: WARNING: Couldn't compute FAST_CWD pointer.  Please report this problem to
the public mailing list cygwin@cygwin.com
Info: Compiling application/jpegclib/jmemmgr.c to obj/default/application/jpegclib/jmemmgr.o
      1 [main] mkdir 30024 find_fast_cwd: WARNING: Couldn't compute FAST_CWD pointer.  Please report this problem to
the public mailing list cygwin@cygwin.com
nios2-elf-gcc -xc -MP -MMD -c -I../jpeg_bsp//HAL/inc -I../jpeg_bsp/ -I../jpeg_bsp//drivers/inc  -DSYSTEM_BUS_WIDTH=32 -pipe -D__hal__ -DALT_NO_INSTRUCTION_EMULATION -DALT_SINGLE_THREADED    -O0 -g -Wall   -mno-hw-div -mno-hw-mul -mno-hw-mulx  -o obj/default/application/jpegclib/jmemmgr.o application/jpegclib/jmemmgr.c
      1 [main] echo 23940 find_fast_cwd: WARNING: Couldn't compute FAST_CWD pointer.  Please report this problem to
the public mailing list cygwin@cygwin.com
Info: Compiling application/jpegclib/jquant1.c to obj/default/application/jpegclib/jquant1.o
      2 [main] mkdir 27068 find_fast_cwd: WARNING: Couldn't compute FAST_CWD pointer.  Please report this problem to
the public mailing list cygwin@cygwin.com
nios2-elf-gcc -xc -MP -MMD -c -I../jpeg_bsp//HAL/inc -I../jpeg_bsp/ -I../jpeg_bsp//drivers/inc  -DSYSTEM_BUS_WIDTH=32 -pipe -D__hal__ -DALT_NO_INSTRUCTION_EMULATION -DALT_SINGLE_THREADED    -O0 -g -Wall   -mno-hw-div -mno-hw-mul -mno-hw-mulx  -o obj/default/application/jpegclib/jquant1.o application/jpegclib/jquant1.c
      1 [main] echo 17732 find_fast_cwd: WARNING: Couldn't compute FAST_CWD pointer.  Please report this problem to
the public mailing list cygwin@cygwin.com
Info: Compiling application/jpegclib/jquant2.c to obj/default/application/jpegclib/jquant2.o
      1 [main] mkdir 28532 find_fast_cwd: WARNING: Couldn't compute FAST_CWD pointer.  Please report this problem to
the public mailing list cygwin@cygwin.com
nios2-elf-gcc -xc -MP -MMD -c -I../jpeg_bsp//HAL/inc -I../jpeg_bsp/ -I../jpeg_bsp//drivers/inc  -DSYSTEM_BUS_WIDTH=32 -pipe -D__hal__ -DALT_NO_INSTRUCTION_EMULATION -DALT_SINGLE_THREADED    -O0 -g -Wall   -mno-hw-div -mno-hw-mul -mno-hw-mulx  -o obj/default/application/jpegclib/jquant2.o application/jpegclib/jquant2.c
      1 [main] echo 28296 find_fast_cwd: WARNING: Couldn't compute FAST_CWD pointer.  Please report this problem to
the public mailing list cygwin@cygwin.com
Info: Compiling application/jpegclib/jutils.c to obj/default/application/jpegclib/jutils.o
      1 [main] mkdir 29660 find_fast_cwd: WARNING: Couldn't compute FAST_CWD pointer.  Please report this problem to
the public mailing list cygwin@cygwin.com
nios2-elf-gcc -xc -MP -MMD -c -I../jpeg_bsp//HAL/inc -I../jpeg_bsp/ -I../jpeg_bsp//drivers/inc  -DSYSTEM_BUS_WIDTH=32 -pipe -D__hal__ -DALT_NO_INSTRUCTION_EMULATION -DALT_SINGLE_THREADED    -O0 -g -Wall   -mno-hw-div -mno-hw-mul -mno-hw-mulx  -o obj/default/application/jpegclib/jutils.o application/jpegclib/jutils.c
      1 [main] echo 5356 find_fast_cwd: WARNING: Couldn't compute FAST_CWD pointer.  Please report this problem to
the public mailing list cygwin@cygwin.com
Info: Compiling jpeg_encoder.c to obj/default/jpeg_encoder.o
      1 [main] mkdir 25908 find_fast_cwd: WARNING: Couldn't compute FAST_CWD pointer.  Please report this problem to
the public mailing list cygwin@cygwin.com
nios2-elf-gcc -xc -MP -MMD -c -I../jpeg_bsp//HAL/inc -I../jpeg_bsp/ -I../jpeg_bsp//drivers/inc  -DSYSTEM_BUS_WIDTH=32 -pipe -D__hal__ -DALT_NO_INSTRUCTION_EMULATION -DALT_SINGLE_THREADED    -O0 -g -Wall   -mno-hw-div -mno-hw-mul -mno-hw-mulx  -o obj/default/jpeg_encoder.o jpeg_encoder.c
      1 [main] true 24796 find_fast_cwd: WARNING: Couldn't compute FAST_CWD pointer.  Please report this problem to
the public mailing list cygwin@cygwin.com
      2 [main] echo 18180 find_fast_cwd: WARNING: Couldn't compute FAST_CWD pointer.  Please report this problem to
Info: Linking jpeg.elf
the public mailing list cygwin@cygwin.com
nios2-elf-g++  -T'../jpeg_bsp//linker.x' -msys-crt0='../jpeg_bsp//obj/HAL/src/crt0.o' -msys-lib=hal_bsp -L../jpeg_bsp/   -Wl,-Map=jpeg.map   -O0 -g -Wall   -mno-hw-div -mno-hw-mul -mno-hw-mulx  -o jpeg.elf obj/default/application/bmp_extract.o obj/default/application/jpeg_encoding.o obj/default/application/jpegclib/cdjpeg.o obj/default/application/jpegclib/jaricom.o obj/default/application/jpegclib/jcapimin.o obj/default/application/jpegclib/jcapistd.o obj/default/application/jpegclib/jcarith.o obj/default/application/jpegclib/jccoefct.o obj/default/application/jpegclib/jccolor.o obj/default/application/jpegclib/jcdctmgr.o obj/default/application/jpegclib/jchuff.o obj/default/application/jpegclib/jcinit.o obj/default/application/jpegclib/jcmainct.o obj/default/application/jpegclib/jcmarker.o obj/default/application/jpegclib/jcmaster.o obj/default/application/jpegclib/jcomapi.o obj/default/application/jpegclib/jcparam.o obj/default/application/jpegclib/jcprepct.o obj/default/application/jpegclib/jcsample.o obj/default/application/jpegclib/jctrans.o obj/default/application/jpegclib/jdatadst.o obj/default/application/jpegclib/jerror.o obj/default/application/jpegclib/jfdctflt.o obj/default/application/jpegclib/jfdctfst.o obj/default/application/jpegclib/jfdctint.o obj/default/application/jpegclib/jidctflt.o obj/default/application/jpegclib/jidctfst.o obj/default/application/jpegclib/jidctint.o obj/default/application/jpegclib/jmemansi.o obj/default/application/jpegclib/jmemmgr.o obj/default/application/jpegclib/jquant1.o obj/default/application/jpegclib/jquant2.o obj/default/application/jpegclib/jutils.o obj/default/jpeg_encoder.o -lm 
c:/altera/13.1/nios2eds/bin/gnu/h-i686-mingw32/bin/../lib/gcc/nios2-elf/4.7.3/../../../../../H-i686-mingw32/nios2-elf/lib/mno-hw-mul\libc.a(lib_a-unlinkr.o): In function `_unlink_r':
nios2-elf-insert jpeg.elf --thread_model hal --cpu_name cpu --qsys true --simulation_enabled false --id 0 --sidp 0x10000020 --timestamp 1764164206 --stderr_dev jtag_uart --stdin_dev jtag_uart --stdout_dev jtag_uart --sopc_system_name SoC --quartus_project_dir "C:/Users/DELL/Documents/advanced_embedded_systems/practical_1_part_2" --sopcinfo C:/Users/DELL/Documents/advanced_embedded_systems/practical_1_part_2/SoC.sopcinfo
/build/swbuild/SJ/nightly/13.1/162/l32/work/ip/sopc/app/gnu/BUILD/gnu47/build-0-newlib.nios2-elf.i686-w64-mingw32/nios2-elf/mno-hw-mul/newlib/libc/reent/../../../../../../src/newlib-1.16/newlib/libc/reent/unlinkr.c:54: warning: warning: unlink is not implemented and will always fail
      6 [main] sh 25644 find_fast_cwd: WARNING: Couldn't compute FAST_CWD pointer.  Please report this problem to
the public mailing list cygwin@cygwin.com
      1 [main] uname 31416 find_fast_cwd: WARNING: Couldn't compute FAST_CWD pointer.  Please report this problem to
the public mailing list cygwin@cygwin.com
      1 [main] sh 21544 find_fast_cwd: WARNING: Couldn't compute FAST_CWD pointer.  Please report this problem to
the public mailing list cygwin@cygwin.com
Info: (jpeg.elf) 65805 KBytes program size (code + initialized data).
Info:            65260 KBytes free for stack + heap.
      2 [main] echo 29672 find_fast_cwd: WARNING: Couldn't compute FAST_CWD pointer.  Please report this problem to
the public mailing list cygwin@cygwin.com
Info: Creating jpeg.objdump
nios2-elf-objdump --disassemble --syms --all-header --source jpeg.elf >jpeg.objdump
      1 [main] sh 29704 find_fast_cwd: WARNING: Couldn't compute FAST_CWD pointer.  Please report this problem to
the public mailing list cygwin@cygwin.com
      3 [main] sh 27756 find_fast_cwd: WARNING: Couldn't compute FAST_CWD pointer.  Please report this problem to
the public mailing list cygwin@cygwin.com
[jpeg build complete]

**** Build Finished ****

**** Build of configuration Nios II for project jpeg ****

make all 
      1 [main] sh 8892 find_fast_cwd: WARNING: Couldn't compute FAST_CWD pointer.  Please report this problem to
the public mailing list cygwin@cygwin.com
      1 [main] sh 9852 find_fast_cwd: WARNING: Couldn't compute FAST_CWD pointer.  Please report this problem to
the public mailing list cygwin@cygwin.com
      1 [main] echo 3056 find_fast_cwd: WARNING: Couldn't compute FAST_CWD pointer.  Please report this problem to
the public mailing list cygwin@cygwin.com
Info: Building ../jpeg_bsp/
make --no-print-directory -C ../jpeg_bsp/
      1 [main] pwd 23444 find_fast_cwd: WARNING: Couldn't compute FAST_CWD pointer.  Please report this problem to
the public mailing list cygwin@cygwin.com
      1 [main] sh 30804 find_fast_cwd: WARNING: Couldn't compute FAST_CWD pointer.  Please report this problem to
the public mailing list cygwin@cygwin.com
      1 [main] sh 26564 find_fast_cwd: WARNING: Couldn't compute FAST_CWD pointer.  Please report this problem to
the public mailing list cygwin@cygwin.com
[BSP build complete]
      1 [main] true 28956 find_fast_cwd: WARNING: Couldn't compute FAST_CWD pointer.  Please report this problem to
the public mailing list cygwin@cygwin.com
      1 [main] sh 16492 find_fast_cwd: WARNING: Couldn't compute FAST_CWD pointer.  Please report this problem to
the public mailing list cygwin@cygwin.com
[jpeg build complete]

**** Build Finished ****

**** Build of configuration Nios II for project jpeg ****

make all 
      1 [main] sh 20548 find_fast_cwd: WARNING: Couldn't compute FAST_CWD pointer.  Please report this problem to
the public mailing list cygwin@cygwin.com
      1 [main] sh 3004 find_fast_cwd: WARNING: Couldn't compute FAST_CWD pointer.  Please report this problem to
the public mailing list cygwin@cygwin.com
      1 [main] echo 4364 find_fast_cwd: WARNING: Couldn't compute FAST_CWD pointer.  Please report this problem to
the public mailing list cygwin@cygwin.com
Info: Building ../jpeg_bsp/
make --no-print-directory -C ../jpeg_bsp/
      1 [main] pwd 27756 find_fast_cwd: WARNING: Couldn't compute FAST_CWD pointer.  Please report this problem to
the public mailing list cygwin@cygwin.com
      1 [main] sh 28828 find_fast_cwd: WARNING: Couldn't compute FAST_CWD pointer.  Please report this problem to
the public mailing list cygwin@cygwin.com
      1 [main] sh 20928 find_fast_cwd: WARNING: Couldn't compute FAST_CWD pointer.  Please report this problem to
the public mailing list cygwin@cygwin.com
[BSP build complete]
      1 [main] true 27652 find_fast_cwd: WARNING: Couldn't compute FAST_CWD pointer.  Please report this problem to
the public mailing list cygwin@cygwin.com
      1 [main] sh 30116 find_fast_cwd: WARNING: Couldn't compute FAST_CWD pointer.  Please report this problem to
the public mailing list cygwin@cygwin.com
[jpeg build complete]

**** Build Finished ****

**** Build of configuration Nios II for project jpeg ****

make all 
      1 [main] sh 29604 find_fast_cwd: WARNING: Couldn't compute FAST_CWD pointer.  Please report this problem to
the public mailing list cygwin@cygwin.com
      1 [main] sh 31024 find_fast_cwd: WARNING: Couldn't compute FAST_CWD pointer.  Please report this problem to
the public mailing list cygwin@cygwin.com
      1 [main] echo 2164 find_fast_cwd: WARNING: Couldn't compute FAST_CWD pointer.  Please report this problem to
the public mailing list cygwin@cygwin.com
Info: Building ../jpeg_bsp/
make --no-print-directory -C ../jpeg_bsp/
      1 [main] pwd 30028 find_fast_cwd: WARNING: Couldn't compute FAST_CWD pointer.  Please report this problem to
the public mailing list cygwin@cygwin.com
      1 [main] sh 31236 find_fast_cwd: WARNING: Couldn't compute FAST_CWD pointer.  Please report this problem to
the public mailing list cygwin@cygwin.com
      1 [main] sh 31696 find_fast_cwd: WARNING: Couldn't compute FAST_CWD pointer.  Please report this problem to
the public mailing list cygwin@cygwin.com
[BSP build complete]
      1 [main] true 11536 find_fast_cwd: WARNING: Couldn't compute FAST_CWD pointer.  Please report this problem to
the public mailing list cygwin@cygwin.com
      1 [main] sh 24760 find_fast_cwd: WARNING: Couldn't compute FAST_CWD pointer.  Please report this problem to
the public mailing list cygwin@cygwin.com
[jpeg build complete]

**** Build Finished ****

**** Build of configuration Nios II for project jpeg ****

make all 
      3 [main] sh 24024 find_fast_cwd: WARNING: Couldn't compute FAST_CWD pointer.  Please report this problem to
the public mailing list cygwin@cygwin.com
      1 [main] sh 17204 find_fast_cwd: WARNING: Couldn't compute FAST_CWD pointer.  Please report this problem to
the public mailing list cygwin@cygwin.com
      1 [main] echo 29284 find_fast_cwd: WARNING: Couldn't compute FAST_CWD pointer.  Please report this problem to
the public mailing list cygwin@cygwin.com
Info: Building ../jpeg_bsp/
make --no-print-directory -C ../jpeg_bsp/
      1 [main] pwd 24864 find_fast_cwd: WARNING: Couldn't compute FAST_CWD pointer.  Please report this problem to
the public mailing list cygwin@cygwin.com
      1 [main] sh 27884 find_fast_cwd: WARNING: Couldn't compute FAST_CWD pointer.  Please report this problem to
the public mailing list cygwin@cygwin.com
      1 [main] sh 21100 find_fast_cwd: WARNING: Couldn't compute FAST_CWD pointer.  Please report this problem to
the public mailing list cygwin@cygwin.com
[BSP build complete]
      1 [main] true 7924 find_fast_cwd: WARNING: Couldn't compute FAST_CWD pointer.  Please report this problem to
the public mailing list cygwin@cygwin.com
      1 [main] sh 2368 find_fast_cwd: WARNING: Couldn't compute FAST_CWD pointer.  Please report this problem to
the public mailing list cygwin@cygwin.com
[jpeg build complete]

**** Build Finished ****

**** Build of configuration Nios II for project jpeg ****

make all 
      1 [main] sh 30064 find_fast_cwd: WARNING: Couldn't compute FAST_CWD pointer.  Please report this problem to
the public mailing list cygwin@cygwin.com
      1 [main] sh 27920 find_fast_cwd: WARNING: Couldn't compute FAST_CWD pointer.  Please report this problem to
the public mailing list cygwin@cygwin.com
      1 [main] echo 24380 find_fast_cwd: WARNING: Couldn't compute FAST_CWD pointer.  Please report this problem to
the public mailing list cygwin@cygwin.com
Info: Building ../jpeg_bsp/
make --no-print-directory -C ../jpeg_bsp/
      1 [main] pwd 24268 find_fast_cwd: WARNING: Couldn't compute FAST_CWD pointer.  Please report this problem to
the public mailing list cygwin@cygwin.com
      1 [main] sh 27700 find_fast_cwd: WARNING: Couldn't compute FAST_CWD pointer.  Please report this problem to
the public mailing list cygwin@cygwin.com
      1 [main] sh 30328 find_fast_cwd: WARNING: Couldn't compute FAST_CWD pointer.  Please report this problem to
the public mailing list cygwin@cygwin.com
[BSP build complete]
      1 [main] true 15364 find_fast_cwd: WARNING: Couldn't compute FAST_CWD pointer.  Please report this problem to
the public mailing list cygwin@cygwin.com
      2 [main] sh 21836 find_fast_cwd: WARNING: Couldn't compute FAST_CWD pointer.  Please report this problem to
the public mailing list cygwin@cygwin.com
[jpeg build complete]

**** Build Finished ****

**** Build of configuration Nios II for project jpeg ****

make all 
      1 [main] sh 27100 find_fast_cwd: WARNING: Couldn't compute FAST_CWD pointer.  Please report this problem to
the public mailing list cygwin@cygwin.com
      1 [main] sh 11016 find_fast_cwd: WARNING: Couldn't compute FAST_CWD pointer.  Please report this problem to
the public mailing list cygwin@cygwin.com
      1 [main] echo 28380 find_fast_cwd: WARNING: Couldn't compute FAST_CWD pointer.  Please report this problem to
the public mailing list cygwin@cygwin.com
Info: Building ../jpeg_bsp/
make --no-print-directory -C ../jpeg_bsp/
      1 [main] pwd 25892 find_fast_cwd: WARNING: Couldn't compute FAST_CWD pointer.  Please report this problem to
the public mailing list cygwin@cygwin.com
      1 [main] sh 27712 find_fast_cwd: WARNING: Couldn't compute FAST_CWD pointer.  Please report this problem to
the public mailing list cygwin@cygwin.com
      1 [main] sh 14832 find_fast_cwd: WARNING: Couldn't compute FAST_CWD pointer.  Please report this problem to
the public mailing list cygwin@cygwin.com
[BSP build complete]
      1 [main] true 13740 find_fast_cwd: WARNING: Couldn't compute FAST_CWD pointer.  Please report this problem to
the public mailing list cygwin@cygwin.com
      1 [main] sh 28944 find_fast_cwd: WARNING: Couldn't compute FAST_CWD pointer.  Please report this problem to
the public mailing list cygwin@cygwin.com
[jpeg build complete]

**** Build Finished ****

**** Build of configuration Nios II for project jpeg ****

make all 
      1 [main] sh 28844 find_fast_cwd: WARNING: Couldn't compute FAST_CWD pointer.  Please report this problem to
the public mailing list cygwin@cygwin.com
      1 [main] sh 29068 find_fast_cwd: WARNING: Couldn't compute FAST_CWD pointer.  Please report this problem to
the public mailing list cygwin@cygwin.com
      1 [main] echo 30040 find_fast_cwd: WARNING: Couldn't compute FAST_CWD pointer.  Please report this problem to
the public mailing list cygwin@cygwin.com
Info: Building ../jpeg_bsp/
make --no-print-directory -C ../jpeg_bsp/
      1 [main] pwd 22276 find_fast_cwd: WARNING: Couldn't compute FAST_CWD pointer.  Please report this problem to
the public mailing list cygwin@cygwin.com
      1 [main] sh 31064 find_fast_cwd: WARNING: Couldn't compute FAST_CWD pointer.  Please report this problem to
the public mailing list cygwin@cygwin.com
      1 [main] sh 18328 find_fast_cwd: WARNING: Couldn't compute FAST_CWD pointer.  Please report this problem to
the public mailing list cygwin@cygwin.com
[BSP build complete]
      1 [main] true 29304 find_fast_cwd: WARNING: Couldn't compute FAST_CWD pointer.  Please report this problem to
the public mailing list cygwin@cygwin.com
      1 [main] sh 31436 find_fast_cwd: WARNING: Couldn't compute FAST_CWD pointer.  Please report this problem to
the public mailing list cygwin@cygwin.com
[jpeg build complete]

**** Build Finished ****

**** Build of configuration Nios II for project jpeg ****

make all 
      2 [main] sh 27020 find_fast_cwd: WARNING: Couldn't compute FAST_CWD pointer.  Please report this problem to
the public mailing list cygwin@cygwin.com
      2 [main] sh 25476 find_fast_cwd: WARNING: Couldn't compute FAST_CWD pointer.  Please report this problem to
the public mailing list cygwin@cygwin.com
      2 [main] echo 26500 find_fast_cwd: WARNING: Couldn't compute FAST_CWD pointer.  Please report this problem to
Info: Building ../jpeg_bsp/
the public mailing list cygwin@cygwin.com
make --no-print-directory -C ../jpeg_bsp/
      2 [main] pwd 27860 find_fast_cwd: WARNING: Couldn't compute FAST_CWD pointer.  Please report this problem to
the public mailing list cygwin@cygwin.com
      2 [main] sh 15120 find_fast_cwd: WARNING: Couldn't compute FAST_CWD pointer.  Please report this problem to
the public mailing list cygwin@cygwin.com
      2 [main] sh 24180 find_fast_cwd: WARNING: Couldn't compute FAST_CWD pointer.  Please report this problem to
the public mailing list cygwin@cygwin.com
[BSP build complete]
      2 [main] echo 29384 find_fast_cwd: WARNING: Couldn't compute FAST_CWD pointer.  Please report this problem to
Info: Compiling application/bmp_extract.c to obj/default/application/bmp_extract.o
the public mailing list cygwin@cygwin.com
      2 [main] mkdir 29340 find_fast_cwd: WARNING: Couldn't compute FAST_CWD pointer.  Please report this problem to
the public mailing list cygwin@cygwin.com
nios2-elf-gcc -xc -MP -MMD -c -I../jpeg_bsp//HAL/inc -I../jpeg_bsp/ -I../jpeg_bsp//drivers/inc  -DSYSTEM_BUS_WIDTH=32 -pipe -D__hal__ -DALT_NO_INSTRUCTION_EMULATION -DALT_SINGLE_THREADED    -O0 -g -Wall   -mno-hw-div -mno-hw-mul -mno-hw-mulx  -o obj/default/application/bmp_extract.o application/bmp_extract.c
application/bmp_extract.c:2:23: fatal error: jpeg_addr.h: No such file or directory
compilation terminated.
make: *** [obj/default/application/bmp_extract.o] Error 1

**** Build Finished ****

**** Build of configuration Nios II for project jpeg ****

make all 
      2 [main] sh 23516 find_fast_cwd: WARNING: Couldn't compute FAST_CWD pointer.  Please report this problem to
the public mailing list cygwin@cygwin.com
      2 [main] sh 27332 find_fast_cwd: WARNING: Couldn't compute FAST_CWD pointer.  Please report this problem to
the public mailing list cygwin@cygwin.com
      2 [main] echo 22820 find_fast_cwd: WARNING: Couldn't compute FAST_CWD pointer.  Please report this problem to
Info: Building ../jpeg_bsp/
the public mailing list cygwin@cygwin.com
make --no-print-directory -C ../jpeg_bsp/
      2 [main] pwd 23304 find_fast_cwd: WARNING: Couldn't compute FAST_CWD pointer.  Please report this problem to
the public mailing list cygwin@cygwin.com
      2 [main] sh 28476 find_fast_cwd: WARNING: Couldn't compute FAST_CWD pointer.  Please report this problem to
the public mailing list cygwin@cygwin.com
      2 [main] sh 29896 find_fast_cwd: WARNING: Couldn't compute FAST_CWD pointer.  Please report this problem to
the public mailing list cygwin@cygwin.com
[BSP build complete]
      2 [main] echo 31376 find_fast_cwd: WARNING: Couldn't compute FAST_CWD pointer.  Please report this problem to
Info: Compiling application/bmp_extract.c to obj/default/application/bmp_extract.o
the public mailing list cygwin@cygwin.com
      2 [main] mkdir 32824 find_fast_cwd: WARNING: Couldn't compute FAST_CWD pointer.  Please report this problem to
the public mailing list cygwin@cygwin.com
nios2-elf-gcc -xc -MP -MMD -c -I../jpeg_bsp//HAL/inc -I../jpeg_bsp/ -I../jpeg_bsp//drivers/inc  -DSYSTEM_BUS_WIDTH=32 -pipe -D__hal__ -DALT_NO_INSTRUCTION_EMULATION -DALT_SINGLE_THREADED    -O0 -g -Wall   -mno-hw-div -mno-hw-mul -mno-hw-mulx  -o obj/default/application/bmp_extract.o application/bmp_extract.c
application/bmp_extract.c: In function 'bmp_extract':
application/bmp_extract.c:68:2: warning: implicit declaration of function 'IOWR_8DIRECT' [-Wimplicit-function-declaration]
      2 [main] echo 2364 find_fast_cwd: WARNING: Couldn't compute FAST_CWD pointer.  Please report this problem to
Info: Compiling jpeg_encoder.c to obj/default/jpeg_encoder.o
the public mailing list cygwin@cygwin.com
      2 [main] mkdir 6600 find_fast_cwd: WARNING: Couldn't compute FAST_CWD pointer.  Please report this problem to
the public mailing list cygwin@cygwin.com
nios2-elf-gcc -xc -MP -MMD -c -I../jpeg_bsp//HAL/inc -I../jpeg_bsp/ -I../jpeg_bsp//drivers/inc  -DSYSTEM_BUS_WIDTH=32 -pipe -D__hal__ -DALT_NO_INSTRUCTION_EMULATION -DALT_SINGLE_THREADED    -O0 -g -Wall   -mno-hw-div -mno-hw-mul -mno-hw-mulx  -o obj/default/jpeg_encoder.o jpeg_encoder.c
jpeg_encoder.c: In function 'convert_picture':
jpeg_encoder.c:59:2: warning: implicit declaration of function 'IOWR_8DIRECT' [-Wimplicit-function-declaration]
      3 [main] true 31236 find_fast_cwd: WARNING: Couldn't compute FAST_CWD pointer.  Please report this problem to
the public mailing list cygwin@cygwin.com
      1 [main] echo 28136 find_fast_cwd: WARNING: Couldn't compute FAST_CWD pointer.  Please report this problem to
the public mailing list cygwin@cygwin.com
Info: Linking jpeg.elf
nios2-elf-g++  -T'../jpeg_bsp//linker.x' -msys-crt0='../jpeg_bsp//obj/HAL/src/crt0.o' -msys-lib=hal_bsp -L../jpeg_bsp/   -Wl,-Map=jpeg.map   -O0 -g -Wall   -mno-hw-div -mno-hw-mul -mno-hw-mulx  -o jpeg.elf obj/default/application/bmp_extract.o obj/default/application/jpeg_encoding.o obj/default/application/jpegclib/cdjpeg.o obj/default/application/jpegclib/jaricom.o obj/default/application/jpegclib/jcapimin.o obj/default/application/jpegclib/jcapistd.o obj/default/application/jpegclib/jcarith.o obj/default/application/jpegclib/jccoefct.o obj/default/application/jpegclib/jccolor.o obj/default/application/jpegclib/jcdctmgr.o obj/default/application/jpegclib/jchuff.o obj/default/application/jpegclib/jcinit.o obj/default/application/jpegclib/jcmainct.o obj/default/application/jpegclib/jcmarker.o obj/default/application/jpegclib/jcmaster.o obj/default/application/jpegclib/jcomapi.o obj/default/application/jpegclib/jcparam.o obj/default/application/jpegclib/jcprepct.o obj/default/application/jpegclib/jcsample.o obj/default/application/jpegclib/jctrans.o obj/default/application/jpegclib/jdatadst.o obj/default/application/jpegclib/jerror.o obj/default/application/jpegclib/jfdctflt.o obj/default/application/jpegclib/jfdctfst.o obj/default/application/jpegclib/jfdctint.o obj/default/application/jpegclib/jidctflt.o obj/default/application/jpegclib/jidctfst.o obj/default/application/jpegclib/jidctint.o obj/default/application/jpegclib/jmemansi.o obj/default/application/jpegclib/jmemmgr.o obj/default/application/jpegclib/jquant1.o obj/default/application/jpegclib/jquant2.o obj/default/application/jpegclib/jutils.o obj/default/jpeg_encoder.o -lm 
c:/altera/13.1/nios2eds/bin/gnu/h-i686-mingw32/bin/../lib/gcc/nios2-elf/4.7.3/../../../../../H-i686-mingw32/nios2-elf/lib/mno-hw-mul\libc.a(lib_a-unlinkr.o): In function `_unlink_r':
/build/swbuild/SJ/nightly/13.1/162/l32/work/ip/sopc/app/gnu/BUILD/gnu47/build-0-newlib.nios2-elf.i686-w64-mingw32/nios2-elf/mno-hw-mul/newlib/libc/reent/../../../../../../src/newlib-1.16/newlib/libc/reent/unlinkr.c:54: warning: warning: unlink is not implemented and will always fail
obj/default/application/bmp_extract.o: In function `bmp_extract':
C:\Users\DELL\Documents\advanced_embedded_systems\practical_1_part_2\software\jpeg/application/bmp_extract.c:68: undefined reference to `IOWR_8DIRECT'
C:\Users\DELL\Documents\advanced_embedded_systems\practical_1_part_2\software\jpeg/application/bmp_extract.c:79: undefined reference to `IOWR_8DIRECT'
obj/default/jpeg_encoder.o: In function `convert_picture':
C:\Users\DELL\Documents\advanced_embedded_systems\practical_1_part_2\software\jpeg/jpeg_encoder.c:59: undefined reference to `IOWR_8DIRECT'
C:\Users\DELL\Documents\advanced_embedded_systems\practical_1_part_2\software\jpeg/jpeg_encoder.c:63: undefined reference to `IOWR_8DIRECT'
C:\Users\DELL\Documents\advanced_embedded_systems\practical_1_part_2\software\jpeg/jpeg_encoder.c:66: undefined reference to `IOWR_8DIRECT'
collect2.exe: error: ld returned 1 exit status
make: *** [jpeg.elf] Error 1

**** Build Finished ****

**** Build of configuration Nios II for project jpeg ****

make all 
      2 [main] sh 23248 find_fast_cwd: WARNING: Couldn't compute FAST_CWD pointer.  Please report this problem to
the public mailing list cygwin@cygwin.com
      2 [main] sh 27384 find_fast_cwd: WARNING: Couldn't compute FAST_CWD pointer.  Please report this problem to
the public mailing list cygwin@cygwin.com
      3 [main] echo 31716 find_fast_cwd: WARNING: Couldn't compute FAST_CWD pointer.  Please report this problem to
the public mailing list cygwin@cygwin.com
Info: Building ../jpeg_bsp/
make --no-print-directory -C ../jpeg_bsp/
      2 [main] pwd 26460 find_fast_cwd: WARNING: Couldn't compute FAST_CWD pointer.  Please report this problem to
the public mailing list cygwin@cygwin.com
      2 [main] sh 17896 find_fast_cwd: WARNING: Couldn't compute FAST_CWD pointer.  Please report this problem to
the public mailing list cygwin@cygwin.com
      2 [main] sh 32884 find_fast_cwd: WARNING: Couldn't compute FAST_CWD pointer.  Please report this problem to
the public mailing list cygwin@cygwin.com
[BSP build complete]
      2 [main] echo 23492 find_fast_cwd: WARNING: Couldn't compute FAST_CWD pointer.  Please report this problem to
Info: Compiling application/bmp_extract.c to obj/default/application/bmp_extract.o
the public mailing list cygwin@cygwin.com
      2 [main] mkdir 21836 find_fast_cwd: WARNING: Couldn't compute FAST_CWD pointer.  Please report this problem to
the public mailing list cygwin@cygwin.com
nios2-elf-gcc -xc -MP -MMD -c -I../jpeg_bsp//HAL/inc -I../jpeg_bsp/ -I../jpeg_bsp//drivers/inc  -DSYSTEM_BUS_WIDTH=32 -pipe -D__hal__ -DALT_NO_INSTRUCTION_EMULATION -DALT_SINGLE_THREADED    -O0 -g -Wall   -mno-hw-div -mno-hw-mul -mno-hw-mulx  -o obj/default/application/bmp_extract.o application/bmp_extract.c
      2 [main] echo 20632 find_fast_cwd: WARNING: Couldn't compute FAST_CWD pointer.  Please report this problem to
Info: Compiling jpeg_encoder.c to obj/default/jpeg_encoder.o
the public mailing list cygwin@cygwin.com
      2 [main] mkdir 29884 find_fast_cwd: WARNING: Couldn't compute FAST_CWD pointer.  Please report this problem to
the public mailing list cygwin@cygwin.com
nios2-elf-gcc -xc -MP -MMD -c -I../jpeg_bsp//HAL/inc -I../jpeg_bsp/ -I../jpeg_bsp//drivers/inc  -DSYSTEM_BUS_WIDTH=32 -pipe -D__hal__ -DALT_NO_INSTRUCTION_EMULATION -DALT_SINGLE_THREADED    -O0 -g -Wall   -mno-hw-div -mno-hw-mul -mno-hw-mulx  -o obj/default/jpeg_encoder.o jpeg_encoder.c
      2 [main] true 16620 find_fast_cwd: WARNING: Couldn't compute FAST_CWD pointer.  Please report this problem to
the public mailing list cygwin@cygwin.com
      2 [main] echo 7644 find_fast_cwd: WARNING: Couldn't compute FAST_CWD pointer.  Please report this problem to
Info: Linking jpeg.elf
the public mailing list cygwin@cygwin.com
nios2-elf-g++  -T'../jpeg_bsp//linker.x' -msys-crt0='../jpeg_bsp//obj/HAL/src/crt0.o' -msys-lib=hal_bsp -L../jpeg_bsp/   -Wl,-Map=jpeg.map   -O0 -g -Wall   -mno-hw-div -mno-hw-mul -mno-hw-mulx  -o jpeg.elf obj/default/application/bmp_extract.o obj/default/application/jpeg_encoding.o obj/default/application/jpegclib/cdjpeg.o obj/default/application/jpegclib/jaricom.o obj/default/application/jpegclib/jcapimin.o obj/default/application/jpegclib/jcapistd.o obj/default/application/jpegclib/jcarith.o obj/default/application/jpegclib/jccoefct.o obj/default/application/jpegclib/jccolor.o obj/default/application/jpegclib/jcdctmgr.o obj/default/application/jpegclib/jchuff.o obj/default/application/jpegclib/jcinit.o obj/default/application/jpegclib/jcmainct.o obj/default/application/jpegclib/jcmarker.o obj/default/application/jpegclib/jcmaster.o obj/default/application/jpegclib/jcomapi.o obj/default/application/jpegclib/jcparam.o obj/default/application/jpegclib/jcprepct.o obj/default/application/jpegclib/jcsample.o obj/default/application/jpegclib/jctrans.o obj/default/application/jpegclib/jdatadst.o obj/default/application/jpegclib/jerror.o obj/default/application/jpegclib/jfdctflt.o obj/default/application/jpegclib/jfdctfst.o obj/default/application/jpegclib/jfdctint.o obj/default/application/jpegclib/jidctflt.o obj/default/application/jpegclib/jidctfst.o obj/default/application/jpegclib/jidctint.o obj/default/application/jpegclib/jmemansi.o obj/default/application/jpegclib/jmemmgr.o obj/default/application/jpegclib/jquant1.o obj/default/application/jpegclib/jquant2.o obj/default/application/jpegclib/jutils.o obj/default/jpeg_encoder.o -lm 
c:/altera/13.1/nios2eds/bin/gnu/h-i686-mingw32/bin/../lib/gcc/nios2-elf/4.7.3/../../../../../H-i686-mingw32/nios2-elf/lib/mno-hw-mul\libc.a(lib_a-unlinkr.o): In function `_unlink_r':
nios2-elf-insert jpeg.elf --thread_model hal --cpu_name cpu --qsys true --simulation_enabled false --id 0 --sidp 0x10000020 --timestamp 1764164206 --stderr_dev jtag_uart --stdin_dev jtag_uart --stdout_dev jtag_uart --sopc_system_name SoC --quartus_project_dir "C:/Users/DELL/Documents/advanced_embedded_systems/practical_1_part_2" --sopcinfo C:/Users/DELL/Documents/advanced_embedded_systems/practical_1_part_2/SoC.sopcinfo
/build/swbuild/SJ/nightly/13.1/162/l32/work/ip/sopc/app/gnu/BUILD/gnu47/build-0-newlib.nios2-elf.i686-w64-mingw32/nios2-elf/mno-hw-mul/newlib/libc/reent/../../../../../../src/newlib-1.16/newlib/libc/reent/unlinkr.c:54: warning: warning: unlink is not implemented and will always fail
      2 [main] sh 34652 find_fast_cwd: WARNING: Couldn't compute FAST_CWD pointer.  Please report this problem to
the public mailing list cygwin@cygwin.com
      2 [main] uname 32980 find_fast_cwd: WARNING: Couldn't compute FAST_CWD pointer.  Please report this problem to
the public mailing list cygwin@cygwin.com
      2 [main] sh 32116 find_fast_cwd: WARNING: Couldn't compute FAST_CWD pointer.  Please report this problem to
the public mailing list cygwin@cygwin.com
Info: (jpeg.elf) 65805 KBytes program size (code + initialized data).
Info:            65260 KBytes free for stack + heap.
      3 [main] echo 25344 find_fast_cwd: WARNING: Couldn't compute FAST_CWD pointer.  Please report this problem to
the public mailing list cygwin@cygwin.com
Info: Creating jpeg.objdump
nios2-elf-objdump --disassemble --syms --all-header --source jpeg.elf >jpeg.objdump
      2 [main] sh 28252 find_fast_cwd: WARNING: Couldn't compute FAST_CWD pointer.  Please report this problem to
the public mailing list cygwin@cygwin.com
      2 [main] sh 31292 find_fast_cwd: WARNING: Couldn't compute FAST_CWD pointer.  Please report this problem to
the public mailing list cygwin@cygwin.com
[jpeg build complete]

**** Build Finished ****

**** Build of configuration Nios II for project jpeg ****

make all 
      1 [main] sh 18248 find_fast_cwd: WARNING: Couldn't compute FAST_CWD pointer.  Please report this problem to
the public mailing list cygwin@cygwin.com
      2 [main] sh 18580 find_fast_cwd: WARNING: Couldn't compute FAST_CWD pointer.  Please report this problem to
the public mailing list cygwin@cygwin.com
      2 [main] echo 32840 find_fast_cwd: WARNING: Couldn't compute FAST_CWD pointer.  Please report this problem to
Info: Building ../jpeg_bsp/
the public mailing list cygwin@cygwin.com
make --no-print-directory -C ../jpeg_bsp/
      2 [main] pwd 33928 find_fast_cwd: WARNING: Couldn't compute FAST_CWD pointer.  Please report this problem to
the public mailing list cygwin@cygwin.com
      1 [main] sh 26688 find_fast_cwd: WARNING: Couldn't compute FAST_CWD pointer.  Please report this problem to
the public mailing list cygwin@cygwin.com
      1 [main] sh 31316 find_fast_cwd: WARNING: Couldn't compute FAST_CWD pointer.  Please report this problem to
the public mailing list cygwin@cygwin.com
[BSP build complete]
      2 [main] true 33492 find_fast_cwd: WARNING: Couldn't compute FAST_CWD pointer.  Please report this problem to
the public mailing list cygwin@cygwin.com
      2 [main] sh 34080 find_fast_cwd: WARNING: Couldn't compute FAST_CWD pointer.  Please report this problem to
the public mailing list cygwin@cygwin.com
[jpeg build complete]

**** Build Finished ****
