TimeQuest Timing Analyzer report for TopLevel
Tue Nov 25 16:22:58 2025
Quartus II 64-Bit Version 13.1.0 Build 162 10/23/2013 SJ Web Edition


---------------------
; Table of Contents ;
---------------------
  1. Legal Notice
  2. TimeQuest Timing Analyzer Summary
  3. Parallel Compilation
  4. SDC File List
  5. Clocks
  6. Slow 1200mV 85C Model Fmax Summary
  7. Timing Closure Recommendations
  8. Slow 1200mV 85C Model Setup Summary
  9. Slow 1200mV 85C Model Hold Summary
 10. Slow 1200mV 85C Model Recovery Summary
 11. Slow 1200mV 85C Model Removal Summary
 12. Slow 1200mV 85C Model Minimum Pulse Width Summary
 13. Slow 1200mV 85C Model Setup: 'altera_reserved_tck'
 14. Slow 1200mV 85C Model Hold: 'altera_reserved_tck'
 15. Slow 1200mV 85C Model Recovery: 'altera_reserved_tck'
 16. Slow 1200mV 85C Model Removal: 'altera_reserved_tck'
 17. Slow 1200mV 85C Model Minimum Pulse Width: 'altera_reserved_tck'
 18. Setup Times
 19. Hold Times
 20. Clock to Output Times
 21. Minimum Clock to Output Times
 22. MTBF Summary
 23. Synchronizer Summary
 24. Synchronizer Chain #1: Typical MTBF is Greater than 1 Billion Years
 25. Synchronizer Chain #2: Typical MTBF is Greater than 1 Billion Years
 26. Slow 1200mV 0C Model Fmax Summary
 27. Slow 1200mV 0C Model Setup Summary
 28. Slow 1200mV 0C Model Hold Summary
 29. Slow 1200mV 0C Model Recovery Summary
 30. Slow 1200mV 0C Model Removal Summary
 31. Slow 1200mV 0C Model Minimum Pulse Width Summary
 32. Slow 1200mV 0C Model Setup: 'altera_reserved_tck'
 33. Slow 1200mV 0C Model Hold: 'altera_reserved_tck'
 34. Slow 1200mV 0C Model Recovery: 'altera_reserved_tck'
 35. Slow 1200mV 0C Model Removal: 'altera_reserved_tck'
 36. Slow 1200mV 0C Model Minimum Pulse Width: 'altera_reserved_tck'
 37. Setup Times
 38. Hold Times
 39. Clock to Output Times
 40. Minimum Clock to Output Times
 41. MTBF Summary
 42. Synchronizer Summary
 43. Synchronizer Chain #1: Typical MTBF is Greater than 1 Billion Years
 44. Synchronizer Chain #2: Typical MTBF is Greater than 1 Billion Years
 45. Fast 1200mV 0C Model Setup Summary
 46. Fast 1200mV 0C Model Hold Summary
 47. Fast 1200mV 0C Model Recovery Summary
 48. Fast 1200mV 0C Model Removal Summary
 49. Fast 1200mV 0C Model Minimum Pulse Width Summary
 50. Fast 1200mV 0C Model Setup: 'altera_reserved_tck'
 51. Fast 1200mV 0C Model Hold: 'altera_reserved_tck'
 52. Fast 1200mV 0C Model Recovery: 'altera_reserved_tck'
 53. Fast 1200mV 0C Model Removal: 'altera_reserved_tck'
 54. Fast 1200mV 0C Model Minimum Pulse Width: 'altera_reserved_tck'
 55. Setup Times
 56. Hold Times
 57. Clock to Output Times
 58. Minimum Clock to Output Times
 59. MTBF Summary
 60. Synchronizer Summary
 61. Synchronizer Chain #1: Typical MTBF is Greater than 1 Billion Years
 62. Synchronizer Chain #2: Typical MTBF is Greater than 1 Billion Years
 63. Multicorner Timing Analysis Summary
 64. Setup Times
 65. Hold Times
 66. Clock to Output Times
 67. Minimum Clock to Output Times
 68. Board Trace Model Assignments
 69. Input Transition Times
 70. Signal Integrity Metrics (Slow 1200mv 0c Model)
 71. Signal Integrity Metrics (Slow 1200mv 85c Model)
 72. Signal Integrity Metrics (Fast 1200mv 0c Model)
 73. Setup Transfers
 74. Hold Transfers
 75. Recovery Transfers
 76. Removal Transfers
 77. Report TCCS
 78. Report RSKM
 79. Unconstrained Paths
 80. TimeQuest Timing Analyzer Messages



----------------
; Legal Notice ;
----------------
Copyright (C) 1991-2013 Altera Corporation
Your use of Altera Corporation's design tools, logic functions 
and other software and tools, and its AMPP partner logic 
functions, and any output files from any of the foregoing 
(including device programming or simulation files), and any 
associated documentation or information are expressly subject 
to the terms and conditions of the Altera Program License 
Subscription Agreement, Altera MegaCore Function License 
Agreement, or other applicable license agreement, including, 
without limitation, that your use is for the sole purpose of 
programming logic devices manufactured by Altera and sold by 
Altera or its authorized distributors.  Please refer to the 
applicable agreement for further details.



+-------------------------------------------------------------------------+
; TimeQuest Timing Analyzer Summary                                       ;
+--------------------+----------------------------------------------------+
; Quartus II Version ; Version 13.1.0 Build 162 10/23/2013 SJ Web Edition ;
; Revision Name      ; TopLevel                                           ;
; Device Family      ; Cyclone IV E                                       ;
; Device Name        ; EP4CE115F29C7                                      ;
; Timing Models      ; Final                                              ;
; Delay Model        ; Combined                                           ;
; Rise/Fall Delays   ; Enabled                                            ;
+--------------------+----------------------------------------------------+


Parallel compilation was disabled, but you have multiple processors available. Enable parallel compilation to reduce compilation time.
+-------------------------------------+
; Parallel Compilation                ;
+----------------------------+--------+
; Processors                 ; Number ;
+----------------------------+--------+
; Number detected on machine ; 12     ;
; Maximum allowed            ; 1      ;
+----------------------------+--------+


+------------------------------------------------------------------------------------------+
; SDC File List                                                                            ;
+------------------------------------------------------+--------+--------------------------+
; SDC File Path                                        ; Status ; Read at                  ;
+------------------------------------------------------+--------+--------------------------+
; Soc/synthesis/submodules/altera_reset_controller.sdc ; OK     ; Tue Nov 25 16:22:55 2025 ;
; Soc/synthesis/submodules/Soc_cpu.sdc                 ; OK     ; Tue Nov 25 16:22:55 2025 ;
+------------------------------------------------------+--------+--------------------------+


+-----------------------------------------------------------------------------------------------------------------------------------------------------------------------------------------------------------+
; Clocks                                                                                                                                                                                                    ;
+---------------------+------+---------+-----------+-------+--------+------------+-----------+-------------+-------+--------+-----------+------------+----------+--------+--------+-------------------------+
; Clock Name          ; Type ; Period  ; Frequency ; Rise  ; Fall   ; Duty Cycle ; Divide by ; Multiply by ; Phase ; Offset ; Edge List ; Edge Shift ; Inverted ; Master ; Source ; Targets                 ;
+---------------------+------+---------+-----------+-------+--------+------------+-----------+-------------+-------+--------+-----------+------------+----------+--------+--------+-------------------------+
; altera_reserved_tck ; Base ; 100.000 ; 10.0 MHz  ; 0.000 ; 50.000 ;            ;           ;             ;       ;        ;           ;            ;          ;        ;        ; { altera_reserved_tck } ;
+---------------------+------+---------+-----------+-------+--------+------------+-----------+-------------+-------+--------+-----------+------------+----------+--------+--------+-------------------------+


+-----------------------------------------------------------+
; Slow 1200mV 85C Model Fmax Summary                        ;
+------------+-----------------+---------------------+------+
; Fmax       ; Restricted Fmax ; Clock Name          ; Note ;
+------------+-----------------+---------------------+------+
; 112.51 MHz ; 112.51 MHz      ; altera_reserved_tck ;      ;
+------------+-----------------+---------------------+------+
This panel reports FMAX for every clock in the design, regardless of the user-specified clock periods.  FMAX is only computed for paths where the source and destination registers or ports are driven by the same clock.  Paths of different clocks, including generated clocks, are ignored.  For paths between a clock and its inversion, FMAX is computed as if the rising and falling edges are scaled along with FMAX, such that the duty cycle (in terms of a percentage) is maintained. Altera recommends that you always use clock constraints and other slack reports for sign-off analysis.


----------------------------------
; Timing Closure Recommendations ;
----------------------------------
HTML report is unavailable in plain text report export.


+----------------------------------------------+
; Slow 1200mV 85C Model Setup Summary          ;
+---------------------+--------+---------------+
; Clock               ; Slack  ; End Point TNS ;
+---------------------+--------+---------------+
; altera_reserved_tck ; 45.556 ; 0.000         ;
+---------------------+--------+---------------+


+---------------------------------------------+
; Slow 1200mV 85C Model Hold Summary          ;
+---------------------+-------+---------------+
; Clock               ; Slack ; End Point TNS ;
+---------------------+-------+---------------+
; altera_reserved_tck ; 0.404 ; 0.000         ;
+---------------------+-------+---------------+


+----------------------------------------------+
; Slow 1200mV 85C Model Recovery Summary       ;
+---------------------+--------+---------------+
; Clock               ; Slack  ; End Point TNS ;
+---------------------+--------+---------------+
; altera_reserved_tck ; 47.142 ; 0.000         ;
+---------------------+--------+---------------+


+---------------------------------------------+
; Slow 1200mV 85C Model Removal Summary       ;
+---------------------+-------+---------------+
; Clock               ; Slack ; End Point TNS ;
+---------------------+-------+---------------+
; altera_reserved_tck ; 1.451 ; 0.000         ;
+---------------------+-------+---------------+


+---------------------------------------------------+
; Slow 1200mV 85C Model Minimum Pulse Width Summary ;
+---------------------+--------+--------------------+
; Clock               ; Slack  ; End Point TNS      ;
+---------------------+--------+--------------------+
; altera_reserved_tck ; 49.633 ; 0.000              ;
+---------------------+--------+--------------------+


+--------------------------------------------------------------------------------------------------------------------------------------------------------------------------------------------------------------------------------------------------------------------------------------------------------------------------------------------------------------------------------------------------------------------------------------------------------------------------------------------------------------------------+
; Slow 1200mV 85C Model Setup: 'altera_reserved_tck'                                                                                                                                                                                                                                                                                                                                                                                                                                                                       ;
+--------+-------------------------------------------------------------------------------------------------------------------------------------------------------------------------------------------------------------+--------------------------------------------------------------------------------------------------------------------------------------------------------------------------------------------------------------+---------------------+---------------------+--------------+------------+------------+
; Slack  ; From Node                                                                                                                                                                                                   ; To Node                                                                                                                                                                                                      ; Launch Clock        ; Latch Clock         ; Relationship ; Clock Skew ; Data Delay ;
+--------+-------------------------------------------------------------------------------------------------------------------------------------------------------------------------------------------------------------+--------------------------------------------------------------------------------------------------------------------------------------------------------------------------------------------------------------+---------------------+---------------------+--------------+------------+------------+
; 45.556 ; sld_hub:auto_hub|sld_jtag_hub:\jtag_hub_gen:sld_jtag_hub_inst|node_ena[2]~reg0                                                                                                                              ; Soc:inst1|Soc_jtag_uart:jtag_uart|alt_jtag_atlantic:Soc_jtag_uart_alt_jtag_atlantic|jupdate                                                                                                                  ; altera_reserved_tck ; altera_reserved_tck ; 50.000       ; 0.064      ; 4.526      ;
; 46.010 ; sld_hub:auto_hub|sld_jtag_hub:\jtag_hub_gen:sld_jtag_hub_inst|virtual_ir_scan_reg                                                                                                                           ; Soc:inst1|Soc_jtag_uart:jtag_uart|alt_jtag_atlantic:Soc_jtag_uart_alt_jtag_atlantic|jupdate                                                                                                                  ; altera_reserved_tck ; altera_reserved_tck ; 50.000       ; 0.048      ; 4.056      ;
; 46.015 ; sld_hub:auto_hub|sld_jtag_hub:\jtag_hub_gen:sld_jtag_hub_inst|irf_reg[2][0]                                                                                                                                 ; Soc:inst1|Soc_jtag_uart:jtag_uart|alt_jtag_atlantic:Soc_jtag_uart_alt_jtag_atlantic|jupdate                                                                                                                  ; altera_reserved_tck ; altera_reserved_tck ; 50.000       ; 0.071      ; 4.074      ;
; 46.742 ; sld_hub:auto_hub|sld_jtag_hub:\jtag_hub_gen:sld_jtag_hub_inst|irsr_reg[0]                                                                                                                                   ; sld_hub:auto_hub|sld_jtag_hub:\jtag_hub_gen:sld_jtag_hub_inst|tdo                                                                                                                                            ; altera_reserved_tck ; altera_reserved_tck ; 50.000       ; 0.081      ; 3.357      ;
; 46.867 ; sld_hub:auto_hub|sld_jtag_hub:\jtag_hub_gen:sld_jtag_hub_inst|virtual_ir_scan_reg                                                                                                                           ; sld_hub:auto_hub|sld_jtag_hub:\jtag_hub_gen:sld_jtag_hub_inst|tdo                                                                                                                                            ; altera_reserved_tck ; altera_reserved_tck ; 50.000       ; 0.064      ; 3.215      ;
; 47.342 ; sld_hub:auto_hub|sld_jtag_hub:\jtag_hub_gen:sld_jtag_hub_inst|irsr_reg[6]                                                                                                                                   ; sld_hub:auto_hub|sld_jtag_hub:\jtag_hub_gen:sld_jtag_hub_inst|tdo                                                                                                                                            ; altera_reserved_tck ; altera_reserved_tck ; 50.000       ; 0.080      ; 2.756      ;
; 47.361 ; sld_hub:auto_hub|sld_jtag_hub:\jtag_hub_gen:sld_jtag_hub_inst|irsr_reg[2]                                                                                                                                   ; sld_hub:auto_hub|sld_jtag_hub:\jtag_hub_gen:sld_jtag_hub_inst|tdo                                                                                                                                            ; altera_reserved_tck ; altera_reserved_tck ; 50.000       ; 0.081      ; 2.738      ;
; 47.375 ; sld_hub:auto_hub|sld_jtag_hub:\jtag_hub_gen:sld_jtag_hub_inst|sld_rom_sr:hub_info_reg|WORD_SR[0]                                                                                                            ; sld_hub:auto_hub|sld_jtag_hub:\jtag_hub_gen:sld_jtag_hub_inst|tdo                                                                                                                                            ; altera_reserved_tck ; altera_reserved_tck ; 50.000       ; 0.086      ; 2.729      ;
; 47.378 ; sld_hub:auto_hub|sld_jtag_hub:\jtag_hub_gen:sld_jtag_hub_inst|irsr_reg[1]                                                                                                                                   ; sld_hub:auto_hub|sld_jtag_hub:\jtag_hub_gen:sld_jtag_hub_inst|tdo                                                                                                                                            ; altera_reserved_tck ; altera_reserved_tck ; 50.000       ; 0.081      ; 2.721      ;
; 47.442 ; sld_hub:auto_hub|sld_jtag_hub:\jtag_hub_gen:sld_jtag_hub_inst|sld_shadow_jsm:shadow_jsm|state[4]                                                                                                            ; sld_hub:auto_hub|sld_jtag_hub:\jtag_hub_gen:sld_jtag_hub_inst|tdo                                                                                                                                            ; altera_reserved_tck ; altera_reserved_tck ; 50.000       ; 0.087      ; 2.663      ;
; 47.472 ; sld_hub:auto_hub|sld_jtag_hub:\jtag_hub_gen:sld_jtag_hub_inst|design_hash_reg[0]                                                                                                                            ; sld_hub:auto_hub|sld_jtag_hub:\jtag_hub_gen:sld_jtag_hub_inst|tdo                                                                                                                                            ; altera_reserved_tck ; altera_reserved_tck ; 50.000       ; 0.084      ; 2.630      ;
; 47.477 ; sld_hub:auto_hub|sld_jtag_hub:\jtag_hub_gen:sld_jtag_hub_inst|tdo_bypass_reg                                                                                                                                ; sld_hub:auto_hub|sld_jtag_hub:\jtag_hub_gen:sld_jtag_hub_inst|tdo                                                                                                                                            ; altera_reserved_tck ; altera_reserved_tck ; 50.000       ; 0.086      ; 2.627      ;
; 47.481 ; Soc:inst1|Soc_cpu:cpu|Soc_cpu_nios2_oci:the_Soc_cpu_nios2_oci|Soc_cpu_jtag_debug_module_wrapper:the_Soc_cpu_jtag_debug_module_wrapper|Soc_cpu_jtag_debug_module_tck:the_Soc_cpu_jtag_debug_module_tck|sr[0] ; sld_hub:auto_hub|sld_jtag_hub:\jtag_hub_gen:sld_jtag_hub_inst|tdo                                                                                                                                            ; altera_reserved_tck ; altera_reserved_tck ; 50.000       ; 0.071      ; 2.608      ;
; 47.508 ; sld_hub:auto_hub|sld_jtag_hub:\jtag_hub_gen:sld_jtag_hub_inst|irsr_reg[5]                                                                                                                                   ; sld_hub:auto_hub|sld_jtag_hub:\jtag_hub_gen:sld_jtag_hub_inst|tdo                                                                                                                                            ; altera_reserved_tck ; altera_reserved_tck ; 50.000       ; 0.080      ; 2.590      ;
; 47.527 ; sld_hub:auto_hub|sld_jtag_hub:\jtag_hub_gen:sld_jtag_hub_inst|sld_shadow_jsm:shadow_jsm|state[3]                                                                                                            ; sld_hub:auto_hub|sld_jtag_hub:\jtag_hub_gen:sld_jtag_hub_inst|tdo                                                                                                                                            ; altera_reserved_tck ; altera_reserved_tck ; 50.000       ; 0.087      ; 2.578      ;
; 47.813 ; sld_hub:auto_hub|sld_jtag_hub:\jtag_hub_gen:sld_jtag_hub_inst|hub_minor_ver_reg[0]                                                                                                                          ; sld_hub:auto_hub|sld_jtag_hub:\jtag_hub_gen:sld_jtag_hub_inst|tdo                                                                                                                                            ; altera_reserved_tck ; altera_reserved_tck ; 50.000       ; 0.084      ; 2.289      ;
; 48.330 ; sld_hub:auto_hub|sld_jtag_hub:\jtag_hub_gen:sld_jtag_hub_inst|sld_shadow_jsm:shadow_jsm|state[8]                                                                                                            ; Soc:inst1|Soc_jtag_uart:jtag_uart|alt_jtag_atlantic:Soc_jtag_uart_alt_jtag_atlantic|jupdate                                                                                                                  ; altera_reserved_tck ; altera_reserved_tck ; 50.000       ; 0.071      ; 1.759      ;
; 49.151 ; Soc:inst1|Soc_jtag_uart:jtag_uart|alt_jtag_atlantic:Soc_jtag_uart_alt_jtag_atlantic|td_shift[0]                                                                                                             ; Soc:inst1|Soc_jtag_uart:jtag_uart|alt_jtag_atlantic:Soc_jtag_uart_alt_jtag_atlantic|tdo~reg0                                                                                                                 ; altera_reserved_tck ; altera_reserved_tck ; 50.000       ; 0.079      ; 0.946      ;
; 94.342 ; sld_hub:auto_hub|sld_jtag_hub:\jtag_hub_gen:sld_jtag_hub_inst|node_ena[2]~reg0                                                                                                                              ; Soc:inst1|Soc_jtag_uart:jtag_uart|alt_jtag_atlantic:Soc_jtag_uart_alt_jtag_atlantic|read                                                                                                                     ; altera_reserved_tck ; altera_reserved_tck ; 100.000      ; -0.118     ; 5.558      ;
; 94.342 ; sld_hub:auto_hub|sld_jtag_hub:\jtag_hub_gen:sld_jtag_hub_inst|node_ena[2]~reg0                                                                                                                              ; Soc:inst1|Soc_jtag_uart:jtag_uart|alt_jtag_atlantic:Soc_jtag_uart_alt_jtag_atlantic|read_req                                                                                                                 ; altera_reserved_tck ; altera_reserved_tck ; 100.000      ; -0.118     ; 5.558      ;
; 94.348 ; sld_hub:auto_hub|sld_jtag_hub:\jtag_hub_gen:sld_jtag_hub_inst|node_ena[2]~reg0                                                                                                                              ; Soc:inst1|Soc_jtag_uart:jtag_uart|alt_jtag_atlantic:Soc_jtag_uart_alt_jtag_atlantic|write_stalled                                                                                                            ; altera_reserved_tck ; altera_reserved_tck ; 100.000      ; -0.118     ; 5.552      ;
; 94.348 ; sld_hub:auto_hub|sld_jtag_hub:\jtag_hub_gen:sld_jtag_hub_inst|node_ena[2]~reg0                                                                                                                              ; Soc:inst1|Soc_jtag_uart:jtag_uart|alt_jtag_atlantic:Soc_jtag_uart_alt_jtag_atlantic|write_valid                                                                                                              ; altera_reserved_tck ; altera_reserved_tck ; 100.000      ; -0.118     ; 5.552      ;
; 94.348 ; sld_hub:auto_hub|sld_jtag_hub:\jtag_hub_gen:sld_jtag_hub_inst|node_ena[2]~reg0                                                                                                                              ; Soc:inst1|Soc_jtag_uart:jtag_uart|alt_jtag_atlantic:Soc_jtag_uart_alt_jtag_atlantic|wdata[0]                                                                                                                 ; altera_reserved_tck ; altera_reserved_tck ; 100.000      ; -0.118     ; 5.552      ;
; 94.788 ; sld_hub:auto_hub|sld_jtag_hub:\jtag_hub_gen:sld_jtag_hub_inst|node_ena[1]~reg0                                                                                                                              ; Soc:inst1|Soc_cpu:cpu|Soc_cpu_nios2_oci:the_Soc_cpu_nios2_oci|Soc_cpu_jtag_debug_module_wrapper:the_Soc_cpu_jtag_debug_module_wrapper|Soc_cpu_jtag_debug_module_tck:the_Soc_cpu_jtag_debug_module_tck|sr[17] ; altera_reserved_tck ; altera_reserved_tck ; 100.000      ; -0.097     ; 5.133      ;
; 94.788 ; sld_hub:auto_hub|sld_jtag_hub:\jtag_hub_gen:sld_jtag_hub_inst|node_ena[1]~reg0                                                                                                                              ; Soc:inst1|Soc_cpu:cpu|Soc_cpu_nios2_oci:the_Soc_cpu_nios2_oci|Soc_cpu_jtag_debug_module_wrapper:the_Soc_cpu_jtag_debug_module_wrapper|Soc_cpu_jtag_debug_module_tck:the_Soc_cpu_jtag_debug_module_tck|sr[18] ; altera_reserved_tck ; altera_reserved_tck ; 100.000      ; -0.097     ; 5.133      ;
; 94.788 ; sld_hub:auto_hub|sld_jtag_hub:\jtag_hub_gen:sld_jtag_hub_inst|node_ena[1]~reg0                                                                                                                              ; Soc:inst1|Soc_cpu:cpu|Soc_cpu_nios2_oci:the_Soc_cpu_nios2_oci|Soc_cpu_jtag_debug_module_wrapper:the_Soc_cpu_jtag_debug_module_wrapper|Soc_cpu_jtag_debug_module_tck:the_Soc_cpu_jtag_debug_module_tck|sr[20] ; altera_reserved_tck ; altera_reserved_tck ; 100.000      ; -0.097     ; 5.133      ;
; 94.788 ; sld_hub:auto_hub|sld_jtag_hub:\jtag_hub_gen:sld_jtag_hub_inst|node_ena[1]~reg0                                                                                                                              ; Soc:inst1|Soc_cpu:cpu|Soc_cpu_nios2_oci:the_Soc_cpu_nios2_oci|Soc_cpu_jtag_debug_module_wrapper:the_Soc_cpu_jtag_debug_module_wrapper|Soc_cpu_jtag_debug_module_tck:the_Soc_cpu_jtag_debug_module_tck|sr[21] ; altera_reserved_tck ; altera_reserved_tck ; 100.000      ; -0.097     ; 5.133      ;
; 94.788 ; sld_hub:auto_hub|sld_jtag_hub:\jtag_hub_gen:sld_jtag_hub_inst|node_ena[1]~reg0                                                                                                                              ; Soc:inst1|Soc_cpu:cpu|Soc_cpu_nios2_oci:the_Soc_cpu_nios2_oci|Soc_cpu_jtag_debug_module_wrapper:the_Soc_cpu_jtag_debug_module_wrapper|Soc_cpu_jtag_debug_module_tck:the_Soc_cpu_jtag_debug_module_tck|sr[22] ; altera_reserved_tck ; altera_reserved_tck ; 100.000      ; -0.097     ; 5.133      ;
; 94.788 ; sld_hub:auto_hub|sld_jtag_hub:\jtag_hub_gen:sld_jtag_hub_inst|node_ena[1]~reg0                                                                                                                              ; Soc:inst1|Soc_cpu:cpu|Soc_cpu_nios2_oci:the_Soc_cpu_nios2_oci|Soc_cpu_jtag_debug_module_wrapper:the_Soc_cpu_jtag_debug_module_wrapper|Soc_cpu_jtag_debug_module_tck:the_Soc_cpu_jtag_debug_module_tck|sr[23] ; altera_reserved_tck ; altera_reserved_tck ; 100.000      ; -0.097     ; 5.133      ;
; 94.788 ; sld_hub:auto_hub|sld_jtag_hub:\jtag_hub_gen:sld_jtag_hub_inst|node_ena[1]~reg0                                                                                                                              ; Soc:inst1|Soc_cpu:cpu|Soc_cpu_nios2_oci:the_Soc_cpu_nios2_oci|Soc_cpu_jtag_debug_module_wrapper:the_Soc_cpu_jtag_debug_module_wrapper|Soc_cpu_jtag_debug_module_tck:the_Soc_cpu_jtag_debug_module_tck|sr[19] ; altera_reserved_tck ; altera_reserved_tck ; 100.000      ; -0.097     ; 5.133      ;
; 94.788 ; sld_hub:auto_hub|sld_jtag_hub:\jtag_hub_gen:sld_jtag_hub_inst|node_ena[1]~reg0                                                                                                                              ; Soc:inst1|Soc_cpu:cpu|Soc_cpu_nios2_oci:the_Soc_cpu_nios2_oci|Soc_cpu_jtag_debug_module_wrapper:the_Soc_cpu_jtag_debug_module_wrapper|Soc_cpu_jtag_debug_module_tck:the_Soc_cpu_jtag_debug_module_tck|sr[16] ; altera_reserved_tck ; altera_reserved_tck ; 100.000      ; -0.097     ; 5.133      ;
; 94.796 ; sld_hub:auto_hub|sld_jtag_hub:\jtag_hub_gen:sld_jtag_hub_inst|virtual_ir_scan_reg                                                                                                                           ; Soc:inst1|Soc_jtag_uart:jtag_uart|alt_jtag_atlantic:Soc_jtag_uart_alt_jtag_atlantic|read                                                                                                                     ; altera_reserved_tck ; altera_reserved_tck ; 100.000      ; -0.134     ; 5.088      ;
; 94.796 ; sld_hub:auto_hub|sld_jtag_hub:\jtag_hub_gen:sld_jtag_hub_inst|virtual_ir_scan_reg                                                                                                                           ; Soc:inst1|Soc_jtag_uart:jtag_uart|alt_jtag_atlantic:Soc_jtag_uart_alt_jtag_atlantic|read_req                                                                                                                 ; altera_reserved_tck ; altera_reserved_tck ; 100.000      ; -0.134     ; 5.088      ;
; 94.801 ; sld_hub:auto_hub|sld_jtag_hub:\jtag_hub_gen:sld_jtag_hub_inst|irf_reg[2][0]                                                                                                                                 ; Soc:inst1|Soc_jtag_uart:jtag_uart|alt_jtag_atlantic:Soc_jtag_uart_alt_jtag_atlantic|read                                                                                                                     ; altera_reserved_tck ; altera_reserved_tck ; 100.000      ; -0.111     ; 5.106      ;
; 94.801 ; sld_hub:auto_hub|sld_jtag_hub:\jtag_hub_gen:sld_jtag_hub_inst|irf_reg[2][0]                                                                                                                                 ; Soc:inst1|Soc_jtag_uart:jtag_uart|alt_jtag_atlantic:Soc_jtag_uart_alt_jtag_atlantic|read_req                                                                                                                 ; altera_reserved_tck ; altera_reserved_tck ; 100.000      ; -0.111     ; 5.106      ;
; 94.802 ; sld_hub:auto_hub|sld_jtag_hub:\jtag_hub_gen:sld_jtag_hub_inst|virtual_ir_scan_reg                                                                                                                           ; Soc:inst1|Soc_jtag_uart:jtag_uart|alt_jtag_atlantic:Soc_jtag_uart_alt_jtag_atlantic|write_stalled                                                                                                            ; altera_reserved_tck ; altera_reserved_tck ; 100.000      ; -0.134     ; 5.082      ;
; 94.802 ; sld_hub:auto_hub|sld_jtag_hub:\jtag_hub_gen:sld_jtag_hub_inst|virtual_ir_scan_reg                                                                                                                           ; Soc:inst1|Soc_jtag_uart:jtag_uart|alt_jtag_atlantic:Soc_jtag_uart_alt_jtag_atlantic|write_valid                                                                                                              ; altera_reserved_tck ; altera_reserved_tck ; 100.000      ; -0.134     ; 5.082      ;
; 94.802 ; sld_hub:auto_hub|sld_jtag_hub:\jtag_hub_gen:sld_jtag_hub_inst|virtual_ir_scan_reg                                                                                                                           ; Soc:inst1|Soc_jtag_uart:jtag_uart|alt_jtag_atlantic:Soc_jtag_uart_alt_jtag_atlantic|wdata[0]                                                                                                                 ; altera_reserved_tck ; altera_reserved_tck ; 100.000      ; -0.134     ; 5.082      ;
; 94.807 ; sld_hub:auto_hub|sld_jtag_hub:\jtag_hub_gen:sld_jtag_hub_inst|irf_reg[2][0]                                                                                                                                 ; Soc:inst1|Soc_jtag_uart:jtag_uart|alt_jtag_atlantic:Soc_jtag_uart_alt_jtag_atlantic|write_stalled                                                                                                            ; altera_reserved_tck ; altera_reserved_tck ; 100.000      ; -0.111     ; 5.100      ;
; 94.807 ; sld_hub:auto_hub|sld_jtag_hub:\jtag_hub_gen:sld_jtag_hub_inst|irf_reg[2][0]                                                                                                                                 ; Soc:inst1|Soc_jtag_uart:jtag_uart|alt_jtag_atlantic:Soc_jtag_uart_alt_jtag_atlantic|write_valid                                                                                                              ; altera_reserved_tck ; altera_reserved_tck ; 100.000      ; -0.111     ; 5.100      ;
; 94.807 ; sld_hub:auto_hub|sld_jtag_hub:\jtag_hub_gen:sld_jtag_hub_inst|irf_reg[2][0]                                                                                                                                 ; Soc:inst1|Soc_jtag_uart:jtag_uart|alt_jtag_atlantic:Soc_jtag_uart_alt_jtag_atlantic|wdata[0]                                                                                                                 ; altera_reserved_tck ; altera_reserved_tck ; 100.000      ; -0.111     ; 5.100      ;
; 94.833 ; sld_hub:auto_hub|sld_jtag_hub:\jtag_hub_gen:sld_jtag_hub_inst|irsr_reg[6]                                                                                                                                   ; sld_hub:auto_hub|sld_jtag_hub:\jtag_hub_gen:sld_jtag_hub_inst|irf_reg[2][4]                                                                                                                                  ; altera_reserved_tck ; altera_reserved_tck ; 100.000      ; -0.086     ; 5.099      ;
; 94.833 ; sld_hub:auto_hub|sld_jtag_hub:\jtag_hub_gen:sld_jtag_hub_inst|irsr_reg[6]                                                                                                                                   ; sld_hub:auto_hub|sld_jtag_hub:\jtag_hub_gen:sld_jtag_hub_inst|irf_reg[2][3]                                                                                                                                  ; altera_reserved_tck ; altera_reserved_tck ; 100.000      ; -0.086     ; 5.099      ;
; 94.833 ; sld_hub:auto_hub|sld_jtag_hub:\jtag_hub_gen:sld_jtag_hub_inst|irsr_reg[6]                                                                                                                                   ; sld_hub:auto_hub|sld_jtag_hub:\jtag_hub_gen:sld_jtag_hub_inst|irf_reg[2][2]                                                                                                                                  ; altera_reserved_tck ; altera_reserved_tck ; 100.000      ; -0.086     ; 5.099      ;
; 94.833 ; sld_hub:auto_hub|sld_jtag_hub:\jtag_hub_gen:sld_jtag_hub_inst|irsr_reg[6]                                                                                                                                   ; sld_hub:auto_hub|sld_jtag_hub:\jtag_hub_gen:sld_jtag_hub_inst|irf_reg[2][1]                                                                                                                                  ; altera_reserved_tck ; altera_reserved_tck ; 100.000      ; -0.086     ; 5.099      ;
; 94.833 ; sld_hub:auto_hub|sld_jtag_hub:\jtag_hub_gen:sld_jtag_hub_inst|irsr_reg[6]                                                                                                                                   ; sld_hub:auto_hub|sld_jtag_hub:\jtag_hub_gen:sld_jtag_hub_inst|irf_reg[2][0]                                                                                                                                  ; altera_reserved_tck ; altera_reserved_tck ; 100.000      ; -0.086     ; 5.099      ;
; 94.850 ; sld_hub:auto_hub|sld_jtag_hub:\jtag_hub_gen:sld_jtag_hub_inst|node_ena[2]~reg0                                                                                                                              ; Soc:inst1|Soc_jtag_uart:jtag_uart|alt_jtag_atlantic:Soc_jtag_uart_alt_jtag_atlantic|wdata[7]                                                                                                                 ; altera_reserved_tck ; altera_reserved_tck ; 100.000      ; -0.111     ; 5.057      ;
; 94.850 ; sld_hub:auto_hub|sld_jtag_hub:\jtag_hub_gen:sld_jtag_hub_inst|node_ena[2]~reg0                                                                                                                              ; Soc:inst1|Soc_jtag_uart:jtag_uart|alt_jtag_atlantic:Soc_jtag_uart_alt_jtag_atlantic|wdata[6]                                                                                                                 ; altera_reserved_tck ; altera_reserved_tck ; 100.000      ; -0.111     ; 5.057      ;
; 94.850 ; sld_hub:auto_hub|sld_jtag_hub:\jtag_hub_gen:sld_jtag_hub_inst|node_ena[2]~reg0                                                                                                                              ; Soc:inst1|Soc_jtag_uart:jtag_uart|alt_jtag_atlantic:Soc_jtag_uart_alt_jtag_atlantic|wdata[5]                                                                                                                 ; altera_reserved_tck ; altera_reserved_tck ; 100.000      ; -0.111     ; 5.057      ;
; 94.850 ; sld_hub:auto_hub|sld_jtag_hub:\jtag_hub_gen:sld_jtag_hub_inst|node_ena[2]~reg0                                                                                                                              ; Soc:inst1|Soc_jtag_uart:jtag_uart|alt_jtag_atlantic:Soc_jtag_uart_alt_jtag_atlantic|write                                                                                                                    ; altera_reserved_tck ; altera_reserved_tck ; 100.000      ; -0.111     ; 5.057      ;
; 94.850 ; sld_hub:auto_hub|sld_jtag_hub:\jtag_hub_gen:sld_jtag_hub_inst|node_ena[2]~reg0                                                                                                                              ; Soc:inst1|Soc_jtag_uart:jtag_uart|alt_jtag_atlantic:Soc_jtag_uart_alt_jtag_atlantic|wdata[4]                                                                                                                 ; altera_reserved_tck ; altera_reserved_tck ; 100.000      ; -0.111     ; 5.057      ;
; 94.850 ; sld_hub:auto_hub|sld_jtag_hub:\jtag_hub_gen:sld_jtag_hub_inst|node_ena[2]~reg0                                                                                                                              ; Soc:inst1|Soc_jtag_uart:jtag_uart|alt_jtag_atlantic:Soc_jtag_uart_alt_jtag_atlantic|wdata[3]                                                                                                                 ; altera_reserved_tck ; altera_reserved_tck ; 100.000      ; -0.111     ; 5.057      ;
; 94.850 ; sld_hub:auto_hub|sld_jtag_hub:\jtag_hub_gen:sld_jtag_hub_inst|node_ena[2]~reg0                                                                                                                              ; Soc:inst1|Soc_jtag_uart:jtag_uart|alt_jtag_atlantic:Soc_jtag_uart_alt_jtag_atlantic|wdata[2]                                                                                                                 ; altera_reserved_tck ; altera_reserved_tck ; 100.000      ; -0.111     ; 5.057      ;
; 94.850 ; sld_hub:auto_hub|sld_jtag_hub:\jtag_hub_gen:sld_jtag_hub_inst|node_ena[2]~reg0                                                                                                                              ; Soc:inst1|Soc_jtag_uart:jtag_uart|alt_jtag_atlantic:Soc_jtag_uart_alt_jtag_atlantic|wdata[1]                                                                                                                 ; altera_reserved_tck ; altera_reserved_tck ; 100.000      ; -0.111     ; 5.057      ;
; 94.874 ; sld_hub:auto_hub|sld_jtag_hub:\jtag_hub_gen:sld_jtag_hub_inst|node_ena[1]~reg0                                                                                                                              ; Soc:inst1|Soc_cpu:cpu|Soc_cpu_nios2_oci:the_Soc_cpu_nios2_oci|Soc_cpu_jtag_debug_module_wrapper:the_Soc_cpu_jtag_debug_module_wrapper|Soc_cpu_jtag_debug_module_tck:the_Soc_cpu_jtag_debug_module_tck|sr[32] ; altera_reserved_tck ; altera_reserved_tck ; 100.000      ; -0.098     ; 5.046      ;
; 94.874 ; sld_hub:auto_hub|sld_jtag_hub:\jtag_hub_gen:sld_jtag_hub_inst|node_ena[1]~reg0                                                                                                                              ; Soc:inst1|Soc_cpu:cpu|Soc_cpu_nios2_oci:the_Soc_cpu_nios2_oci|Soc_cpu_jtag_debug_module_wrapper:the_Soc_cpu_jtag_debug_module_wrapper|Soc_cpu_jtag_debug_module_tck:the_Soc_cpu_jtag_debug_module_tck|sr[30] ; altera_reserved_tck ; altera_reserved_tck ; 100.000      ; -0.098     ; 5.046      ;
; 94.941 ; sld_hub:auto_hub|sld_jtag_hub:\jtag_hub_gen:sld_jtag_hub_inst|node_ena[1]~reg0                                                                                                                              ; Soc:inst1|Soc_cpu:cpu|Soc_cpu_nios2_oci:the_Soc_cpu_nios2_oci|Soc_cpu_jtag_debug_module_wrapper:the_Soc_cpu_jtag_debug_module_wrapper|Soc_cpu_jtag_debug_module_tck:the_Soc_cpu_jtag_debug_module_tck|sr[26] ; altera_reserved_tck ; altera_reserved_tck ; 100.000      ; -0.098     ; 4.979      ;
; 94.941 ; sld_hub:auto_hub|sld_jtag_hub:\jtag_hub_gen:sld_jtag_hub_inst|node_ena[1]~reg0                                                                                                                              ; Soc:inst1|Soc_cpu:cpu|Soc_cpu_nios2_oci:the_Soc_cpu_nios2_oci|Soc_cpu_jtag_debug_module_wrapper:the_Soc_cpu_jtag_debug_module_wrapper|Soc_cpu_jtag_debug_module_tck:the_Soc_cpu_jtag_debug_module_tck|sr[27] ; altera_reserved_tck ; altera_reserved_tck ; 100.000      ; -0.098     ; 4.979      ;
; 94.942 ; sld_hub:auto_hub|sld_jtag_hub:\jtag_hub_gen:sld_jtag_hub_inst|node_ena[1]~reg0                                                                                                                              ; Soc:inst1|Soc_cpu:cpu|Soc_cpu_nios2_oci:the_Soc_cpu_nios2_oci|Soc_cpu_jtag_debug_module_wrapper:the_Soc_cpu_jtag_debug_module_wrapper|Soc_cpu_jtag_debug_module_tck:the_Soc_cpu_jtag_debug_module_tck|sr[25] ; altera_reserved_tck ; altera_reserved_tck ; 100.000      ; -0.098     ; 4.978      ;
; 94.943 ; sld_hub:auto_hub|sld_jtag_hub:\jtag_hub_gen:sld_jtag_hub_inst|node_ena[1]~reg0                                                                                                                              ; Soc:inst1|Soc_cpu:cpu|Soc_cpu_nios2_oci:the_Soc_cpu_nios2_oci|Soc_cpu_jtag_debug_module_wrapper:the_Soc_cpu_jtag_debug_module_wrapper|Soc_cpu_jtag_debug_module_tck:the_Soc_cpu_jtag_debug_module_tck|sr[24] ; altera_reserved_tck ; altera_reserved_tck ; 100.000      ; -0.098     ; 4.977      ;
; 94.944 ; sld_hub:auto_hub|sld_jtag_hub:\jtag_hub_gen:sld_jtag_hub_inst|node_ena[1]~reg0                                                                                                                              ; Soc:inst1|Soc_cpu:cpu|Soc_cpu_nios2_oci:the_Soc_cpu_nios2_oci|Soc_cpu_jtag_debug_module_wrapper:the_Soc_cpu_jtag_debug_module_wrapper|Soc_cpu_jtag_debug_module_tck:the_Soc_cpu_jtag_debug_module_tck|sr[28] ; altera_reserved_tck ; altera_reserved_tck ; 100.000      ; -0.098     ; 4.976      ;
; 94.944 ; sld_hub:auto_hub|sld_jtag_hub:\jtag_hub_gen:sld_jtag_hub_inst|node_ena[1]~reg0                                                                                                                              ; Soc:inst1|Soc_cpu:cpu|Soc_cpu_nios2_oci:the_Soc_cpu_nios2_oci|Soc_cpu_jtag_debug_module_wrapper:the_Soc_cpu_jtag_debug_module_wrapper|Soc_cpu_jtag_debug_module_tck:the_Soc_cpu_jtag_debug_module_tck|sr[29] ; altera_reserved_tck ; altera_reserved_tck ; 100.000      ; -0.098     ; 4.976      ;
; 94.953 ; sld_hub:auto_hub|sld_jtag_hub:\jtag_hub_gen:sld_jtag_hub_inst|node_ena[1]~reg0                                                                                                                              ; Soc:inst1|Soc_cpu:cpu|Soc_cpu_nios2_oci:the_Soc_cpu_nios2_oci|Soc_cpu_jtag_debug_module_wrapper:the_Soc_cpu_jtag_debug_module_wrapper|Soc_cpu_jtag_debug_module_tck:the_Soc_cpu_jtag_debug_module_tck|sr[34] ; altera_reserved_tck ; altera_reserved_tck ; 100.000      ; -0.098     ; 4.967      ;
; 94.953 ; sld_hub:auto_hub|sld_jtag_hub:\jtag_hub_gen:sld_jtag_hub_inst|node_ena[1]~reg0                                                                                                                              ; Soc:inst1|Soc_cpu:cpu|Soc_cpu_nios2_oci:the_Soc_cpu_nios2_oci|Soc_cpu_jtag_debug_module_wrapper:the_Soc_cpu_jtag_debug_module_wrapper|Soc_cpu_jtag_debug_module_tck:the_Soc_cpu_jtag_debug_module_tck|sr[33] ; altera_reserved_tck ; altera_reserved_tck ; 100.000      ; -0.098     ; 4.967      ;
; 94.982 ; sld_hub:auto_hub|sld_jtag_hub:\jtag_hub_gen:sld_jtag_hub_inst|irsr_reg[5]                                                                                                                                   ; sld_hub:auto_hub|sld_jtag_hub:\jtag_hub_gen:sld_jtag_hub_inst|irf_reg[2][4]                                                                                                                                  ; altera_reserved_tck ; altera_reserved_tck ; 100.000      ; -0.086     ; 4.950      ;
; 94.982 ; sld_hub:auto_hub|sld_jtag_hub:\jtag_hub_gen:sld_jtag_hub_inst|irsr_reg[5]                                                                                                                                   ; sld_hub:auto_hub|sld_jtag_hub:\jtag_hub_gen:sld_jtag_hub_inst|irf_reg[2][3]                                                                                                                                  ; altera_reserved_tck ; altera_reserved_tck ; 100.000      ; -0.086     ; 4.950      ;
; 94.982 ; sld_hub:auto_hub|sld_jtag_hub:\jtag_hub_gen:sld_jtag_hub_inst|irsr_reg[5]                                                                                                                                   ; sld_hub:auto_hub|sld_jtag_hub:\jtag_hub_gen:sld_jtag_hub_inst|irf_reg[2][2]                                                                                                                                  ; altera_reserved_tck ; altera_reserved_tck ; 100.000      ; -0.086     ; 4.950      ;
; 94.982 ; sld_hub:auto_hub|sld_jtag_hub:\jtag_hub_gen:sld_jtag_hub_inst|irsr_reg[5]                                                                                                                                   ; sld_hub:auto_hub|sld_jtag_hub:\jtag_hub_gen:sld_jtag_hub_inst|irf_reg[2][1]                                                                                                                                  ; altera_reserved_tck ; altera_reserved_tck ; 100.000      ; -0.086     ; 4.950      ;
; 94.982 ; sld_hub:auto_hub|sld_jtag_hub:\jtag_hub_gen:sld_jtag_hub_inst|irsr_reg[5]                                                                                                                                   ; sld_hub:auto_hub|sld_jtag_hub:\jtag_hub_gen:sld_jtag_hub_inst|irf_reg[2][0]                                                                                                                                  ; altera_reserved_tck ; altera_reserved_tck ; 100.000      ; -0.086     ; 4.950      ;
; 94.990 ; sld_hub:auto_hub|sld_jtag_hub:\jtag_hub_gen:sld_jtag_hub_inst|irsr_reg[6]                                                                                                                                   ; sld_hub:auto_hub|sld_jtag_hub:\jtag_hub_gen:sld_jtag_hub_inst|irf_reg[1][4]                                                                                                                                  ; altera_reserved_tck ; altera_reserved_tck ; 100.000      ; -0.085     ; 4.943      ;
; 94.990 ; sld_hub:auto_hub|sld_jtag_hub:\jtag_hub_gen:sld_jtag_hub_inst|irsr_reg[6]                                                                                                                                   ; sld_hub:auto_hub|sld_jtag_hub:\jtag_hub_gen:sld_jtag_hub_inst|irf_reg[1][3]                                                                                                                                  ; altera_reserved_tck ; altera_reserved_tck ; 100.000      ; -0.085     ; 4.943      ;
; 94.990 ; sld_hub:auto_hub|sld_jtag_hub:\jtag_hub_gen:sld_jtag_hub_inst|irsr_reg[6]                                                                                                                                   ; sld_hub:auto_hub|sld_jtag_hub:\jtag_hub_gen:sld_jtag_hub_inst|irf_reg[1][2]                                                                                                                                  ; altera_reserved_tck ; altera_reserved_tck ; 100.000      ; -0.085     ; 4.943      ;
; 94.990 ; sld_hub:auto_hub|sld_jtag_hub:\jtag_hub_gen:sld_jtag_hub_inst|irsr_reg[6]                                                                                                                                   ; sld_hub:auto_hub|sld_jtag_hub:\jtag_hub_gen:sld_jtag_hub_inst|irf_reg[1][0]                                                                                                                                  ; altera_reserved_tck ; altera_reserved_tck ; 100.000      ; -0.085     ; 4.943      ;
; 94.990 ; sld_hub:auto_hub|sld_jtag_hub:\jtag_hub_gen:sld_jtag_hub_inst|irsr_reg[6]                                                                                                                                   ; sld_hub:auto_hub|sld_jtag_hub:\jtag_hub_gen:sld_jtag_hub_inst|irf_reg[1][1]                                                                                                                                  ; altera_reserved_tck ; altera_reserved_tck ; 100.000      ; -0.085     ; 4.943      ;
; 94.995 ; sld_hub:auto_hub|sld_jtag_hub:\jtag_hub_gen:sld_jtag_hub_inst|sld_shadow_jsm:shadow_jsm|state[4]                                                                                                            ; Soc:inst1|Soc_cpu:cpu|Soc_cpu_nios2_oci:the_Soc_cpu_nios2_oci|Soc_cpu_jtag_debug_module_wrapper:the_Soc_cpu_jtag_debug_module_wrapper|Soc_cpu_jtag_debug_module_tck:the_Soc_cpu_jtag_debug_module_tck|sr[17] ; altera_reserved_tck ; altera_reserved_tck ; 100.000      ; -0.090     ; 4.933      ;
; 94.995 ; sld_hub:auto_hub|sld_jtag_hub:\jtag_hub_gen:sld_jtag_hub_inst|sld_shadow_jsm:shadow_jsm|state[4]                                                                                                            ; Soc:inst1|Soc_cpu:cpu|Soc_cpu_nios2_oci:the_Soc_cpu_nios2_oci|Soc_cpu_jtag_debug_module_wrapper:the_Soc_cpu_jtag_debug_module_wrapper|Soc_cpu_jtag_debug_module_tck:the_Soc_cpu_jtag_debug_module_tck|sr[18] ; altera_reserved_tck ; altera_reserved_tck ; 100.000      ; -0.090     ; 4.933      ;
; 94.995 ; sld_hub:auto_hub|sld_jtag_hub:\jtag_hub_gen:sld_jtag_hub_inst|sld_shadow_jsm:shadow_jsm|state[4]                                                                                                            ; Soc:inst1|Soc_cpu:cpu|Soc_cpu_nios2_oci:the_Soc_cpu_nios2_oci|Soc_cpu_jtag_debug_module_wrapper:the_Soc_cpu_jtag_debug_module_wrapper|Soc_cpu_jtag_debug_module_tck:the_Soc_cpu_jtag_debug_module_tck|sr[20] ; altera_reserved_tck ; altera_reserved_tck ; 100.000      ; -0.090     ; 4.933      ;
; 94.995 ; sld_hub:auto_hub|sld_jtag_hub:\jtag_hub_gen:sld_jtag_hub_inst|sld_shadow_jsm:shadow_jsm|state[4]                                                                                                            ; Soc:inst1|Soc_cpu:cpu|Soc_cpu_nios2_oci:the_Soc_cpu_nios2_oci|Soc_cpu_jtag_debug_module_wrapper:the_Soc_cpu_jtag_debug_module_wrapper|Soc_cpu_jtag_debug_module_tck:the_Soc_cpu_jtag_debug_module_tck|sr[21] ; altera_reserved_tck ; altera_reserved_tck ; 100.000      ; -0.090     ; 4.933      ;
; 94.995 ; sld_hub:auto_hub|sld_jtag_hub:\jtag_hub_gen:sld_jtag_hub_inst|sld_shadow_jsm:shadow_jsm|state[4]                                                                                                            ; Soc:inst1|Soc_cpu:cpu|Soc_cpu_nios2_oci:the_Soc_cpu_nios2_oci|Soc_cpu_jtag_debug_module_wrapper:the_Soc_cpu_jtag_debug_module_wrapper|Soc_cpu_jtag_debug_module_tck:the_Soc_cpu_jtag_debug_module_tck|sr[22] ; altera_reserved_tck ; altera_reserved_tck ; 100.000      ; -0.090     ; 4.933      ;
; 94.995 ; sld_hub:auto_hub|sld_jtag_hub:\jtag_hub_gen:sld_jtag_hub_inst|sld_shadow_jsm:shadow_jsm|state[4]                                                                                                            ; Soc:inst1|Soc_cpu:cpu|Soc_cpu_nios2_oci:the_Soc_cpu_nios2_oci|Soc_cpu_jtag_debug_module_wrapper:the_Soc_cpu_jtag_debug_module_wrapper|Soc_cpu_jtag_debug_module_tck:the_Soc_cpu_jtag_debug_module_tck|sr[23] ; altera_reserved_tck ; altera_reserved_tck ; 100.000      ; -0.090     ; 4.933      ;
; 94.995 ; sld_hub:auto_hub|sld_jtag_hub:\jtag_hub_gen:sld_jtag_hub_inst|sld_shadow_jsm:shadow_jsm|state[4]                                                                                                            ; Soc:inst1|Soc_cpu:cpu|Soc_cpu_nios2_oci:the_Soc_cpu_nios2_oci|Soc_cpu_jtag_debug_module_wrapper:the_Soc_cpu_jtag_debug_module_wrapper|Soc_cpu_jtag_debug_module_tck:the_Soc_cpu_jtag_debug_module_tck|sr[19] ; altera_reserved_tck ; altera_reserved_tck ; 100.000      ; -0.090     ; 4.933      ;
; 94.995 ; sld_hub:auto_hub|sld_jtag_hub:\jtag_hub_gen:sld_jtag_hub_inst|sld_shadow_jsm:shadow_jsm|state[4]                                                                                                            ; Soc:inst1|Soc_cpu:cpu|Soc_cpu_nios2_oci:the_Soc_cpu_nios2_oci|Soc_cpu_jtag_debug_module_wrapper:the_Soc_cpu_jtag_debug_module_wrapper|Soc_cpu_jtag_debug_module_tck:the_Soc_cpu_jtag_debug_module_tck|sr[16] ; altera_reserved_tck ; altera_reserved_tck ; 100.000      ; -0.090     ; 4.933      ;
; 95.081 ; sld_hub:auto_hub|sld_jtag_hub:\jtag_hub_gen:sld_jtag_hub_inst|sld_shadow_jsm:shadow_jsm|state[4]                                                                                                            ; Soc:inst1|Soc_cpu:cpu|Soc_cpu_nios2_oci:the_Soc_cpu_nios2_oci|Soc_cpu_jtag_debug_module_wrapper:the_Soc_cpu_jtag_debug_module_wrapper|Soc_cpu_jtag_debug_module_tck:the_Soc_cpu_jtag_debug_module_tck|sr[32] ; altera_reserved_tck ; altera_reserved_tck ; 100.000      ; -0.091     ; 4.846      ;
; 95.081 ; sld_hub:auto_hub|sld_jtag_hub:\jtag_hub_gen:sld_jtag_hub_inst|sld_shadow_jsm:shadow_jsm|state[4]                                                                                                            ; Soc:inst1|Soc_cpu:cpu|Soc_cpu_nios2_oci:the_Soc_cpu_nios2_oci|Soc_cpu_jtag_debug_module_wrapper:the_Soc_cpu_jtag_debug_module_wrapper|Soc_cpu_jtag_debug_module_tck:the_Soc_cpu_jtag_debug_module_tck|sr[30] ; altera_reserved_tck ; altera_reserved_tck ; 100.000      ; -0.091     ; 4.846      ;
; 95.139 ; sld_hub:auto_hub|sld_jtag_hub:\jtag_hub_gen:sld_jtag_hub_inst|irsr_reg[5]                                                                                                                                   ; sld_hub:auto_hub|sld_jtag_hub:\jtag_hub_gen:sld_jtag_hub_inst|irf_reg[1][4]                                                                                                                                  ; altera_reserved_tck ; altera_reserved_tck ; 100.000      ; -0.085     ; 4.794      ;
; 95.139 ; sld_hub:auto_hub|sld_jtag_hub:\jtag_hub_gen:sld_jtag_hub_inst|irsr_reg[5]                                                                                                                                   ; sld_hub:auto_hub|sld_jtag_hub:\jtag_hub_gen:sld_jtag_hub_inst|irf_reg[1][3]                                                                                                                                  ; altera_reserved_tck ; altera_reserved_tck ; 100.000      ; -0.085     ; 4.794      ;
; 95.139 ; sld_hub:auto_hub|sld_jtag_hub:\jtag_hub_gen:sld_jtag_hub_inst|irsr_reg[5]                                                                                                                                   ; sld_hub:auto_hub|sld_jtag_hub:\jtag_hub_gen:sld_jtag_hub_inst|irf_reg[1][2]                                                                                                                                  ; altera_reserved_tck ; altera_reserved_tck ; 100.000      ; -0.085     ; 4.794      ;
; 95.139 ; sld_hub:auto_hub|sld_jtag_hub:\jtag_hub_gen:sld_jtag_hub_inst|irsr_reg[5]                                                                                                                                   ; sld_hub:auto_hub|sld_jtag_hub:\jtag_hub_gen:sld_jtag_hub_inst|irf_reg[1][0]                                                                                                                                  ; altera_reserved_tck ; altera_reserved_tck ; 100.000      ; -0.085     ; 4.794      ;
; 95.139 ; sld_hub:auto_hub|sld_jtag_hub:\jtag_hub_gen:sld_jtag_hub_inst|irsr_reg[5]                                                                                                                                   ; sld_hub:auto_hub|sld_jtag_hub:\jtag_hub_gen:sld_jtag_hub_inst|irf_reg[1][1]                                                                                                                                  ; altera_reserved_tck ; altera_reserved_tck ; 100.000      ; -0.085     ; 4.794      ;
; 95.148 ; sld_hub:auto_hub|sld_jtag_hub:\jtag_hub_gen:sld_jtag_hub_inst|sld_shadow_jsm:shadow_jsm|state[4]                                                                                                            ; Soc:inst1|Soc_cpu:cpu|Soc_cpu_nios2_oci:the_Soc_cpu_nios2_oci|Soc_cpu_jtag_debug_module_wrapper:the_Soc_cpu_jtag_debug_module_wrapper|Soc_cpu_jtag_debug_module_tck:the_Soc_cpu_jtag_debug_module_tck|sr[26] ; altera_reserved_tck ; altera_reserved_tck ; 100.000      ; -0.091     ; 4.779      ;
; 95.148 ; sld_hub:auto_hub|sld_jtag_hub:\jtag_hub_gen:sld_jtag_hub_inst|sld_shadow_jsm:shadow_jsm|state[4]                                                                                                            ; Soc:inst1|Soc_cpu:cpu|Soc_cpu_nios2_oci:the_Soc_cpu_nios2_oci|Soc_cpu_jtag_debug_module_wrapper:the_Soc_cpu_jtag_debug_module_wrapper|Soc_cpu_jtag_debug_module_tck:the_Soc_cpu_jtag_debug_module_tck|sr[27] ; altera_reserved_tck ; altera_reserved_tck ; 100.000      ; -0.091     ; 4.779      ;
; 95.149 ; sld_hub:auto_hub|sld_jtag_hub:\jtag_hub_gen:sld_jtag_hub_inst|sld_shadow_jsm:shadow_jsm|state[4]                                                                                                            ; Soc:inst1|Soc_cpu:cpu|Soc_cpu_nios2_oci:the_Soc_cpu_nios2_oci|Soc_cpu_jtag_debug_module_wrapper:the_Soc_cpu_jtag_debug_module_wrapper|Soc_cpu_jtag_debug_module_tck:the_Soc_cpu_jtag_debug_module_tck|sr[25] ; altera_reserved_tck ; altera_reserved_tck ; 100.000      ; -0.091     ; 4.778      ;
; 95.150 ; sld_hub:auto_hub|sld_jtag_hub:\jtag_hub_gen:sld_jtag_hub_inst|sld_shadow_jsm:shadow_jsm|state[4]                                                                                                            ; Soc:inst1|Soc_cpu:cpu|Soc_cpu_nios2_oci:the_Soc_cpu_nios2_oci|Soc_cpu_jtag_debug_module_wrapper:the_Soc_cpu_jtag_debug_module_wrapper|Soc_cpu_jtag_debug_module_tck:the_Soc_cpu_jtag_debug_module_tck|sr[24] ; altera_reserved_tck ; altera_reserved_tck ; 100.000      ; -0.091     ; 4.777      ;
; 95.151 ; sld_hub:auto_hub|sld_jtag_hub:\jtag_hub_gen:sld_jtag_hub_inst|sld_shadow_jsm:shadow_jsm|state[4]                                                                                                            ; Soc:inst1|Soc_cpu:cpu|Soc_cpu_nios2_oci:the_Soc_cpu_nios2_oci|Soc_cpu_jtag_debug_module_wrapper:the_Soc_cpu_jtag_debug_module_wrapper|Soc_cpu_jtag_debug_module_tck:the_Soc_cpu_jtag_debug_module_tck|sr[28] ; altera_reserved_tck ; altera_reserved_tck ; 100.000      ; -0.091     ; 4.776      ;
; 95.151 ; sld_hub:auto_hub|sld_jtag_hub:\jtag_hub_gen:sld_jtag_hub_inst|sld_shadow_jsm:shadow_jsm|state[4]                                                                                                            ; Soc:inst1|Soc_cpu:cpu|Soc_cpu_nios2_oci:the_Soc_cpu_nios2_oci|Soc_cpu_jtag_debug_module_wrapper:the_Soc_cpu_jtag_debug_module_wrapper|Soc_cpu_jtag_debug_module_tck:the_Soc_cpu_jtag_debug_module_tck|sr[29] ; altera_reserved_tck ; altera_reserved_tck ; 100.000      ; -0.091     ; 4.776      ;
; 95.165 ; sld_hub:auto_hub|sld_jtag_hub:\jtag_hub_gen:sld_jtag_hub_inst|sld_shadow_jsm:shadow_jsm|state[4]                                                                                                            ; Soc:inst1|Soc_cpu:cpu|Soc_cpu_nios2_oci:the_Soc_cpu_nios2_oci|Soc_cpu_jtag_debug_module_wrapper:the_Soc_cpu_jtag_debug_module_wrapper|Soc_cpu_jtag_debug_module_tck:the_Soc_cpu_jtag_debug_module_tck|sr[34] ; altera_reserved_tck ; altera_reserved_tck ; 100.000      ; -0.091     ; 4.762      ;
; 95.165 ; sld_hub:auto_hub|sld_jtag_hub:\jtag_hub_gen:sld_jtag_hub_inst|sld_shadow_jsm:shadow_jsm|state[4]                                                                                                            ; Soc:inst1|Soc_cpu:cpu|Soc_cpu_nios2_oci:the_Soc_cpu_nios2_oci|Soc_cpu_jtag_debug_module_wrapper:the_Soc_cpu_jtag_debug_module_wrapper|Soc_cpu_jtag_debug_module_tck:the_Soc_cpu_jtag_debug_module_tck|sr[33] ; altera_reserved_tck ; altera_reserved_tck ; 100.000      ; -0.091     ; 4.762      ;
; 95.175 ; sld_hub:auto_hub|sld_jtag_hub:\jtag_hub_gen:sld_jtag_hub_inst|node_ena[2]~reg0                                                                                                                              ; Soc:inst1|Soc_jtag_uart:jtag_uart|alt_jtag_atlantic:Soc_jtag_uart_alt_jtag_atlantic|user_saw_rvalid                                                                                                          ; altera_reserved_tck ; altera_reserved_tck ; 100.000      ; -0.111     ; 4.732      ;
; 95.178 ; sld_hub:auto_hub|sld_jtag_hub:\jtag_hub_gen:sld_jtag_hub_inst|node_ena[1]~reg0                                                                                                                              ; Soc:inst1|Soc_cpu:cpu|Soc_cpu_nios2_oci:the_Soc_cpu_nios2_oci|Soc_cpu_jtag_debug_module_wrapper:the_Soc_cpu_jtag_debug_module_wrapper|Soc_cpu_jtag_debug_module_tck:the_Soc_cpu_jtag_debug_module_tck|sr[12] ; altera_reserved_tck ; altera_reserved_tck ; 100.000      ; -0.104     ; 4.736      ;
; 95.179 ; sld_hub:auto_hub|sld_jtag_hub:\jtag_hub_gen:sld_jtag_hub_inst|node_ena[1]~reg0                                                                                                                              ; Soc:inst1|Soc_cpu:cpu|Soc_cpu_nios2_oci:the_Soc_cpu_nios2_oci|Soc_cpu_jtag_debug_module_wrapper:the_Soc_cpu_jtag_debug_module_wrapper|Soc_cpu_jtag_debug_module_tck:the_Soc_cpu_jtag_debug_module_tck|sr[13] ; altera_reserved_tck ; altera_reserved_tck ; 100.000      ; -0.104     ; 4.735      ;
+--------+-------------------------------------------------------------------------------------------------------------------------------------------------------------------------------------------------------------+--------------------------------------------------------------------------------------------------------------------------------------------------------------------------------------------------------------+---------------------+---------------------+--------------+------------+------------+


+--------------------------------------------------------------------------------------------------------------------------------------------------------------------------------------------------------------------------------------------------------------------------------------------------------------------------------------------------------------------------------------------------------------------------------------------------------------------------------------------------------------------------------------------------------------------------------------------------------------------------------------+
; Slow 1200mV 85C Model Hold: 'altera_reserved_tck'                                                                                                                                                                                                                                                                                                                                                                                                                                                                                                                                                                                    ;
+-------+--------------------------------------------------------------------------------------------------------------------------------------------------------------------------------------------------------------------------------------------------------------------+--------------------------------------------------------------------------------------------------------------------------------------------------------------------------------------------------------------------------------------------------------------------+---------------------+---------------------+--------------+------------+------------+
; Slack ; From Node                                                                                                                                                                                                                                                          ; To Node                                                                                                                                                                                                                                                            ; Launch Clock        ; Latch Clock         ; Relationship ; Clock Skew ; Data Delay ;
+-------+--------------------------------------------------------------------------------------------------------------------------------------------------------------------------------------------------------------------------------------------------------------------+--------------------------------------------------------------------------------------------------------------------------------------------------------------------------------------------------------------------------------------------------------------------+---------------------+---------------------+--------------+------------+------------+
; 0.404 ; sld_hub:auto_hub|sld_jtag_hub:\jtag_hub_gen:sld_jtag_hub_inst|irsr_reg[4]                                                                                                                                                                                          ; sld_hub:auto_hub|sld_jtag_hub:\jtag_hub_gen:sld_jtag_hub_inst|irsr_reg[4]                                                                                                                                                                                          ; altera_reserved_tck ; altera_reserved_tck ; 0.000        ; 0.079      ; 0.669      ;
; 0.404 ; sld_hub:auto_hub|sld_jtag_hub:\jtag_hub_gen:sld_jtag_hub_inst|hub_mode_reg[0]                                                                                                                                                                                      ; sld_hub:auto_hub|sld_jtag_hub:\jtag_hub_gen:sld_jtag_hub_inst|hub_mode_reg[0]                                                                                                                                                                                      ; altera_reserved_tck ; altera_reserved_tck ; 0.000        ; 0.079      ; 0.669      ;
; 0.404 ; Soc:inst1|Soc_jtag_uart:jtag_uart|alt_jtag_atlantic:Soc_jtag_uart_alt_jtag_atlantic|state                                                                                                                                                                          ; Soc:inst1|Soc_jtag_uart:jtag_uart|alt_jtag_atlantic:Soc_jtag_uart_alt_jtag_atlantic|state                                                                                                                                                                          ; altera_reserved_tck ; altera_reserved_tck ; 0.000        ; 0.079      ; 0.669      ;
; 0.404 ; sld_hub:auto_hub|sld_jtag_hub:\jtag_hub_gen:sld_jtag_hub_inst|hub_mode_reg[1]                                                                                                                                                                                      ; sld_hub:auto_hub|sld_jtag_hub:\jtag_hub_gen:sld_jtag_hub_inst|hub_mode_reg[1]                                                                                                                                                                                      ; altera_reserved_tck ; altera_reserved_tck ; 0.000        ; 0.079      ; 0.669      ;
; 0.404 ; sld_hub:auto_hub|sld_jtag_hub:\jtag_hub_gen:sld_jtag_hub_inst|irsr_reg[5]                                                                                                                                                                                          ; sld_hub:auto_hub|sld_jtag_hub:\jtag_hub_gen:sld_jtag_hub_inst|irsr_reg[5]                                                                                                                                                                                          ; altera_reserved_tck ; altera_reserved_tck ; 0.000        ; 0.079      ; 0.669      ;
; 0.404 ; sld_hub:auto_hub|sld_jtag_hub:\jtag_hub_gen:sld_jtag_hub_inst|tdo_bypass_reg                                                                                                                                                                                       ; sld_hub:auto_hub|sld_jtag_hub:\jtag_hub_gen:sld_jtag_hub_inst|tdo_bypass_reg                                                                                                                                                                                       ; altera_reserved_tck ; altera_reserved_tck ; 0.000        ; 0.079      ; 0.669      ;
; 0.404 ; sld_hub:auto_hub|sld_jtag_hub:\jtag_hub_gen:sld_jtag_hub_inst|sld_shadow_jsm:shadow_jsm|tms_cnt[2]                                                                                                                                                                 ; sld_hub:auto_hub|sld_jtag_hub:\jtag_hub_gen:sld_jtag_hub_inst|sld_shadow_jsm:shadow_jsm|tms_cnt[2]                                                                                                                                                                 ; altera_reserved_tck ; altera_reserved_tck ; 0.000        ; 0.079      ; 0.669      ;
; 0.404 ; sld_hub:auto_hub|sld_jtag_hub:\jtag_hub_gen:sld_jtag_hub_inst|sld_shadow_jsm:shadow_jsm|tms_cnt[1]                                                                                                                                                                 ; sld_hub:auto_hub|sld_jtag_hub:\jtag_hub_gen:sld_jtag_hub_inst|sld_shadow_jsm:shadow_jsm|tms_cnt[1]                                                                                                                                                                 ; altera_reserved_tck ; altera_reserved_tck ; 0.000        ; 0.079      ; 0.669      ;
; 0.404 ; Soc:inst1|Soc_jtag_uart:jtag_uart|alt_jtag_atlantic:Soc_jtag_uart_alt_jtag_atlantic|user_saw_rvalid                                                                                                                                                                ; Soc:inst1|Soc_jtag_uart:jtag_uart|alt_jtag_atlantic:Soc_jtag_uart_alt_jtag_atlantic|user_saw_rvalid                                                                                                                                                                ; altera_reserved_tck ; altera_reserved_tck ; 0.000        ; 0.079      ; 0.669      ;
; 0.404 ; Soc:inst1|Soc_jtag_uart:jtag_uart|alt_jtag_atlantic:Soc_jtag_uart_alt_jtag_atlantic|write_stalled                                                                                                                                                                  ; Soc:inst1|Soc_jtag_uart:jtag_uart|alt_jtag_atlantic:Soc_jtag_uart_alt_jtag_atlantic|write_stalled                                                                                                                                                                  ; altera_reserved_tck ; altera_reserved_tck ; 0.000        ; 0.079      ; 0.669      ;
; 0.405 ; sld_hub:auto_hub|sld_jtag_hub:\jtag_hub_gen:sld_jtag_hub_inst|hub_mode_reg[2]                                                                                                                                                                                      ; sld_hub:auto_hub|sld_jtag_hub:\jtag_hub_gen:sld_jtag_hub_inst|hub_mode_reg[2]                                                                                                                                                                                      ; altera_reserved_tck ; altera_reserved_tck ; 0.000        ; 0.078      ; 0.669      ;
; 0.405 ; sld_hub:auto_hub|sld_jtag_hub:\jtag_hub_gen:sld_jtag_hub_inst|sld_shadow_jsm:shadow_jsm|state[13]                                                                                                                                                                  ; sld_hub:auto_hub|sld_jtag_hub:\jtag_hub_gen:sld_jtag_hub_inst|sld_shadow_jsm:shadow_jsm|state[13]                                                                                                                                                                  ; altera_reserved_tck ; altera_reserved_tck ; 0.000        ; 0.078      ; 0.669      ;
; 0.405 ; sld_hub:auto_hub|sld_jtag_hub:\jtag_hub_gen:sld_jtag_hub_inst|sld_shadow_jsm:shadow_jsm|state[11]                                                                                                                                                                  ; sld_hub:auto_hub|sld_jtag_hub:\jtag_hub_gen:sld_jtag_hub_inst|sld_shadow_jsm:shadow_jsm|state[11]                                                                                                                                                                  ; altera_reserved_tck ; altera_reserved_tck ; 0.000        ; 0.078      ; 0.669      ;
; 0.405 ; sld_hub:auto_hub|sld_jtag_hub:\jtag_hub_gen:sld_jtag_hub_inst|sld_shadow_jsm:shadow_jsm|state[4]                                                                                                                                                                   ; sld_hub:auto_hub|sld_jtag_hub:\jtag_hub_gen:sld_jtag_hub_inst|sld_shadow_jsm:shadow_jsm|state[4]                                                                                                                                                                   ; altera_reserved_tck ; altera_reserved_tck ; 0.000        ; 0.078      ; 0.669      ;
; 0.405 ; sld_hub:auto_hub|sld_jtag_hub:\jtag_hub_gen:sld_jtag_hub_inst|sld_shadow_jsm:shadow_jsm|state[1]                                                                                                                                                                   ; sld_hub:auto_hub|sld_jtag_hub:\jtag_hub_gen:sld_jtag_hub_inst|sld_shadow_jsm:shadow_jsm|state[1]                                                                                                                                                                   ; altera_reserved_tck ; altera_reserved_tck ; 0.000        ; 0.078      ; 0.669      ;
; 0.405 ; sld_hub:auto_hub|sld_jtag_hub:\jtag_hub_gen:sld_jtag_hub_inst|sld_shadow_jsm:shadow_jsm|state[6]                                                                                                                                                                   ; sld_hub:auto_hub|sld_jtag_hub:\jtag_hub_gen:sld_jtag_hub_inst|sld_shadow_jsm:shadow_jsm|state[6]                                                                                                                                                                   ; altera_reserved_tck ; altera_reserved_tck ; 0.000        ; 0.078      ; 0.669      ;
; 0.405 ; sld_hub:auto_hub|sld_jtag_hub:\jtag_hub_gen:sld_jtag_hub_inst|sld_shadow_jsm:shadow_jsm|state[0]                                                                                                                                                                   ; sld_hub:auto_hub|sld_jtag_hub:\jtag_hub_gen:sld_jtag_hub_inst|sld_shadow_jsm:shadow_jsm|state[0]                                                                                                                                                                   ; altera_reserved_tck ; altera_reserved_tck ; 0.000        ; 0.078      ; 0.669      ;
; 0.405 ; Soc:inst1|Soc_cpu:cpu|Soc_cpu_nios2_oci:the_Soc_cpu_nios2_oci|Soc_cpu_jtag_debug_module_wrapper:the_Soc_cpu_jtag_debug_module_wrapper|Soc_cpu_jtag_debug_module_tck:the_Soc_cpu_jtag_debug_module_tck|sr[31]                                                       ; Soc:inst1|Soc_cpu:cpu|Soc_cpu_nios2_oci:the_Soc_cpu_nios2_oci|Soc_cpu_jtag_debug_module_wrapper:the_Soc_cpu_jtag_debug_module_wrapper|Soc_cpu_jtag_debug_module_tck:the_Soc_cpu_jtag_debug_module_tck|sr[31]                                                       ; altera_reserved_tck ; altera_reserved_tck ; 0.000        ; 0.078      ; 0.669      ;
; 0.405 ; Soc:inst1|Soc_cpu:cpu|Soc_cpu_nios2_oci:the_Soc_cpu_nios2_oci|Soc_cpu_jtag_debug_module_wrapper:the_Soc_cpu_jtag_debug_module_wrapper|Soc_cpu_jtag_debug_module_tck:the_Soc_cpu_jtag_debug_module_tck|sr[7]                                                        ; Soc:inst1|Soc_cpu:cpu|Soc_cpu_nios2_oci:the_Soc_cpu_nios2_oci|Soc_cpu_jtag_debug_module_wrapper:the_Soc_cpu_jtag_debug_module_wrapper|Soc_cpu_jtag_debug_module_tck:the_Soc_cpu_jtag_debug_module_tck|sr[7]                                                        ; altera_reserved_tck ; altera_reserved_tck ; 0.000        ; 0.078      ; 0.669      ;
; 0.408 ; Soc:inst1|Soc_jtag_uart:jtag_uart|alt_jtag_atlantic:Soc_jtag_uart_alt_jtag_atlantic|jupdate                                                                                                                                                                        ; Soc:inst1|Soc_jtag_uart:jtag_uart|alt_jtag_atlantic:Soc_jtag_uart_alt_jtag_atlantic|jupdate                                                                                                                                                                        ; altera_reserved_tck ; altera_reserved_tck ; 0.000        ; 0.075      ; 0.669      ;
; 0.409 ; sld_hub:auto_hub|sld_jtag_hub:\jtag_hub_gen:sld_jtag_hub_inst|sld_shadow_jsm:shadow_jsm|tms_cnt[0]                                                                                                                                                                 ; sld_hub:auto_hub|sld_jtag_hub:\jtag_hub_gen:sld_jtag_hub_inst|sld_shadow_jsm:shadow_jsm|tms_cnt[0]                                                                                                                                                                 ; altera_reserved_tck ; altera_reserved_tck ; 0.000        ; 0.079      ; 0.674      ;
; 0.410 ; Soc:inst1|Soc_jtag_uart:jtag_uart|alt_jtag_atlantic:Soc_jtag_uart_alt_jtag_atlantic|write                                                                                                                                                                          ; Soc:inst1|Soc_jtag_uart:jtag_uart|alt_jtag_atlantic:Soc_jtag_uart_alt_jtag_atlantic|write                                                                                                                                                                          ; altera_reserved_tck ; altera_reserved_tck ; 0.000        ; 0.078      ; 0.674      ;
; 0.410 ; Soc:inst1|Soc_jtag_uart:jtag_uart|alt_jtag_atlantic:Soc_jtag_uart_alt_jtag_atlantic|read                                                                                                                                                                           ; Soc:inst1|Soc_jtag_uart:jtag_uart|alt_jtag_atlantic:Soc_jtag_uart_alt_jtag_atlantic|read                                                                                                                                                                           ; altera_reserved_tck ; altera_reserved_tck ; 0.000        ; 0.078      ; 0.674      ;
; 0.422 ; sld_hub:auto_hub|sld_jtag_hub:\jtag_hub_gen:sld_jtag_hub_inst|sld_shadow_jsm:shadow_jsm|tms_cnt[1]                                                                                                                                                                 ; sld_hub:auto_hub|sld_jtag_hub:\jtag_hub_gen:sld_jtag_hub_inst|sld_shadow_jsm:shadow_jsm|tms_cnt[2]                                                                                                                                                                 ; altera_reserved_tck ; altera_reserved_tck ; 0.000        ; 0.079      ; 0.687      ;
; 0.430 ; sld_hub:auto_hub|sld_jtag_hub:\jtag_hub_gen:sld_jtag_hub_inst|identity_contrib_shift_reg[0]                                                                                                                                                                        ; sld_hub:auto_hub|sld_jtag_hub:\jtag_hub_gen:sld_jtag_hub_inst|identity_contrib_update_reg[0]                                                                                                                                                                       ; altera_reserved_tck ; altera_reserved_tck ; 0.000        ; 0.079      ; 0.695      ;
; 0.430 ; sld_hub:auto_hub|sld_jtag_hub:\jtag_hub_gen:sld_jtag_hub_inst|hub_minor_ver_reg[2]                                                                                                                                                                                 ; sld_hub:auto_hub|sld_jtag_hub:\jtag_hub_gen:sld_jtag_hub_inst|hub_minor_ver_reg[1]                                                                                                                                                                                 ; altera_reserved_tck ; altera_reserved_tck ; 0.000        ; 0.079      ; 0.695      ;
; 0.430 ; sld_hub:auto_hub|sld_jtag_hub:\jtag_hub_gen:sld_jtag_hub_inst|jtag_ir_reg[3]                                                                                                                                                                                       ; sld_hub:auto_hub|sld_jtag_hub:\jtag_hub_gen:sld_jtag_hub_inst|jtag_ir_reg[2]                                                                                                                                                                                       ; altera_reserved_tck ; altera_reserved_tck ; 0.000        ; 0.079      ; 0.695      ;
; 0.430 ; sld_hub:auto_hub|sld_jtag_hub:\jtag_hub_gen:sld_jtag_hub_inst|sld_shadow_jsm:shadow_jsm|tms_cnt[0]                                                                                                                                                                 ; sld_hub:auto_hub|sld_jtag_hub:\jtag_hub_gen:sld_jtag_hub_inst|sld_shadow_jsm:shadow_jsm|tms_cnt[1]                                                                                                                                                                 ; altera_reserved_tck ; altera_reserved_tck ; 0.000        ; 0.079      ; 0.695      ;
; 0.431 ; sld_hub:auto_hub|sld_jtag_hub:\jtag_hub_gen:sld_jtag_hub_inst|irf_reg[2][1]                                                                                                                                                                                        ; sld_hub:auto_hub|sld_jtag_hub:\jtag_hub_gen:sld_jtag_hub_inst|shadow_irf_reg[2][1]                                                                                                                                                                                 ; altera_reserved_tck ; altera_reserved_tck ; 0.000        ; 0.079      ; 0.696      ;
; 0.431 ; sld_hub:auto_hub|sld_jtag_hub:\jtag_hub_gen:sld_jtag_hub_inst|shadow_irf_reg[1][0]                                                                                                                                                                                 ; sld_hub:auto_hub|sld_jtag_hub:\jtag_hub_gen:sld_jtag_hub_inst|irf_reg[1][0]                                                                                                                                                                                        ; altera_reserved_tck ; altera_reserved_tck ; 0.000        ; 0.079      ; 0.696      ;
; 0.431 ; sld_hub:auto_hub|sld_jtag_hub:\jtag_hub_gen:sld_jtag_hub_inst|shadow_irf_reg[1][1]                                                                                                                                                                                 ; sld_hub:auto_hub|sld_jtag_hub:\jtag_hub_gen:sld_jtag_hub_inst|irf_reg[1][1]                                                                                                                                                                                        ; altera_reserved_tck ; altera_reserved_tck ; 0.000        ; 0.079      ; 0.696      ;
; 0.431 ; Soc:inst1|Soc_jtag_uart:jtag_uart|alt_jtag_atlantic:Soc_jtag_uart_alt_jtag_atlantic|count[5]                                                                                                                                                                       ; Soc:inst1|Soc_jtag_uart:jtag_uart|alt_jtag_atlantic:Soc_jtag_uart_alt_jtag_atlantic|count[6]                                                                                                                                                                       ; altera_reserved_tck ; altera_reserved_tck ; 0.000        ; 0.079      ; 0.696      ;
; 0.431 ; Soc:inst1|Soc_jtag_uart:jtag_uart|alt_jtag_atlantic:Soc_jtag_uart_alt_jtag_atlantic|count[4]                                                                                                                                                                       ; Soc:inst1|Soc_jtag_uart:jtag_uart|alt_jtag_atlantic:Soc_jtag_uart_alt_jtag_atlantic|count[5]                                                                                                                                                                       ; altera_reserved_tck ; altera_reserved_tck ; 0.000        ; 0.079      ; 0.696      ;
; 0.431 ; Soc:inst1|Soc_jtag_uart:jtag_uart|alt_jtag_atlantic:Soc_jtag_uart_alt_jtag_atlantic|count[3]                                                                                                                                                                       ; Soc:inst1|Soc_jtag_uart:jtag_uart|alt_jtag_atlantic:Soc_jtag_uart_alt_jtag_atlantic|count[4]                                                                                                                                                                       ; altera_reserved_tck ; altera_reserved_tck ; 0.000        ; 0.079      ; 0.696      ;
; 0.432 ; sld_hub:auto_hub|sld_jtag_hub:\jtag_hub_gen:sld_jtag_hub_inst|irf_reg[2][2]                                                                                                                                                                                        ; sld_hub:auto_hub|sld_jtag_hub:\jtag_hub_gen:sld_jtag_hub_inst|shadow_irf_reg[2][2]                                                                                                                                                                                 ; altera_reserved_tck ; altera_reserved_tck ; 0.000        ; 0.079      ; 0.697      ;
; 0.432 ; sld_hub:auto_hub|sld_jtag_hub:\jtag_hub_gen:sld_jtag_hub_inst|sld_rom_sr:hub_info_reg|WORD_SR[3]                                                                                                                                                                   ; sld_hub:auto_hub|sld_jtag_hub:\jtag_hub_gen:sld_jtag_hub_inst|sld_rom_sr:hub_info_reg|WORD_SR[2]                                                                                                                                                                   ; altera_reserved_tck ; altera_reserved_tck ; 0.000        ; 0.079      ; 0.697      ;
; 0.432 ; sld_hub:auto_hub|sld_jtag_hub:\jtag_hub_gen:sld_jtag_hub_inst|shadow_irf_reg[2][0]                                                                                                                                                                                 ; sld_hub:auto_hub|sld_jtag_hub:\jtag_hub_gen:sld_jtag_hub_inst|irf_reg[2][0]                                                                                                                                                                                        ; altera_reserved_tck ; altera_reserved_tck ; 0.000        ; 0.079      ; 0.697      ;
; 0.432 ; sld_hub:auto_hub|sld_jtag_hub:\jtag_hub_gen:sld_jtag_hub_inst|hub_minor_ver_reg[1]                                                                                                                                                                                 ; sld_hub:auto_hub|sld_jtag_hub:\jtag_hub_gen:sld_jtag_hub_inst|hub_minor_ver_reg[0]                                                                                                                                                                                 ; altera_reserved_tck ; altera_reserved_tck ; 0.000        ; 0.079      ; 0.697      ;
; 0.432 ; sld_hub:auto_hub|sld_jtag_hub:\jtag_hub_gen:sld_jtag_hub_inst|hub_minor_ver_reg[3]                                                                                                                                                                                 ; sld_hub:auto_hub|sld_jtag_hub:\jtag_hub_gen:sld_jtag_hub_inst|hub_minor_ver_reg[2]                                                                                                                                                                                 ; altera_reserved_tck ; altera_reserved_tck ; 0.000        ; 0.079      ; 0.697      ;
; 0.432 ; Soc:inst1|Soc_cpu:cpu|Soc_cpu_nios2_oci:the_Soc_cpu_nios2_oci|Soc_cpu_jtag_debug_module_wrapper:the_Soc_cpu_jtag_debug_module_wrapper|Soc_cpu_jtag_debug_module_tck:the_Soc_cpu_jtag_debug_module_tck|altera_std_synchronizer:the_altera_std_synchronizer2|din_s1  ; Soc:inst1|Soc_cpu:cpu|Soc_cpu_nios2_oci:the_Soc_cpu_nios2_oci|Soc_cpu_jtag_debug_module_wrapper:the_Soc_cpu_jtag_debug_module_wrapper|Soc_cpu_jtag_debug_module_tck:the_Soc_cpu_jtag_debug_module_tck|altera_std_synchronizer:the_altera_std_synchronizer2|dreg[0] ; altera_reserved_tck ; altera_reserved_tck ; 0.000        ; 0.079      ; 0.697      ;
; 0.432 ; sld_hub:auto_hub|sld_jtag_hub:\jtag_hub_gen:sld_jtag_hub_inst|sld_shadow_jsm:shadow_jsm|state[6]                                                                                                                                                                   ; sld_hub:auto_hub|sld_jtag_hub:\jtag_hub_gen:sld_jtag_hub_inst|sld_shadow_jsm:shadow_jsm|state[7]                                                                                                                                                                   ; altera_reserved_tck ; altera_reserved_tck ; 0.000        ; 0.078      ; 0.696      ;
; 0.434 ; Soc:inst1|Soc_cpu:cpu|Soc_cpu_nios2_oci:the_Soc_cpu_nios2_oci|Soc_cpu_jtag_debug_module_wrapper:the_Soc_cpu_jtag_debug_module_wrapper|Soc_cpu_jtag_debug_module_tck:the_Soc_cpu_jtag_debug_module_tck|altera_std_synchronizer:the_altera_std_synchronizer1|din_s1  ; Soc:inst1|Soc_cpu:cpu|Soc_cpu_nios2_oci:the_Soc_cpu_nios2_oci|Soc_cpu_jtag_debug_module_wrapper:the_Soc_cpu_jtag_debug_module_wrapper|Soc_cpu_jtag_debug_module_tck:the_Soc_cpu_jtag_debug_module_tck|altera_std_synchronizer:the_altera_std_synchronizer1|dreg[0] ; altera_reserved_tck ; altera_reserved_tck ; 0.000        ; 0.079      ; 0.699      ;
; 0.434 ; sld_hub:auto_hub|sld_jtag_hub:\jtag_hub_gen:sld_jtag_hub_inst|jtag_ir_reg[1]                                                                                                                                                                                       ; sld_hub:auto_hub|sld_jtag_hub:\jtag_hub_gen:sld_jtag_hub_inst|jtag_ir_reg[0]                                                                                                                                                                                       ; altera_reserved_tck ; altera_reserved_tck ; 0.000        ; 0.079      ; 0.699      ;
; 0.437 ; sld_hub:auto_hub|sld_jtag_hub:\jtag_hub_gen:sld_jtag_hub_inst|sld_shadow_jsm:shadow_jsm|state[12]                                                                                                                                                                  ; sld_hub:auto_hub|sld_jtag_hub:\jtag_hub_gen:sld_jtag_hub_inst|sld_shadow_jsm:shadow_jsm|state[13]                                                                                                                                                                  ; altera_reserved_tck ; altera_reserved_tck ; 0.000        ; 0.078      ; 0.701      ;
; 0.438 ; sld_hub:auto_hub|sld_jtag_hub:\jtag_hub_gen:sld_jtag_hub_inst|jtag_ir_reg[2]                                                                                                                                                                                       ; sld_hub:auto_hub|sld_jtag_hub:\jtag_hub_gen:sld_jtag_hub_inst|jtag_ir_reg[1]                                                                                                                                                                                       ; altera_reserved_tck ; altera_reserved_tck ; 0.000        ; 0.079      ; 0.703      ;
; 0.438 ; sld_hub:auto_hub|sld_jtag_hub:\jtag_hub_gen:sld_jtag_hub_inst|sld_shadow_jsm:shadow_jsm|state[2]                                                                                                                                                                   ; sld_hub:auto_hub|sld_jtag_hub:\jtag_hub_gen:sld_jtag_hub_inst|sld_shadow_jsm:shadow_jsm|state[3]                                                                                                                                                                   ; altera_reserved_tck ; altera_reserved_tck ; 0.000        ; 0.078      ; 0.702      ;
; 0.439 ; sld_hub:auto_hub|sld_jtag_hub:\jtag_hub_gen:sld_jtag_hub_inst|sld_shadow_jsm:shadow_jsm|state[12]                                                                                                                                                                  ; sld_hub:auto_hub|sld_jtag_hub:\jtag_hub_gen:sld_jtag_hub_inst|sld_shadow_jsm:shadow_jsm|state[15]                                                                                                                                                                  ; altera_reserved_tck ; altera_reserved_tck ; 0.000        ; 0.078      ; 0.703      ;
; 0.439 ; sld_hub:auto_hub|sld_jtag_hub:\jtag_hub_gen:sld_jtag_hub_inst|jtag_ir_reg[4]                                                                                                                                                                                       ; sld_hub:auto_hub|sld_jtag_hub:\jtag_hub_gen:sld_jtag_hub_inst|jtag_ir_reg[3]                                                                                                                                                                                       ; altera_reserved_tck ; altera_reserved_tck ; 0.000        ; 0.079      ; 0.704      ;
; 0.439 ; sld_hub:auto_hub|sld_jtag_hub:\jtag_hub_gen:sld_jtag_hub_inst|jtag_ir_reg[7]                                                                                                                                                                                       ; sld_hub:auto_hub|sld_jtag_hub:\jtag_hub_gen:sld_jtag_hub_inst|jtag_ir_reg[6]                                                                                                                                                                                       ; altera_reserved_tck ; altera_reserved_tck ; 0.000        ; 0.079      ; 0.704      ;
; 0.439 ; sld_hub:auto_hub|sld_jtag_hub:\jtag_hub_gen:sld_jtag_hub_inst|sld_shadow_jsm:shadow_jsm|state[2]                                                                                                                                                                   ; sld_hub:auto_hub|sld_jtag_hub:\jtag_hub_gen:sld_jtag_hub_inst|sld_shadow_jsm:shadow_jsm|state[9]                                                                                                                                                                   ; altera_reserved_tck ; altera_reserved_tck ; 0.000        ; 0.078      ; 0.703      ;
; 0.439 ; Soc:inst1|Soc_cpu:cpu|Soc_cpu_nios2_oci:the_Soc_cpu_nios2_oci|Soc_cpu_jtag_debug_module_wrapper:the_Soc_cpu_jtag_debug_module_wrapper|Soc_cpu_jtag_debug_module_tck:the_Soc_cpu_jtag_debug_module_tck|sr[33]                                                       ; Soc:inst1|Soc_cpu:cpu|Soc_cpu_nios2_oci:the_Soc_cpu_nios2_oci|Soc_cpu_jtag_debug_module_wrapper:the_Soc_cpu_jtag_debug_module_wrapper|Soc_cpu_jtag_debug_module_tck:the_Soc_cpu_jtag_debug_module_tck|sr[32]                                                       ; altera_reserved_tck ; altera_reserved_tck ; 0.000        ; 0.078      ; 0.703      ;
; 0.440 ; sld_hub:auto_hub|sld_jtag_hub:\jtag_hub_gen:sld_jtag_hub_inst|identity_contrib_shift_reg[2]                                                                                                                                                                        ; sld_hub:auto_hub|sld_jtag_hub:\jtag_hub_gen:sld_jtag_hub_inst|identity_contrib_update_reg[2]                                                                                                                                                                       ; altera_reserved_tck ; altera_reserved_tck ; 0.000        ; 0.079      ; 0.705      ;
; 0.440 ; sld_hub:auto_hub|sld_jtag_hub:\jtag_hub_gen:sld_jtag_hub_inst|sld_shadow_jsm:shadow_jsm|state[10]                                                                                                                                                                  ; sld_hub:auto_hub|sld_jtag_hub:\jtag_hub_gen:sld_jtag_hub_inst|sld_shadow_jsm:shadow_jsm|state[11]                                                                                                                                                                  ; altera_reserved_tck ; altera_reserved_tck ; 0.000        ; 0.078      ; 0.704      ;
; 0.441 ; sld_hub:auto_hub|sld_jtag_hub:\jtag_hub_gen:sld_jtag_hub_inst|sld_shadow_jsm:shadow_jsm|state[10]                                                                                                                                                                  ; sld_hub:auto_hub|sld_jtag_hub:\jtag_hub_gen:sld_jtag_hub_inst|sld_shadow_jsm:shadow_jsm|state[12]                                                                                                                                                                  ; altera_reserved_tck ; altera_reserved_tck ; 0.000        ; 0.078      ; 0.705      ;
; 0.441 ; sld_hub:auto_hub|sld_jtag_hub:\jtag_hub_gen:sld_jtag_hub_inst|identity_contrib_shift_reg[2]                                                                                                                                                                        ; sld_hub:auto_hub|sld_jtag_hub:\jtag_hub_gen:sld_jtag_hub_inst|identity_contrib_shift_reg[1]                                                                                                                                                                        ; altera_reserved_tck ; altera_reserved_tck ; 0.000        ; 0.079      ; 0.706      ;
; 0.443 ; Soc:inst1|Soc_cpu:cpu|Soc_cpu_nios2_oci:the_Soc_cpu_nios2_oci|Soc_cpu_jtag_debug_module_wrapper:the_Soc_cpu_jtag_debug_module_wrapper|Soc_cpu_jtag_debug_module_tck:the_Soc_cpu_jtag_debug_module_tck|sr[4]                                                        ; Soc:inst1|Soc_cpu:cpu|Soc_cpu_nios2_oci:the_Soc_cpu_nios2_oci|Soc_cpu_jtag_debug_module_wrapper:the_Soc_cpu_jtag_debug_module_wrapper|Soc_cpu_jtag_debug_module_tck:the_Soc_cpu_jtag_debug_module_tck|sr[3]                                                        ; altera_reserved_tck ; altera_reserved_tck ; 0.000        ; 0.078      ; 0.707      ;
; 0.445 ; sld_hub:auto_hub|sld_jtag_hub:\jtag_hub_gen:sld_jtag_hub_inst|sld_shadow_jsm:shadow_jsm|state[0]                                                                                                                                                                   ; sld_hub:auto_hub|sld_jtag_hub:\jtag_hub_gen:sld_jtag_hub_inst|sld_shadow_jsm:shadow_jsm|state[1]                                                                                                                                                                   ; altera_reserved_tck ; altera_reserved_tck ; 0.000        ; 0.078      ; 0.709      ;
; 0.453 ; Soc:inst1|Soc_cpu:cpu|Soc_cpu_nios2_oci:the_Soc_cpu_nios2_oci|Soc_cpu_jtag_debug_module_wrapper:the_Soc_cpu_jtag_debug_module_wrapper|Soc_cpu_jtag_debug_module_tck:the_Soc_cpu_jtag_debug_module_tck|sr[37]                                                       ; Soc:inst1|Soc_cpu:cpu|Soc_cpu_nios2_oci:the_Soc_cpu_nios2_oci|Soc_cpu_jtag_debug_module_wrapper:the_Soc_cpu_jtag_debug_module_wrapper|Soc_cpu_jtag_debug_module_tck:the_Soc_cpu_jtag_debug_module_tck|sr[36]                                                       ; altera_reserved_tck ; altera_reserved_tck ; 0.000        ; 0.079      ; 0.718      ;
; 0.453 ; sld_hub:auto_hub|sld_jtag_hub:\jtag_hub_gen:sld_jtag_hub_inst|sld_shadow_jsm:shadow_jsm|state[1]                                                                                                                                                                   ; sld_hub:auto_hub|sld_jtag_hub:\jtag_hub_gen:sld_jtag_hub_inst|sld_shadow_jsm:shadow_jsm|state[2]                                                                                                                                                                   ; altera_reserved_tck ; altera_reserved_tck ; 0.000        ; 0.078      ; 0.717      ;
; 0.453 ; Soc:inst1|Soc_jtag_uart:jtag_uart|alt_jtag_atlantic:Soc_jtag_uart_alt_jtag_atlantic|count[0]                                                                                                                                                                       ; Soc:inst1|Soc_jtag_uart:jtag_uart|alt_jtag_atlantic:Soc_jtag_uart_alt_jtag_atlantic|count[1]                                                                                                                                                                       ; altera_reserved_tck ; altera_reserved_tck ; 0.000        ; 0.079      ; 0.718      ;
; 0.454 ; Soc:inst1|Soc_jtag_uart:jtag_uart|alt_jtag_atlantic:Soc_jtag_uart_alt_jtag_atlantic|count[1]                                                                                                                                                                       ; Soc:inst1|Soc_jtag_uart:jtag_uart|alt_jtag_atlantic:Soc_jtag_uart_alt_jtag_atlantic|count[2]                                                                                                                                                                       ; altera_reserved_tck ; altera_reserved_tck ; 0.000        ; 0.079      ; 0.719      ;
; 0.457 ; sld_hub:auto_hub|sld_jtag_hub:\jtag_hub_gen:sld_jtag_hub_inst|sld_rom_sr:hub_info_reg|word_counter[4]                                                                                                                                                              ; sld_hub:auto_hub|sld_jtag_hub:\jtag_hub_gen:sld_jtag_hub_inst|sld_rom_sr:hub_info_reg|word_counter[4]                                                                                                                                                              ; altera_reserved_tck ; altera_reserved_tck ; 0.000        ; 0.079      ; 0.722      ;
; 0.458 ; Soc:inst1|Soc_jtag_uart:jtag_uart|alt_jtag_atlantic:Soc_jtag_uart_alt_jtag_atlantic|count[9]                                                                                                                                                                       ; Soc:inst1|Soc_jtag_uart:jtag_uart|alt_jtag_atlantic:Soc_jtag_uart_alt_jtag_atlantic|count[0]                                                                                                                                                                       ; altera_reserved_tck ; altera_reserved_tck ; 0.000        ; 0.079      ; 0.723      ;
; 0.460 ; sld_hub:auto_hub|sld_jtag_hub:\jtag_hub_gen:sld_jtag_hub_inst|sld_shadow_jsm:shadow_jsm|state[5]                                                                                                                                                                   ; sld_hub:auto_hub|sld_jtag_hub:\jtag_hub_gen:sld_jtag_hub_inst|sld_shadow_jsm:shadow_jsm|state[8]                                                                                                                                                                   ; altera_reserved_tck ; altera_reserved_tck ; 0.000        ; 0.078      ; 0.724      ;
; 0.460 ; sld_hub:auto_hub|sld_jtag_hub:\jtag_hub_gen:sld_jtag_hub_inst|sld_shadow_jsm:shadow_jsm|state[7]                                                                                                                                                                   ; sld_hub:auto_hub|sld_jtag_hub:\jtag_hub_gen:sld_jtag_hub_inst|sld_shadow_jsm:shadow_jsm|state[4]                                                                                                                                                                   ; altera_reserved_tck ; altera_reserved_tck ; 0.000        ; 0.078      ; 0.724      ;
; 0.461 ; sld_hub:auto_hub|sld_jtag_hub:\jtag_hub_gen:sld_jtag_hub_inst|sld_shadow_jsm:shadow_jsm|state[5]                                                                                                                                                                   ; sld_hub:auto_hub|sld_jtag_hub:\jtag_hub_gen:sld_jtag_hub_inst|sld_shadow_jsm:shadow_jsm|state[6]                                                                                                                                                                   ; altera_reserved_tck ; altera_reserved_tck ; 0.000        ; 0.078      ; 0.725      ;
; 0.473 ; sld_hub:auto_hub|sld_jtag_hub:\jtag_hub_gen:sld_jtag_hub_inst|irsr_reg[6]                                                                                                                                                                                          ; sld_hub:auto_hub|sld_jtag_hub:\jtag_hub_gen:sld_jtag_hub_inst|node_ena[2]~reg0                                                                                                                                                                                     ; altera_reserved_tck ; altera_reserved_tck ; 0.000        ; 0.079      ; 0.738      ;
; 0.481 ; sld_hub:auto_hub|sld_jtag_hub:\jtag_hub_gen:sld_jtag_hub_inst|irsr_reg[6]                                                                                                                                                                                          ; sld_hub:auto_hub|sld_jtag_hub:\jtag_hub_gen:sld_jtag_hub_inst|node_ena[1]~reg0                                                                                                                                                                                     ; altera_reserved_tck ; altera_reserved_tck ; 0.000        ; 0.079      ; 0.746      ;
; 0.555 ; sld_hub:auto_hub|sld_jtag_hub:\jtag_hub_gen:sld_jtag_hub_inst|irf_reg[2][3]                                                                                                                                                                                        ; sld_hub:auto_hub|sld_jtag_hub:\jtag_hub_gen:sld_jtag_hub_inst|shadow_irf_reg[2][3]                                                                                                                                                                                 ; altera_reserved_tck ; altera_reserved_tck ; 0.000        ; 0.079      ; 0.820      ;
; 0.556 ; sld_hub:auto_hub|sld_jtag_hub:\jtag_hub_gen:sld_jtag_hub_inst|irf_reg[1][3]                                                                                                                                                                                        ; sld_hub:auto_hub|sld_jtag_hub:\jtag_hub_gen:sld_jtag_hub_inst|shadow_irf_reg[1][3]                                                                                                                                                                                 ; altera_reserved_tck ; altera_reserved_tck ; 0.000        ; 0.079      ; 0.821      ;
; 0.557 ; sld_hub:auto_hub|sld_jtag_hub:\jtag_hub_gen:sld_jtag_hub_inst|jtag_ir_reg[0]                                                                                                                                                                                       ; sld_hub:auto_hub|sld_jtag_hub:\jtag_hub_gen:sld_jtag_hub_inst|virtual_ir_scan_reg                                                                                                                                                                                  ; altera_reserved_tck ; altera_reserved_tck ; 0.000        ; 0.079      ; 0.822      ;
; 0.557 ; sld_hub:auto_hub|sld_jtag_hub:\jtag_hub_gen:sld_jtag_hub_inst|jtag_ir_reg[0]                                                                                                                                                                                       ; sld_hub:auto_hub|sld_jtag_hub:\jtag_hub_gen:sld_jtag_hub_inst|virtual_dr_scan_reg                                                                                                                                                                                  ; altera_reserved_tck ; altera_reserved_tck ; 0.000        ; 0.079      ; 0.822      ;
; 0.561 ; Soc:inst1|Soc_cpu:cpu|Soc_cpu_nios2_oci:the_Soc_cpu_nios2_oci|Soc_cpu_jtag_debug_module_wrapper:the_Soc_cpu_jtag_debug_module_wrapper|Soc_cpu_jtag_debug_module_tck:the_Soc_cpu_jtag_debug_module_tck|sr[6]                                                        ; Soc:inst1|Soc_cpu:cpu|Soc_cpu_nios2_oci:the_Soc_cpu_nios2_oci|Soc_cpu_jtag_debug_module_wrapper:the_Soc_cpu_jtag_debug_module_wrapper|Soc_cpu_jtag_debug_module_tck:the_Soc_cpu_jtag_debug_module_tck|sr[5]                                                        ; altera_reserved_tck ; altera_reserved_tck ; 0.000        ; 0.078      ; 0.825      ;
; 0.566 ; Soc:inst1|Soc_cpu:cpu|Soc_cpu_nios2_oci:the_Soc_cpu_nios2_oci|Soc_cpu_jtag_debug_module_wrapper:the_Soc_cpu_jtag_debug_module_wrapper|Soc_cpu_jtag_debug_module_tck:the_Soc_cpu_jtag_debug_module_tck|sr[34]                                                       ; Soc:inst1|Soc_cpu:cpu|Soc_cpu_nios2_oci:the_Soc_cpu_nios2_oci|Soc_cpu_jtag_debug_module_wrapper:the_Soc_cpu_jtag_debug_module_wrapper|Soc_cpu_jtag_debug_module_tck:the_Soc_cpu_jtag_debug_module_tck|sr[33]                                                       ; altera_reserved_tck ; altera_reserved_tck ; 0.000        ; 0.078      ; 0.830      ;
; 0.576 ; Soc:inst1|Soc_jtag_uart:jtag_uart|alt_jtag_atlantic:Soc_jtag_uart_alt_jtag_atlantic|td_shift[9]                                                                                                                                                                    ; Soc:inst1|Soc_jtag_uart:jtag_uart|alt_jtag_atlantic:Soc_jtag_uart_alt_jtag_atlantic|td_shift[8]                                                                                                                                                                    ; altera_reserved_tck ; altera_reserved_tck ; 0.000        ; 0.079      ; 0.841      ;
; 0.578 ; Soc:inst1|Soc_cpu:cpu|Soc_cpu_nios2_oci:the_Soc_cpu_nios2_oci|Soc_cpu_jtag_debug_module_wrapper:the_Soc_cpu_jtag_debug_module_wrapper|Soc_cpu_jtag_debug_module_tck:the_Soc_cpu_jtag_debug_module_tck|sr[21]                                                       ; Soc:inst1|Soc_cpu:cpu|Soc_cpu_nios2_oci:the_Soc_cpu_nios2_oci|Soc_cpu_jtag_debug_module_wrapper:the_Soc_cpu_jtag_debug_module_wrapper|Soc_cpu_jtag_debug_module_tck:the_Soc_cpu_jtag_debug_module_tck|sr[20]                                                       ; altera_reserved_tck ; altera_reserved_tck ; 0.000        ; 0.078      ; 0.842      ;
; 0.578 ; Soc:inst1|Soc_cpu:cpu|Soc_cpu_nios2_oci:the_Soc_cpu_nios2_oci|Soc_cpu_jtag_debug_module_wrapper:the_Soc_cpu_jtag_debug_module_wrapper|Soc_cpu_jtag_debug_module_tck:the_Soc_cpu_jtag_debug_module_tck|sr[17]                                                       ; Soc:inst1|Soc_cpu:cpu|Soc_cpu_nios2_oci:the_Soc_cpu_nios2_oci|Soc_cpu_jtag_debug_module_wrapper:the_Soc_cpu_jtag_debug_module_wrapper|Soc_cpu_jtag_debug_module_tck:the_Soc_cpu_jtag_debug_module_tck|sr[16]                                                       ; altera_reserved_tck ; altera_reserved_tck ; 0.000        ; 0.078      ; 0.842      ;
; 0.579 ; Soc:inst1|Soc_cpu:cpu|Soc_cpu_nios2_oci:the_Soc_cpu_nios2_oci|Soc_cpu_jtag_debug_module_wrapper:the_Soc_cpu_jtag_debug_module_wrapper|Soc_cpu_jtag_debug_module_tck:the_Soc_cpu_jtag_debug_module_tck|sr[18]                                                       ; Soc:inst1|Soc_cpu:cpu|Soc_cpu_nios2_oci:the_Soc_cpu_nios2_oci|Soc_cpu_jtag_debug_module_wrapper:the_Soc_cpu_jtag_debug_module_wrapper|Soc_cpu_jtag_debug_module_tck:the_Soc_cpu_jtag_debug_module_tck|sr[17]                                                       ; altera_reserved_tck ; altera_reserved_tck ; 0.000        ; 0.078      ; 0.843      ;
; 0.592 ; sld_hub:auto_hub|sld_jtag_hub:\jtag_hub_gen:sld_jtag_hub_inst|jtag_ir_reg[5]                                                                                                                                                                                       ; sld_hub:auto_hub|sld_jtag_hub:\jtag_hub_gen:sld_jtag_hub_inst|jtag_ir_reg[4]                                                                                                                                                                                       ; altera_reserved_tck ; altera_reserved_tck ; 0.000        ; 0.079      ; 0.857      ;
; 0.601 ; sld_hub:auto_hub|sld_jtag_hub:\jtag_hub_gen:sld_jtag_hub_inst|design_hash_reg[1]                                                                                                                                                                                   ; sld_hub:auto_hub|sld_jtag_hub:\jtag_hub_gen:sld_jtag_hub_inst|design_hash_reg[0]                                                                                                                                                                                   ; altera_reserved_tck ; altera_reserved_tck ; 0.000        ; 0.079      ; 0.866      ;
; 0.601 ; sld_hub:auto_hub|sld_jtag_hub:\jtag_hub_gen:sld_jtag_hub_inst|design_hash_reg[3]                                                                                                                                                                                   ; sld_hub:auto_hub|sld_jtag_hub:\jtag_hub_gen:sld_jtag_hub_inst|design_hash_reg[2]                                                                                                                                                                                   ; altera_reserved_tck ; altera_reserved_tck ; 0.000        ; 0.079      ; 0.866      ;
; 0.602 ; Soc:inst1|Soc_cpu:cpu|Soc_cpu_nios2_oci:the_Soc_cpu_nios2_oci|Soc_cpu_jtag_debug_module_wrapper:the_Soc_cpu_jtag_debug_module_wrapper|Soc_cpu_jtag_debug_module_tck:the_Soc_cpu_jtag_debug_module_tck|altera_std_synchronizer:the_altera_std_synchronizer1|dreg[0] ; Soc:inst1|Soc_cpu:cpu|Soc_cpu_nios2_oci:the_Soc_cpu_nios2_oci|Soc_cpu_jtag_debug_module_wrapper:the_Soc_cpu_jtag_debug_module_wrapper|Soc_cpu_jtag_debug_module_tck:the_Soc_cpu_jtag_debug_module_tck|ir_out[1]                                                    ; altera_reserved_tck ; altera_reserved_tck ; 0.000        ; 0.079      ; 0.867      ;
; 0.603 ; sld_hub:auto_hub|sld_jtag_hub:\jtag_hub_gen:sld_jtag_hub_inst|design_hash_reg[2]                                                                                                                                                                                   ; sld_hub:auto_hub|sld_jtag_hub:\jtag_hub_gen:sld_jtag_hub_inst|design_hash_reg[1]                                                                                                                                                                                   ; altera_reserved_tck ; altera_reserved_tck ; 0.000        ; 0.079      ; 0.868      ;
; 0.603 ; Soc:inst1|Soc_cpu:cpu|Soc_cpu_nios2_oci:the_Soc_cpu_nios2_oci|Soc_cpu_jtag_debug_module_wrapper:the_Soc_cpu_jtag_debug_module_wrapper|Soc_cpu_jtag_debug_module_tck:the_Soc_cpu_jtag_debug_module_tck|altera_std_synchronizer:the_altera_std_synchronizer2|dreg[0] ; Soc:inst1|Soc_cpu:cpu|Soc_cpu_nios2_oci:the_Soc_cpu_nios2_oci|Soc_cpu_jtag_debug_module_wrapper:the_Soc_cpu_jtag_debug_module_wrapper|Soc_cpu_jtag_debug_module_tck:the_Soc_cpu_jtag_debug_module_tck|ir_out[0]                                                    ; altera_reserved_tck ; altera_reserved_tck ; 0.000        ; 0.079      ; 0.868      ;
; 0.605 ; Soc:inst1|Soc_cpu:cpu|Soc_cpu_nios2_oci:the_Soc_cpu_nios2_oci|Soc_cpu_jtag_debug_module_wrapper:the_Soc_cpu_jtag_debug_module_wrapper|Soc_cpu_jtag_debug_module_tck:the_Soc_cpu_jtag_debug_module_tck|sr[36]                                                       ; Soc:inst1|Soc_cpu:cpu|Soc_cpu_nios2_oci:the_Soc_cpu_nios2_oci|Soc_cpu_jtag_debug_module_wrapper:the_Soc_cpu_jtag_debug_module_wrapper|Soc_cpu_jtag_debug_module_tck:the_Soc_cpu_jtag_debug_module_tck|sr[35]                                                       ; altera_reserved_tck ; altera_reserved_tck ; 0.000        ; 0.078      ; 0.869      ;
; 0.608 ; sld_hub:auto_hub|sld_jtag_hub:\jtag_hub_gen:sld_jtag_hub_inst|jtag_ir_reg[6]                                                                                                                                                                                       ; sld_hub:auto_hub|sld_jtag_hub:\jtag_hub_gen:sld_jtag_hub_inst|jtag_ir_reg[5]                                                                                                                                                                                       ; altera_reserved_tck ; altera_reserved_tck ; 0.000        ; 0.079      ; 0.873      ;
; 0.609 ; sld_hub:auto_hub|sld_jtag_hub:\jtag_hub_gen:sld_jtag_hub_inst|jtag_ir_reg[8]                                                                                                                                                                                       ; sld_hub:auto_hub|sld_jtag_hub:\jtag_hub_gen:sld_jtag_hub_inst|jtag_ir_reg[7]                                                                                                                                                                                       ; altera_reserved_tck ; altera_reserved_tck ; 0.000        ; 0.079      ; 0.874      ;
; 0.610 ; sld_hub:auto_hub|sld_jtag_hub:\jtag_hub_gen:sld_jtag_hub_inst|identity_contrib_shift_reg[3]                                                                                                                                                                        ; sld_hub:auto_hub|sld_jtag_hub:\jtag_hub_gen:sld_jtag_hub_inst|identity_contrib_shift_reg[2]                                                                                                                                                                        ; altera_reserved_tck ; altera_reserved_tck ; 0.000        ; 0.079      ; 0.875      ;
; 0.610 ; sld_hub:auto_hub|sld_jtag_hub:\jtag_hub_gen:sld_jtag_hub_inst|identity_contrib_shift_reg[3]                                                                                                                                                                        ; sld_hub:auto_hub|sld_jtag_hub:\jtag_hub_gen:sld_jtag_hub_inst|identity_contrib_update_reg[3]                                                                                                                                                                       ; altera_reserved_tck ; altera_reserved_tck ; 0.000        ; 0.079      ; 0.875      ;
; 0.612 ; sld_hub:auto_hub|sld_jtag_hub:\jtag_hub_gen:sld_jtag_hub_inst|identity_contrib_shift_reg[1]                                                                                                                                                                        ; sld_hub:auto_hub|sld_jtag_hub:\jtag_hub_gen:sld_jtag_hub_inst|identity_contrib_update_reg[1]                                                                                                                                                                       ; altera_reserved_tck ; altera_reserved_tck ; 0.000        ; 0.079      ; 0.877      ;
; 0.613 ; sld_hub:auto_hub|sld_jtag_hub:\jtag_hub_gen:sld_jtag_hub_inst|identity_contrib_shift_reg[1]                                                                                                                                                                        ; sld_hub:auto_hub|sld_jtag_hub:\jtag_hub_gen:sld_jtag_hub_inst|identity_contrib_shift_reg[0]                                                                                                                                                                        ; altera_reserved_tck ; altera_reserved_tck ; 0.000        ; 0.079      ; 0.878      ;
; 0.621 ; Soc:inst1|Soc_jtag_uart:jtag_uart|alt_jtag_atlantic:Soc_jtag_uart_alt_jtag_atlantic|td_shift[5]                                                                                                                                                                    ; Soc:inst1|Soc_jtag_uart:jtag_uart|alt_jtag_atlantic:Soc_jtag_uart_alt_jtag_atlantic|wdata[1]                                                                                                                                                                       ; altera_reserved_tck ; altera_reserved_tck ; 0.000        ; 0.079      ; 0.886      ;
; 0.622 ; Soc:inst1|Soc_jtag_uart:jtag_uart|alt_jtag_atlantic:Soc_jtag_uart_alt_jtag_atlantic|td_shift[7]                                                                                                                                                                    ; Soc:inst1|Soc_jtag_uart:jtag_uart|alt_jtag_atlantic:Soc_jtag_uart_alt_jtag_atlantic|wdata[3]                                                                                                                                                                       ; altera_reserved_tck ; altera_reserved_tck ; 0.000        ; 0.079      ; 0.887      ;
; 0.640 ; sld_hub:auto_hub|sld_jtag_hub:\jtag_hub_gen:sld_jtag_hub_inst|shadow_irf_reg[2][4]                                                                                                                                                                                 ; sld_hub:auto_hub|sld_jtag_hub:\jtag_hub_gen:sld_jtag_hub_inst|irf_reg[2][4]                                                                                                                                                                                        ; altera_reserved_tck ; altera_reserved_tck ; 0.000        ; 0.079      ; 0.905      ;
; 0.640 ; sld_hub:auto_hub|sld_jtag_hub:\jtag_hub_gen:sld_jtag_hub_inst|shadow_irf_reg[2][1]                                                                                                                                                                                 ; sld_hub:auto_hub|sld_jtag_hub:\jtag_hub_gen:sld_jtag_hub_inst|irf_reg[2][1]                                                                                                                                                                                        ; altera_reserved_tck ; altera_reserved_tck ; 0.000        ; 0.079      ; 0.905      ;
; 0.640 ; sld_hub:auto_hub|sld_jtag_hub:\jtag_hub_gen:sld_jtag_hub_inst|shadow_irf_reg[1][2]                                                                                                                                                                                 ; sld_hub:auto_hub|sld_jtag_hub:\jtag_hub_gen:sld_jtag_hub_inst|irf_reg[1][2]                                                                                                                                                                                        ; altera_reserved_tck ; altera_reserved_tck ; 0.000        ; 0.079      ; 0.905      ;
; 0.640 ; sld_hub:auto_hub|sld_jtag_hub:\jtag_hub_gen:sld_jtag_hub_inst|sld_rom_sr:hub_info_reg|WORD_SR[2]                                                                                                                                                                   ; sld_hub:auto_hub|sld_jtag_hub:\jtag_hub_gen:sld_jtag_hub_inst|sld_rom_sr:hub_info_reg|WORD_SR[1]                                                                                                                                                                   ; altera_reserved_tck ; altera_reserved_tck ; 0.000        ; 0.079      ; 0.905      ;
; 0.640 ; Soc:inst1|Soc_jtag_uart:jtag_uart|alt_jtag_atlantic:Soc_jtag_uart_alt_jtag_atlantic|count[2]                                                                                                                                                                       ; Soc:inst1|Soc_jtag_uart:jtag_uart|alt_jtag_atlantic:Soc_jtag_uart_alt_jtag_atlantic|count[3]                                                                                                                                                                       ; altera_reserved_tck ; altera_reserved_tck ; 0.000        ; 0.079      ; 0.905      ;
; 0.641 ; sld_hub:auto_hub|sld_jtag_hub:\jtag_hub_gen:sld_jtag_hub_inst|irsr_reg[4]                                                                                                                                                                                          ; sld_hub:auto_hub|sld_jtag_hub:\jtag_hub_gen:sld_jtag_hub_inst|irsr_reg[3]                                                                                                                                                                                          ; altera_reserved_tck ; altera_reserved_tck ; 0.000        ; 0.079      ; 0.906      ;
; 0.643 ; sld_hub:auto_hub|sld_jtag_hub:\jtag_hub_gen:sld_jtag_hub_inst|irf_reg[2][4]                                                                                                                                                                                        ; sld_hub:auto_hub|sld_jtag_hub:\jtag_hub_gen:sld_jtag_hub_inst|shadow_irf_reg[2][4]                                                                                                                                                                                 ; altera_reserved_tck ; altera_reserved_tck ; 0.000        ; 0.079      ; 0.908      ;
+-------+--------------------------------------------------------------------------------------------------------------------------------------------------------------------------------------------------------------------------------------------------------------------+--------------------------------------------------------------------------------------------------------------------------------------------------------------------------------------------------------------------------------------------------------------------+---------------------+---------------------+--------------+------------+------------+


+------------------------------------------------------------------------------------------------------------------------------------------------------------------------------------------------------------------------------------------------------------------------------------------------------+
; Slow 1200mV 85C Model Recovery: 'altera_reserved_tck'                                                                                                                                                                                                                                                ;
+--------+--------------------------------------------------------------------------------------------------+-----------------------------------------------------------------------------------------------------+---------------------+---------------------+--------------+------------+------------+
; Slack  ; From Node                                                                                        ; To Node                                                                                             ; Launch Clock        ; Latch Clock         ; Relationship ; Clock Skew ; Data Delay ;
+--------+--------------------------------------------------------------------------------------------------+-----------------------------------------------------------------------------------------------------+---------------------+---------------------+--------------+------------+------------+
; 47.142 ; sld_hub:auto_hub|sld_jtag_hub:\jtag_hub_gen:sld_jtag_hub_inst|clr_reg                            ; Soc:inst1|Soc_jtag_uart:jtag_uart|alt_jtag_atlantic:Soc_jtag_uart_alt_jtag_atlantic|tdo~reg0        ; altera_reserved_tck ; altera_reserved_tck ; 50.000       ; 0.067      ; 2.943      ;
; 47.507 ; sld_hub:auto_hub|sld_jtag_hub:\jtag_hub_gen:sld_jtag_hub_inst|clr_reg                            ; Soc:inst1|Soc_jtag_uart:jtag_uart|alt_jtag_atlantic:Soc_jtag_uart_alt_jtag_atlantic|jupdate         ; altera_reserved_tck ; altera_reserved_tck ; 50.000       ; 0.084      ; 2.595      ;
; 47.945 ; sld_hub:auto_hub|sld_jtag_hub:\jtag_hub_gen:sld_jtag_hub_inst|sld_shadow_jsm:shadow_jsm|state[8] ; sld_hub:auto_hub|sld_jtag_hub:\jtag_hub_gen:sld_jtag_hub_inst|tdo                                   ; altera_reserved_tck ; altera_reserved_tck ; 50.000       ; 0.087      ; 2.160      ;
; 96.984 ; sld_hub:auto_hub|sld_jtag_hub:\jtag_hub_gen:sld_jtag_hub_inst|clr_reg                            ; Soc:inst1|Soc_jtag_uart:jtag_uart|alt_jtag_atlantic:Soc_jtag_uart_alt_jtag_atlantic|wdata[7]        ; altera_reserved_tck ; altera_reserved_tck ; 100.000      ; -0.091     ; 2.943      ;
; 96.984 ; sld_hub:auto_hub|sld_jtag_hub:\jtag_hub_gen:sld_jtag_hub_inst|clr_reg                            ; Soc:inst1|Soc_jtag_uart:jtag_uart|alt_jtag_atlantic:Soc_jtag_uart_alt_jtag_atlantic|wdata[6]        ; altera_reserved_tck ; altera_reserved_tck ; 100.000      ; -0.091     ; 2.943      ;
; 96.984 ; sld_hub:auto_hub|sld_jtag_hub:\jtag_hub_gen:sld_jtag_hub_inst|clr_reg                            ; Soc:inst1|Soc_jtag_uart:jtag_uart|alt_jtag_atlantic:Soc_jtag_uart_alt_jtag_atlantic|wdata[5]        ; altera_reserved_tck ; altera_reserved_tck ; 100.000      ; -0.091     ; 2.943      ;
; 96.984 ; sld_hub:auto_hub|sld_jtag_hub:\jtag_hub_gen:sld_jtag_hub_inst|clr_reg                            ; Soc:inst1|Soc_jtag_uart:jtag_uart|alt_jtag_atlantic:Soc_jtag_uart_alt_jtag_atlantic|write           ; altera_reserved_tck ; altera_reserved_tck ; 100.000      ; -0.091     ; 2.943      ;
; 96.984 ; sld_hub:auto_hub|sld_jtag_hub:\jtag_hub_gen:sld_jtag_hub_inst|clr_reg                            ; Soc:inst1|Soc_jtag_uart:jtag_uart|alt_jtag_atlantic:Soc_jtag_uart_alt_jtag_atlantic|wdata[4]        ; altera_reserved_tck ; altera_reserved_tck ; 100.000      ; -0.091     ; 2.943      ;
; 96.984 ; sld_hub:auto_hub|sld_jtag_hub:\jtag_hub_gen:sld_jtag_hub_inst|clr_reg                            ; Soc:inst1|Soc_jtag_uart:jtag_uart|alt_jtag_atlantic:Soc_jtag_uart_alt_jtag_atlantic|wdata[3]        ; altera_reserved_tck ; altera_reserved_tck ; 100.000      ; -0.091     ; 2.943      ;
; 96.984 ; sld_hub:auto_hub|sld_jtag_hub:\jtag_hub_gen:sld_jtag_hub_inst|clr_reg                            ; Soc:inst1|Soc_jtag_uart:jtag_uart|alt_jtag_atlantic:Soc_jtag_uart_alt_jtag_atlantic|wdata[2]        ; altera_reserved_tck ; altera_reserved_tck ; 100.000      ; -0.091     ; 2.943      ;
; 96.984 ; sld_hub:auto_hub|sld_jtag_hub:\jtag_hub_gen:sld_jtag_hub_inst|clr_reg                            ; Soc:inst1|Soc_jtag_uart:jtag_uart|alt_jtag_atlantic:Soc_jtag_uart_alt_jtag_atlantic|wdata[1]        ; altera_reserved_tck ; altera_reserved_tck ; 100.000      ; -0.091     ; 2.943      ;
; 96.998 ; sld_hub:auto_hub|sld_jtag_hub:\jtag_hub_gen:sld_jtag_hub_inst|clr_reg                            ; Soc:inst1|Soc_jtag_uart:jtag_uart|alt_jtag_atlantic:Soc_jtag_uart_alt_jtag_atlantic|td_shift[1]     ; altera_reserved_tck ; altera_reserved_tck ; 100.000      ; -0.092     ; 2.928      ;
; 96.998 ; sld_hub:auto_hub|sld_jtag_hub:\jtag_hub_gen:sld_jtag_hub_inst|clr_reg                            ; Soc:inst1|Soc_jtag_uart:jtag_uart|alt_jtag_atlantic:Soc_jtag_uart_alt_jtag_atlantic|td_shift[2]     ; altera_reserved_tck ; altera_reserved_tck ; 100.000      ; -0.092     ; 2.928      ;
; 96.998 ; sld_hub:auto_hub|sld_jtag_hub:\jtag_hub_gen:sld_jtag_hub_inst|clr_reg                            ; Soc:inst1|Soc_jtag_uart:jtag_uart|alt_jtag_atlantic:Soc_jtag_uart_alt_jtag_atlantic|td_shift[3]     ; altera_reserved_tck ; altera_reserved_tck ; 100.000      ; -0.092     ; 2.928      ;
; 96.998 ; sld_hub:auto_hub|sld_jtag_hub:\jtag_hub_gen:sld_jtag_hub_inst|clr_reg                            ; Soc:inst1|Soc_jtag_uart:jtag_uart|alt_jtag_atlantic:Soc_jtag_uart_alt_jtag_atlantic|td_shift[4]     ; altera_reserved_tck ; altera_reserved_tck ; 100.000      ; -0.092     ; 2.928      ;
; 96.998 ; sld_hub:auto_hub|sld_jtag_hub:\jtag_hub_gen:sld_jtag_hub_inst|clr_reg                            ; Soc:inst1|Soc_jtag_uart:jtag_uart|alt_jtag_atlantic:Soc_jtag_uart_alt_jtag_atlantic|td_shift[5]     ; altera_reserved_tck ; altera_reserved_tck ; 100.000      ; -0.092     ; 2.928      ;
; 96.998 ; sld_hub:auto_hub|sld_jtag_hub:\jtag_hub_gen:sld_jtag_hub_inst|clr_reg                            ; Soc:inst1|Soc_jtag_uart:jtag_uart|alt_jtag_atlantic:Soc_jtag_uart_alt_jtag_atlantic|td_shift[6]     ; altera_reserved_tck ; altera_reserved_tck ; 100.000      ; -0.092     ; 2.928      ;
; 96.998 ; sld_hub:auto_hub|sld_jtag_hub:\jtag_hub_gen:sld_jtag_hub_inst|clr_reg                            ; Soc:inst1|Soc_jtag_uart:jtag_uart|alt_jtag_atlantic:Soc_jtag_uart_alt_jtag_atlantic|td_shift[7]     ; altera_reserved_tck ; altera_reserved_tck ; 100.000      ; -0.092     ; 2.928      ;
; 97.018 ; sld_hub:auto_hub|sld_jtag_hub:\jtag_hub_gen:sld_jtag_hub_inst|clr_reg                            ; Soc:inst1|Soc_jtag_uart:jtag_uart|alt_jtag_atlantic:Soc_jtag_uart_alt_jtag_atlantic|user_saw_rvalid ; altera_reserved_tck ; altera_reserved_tck ; 100.000      ; -0.091     ; 2.909      ;
; 97.018 ; sld_hub:auto_hub|sld_jtag_hub:\jtag_hub_gen:sld_jtag_hub_inst|clr_reg                            ; Soc:inst1|Soc_jtag_uart:jtag_uart|alt_jtag_atlantic:Soc_jtag_uart_alt_jtag_atlantic|count[8]        ; altera_reserved_tck ; altera_reserved_tck ; 100.000      ; -0.091     ; 2.909      ;
; 97.018 ; sld_hub:auto_hub|sld_jtag_hub:\jtag_hub_gen:sld_jtag_hub_inst|clr_reg                            ; Soc:inst1|Soc_jtag_uart:jtag_uart|alt_jtag_atlantic:Soc_jtag_uart_alt_jtag_atlantic|count[7]        ; altera_reserved_tck ; altera_reserved_tck ; 100.000      ; -0.091     ; 2.909      ;
; 97.018 ; sld_hub:auto_hub|sld_jtag_hub:\jtag_hub_gen:sld_jtag_hub_inst|clr_reg                            ; Soc:inst1|Soc_jtag_uart:jtag_uart|alt_jtag_atlantic:Soc_jtag_uart_alt_jtag_atlantic|count[6]        ; altera_reserved_tck ; altera_reserved_tck ; 100.000      ; -0.091     ; 2.909      ;
; 97.018 ; sld_hub:auto_hub|sld_jtag_hub:\jtag_hub_gen:sld_jtag_hub_inst|clr_reg                            ; Soc:inst1|Soc_jtag_uart:jtag_uart|alt_jtag_atlantic:Soc_jtag_uart_alt_jtag_atlantic|count[5]        ; altera_reserved_tck ; altera_reserved_tck ; 100.000      ; -0.091     ; 2.909      ;
; 97.018 ; sld_hub:auto_hub|sld_jtag_hub:\jtag_hub_gen:sld_jtag_hub_inst|clr_reg                            ; Soc:inst1|Soc_jtag_uart:jtag_uart|alt_jtag_atlantic:Soc_jtag_uart_alt_jtag_atlantic|count[4]        ; altera_reserved_tck ; altera_reserved_tck ; 100.000      ; -0.091     ; 2.909      ;
; 97.018 ; sld_hub:auto_hub|sld_jtag_hub:\jtag_hub_gen:sld_jtag_hub_inst|clr_reg                            ; Soc:inst1|Soc_jtag_uart:jtag_uart|alt_jtag_atlantic:Soc_jtag_uart_alt_jtag_atlantic|count[3]        ; altera_reserved_tck ; altera_reserved_tck ; 100.000      ; -0.091     ; 2.909      ;
; 97.018 ; sld_hub:auto_hub|sld_jtag_hub:\jtag_hub_gen:sld_jtag_hub_inst|clr_reg                            ; Soc:inst1|Soc_jtag_uart:jtag_uart|alt_jtag_atlantic:Soc_jtag_uart_alt_jtag_atlantic|count[2]        ; altera_reserved_tck ; altera_reserved_tck ; 100.000      ; -0.091     ; 2.909      ;
; 97.018 ; sld_hub:auto_hub|sld_jtag_hub:\jtag_hub_gen:sld_jtag_hub_inst|clr_reg                            ; Soc:inst1|Soc_jtag_uart:jtag_uart|alt_jtag_atlantic:Soc_jtag_uart_alt_jtag_atlantic|count[1]        ; altera_reserved_tck ; altera_reserved_tck ; 100.000      ; -0.091     ; 2.909      ;
; 97.018 ; sld_hub:auto_hub|sld_jtag_hub:\jtag_hub_gen:sld_jtag_hub_inst|clr_reg                            ; Soc:inst1|Soc_jtag_uart:jtag_uart|alt_jtag_atlantic:Soc_jtag_uart_alt_jtag_atlantic|count[0]        ; altera_reserved_tck ; altera_reserved_tck ; 100.000      ; -0.091     ; 2.909      ;
; 97.018 ; sld_hub:auto_hub|sld_jtag_hub:\jtag_hub_gen:sld_jtag_hub_inst|clr_reg                            ; Soc:inst1|Soc_jtag_uart:jtag_uart|alt_jtag_atlantic:Soc_jtag_uart_alt_jtag_atlantic|count[9]        ; altera_reserved_tck ; altera_reserved_tck ; 100.000      ; -0.091     ; 2.909      ;
; 97.018 ; sld_hub:auto_hub|sld_jtag_hub:\jtag_hub_gen:sld_jtag_hub_inst|clr_reg                            ; Soc:inst1|Soc_jtag_uart:jtag_uart|alt_jtag_atlantic:Soc_jtag_uart_alt_jtag_atlantic|td_shift[10]    ; altera_reserved_tck ; altera_reserved_tck ; 100.000      ; -0.091     ; 2.909      ;
; 97.018 ; sld_hub:auto_hub|sld_jtag_hub:\jtag_hub_gen:sld_jtag_hub_inst|clr_reg                            ; Soc:inst1|Soc_jtag_uart:jtag_uart|alt_jtag_atlantic:Soc_jtag_uart_alt_jtag_atlantic|td_shift[9]     ; altera_reserved_tck ; altera_reserved_tck ; 100.000      ; -0.091     ; 2.909      ;
; 97.018 ; sld_hub:auto_hub|sld_jtag_hub:\jtag_hub_gen:sld_jtag_hub_inst|clr_reg                            ; Soc:inst1|Soc_jtag_uart:jtag_uart|alt_jtag_atlantic:Soc_jtag_uart_alt_jtag_atlantic|td_shift[0]     ; altera_reserved_tck ; altera_reserved_tck ; 100.000      ; -0.091     ; 2.909      ;
; 97.018 ; sld_hub:auto_hub|sld_jtag_hub:\jtag_hub_gen:sld_jtag_hub_inst|clr_reg                            ; Soc:inst1|Soc_jtag_uart:jtag_uart|alt_jtag_atlantic:Soc_jtag_uart_alt_jtag_atlantic|td_shift[8]     ; altera_reserved_tck ; altera_reserved_tck ; 100.000      ; -0.091     ; 2.909      ;
; 97.431 ; sld_hub:auto_hub|sld_jtag_hub:\jtag_hub_gen:sld_jtag_hub_inst|clr_reg                            ; sld_hub:auto_hub|sld_jtag_hub:\jtag_hub_gen:sld_jtag_hub_inst|shadow_irf_reg[2][4]                  ; altera_reserved_tck ; altera_reserved_tck ; 100.000      ; -0.066     ; 2.521      ;
; 97.431 ; sld_hub:auto_hub|sld_jtag_hub:\jtag_hub_gen:sld_jtag_hub_inst|clr_reg                            ; sld_hub:auto_hub|sld_jtag_hub:\jtag_hub_gen:sld_jtag_hub_inst|irf_reg[2][4]                         ; altera_reserved_tck ; altera_reserved_tck ; 100.000      ; -0.066     ; 2.521      ;
; 97.431 ; sld_hub:auto_hub|sld_jtag_hub:\jtag_hub_gen:sld_jtag_hub_inst|clr_reg                            ; sld_hub:auto_hub|sld_jtag_hub:\jtag_hub_gen:sld_jtag_hub_inst|shadow_irf_reg[2][3]                  ; altera_reserved_tck ; altera_reserved_tck ; 100.000      ; -0.066     ; 2.521      ;
; 97.431 ; sld_hub:auto_hub|sld_jtag_hub:\jtag_hub_gen:sld_jtag_hub_inst|clr_reg                            ; sld_hub:auto_hub|sld_jtag_hub:\jtag_hub_gen:sld_jtag_hub_inst|irf_reg[2][3]                         ; altera_reserved_tck ; altera_reserved_tck ; 100.000      ; -0.066     ; 2.521      ;
; 97.431 ; sld_hub:auto_hub|sld_jtag_hub:\jtag_hub_gen:sld_jtag_hub_inst|clr_reg                            ; sld_hub:auto_hub|sld_jtag_hub:\jtag_hub_gen:sld_jtag_hub_inst|shadow_irf_reg[2][2]                  ; altera_reserved_tck ; altera_reserved_tck ; 100.000      ; -0.066     ; 2.521      ;
; 97.431 ; sld_hub:auto_hub|sld_jtag_hub:\jtag_hub_gen:sld_jtag_hub_inst|clr_reg                            ; sld_hub:auto_hub|sld_jtag_hub:\jtag_hub_gen:sld_jtag_hub_inst|irf_reg[2][2]                         ; altera_reserved_tck ; altera_reserved_tck ; 100.000      ; -0.066     ; 2.521      ;
; 97.431 ; sld_hub:auto_hub|sld_jtag_hub:\jtag_hub_gen:sld_jtag_hub_inst|clr_reg                            ; sld_hub:auto_hub|sld_jtag_hub:\jtag_hub_gen:sld_jtag_hub_inst|shadow_irf_reg[2][1]                  ; altera_reserved_tck ; altera_reserved_tck ; 100.000      ; -0.066     ; 2.521      ;
; 97.431 ; sld_hub:auto_hub|sld_jtag_hub:\jtag_hub_gen:sld_jtag_hub_inst|clr_reg                            ; sld_hub:auto_hub|sld_jtag_hub:\jtag_hub_gen:sld_jtag_hub_inst|irf_reg[2][1]                         ; altera_reserved_tck ; altera_reserved_tck ; 100.000      ; -0.066     ; 2.521      ;
; 97.431 ; sld_hub:auto_hub|sld_jtag_hub:\jtag_hub_gen:sld_jtag_hub_inst|clr_reg                            ; sld_hub:auto_hub|sld_jtag_hub:\jtag_hub_gen:sld_jtag_hub_inst|shadow_irf_reg[2][0]                  ; altera_reserved_tck ; altera_reserved_tck ; 100.000      ; -0.066     ; 2.521      ;
; 97.431 ; sld_hub:auto_hub|sld_jtag_hub:\jtag_hub_gen:sld_jtag_hub_inst|clr_reg                            ; sld_hub:auto_hub|sld_jtag_hub:\jtag_hub_gen:sld_jtag_hub_inst|irf_reg[2][0]                         ; altera_reserved_tck ; altera_reserved_tck ; 100.000      ; -0.066     ; 2.521      ;
; 97.451 ; sld_hub:auto_hub|sld_jtag_hub:\jtag_hub_gen:sld_jtag_hub_inst|clr_reg                            ; sld_hub:auto_hub|sld_jtag_hub:\jtag_hub_gen:sld_jtag_hub_inst|shadow_irf_reg[1][4]                  ; altera_reserved_tck ; altera_reserved_tck ; 100.000      ; -0.065     ; 2.502      ;
; 97.451 ; sld_hub:auto_hub|sld_jtag_hub:\jtag_hub_gen:sld_jtag_hub_inst|clr_reg                            ; sld_hub:auto_hub|sld_jtag_hub:\jtag_hub_gen:sld_jtag_hub_inst|irf_reg[1][4]                         ; altera_reserved_tck ; altera_reserved_tck ; 100.000      ; -0.065     ; 2.502      ;
; 97.451 ; sld_hub:auto_hub|sld_jtag_hub:\jtag_hub_gen:sld_jtag_hub_inst|clr_reg                            ; sld_hub:auto_hub|sld_jtag_hub:\jtag_hub_gen:sld_jtag_hub_inst|shadow_irf_reg[1][3]                  ; altera_reserved_tck ; altera_reserved_tck ; 100.000      ; -0.065     ; 2.502      ;
; 97.451 ; sld_hub:auto_hub|sld_jtag_hub:\jtag_hub_gen:sld_jtag_hub_inst|clr_reg                            ; sld_hub:auto_hub|sld_jtag_hub:\jtag_hub_gen:sld_jtag_hub_inst|irf_reg[1][3]                         ; altera_reserved_tck ; altera_reserved_tck ; 100.000      ; -0.065     ; 2.502      ;
; 97.451 ; sld_hub:auto_hub|sld_jtag_hub:\jtag_hub_gen:sld_jtag_hub_inst|clr_reg                            ; sld_hub:auto_hub|sld_jtag_hub:\jtag_hub_gen:sld_jtag_hub_inst|shadow_irf_reg[1][2]                  ; altera_reserved_tck ; altera_reserved_tck ; 100.000      ; -0.065     ; 2.502      ;
; 97.451 ; sld_hub:auto_hub|sld_jtag_hub:\jtag_hub_gen:sld_jtag_hub_inst|clr_reg                            ; sld_hub:auto_hub|sld_jtag_hub:\jtag_hub_gen:sld_jtag_hub_inst|irf_reg[1][2]                         ; altera_reserved_tck ; altera_reserved_tck ; 100.000      ; -0.065     ; 2.502      ;
; 97.451 ; sld_hub:auto_hub|sld_jtag_hub:\jtag_hub_gen:sld_jtag_hub_inst|clr_reg                            ; sld_hub:auto_hub|sld_jtag_hub:\jtag_hub_gen:sld_jtag_hub_inst|shadow_irf_reg[1][0]                  ; altera_reserved_tck ; altera_reserved_tck ; 100.000      ; -0.065     ; 2.502      ;
; 97.451 ; sld_hub:auto_hub|sld_jtag_hub:\jtag_hub_gen:sld_jtag_hub_inst|clr_reg                            ; sld_hub:auto_hub|sld_jtag_hub:\jtag_hub_gen:sld_jtag_hub_inst|shadow_irf_reg[1][1]                  ; altera_reserved_tck ; altera_reserved_tck ; 100.000      ; -0.065     ; 2.502      ;
; 97.451 ; sld_hub:auto_hub|sld_jtag_hub:\jtag_hub_gen:sld_jtag_hub_inst|clr_reg                            ; sld_hub:auto_hub|sld_jtag_hub:\jtag_hub_gen:sld_jtag_hub_inst|irf_reg[1][0]                         ; altera_reserved_tck ; altera_reserved_tck ; 100.000      ; -0.065     ; 2.502      ;
; 97.451 ; sld_hub:auto_hub|sld_jtag_hub:\jtag_hub_gen:sld_jtag_hub_inst|clr_reg                            ; sld_hub:auto_hub|sld_jtag_hub:\jtag_hub_gen:sld_jtag_hub_inst|irf_reg[1][1]                         ; altera_reserved_tck ; altera_reserved_tck ; 100.000      ; -0.065     ; 2.502      ;
; 97.479 ; sld_hub:auto_hub|sld_jtag_hub:\jtag_hub_gen:sld_jtag_hub_inst|clr_reg                            ; Soc:inst1|Soc_jtag_uart:jtag_uart|alt_jtag_atlantic:Soc_jtag_uart_alt_jtag_atlantic|state           ; altera_reserved_tck ; altera_reserved_tck ; 100.000      ; -0.049     ; 2.490      ;
; 97.538 ; sld_hub:auto_hub|sld_jtag_hub:\jtag_hub_gen:sld_jtag_hub_inst|clr_reg                            ; Soc:inst1|Soc_jtag_uart:jtag_uart|alt_jtag_atlantic:Soc_jtag_uart_alt_jtag_atlantic|write_stalled   ; altera_reserved_tck ; altera_reserved_tck ; 100.000      ; -0.098     ; 2.382      ;
; 97.538 ; sld_hub:auto_hub|sld_jtag_hub:\jtag_hub_gen:sld_jtag_hub_inst|clr_reg                            ; Soc:inst1|Soc_jtag_uart:jtag_uart|alt_jtag_atlantic:Soc_jtag_uart_alt_jtag_atlantic|write_valid     ; altera_reserved_tck ; altera_reserved_tck ; 100.000      ; -0.098     ; 2.382      ;
; 97.538 ; sld_hub:auto_hub|sld_jtag_hub:\jtag_hub_gen:sld_jtag_hub_inst|clr_reg                            ; Soc:inst1|Soc_jtag_uart:jtag_uart|alt_jtag_atlantic:Soc_jtag_uart_alt_jtag_atlantic|wdata[0]        ; altera_reserved_tck ; altera_reserved_tck ; 100.000      ; -0.098     ; 2.382      ;
; 97.538 ; sld_hub:auto_hub|sld_jtag_hub:\jtag_hub_gen:sld_jtag_hub_inst|clr_reg                            ; Soc:inst1|Soc_jtag_uart:jtag_uart|alt_jtag_atlantic:Soc_jtag_uart_alt_jtag_atlantic|tck_t_dav       ; altera_reserved_tck ; altera_reserved_tck ; 100.000      ; -0.098     ; 2.382      ;
; 97.582 ; sld_hub:auto_hub|sld_jtag_hub:\jtag_hub_gen:sld_jtag_hub_inst|virtual_ir_scan_reg                ; sld_hub:auto_hub|sld_jtag_hub:\jtag_hub_gen:sld_jtag_hub_inst|hub_mode_reg[2]                       ; altera_reserved_tck ; altera_reserved_tck ; 100.000      ; -0.114     ; 2.322      ;
; 97.601 ; sld_hub:auto_hub|sld_jtag_hub:\jtag_hub_gen:sld_jtag_hub_inst|clr_reg                            ; Soc:inst1|Soc_jtag_uart:jtag_uart|alt_jtag_atlantic:Soc_jtag_uart_alt_jtag_atlantic|read            ; altera_reserved_tck ; altera_reserved_tck ; 100.000      ; -0.098     ; 2.319      ;
; 97.601 ; sld_hub:auto_hub|sld_jtag_hub:\jtag_hub_gen:sld_jtag_hub_inst|clr_reg                            ; Soc:inst1|Soc_jtag_uart:jtag_uart|alt_jtag_atlantic:Soc_jtag_uart_alt_jtag_atlantic|read_req        ; altera_reserved_tck ; altera_reserved_tck ; 100.000      ; -0.098     ; 2.319      ;
; 98.024 ; sld_hub:auto_hub|sld_jtag_hub:\jtag_hub_gen:sld_jtag_hub_inst|sld_shadow_jsm:shadow_jsm|state[0] ; sld_hub:auto_hub|sld_jtag_hub:\jtag_hub_gen:sld_jtag_hub_inst|virtual_ir_scan_reg                   ; altera_reserved_tck ; altera_reserved_tck ; 100.000      ; -0.056     ; 1.938      ;
; 98.024 ; sld_hub:auto_hub|sld_jtag_hub:\jtag_hub_gen:sld_jtag_hub_inst|sld_shadow_jsm:shadow_jsm|state[0] ; sld_hub:auto_hub|sld_jtag_hub:\jtag_hub_gen:sld_jtag_hub_inst|virtual_dr_scan_reg                   ; altera_reserved_tck ; altera_reserved_tck ; 100.000      ; -0.056     ; 1.938      ;
; 98.024 ; sld_hub:auto_hub|sld_jtag_hub:\jtag_hub_gen:sld_jtag_hub_inst|sld_shadow_jsm:shadow_jsm|state[0] ; sld_hub:auto_hub|sld_jtag_hub:\jtag_hub_gen:sld_jtag_hub_inst|jtag_ir_reg[0]                        ; altera_reserved_tck ; altera_reserved_tck ; 100.000      ; -0.056     ; 1.938      ;
; 98.024 ; sld_hub:auto_hub|sld_jtag_hub:\jtag_hub_gen:sld_jtag_hub_inst|sld_shadow_jsm:shadow_jsm|state[0] ; sld_hub:auto_hub|sld_jtag_hub:\jtag_hub_gen:sld_jtag_hub_inst|jtag_ir_reg[1]                        ; altera_reserved_tck ; altera_reserved_tck ; 100.000      ; -0.056     ; 1.938      ;
; 98.024 ; sld_hub:auto_hub|sld_jtag_hub:\jtag_hub_gen:sld_jtag_hub_inst|sld_shadow_jsm:shadow_jsm|state[0] ; sld_hub:auto_hub|sld_jtag_hub:\jtag_hub_gen:sld_jtag_hub_inst|jtag_ir_reg[2]                        ; altera_reserved_tck ; altera_reserved_tck ; 100.000      ; -0.056     ; 1.938      ;
; 98.024 ; sld_hub:auto_hub|sld_jtag_hub:\jtag_hub_gen:sld_jtag_hub_inst|sld_shadow_jsm:shadow_jsm|state[0] ; sld_hub:auto_hub|sld_jtag_hub:\jtag_hub_gen:sld_jtag_hub_inst|jtag_ir_reg[3]                        ; altera_reserved_tck ; altera_reserved_tck ; 100.000      ; -0.056     ; 1.938      ;
; 98.024 ; sld_hub:auto_hub|sld_jtag_hub:\jtag_hub_gen:sld_jtag_hub_inst|sld_shadow_jsm:shadow_jsm|state[0] ; sld_hub:auto_hub|sld_jtag_hub:\jtag_hub_gen:sld_jtag_hub_inst|jtag_ir_reg[4]                        ; altera_reserved_tck ; altera_reserved_tck ; 100.000      ; -0.056     ; 1.938      ;
; 98.024 ; sld_hub:auto_hub|sld_jtag_hub:\jtag_hub_gen:sld_jtag_hub_inst|sld_shadow_jsm:shadow_jsm|state[0] ; sld_hub:auto_hub|sld_jtag_hub:\jtag_hub_gen:sld_jtag_hub_inst|jtag_ir_reg[5]                        ; altera_reserved_tck ; altera_reserved_tck ; 100.000      ; -0.056     ; 1.938      ;
; 98.024 ; sld_hub:auto_hub|sld_jtag_hub:\jtag_hub_gen:sld_jtag_hub_inst|sld_shadow_jsm:shadow_jsm|state[0] ; sld_hub:auto_hub|sld_jtag_hub:\jtag_hub_gen:sld_jtag_hub_inst|jtag_ir_reg[6]                        ; altera_reserved_tck ; altera_reserved_tck ; 100.000      ; -0.056     ; 1.938      ;
; 98.024 ; sld_hub:auto_hub|sld_jtag_hub:\jtag_hub_gen:sld_jtag_hub_inst|sld_shadow_jsm:shadow_jsm|state[0] ; sld_hub:auto_hub|sld_jtag_hub:\jtag_hub_gen:sld_jtag_hub_inst|jtag_ir_reg[7]                        ; altera_reserved_tck ; altera_reserved_tck ; 100.000      ; -0.056     ; 1.938      ;
; 98.024 ; sld_hub:auto_hub|sld_jtag_hub:\jtag_hub_gen:sld_jtag_hub_inst|sld_shadow_jsm:shadow_jsm|state[0] ; sld_hub:auto_hub|sld_jtag_hub:\jtag_hub_gen:sld_jtag_hub_inst|jtag_ir_reg[8]                        ; altera_reserved_tck ; altera_reserved_tck ; 100.000      ; -0.056     ; 1.938      ;
; 98.024 ; sld_hub:auto_hub|sld_jtag_hub:\jtag_hub_gen:sld_jtag_hub_inst|sld_shadow_jsm:shadow_jsm|state[0] ; sld_hub:auto_hub|sld_jtag_hub:\jtag_hub_gen:sld_jtag_hub_inst|jtag_ir_reg[9]                        ; altera_reserved_tck ; altera_reserved_tck ; 100.000      ; -0.056     ; 1.938      ;
; 98.049 ; sld_hub:auto_hub|sld_jtag_hub:\jtag_hub_gen:sld_jtag_hub_inst|clr_reg                            ; sld_hub:auto_hub|sld_jtag_hub:\jtag_hub_gen:sld_jtag_hub_inst|node_ena[1]~reg0                      ; altera_reserved_tck ; altera_reserved_tck ; 100.000      ; -0.059     ; 1.910      ;
; 98.049 ; sld_hub:auto_hub|sld_jtag_hub:\jtag_hub_gen:sld_jtag_hub_inst|clr_reg                            ; sld_hub:auto_hub|sld_jtag_hub:\jtag_hub_gen:sld_jtag_hub_inst|node_ena[2]~reg0                      ; altera_reserved_tck ; altera_reserved_tck ; 100.000      ; -0.059     ; 1.910      ;
; 98.049 ; sld_hub:auto_hub|sld_jtag_hub:\jtag_hub_gen:sld_jtag_hub_inst|clr_reg                            ; sld_hub:auto_hub|sld_jtag_hub:\jtag_hub_gen:sld_jtag_hub_inst|irsr_reg[6]                           ; altera_reserved_tck ; altera_reserved_tck ; 100.000      ; -0.059     ; 1.910      ;
; 98.049 ; sld_hub:auto_hub|sld_jtag_hub:\jtag_hub_gen:sld_jtag_hub_inst|clr_reg                            ; sld_hub:auto_hub|sld_jtag_hub:\jtag_hub_gen:sld_jtag_hub_inst|irsr_reg[5]                           ; altera_reserved_tck ; altera_reserved_tck ; 100.000      ; -0.059     ; 1.910      ;
; 98.078 ; sld_hub:auto_hub|sld_jtag_hub:\jtag_hub_gen:sld_jtag_hub_inst|clr_reg                            ; sld_hub:auto_hub|sld_jtag_hub:\jtag_hub_gen:sld_jtag_hub_inst|irsr_reg[2]                           ; altera_reserved_tck ; altera_reserved_tck ; 100.000      ; -0.060     ; 1.880      ;
; 98.078 ; sld_hub:auto_hub|sld_jtag_hub:\jtag_hub_gen:sld_jtag_hub_inst|clr_reg                            ; sld_hub:auto_hub|sld_jtag_hub:\jtag_hub_gen:sld_jtag_hub_inst|irsr_reg[3]                           ; altera_reserved_tck ; altera_reserved_tck ; 100.000      ; -0.060     ; 1.880      ;
; 98.078 ; sld_hub:auto_hub|sld_jtag_hub:\jtag_hub_gen:sld_jtag_hub_inst|clr_reg                            ; sld_hub:auto_hub|sld_jtag_hub:\jtag_hub_gen:sld_jtag_hub_inst|irsr_reg[0]                           ; altera_reserved_tck ; altera_reserved_tck ; 100.000      ; -0.060     ; 1.880      ;
; 98.078 ; sld_hub:auto_hub|sld_jtag_hub:\jtag_hub_gen:sld_jtag_hub_inst|clr_reg                            ; sld_hub:auto_hub|sld_jtag_hub:\jtag_hub_gen:sld_jtag_hub_inst|irsr_reg[1]                           ; altera_reserved_tck ; altera_reserved_tck ; 100.000      ; -0.060     ; 1.880      ;
; 98.078 ; sld_hub:auto_hub|sld_jtag_hub:\jtag_hub_gen:sld_jtag_hub_inst|clr_reg                            ; sld_hub:auto_hub|sld_jtag_hub:\jtag_hub_gen:sld_jtag_hub_inst|irsr_reg[4]                           ; altera_reserved_tck ; altera_reserved_tck ; 100.000      ; -0.060     ; 1.880      ;
; 98.078 ; sld_hub:auto_hub|sld_jtag_hub:\jtag_hub_gen:sld_jtag_hub_inst|clr_reg                            ; sld_hub:auto_hub|sld_jtag_hub:\jtag_hub_gen:sld_jtag_hub_inst|hub_mode_reg[0]                       ; altera_reserved_tck ; altera_reserved_tck ; 100.000      ; -0.060     ; 1.880      ;
; 98.078 ; sld_hub:auto_hub|sld_jtag_hub:\jtag_hub_gen:sld_jtag_hub_inst|clr_reg                            ; sld_hub:auto_hub|sld_jtag_hub:\jtag_hub_gen:sld_jtag_hub_inst|hub_mode_reg[1]                       ; altera_reserved_tck ; altera_reserved_tck ; 100.000      ; -0.060     ; 1.880      ;
+--------+--------------------------------------------------------------------------------------------------+-----------------------------------------------------------------------------------------------------+---------------------+---------------------+--------------+------------+------------+


+------------------------------------------------------------------------------------------------------------------------------------------------------------------------------------------------------------------------------------------------------------------------------------------------------+
; Slow 1200mV 85C Model Removal: 'altera_reserved_tck'                                                                                                                                                                                                                                                 ;
+--------+--------------------------------------------------------------------------------------------------+-----------------------------------------------------------------------------------------------------+---------------------+---------------------+--------------+------------+------------+
; Slack  ; From Node                                                                                        ; To Node                                                                                             ; Launch Clock        ; Latch Clock         ; Relationship ; Clock Skew ; Data Delay ;
+--------+--------------------------------------------------------------------------------------------------+-----------------------------------------------------------------------------------------------------+---------------------+---------------------+--------------+------------+------------+
; 1.451  ; sld_hub:auto_hub|sld_jtag_hub:\jtag_hub_gen:sld_jtag_hub_inst|clr_reg                            ; sld_hub:auto_hub|sld_jtag_hub:\jtag_hub_gen:sld_jtag_hub_inst|irsr_reg[2]                           ; altera_reserved_tck ; altera_reserved_tck ; 0.000        ; 0.097      ; 1.734      ;
; 1.451  ; sld_hub:auto_hub|sld_jtag_hub:\jtag_hub_gen:sld_jtag_hub_inst|clr_reg                            ; sld_hub:auto_hub|sld_jtag_hub:\jtag_hub_gen:sld_jtag_hub_inst|irsr_reg[3]                           ; altera_reserved_tck ; altera_reserved_tck ; 0.000        ; 0.097      ; 1.734      ;
; 1.451  ; sld_hub:auto_hub|sld_jtag_hub:\jtag_hub_gen:sld_jtag_hub_inst|clr_reg                            ; sld_hub:auto_hub|sld_jtag_hub:\jtag_hub_gen:sld_jtag_hub_inst|irsr_reg[0]                           ; altera_reserved_tck ; altera_reserved_tck ; 0.000        ; 0.097      ; 1.734      ;
; 1.451  ; sld_hub:auto_hub|sld_jtag_hub:\jtag_hub_gen:sld_jtag_hub_inst|clr_reg                            ; sld_hub:auto_hub|sld_jtag_hub:\jtag_hub_gen:sld_jtag_hub_inst|irsr_reg[1]                           ; altera_reserved_tck ; altera_reserved_tck ; 0.000        ; 0.097      ; 1.734      ;
; 1.451  ; sld_hub:auto_hub|sld_jtag_hub:\jtag_hub_gen:sld_jtag_hub_inst|clr_reg                            ; sld_hub:auto_hub|sld_jtag_hub:\jtag_hub_gen:sld_jtag_hub_inst|irsr_reg[4]                           ; altera_reserved_tck ; altera_reserved_tck ; 0.000        ; 0.097      ; 1.734      ;
; 1.451  ; sld_hub:auto_hub|sld_jtag_hub:\jtag_hub_gen:sld_jtag_hub_inst|clr_reg                            ; sld_hub:auto_hub|sld_jtag_hub:\jtag_hub_gen:sld_jtag_hub_inst|hub_mode_reg[0]                       ; altera_reserved_tck ; altera_reserved_tck ; 0.000        ; 0.097      ; 1.734      ;
; 1.451  ; sld_hub:auto_hub|sld_jtag_hub:\jtag_hub_gen:sld_jtag_hub_inst|clr_reg                            ; sld_hub:auto_hub|sld_jtag_hub:\jtag_hub_gen:sld_jtag_hub_inst|hub_mode_reg[1]                       ; altera_reserved_tck ; altera_reserved_tck ; 0.000        ; 0.097      ; 1.734      ;
; 1.486  ; sld_hub:auto_hub|sld_jtag_hub:\jtag_hub_gen:sld_jtag_hub_inst|clr_reg                            ; sld_hub:auto_hub|sld_jtag_hub:\jtag_hub_gen:sld_jtag_hub_inst|node_ena[1]~reg0                      ; altera_reserved_tck ; altera_reserved_tck ; 0.000        ; 0.098      ; 1.770      ;
; 1.486  ; sld_hub:auto_hub|sld_jtag_hub:\jtag_hub_gen:sld_jtag_hub_inst|clr_reg                            ; sld_hub:auto_hub|sld_jtag_hub:\jtag_hub_gen:sld_jtag_hub_inst|node_ena[2]~reg0                      ; altera_reserved_tck ; altera_reserved_tck ; 0.000        ; 0.098      ; 1.770      ;
; 1.486  ; sld_hub:auto_hub|sld_jtag_hub:\jtag_hub_gen:sld_jtag_hub_inst|clr_reg                            ; sld_hub:auto_hub|sld_jtag_hub:\jtag_hub_gen:sld_jtag_hub_inst|irsr_reg[6]                           ; altera_reserved_tck ; altera_reserved_tck ; 0.000        ; 0.098      ; 1.770      ;
; 1.486  ; sld_hub:auto_hub|sld_jtag_hub:\jtag_hub_gen:sld_jtag_hub_inst|clr_reg                            ; sld_hub:auto_hub|sld_jtag_hub:\jtag_hub_gen:sld_jtag_hub_inst|irsr_reg[5]                           ; altera_reserved_tck ; altera_reserved_tck ; 0.000        ; 0.098      ; 1.770      ;
; 1.511  ; sld_hub:auto_hub|sld_jtag_hub:\jtag_hub_gen:sld_jtag_hub_inst|sld_shadow_jsm:shadow_jsm|state[0] ; sld_hub:auto_hub|sld_jtag_hub:\jtag_hub_gen:sld_jtag_hub_inst|virtual_ir_scan_reg                   ; altera_reserved_tck ; altera_reserved_tck ; 0.000        ; 0.101      ; 1.798      ;
; 1.511  ; sld_hub:auto_hub|sld_jtag_hub:\jtag_hub_gen:sld_jtag_hub_inst|sld_shadow_jsm:shadow_jsm|state[0] ; sld_hub:auto_hub|sld_jtag_hub:\jtag_hub_gen:sld_jtag_hub_inst|virtual_dr_scan_reg                   ; altera_reserved_tck ; altera_reserved_tck ; 0.000        ; 0.101      ; 1.798      ;
; 1.511  ; sld_hub:auto_hub|sld_jtag_hub:\jtag_hub_gen:sld_jtag_hub_inst|sld_shadow_jsm:shadow_jsm|state[0] ; sld_hub:auto_hub|sld_jtag_hub:\jtag_hub_gen:sld_jtag_hub_inst|jtag_ir_reg[0]                        ; altera_reserved_tck ; altera_reserved_tck ; 0.000        ; 0.101      ; 1.798      ;
; 1.511  ; sld_hub:auto_hub|sld_jtag_hub:\jtag_hub_gen:sld_jtag_hub_inst|sld_shadow_jsm:shadow_jsm|state[0] ; sld_hub:auto_hub|sld_jtag_hub:\jtag_hub_gen:sld_jtag_hub_inst|jtag_ir_reg[1]                        ; altera_reserved_tck ; altera_reserved_tck ; 0.000        ; 0.101      ; 1.798      ;
; 1.511  ; sld_hub:auto_hub|sld_jtag_hub:\jtag_hub_gen:sld_jtag_hub_inst|sld_shadow_jsm:shadow_jsm|state[0] ; sld_hub:auto_hub|sld_jtag_hub:\jtag_hub_gen:sld_jtag_hub_inst|jtag_ir_reg[2]                        ; altera_reserved_tck ; altera_reserved_tck ; 0.000        ; 0.101      ; 1.798      ;
; 1.511  ; sld_hub:auto_hub|sld_jtag_hub:\jtag_hub_gen:sld_jtag_hub_inst|sld_shadow_jsm:shadow_jsm|state[0] ; sld_hub:auto_hub|sld_jtag_hub:\jtag_hub_gen:sld_jtag_hub_inst|jtag_ir_reg[3]                        ; altera_reserved_tck ; altera_reserved_tck ; 0.000        ; 0.101      ; 1.798      ;
; 1.511  ; sld_hub:auto_hub|sld_jtag_hub:\jtag_hub_gen:sld_jtag_hub_inst|sld_shadow_jsm:shadow_jsm|state[0] ; sld_hub:auto_hub|sld_jtag_hub:\jtag_hub_gen:sld_jtag_hub_inst|jtag_ir_reg[4]                        ; altera_reserved_tck ; altera_reserved_tck ; 0.000        ; 0.101      ; 1.798      ;
; 1.511  ; sld_hub:auto_hub|sld_jtag_hub:\jtag_hub_gen:sld_jtag_hub_inst|sld_shadow_jsm:shadow_jsm|state[0] ; sld_hub:auto_hub|sld_jtag_hub:\jtag_hub_gen:sld_jtag_hub_inst|jtag_ir_reg[5]                        ; altera_reserved_tck ; altera_reserved_tck ; 0.000        ; 0.101      ; 1.798      ;
; 1.511  ; sld_hub:auto_hub|sld_jtag_hub:\jtag_hub_gen:sld_jtag_hub_inst|sld_shadow_jsm:shadow_jsm|state[0] ; sld_hub:auto_hub|sld_jtag_hub:\jtag_hub_gen:sld_jtag_hub_inst|jtag_ir_reg[6]                        ; altera_reserved_tck ; altera_reserved_tck ; 0.000        ; 0.101      ; 1.798      ;
; 1.511  ; sld_hub:auto_hub|sld_jtag_hub:\jtag_hub_gen:sld_jtag_hub_inst|sld_shadow_jsm:shadow_jsm|state[0] ; sld_hub:auto_hub|sld_jtag_hub:\jtag_hub_gen:sld_jtag_hub_inst|jtag_ir_reg[7]                        ; altera_reserved_tck ; altera_reserved_tck ; 0.000        ; 0.101      ; 1.798      ;
; 1.511  ; sld_hub:auto_hub|sld_jtag_hub:\jtag_hub_gen:sld_jtag_hub_inst|sld_shadow_jsm:shadow_jsm|state[0] ; sld_hub:auto_hub|sld_jtag_hub:\jtag_hub_gen:sld_jtag_hub_inst|jtag_ir_reg[8]                        ; altera_reserved_tck ; altera_reserved_tck ; 0.000        ; 0.101      ; 1.798      ;
; 1.511  ; sld_hub:auto_hub|sld_jtag_hub:\jtag_hub_gen:sld_jtag_hub_inst|sld_shadow_jsm:shadow_jsm|state[0] ; sld_hub:auto_hub|sld_jtag_hub:\jtag_hub_gen:sld_jtag_hub_inst|jtag_ir_reg[9]                        ; altera_reserved_tck ; altera_reserved_tck ; 0.000        ; 0.101      ; 1.798      ;
; 1.912  ; sld_hub:auto_hub|sld_jtag_hub:\jtag_hub_gen:sld_jtag_hub_inst|clr_reg                            ; Soc:inst1|Soc_jtag_uart:jtag_uart|alt_jtag_atlantic:Soc_jtag_uart_alt_jtag_atlantic|read            ; altera_reserved_tck ; altera_reserved_tck ; 0.000        ; 0.106      ; 2.204      ;
; 1.912  ; sld_hub:auto_hub|sld_jtag_hub:\jtag_hub_gen:sld_jtag_hub_inst|clr_reg                            ; Soc:inst1|Soc_jtag_uart:jtag_uart|alt_jtag_atlantic:Soc_jtag_uart_alt_jtag_atlantic|read_req        ; altera_reserved_tck ; altera_reserved_tck ; 0.000        ; 0.106      ; 2.204      ;
; 1.918  ; sld_hub:auto_hub|sld_jtag_hub:\jtag_hub_gen:sld_jtag_hub_inst|virtual_ir_scan_reg                ; sld_hub:auto_hub|sld_jtag_hub:\jtag_hub_gen:sld_jtag_hub_inst|hub_mode_reg[2]                       ; altera_reserved_tck ; altera_reserved_tck ; 0.000        ; 0.043      ; 2.147      ;
; 1.954  ; sld_hub:auto_hub|sld_jtag_hub:\jtag_hub_gen:sld_jtag_hub_inst|clr_reg                            ; Soc:inst1|Soc_jtag_uart:jtag_uart|alt_jtag_atlantic:Soc_jtag_uart_alt_jtag_atlantic|write_stalled   ; altera_reserved_tck ; altera_reserved_tck ; 0.000        ; 0.107      ; 2.247      ;
; 1.954  ; sld_hub:auto_hub|sld_jtag_hub:\jtag_hub_gen:sld_jtag_hub_inst|clr_reg                            ; Soc:inst1|Soc_jtag_uart:jtag_uart|alt_jtag_atlantic:Soc_jtag_uart_alt_jtag_atlantic|write_valid     ; altera_reserved_tck ; altera_reserved_tck ; 0.000        ; 0.107      ; 2.247      ;
; 1.954  ; sld_hub:auto_hub|sld_jtag_hub:\jtag_hub_gen:sld_jtag_hub_inst|clr_reg                            ; Soc:inst1|Soc_jtag_uart:jtag_uart|alt_jtag_atlantic:Soc_jtag_uart_alt_jtag_atlantic|wdata[0]        ; altera_reserved_tck ; altera_reserved_tck ; 0.000        ; 0.107      ; 2.247      ;
; 1.954  ; sld_hub:auto_hub|sld_jtag_hub:\jtag_hub_gen:sld_jtag_hub_inst|clr_reg                            ; Soc:inst1|Soc_jtag_uart:jtag_uart|alt_jtag_atlantic:Soc_jtag_uart_alt_jtag_atlantic|tck_t_dav       ; altera_reserved_tck ; altera_reserved_tck ; 0.000        ; 0.107      ; 2.247      ;
; 2.027  ; sld_hub:auto_hub|sld_jtag_hub:\jtag_hub_gen:sld_jtag_hub_inst|clr_reg                            ; Soc:inst1|Soc_jtag_uart:jtag_uart|alt_jtag_atlantic:Soc_jtag_uart_alt_jtag_atlantic|state           ; altera_reserved_tck ; altera_reserved_tck ; 0.000        ; 0.108      ; 2.321      ;
; 2.058  ; sld_hub:auto_hub|sld_jtag_hub:\jtag_hub_gen:sld_jtag_hub_inst|clr_reg                            ; sld_hub:auto_hub|sld_jtag_hub:\jtag_hub_gen:sld_jtag_hub_inst|shadow_irf_reg[1][4]                  ; altera_reserved_tck ; altera_reserved_tck ; 0.000        ; 0.092      ; 2.336      ;
; 2.058  ; sld_hub:auto_hub|sld_jtag_hub:\jtag_hub_gen:sld_jtag_hub_inst|clr_reg                            ; sld_hub:auto_hub|sld_jtag_hub:\jtag_hub_gen:sld_jtag_hub_inst|irf_reg[1][4]                         ; altera_reserved_tck ; altera_reserved_tck ; 0.000        ; 0.092      ; 2.336      ;
; 2.058  ; sld_hub:auto_hub|sld_jtag_hub:\jtag_hub_gen:sld_jtag_hub_inst|clr_reg                            ; sld_hub:auto_hub|sld_jtag_hub:\jtag_hub_gen:sld_jtag_hub_inst|shadow_irf_reg[1][3]                  ; altera_reserved_tck ; altera_reserved_tck ; 0.000        ; 0.092      ; 2.336      ;
; 2.058  ; sld_hub:auto_hub|sld_jtag_hub:\jtag_hub_gen:sld_jtag_hub_inst|clr_reg                            ; sld_hub:auto_hub|sld_jtag_hub:\jtag_hub_gen:sld_jtag_hub_inst|irf_reg[1][3]                         ; altera_reserved_tck ; altera_reserved_tck ; 0.000        ; 0.092      ; 2.336      ;
; 2.058  ; sld_hub:auto_hub|sld_jtag_hub:\jtag_hub_gen:sld_jtag_hub_inst|clr_reg                            ; sld_hub:auto_hub|sld_jtag_hub:\jtag_hub_gen:sld_jtag_hub_inst|shadow_irf_reg[1][2]                  ; altera_reserved_tck ; altera_reserved_tck ; 0.000        ; 0.092      ; 2.336      ;
; 2.058  ; sld_hub:auto_hub|sld_jtag_hub:\jtag_hub_gen:sld_jtag_hub_inst|clr_reg                            ; sld_hub:auto_hub|sld_jtag_hub:\jtag_hub_gen:sld_jtag_hub_inst|irf_reg[1][2]                         ; altera_reserved_tck ; altera_reserved_tck ; 0.000        ; 0.092      ; 2.336      ;
; 2.058  ; sld_hub:auto_hub|sld_jtag_hub:\jtag_hub_gen:sld_jtag_hub_inst|clr_reg                            ; sld_hub:auto_hub|sld_jtag_hub:\jtag_hub_gen:sld_jtag_hub_inst|shadow_irf_reg[1][0]                  ; altera_reserved_tck ; altera_reserved_tck ; 0.000        ; 0.092      ; 2.336      ;
; 2.058  ; sld_hub:auto_hub|sld_jtag_hub:\jtag_hub_gen:sld_jtag_hub_inst|clr_reg                            ; sld_hub:auto_hub|sld_jtag_hub:\jtag_hub_gen:sld_jtag_hub_inst|shadow_irf_reg[1][1]                  ; altera_reserved_tck ; altera_reserved_tck ; 0.000        ; 0.092      ; 2.336      ;
; 2.058  ; sld_hub:auto_hub|sld_jtag_hub:\jtag_hub_gen:sld_jtag_hub_inst|clr_reg                            ; sld_hub:auto_hub|sld_jtag_hub:\jtag_hub_gen:sld_jtag_hub_inst|irf_reg[1][0]                         ; altera_reserved_tck ; altera_reserved_tck ; 0.000        ; 0.092      ; 2.336      ;
; 2.058  ; sld_hub:auto_hub|sld_jtag_hub:\jtag_hub_gen:sld_jtag_hub_inst|clr_reg                            ; sld_hub:auto_hub|sld_jtag_hub:\jtag_hub_gen:sld_jtag_hub_inst|irf_reg[1][1]                         ; altera_reserved_tck ; altera_reserved_tck ; 0.000        ; 0.092      ; 2.336      ;
; 2.073  ; sld_hub:auto_hub|sld_jtag_hub:\jtag_hub_gen:sld_jtag_hub_inst|clr_reg                            ; sld_hub:auto_hub|sld_jtag_hub:\jtag_hub_gen:sld_jtag_hub_inst|shadow_irf_reg[2][4]                  ; altera_reserved_tck ; altera_reserved_tck ; 0.000        ; 0.091      ; 2.350      ;
; 2.073  ; sld_hub:auto_hub|sld_jtag_hub:\jtag_hub_gen:sld_jtag_hub_inst|clr_reg                            ; sld_hub:auto_hub|sld_jtag_hub:\jtag_hub_gen:sld_jtag_hub_inst|irf_reg[2][4]                         ; altera_reserved_tck ; altera_reserved_tck ; 0.000        ; 0.091      ; 2.350      ;
; 2.073  ; sld_hub:auto_hub|sld_jtag_hub:\jtag_hub_gen:sld_jtag_hub_inst|clr_reg                            ; sld_hub:auto_hub|sld_jtag_hub:\jtag_hub_gen:sld_jtag_hub_inst|shadow_irf_reg[2][3]                  ; altera_reserved_tck ; altera_reserved_tck ; 0.000        ; 0.091      ; 2.350      ;
; 2.073  ; sld_hub:auto_hub|sld_jtag_hub:\jtag_hub_gen:sld_jtag_hub_inst|clr_reg                            ; sld_hub:auto_hub|sld_jtag_hub:\jtag_hub_gen:sld_jtag_hub_inst|irf_reg[2][3]                         ; altera_reserved_tck ; altera_reserved_tck ; 0.000        ; 0.091      ; 2.350      ;
; 2.073  ; sld_hub:auto_hub|sld_jtag_hub:\jtag_hub_gen:sld_jtag_hub_inst|clr_reg                            ; sld_hub:auto_hub|sld_jtag_hub:\jtag_hub_gen:sld_jtag_hub_inst|shadow_irf_reg[2][2]                  ; altera_reserved_tck ; altera_reserved_tck ; 0.000        ; 0.091      ; 2.350      ;
; 2.073  ; sld_hub:auto_hub|sld_jtag_hub:\jtag_hub_gen:sld_jtag_hub_inst|clr_reg                            ; sld_hub:auto_hub|sld_jtag_hub:\jtag_hub_gen:sld_jtag_hub_inst|irf_reg[2][2]                         ; altera_reserved_tck ; altera_reserved_tck ; 0.000        ; 0.091      ; 2.350      ;
; 2.073  ; sld_hub:auto_hub|sld_jtag_hub:\jtag_hub_gen:sld_jtag_hub_inst|clr_reg                            ; sld_hub:auto_hub|sld_jtag_hub:\jtag_hub_gen:sld_jtag_hub_inst|shadow_irf_reg[2][1]                  ; altera_reserved_tck ; altera_reserved_tck ; 0.000        ; 0.091      ; 2.350      ;
; 2.073  ; sld_hub:auto_hub|sld_jtag_hub:\jtag_hub_gen:sld_jtag_hub_inst|clr_reg                            ; sld_hub:auto_hub|sld_jtag_hub:\jtag_hub_gen:sld_jtag_hub_inst|irf_reg[2][1]                         ; altera_reserved_tck ; altera_reserved_tck ; 0.000        ; 0.091      ; 2.350      ;
; 2.073  ; sld_hub:auto_hub|sld_jtag_hub:\jtag_hub_gen:sld_jtag_hub_inst|clr_reg                            ; sld_hub:auto_hub|sld_jtag_hub:\jtag_hub_gen:sld_jtag_hub_inst|shadow_irf_reg[2][0]                  ; altera_reserved_tck ; altera_reserved_tck ; 0.000        ; 0.091      ; 2.350      ;
; 2.073  ; sld_hub:auto_hub|sld_jtag_hub:\jtag_hub_gen:sld_jtag_hub_inst|clr_reg                            ; sld_hub:auto_hub|sld_jtag_hub:\jtag_hub_gen:sld_jtag_hub_inst|irf_reg[2][0]                         ; altera_reserved_tck ; altera_reserved_tck ; 0.000        ; 0.091      ; 2.350      ;
; 2.484  ; sld_hub:auto_hub|sld_jtag_hub:\jtag_hub_gen:sld_jtag_hub_inst|clr_reg                            ; Soc:inst1|Soc_jtag_uart:jtag_uart|alt_jtag_atlantic:Soc_jtag_uart_alt_jtag_atlantic|user_saw_rvalid ; altera_reserved_tck ; altera_reserved_tck ; 0.000        ; 0.114      ; 2.784      ;
; 2.484  ; sld_hub:auto_hub|sld_jtag_hub:\jtag_hub_gen:sld_jtag_hub_inst|clr_reg                            ; Soc:inst1|Soc_jtag_uart:jtag_uart|alt_jtag_atlantic:Soc_jtag_uart_alt_jtag_atlantic|count[8]        ; altera_reserved_tck ; altera_reserved_tck ; 0.000        ; 0.114      ; 2.784      ;
; 2.484  ; sld_hub:auto_hub|sld_jtag_hub:\jtag_hub_gen:sld_jtag_hub_inst|clr_reg                            ; Soc:inst1|Soc_jtag_uart:jtag_uart|alt_jtag_atlantic:Soc_jtag_uart_alt_jtag_atlantic|count[7]        ; altera_reserved_tck ; altera_reserved_tck ; 0.000        ; 0.114      ; 2.784      ;
; 2.484  ; sld_hub:auto_hub|sld_jtag_hub:\jtag_hub_gen:sld_jtag_hub_inst|clr_reg                            ; Soc:inst1|Soc_jtag_uart:jtag_uart|alt_jtag_atlantic:Soc_jtag_uart_alt_jtag_atlantic|count[6]        ; altera_reserved_tck ; altera_reserved_tck ; 0.000        ; 0.114      ; 2.784      ;
; 2.484  ; sld_hub:auto_hub|sld_jtag_hub:\jtag_hub_gen:sld_jtag_hub_inst|clr_reg                            ; Soc:inst1|Soc_jtag_uart:jtag_uart|alt_jtag_atlantic:Soc_jtag_uart_alt_jtag_atlantic|count[5]        ; altera_reserved_tck ; altera_reserved_tck ; 0.000        ; 0.114      ; 2.784      ;
; 2.484  ; sld_hub:auto_hub|sld_jtag_hub:\jtag_hub_gen:sld_jtag_hub_inst|clr_reg                            ; Soc:inst1|Soc_jtag_uart:jtag_uart|alt_jtag_atlantic:Soc_jtag_uart_alt_jtag_atlantic|count[4]        ; altera_reserved_tck ; altera_reserved_tck ; 0.000        ; 0.114      ; 2.784      ;
; 2.484  ; sld_hub:auto_hub|sld_jtag_hub:\jtag_hub_gen:sld_jtag_hub_inst|clr_reg                            ; Soc:inst1|Soc_jtag_uart:jtag_uart|alt_jtag_atlantic:Soc_jtag_uart_alt_jtag_atlantic|count[3]        ; altera_reserved_tck ; altera_reserved_tck ; 0.000        ; 0.114      ; 2.784      ;
; 2.484  ; sld_hub:auto_hub|sld_jtag_hub:\jtag_hub_gen:sld_jtag_hub_inst|clr_reg                            ; Soc:inst1|Soc_jtag_uart:jtag_uart|alt_jtag_atlantic:Soc_jtag_uart_alt_jtag_atlantic|count[2]        ; altera_reserved_tck ; altera_reserved_tck ; 0.000        ; 0.114      ; 2.784      ;
; 2.484  ; sld_hub:auto_hub|sld_jtag_hub:\jtag_hub_gen:sld_jtag_hub_inst|clr_reg                            ; Soc:inst1|Soc_jtag_uart:jtag_uart|alt_jtag_atlantic:Soc_jtag_uart_alt_jtag_atlantic|count[1]        ; altera_reserved_tck ; altera_reserved_tck ; 0.000        ; 0.114      ; 2.784      ;
; 2.484  ; sld_hub:auto_hub|sld_jtag_hub:\jtag_hub_gen:sld_jtag_hub_inst|clr_reg                            ; Soc:inst1|Soc_jtag_uart:jtag_uart|alt_jtag_atlantic:Soc_jtag_uart_alt_jtag_atlantic|count[0]        ; altera_reserved_tck ; altera_reserved_tck ; 0.000        ; 0.114      ; 2.784      ;
; 2.484  ; sld_hub:auto_hub|sld_jtag_hub:\jtag_hub_gen:sld_jtag_hub_inst|clr_reg                            ; Soc:inst1|Soc_jtag_uart:jtag_uart|alt_jtag_atlantic:Soc_jtag_uart_alt_jtag_atlantic|count[9]        ; altera_reserved_tck ; altera_reserved_tck ; 0.000        ; 0.114      ; 2.784      ;
; 2.484  ; sld_hub:auto_hub|sld_jtag_hub:\jtag_hub_gen:sld_jtag_hub_inst|clr_reg                            ; Soc:inst1|Soc_jtag_uart:jtag_uart|alt_jtag_atlantic:Soc_jtag_uart_alt_jtag_atlantic|td_shift[10]    ; altera_reserved_tck ; altera_reserved_tck ; 0.000        ; 0.114      ; 2.784      ;
; 2.484  ; sld_hub:auto_hub|sld_jtag_hub:\jtag_hub_gen:sld_jtag_hub_inst|clr_reg                            ; Soc:inst1|Soc_jtag_uart:jtag_uart|alt_jtag_atlantic:Soc_jtag_uart_alt_jtag_atlantic|td_shift[9]     ; altera_reserved_tck ; altera_reserved_tck ; 0.000        ; 0.114      ; 2.784      ;
; 2.484  ; sld_hub:auto_hub|sld_jtag_hub:\jtag_hub_gen:sld_jtag_hub_inst|clr_reg                            ; Soc:inst1|Soc_jtag_uart:jtag_uart|alt_jtag_atlantic:Soc_jtag_uart_alt_jtag_atlantic|td_shift[0]     ; altera_reserved_tck ; altera_reserved_tck ; 0.000        ; 0.114      ; 2.784      ;
; 2.484  ; sld_hub:auto_hub|sld_jtag_hub:\jtag_hub_gen:sld_jtag_hub_inst|clr_reg                            ; Soc:inst1|Soc_jtag_uart:jtag_uart|alt_jtag_atlantic:Soc_jtag_uart_alt_jtag_atlantic|td_shift[8]     ; altera_reserved_tck ; altera_reserved_tck ; 0.000        ; 0.114      ; 2.784      ;
; 2.505  ; sld_hub:auto_hub|sld_jtag_hub:\jtag_hub_gen:sld_jtag_hub_inst|clr_reg                            ; Soc:inst1|Soc_jtag_uart:jtag_uart|alt_jtag_atlantic:Soc_jtag_uart_alt_jtag_atlantic|td_shift[1]     ; altera_reserved_tck ; altera_reserved_tck ; 0.000        ; 0.112      ; 2.803      ;
; 2.505  ; sld_hub:auto_hub|sld_jtag_hub:\jtag_hub_gen:sld_jtag_hub_inst|clr_reg                            ; Soc:inst1|Soc_jtag_uart:jtag_uart|alt_jtag_atlantic:Soc_jtag_uart_alt_jtag_atlantic|td_shift[2]     ; altera_reserved_tck ; altera_reserved_tck ; 0.000        ; 0.112      ; 2.803      ;
; 2.505  ; sld_hub:auto_hub|sld_jtag_hub:\jtag_hub_gen:sld_jtag_hub_inst|clr_reg                            ; Soc:inst1|Soc_jtag_uart:jtag_uart|alt_jtag_atlantic:Soc_jtag_uart_alt_jtag_atlantic|td_shift[3]     ; altera_reserved_tck ; altera_reserved_tck ; 0.000        ; 0.112      ; 2.803      ;
; 2.505  ; sld_hub:auto_hub|sld_jtag_hub:\jtag_hub_gen:sld_jtag_hub_inst|clr_reg                            ; Soc:inst1|Soc_jtag_uart:jtag_uart|alt_jtag_atlantic:Soc_jtag_uart_alt_jtag_atlantic|td_shift[4]     ; altera_reserved_tck ; altera_reserved_tck ; 0.000        ; 0.112      ; 2.803      ;
; 2.505  ; sld_hub:auto_hub|sld_jtag_hub:\jtag_hub_gen:sld_jtag_hub_inst|clr_reg                            ; Soc:inst1|Soc_jtag_uart:jtag_uart|alt_jtag_atlantic:Soc_jtag_uart_alt_jtag_atlantic|td_shift[5]     ; altera_reserved_tck ; altera_reserved_tck ; 0.000        ; 0.112      ; 2.803      ;
; 2.505  ; sld_hub:auto_hub|sld_jtag_hub:\jtag_hub_gen:sld_jtag_hub_inst|clr_reg                            ; Soc:inst1|Soc_jtag_uart:jtag_uart|alt_jtag_atlantic:Soc_jtag_uart_alt_jtag_atlantic|td_shift[6]     ; altera_reserved_tck ; altera_reserved_tck ; 0.000        ; 0.112      ; 2.803      ;
; 2.505  ; sld_hub:auto_hub|sld_jtag_hub:\jtag_hub_gen:sld_jtag_hub_inst|clr_reg                            ; Soc:inst1|Soc_jtag_uart:jtag_uart|alt_jtag_atlantic:Soc_jtag_uart_alt_jtag_atlantic|td_shift[7]     ; altera_reserved_tck ; altera_reserved_tck ; 0.000        ; 0.112      ; 2.803      ;
; 2.521  ; sld_hub:auto_hub|sld_jtag_hub:\jtag_hub_gen:sld_jtag_hub_inst|clr_reg                            ; Soc:inst1|Soc_jtag_uart:jtag_uart|alt_jtag_atlantic:Soc_jtag_uart_alt_jtag_atlantic|wdata[7]        ; altera_reserved_tck ; altera_reserved_tck ; 0.000        ; 0.113      ; 2.820      ;
; 2.521  ; sld_hub:auto_hub|sld_jtag_hub:\jtag_hub_gen:sld_jtag_hub_inst|clr_reg                            ; Soc:inst1|Soc_jtag_uart:jtag_uart|alt_jtag_atlantic:Soc_jtag_uart_alt_jtag_atlantic|wdata[6]        ; altera_reserved_tck ; altera_reserved_tck ; 0.000        ; 0.113      ; 2.820      ;
; 2.521  ; sld_hub:auto_hub|sld_jtag_hub:\jtag_hub_gen:sld_jtag_hub_inst|clr_reg                            ; Soc:inst1|Soc_jtag_uart:jtag_uart|alt_jtag_atlantic:Soc_jtag_uart_alt_jtag_atlantic|wdata[5]        ; altera_reserved_tck ; altera_reserved_tck ; 0.000        ; 0.113      ; 2.820      ;
; 2.521  ; sld_hub:auto_hub|sld_jtag_hub:\jtag_hub_gen:sld_jtag_hub_inst|clr_reg                            ; Soc:inst1|Soc_jtag_uart:jtag_uart|alt_jtag_atlantic:Soc_jtag_uart_alt_jtag_atlantic|write           ; altera_reserved_tck ; altera_reserved_tck ; 0.000        ; 0.113      ; 2.820      ;
; 2.521  ; sld_hub:auto_hub|sld_jtag_hub:\jtag_hub_gen:sld_jtag_hub_inst|clr_reg                            ; Soc:inst1|Soc_jtag_uart:jtag_uart|alt_jtag_atlantic:Soc_jtag_uart_alt_jtag_atlantic|wdata[4]        ; altera_reserved_tck ; altera_reserved_tck ; 0.000        ; 0.113      ; 2.820      ;
; 2.521  ; sld_hub:auto_hub|sld_jtag_hub:\jtag_hub_gen:sld_jtag_hub_inst|clr_reg                            ; Soc:inst1|Soc_jtag_uart:jtag_uart|alt_jtag_atlantic:Soc_jtag_uart_alt_jtag_atlantic|wdata[3]        ; altera_reserved_tck ; altera_reserved_tck ; 0.000        ; 0.113      ; 2.820      ;
; 2.521  ; sld_hub:auto_hub|sld_jtag_hub:\jtag_hub_gen:sld_jtag_hub_inst|clr_reg                            ; Soc:inst1|Soc_jtag_uart:jtag_uart|alt_jtag_atlantic:Soc_jtag_uart_alt_jtag_atlantic|wdata[2]        ; altera_reserved_tck ; altera_reserved_tck ; 0.000        ; 0.113      ; 2.820      ;
; 2.521  ; sld_hub:auto_hub|sld_jtag_hub:\jtag_hub_gen:sld_jtag_hub_inst|clr_reg                            ; Soc:inst1|Soc_jtag_uart:jtag_uart|alt_jtag_atlantic:Soc_jtag_uart_alt_jtag_atlantic|wdata[1]        ; altera_reserved_tck ; altera_reserved_tck ; 0.000        ; 0.113      ; 2.820      ;
; 51.592 ; sld_hub:auto_hub|sld_jtag_hub:\jtag_hub_gen:sld_jtag_hub_inst|sld_shadow_jsm:shadow_jsm|state[8] ; sld_hub:auto_hub|sld_jtag_hub:\jtag_hub_gen:sld_jtag_hub_inst|tdo                                   ; altera_reserved_tck ; altera_reserved_tck ; -50.000      ; 0.245      ; 2.023      ;
; 52.059 ; sld_hub:auto_hub|sld_jtag_hub:\jtag_hub_gen:sld_jtag_hub_inst|clr_reg                            ; Soc:inst1|Soc_jtag_uart:jtag_uart|alt_jtag_atlantic:Soc_jtag_uart_alt_jtag_atlantic|jupdate         ; altera_reserved_tck ; altera_reserved_tck ; -50.000      ; 0.242      ; 2.487      ;
; 52.361 ; sld_hub:auto_hub|sld_jtag_hub:\jtag_hub_gen:sld_jtag_hub_inst|clr_reg                            ; Soc:inst1|Soc_jtag_uart:jtag_uart|alt_jtag_atlantic:Soc_jtag_uart_alt_jtag_atlantic|tdo~reg0        ; altera_reserved_tck ; altera_reserved_tck ; -50.000      ; 0.273      ; 2.820      ;
+--------+--------------------------------------------------------------------------------------------------+-----------------------------------------------------------------------------------------------------+---------------------+---------------------+--------------+------------+------------+


+-----------------------------------------------------------------------------------------------------------------------------------------------------------------------------------------------------------------------------------------------------------------------------------------------------------------+
; Slow 1200mV 85C Model Minimum Pulse Width: 'altera_reserved_tck'                                                                                                                                                                                                                                                ;
+--------+--------------+----------------+------------------+---------------------+------------+------------------------------------------------------------------------------------------------------------------------------------------------------------------------------------------------------------------+
; Slack  ; Actual Width ; Required Width ; Type             ; Clock               ; Clock Edge ; Target                                                                                                                                                                                                           ;
+--------+--------------+----------------+------------------+---------------------+------------+------------------------------------------------------------------------------------------------------------------------------------------------------------------------------------------------------------------+
; 49.633 ; 49.853       ; 0.220          ; High Pulse Width ; altera_reserved_tck ; Fall       ; Soc:inst1|Soc_jtag_uart:jtag_uart|alt_jtag_atlantic:Soc_jtag_uart_alt_jtag_atlantic|jupdate                                                                                                                      ;
; 49.633 ; 49.853       ; 0.220          ; High Pulse Width ; altera_reserved_tck ; Fall       ; Soc:inst1|Soc_jtag_uart:jtag_uart|alt_jtag_atlantic:Soc_jtag_uart_alt_jtag_atlantic|tdo~reg0                                                                                                                     ;
; 49.633 ; 49.853       ; 0.220          ; High Pulse Width ; altera_reserved_tck ; Fall       ; sld_hub:auto_hub|sld_jtag_hub:\jtag_hub_gen:sld_jtag_hub_inst|tdo                                                                                                                                                ;
; 49.685 ; 49.873       ; 0.188          ; Low Pulse Width  ; altera_reserved_tck ; Rise       ; Soc:inst1|Soc_cpu:cpu|Soc_cpu_nios2_oci:the_Soc_cpu_nios2_oci|Soc_cpu_jtag_debug_module_wrapper:the_Soc_cpu_jtag_debug_module_wrapper|Soc_cpu_jtag_debug_module_tck:the_Soc_cpu_jtag_debug_module_tck|DRsize.000 ;
; 49.685 ; 49.873       ; 0.188          ; Low Pulse Width  ; altera_reserved_tck ; Rise       ; Soc:inst1|Soc_cpu:cpu|Soc_cpu_nios2_oci:the_Soc_cpu_nios2_oci|Soc_cpu_jtag_debug_module_wrapper:the_Soc_cpu_jtag_debug_module_wrapper|Soc_cpu_jtag_debug_module_tck:the_Soc_cpu_jtag_debug_module_tck|DRsize.010 ;
; 49.685 ; 49.873       ; 0.188          ; Low Pulse Width  ; altera_reserved_tck ; Rise       ; Soc:inst1|Soc_cpu:cpu|Soc_cpu_nios2_oci:the_Soc_cpu_nios2_oci|Soc_cpu_jtag_debug_module_wrapper:the_Soc_cpu_jtag_debug_module_wrapper|Soc_cpu_jtag_debug_module_tck:the_Soc_cpu_jtag_debug_module_tck|DRsize.100 ;
; 49.685 ; 49.873       ; 0.188          ; Low Pulse Width  ; altera_reserved_tck ; Rise       ; Soc:inst1|Soc_cpu:cpu|Soc_cpu_nios2_oci:the_Soc_cpu_nios2_oci|Soc_cpu_jtag_debug_module_wrapper:the_Soc_cpu_jtag_debug_module_wrapper|Soc_cpu_jtag_debug_module_tck:the_Soc_cpu_jtag_debug_module_tck|sr[10]     ;
; 49.685 ; 49.873       ; 0.188          ; Low Pulse Width  ; altera_reserved_tck ; Rise       ; Soc:inst1|Soc_cpu:cpu|Soc_cpu_nios2_oci:the_Soc_cpu_nios2_oci|Soc_cpu_jtag_debug_module_wrapper:the_Soc_cpu_jtag_debug_module_wrapper|Soc_cpu_jtag_debug_module_tck:the_Soc_cpu_jtag_debug_module_tck|sr[11]     ;
; 49.685 ; 49.873       ; 0.188          ; Low Pulse Width  ; altera_reserved_tck ; Rise       ; Soc:inst1|Soc_cpu:cpu|Soc_cpu_nios2_oci:the_Soc_cpu_nios2_oci|Soc_cpu_jtag_debug_module_wrapper:the_Soc_cpu_jtag_debug_module_wrapper|Soc_cpu_jtag_debug_module_tck:the_Soc_cpu_jtag_debug_module_tck|sr[12]     ;
; 49.685 ; 49.873       ; 0.188          ; Low Pulse Width  ; altera_reserved_tck ; Rise       ; Soc:inst1|Soc_cpu:cpu|Soc_cpu_nios2_oci:the_Soc_cpu_nios2_oci|Soc_cpu_jtag_debug_module_wrapper:the_Soc_cpu_jtag_debug_module_wrapper|Soc_cpu_jtag_debug_module_tck:the_Soc_cpu_jtag_debug_module_tck|sr[13]     ;
; 49.685 ; 49.873       ; 0.188          ; Low Pulse Width  ; altera_reserved_tck ; Rise       ; Soc:inst1|Soc_cpu:cpu|Soc_cpu_nios2_oci:the_Soc_cpu_nios2_oci|Soc_cpu_jtag_debug_module_wrapper:the_Soc_cpu_jtag_debug_module_wrapper|Soc_cpu_jtag_debug_module_tck:the_Soc_cpu_jtag_debug_module_tck|sr[14]     ;
; 49.685 ; 49.873       ; 0.188          ; Low Pulse Width  ; altera_reserved_tck ; Rise       ; Soc:inst1|Soc_cpu:cpu|Soc_cpu_nios2_oci:the_Soc_cpu_nios2_oci|Soc_cpu_jtag_debug_module_wrapper:the_Soc_cpu_jtag_debug_module_wrapper|Soc_cpu_jtag_debug_module_tck:the_Soc_cpu_jtag_debug_module_tck|sr[31]     ;
; 49.685 ; 49.873       ; 0.188          ; Low Pulse Width  ; altera_reserved_tck ; Rise       ; Soc:inst1|Soc_cpu:cpu|Soc_cpu_nios2_oci:the_Soc_cpu_nios2_oci|Soc_cpu_jtag_debug_module_wrapper:the_Soc_cpu_jtag_debug_module_wrapper|Soc_cpu_jtag_debug_module_tck:the_Soc_cpu_jtag_debug_module_tck|sr[7]      ;
; 49.685 ; 49.873       ; 0.188          ; Low Pulse Width  ; altera_reserved_tck ; Rise       ; Soc:inst1|Soc_cpu:cpu|Soc_cpu_nios2_oci:the_Soc_cpu_nios2_oci|Soc_cpu_jtag_debug_module_wrapper:the_Soc_cpu_jtag_debug_module_wrapper|Soc_cpu_jtag_debug_module_tck:the_Soc_cpu_jtag_debug_module_tck|sr[8]      ;
; 49.685 ; 49.873       ; 0.188          ; Low Pulse Width  ; altera_reserved_tck ; Rise       ; Soc:inst1|Soc_cpu:cpu|Soc_cpu_nios2_oci:the_Soc_cpu_nios2_oci|Soc_cpu_jtag_debug_module_wrapper:the_Soc_cpu_jtag_debug_module_wrapper|Soc_cpu_jtag_debug_module_tck:the_Soc_cpu_jtag_debug_module_tck|sr[9]      ;
; 49.685 ; 49.873       ; 0.188          ; Low Pulse Width  ; altera_reserved_tck ; Rise       ; Soc:inst1|Soc_jtag_uart:jtag_uart|alt_jtag_atlantic:Soc_jtag_uart_alt_jtag_atlantic|td_shift[1]                                                                                                                  ;
; 49.685 ; 49.873       ; 0.188          ; Low Pulse Width  ; altera_reserved_tck ; Rise       ; Soc:inst1|Soc_jtag_uart:jtag_uart|alt_jtag_atlantic:Soc_jtag_uart_alt_jtag_atlantic|td_shift[2]                                                                                                                  ;
; 49.685 ; 49.873       ; 0.188          ; Low Pulse Width  ; altera_reserved_tck ; Rise       ; Soc:inst1|Soc_jtag_uart:jtag_uart|alt_jtag_atlantic:Soc_jtag_uart_alt_jtag_atlantic|td_shift[3]                                                                                                                  ;
; 49.685 ; 49.873       ; 0.188          ; Low Pulse Width  ; altera_reserved_tck ; Rise       ; Soc:inst1|Soc_jtag_uart:jtag_uart|alt_jtag_atlantic:Soc_jtag_uart_alt_jtag_atlantic|td_shift[4]                                                                                                                  ;
; 49.685 ; 49.873       ; 0.188          ; Low Pulse Width  ; altera_reserved_tck ; Rise       ; Soc:inst1|Soc_jtag_uart:jtag_uart|alt_jtag_atlantic:Soc_jtag_uart_alt_jtag_atlantic|td_shift[5]                                                                                                                  ;
; 49.685 ; 49.873       ; 0.188          ; Low Pulse Width  ; altera_reserved_tck ; Rise       ; Soc:inst1|Soc_jtag_uart:jtag_uart|alt_jtag_atlantic:Soc_jtag_uart_alt_jtag_atlantic|td_shift[6]                                                                                                                  ;
; 49.685 ; 49.873       ; 0.188          ; Low Pulse Width  ; altera_reserved_tck ; Rise       ; Soc:inst1|Soc_jtag_uart:jtag_uart|alt_jtag_atlantic:Soc_jtag_uart_alt_jtag_atlantic|td_shift[7]                                                                                                                  ;
; 49.685 ; 49.873       ; 0.188          ; Low Pulse Width  ; altera_reserved_tck ; Rise       ; sld_hub:auto_hub|sld_jtag_hub:\jtag_hub_gen:sld_jtag_hub_inst|clr_reg                                                                                                                                            ;
; 49.685 ; 49.873       ; 0.188          ; Low Pulse Width  ; altera_reserved_tck ; Rise       ; sld_hub:auto_hub|sld_jtag_hub:\jtag_hub_gen:sld_jtag_hub_inst|hub_mode_reg[2]                                                                                                                                    ;
; 49.686 ; 49.874       ; 0.188          ; Low Pulse Width  ; altera_reserved_tck ; Rise       ; Soc:inst1|Soc_cpu:cpu|Soc_cpu_nios2_oci:the_Soc_cpu_nios2_oci|Soc_cpu_jtag_debug_module_wrapper:the_Soc_cpu_jtag_debug_module_wrapper|Soc_cpu_jtag_debug_module_tck:the_Soc_cpu_jtag_debug_module_tck|sr[1]      ;
; 49.686 ; 49.874       ; 0.188          ; Low Pulse Width  ; altera_reserved_tck ; Rise       ; Soc:inst1|Soc_cpu:cpu|Soc_cpu_nios2_oci:the_Soc_cpu_nios2_oci|Soc_cpu_jtag_debug_module_wrapper:the_Soc_cpu_jtag_debug_module_wrapper|Soc_cpu_jtag_debug_module_tck:the_Soc_cpu_jtag_debug_module_tck|sr[2]      ;
; 49.686 ; 49.874       ; 0.188          ; Low Pulse Width  ; altera_reserved_tck ; Rise       ; Soc:inst1|Soc_cpu:cpu|Soc_cpu_nios2_oci:the_Soc_cpu_nios2_oci|Soc_cpu_jtag_debug_module_wrapper:the_Soc_cpu_jtag_debug_module_wrapper|Soc_cpu_jtag_debug_module_tck:the_Soc_cpu_jtag_debug_module_tck|sr[3]      ;
; 49.686 ; 49.874       ; 0.188          ; Low Pulse Width  ; altera_reserved_tck ; Rise       ; Soc:inst1|Soc_cpu:cpu|Soc_cpu_nios2_oci:the_Soc_cpu_nios2_oci|Soc_cpu_jtag_debug_module_wrapper:the_Soc_cpu_jtag_debug_module_wrapper|Soc_cpu_jtag_debug_module_tck:the_Soc_cpu_jtag_debug_module_tck|sr[4]      ;
; 49.686 ; 49.874       ; 0.188          ; Low Pulse Width  ; altera_reserved_tck ; Rise       ; Soc:inst1|Soc_cpu:cpu|Soc_cpu_nios2_oci:the_Soc_cpu_nios2_oci|Soc_cpu_jtag_debug_module_wrapper:the_Soc_cpu_jtag_debug_module_wrapper|Soc_cpu_jtag_debug_module_tck:the_Soc_cpu_jtag_debug_module_tck|sr[5]      ;
; 49.686 ; 49.874       ; 0.188          ; Low Pulse Width  ; altera_reserved_tck ; Rise       ; Soc:inst1|Soc_cpu:cpu|Soc_cpu_nios2_oci:the_Soc_cpu_nios2_oci|Soc_cpu_jtag_debug_module_wrapper:the_Soc_cpu_jtag_debug_module_wrapper|Soc_cpu_jtag_debug_module_tck:the_Soc_cpu_jtag_debug_module_tck|sr[6]      ;
; 49.686 ; 49.874       ; 0.188          ; Low Pulse Width  ; altera_reserved_tck ; Rise       ; Soc:inst1|Soc_jtag_uart:jtag_uart|alt_jtag_atlantic:Soc_jtag_uart_alt_jtag_atlantic|count[0]                                                                                                                     ;
; 49.686 ; 49.874       ; 0.188          ; Low Pulse Width  ; altera_reserved_tck ; Rise       ; Soc:inst1|Soc_jtag_uart:jtag_uart|alt_jtag_atlantic:Soc_jtag_uart_alt_jtag_atlantic|count[1]                                                                                                                     ;
; 49.686 ; 49.874       ; 0.188          ; Low Pulse Width  ; altera_reserved_tck ; Rise       ; Soc:inst1|Soc_jtag_uart:jtag_uart|alt_jtag_atlantic:Soc_jtag_uart_alt_jtag_atlantic|count[2]                                                                                                                     ;
; 49.686 ; 49.874       ; 0.188          ; Low Pulse Width  ; altera_reserved_tck ; Rise       ; Soc:inst1|Soc_jtag_uart:jtag_uart|alt_jtag_atlantic:Soc_jtag_uart_alt_jtag_atlantic|count[3]                                                                                                                     ;
; 49.686 ; 49.874       ; 0.188          ; Low Pulse Width  ; altera_reserved_tck ; Rise       ; Soc:inst1|Soc_jtag_uart:jtag_uart|alt_jtag_atlantic:Soc_jtag_uart_alt_jtag_atlantic|count[4]                                                                                                                     ;
; 49.686 ; 49.874       ; 0.188          ; Low Pulse Width  ; altera_reserved_tck ; Rise       ; Soc:inst1|Soc_jtag_uart:jtag_uart|alt_jtag_atlantic:Soc_jtag_uart_alt_jtag_atlantic|count[5]                                                                                                                     ;
; 49.686 ; 49.874       ; 0.188          ; Low Pulse Width  ; altera_reserved_tck ; Rise       ; Soc:inst1|Soc_jtag_uart:jtag_uart|alt_jtag_atlantic:Soc_jtag_uart_alt_jtag_atlantic|count[6]                                                                                                                     ;
; 49.686 ; 49.874       ; 0.188          ; Low Pulse Width  ; altera_reserved_tck ; Rise       ; Soc:inst1|Soc_jtag_uart:jtag_uart|alt_jtag_atlantic:Soc_jtag_uart_alt_jtag_atlantic|count[7]                                                                                                                     ;
; 49.686 ; 49.874       ; 0.188          ; Low Pulse Width  ; altera_reserved_tck ; Rise       ; Soc:inst1|Soc_jtag_uart:jtag_uart|alt_jtag_atlantic:Soc_jtag_uart_alt_jtag_atlantic|count[8]                                                                                                                     ;
; 49.686 ; 49.874       ; 0.188          ; Low Pulse Width  ; altera_reserved_tck ; Rise       ; Soc:inst1|Soc_jtag_uart:jtag_uart|alt_jtag_atlantic:Soc_jtag_uart_alt_jtag_atlantic|count[9]                                                                                                                     ;
; 49.686 ; 49.874       ; 0.188          ; Low Pulse Width  ; altera_reserved_tck ; Rise       ; Soc:inst1|Soc_jtag_uart:jtag_uart|alt_jtag_atlantic:Soc_jtag_uart_alt_jtag_atlantic|td_shift[0]                                                                                                                  ;
; 49.686 ; 49.874       ; 0.188          ; Low Pulse Width  ; altera_reserved_tck ; Rise       ; Soc:inst1|Soc_jtag_uart:jtag_uart|alt_jtag_atlantic:Soc_jtag_uart_alt_jtag_atlantic|td_shift[10]                                                                                                                 ;
; 49.686 ; 49.874       ; 0.188          ; Low Pulse Width  ; altera_reserved_tck ; Rise       ; Soc:inst1|Soc_jtag_uart:jtag_uart|alt_jtag_atlantic:Soc_jtag_uart_alt_jtag_atlantic|td_shift[8]                                                                                                                  ;
; 49.686 ; 49.874       ; 0.188          ; Low Pulse Width  ; altera_reserved_tck ; Rise       ; Soc:inst1|Soc_jtag_uart:jtag_uart|alt_jtag_atlantic:Soc_jtag_uart_alt_jtag_atlantic|td_shift[9]                                                                                                                  ;
; 49.686 ; 49.874       ; 0.188          ; Low Pulse Width  ; altera_reserved_tck ; Rise       ; Soc:inst1|Soc_jtag_uart:jtag_uart|alt_jtag_atlantic:Soc_jtag_uart_alt_jtag_atlantic|user_saw_rvalid                                                                                                              ;
; 49.686 ; 49.874       ; 0.188          ; Low Pulse Width  ; altera_reserved_tck ; Rise       ; Soc:inst1|Soc_jtag_uart:jtag_uart|alt_jtag_atlantic:Soc_jtag_uart_alt_jtag_atlantic|wdata[1]                                                                                                                     ;
; 49.686 ; 49.874       ; 0.188          ; Low Pulse Width  ; altera_reserved_tck ; Rise       ; Soc:inst1|Soc_jtag_uart:jtag_uart|alt_jtag_atlantic:Soc_jtag_uart_alt_jtag_atlantic|wdata[2]                                                                                                                     ;
; 49.686 ; 49.874       ; 0.188          ; Low Pulse Width  ; altera_reserved_tck ; Rise       ; Soc:inst1|Soc_jtag_uart:jtag_uart|alt_jtag_atlantic:Soc_jtag_uart_alt_jtag_atlantic|wdata[3]                                                                                                                     ;
; 49.686 ; 49.874       ; 0.188          ; Low Pulse Width  ; altera_reserved_tck ; Rise       ; Soc:inst1|Soc_jtag_uart:jtag_uart|alt_jtag_atlantic:Soc_jtag_uart_alt_jtag_atlantic|wdata[4]                                                                                                                     ;
; 49.686 ; 49.874       ; 0.188          ; Low Pulse Width  ; altera_reserved_tck ; Rise       ; Soc:inst1|Soc_jtag_uart:jtag_uart|alt_jtag_atlantic:Soc_jtag_uart_alt_jtag_atlantic|wdata[5]                                                                                                                     ;
; 49.686 ; 49.874       ; 0.188          ; Low Pulse Width  ; altera_reserved_tck ; Rise       ; Soc:inst1|Soc_jtag_uart:jtag_uart|alt_jtag_atlantic:Soc_jtag_uart_alt_jtag_atlantic|wdata[6]                                                                                                                     ;
; 49.686 ; 49.874       ; 0.188          ; Low Pulse Width  ; altera_reserved_tck ; Rise       ; Soc:inst1|Soc_jtag_uart:jtag_uart|alt_jtag_atlantic:Soc_jtag_uart_alt_jtag_atlantic|wdata[7]                                                                                                                     ;
; 49.686 ; 49.874       ; 0.188          ; Low Pulse Width  ; altera_reserved_tck ; Rise       ; Soc:inst1|Soc_jtag_uart:jtag_uart|alt_jtag_atlantic:Soc_jtag_uart_alt_jtag_atlantic|write                                                                                                                        ;
; 49.686 ; 49.874       ; 0.188          ; Low Pulse Width  ; altera_reserved_tck ; Rise       ; sld_hub:auto_hub|sld_jtag_hub:\jtag_hub_gen:sld_jtag_hub_inst|design_hash_reg[0]                                                                                                                                 ;
; 49.686 ; 49.874       ; 0.188          ; Low Pulse Width  ; altera_reserved_tck ; Rise       ; sld_hub:auto_hub|sld_jtag_hub:\jtag_hub_gen:sld_jtag_hub_inst|design_hash_reg[1]                                                                                                                                 ;
; 49.686 ; 49.874       ; 0.188          ; Low Pulse Width  ; altera_reserved_tck ; Rise       ; sld_hub:auto_hub|sld_jtag_hub:\jtag_hub_gen:sld_jtag_hub_inst|design_hash_reg[2]                                                                                                                                 ;
; 49.686 ; 49.874       ; 0.188          ; Low Pulse Width  ; altera_reserved_tck ; Rise       ; sld_hub:auto_hub|sld_jtag_hub:\jtag_hub_gen:sld_jtag_hub_inst|design_hash_reg[3]                                                                                                                                 ;
; 49.686 ; 49.874       ; 0.188          ; Low Pulse Width  ; altera_reserved_tck ; Rise       ; sld_hub:auto_hub|sld_jtag_hub:\jtag_hub_gen:sld_jtag_hub_inst|hub_minor_ver_reg[0]                                                                                                                               ;
; 49.686 ; 49.874       ; 0.188          ; Low Pulse Width  ; altera_reserved_tck ; Rise       ; sld_hub:auto_hub|sld_jtag_hub:\jtag_hub_gen:sld_jtag_hub_inst|hub_minor_ver_reg[1]                                                                                                                               ;
; 49.686 ; 49.874       ; 0.188          ; Low Pulse Width  ; altera_reserved_tck ; Rise       ; sld_hub:auto_hub|sld_jtag_hub:\jtag_hub_gen:sld_jtag_hub_inst|hub_minor_ver_reg[2]                                                                                                                               ;
; 49.686 ; 49.874       ; 0.188          ; Low Pulse Width  ; altera_reserved_tck ; Rise       ; sld_hub:auto_hub|sld_jtag_hub:\jtag_hub_gen:sld_jtag_hub_inst|hub_minor_ver_reg[3]                                                                                                                               ;
; 49.686 ; 49.874       ; 0.188          ; Low Pulse Width  ; altera_reserved_tck ; Rise       ; sld_hub:auto_hub|sld_jtag_hub:\jtag_hub_gen:sld_jtag_hub_inst|hub_mode_reg[0]                                                                                                                                    ;
; 49.686 ; 49.874       ; 0.188          ; Low Pulse Width  ; altera_reserved_tck ; Rise       ; sld_hub:auto_hub|sld_jtag_hub:\jtag_hub_gen:sld_jtag_hub_inst|hub_mode_reg[1]                                                                                                                                    ;
; 49.686 ; 49.874       ; 0.188          ; Low Pulse Width  ; altera_reserved_tck ; Rise       ; sld_hub:auto_hub|sld_jtag_hub:\jtag_hub_gen:sld_jtag_hub_inst|identity_contrib_shift_reg[0]                                                                                                                      ;
; 49.686 ; 49.874       ; 0.188          ; Low Pulse Width  ; altera_reserved_tck ; Rise       ; sld_hub:auto_hub|sld_jtag_hub:\jtag_hub_gen:sld_jtag_hub_inst|identity_contrib_shift_reg[1]                                                                                                                      ;
; 49.686 ; 49.874       ; 0.188          ; Low Pulse Width  ; altera_reserved_tck ; Rise       ; sld_hub:auto_hub|sld_jtag_hub:\jtag_hub_gen:sld_jtag_hub_inst|identity_contrib_shift_reg[2]                                                                                                                      ;
; 49.686 ; 49.874       ; 0.188          ; Low Pulse Width  ; altera_reserved_tck ; Rise       ; sld_hub:auto_hub|sld_jtag_hub:\jtag_hub_gen:sld_jtag_hub_inst|identity_contrib_shift_reg[3]                                                                                                                      ;
; 49.686 ; 49.874       ; 0.188          ; Low Pulse Width  ; altera_reserved_tck ; Rise       ; sld_hub:auto_hub|sld_jtag_hub:\jtag_hub_gen:sld_jtag_hub_inst|identity_contrib_update_reg[0]                                                                                                                     ;
; 49.686 ; 49.874       ; 0.188          ; Low Pulse Width  ; altera_reserved_tck ; Rise       ; sld_hub:auto_hub|sld_jtag_hub:\jtag_hub_gen:sld_jtag_hub_inst|identity_contrib_update_reg[1]                                                                                                                     ;
; 49.686 ; 49.874       ; 0.188          ; Low Pulse Width  ; altera_reserved_tck ; Rise       ; sld_hub:auto_hub|sld_jtag_hub:\jtag_hub_gen:sld_jtag_hub_inst|identity_contrib_update_reg[2]                                                                                                                     ;
; 49.686 ; 49.874       ; 0.188          ; Low Pulse Width  ; altera_reserved_tck ; Rise       ; sld_hub:auto_hub|sld_jtag_hub:\jtag_hub_gen:sld_jtag_hub_inst|identity_contrib_update_reg[3]                                                                                                                     ;
; 49.686 ; 49.874       ; 0.188          ; Low Pulse Width  ; altera_reserved_tck ; Rise       ; sld_hub:auto_hub|sld_jtag_hub:\jtag_hub_gen:sld_jtag_hub_inst|irf_reg[1][0]                                                                                                                                      ;
; 49.686 ; 49.874       ; 0.188          ; Low Pulse Width  ; altera_reserved_tck ; Rise       ; sld_hub:auto_hub|sld_jtag_hub:\jtag_hub_gen:sld_jtag_hub_inst|irf_reg[1][1]                                                                                                                                      ;
; 49.686 ; 49.874       ; 0.188          ; Low Pulse Width  ; altera_reserved_tck ; Rise       ; sld_hub:auto_hub|sld_jtag_hub:\jtag_hub_gen:sld_jtag_hub_inst|irf_reg[1][2]                                                                                                                                      ;
; 49.686 ; 49.874       ; 0.188          ; Low Pulse Width  ; altera_reserved_tck ; Rise       ; sld_hub:auto_hub|sld_jtag_hub:\jtag_hub_gen:sld_jtag_hub_inst|irf_reg[1][3]                                                                                                                                      ;
; 49.686 ; 49.874       ; 0.188          ; Low Pulse Width  ; altera_reserved_tck ; Rise       ; sld_hub:auto_hub|sld_jtag_hub:\jtag_hub_gen:sld_jtag_hub_inst|irf_reg[1][4]                                                                                                                                      ;
; 49.686 ; 49.874       ; 0.188          ; Low Pulse Width  ; altera_reserved_tck ; Rise       ; sld_hub:auto_hub|sld_jtag_hub:\jtag_hub_gen:sld_jtag_hub_inst|irf_reg[2][0]                                                                                                                                      ;
; 49.686 ; 49.874       ; 0.188          ; Low Pulse Width  ; altera_reserved_tck ; Rise       ; sld_hub:auto_hub|sld_jtag_hub:\jtag_hub_gen:sld_jtag_hub_inst|irf_reg[2][1]                                                                                                                                      ;
; 49.686 ; 49.874       ; 0.188          ; Low Pulse Width  ; altera_reserved_tck ; Rise       ; sld_hub:auto_hub|sld_jtag_hub:\jtag_hub_gen:sld_jtag_hub_inst|irf_reg[2][2]                                                                                                                                      ;
; 49.686 ; 49.874       ; 0.188          ; Low Pulse Width  ; altera_reserved_tck ; Rise       ; sld_hub:auto_hub|sld_jtag_hub:\jtag_hub_gen:sld_jtag_hub_inst|irf_reg[2][3]                                                                                                                                      ;
; 49.686 ; 49.874       ; 0.188          ; Low Pulse Width  ; altera_reserved_tck ; Rise       ; sld_hub:auto_hub|sld_jtag_hub:\jtag_hub_gen:sld_jtag_hub_inst|irf_reg[2][4]                                                                                                                                      ;
; 49.686 ; 49.874       ; 0.188          ; Low Pulse Width  ; altera_reserved_tck ; Rise       ; sld_hub:auto_hub|sld_jtag_hub:\jtag_hub_gen:sld_jtag_hub_inst|irsr_reg[0]                                                                                                                                        ;
; 49.686 ; 49.874       ; 0.188          ; Low Pulse Width  ; altera_reserved_tck ; Rise       ; sld_hub:auto_hub|sld_jtag_hub:\jtag_hub_gen:sld_jtag_hub_inst|irsr_reg[1]                                                                                                                                        ;
; 49.686 ; 49.874       ; 0.188          ; Low Pulse Width  ; altera_reserved_tck ; Rise       ; sld_hub:auto_hub|sld_jtag_hub:\jtag_hub_gen:sld_jtag_hub_inst|irsr_reg[2]                                                                                                                                        ;
; 49.686 ; 49.874       ; 0.188          ; Low Pulse Width  ; altera_reserved_tck ; Rise       ; sld_hub:auto_hub|sld_jtag_hub:\jtag_hub_gen:sld_jtag_hub_inst|irsr_reg[3]                                                                                                                                        ;
; 49.686 ; 49.874       ; 0.188          ; Low Pulse Width  ; altera_reserved_tck ; Rise       ; sld_hub:auto_hub|sld_jtag_hub:\jtag_hub_gen:sld_jtag_hub_inst|irsr_reg[4]                                                                                                                                        ;
; 49.686 ; 49.874       ; 0.188          ; Low Pulse Width  ; altera_reserved_tck ; Rise       ; sld_hub:auto_hub|sld_jtag_hub:\jtag_hub_gen:sld_jtag_hub_inst|irsr_reg[5]                                                                                                                                        ;
; 49.686 ; 49.874       ; 0.188          ; Low Pulse Width  ; altera_reserved_tck ; Rise       ; sld_hub:auto_hub|sld_jtag_hub:\jtag_hub_gen:sld_jtag_hub_inst|irsr_reg[6]                                                                                                                                        ;
; 49.686 ; 49.874       ; 0.188          ; Low Pulse Width  ; altera_reserved_tck ; Rise       ; sld_hub:auto_hub|sld_jtag_hub:\jtag_hub_gen:sld_jtag_hub_inst|mixer_addr_reg[0]                                                                                                                                  ;
; 49.686 ; 49.874       ; 0.188          ; Low Pulse Width  ; altera_reserved_tck ; Rise       ; sld_hub:auto_hub|sld_jtag_hub:\jtag_hub_gen:sld_jtag_hub_inst|mixer_addr_reg[1]                                                                                                                                  ;
; 49.686 ; 49.874       ; 0.188          ; Low Pulse Width  ; altera_reserved_tck ; Rise       ; sld_hub:auto_hub|sld_jtag_hub:\jtag_hub_gen:sld_jtag_hub_inst|mixer_addr_reg[2]                                                                                                                                  ;
; 49.686 ; 49.874       ; 0.188          ; Low Pulse Width  ; altera_reserved_tck ; Rise       ; sld_hub:auto_hub|sld_jtag_hub:\jtag_hub_gen:sld_jtag_hub_inst|mixer_addr_reg[3]                                                                                                                                  ;
; 49.686 ; 49.874       ; 0.188          ; Low Pulse Width  ; altera_reserved_tck ; Rise       ; sld_hub:auto_hub|sld_jtag_hub:\jtag_hub_gen:sld_jtag_hub_inst|mixer_addr_reg[4]                                                                                                                                  ;
; 49.686 ; 49.874       ; 0.188          ; Low Pulse Width  ; altera_reserved_tck ; Rise       ; sld_hub:auto_hub|sld_jtag_hub:\jtag_hub_gen:sld_jtag_hub_inst|node_ena[1]~reg0                                                                                                                                   ;
; 49.686 ; 49.874       ; 0.188          ; Low Pulse Width  ; altera_reserved_tck ; Rise       ; sld_hub:auto_hub|sld_jtag_hub:\jtag_hub_gen:sld_jtag_hub_inst|node_ena[2]~reg0                                                                                                                                   ;
; 49.686 ; 49.874       ; 0.188          ; Low Pulse Width  ; altera_reserved_tck ; Rise       ; sld_hub:auto_hub|sld_jtag_hub:\jtag_hub_gen:sld_jtag_hub_inst|reset_ena_reg                                                                                                                                      ;
; 49.686 ; 49.874       ; 0.188          ; Low Pulse Width  ; altera_reserved_tck ; Rise       ; sld_hub:auto_hub|sld_jtag_hub:\jtag_hub_gen:sld_jtag_hub_inst|shadow_irf_reg[1][0]                                                                                                                               ;
; 49.686 ; 49.874       ; 0.188          ; Low Pulse Width  ; altera_reserved_tck ; Rise       ; sld_hub:auto_hub|sld_jtag_hub:\jtag_hub_gen:sld_jtag_hub_inst|shadow_irf_reg[1][1]                                                                                                                               ;
; 49.686 ; 49.874       ; 0.188          ; Low Pulse Width  ; altera_reserved_tck ; Rise       ; sld_hub:auto_hub|sld_jtag_hub:\jtag_hub_gen:sld_jtag_hub_inst|shadow_irf_reg[1][2]                                                                                                                               ;
; 49.686 ; 49.874       ; 0.188          ; Low Pulse Width  ; altera_reserved_tck ; Rise       ; sld_hub:auto_hub|sld_jtag_hub:\jtag_hub_gen:sld_jtag_hub_inst|shadow_irf_reg[1][3]                                                                                                                               ;
+--------+--------------+----------------+------------------+---------------------+------------+------------------------------------------------------------------------------------------------------------------------------------------------------------------------------------------------------------------+


+------------------------------------------------------------------------------------------------+
; Setup Times                                                                                    ;
+---------------------+---------------------+--------+--------+------------+---------------------+
; Data Port           ; Clock Port          ; Rise   ; Fall   ; Clock Edge ; Clock Reference     ;
+---------------------+---------------------+--------+--------+------------+---------------------+
; altera_reserved_tdi ; altera_reserved_tck ; 7.409  ; 7.283  ; Rise       ; altera_reserved_tck ;
; altera_reserved_tms ; altera_reserved_tck ; 10.596 ; 10.727 ; Rise       ; altera_reserved_tck ;
+---------------------+---------------------+--------+--------+------------+---------------------+


+------------------------------------------------------------------------------------------------+
; Hold Times                                                                                     ;
+---------------------+---------------------+--------+--------+------------+---------------------+
; Data Port           ; Clock Port          ; Rise   ; Fall   ; Clock Edge ; Clock Reference     ;
+---------------------+---------------------+--------+--------+------------+---------------------+
; altera_reserved_tdi ; altera_reserved_tck ; -2.331 ; -2.310 ; Rise       ; altera_reserved_tck ;
; altera_reserved_tms ; altera_reserved_tck ; -3.631 ; -3.826 ; Rise       ; altera_reserved_tck ;
+---------------------+---------------------+--------+--------+------------+---------------------+


+------------------------------------------------------------------------------------------------+
; Clock to Output Times                                                                          ;
+---------------------+---------------------+--------+--------+------------+---------------------+
; Data Port           ; Clock Port          ; Rise   ; Fall   ; Clock Edge ; Clock Reference     ;
+---------------------+---------------------+--------+--------+------------+---------------------+
; altera_reserved_tdo ; altera_reserved_tck ; 15.162 ; 15.858 ; Fall       ; altera_reserved_tck ;
+---------------------+---------------------+--------+--------+------------+---------------------+


+------------------------------------------------------------------------------------------------+
; Minimum Clock to Output Times                                                                  ;
+---------------------+---------------------+--------+--------+------------+---------------------+
; Data Port           ; Clock Port          ; Rise   ; Fall   ; Clock Edge ; Clock Reference     ;
+---------------------+---------------------+--------+--------+------------+---------------------+
; altera_reserved_tdo ; altera_reserved_tck ; 12.729 ; 13.424 ; Fall       ; altera_reserved_tck ;
+---------------------+---------------------+--------+--------+------------+---------------------+


----------------
; MTBF Summary ;
----------------
Typical MTBF of Design is 1e+09 years or 3.15e+16 seconds.

Number of Synchronizer Chains Found: 2
Shortest Synchronizer Chain: 2 Registers
Fraction of Chains for which MTBFs Could Not be Calculated: 0.000
Worst Case Available Settling Time: 196.898 ns

Typical MTBF values are calculated based on the nominal silicon characteristics, at nominal operating conditions.
  - Under typical conditions, an increase of 100ps in available settling time will increase MTBF values by a factor of 10.8



+--------------------------------------------------------------------------------------------------------------------------------------------------------------------------------------------------------------------------------------------------------------------------------------------------------------------------------------------------------------------------------------------------------------------------------------------------------+
; Synchronizer Summary                                                                                                                                                                                                                                                                                                                                                                                                                                   ;
+---------------------------------------------------------------------------------------------------------------------------------+-------------------------------------------------------------------------------------------------------------------------------------------------------------------------------------------------------------------------------------------------------------------+------------------------+-------------------------+
; Source Node                                                                                                                     ; Synchronization Node                                                                                                                                                                                                                                              ; Typical MTBF (Years)   ; Included in Design MTBF ;
+---------------------------------------------------------------------------------------------------------------------------------+-------------------------------------------------------------------------------------------------------------------------------------------------------------------------------------------------------------------------------------------------------------------+------------------------+-------------------------+
; Soc:inst1|Soc_cpu:cpu|hbreak_enabled                                                                                            ; Soc:inst1|Soc_cpu:cpu|Soc_cpu_nios2_oci:the_Soc_cpu_nios2_oci|Soc_cpu_jtag_debug_module_wrapper:the_Soc_cpu_jtag_debug_module_wrapper|Soc_cpu_jtag_debug_module_tck:the_Soc_cpu_jtag_debug_module_tck|altera_std_synchronizer:the_altera_std_synchronizer1|din_s1 ; Greater than 1 Billion ; Yes                     ;
; Soc:inst1|Soc_cpu:cpu|Soc_cpu_nios2_oci:the_Soc_cpu_nios2_oci|Soc_cpu_nios2_oci_debug:the_Soc_cpu_nios2_oci_debug|monitor_ready ; Soc:inst1|Soc_cpu:cpu|Soc_cpu_nios2_oci:the_Soc_cpu_nios2_oci|Soc_cpu_jtag_debug_module_wrapper:the_Soc_cpu_jtag_debug_module_wrapper|Soc_cpu_jtag_debug_module_tck:the_Soc_cpu_jtag_debug_module_tck|altera_std_synchronizer:the_altera_std_synchronizer2|din_s1 ; Greater than 1 Billion ; Yes                     ;
+---------------------------------------------------------------------------------------------------------------------------------+-------------------------------------------------------------------------------------------------------------------------------------------------------------------------------------------------------------------------------------------------------------------+------------------------+-------------------------+


Synchronizer Chain #1: Typical MTBF is Greater than 1 Billion Years
===============================================================================
+---------------------------------------------------------------------------------------------------------------------------------------------------------------------------------------------------------------------------------------------------------------------------------------------+
; Chain Summary                                                                                                                                                                                                                                                                               ;
+-------------------------+-------------------------------------------------------------------------------------------------------------------------------------------------------------------------------------------------------------------------------------------------------------------+
; Property                ; Value                                                                                                                                                                                                                                                             ;
+-------------------------+-------------------------------------------------------------------------------------------------------------------------------------------------------------------------------------------------------------------------------------------------------------------+
; Source Node             ; Soc:inst1|Soc_cpu:cpu|hbreak_enabled                                                                                                                                                                                                                              ;
; Synchronization Node    ; Soc:inst1|Soc_cpu:cpu|Soc_cpu_nios2_oci:the_Soc_cpu_nios2_oci|Soc_cpu_jtag_debug_module_wrapper:the_Soc_cpu_jtag_debug_module_wrapper|Soc_cpu_jtag_debug_module_tck:the_Soc_cpu_jtag_debug_module_tck|altera_std_synchronizer:the_altera_std_synchronizer1|din_s1 ;
; Typical MTBF (years)    ; Greater than 1 Billion                                                                                                                                                                                                                                            ;
; Included in Design MTBF ; Yes                                                                                                                                                                                                                                                               ;
+-------------------------+-------------------------------------------------------------------------------------------------------------------------------------------------------------------------------------------------------------------------------------------------------------------+

+-----------------------------------------------------------------------------------------------------------------------------------------------------------------------------------------------------------------------------------------------------------------------------------------------------------------------------------------------+
; Statistics                                                                                                                                                                                                                                                                                                                                    ;
+---------------------------------------------------------------------------------------------------------------------------------------------------------------------------------------------------------------------------------------------------------------------+------------------------+--------------+------------------+--------------+
; Property                                                                                                                                                                                                                                                            ; Value                  ; Clock Period ; Active Edge Rate ; Output Slack ;
+---------------------------------------------------------------------------------------------------------------------------------------------------------------------------------------------------------------------------------------------------------------------+------------------------+--------------+------------------+--------------+
; Method of Synchronizer Identification                                                                                                                                                                                                                               ; User Specified         ;              ;                  ;              ;
; Typical MTBF (years)                                                                                                                                                                                                                                                ; Greater than 1 Billion ;              ;                  ;              ;
; Number of Synchronization Registers in Chain                                                                                                                                                                                                                        ; 2                      ;              ;                  ;              ;
; Available Settling Time (ns)                                                                                                                                                                                                                                        ; 196.898                ;              ;                  ;              ;
; Data Toggle Rate Used in MTBF Calculation (millions of transitions / sec)                                                                                                                                                                                           ; 1.25                   ;              ;                  ;              ;
; Source Clock                                                                                                                                                                                                                                                        ;                        ;              ;                  ;              ;
;  Unknown                                                                                                                                                                                                                                                            ;                        ;              ;                  ;              ;
; Synchronization Clock                                                                                                                                                                                                                                               ;                        ;              ;                  ;              ;
;  altera_reserved_tck                                                                                                                                                                                                                                                ;                        ; 100.000      ; 10.0 MHz         ;              ;
; Asynchronous Source                                                                                                                                                                                                                                                 ;                        ;              ;                  ;              ;
;  Soc:inst1|Soc_cpu:cpu|hbreak_enabled                                                                                                                                                                                                                               ;                        ;              ;                  ;              ;
; Synchronization Registers                                                                                                                                                                                                                                           ;                        ;              ;                  ;              ;
;  Soc:inst1|Soc_cpu:cpu|Soc_cpu_nios2_oci:the_Soc_cpu_nios2_oci|Soc_cpu_jtag_debug_module_wrapper:the_Soc_cpu_jtag_debug_module_wrapper|Soc_cpu_jtag_debug_module_tck:the_Soc_cpu_jtag_debug_module_tck|altera_std_synchronizer:the_altera_std_synchronizer1|din_s1  ;                        ;              ;                  ; 99.146       ;
;  Soc:inst1|Soc_cpu:cpu|Soc_cpu_nios2_oci:the_Soc_cpu_nios2_oci|Soc_cpu_jtag_debug_module_wrapper:the_Soc_cpu_jtag_debug_module_wrapper|Soc_cpu_jtag_debug_module_tck:the_Soc_cpu_jtag_debug_module_tck|altera_std_synchronizer:the_altera_std_synchronizer1|dreg[0] ;                        ;              ;                  ; 97.752       ;
+---------------------------------------------------------------------------------------------------------------------------------------------------------------------------------------------------------------------------------------------------------------------+------------------------+--------------+------------------+--------------+



Synchronizer Chain #2: Typical MTBF is Greater than 1 Billion Years
===============================================================================
+---------------------------------------------------------------------------------------------------------------------------------------------------------------------------------------------------------------------------------------------------------------------------------------------+
; Chain Summary                                                                                                                                                                                                                                                                               ;
+-------------------------+-------------------------------------------------------------------------------------------------------------------------------------------------------------------------------------------------------------------------------------------------------------------+
; Property                ; Value                                                                                                                                                                                                                                                             ;
+-------------------------+-------------------------------------------------------------------------------------------------------------------------------------------------------------------------------------------------------------------------------------------------------------------+
; Source Node             ; Soc:inst1|Soc_cpu:cpu|Soc_cpu_nios2_oci:the_Soc_cpu_nios2_oci|Soc_cpu_nios2_oci_debug:the_Soc_cpu_nios2_oci_debug|monitor_ready                                                                                                                                   ;
; Synchronization Node    ; Soc:inst1|Soc_cpu:cpu|Soc_cpu_nios2_oci:the_Soc_cpu_nios2_oci|Soc_cpu_jtag_debug_module_wrapper:the_Soc_cpu_jtag_debug_module_wrapper|Soc_cpu_jtag_debug_module_tck:the_Soc_cpu_jtag_debug_module_tck|altera_std_synchronizer:the_altera_std_synchronizer2|din_s1 ;
; Typical MTBF (years)    ; Greater than 1 Billion                                                                                                                                                                                                                                            ;
; Included in Design MTBF ; Yes                                                                                                                                                                                                                                                               ;
+-------------------------+-------------------------------------------------------------------------------------------------------------------------------------------------------------------------------------------------------------------------------------------------------------------+

+-----------------------------------------------------------------------------------------------------------------------------------------------------------------------------------------------------------------------------------------------------------------------------------------------------------------------------------------------+
; Statistics                                                                                                                                                                                                                                                                                                                                    ;
+---------------------------------------------------------------------------------------------------------------------------------------------------------------------------------------------------------------------------------------------------------------------+------------------------+--------------+------------------+--------------+
; Property                                                                                                                                                                                                                                                            ; Value                  ; Clock Period ; Active Edge Rate ; Output Slack ;
+---------------------------------------------------------------------------------------------------------------------------------------------------------------------------------------------------------------------------------------------------------------------+------------------------+--------------+------------------+--------------+
; Method of Synchronizer Identification                                                                                                                                                                                                                               ; User Specified         ;              ;                  ;              ;
; Typical MTBF (years)                                                                                                                                                                                                                                                ; Greater than 1 Billion ;              ;                  ;              ;
; Number of Synchronization Registers in Chain                                                                                                                                                                                                                        ; 2                      ;              ;                  ;              ;
; Available Settling Time (ns)                                                                                                                                                                                                                                        ; 197.448                ;              ;                  ;              ;
; Data Toggle Rate Used in MTBF Calculation (millions of transitions / sec)                                                                                                                                                                                           ; 1.25                   ;              ;                  ;              ;
; Source Clock                                                                                                                                                                                                                                                        ;                        ;              ;                  ;              ;
;  Unknown                                                                                                                                                                                                                                                            ;                        ;              ;                  ;              ;
; Synchronization Clock                                                                                                                                                                                                                                               ;                        ;              ;                  ;              ;
;  altera_reserved_tck                                                                                                                                                                                                                                                ;                        ; 100.000      ; 10.0 MHz         ;              ;
; Asynchronous Source                                                                                                                                                                                                                                                 ;                        ;              ;                  ;              ;
;  Soc:inst1|Soc_cpu:cpu|Soc_cpu_nios2_oci:the_Soc_cpu_nios2_oci|Soc_cpu_nios2_oci_debug:the_Soc_cpu_nios2_oci_debug|monitor_ready                                                                                                                                    ;                        ;              ;                  ;              ;
; Synchronization Registers                                                                                                                                                                                                                                           ;                        ;              ;                  ;              ;
;  Soc:inst1|Soc_cpu:cpu|Soc_cpu_nios2_oci:the_Soc_cpu_nios2_oci|Soc_cpu_jtag_debug_module_wrapper:the_Soc_cpu_jtag_debug_module_wrapper|Soc_cpu_jtag_debug_module_tck:the_Soc_cpu_jtag_debug_module_tck|altera_std_synchronizer:the_altera_std_synchronizer2|din_s1  ;                        ;              ;                  ; 99.148       ;
;  Soc:inst1|Soc_cpu:cpu|Soc_cpu_nios2_oci:the_Soc_cpu_nios2_oci|Soc_cpu_jtag_debug_module_wrapper:the_Soc_cpu_jtag_debug_module_wrapper|Soc_cpu_jtag_debug_module_tck:the_Soc_cpu_jtag_debug_module_tck|altera_std_synchronizer:the_altera_std_synchronizer2|dreg[0] ;                        ;              ;                  ; 98.300       ;
+---------------------------------------------------------------------------------------------------------------------------------------------------------------------------------------------------------------------------------------------------------------------+------------------------+--------------+------------------+--------------+



+-----------------------------------------------------------+
; Slow 1200mV 0C Model Fmax Summary                         ;
+------------+-----------------+---------------------+------+
; Fmax       ; Restricted Fmax ; Clock Name          ; Note ;
+------------+-----------------+---------------------+------+
; 123.27 MHz ; 123.27 MHz      ; altera_reserved_tck ;      ;
+------------+-----------------+---------------------+------+
This panel reports FMAX for every clock in the design, regardless of the user-specified clock periods.  FMAX is only computed for paths where the source and destination registers or ports are driven by the same clock.  Paths of different clocks, including generated clocks, are ignored.  For paths between a clock and its inversion, FMAX is computed as if the rising and falling edges are scaled along with FMAX, such that the duty cycle (in terms of a percentage) is maintained. Altera recommends that you always use clock constraints and other slack reports for sign-off analysis.


+----------------------------------------------+
; Slow 1200mV 0C Model Setup Summary           ;
+---------------------+--------+---------------+
; Clock               ; Slack  ; End Point TNS ;
+---------------------+--------+---------------+
; altera_reserved_tck ; 45.944 ; 0.000         ;
+---------------------+--------+---------------+


+---------------------------------------------+
; Slow 1200mV 0C Model Hold Summary           ;
+---------------------+-------+---------------+
; Clock               ; Slack ; End Point TNS ;
+---------------------+-------+---------------+
; altera_reserved_tck ; 0.355 ; 0.000         ;
+---------------------+-------+---------------+


+----------------------------------------------+
; Slow 1200mV 0C Model Recovery Summary        ;
+---------------------+--------+---------------+
; Clock               ; Slack  ; End Point TNS ;
+---------------------+--------+---------------+
; altera_reserved_tck ; 47.443 ; 0.000         ;
+---------------------+--------+---------------+


+---------------------------------------------+
; Slow 1200mV 0C Model Removal Summary        ;
+---------------------+-------+---------------+
; Clock               ; Slack ; End Point TNS ;
+---------------------+-------+---------------+
; altera_reserved_tck ; 1.332 ; 0.000         ;
+---------------------+-------+---------------+


+--------------------------------------------------+
; Slow 1200mV 0C Model Minimum Pulse Width Summary ;
+---------------------+--------+-------------------+
; Clock               ; Slack  ; End Point TNS     ;
+---------------------+--------+-------------------+
; altera_reserved_tck ; 49.576 ; 0.000             ;
+---------------------+--------+-------------------+


+--------------------------------------------------------------------------------------------------------------------------------------------------------------------------------------------------------------------------------------------------------------------------------------------------------------------------------------------------------------------------------------------------------------------------------------------------------------------------------------------------------------------------+
; Slow 1200mV 0C Model Setup: 'altera_reserved_tck'                                                                                                                                                                                                                                                                                                                                                                                                                                                                        ;
+--------+-------------------------------------------------------------------------------------------------------------------------------------------------------------------------------------------------------------+--------------------------------------------------------------------------------------------------------------------------------------------------------------------------------------------------------------+---------------------+---------------------+--------------+------------+------------+
; Slack  ; From Node                                                                                                                                                                                                   ; To Node                                                                                                                                                                                                      ; Launch Clock        ; Latch Clock         ; Relationship ; Clock Skew ; Data Delay ;
+--------+-------------------------------------------------------------------------------------------------------------------------------------------------------------------------------------------------------------+--------------------------------------------------------------------------------------------------------------------------------------------------------------------------------------------------------------+---------------------+---------------------+--------------+------------+------------+
; 45.944 ; sld_hub:auto_hub|sld_jtag_hub:\jtag_hub_gen:sld_jtag_hub_inst|node_ena[2]~reg0                                                                                                                              ; Soc:inst1|Soc_jtag_uart:jtag_uart|alt_jtag_atlantic:Soc_jtag_uart_alt_jtag_atlantic|jupdate                                                                                                                  ; altera_reserved_tck ; altera_reserved_tck ; 50.000       ; 0.128      ; 4.203      ;
; 46.406 ; sld_hub:auto_hub|sld_jtag_hub:\jtag_hub_gen:sld_jtag_hub_inst|irf_reg[2][0]                                                                                                                                 ; Soc:inst1|Soc_jtag_uart:jtag_uart|alt_jtag_atlantic:Soc_jtag_uart_alt_jtag_atlantic|jupdate                                                                                                                  ; altera_reserved_tck ; altera_reserved_tck ; 50.000       ; 0.134      ; 3.747      ;
; 46.410 ; sld_hub:auto_hub|sld_jtag_hub:\jtag_hub_gen:sld_jtag_hub_inst|virtual_ir_scan_reg                                                                                                                           ; Soc:inst1|Soc_jtag_uart:jtag_uart|alt_jtag_atlantic:Soc_jtag_uart_alt_jtag_atlantic|jupdate                                                                                                                  ; altera_reserved_tck ; altera_reserved_tck ; 50.000       ; 0.111      ; 3.720      ;
; 47.137 ; sld_hub:auto_hub|sld_jtag_hub:\jtag_hub_gen:sld_jtag_hub_inst|irsr_reg[0]                                                                                                                                   ; sld_hub:auto_hub|sld_jtag_hub:\jtag_hub_gen:sld_jtag_hub_inst|tdo                                                                                                                                            ; altera_reserved_tck ; altera_reserved_tck ; 50.000       ; 0.145      ; 3.027      ;
; 47.209 ; sld_hub:auto_hub|sld_jtag_hub:\jtag_hub_gen:sld_jtag_hub_inst|virtual_ir_scan_reg                                                                                                                           ; sld_hub:auto_hub|sld_jtag_hub:\jtag_hub_gen:sld_jtag_hub_inst|tdo                                                                                                                                            ; altera_reserved_tck ; altera_reserved_tck ; 50.000       ; 0.128      ; 2.938      ;
; 47.655 ; sld_hub:auto_hub|sld_jtag_hub:\jtag_hub_gen:sld_jtag_hub_inst|irsr_reg[2]                                                                                                                                   ; sld_hub:auto_hub|sld_jtag_hub:\jtag_hub_gen:sld_jtag_hub_inst|tdo                                                                                                                                            ; altera_reserved_tck ; altera_reserved_tck ; 50.000       ; 0.145      ; 2.509      ;
; 47.683 ; sld_hub:auto_hub|sld_jtag_hub:\jtag_hub_gen:sld_jtag_hub_inst|irsr_reg[6]                                                                                                                                   ; sld_hub:auto_hub|sld_jtag_hub:\jtag_hub_gen:sld_jtag_hub_inst|tdo                                                                                                                                            ; altera_reserved_tck ; altera_reserved_tck ; 50.000       ; 0.145      ; 2.481      ;
; 47.694 ; sld_hub:auto_hub|sld_jtag_hub:\jtag_hub_gen:sld_jtag_hub_inst|irsr_reg[1]                                                                                                                                   ; sld_hub:auto_hub|sld_jtag_hub:\jtag_hub_gen:sld_jtag_hub_inst|tdo                                                                                                                                            ; altera_reserved_tck ; altera_reserved_tck ; 50.000       ; 0.145      ; 2.470      ;
; 47.697 ; sld_hub:auto_hub|sld_jtag_hub:\jtag_hub_gen:sld_jtag_hub_inst|sld_shadow_jsm:shadow_jsm|state[4]                                                                                                            ; sld_hub:auto_hub|sld_jtag_hub:\jtag_hub_gen:sld_jtag_hub_inst|tdo                                                                                                                                            ; altera_reserved_tck ; altera_reserved_tck ; 50.000       ; 0.151      ; 2.473      ;
; 47.714 ; sld_hub:auto_hub|sld_jtag_hub:\jtag_hub_gen:sld_jtag_hub_inst|sld_rom_sr:hub_info_reg|WORD_SR[0]                                                                                                            ; sld_hub:auto_hub|sld_jtag_hub:\jtag_hub_gen:sld_jtag_hub_inst|tdo                                                                                                                                            ; altera_reserved_tck ; altera_reserved_tck ; 50.000       ; 0.150      ; 2.455      ;
; 47.744 ; Soc:inst1|Soc_cpu:cpu|Soc_cpu_nios2_oci:the_Soc_cpu_nios2_oci|Soc_cpu_jtag_debug_module_wrapper:the_Soc_cpu_jtag_debug_module_wrapper|Soc_cpu_jtag_debug_module_tck:the_Soc_cpu_jtag_debug_module_tck|sr[0] ; sld_hub:auto_hub|sld_jtag_hub:\jtag_hub_gen:sld_jtag_hub_inst|tdo                                                                                                                                            ; altera_reserved_tck ; altera_reserved_tck ; 50.000       ; 0.135      ; 2.410      ;
; 47.774 ; sld_hub:auto_hub|sld_jtag_hub:\jtag_hub_gen:sld_jtag_hub_inst|sld_shadow_jsm:shadow_jsm|state[3]                                                                                                            ; sld_hub:auto_hub|sld_jtag_hub:\jtag_hub_gen:sld_jtag_hub_inst|tdo                                                                                                                                            ; altera_reserved_tck ; altera_reserved_tck ; 50.000       ; 0.151      ; 2.396      ;
; 47.807 ; sld_hub:auto_hub|sld_jtag_hub:\jtag_hub_gen:sld_jtag_hub_inst|design_hash_reg[0]                                                                                                                            ; sld_hub:auto_hub|sld_jtag_hub:\jtag_hub_gen:sld_jtag_hub_inst|tdo                                                                                                                                            ; altera_reserved_tck ; altera_reserved_tck ; 50.000       ; 0.149      ; 2.361      ;
; 47.811 ; sld_hub:auto_hub|sld_jtag_hub:\jtag_hub_gen:sld_jtag_hub_inst|tdo_bypass_reg                                                                                                                                ; sld_hub:auto_hub|sld_jtag_hub:\jtag_hub_gen:sld_jtag_hub_inst|tdo                                                                                                                                            ; altera_reserved_tck ; altera_reserved_tck ; 50.000       ; 0.150      ; 2.358      ;
; 47.818 ; sld_hub:auto_hub|sld_jtag_hub:\jtag_hub_gen:sld_jtag_hub_inst|irsr_reg[5]                                                                                                                                   ; sld_hub:auto_hub|sld_jtag_hub:\jtag_hub_gen:sld_jtag_hub_inst|tdo                                                                                                                                            ; altera_reserved_tck ; altera_reserved_tck ; 50.000       ; 0.145      ; 2.346      ;
; 48.101 ; sld_hub:auto_hub|sld_jtag_hub:\jtag_hub_gen:sld_jtag_hub_inst|hub_minor_ver_reg[0]                                                                                                                          ; sld_hub:auto_hub|sld_jtag_hub:\jtag_hub_gen:sld_jtag_hub_inst|tdo                                                                                                                                            ; altera_reserved_tck ; altera_reserved_tck ; 50.000       ; 0.149      ; 2.067      ;
; 48.518 ; sld_hub:auto_hub|sld_jtag_hub:\jtag_hub_gen:sld_jtag_hub_inst|sld_shadow_jsm:shadow_jsm|state[8]                                                                                                            ; Soc:inst1|Soc_jtag_uart:jtag_uart|alt_jtag_atlantic:Soc_jtag_uart_alt_jtag_atlantic|jupdate                                                                                                                  ; altera_reserved_tck ; altera_reserved_tck ; 50.000       ; 0.134      ; 1.635      ;
; 49.314 ; Soc:inst1|Soc_jtag_uart:jtag_uart|alt_jtag_atlantic:Soc_jtag_uart_alt_jtag_atlantic|td_shift[0]                                                                                                             ; Soc:inst1|Soc_jtag_uart:jtag_uart|alt_jtag_atlantic:Soc_jtag_uart_alt_jtag_atlantic|tdo~reg0                                                                                                                 ; altera_reserved_tck ; altera_reserved_tck ; 50.000       ; 0.144      ; 0.849      ;
; 94.739 ; sld_hub:auto_hub|sld_jtag_hub:\jtag_hub_gen:sld_jtag_hub_inst|node_ena[2]~reg0                                                                                                                              ; Soc:inst1|Soc_jtag_uart:jtag_uart|alt_jtag_atlantic:Soc_jtag_uart_alt_jtag_atlantic|read                                                                                                                     ; altera_reserved_tck ; altera_reserved_tck ; 100.000      ; -0.107     ; 5.173      ;
; 94.739 ; sld_hub:auto_hub|sld_jtag_hub:\jtag_hub_gen:sld_jtag_hub_inst|node_ena[2]~reg0                                                                                                                              ; Soc:inst1|Soc_jtag_uart:jtag_uart|alt_jtag_atlantic:Soc_jtag_uart_alt_jtag_atlantic|read_req                                                                                                                 ; altera_reserved_tck ; altera_reserved_tck ; 100.000      ; -0.107     ; 5.173      ;
; 94.741 ; sld_hub:auto_hub|sld_jtag_hub:\jtag_hub_gen:sld_jtag_hub_inst|node_ena[2]~reg0                                                                                                                              ; Soc:inst1|Soc_jtag_uart:jtag_uart|alt_jtag_atlantic:Soc_jtag_uart_alt_jtag_atlantic|write_stalled                                                                                                            ; altera_reserved_tck ; altera_reserved_tck ; 100.000      ; -0.106     ; 5.172      ;
; 94.741 ; sld_hub:auto_hub|sld_jtag_hub:\jtag_hub_gen:sld_jtag_hub_inst|node_ena[2]~reg0                                                                                                                              ; Soc:inst1|Soc_jtag_uart:jtag_uart|alt_jtag_atlantic:Soc_jtag_uart_alt_jtag_atlantic|write_valid                                                                                                              ; altera_reserved_tck ; altera_reserved_tck ; 100.000      ; -0.106     ; 5.172      ;
; 94.741 ; sld_hub:auto_hub|sld_jtag_hub:\jtag_hub_gen:sld_jtag_hub_inst|node_ena[2]~reg0                                                                                                                              ; Soc:inst1|Soc_jtag_uart:jtag_uart|alt_jtag_atlantic:Soc_jtag_uart_alt_jtag_atlantic|wdata[0]                                                                                                                 ; altera_reserved_tck ; altera_reserved_tck ; 100.000      ; -0.106     ; 5.172      ;
; 95.143 ; sld_hub:auto_hub|sld_jtag_hub:\jtag_hub_gen:sld_jtag_hub_inst|node_ena[1]~reg0                                                                                                                              ; Soc:inst1|Soc_cpu:cpu|Soc_cpu_nios2_oci:the_Soc_cpu_nios2_oci|Soc_cpu_jtag_debug_module_wrapper:the_Soc_cpu_jtag_debug_module_wrapper|Soc_cpu_jtag_debug_module_tck:the_Soc_cpu_jtag_debug_module_tck|sr[17] ; altera_reserved_tck ; altera_reserved_tck ; 100.000      ; -0.088     ; 4.788      ;
; 95.143 ; sld_hub:auto_hub|sld_jtag_hub:\jtag_hub_gen:sld_jtag_hub_inst|node_ena[1]~reg0                                                                                                                              ; Soc:inst1|Soc_cpu:cpu|Soc_cpu_nios2_oci:the_Soc_cpu_nios2_oci|Soc_cpu_jtag_debug_module_wrapper:the_Soc_cpu_jtag_debug_module_wrapper|Soc_cpu_jtag_debug_module_tck:the_Soc_cpu_jtag_debug_module_tck|sr[18] ; altera_reserved_tck ; altera_reserved_tck ; 100.000      ; -0.088     ; 4.788      ;
; 95.143 ; sld_hub:auto_hub|sld_jtag_hub:\jtag_hub_gen:sld_jtag_hub_inst|node_ena[1]~reg0                                                                                                                              ; Soc:inst1|Soc_cpu:cpu|Soc_cpu_nios2_oci:the_Soc_cpu_nios2_oci|Soc_cpu_jtag_debug_module_wrapper:the_Soc_cpu_jtag_debug_module_wrapper|Soc_cpu_jtag_debug_module_tck:the_Soc_cpu_jtag_debug_module_tck|sr[20] ; altera_reserved_tck ; altera_reserved_tck ; 100.000      ; -0.088     ; 4.788      ;
; 95.143 ; sld_hub:auto_hub|sld_jtag_hub:\jtag_hub_gen:sld_jtag_hub_inst|node_ena[1]~reg0                                                                                                                              ; Soc:inst1|Soc_cpu:cpu|Soc_cpu_nios2_oci:the_Soc_cpu_nios2_oci|Soc_cpu_jtag_debug_module_wrapper:the_Soc_cpu_jtag_debug_module_wrapper|Soc_cpu_jtag_debug_module_tck:the_Soc_cpu_jtag_debug_module_tck|sr[21] ; altera_reserved_tck ; altera_reserved_tck ; 100.000      ; -0.088     ; 4.788      ;
; 95.143 ; sld_hub:auto_hub|sld_jtag_hub:\jtag_hub_gen:sld_jtag_hub_inst|node_ena[1]~reg0                                                                                                                              ; Soc:inst1|Soc_cpu:cpu|Soc_cpu_nios2_oci:the_Soc_cpu_nios2_oci|Soc_cpu_jtag_debug_module_wrapper:the_Soc_cpu_jtag_debug_module_wrapper|Soc_cpu_jtag_debug_module_tck:the_Soc_cpu_jtag_debug_module_tck|sr[22] ; altera_reserved_tck ; altera_reserved_tck ; 100.000      ; -0.088     ; 4.788      ;
; 95.143 ; sld_hub:auto_hub|sld_jtag_hub:\jtag_hub_gen:sld_jtag_hub_inst|node_ena[1]~reg0                                                                                                                              ; Soc:inst1|Soc_cpu:cpu|Soc_cpu_nios2_oci:the_Soc_cpu_nios2_oci|Soc_cpu_jtag_debug_module_wrapper:the_Soc_cpu_jtag_debug_module_wrapper|Soc_cpu_jtag_debug_module_tck:the_Soc_cpu_jtag_debug_module_tck|sr[23] ; altera_reserved_tck ; altera_reserved_tck ; 100.000      ; -0.088     ; 4.788      ;
; 95.143 ; sld_hub:auto_hub|sld_jtag_hub:\jtag_hub_gen:sld_jtag_hub_inst|node_ena[1]~reg0                                                                                                                              ; Soc:inst1|Soc_cpu:cpu|Soc_cpu_nios2_oci:the_Soc_cpu_nios2_oci|Soc_cpu_jtag_debug_module_wrapper:the_Soc_cpu_jtag_debug_module_wrapper|Soc_cpu_jtag_debug_module_tck:the_Soc_cpu_jtag_debug_module_tck|sr[19] ; altera_reserved_tck ; altera_reserved_tck ; 100.000      ; -0.088     ; 4.788      ;
; 95.143 ; sld_hub:auto_hub|sld_jtag_hub:\jtag_hub_gen:sld_jtag_hub_inst|node_ena[1]~reg0                                                                                                                              ; Soc:inst1|Soc_cpu:cpu|Soc_cpu_nios2_oci:the_Soc_cpu_nios2_oci|Soc_cpu_jtag_debug_module_wrapper:the_Soc_cpu_jtag_debug_module_wrapper|Soc_cpu_jtag_debug_module_tck:the_Soc_cpu_jtag_debug_module_tck|sr[16] ; altera_reserved_tck ; altera_reserved_tck ; 100.000      ; -0.088     ; 4.788      ;
; 95.201 ; sld_hub:auto_hub|sld_jtag_hub:\jtag_hub_gen:sld_jtag_hub_inst|irf_reg[2][0]                                                                                                                                 ; Soc:inst1|Soc_jtag_uart:jtag_uart|alt_jtag_atlantic:Soc_jtag_uart_alt_jtag_atlantic|read                                                                                                                     ; altera_reserved_tck ; altera_reserved_tck ; 100.000      ; -0.101     ; 4.717      ;
; 95.201 ; sld_hub:auto_hub|sld_jtag_hub:\jtag_hub_gen:sld_jtag_hub_inst|irf_reg[2][0]                                                                                                                                 ; Soc:inst1|Soc_jtag_uart:jtag_uart|alt_jtag_atlantic:Soc_jtag_uart_alt_jtag_atlantic|read_req                                                                                                                 ; altera_reserved_tck ; altera_reserved_tck ; 100.000      ; -0.101     ; 4.717      ;
; 95.203 ; sld_hub:auto_hub|sld_jtag_hub:\jtag_hub_gen:sld_jtag_hub_inst|irf_reg[2][0]                                                                                                                                 ; Soc:inst1|Soc_jtag_uart:jtag_uart|alt_jtag_atlantic:Soc_jtag_uart_alt_jtag_atlantic|write_stalled                                                                                                            ; altera_reserved_tck ; altera_reserved_tck ; 100.000      ; -0.100     ; 4.716      ;
; 95.203 ; sld_hub:auto_hub|sld_jtag_hub:\jtag_hub_gen:sld_jtag_hub_inst|irf_reg[2][0]                                                                                                                                 ; Soc:inst1|Soc_jtag_uart:jtag_uart|alt_jtag_atlantic:Soc_jtag_uart_alt_jtag_atlantic|write_valid                                                                                                              ; altera_reserved_tck ; altera_reserved_tck ; 100.000      ; -0.100     ; 4.716      ;
; 95.203 ; sld_hub:auto_hub|sld_jtag_hub:\jtag_hub_gen:sld_jtag_hub_inst|irf_reg[2][0]                                                                                                                                 ; Soc:inst1|Soc_jtag_uart:jtag_uart|alt_jtag_atlantic:Soc_jtag_uart_alt_jtag_atlantic|wdata[0]                                                                                                                 ; altera_reserved_tck ; altera_reserved_tck ; 100.000      ; -0.100     ; 4.716      ;
; 95.205 ; sld_hub:auto_hub|sld_jtag_hub:\jtag_hub_gen:sld_jtag_hub_inst|virtual_ir_scan_reg                                                                                                                           ; Soc:inst1|Soc_jtag_uart:jtag_uart|alt_jtag_atlantic:Soc_jtag_uart_alt_jtag_atlantic|read                                                                                                                     ; altera_reserved_tck ; altera_reserved_tck ; 100.000      ; -0.124     ; 4.690      ;
; 95.205 ; sld_hub:auto_hub|sld_jtag_hub:\jtag_hub_gen:sld_jtag_hub_inst|virtual_ir_scan_reg                                                                                                                           ; Soc:inst1|Soc_jtag_uart:jtag_uart|alt_jtag_atlantic:Soc_jtag_uart_alt_jtag_atlantic|read_req                                                                                                                 ; altera_reserved_tck ; altera_reserved_tck ; 100.000      ; -0.124     ; 4.690      ;
; 95.207 ; sld_hub:auto_hub|sld_jtag_hub:\jtag_hub_gen:sld_jtag_hub_inst|virtual_ir_scan_reg                                                                                                                           ; Soc:inst1|Soc_jtag_uart:jtag_uart|alt_jtag_atlantic:Soc_jtag_uart_alt_jtag_atlantic|write_stalled                                                                                                            ; altera_reserved_tck ; altera_reserved_tck ; 100.000      ; -0.123     ; 4.689      ;
; 95.207 ; sld_hub:auto_hub|sld_jtag_hub:\jtag_hub_gen:sld_jtag_hub_inst|virtual_ir_scan_reg                                                                                                                           ; Soc:inst1|Soc_jtag_uart:jtag_uart|alt_jtag_atlantic:Soc_jtag_uart_alt_jtag_atlantic|write_valid                                                                                                              ; altera_reserved_tck ; altera_reserved_tck ; 100.000      ; -0.123     ; 4.689      ;
; 95.207 ; sld_hub:auto_hub|sld_jtag_hub:\jtag_hub_gen:sld_jtag_hub_inst|virtual_ir_scan_reg                                                                                                                           ; Soc:inst1|Soc_jtag_uart:jtag_uart|alt_jtag_atlantic:Soc_jtag_uart_alt_jtag_atlantic|wdata[0]                                                                                                                 ; altera_reserved_tck ; altera_reserved_tck ; 100.000      ; -0.123     ; 4.689      ;
; 95.220 ; sld_hub:auto_hub|sld_jtag_hub:\jtag_hub_gen:sld_jtag_hub_inst|node_ena[1]~reg0                                                                                                                              ; Soc:inst1|Soc_cpu:cpu|Soc_cpu_nios2_oci:the_Soc_cpu_nios2_oci|Soc_cpu_jtag_debug_module_wrapper:the_Soc_cpu_jtag_debug_module_wrapper|Soc_cpu_jtag_debug_module_tck:the_Soc_cpu_jtag_debug_module_tck|sr[32] ; altera_reserved_tck ; altera_reserved_tck ; 100.000      ; -0.089     ; 4.710      ;
; 95.220 ; sld_hub:auto_hub|sld_jtag_hub:\jtag_hub_gen:sld_jtag_hub_inst|node_ena[1]~reg0                                                                                                                              ; Soc:inst1|Soc_cpu:cpu|Soc_cpu_nios2_oci:the_Soc_cpu_nios2_oci|Soc_cpu_jtag_debug_module_wrapper:the_Soc_cpu_jtag_debug_module_wrapper|Soc_cpu_jtag_debug_module_tck:the_Soc_cpu_jtag_debug_module_tck|sr[30] ; altera_reserved_tck ; altera_reserved_tck ; 100.000      ; -0.089     ; 4.710      ;
; 95.222 ; sld_hub:auto_hub|sld_jtag_hub:\jtag_hub_gen:sld_jtag_hub_inst|node_ena[2]~reg0                                                                                                                              ; Soc:inst1|Soc_jtag_uart:jtag_uart|alt_jtag_atlantic:Soc_jtag_uart_alt_jtag_atlantic|wdata[7]                                                                                                                 ; altera_reserved_tck ; altera_reserved_tck ; 100.000      ; -0.101     ; 4.696      ;
; 95.222 ; sld_hub:auto_hub|sld_jtag_hub:\jtag_hub_gen:sld_jtag_hub_inst|node_ena[2]~reg0                                                                                                                              ; Soc:inst1|Soc_jtag_uart:jtag_uart|alt_jtag_atlantic:Soc_jtag_uart_alt_jtag_atlantic|wdata[6]                                                                                                                 ; altera_reserved_tck ; altera_reserved_tck ; 100.000      ; -0.101     ; 4.696      ;
; 95.222 ; sld_hub:auto_hub|sld_jtag_hub:\jtag_hub_gen:sld_jtag_hub_inst|node_ena[2]~reg0                                                                                                                              ; Soc:inst1|Soc_jtag_uart:jtag_uart|alt_jtag_atlantic:Soc_jtag_uart_alt_jtag_atlantic|wdata[5]                                                                                                                 ; altera_reserved_tck ; altera_reserved_tck ; 100.000      ; -0.101     ; 4.696      ;
; 95.222 ; sld_hub:auto_hub|sld_jtag_hub:\jtag_hub_gen:sld_jtag_hub_inst|node_ena[2]~reg0                                                                                                                              ; Soc:inst1|Soc_jtag_uart:jtag_uart|alt_jtag_atlantic:Soc_jtag_uart_alt_jtag_atlantic|write                                                                                                                    ; altera_reserved_tck ; altera_reserved_tck ; 100.000      ; -0.101     ; 4.696      ;
; 95.222 ; sld_hub:auto_hub|sld_jtag_hub:\jtag_hub_gen:sld_jtag_hub_inst|node_ena[2]~reg0                                                                                                                              ; Soc:inst1|Soc_jtag_uart:jtag_uart|alt_jtag_atlantic:Soc_jtag_uart_alt_jtag_atlantic|wdata[4]                                                                                                                 ; altera_reserved_tck ; altera_reserved_tck ; 100.000      ; -0.101     ; 4.696      ;
; 95.222 ; sld_hub:auto_hub|sld_jtag_hub:\jtag_hub_gen:sld_jtag_hub_inst|node_ena[2]~reg0                                                                                                                              ; Soc:inst1|Soc_jtag_uart:jtag_uart|alt_jtag_atlantic:Soc_jtag_uart_alt_jtag_atlantic|wdata[3]                                                                                                                 ; altera_reserved_tck ; altera_reserved_tck ; 100.000      ; -0.101     ; 4.696      ;
; 95.222 ; sld_hub:auto_hub|sld_jtag_hub:\jtag_hub_gen:sld_jtag_hub_inst|node_ena[2]~reg0                                                                                                                              ; Soc:inst1|Soc_jtag_uart:jtag_uart|alt_jtag_atlantic:Soc_jtag_uart_alt_jtag_atlantic|wdata[2]                                                                                                                 ; altera_reserved_tck ; altera_reserved_tck ; 100.000      ; -0.101     ; 4.696      ;
; 95.222 ; sld_hub:auto_hub|sld_jtag_hub:\jtag_hub_gen:sld_jtag_hub_inst|node_ena[2]~reg0                                                                                                                              ; Soc:inst1|Soc_jtag_uart:jtag_uart|alt_jtag_atlantic:Soc_jtag_uart_alt_jtag_atlantic|wdata[1]                                                                                                                 ; altera_reserved_tck ; altera_reserved_tck ; 100.000      ; -0.101     ; 4.696      ;
; 95.238 ; sld_hub:auto_hub|sld_jtag_hub:\jtag_hub_gen:sld_jtag_hub_inst|irsr_reg[6]                                                                                                                                   ; sld_hub:auto_hub|sld_jtag_hub:\jtag_hub_gen:sld_jtag_hub_inst|irf_reg[2][4]                                                                                                                                  ; altera_reserved_tck ; altera_reserved_tck ; 100.000      ; -0.076     ; 4.705      ;
; 95.238 ; sld_hub:auto_hub|sld_jtag_hub:\jtag_hub_gen:sld_jtag_hub_inst|irsr_reg[6]                                                                                                                                   ; sld_hub:auto_hub|sld_jtag_hub:\jtag_hub_gen:sld_jtag_hub_inst|irf_reg[2][3]                                                                                                                                  ; altera_reserved_tck ; altera_reserved_tck ; 100.000      ; -0.076     ; 4.705      ;
; 95.238 ; sld_hub:auto_hub|sld_jtag_hub:\jtag_hub_gen:sld_jtag_hub_inst|irsr_reg[6]                                                                                                                                   ; sld_hub:auto_hub|sld_jtag_hub:\jtag_hub_gen:sld_jtag_hub_inst|irf_reg[2][2]                                                                                                                                  ; altera_reserved_tck ; altera_reserved_tck ; 100.000      ; -0.076     ; 4.705      ;
; 95.238 ; sld_hub:auto_hub|sld_jtag_hub:\jtag_hub_gen:sld_jtag_hub_inst|irsr_reg[6]                                                                                                                                   ; sld_hub:auto_hub|sld_jtag_hub:\jtag_hub_gen:sld_jtag_hub_inst|irf_reg[2][1]                                                                                                                                  ; altera_reserved_tck ; altera_reserved_tck ; 100.000      ; -0.076     ; 4.705      ;
; 95.238 ; sld_hub:auto_hub|sld_jtag_hub:\jtag_hub_gen:sld_jtag_hub_inst|irsr_reg[6]                                                                                                                                   ; sld_hub:auto_hub|sld_jtag_hub:\jtag_hub_gen:sld_jtag_hub_inst|irf_reg[2][0]                                                                                                                                  ; altera_reserved_tck ; altera_reserved_tck ; 100.000      ; -0.076     ; 4.705      ;
; 95.285 ; sld_hub:auto_hub|sld_jtag_hub:\jtag_hub_gen:sld_jtag_hub_inst|node_ena[1]~reg0                                                                                                                              ; Soc:inst1|Soc_cpu:cpu|Soc_cpu_nios2_oci:the_Soc_cpu_nios2_oci|Soc_cpu_jtag_debug_module_wrapper:the_Soc_cpu_jtag_debug_module_wrapper|Soc_cpu_jtag_debug_module_tck:the_Soc_cpu_jtag_debug_module_tck|sr[26] ; altera_reserved_tck ; altera_reserved_tck ; 100.000      ; -0.089     ; 4.645      ;
; 95.285 ; sld_hub:auto_hub|sld_jtag_hub:\jtag_hub_gen:sld_jtag_hub_inst|node_ena[1]~reg0                                                                                                                              ; Soc:inst1|Soc_cpu:cpu|Soc_cpu_nios2_oci:the_Soc_cpu_nios2_oci|Soc_cpu_jtag_debug_module_wrapper:the_Soc_cpu_jtag_debug_module_wrapper|Soc_cpu_jtag_debug_module_tck:the_Soc_cpu_jtag_debug_module_tck|sr[27] ; altera_reserved_tck ; altera_reserved_tck ; 100.000      ; -0.089     ; 4.645      ;
; 95.286 ; sld_hub:auto_hub|sld_jtag_hub:\jtag_hub_gen:sld_jtag_hub_inst|node_ena[1]~reg0                                                                                                                              ; Soc:inst1|Soc_cpu:cpu|Soc_cpu_nios2_oci:the_Soc_cpu_nios2_oci|Soc_cpu_jtag_debug_module_wrapper:the_Soc_cpu_jtag_debug_module_wrapper|Soc_cpu_jtag_debug_module_tck:the_Soc_cpu_jtag_debug_module_tck|sr[25] ; altera_reserved_tck ; altera_reserved_tck ; 100.000      ; -0.089     ; 4.644      ;
; 95.287 ; sld_hub:auto_hub|sld_jtag_hub:\jtag_hub_gen:sld_jtag_hub_inst|node_ena[1]~reg0                                                                                                                              ; Soc:inst1|Soc_cpu:cpu|Soc_cpu_nios2_oci:the_Soc_cpu_nios2_oci|Soc_cpu_jtag_debug_module_wrapper:the_Soc_cpu_jtag_debug_module_wrapper|Soc_cpu_jtag_debug_module_tck:the_Soc_cpu_jtag_debug_module_tck|sr[24] ; altera_reserved_tck ; altera_reserved_tck ; 100.000      ; -0.089     ; 4.643      ;
; 95.288 ; sld_hub:auto_hub|sld_jtag_hub:\jtag_hub_gen:sld_jtag_hub_inst|node_ena[1]~reg0                                                                                                                              ; Soc:inst1|Soc_cpu:cpu|Soc_cpu_nios2_oci:the_Soc_cpu_nios2_oci|Soc_cpu_jtag_debug_module_wrapper:the_Soc_cpu_jtag_debug_module_wrapper|Soc_cpu_jtag_debug_module_tck:the_Soc_cpu_jtag_debug_module_tck|sr[28] ; altera_reserved_tck ; altera_reserved_tck ; 100.000      ; -0.089     ; 4.642      ;
; 95.288 ; sld_hub:auto_hub|sld_jtag_hub:\jtag_hub_gen:sld_jtag_hub_inst|node_ena[1]~reg0                                                                                                                              ; Soc:inst1|Soc_cpu:cpu|Soc_cpu_nios2_oci:the_Soc_cpu_nios2_oci|Soc_cpu_jtag_debug_module_wrapper:the_Soc_cpu_jtag_debug_module_wrapper|Soc_cpu_jtag_debug_module_tck:the_Soc_cpu_jtag_debug_module_tck|sr[29] ; altera_reserved_tck ; altera_reserved_tck ; 100.000      ; -0.089     ; 4.642      ;
; 95.302 ; sld_hub:auto_hub|sld_jtag_hub:\jtag_hub_gen:sld_jtag_hub_inst|node_ena[1]~reg0                                                                                                                              ; Soc:inst1|Soc_cpu:cpu|Soc_cpu_nios2_oci:the_Soc_cpu_nios2_oci|Soc_cpu_jtag_debug_module_wrapper:the_Soc_cpu_jtag_debug_module_wrapper|Soc_cpu_jtag_debug_module_tck:the_Soc_cpu_jtag_debug_module_tck|sr[34] ; altera_reserved_tck ; altera_reserved_tck ; 100.000      ; -0.089     ; 4.628      ;
; 95.302 ; sld_hub:auto_hub|sld_jtag_hub:\jtag_hub_gen:sld_jtag_hub_inst|node_ena[1]~reg0                                                                                                                              ; Soc:inst1|Soc_cpu:cpu|Soc_cpu_nios2_oci:the_Soc_cpu_nios2_oci|Soc_cpu_jtag_debug_module_wrapper:the_Soc_cpu_jtag_debug_module_wrapper|Soc_cpu_jtag_debug_module_tck:the_Soc_cpu_jtag_debug_module_tck|sr[33] ; altera_reserved_tck ; altera_reserved_tck ; 100.000      ; -0.089     ; 4.628      ;
; 95.336 ; sld_hub:auto_hub|sld_jtag_hub:\jtag_hub_gen:sld_jtag_hub_inst|sld_shadow_jsm:shadow_jsm|state[4]                                                                                                            ; Soc:inst1|Soc_cpu:cpu|Soc_cpu_nios2_oci:the_Soc_cpu_nios2_oci|Soc_cpu_jtag_debug_module_wrapper:the_Soc_cpu_jtag_debug_module_wrapper|Soc_cpu_jtag_debug_module_tck:the_Soc_cpu_jtag_debug_module_tck|sr[17] ; altera_reserved_tck ; altera_reserved_tck ; 100.000      ; -0.082     ; 4.601      ;
; 95.336 ; sld_hub:auto_hub|sld_jtag_hub:\jtag_hub_gen:sld_jtag_hub_inst|sld_shadow_jsm:shadow_jsm|state[4]                                                                                                            ; Soc:inst1|Soc_cpu:cpu|Soc_cpu_nios2_oci:the_Soc_cpu_nios2_oci|Soc_cpu_jtag_debug_module_wrapper:the_Soc_cpu_jtag_debug_module_wrapper|Soc_cpu_jtag_debug_module_tck:the_Soc_cpu_jtag_debug_module_tck|sr[18] ; altera_reserved_tck ; altera_reserved_tck ; 100.000      ; -0.082     ; 4.601      ;
; 95.336 ; sld_hub:auto_hub|sld_jtag_hub:\jtag_hub_gen:sld_jtag_hub_inst|sld_shadow_jsm:shadow_jsm|state[4]                                                                                                            ; Soc:inst1|Soc_cpu:cpu|Soc_cpu_nios2_oci:the_Soc_cpu_nios2_oci|Soc_cpu_jtag_debug_module_wrapper:the_Soc_cpu_jtag_debug_module_wrapper|Soc_cpu_jtag_debug_module_tck:the_Soc_cpu_jtag_debug_module_tck|sr[20] ; altera_reserved_tck ; altera_reserved_tck ; 100.000      ; -0.082     ; 4.601      ;
; 95.336 ; sld_hub:auto_hub|sld_jtag_hub:\jtag_hub_gen:sld_jtag_hub_inst|sld_shadow_jsm:shadow_jsm|state[4]                                                                                                            ; Soc:inst1|Soc_cpu:cpu|Soc_cpu_nios2_oci:the_Soc_cpu_nios2_oci|Soc_cpu_jtag_debug_module_wrapper:the_Soc_cpu_jtag_debug_module_wrapper|Soc_cpu_jtag_debug_module_tck:the_Soc_cpu_jtag_debug_module_tck|sr[21] ; altera_reserved_tck ; altera_reserved_tck ; 100.000      ; -0.082     ; 4.601      ;
; 95.336 ; sld_hub:auto_hub|sld_jtag_hub:\jtag_hub_gen:sld_jtag_hub_inst|sld_shadow_jsm:shadow_jsm|state[4]                                                                                                            ; Soc:inst1|Soc_cpu:cpu|Soc_cpu_nios2_oci:the_Soc_cpu_nios2_oci|Soc_cpu_jtag_debug_module_wrapper:the_Soc_cpu_jtag_debug_module_wrapper|Soc_cpu_jtag_debug_module_tck:the_Soc_cpu_jtag_debug_module_tck|sr[22] ; altera_reserved_tck ; altera_reserved_tck ; 100.000      ; -0.082     ; 4.601      ;
; 95.336 ; sld_hub:auto_hub|sld_jtag_hub:\jtag_hub_gen:sld_jtag_hub_inst|sld_shadow_jsm:shadow_jsm|state[4]                                                                                                            ; Soc:inst1|Soc_cpu:cpu|Soc_cpu_nios2_oci:the_Soc_cpu_nios2_oci|Soc_cpu_jtag_debug_module_wrapper:the_Soc_cpu_jtag_debug_module_wrapper|Soc_cpu_jtag_debug_module_tck:the_Soc_cpu_jtag_debug_module_tck|sr[23] ; altera_reserved_tck ; altera_reserved_tck ; 100.000      ; -0.082     ; 4.601      ;
; 95.336 ; sld_hub:auto_hub|sld_jtag_hub:\jtag_hub_gen:sld_jtag_hub_inst|sld_shadow_jsm:shadow_jsm|state[4]                                                                                                            ; Soc:inst1|Soc_cpu:cpu|Soc_cpu_nios2_oci:the_Soc_cpu_nios2_oci|Soc_cpu_jtag_debug_module_wrapper:the_Soc_cpu_jtag_debug_module_wrapper|Soc_cpu_jtag_debug_module_tck:the_Soc_cpu_jtag_debug_module_tck|sr[19] ; altera_reserved_tck ; altera_reserved_tck ; 100.000      ; -0.082     ; 4.601      ;
; 95.336 ; sld_hub:auto_hub|sld_jtag_hub:\jtag_hub_gen:sld_jtag_hub_inst|sld_shadow_jsm:shadow_jsm|state[4]                                                                                                            ; Soc:inst1|Soc_cpu:cpu|Soc_cpu_nios2_oci:the_Soc_cpu_nios2_oci|Soc_cpu_jtag_debug_module_wrapper:the_Soc_cpu_jtag_debug_module_wrapper|Soc_cpu_jtag_debug_module_tck:the_Soc_cpu_jtag_debug_module_tck|sr[16] ; altera_reserved_tck ; altera_reserved_tck ; 100.000      ; -0.082     ; 4.601      ;
; 95.371 ; sld_hub:auto_hub|sld_jtag_hub:\jtag_hub_gen:sld_jtag_hub_inst|irsr_reg[6]                                                                                                                                   ; sld_hub:auto_hub|sld_jtag_hub:\jtag_hub_gen:sld_jtag_hub_inst|irf_reg[1][4]                                                                                                                                  ; altera_reserved_tck ; altera_reserved_tck ; 100.000      ; -0.076     ; 4.572      ;
; 95.371 ; sld_hub:auto_hub|sld_jtag_hub:\jtag_hub_gen:sld_jtag_hub_inst|irsr_reg[6]                                                                                                                                   ; sld_hub:auto_hub|sld_jtag_hub:\jtag_hub_gen:sld_jtag_hub_inst|irf_reg[1][3]                                                                                                                                  ; altera_reserved_tck ; altera_reserved_tck ; 100.000      ; -0.076     ; 4.572      ;
; 95.371 ; sld_hub:auto_hub|sld_jtag_hub:\jtag_hub_gen:sld_jtag_hub_inst|irsr_reg[6]                                                                                                                                   ; sld_hub:auto_hub|sld_jtag_hub:\jtag_hub_gen:sld_jtag_hub_inst|irf_reg[1][2]                                                                                                                                  ; altera_reserved_tck ; altera_reserved_tck ; 100.000      ; -0.076     ; 4.572      ;
; 95.371 ; sld_hub:auto_hub|sld_jtag_hub:\jtag_hub_gen:sld_jtag_hub_inst|irsr_reg[6]                                                                                                                                   ; sld_hub:auto_hub|sld_jtag_hub:\jtag_hub_gen:sld_jtag_hub_inst|irf_reg[1][0]                                                                                                                                  ; altera_reserved_tck ; altera_reserved_tck ; 100.000      ; -0.076     ; 4.572      ;
; 95.371 ; sld_hub:auto_hub|sld_jtag_hub:\jtag_hub_gen:sld_jtag_hub_inst|irsr_reg[6]                                                                                                                                   ; sld_hub:auto_hub|sld_jtag_hub:\jtag_hub_gen:sld_jtag_hub_inst|irf_reg[1][1]                                                                                                                                  ; altera_reserved_tck ; altera_reserved_tck ; 100.000      ; -0.076     ; 4.572      ;
; 95.373 ; sld_hub:auto_hub|sld_jtag_hub:\jtag_hub_gen:sld_jtag_hub_inst|irsr_reg[5]                                                                                                                                   ; sld_hub:auto_hub|sld_jtag_hub:\jtag_hub_gen:sld_jtag_hub_inst|irf_reg[2][4]                                                                                                                                  ; altera_reserved_tck ; altera_reserved_tck ; 100.000      ; -0.076     ; 4.570      ;
; 95.373 ; sld_hub:auto_hub|sld_jtag_hub:\jtag_hub_gen:sld_jtag_hub_inst|irsr_reg[5]                                                                                                                                   ; sld_hub:auto_hub|sld_jtag_hub:\jtag_hub_gen:sld_jtag_hub_inst|irf_reg[2][3]                                                                                                                                  ; altera_reserved_tck ; altera_reserved_tck ; 100.000      ; -0.076     ; 4.570      ;
; 95.373 ; sld_hub:auto_hub|sld_jtag_hub:\jtag_hub_gen:sld_jtag_hub_inst|irsr_reg[5]                                                                                                                                   ; sld_hub:auto_hub|sld_jtag_hub:\jtag_hub_gen:sld_jtag_hub_inst|irf_reg[2][2]                                                                                                                                  ; altera_reserved_tck ; altera_reserved_tck ; 100.000      ; -0.076     ; 4.570      ;
; 95.373 ; sld_hub:auto_hub|sld_jtag_hub:\jtag_hub_gen:sld_jtag_hub_inst|irsr_reg[5]                                                                                                                                   ; sld_hub:auto_hub|sld_jtag_hub:\jtag_hub_gen:sld_jtag_hub_inst|irf_reg[2][1]                                                                                                                                  ; altera_reserved_tck ; altera_reserved_tck ; 100.000      ; -0.076     ; 4.570      ;
; 95.373 ; sld_hub:auto_hub|sld_jtag_hub:\jtag_hub_gen:sld_jtag_hub_inst|irsr_reg[5]                                                                                                                                   ; sld_hub:auto_hub|sld_jtag_hub:\jtag_hub_gen:sld_jtag_hub_inst|irf_reg[2][0]                                                                                                                                  ; altera_reserved_tck ; altera_reserved_tck ; 100.000      ; -0.076     ; 4.570      ;
; 95.413 ; sld_hub:auto_hub|sld_jtag_hub:\jtag_hub_gen:sld_jtag_hub_inst|sld_shadow_jsm:shadow_jsm|state[4]                                                                                                            ; Soc:inst1|Soc_cpu:cpu|Soc_cpu_nios2_oci:the_Soc_cpu_nios2_oci|Soc_cpu_jtag_debug_module_wrapper:the_Soc_cpu_jtag_debug_module_wrapper|Soc_cpu_jtag_debug_module_tck:the_Soc_cpu_jtag_debug_module_tck|sr[32] ; altera_reserved_tck ; altera_reserved_tck ; 100.000      ; -0.083     ; 4.523      ;
; 95.413 ; sld_hub:auto_hub|sld_jtag_hub:\jtag_hub_gen:sld_jtag_hub_inst|sld_shadow_jsm:shadow_jsm|state[4]                                                                                                            ; Soc:inst1|Soc_cpu:cpu|Soc_cpu_nios2_oci:the_Soc_cpu_nios2_oci|Soc_cpu_jtag_debug_module_wrapper:the_Soc_cpu_jtag_debug_module_wrapper|Soc_cpu_jtag_debug_module_tck:the_Soc_cpu_jtag_debug_module_tck|sr[30] ; altera_reserved_tck ; altera_reserved_tck ; 100.000      ; -0.083     ; 4.523      ;
; 95.478 ; sld_hub:auto_hub|sld_jtag_hub:\jtag_hub_gen:sld_jtag_hub_inst|sld_shadow_jsm:shadow_jsm|state[4]                                                                                                            ; Soc:inst1|Soc_cpu:cpu|Soc_cpu_nios2_oci:the_Soc_cpu_nios2_oci|Soc_cpu_jtag_debug_module_wrapper:the_Soc_cpu_jtag_debug_module_wrapper|Soc_cpu_jtag_debug_module_tck:the_Soc_cpu_jtag_debug_module_tck|sr[26] ; altera_reserved_tck ; altera_reserved_tck ; 100.000      ; -0.083     ; 4.458      ;
; 95.478 ; sld_hub:auto_hub|sld_jtag_hub:\jtag_hub_gen:sld_jtag_hub_inst|sld_shadow_jsm:shadow_jsm|state[4]                                                                                                            ; Soc:inst1|Soc_cpu:cpu|Soc_cpu_nios2_oci:the_Soc_cpu_nios2_oci|Soc_cpu_jtag_debug_module_wrapper:the_Soc_cpu_jtag_debug_module_wrapper|Soc_cpu_jtag_debug_module_tck:the_Soc_cpu_jtag_debug_module_tck|sr[27] ; altera_reserved_tck ; altera_reserved_tck ; 100.000      ; -0.083     ; 4.458      ;
; 95.479 ; sld_hub:auto_hub|sld_jtag_hub:\jtag_hub_gen:sld_jtag_hub_inst|sld_shadow_jsm:shadow_jsm|state[4]                                                                                                            ; Soc:inst1|Soc_cpu:cpu|Soc_cpu_nios2_oci:the_Soc_cpu_nios2_oci|Soc_cpu_jtag_debug_module_wrapper:the_Soc_cpu_jtag_debug_module_wrapper|Soc_cpu_jtag_debug_module_tck:the_Soc_cpu_jtag_debug_module_tck|sr[25] ; altera_reserved_tck ; altera_reserved_tck ; 100.000      ; -0.083     ; 4.457      ;
; 95.480 ; sld_hub:auto_hub|sld_jtag_hub:\jtag_hub_gen:sld_jtag_hub_inst|sld_shadow_jsm:shadow_jsm|state[4]                                                                                                            ; Soc:inst1|Soc_cpu:cpu|Soc_cpu_nios2_oci:the_Soc_cpu_nios2_oci|Soc_cpu_jtag_debug_module_wrapper:the_Soc_cpu_jtag_debug_module_wrapper|Soc_cpu_jtag_debug_module_tck:the_Soc_cpu_jtag_debug_module_tck|sr[24] ; altera_reserved_tck ; altera_reserved_tck ; 100.000      ; -0.083     ; 4.456      ;
; 95.481 ; sld_hub:auto_hub|sld_jtag_hub:\jtag_hub_gen:sld_jtag_hub_inst|sld_shadow_jsm:shadow_jsm|state[4]                                                                                                            ; Soc:inst1|Soc_cpu:cpu|Soc_cpu_nios2_oci:the_Soc_cpu_nios2_oci|Soc_cpu_jtag_debug_module_wrapper:the_Soc_cpu_jtag_debug_module_wrapper|Soc_cpu_jtag_debug_module_tck:the_Soc_cpu_jtag_debug_module_tck|sr[28] ; altera_reserved_tck ; altera_reserved_tck ; 100.000      ; -0.083     ; 4.455      ;
; 95.481 ; sld_hub:auto_hub|sld_jtag_hub:\jtag_hub_gen:sld_jtag_hub_inst|sld_shadow_jsm:shadow_jsm|state[4]                                                                                                            ; Soc:inst1|Soc_cpu:cpu|Soc_cpu_nios2_oci:the_Soc_cpu_nios2_oci|Soc_cpu_jtag_debug_module_wrapper:the_Soc_cpu_jtag_debug_module_wrapper|Soc_cpu_jtag_debug_module_tck:the_Soc_cpu_jtag_debug_module_tck|sr[29] ; altera_reserved_tck ; altera_reserved_tck ; 100.000      ; -0.083     ; 4.455      ;
; 95.495 ; sld_hub:auto_hub|sld_jtag_hub:\jtag_hub_gen:sld_jtag_hub_inst|sld_shadow_jsm:shadow_jsm|state[4]                                                                                                            ; Soc:inst1|Soc_cpu:cpu|Soc_cpu_nios2_oci:the_Soc_cpu_nios2_oci|Soc_cpu_jtag_debug_module_wrapper:the_Soc_cpu_jtag_debug_module_wrapper|Soc_cpu_jtag_debug_module_tck:the_Soc_cpu_jtag_debug_module_tck|sr[34] ; altera_reserved_tck ; altera_reserved_tck ; 100.000      ; -0.083     ; 4.441      ;
; 95.495 ; sld_hub:auto_hub|sld_jtag_hub:\jtag_hub_gen:sld_jtag_hub_inst|sld_shadow_jsm:shadow_jsm|state[4]                                                                                                            ; Soc:inst1|Soc_cpu:cpu|Soc_cpu_nios2_oci:the_Soc_cpu_nios2_oci|Soc_cpu_jtag_debug_module_wrapper:the_Soc_cpu_jtag_debug_module_wrapper|Soc_cpu_jtag_debug_module_tck:the_Soc_cpu_jtag_debug_module_tck|sr[33] ; altera_reserved_tck ; altera_reserved_tck ; 100.000      ; -0.083     ; 4.441      ;
; 95.506 ; sld_hub:auto_hub|sld_jtag_hub:\jtag_hub_gen:sld_jtag_hub_inst|irsr_reg[5]                                                                                                                                   ; sld_hub:auto_hub|sld_jtag_hub:\jtag_hub_gen:sld_jtag_hub_inst|irf_reg[1][4]                                                                                                                                  ; altera_reserved_tck ; altera_reserved_tck ; 100.000      ; -0.076     ; 4.437      ;
; 95.506 ; sld_hub:auto_hub|sld_jtag_hub:\jtag_hub_gen:sld_jtag_hub_inst|irsr_reg[5]                                                                                                                                   ; sld_hub:auto_hub|sld_jtag_hub:\jtag_hub_gen:sld_jtag_hub_inst|irf_reg[1][3]                                                                                                                                  ; altera_reserved_tck ; altera_reserved_tck ; 100.000      ; -0.076     ; 4.437      ;
; 95.506 ; sld_hub:auto_hub|sld_jtag_hub:\jtag_hub_gen:sld_jtag_hub_inst|irsr_reg[5]                                                                                                                                   ; sld_hub:auto_hub|sld_jtag_hub:\jtag_hub_gen:sld_jtag_hub_inst|irf_reg[1][2]                                                                                                                                  ; altera_reserved_tck ; altera_reserved_tck ; 100.000      ; -0.076     ; 4.437      ;
; 95.506 ; sld_hub:auto_hub|sld_jtag_hub:\jtag_hub_gen:sld_jtag_hub_inst|irsr_reg[5]                                                                                                                                   ; sld_hub:auto_hub|sld_jtag_hub:\jtag_hub_gen:sld_jtag_hub_inst|irf_reg[1][0]                                                                                                                                  ; altera_reserved_tck ; altera_reserved_tck ; 100.000      ; -0.076     ; 4.437      ;
; 95.506 ; sld_hub:auto_hub|sld_jtag_hub:\jtag_hub_gen:sld_jtag_hub_inst|irsr_reg[5]                                                                                                                                   ; sld_hub:auto_hub|sld_jtag_hub:\jtag_hub_gen:sld_jtag_hub_inst|irf_reg[1][1]                                                                                                                                  ; altera_reserved_tck ; altera_reserved_tck ; 100.000      ; -0.076     ; 4.437      ;
; 95.516 ; sld_hub:auto_hub|sld_jtag_hub:\jtag_hub_gen:sld_jtag_hub_inst|node_ena[2]~reg0                                                                                                                              ; Soc:inst1|Soc_jtag_uart:jtag_uart|alt_jtag_atlantic:Soc_jtag_uart_alt_jtag_atlantic|user_saw_rvalid                                                                                                          ; altera_reserved_tck ; altera_reserved_tck ; 100.000      ; -0.101     ; 4.402      ;
; 95.542 ; sld_hub:auto_hub|sld_jtag_hub:\jtag_hub_gen:sld_jtag_hub_inst|node_ena[1]~reg0                                                                                                                              ; Soc:inst1|Soc_cpu:cpu|Soc_cpu_nios2_oci:the_Soc_cpu_nios2_oci|Soc_cpu_jtag_debug_module_wrapper:the_Soc_cpu_jtag_debug_module_wrapper|Soc_cpu_jtag_debug_module_tck:the_Soc_cpu_jtag_debug_module_tck|sr[14] ; altera_reserved_tck ; altera_reserved_tck ; 100.000      ; -0.097     ; 4.380      ;
; 95.567 ; sld_hub:auto_hub|sld_jtag_hub:\jtag_hub_gen:sld_jtag_hub_inst|node_ena[1]~reg0                                                                                                                              ; Soc:inst1|Soc_cpu:cpu|Soc_cpu_nios2_oci:the_Soc_cpu_nios2_oci|Soc_cpu_jtag_debug_module_wrapper:the_Soc_cpu_jtag_debug_module_wrapper|Soc_cpu_jtag_debug_module_tck:the_Soc_cpu_jtag_debug_module_tck|sr[12] ; altera_reserved_tck ; altera_reserved_tck ; 100.000      ; -0.097     ; 4.355      ;
+--------+-------------------------------------------------------------------------------------------------------------------------------------------------------------------------------------------------------------+--------------------------------------------------------------------------------------------------------------------------------------------------------------------------------------------------------------+---------------------+---------------------+--------------+------------+------------+


+--------------------------------------------------------------------------------------------------------------------------------------------------------------------------------------------------------------------------------------------------------------------------------------------------------------------------------------------------------------------------------------------------------------------------------------------------------------------------------------------------------------------------------------------------------------------------------------------------------------------------------------+
; Slow 1200mV 0C Model Hold: 'altera_reserved_tck'                                                                                                                                                                                                                                                                                                                                                                                                                                                                                                                                                                                     ;
+-------+--------------------------------------------------------------------------------------------------------------------------------------------------------------------------------------------------------------------------------------------------------------------+--------------------------------------------------------------------------------------------------------------------------------------------------------------------------------------------------------------------------------------------------------------------+---------------------+---------------------+--------------+------------+------------+
; Slack ; From Node                                                                                                                                                                                                                                                          ; To Node                                                                                                                                                                                                                                                            ; Launch Clock        ; Latch Clock         ; Relationship ; Clock Skew ; Data Delay ;
+-------+--------------------------------------------------------------------------------------------------------------------------------------------------------------------------------------------------------------------------------------------------------------------+--------------------------------------------------------------------------------------------------------------------------------------------------------------------------------------------------------------------------------------------------------------------+---------------------+---------------------+--------------+------------+------------+
; 0.355 ; sld_hub:auto_hub|sld_jtag_hub:\jtag_hub_gen:sld_jtag_hub_inst|irsr_reg[4]                                                                                                                                                                                          ; sld_hub:auto_hub|sld_jtag_hub:\jtag_hub_gen:sld_jtag_hub_inst|irsr_reg[4]                                                                                                                                                                                          ; altera_reserved_tck ; altera_reserved_tck ; 0.000        ; 0.071      ; 0.597      ;
; 0.355 ; sld_hub:auto_hub|sld_jtag_hub:\jtag_hub_gen:sld_jtag_hub_inst|hub_mode_reg[0]                                                                                                                                                                                      ; sld_hub:auto_hub|sld_jtag_hub:\jtag_hub_gen:sld_jtag_hub_inst|hub_mode_reg[0]                                                                                                                                                                                      ; altera_reserved_tck ; altera_reserved_tck ; 0.000        ; 0.071      ; 0.597      ;
; 0.355 ; Soc:inst1|Soc_jtag_uart:jtag_uart|alt_jtag_atlantic:Soc_jtag_uart_alt_jtag_atlantic|state                                                                                                                                                                          ; Soc:inst1|Soc_jtag_uart:jtag_uart|alt_jtag_atlantic:Soc_jtag_uart_alt_jtag_atlantic|state                                                                                                                                                                          ; altera_reserved_tck ; altera_reserved_tck ; 0.000        ; 0.071      ; 0.597      ;
; 0.355 ; sld_hub:auto_hub|sld_jtag_hub:\jtag_hub_gen:sld_jtag_hub_inst|hub_mode_reg[1]                                                                                                                                                                                      ; sld_hub:auto_hub|sld_jtag_hub:\jtag_hub_gen:sld_jtag_hub_inst|hub_mode_reg[1]                                                                                                                                                                                      ; altera_reserved_tck ; altera_reserved_tck ; 0.000        ; 0.071      ; 0.597      ;
; 0.355 ; sld_hub:auto_hub|sld_jtag_hub:\jtag_hub_gen:sld_jtag_hub_inst|tdo_bypass_reg                                                                                                                                                                                       ; sld_hub:auto_hub|sld_jtag_hub:\jtag_hub_gen:sld_jtag_hub_inst|tdo_bypass_reg                                                                                                                                                                                       ; altera_reserved_tck ; altera_reserved_tck ; 0.000        ; 0.071      ; 0.597      ;
; 0.356 ; sld_hub:auto_hub|sld_jtag_hub:\jtag_hub_gen:sld_jtag_hub_inst|hub_mode_reg[2]                                                                                                                                                                                      ; sld_hub:auto_hub|sld_jtag_hub:\jtag_hub_gen:sld_jtag_hub_inst|hub_mode_reg[2]                                                                                                                                                                                      ; altera_reserved_tck ; altera_reserved_tck ; 0.000        ; 0.070      ; 0.597      ;
; 0.356 ; sld_hub:auto_hub|sld_jtag_hub:\jtag_hub_gen:sld_jtag_hub_inst|irsr_reg[5]                                                                                                                                                                                          ; sld_hub:auto_hub|sld_jtag_hub:\jtag_hub_gen:sld_jtag_hub_inst|irsr_reg[5]                                                                                                                                                                                          ; altera_reserved_tck ; altera_reserved_tck ; 0.000        ; 0.070      ; 0.597      ;
; 0.356 ; sld_hub:auto_hub|sld_jtag_hub:\jtag_hub_gen:sld_jtag_hub_inst|sld_shadow_jsm:shadow_jsm|state[13]                                                                                                                                                                  ; sld_hub:auto_hub|sld_jtag_hub:\jtag_hub_gen:sld_jtag_hub_inst|sld_shadow_jsm:shadow_jsm|state[13]                                                                                                                                                                  ; altera_reserved_tck ; altera_reserved_tck ; 0.000        ; 0.070      ; 0.597      ;
; 0.356 ; sld_hub:auto_hub|sld_jtag_hub:\jtag_hub_gen:sld_jtag_hub_inst|sld_shadow_jsm:shadow_jsm|state[11]                                                                                                                                                                  ; sld_hub:auto_hub|sld_jtag_hub:\jtag_hub_gen:sld_jtag_hub_inst|sld_shadow_jsm:shadow_jsm|state[11]                                                                                                                                                                  ; altera_reserved_tck ; altera_reserved_tck ; 0.000        ; 0.070      ; 0.597      ;
; 0.356 ; sld_hub:auto_hub|sld_jtag_hub:\jtag_hub_gen:sld_jtag_hub_inst|sld_shadow_jsm:shadow_jsm|state[4]                                                                                                                                                                   ; sld_hub:auto_hub|sld_jtag_hub:\jtag_hub_gen:sld_jtag_hub_inst|sld_shadow_jsm:shadow_jsm|state[4]                                                                                                                                                                   ; altera_reserved_tck ; altera_reserved_tck ; 0.000        ; 0.070      ; 0.597      ;
; 0.356 ; sld_hub:auto_hub|sld_jtag_hub:\jtag_hub_gen:sld_jtag_hub_inst|sld_shadow_jsm:shadow_jsm|state[1]                                                                                                                                                                   ; sld_hub:auto_hub|sld_jtag_hub:\jtag_hub_gen:sld_jtag_hub_inst|sld_shadow_jsm:shadow_jsm|state[1]                                                                                                                                                                   ; altera_reserved_tck ; altera_reserved_tck ; 0.000        ; 0.070      ; 0.597      ;
; 0.356 ; sld_hub:auto_hub|sld_jtag_hub:\jtag_hub_gen:sld_jtag_hub_inst|sld_shadow_jsm:shadow_jsm|state[6]                                                                                                                                                                   ; sld_hub:auto_hub|sld_jtag_hub:\jtag_hub_gen:sld_jtag_hub_inst|sld_shadow_jsm:shadow_jsm|state[6]                                                                                                                                                                   ; altera_reserved_tck ; altera_reserved_tck ; 0.000        ; 0.070      ; 0.597      ;
; 0.356 ; sld_hub:auto_hub|sld_jtag_hub:\jtag_hub_gen:sld_jtag_hub_inst|sld_shadow_jsm:shadow_jsm|state[0]                                                                                                                                                                   ; sld_hub:auto_hub|sld_jtag_hub:\jtag_hub_gen:sld_jtag_hub_inst|sld_shadow_jsm:shadow_jsm|state[0]                                                                                                                                                                   ; altera_reserved_tck ; altera_reserved_tck ; 0.000        ; 0.070      ; 0.597      ;
; 0.356 ; sld_hub:auto_hub|sld_jtag_hub:\jtag_hub_gen:sld_jtag_hub_inst|sld_shadow_jsm:shadow_jsm|tms_cnt[2]                                                                                                                                                                 ; sld_hub:auto_hub|sld_jtag_hub:\jtag_hub_gen:sld_jtag_hub_inst|sld_shadow_jsm:shadow_jsm|tms_cnt[2]                                                                                                                                                                 ; altera_reserved_tck ; altera_reserved_tck ; 0.000        ; 0.070      ; 0.597      ;
; 0.356 ; sld_hub:auto_hub|sld_jtag_hub:\jtag_hub_gen:sld_jtag_hub_inst|sld_shadow_jsm:shadow_jsm|tms_cnt[1]                                                                                                                                                                 ; sld_hub:auto_hub|sld_jtag_hub:\jtag_hub_gen:sld_jtag_hub_inst|sld_shadow_jsm:shadow_jsm|tms_cnt[1]                                                                                                                                                                 ; altera_reserved_tck ; altera_reserved_tck ; 0.000        ; 0.070      ; 0.597      ;
; 0.356 ; Soc:inst1|Soc_jtag_uart:jtag_uart|alt_jtag_atlantic:Soc_jtag_uart_alt_jtag_atlantic|user_saw_rvalid                                                                                                                                                                ; Soc:inst1|Soc_jtag_uart:jtag_uart|alt_jtag_atlantic:Soc_jtag_uart_alt_jtag_atlantic|user_saw_rvalid                                                                                                                                                                ; altera_reserved_tck ; altera_reserved_tck ; 0.000        ; 0.070      ; 0.597      ;
; 0.356 ; Soc:inst1|Soc_cpu:cpu|Soc_cpu_nios2_oci:the_Soc_cpu_nios2_oci|Soc_cpu_jtag_debug_module_wrapper:the_Soc_cpu_jtag_debug_module_wrapper|Soc_cpu_jtag_debug_module_tck:the_Soc_cpu_jtag_debug_module_tck|sr[31]                                                       ; Soc:inst1|Soc_cpu:cpu|Soc_cpu_nios2_oci:the_Soc_cpu_nios2_oci|Soc_cpu_jtag_debug_module_wrapper:the_Soc_cpu_jtag_debug_module_wrapper|Soc_cpu_jtag_debug_module_tck:the_Soc_cpu_jtag_debug_module_tck|sr[31]                                                       ; altera_reserved_tck ; altera_reserved_tck ; 0.000        ; 0.070      ; 0.597      ;
; 0.356 ; Soc:inst1|Soc_cpu:cpu|Soc_cpu_nios2_oci:the_Soc_cpu_nios2_oci|Soc_cpu_jtag_debug_module_wrapper:the_Soc_cpu_jtag_debug_module_wrapper|Soc_cpu_jtag_debug_module_tck:the_Soc_cpu_jtag_debug_module_tck|sr[7]                                                        ; Soc:inst1|Soc_cpu:cpu|Soc_cpu_nios2_oci:the_Soc_cpu_nios2_oci|Soc_cpu_jtag_debug_module_wrapper:the_Soc_cpu_jtag_debug_module_wrapper|Soc_cpu_jtag_debug_module_tck:the_Soc_cpu_jtag_debug_module_tck|sr[7]                                                        ; altera_reserved_tck ; altera_reserved_tck ; 0.000        ; 0.070      ; 0.597      ;
; 0.356 ; Soc:inst1|Soc_jtag_uart:jtag_uart|alt_jtag_atlantic:Soc_jtag_uart_alt_jtag_atlantic|jupdate                                                                                                                                                                        ; Soc:inst1|Soc_jtag_uart:jtag_uart|alt_jtag_atlantic:Soc_jtag_uart_alt_jtag_atlantic|jupdate                                                                                                                                                                        ; altera_reserved_tck ; altera_reserved_tck ; 0.000        ; 0.070      ; 0.597      ;
; 0.357 ; Soc:inst1|Soc_jtag_uart:jtag_uart|alt_jtag_atlantic:Soc_jtag_uart_alt_jtag_atlantic|write_stalled                                                                                                                                                                  ; Soc:inst1|Soc_jtag_uart:jtag_uart|alt_jtag_atlantic:Soc_jtag_uart_alt_jtag_atlantic|write_stalled                                                                                                                                                                  ; altera_reserved_tck ; altera_reserved_tck ; 0.000        ; 0.069      ; 0.597      ;
; 0.367 ; sld_hub:auto_hub|sld_jtag_hub:\jtag_hub_gen:sld_jtag_hub_inst|sld_shadow_jsm:shadow_jsm|tms_cnt[0]                                                                                                                                                                 ; sld_hub:auto_hub|sld_jtag_hub:\jtag_hub_gen:sld_jtag_hub_inst|sld_shadow_jsm:shadow_jsm|tms_cnt[0]                                                                                                                                                                 ; altera_reserved_tck ; altera_reserved_tck ; 0.000        ; 0.070      ; 0.608      ;
; 0.367 ; Soc:inst1|Soc_jtag_uart:jtag_uart|alt_jtag_atlantic:Soc_jtag_uart_alt_jtag_atlantic|read                                                                                                                                                                           ; Soc:inst1|Soc_jtag_uart:jtag_uart|alt_jtag_atlantic:Soc_jtag_uart_alt_jtag_atlantic|read                                                                                                                                                                           ; altera_reserved_tck ; altera_reserved_tck ; 0.000        ; 0.070      ; 0.608      ;
; 0.368 ; Soc:inst1|Soc_jtag_uart:jtag_uart|alt_jtag_atlantic:Soc_jtag_uart_alt_jtag_atlantic|write                                                                                                                                                                          ; Soc:inst1|Soc_jtag_uart:jtag_uart|alt_jtag_atlantic:Soc_jtag_uart_alt_jtag_atlantic|write                                                                                                                                                                          ; altera_reserved_tck ; altera_reserved_tck ; 0.000        ; 0.069      ; 0.608      ;
; 0.382 ; sld_hub:auto_hub|sld_jtag_hub:\jtag_hub_gen:sld_jtag_hub_inst|sld_shadow_jsm:shadow_jsm|tms_cnt[1]                                                                                                                                                                 ; sld_hub:auto_hub|sld_jtag_hub:\jtag_hub_gen:sld_jtag_hub_inst|sld_shadow_jsm:shadow_jsm|tms_cnt[2]                                                                                                                                                                 ; altera_reserved_tck ; altera_reserved_tck ; 0.000        ; 0.070      ; 0.623      ;
; 0.389 ; sld_hub:auto_hub|sld_jtag_hub:\jtag_hub_gen:sld_jtag_hub_inst|jtag_ir_reg[3]                                                                                                                                                                                       ; sld_hub:auto_hub|sld_jtag_hub:\jtag_hub_gen:sld_jtag_hub_inst|jtag_ir_reg[2]                                                                                                                                                                                       ; altera_reserved_tck ; altera_reserved_tck ; 0.000        ; 0.071      ; 0.631      ;
; 0.390 ; sld_hub:auto_hub|sld_jtag_hub:\jtag_hub_gen:sld_jtag_hub_inst|sld_shadow_jsm:shadow_jsm|tms_cnt[0]                                                                                                                                                                 ; sld_hub:auto_hub|sld_jtag_hub:\jtag_hub_gen:sld_jtag_hub_inst|sld_shadow_jsm:shadow_jsm|tms_cnt[1]                                                                                                                                                                 ; altera_reserved_tck ; altera_reserved_tck ; 0.000        ; 0.070      ; 0.631      ;
; 0.392 ; sld_hub:auto_hub|sld_jtag_hub:\jtag_hub_gen:sld_jtag_hub_inst|jtag_ir_reg[1]                                                                                                                                                                                       ; sld_hub:auto_hub|sld_jtag_hub:\jtag_hub_gen:sld_jtag_hub_inst|jtag_ir_reg[0]                                                                                                                                                                                       ; altera_reserved_tck ; altera_reserved_tck ; 0.000        ; 0.071      ; 0.634      ;
; 0.396 ; sld_hub:auto_hub|sld_jtag_hub:\jtag_hub_gen:sld_jtag_hub_inst|identity_contrib_shift_reg[0]                                                                                                                                                                        ; sld_hub:auto_hub|sld_jtag_hub:\jtag_hub_gen:sld_jtag_hub_inst|identity_contrib_update_reg[0]                                                                                                                                                                       ; altera_reserved_tck ; altera_reserved_tck ; 0.000        ; 0.071      ; 0.638      ;
; 0.398 ; sld_hub:auto_hub|sld_jtag_hub:\jtag_hub_gen:sld_jtag_hub_inst|irf_reg[2][1]                                                                                                                                                                                        ; sld_hub:auto_hub|sld_jtag_hub:\jtag_hub_gen:sld_jtag_hub_inst|shadow_irf_reg[2][1]                                                                                                                                                                                 ; altera_reserved_tck ; altera_reserved_tck ; 0.000        ; 0.070      ; 0.639      ;
; 0.398 ; sld_hub:auto_hub|sld_jtag_hub:\jtag_hub_gen:sld_jtag_hub_inst|shadow_irf_reg[1][1]                                                                                                                                                                                 ; sld_hub:auto_hub|sld_jtag_hub:\jtag_hub_gen:sld_jtag_hub_inst|irf_reg[1][1]                                                                                                                                                                                        ; altera_reserved_tck ; altera_reserved_tck ; 0.000        ; 0.070      ; 0.639      ;
; 0.398 ; sld_hub:auto_hub|sld_jtag_hub:\jtag_hub_gen:sld_jtag_hub_inst|hub_minor_ver_reg[2]                                                                                                                                                                                 ; sld_hub:auto_hub|sld_jtag_hub:\jtag_hub_gen:sld_jtag_hub_inst|hub_minor_ver_reg[1]                                                                                                                                                                                 ; altera_reserved_tck ; altera_reserved_tck ; 0.000        ; 0.070      ; 0.639      ;
; 0.398 ; sld_hub:auto_hub|sld_jtag_hub:\jtag_hub_gen:sld_jtag_hub_inst|sld_shadow_jsm:shadow_jsm|state[6]                                                                                                                                                                   ; sld_hub:auto_hub|sld_jtag_hub:\jtag_hub_gen:sld_jtag_hub_inst|sld_shadow_jsm:shadow_jsm|state[7]                                                                                                                                                                   ; altera_reserved_tck ; altera_reserved_tck ; 0.000        ; 0.070      ; 0.639      ;
; 0.398 ; Soc:inst1|Soc_jtag_uart:jtag_uart|alt_jtag_atlantic:Soc_jtag_uart_alt_jtag_atlantic|count[4]                                                                                                                                                                       ; Soc:inst1|Soc_jtag_uart:jtag_uart|alt_jtag_atlantic:Soc_jtag_uart_alt_jtag_atlantic|count[5]                                                                                                                                                                       ; altera_reserved_tck ; altera_reserved_tck ; 0.000        ; 0.070      ; 0.639      ;
; 0.398 ; Soc:inst1|Soc_jtag_uart:jtag_uart|alt_jtag_atlantic:Soc_jtag_uart_alt_jtag_atlantic|count[3]                                                                                                                                                                       ; Soc:inst1|Soc_jtag_uart:jtag_uart|alt_jtag_atlantic:Soc_jtag_uart_alt_jtag_atlantic|count[4]                                                                                                                                                                       ; altera_reserved_tck ; altera_reserved_tck ; 0.000        ; 0.070      ; 0.639      ;
; 0.399 ; sld_hub:auto_hub|sld_jtag_hub:\jtag_hub_gen:sld_jtag_hub_inst|irf_reg[2][2]                                                                                                                                                                                        ; sld_hub:auto_hub|sld_jtag_hub:\jtag_hub_gen:sld_jtag_hub_inst|shadow_irf_reg[2][2]                                                                                                                                                                                 ; altera_reserved_tck ; altera_reserved_tck ; 0.000        ; 0.070      ; 0.640      ;
; 0.399 ; sld_hub:auto_hub|sld_jtag_hub:\jtag_hub_gen:sld_jtag_hub_inst|sld_rom_sr:hub_info_reg|WORD_SR[3]                                                                                                                                                                   ; sld_hub:auto_hub|sld_jtag_hub:\jtag_hub_gen:sld_jtag_hub_inst|sld_rom_sr:hub_info_reg|WORD_SR[2]                                                                                                                                                                   ; altera_reserved_tck ; altera_reserved_tck ; 0.000        ; 0.071      ; 0.641      ;
; 0.399 ; sld_hub:auto_hub|sld_jtag_hub:\jtag_hub_gen:sld_jtag_hub_inst|shadow_irf_reg[1][0]                                                                                                                                                                                 ; sld_hub:auto_hub|sld_jtag_hub:\jtag_hub_gen:sld_jtag_hub_inst|irf_reg[1][0]                                                                                                                                                                                        ; altera_reserved_tck ; altera_reserved_tck ; 0.000        ; 0.070      ; 0.640      ;
; 0.399 ; sld_hub:auto_hub|sld_jtag_hub:\jtag_hub_gen:sld_jtag_hub_inst|shadow_irf_reg[2][0]                                                                                                                                                                                 ; sld_hub:auto_hub|sld_jtag_hub:\jtag_hub_gen:sld_jtag_hub_inst|irf_reg[2][0]                                                                                                                                                                                        ; altera_reserved_tck ; altera_reserved_tck ; 0.000        ; 0.070      ; 0.640      ;
; 0.399 ; Soc:inst1|Soc_cpu:cpu|Soc_cpu_nios2_oci:the_Soc_cpu_nios2_oci|Soc_cpu_jtag_debug_module_wrapper:the_Soc_cpu_jtag_debug_module_wrapper|Soc_cpu_jtag_debug_module_tck:the_Soc_cpu_jtag_debug_module_tck|altera_std_synchronizer:the_altera_std_synchronizer2|din_s1  ; Soc:inst1|Soc_cpu:cpu|Soc_cpu_nios2_oci:the_Soc_cpu_nios2_oci|Soc_cpu_jtag_debug_module_wrapper:the_Soc_cpu_jtag_debug_module_wrapper|Soc_cpu_jtag_debug_module_tck:the_Soc_cpu_jtag_debug_module_tck|altera_std_synchronizer:the_altera_std_synchronizer2|dreg[0] ; altera_reserved_tck ; altera_reserved_tck ; 0.000        ; 0.071      ; 0.641      ;
; 0.399 ; Soc:inst1|Soc_jtag_uart:jtag_uart|alt_jtag_atlantic:Soc_jtag_uart_alt_jtag_atlantic|count[5]                                                                                                                                                                       ; Soc:inst1|Soc_jtag_uart:jtag_uart|alt_jtag_atlantic:Soc_jtag_uart_alt_jtag_atlantic|count[6]                                                                                                                                                                       ; altera_reserved_tck ; altera_reserved_tck ; 0.000        ; 0.070      ; 0.640      ;
; 0.400 ; sld_hub:auto_hub|sld_jtag_hub:\jtag_hub_gen:sld_jtag_hub_inst|hub_minor_ver_reg[1]                                                                                                                                                                                 ; sld_hub:auto_hub|sld_jtag_hub:\jtag_hub_gen:sld_jtag_hub_inst|hub_minor_ver_reg[0]                                                                                                                                                                                 ; altera_reserved_tck ; altera_reserved_tck ; 0.000        ; 0.070      ; 0.641      ;
; 0.400 ; sld_hub:auto_hub|sld_jtag_hub:\jtag_hub_gen:sld_jtag_hub_inst|hub_minor_ver_reg[3]                                                                                                                                                                                 ; sld_hub:auto_hub|sld_jtag_hub:\jtag_hub_gen:sld_jtag_hub_inst|hub_minor_ver_reg[2]                                                                                                                                                                                 ; altera_reserved_tck ; altera_reserved_tck ; 0.000        ; 0.070      ; 0.641      ;
; 0.400 ; Soc:inst1|Soc_cpu:cpu|Soc_cpu_nios2_oci:the_Soc_cpu_nios2_oci|Soc_cpu_jtag_debug_module_wrapper:the_Soc_cpu_jtag_debug_module_wrapper|Soc_cpu_jtag_debug_module_tck:the_Soc_cpu_jtag_debug_module_tck|altera_std_synchronizer:the_altera_std_synchronizer1|din_s1  ; Soc:inst1|Soc_cpu:cpu|Soc_cpu_nios2_oci:the_Soc_cpu_nios2_oci|Soc_cpu_jtag_debug_module_wrapper:the_Soc_cpu_jtag_debug_module_wrapper|Soc_cpu_jtag_debug_module_tck:the_Soc_cpu_jtag_debug_module_tck|altera_std_synchronizer:the_altera_std_synchronizer1|dreg[0] ; altera_reserved_tck ; altera_reserved_tck ; 0.000        ; 0.071      ; 0.642      ;
; 0.402 ; sld_hub:auto_hub|sld_jtag_hub:\jtag_hub_gen:sld_jtag_hub_inst|sld_shadow_jsm:shadow_jsm|state[0]                                                                                                                                                                   ; sld_hub:auto_hub|sld_jtag_hub:\jtag_hub_gen:sld_jtag_hub_inst|sld_shadow_jsm:shadow_jsm|state[1]                                                                                                                                                                   ; altera_reserved_tck ; altera_reserved_tck ; 0.000        ; 0.070      ; 0.643      ;
; 0.403 ; sld_hub:auto_hub|sld_jtag_hub:\jtag_hub_gen:sld_jtag_hub_inst|sld_shadow_jsm:shadow_jsm|state[12]                                                                                                                                                                  ; sld_hub:auto_hub|sld_jtag_hub:\jtag_hub_gen:sld_jtag_hub_inst|sld_shadow_jsm:shadow_jsm|state[13]                                                                                                                                                                  ; altera_reserved_tck ; altera_reserved_tck ; 0.000        ; 0.070      ; 0.644      ;
; 0.404 ; sld_hub:auto_hub|sld_jtag_hub:\jtag_hub_gen:sld_jtag_hub_inst|jtag_ir_reg[2]                                                                                                                                                                                       ; sld_hub:auto_hub|sld_jtag_hub:\jtag_hub_gen:sld_jtag_hub_inst|jtag_ir_reg[1]                                                                                                                                                                                       ; altera_reserved_tck ; altera_reserved_tck ; 0.000        ; 0.071      ; 0.646      ;
; 0.404 ; sld_hub:auto_hub|sld_jtag_hub:\jtag_hub_gen:sld_jtag_hub_inst|jtag_ir_reg[4]                                                                                                                                                                                       ; sld_hub:auto_hub|sld_jtag_hub:\jtag_hub_gen:sld_jtag_hub_inst|jtag_ir_reg[3]                                                                                                                                                                                       ; altera_reserved_tck ; altera_reserved_tck ; 0.000        ; 0.071      ; 0.646      ;
; 0.404 ; sld_hub:auto_hub|sld_jtag_hub:\jtag_hub_gen:sld_jtag_hub_inst|jtag_ir_reg[7]                                                                                                                                                                                       ; sld_hub:auto_hub|sld_jtag_hub:\jtag_hub_gen:sld_jtag_hub_inst|jtag_ir_reg[6]                                                                                                                                                                                       ; altera_reserved_tck ; altera_reserved_tck ; 0.000        ; 0.071      ; 0.646      ;
; 0.404 ; sld_hub:auto_hub|sld_jtag_hub:\jtag_hub_gen:sld_jtag_hub_inst|sld_shadow_jsm:shadow_jsm|state[2]                                                                                                                                                                   ; sld_hub:auto_hub|sld_jtag_hub:\jtag_hub_gen:sld_jtag_hub_inst|sld_shadow_jsm:shadow_jsm|state[9]                                                                                                                                                                   ; altera_reserved_tck ; altera_reserved_tck ; 0.000        ; 0.070      ; 0.645      ;
; 0.404 ; sld_hub:auto_hub|sld_jtag_hub:\jtag_hub_gen:sld_jtag_hub_inst|sld_shadow_jsm:shadow_jsm|state[2]                                                                                                                                                                   ; sld_hub:auto_hub|sld_jtag_hub:\jtag_hub_gen:sld_jtag_hub_inst|sld_shadow_jsm:shadow_jsm|state[3]                                                                                                                                                                   ; altera_reserved_tck ; altera_reserved_tck ; 0.000        ; 0.070      ; 0.645      ;
; 0.405 ; sld_hub:auto_hub|sld_jtag_hub:\jtag_hub_gen:sld_jtag_hub_inst|sld_shadow_jsm:shadow_jsm|state[12]                                                                                                                                                                  ; sld_hub:auto_hub|sld_jtag_hub:\jtag_hub_gen:sld_jtag_hub_inst|sld_shadow_jsm:shadow_jsm|state[15]                                                                                                                                                                  ; altera_reserved_tck ; altera_reserved_tck ; 0.000        ; 0.070      ; 0.646      ;
; 0.405 ; sld_hub:auto_hub|sld_jtag_hub:\jtag_hub_gen:sld_jtag_hub_inst|sld_shadow_jsm:shadow_jsm|state[10]                                                                                                                                                                  ; sld_hub:auto_hub|sld_jtag_hub:\jtag_hub_gen:sld_jtag_hub_inst|sld_shadow_jsm:shadow_jsm|state[11]                                                                                                                                                                  ; altera_reserved_tck ; altera_reserved_tck ; 0.000        ; 0.070      ; 0.646      ;
; 0.405 ; Soc:inst1|Soc_cpu:cpu|Soc_cpu_nios2_oci:the_Soc_cpu_nios2_oci|Soc_cpu_jtag_debug_module_wrapper:the_Soc_cpu_jtag_debug_module_wrapper|Soc_cpu_jtag_debug_module_tck:the_Soc_cpu_jtag_debug_module_tck|sr[33]                                                       ; Soc:inst1|Soc_cpu:cpu|Soc_cpu_nios2_oci:the_Soc_cpu_nios2_oci|Soc_cpu_jtag_debug_module_wrapper:the_Soc_cpu_jtag_debug_module_wrapper|Soc_cpu_jtag_debug_module_tck:the_Soc_cpu_jtag_debug_module_tck|sr[32]                                                       ; altera_reserved_tck ; altera_reserved_tck ; 0.000        ; 0.069      ; 0.645      ;
; 0.406 ; sld_hub:auto_hub|sld_jtag_hub:\jtag_hub_gen:sld_jtag_hub_inst|identity_contrib_shift_reg[2]                                                                                                                                                                        ; sld_hub:auto_hub|sld_jtag_hub:\jtag_hub_gen:sld_jtag_hub_inst|identity_contrib_shift_reg[1]                                                                                                                                                                        ; altera_reserved_tck ; altera_reserved_tck ; 0.000        ; 0.071      ; 0.648      ;
; 0.406 ; sld_hub:auto_hub|sld_jtag_hub:\jtag_hub_gen:sld_jtag_hub_inst|identity_contrib_shift_reg[2]                                                                                                                                                                        ; sld_hub:auto_hub|sld_jtag_hub:\jtag_hub_gen:sld_jtag_hub_inst|identity_contrib_update_reg[2]                                                                                                                                                                       ; altera_reserved_tck ; altera_reserved_tck ; 0.000        ; 0.071      ; 0.648      ;
; 0.407 ; sld_hub:auto_hub|sld_jtag_hub:\jtag_hub_gen:sld_jtag_hub_inst|sld_shadow_jsm:shadow_jsm|state[10]                                                                                                                                                                  ; sld_hub:auto_hub|sld_jtag_hub:\jtag_hub_gen:sld_jtag_hub_inst|sld_shadow_jsm:shadow_jsm|state[12]                                                                                                                                                                  ; altera_reserved_tck ; altera_reserved_tck ; 0.000        ; 0.070      ; 0.648      ;
; 0.409 ; Soc:inst1|Soc_cpu:cpu|Soc_cpu_nios2_oci:the_Soc_cpu_nios2_oci|Soc_cpu_jtag_debug_module_wrapper:the_Soc_cpu_jtag_debug_module_wrapper|Soc_cpu_jtag_debug_module_tck:the_Soc_cpu_jtag_debug_module_tck|sr[4]                                                        ; Soc:inst1|Soc_cpu:cpu|Soc_cpu_nios2_oci:the_Soc_cpu_nios2_oci|Soc_cpu_jtag_debug_module_wrapper:the_Soc_cpu_jtag_debug_module_wrapper|Soc_cpu_jtag_debug_module_tck:the_Soc_cpu_jtag_debug_module_tck|sr[3]                                                        ; altera_reserved_tck ; altera_reserved_tck ; 0.000        ; 0.069      ; 0.649      ;
; 0.414 ; sld_hub:auto_hub|sld_jtag_hub:\jtag_hub_gen:sld_jtag_hub_inst|sld_rom_sr:hub_info_reg|word_counter[4]                                                                                                                                                              ; sld_hub:auto_hub|sld_jtag_hub:\jtag_hub_gen:sld_jtag_hub_inst|sld_rom_sr:hub_info_reg|word_counter[4]                                                                                                                                                              ; altera_reserved_tck ; altera_reserved_tck ; 0.000        ; 0.070      ; 0.655      ;
; 0.417 ; Soc:inst1|Soc_jtag_uart:jtag_uart|alt_jtag_atlantic:Soc_jtag_uart_alt_jtag_atlantic|count[9]                                                                                                                                                                       ; Soc:inst1|Soc_jtag_uart:jtag_uart|alt_jtag_atlantic:Soc_jtag_uart_alt_jtag_atlantic|count[0]                                                                                                                                                                       ; altera_reserved_tck ; altera_reserved_tck ; 0.000        ; 0.070      ; 0.658      ;
; 0.418 ; Soc:inst1|Soc_cpu:cpu|Soc_cpu_nios2_oci:the_Soc_cpu_nios2_oci|Soc_cpu_jtag_debug_module_wrapper:the_Soc_cpu_jtag_debug_module_wrapper|Soc_cpu_jtag_debug_module_tck:the_Soc_cpu_jtag_debug_module_tck|sr[37]                                                       ; Soc:inst1|Soc_cpu:cpu|Soc_cpu_nios2_oci:the_Soc_cpu_nios2_oci|Soc_cpu_jtag_debug_module_wrapper:the_Soc_cpu_jtag_debug_module_wrapper|Soc_cpu_jtag_debug_module_tck:the_Soc_cpu_jtag_debug_module_tck|sr[36]                                                       ; altera_reserved_tck ; altera_reserved_tck ; 0.000        ; 0.071      ; 0.660      ;
; 0.418 ; sld_hub:auto_hub|sld_jtag_hub:\jtag_hub_gen:sld_jtag_hub_inst|sld_shadow_jsm:shadow_jsm|state[1]                                                                                                                                                                   ; sld_hub:auto_hub|sld_jtag_hub:\jtag_hub_gen:sld_jtag_hub_inst|sld_shadow_jsm:shadow_jsm|state[2]                                                                                                                                                                   ; altera_reserved_tck ; altera_reserved_tck ; 0.000        ; 0.070      ; 0.659      ;
; 0.418 ; Soc:inst1|Soc_jtag_uart:jtag_uart|alt_jtag_atlantic:Soc_jtag_uart_alt_jtag_atlantic|count[0]                                                                                                                                                                       ; Soc:inst1|Soc_jtag_uart:jtag_uart|alt_jtag_atlantic:Soc_jtag_uart_alt_jtag_atlantic|count[1]                                                                                                                                                                       ; altera_reserved_tck ; altera_reserved_tck ; 0.000        ; 0.070      ; 0.659      ;
; 0.420 ; Soc:inst1|Soc_jtag_uart:jtag_uart|alt_jtag_atlantic:Soc_jtag_uart_alt_jtag_atlantic|count[1]                                                                                                                                                                       ; Soc:inst1|Soc_jtag_uart:jtag_uart|alt_jtag_atlantic:Soc_jtag_uart_alt_jtag_atlantic|count[2]                                                                                                                                                                       ; altera_reserved_tck ; altera_reserved_tck ; 0.000        ; 0.070      ; 0.661      ;
; 0.424 ; sld_hub:auto_hub|sld_jtag_hub:\jtag_hub_gen:sld_jtag_hub_inst|sld_shadow_jsm:shadow_jsm|state[5]                                                                                                                                                                   ; sld_hub:auto_hub|sld_jtag_hub:\jtag_hub_gen:sld_jtag_hub_inst|sld_shadow_jsm:shadow_jsm|state[8]                                                                                                                                                                   ; altera_reserved_tck ; altera_reserved_tck ; 0.000        ; 0.070      ; 0.665      ;
; 0.424 ; sld_hub:auto_hub|sld_jtag_hub:\jtag_hub_gen:sld_jtag_hub_inst|sld_shadow_jsm:shadow_jsm|state[7]                                                                                                                                                                   ; sld_hub:auto_hub|sld_jtag_hub:\jtag_hub_gen:sld_jtag_hub_inst|sld_shadow_jsm:shadow_jsm|state[4]                                                                                                                                                                   ; altera_reserved_tck ; altera_reserved_tck ; 0.000        ; 0.070      ; 0.665      ;
; 0.424 ; sld_hub:auto_hub|sld_jtag_hub:\jtag_hub_gen:sld_jtag_hub_inst|sld_shadow_jsm:shadow_jsm|state[5]                                                                                                                                                                   ; sld_hub:auto_hub|sld_jtag_hub:\jtag_hub_gen:sld_jtag_hub_inst|sld_shadow_jsm:shadow_jsm|state[6]                                                                                                                                                                   ; altera_reserved_tck ; altera_reserved_tck ; 0.000        ; 0.070      ; 0.665      ;
; 0.428 ; sld_hub:auto_hub|sld_jtag_hub:\jtag_hub_gen:sld_jtag_hub_inst|irsr_reg[6]                                                                                                                                                                                          ; sld_hub:auto_hub|sld_jtag_hub:\jtag_hub_gen:sld_jtag_hub_inst|node_ena[2]~reg0                                                                                                                                                                                     ; altera_reserved_tck ; altera_reserved_tck ; 0.000        ; 0.070      ; 0.669      ;
; 0.442 ; sld_hub:auto_hub|sld_jtag_hub:\jtag_hub_gen:sld_jtag_hub_inst|irsr_reg[6]                                                                                                                                                                                          ; sld_hub:auto_hub|sld_jtag_hub:\jtag_hub_gen:sld_jtag_hub_inst|node_ena[1]~reg0                                                                                                                                                                                     ; altera_reserved_tck ; altera_reserved_tck ; 0.000        ; 0.070      ; 0.683      ;
; 0.503 ; sld_hub:auto_hub|sld_jtag_hub:\jtag_hub_gen:sld_jtag_hub_inst|jtag_ir_reg[0]                                                                                                                                                                                       ; sld_hub:auto_hub|sld_jtag_hub:\jtag_hub_gen:sld_jtag_hub_inst|virtual_dr_scan_reg                                                                                                                                                                                  ; altera_reserved_tck ; altera_reserved_tck ; 0.000        ; 0.071      ; 0.745      ;
; 0.504 ; sld_hub:auto_hub|sld_jtag_hub:\jtag_hub_gen:sld_jtag_hub_inst|jtag_ir_reg[0]                                                                                                                                                                                       ; sld_hub:auto_hub|sld_jtag_hub:\jtag_hub_gen:sld_jtag_hub_inst|virtual_ir_scan_reg                                                                                                                                                                                  ; altera_reserved_tck ; altera_reserved_tck ; 0.000        ; 0.071      ; 0.746      ;
; 0.510 ; sld_hub:auto_hub|sld_jtag_hub:\jtag_hub_gen:sld_jtag_hub_inst|irf_reg[2][3]                                                                                                                                                                                        ; sld_hub:auto_hub|sld_jtag_hub:\jtag_hub_gen:sld_jtag_hub_inst|shadow_irf_reg[2][3]                                                                                                                                                                                 ; altera_reserved_tck ; altera_reserved_tck ; 0.000        ; 0.070      ; 0.751      ;
; 0.511 ; sld_hub:auto_hub|sld_jtag_hub:\jtag_hub_gen:sld_jtag_hub_inst|irf_reg[1][3]                                                                                                                                                                                        ; sld_hub:auto_hub|sld_jtag_hub:\jtag_hub_gen:sld_jtag_hub_inst|shadow_irf_reg[1][3]                                                                                                                                                                                 ; altera_reserved_tck ; altera_reserved_tck ; 0.000        ; 0.070      ; 0.752      ;
; 0.515 ; Soc:inst1|Soc_cpu:cpu|Soc_cpu_nios2_oci:the_Soc_cpu_nios2_oci|Soc_cpu_jtag_debug_module_wrapper:the_Soc_cpu_jtag_debug_module_wrapper|Soc_cpu_jtag_debug_module_tck:the_Soc_cpu_jtag_debug_module_tck|sr[6]                                                        ; Soc:inst1|Soc_cpu:cpu|Soc_cpu_nios2_oci:the_Soc_cpu_nios2_oci|Soc_cpu_jtag_debug_module_wrapper:the_Soc_cpu_jtag_debug_module_wrapper|Soc_cpu_jtag_debug_module_tck:the_Soc_cpu_jtag_debug_module_tck|sr[5]                                                        ; altera_reserved_tck ; altera_reserved_tck ; 0.000        ; 0.069      ; 0.755      ;
; 0.520 ; Soc:inst1|Soc_cpu:cpu|Soc_cpu_nios2_oci:the_Soc_cpu_nios2_oci|Soc_cpu_jtag_debug_module_wrapper:the_Soc_cpu_jtag_debug_module_wrapper|Soc_cpu_jtag_debug_module_tck:the_Soc_cpu_jtag_debug_module_tck|sr[34]                                                       ; Soc:inst1|Soc_cpu:cpu|Soc_cpu_nios2_oci:the_Soc_cpu_nios2_oci|Soc_cpu_jtag_debug_module_wrapper:the_Soc_cpu_jtag_debug_module_wrapper|Soc_cpu_jtag_debug_module_tck:the_Soc_cpu_jtag_debug_module_tck|sr[33]                                                       ; altera_reserved_tck ; altera_reserved_tck ; 0.000        ; 0.069      ; 0.760      ;
; 0.528 ; Soc:inst1|Soc_jtag_uart:jtag_uart|alt_jtag_atlantic:Soc_jtag_uart_alt_jtag_atlantic|td_shift[9]                                                                                                                                                                    ; Soc:inst1|Soc_jtag_uart:jtag_uart|alt_jtag_atlantic:Soc_jtag_uart_alt_jtag_atlantic|td_shift[8]                                                                                                                                                                    ; altera_reserved_tck ; altera_reserved_tck ; 0.000        ; 0.070      ; 0.769      ;
; 0.530 ; Soc:inst1|Soc_cpu:cpu|Soc_cpu_nios2_oci:the_Soc_cpu_nios2_oci|Soc_cpu_jtag_debug_module_wrapper:the_Soc_cpu_jtag_debug_module_wrapper|Soc_cpu_jtag_debug_module_tck:the_Soc_cpu_jtag_debug_module_tck|sr[21]                                                       ; Soc:inst1|Soc_cpu:cpu|Soc_cpu_nios2_oci:the_Soc_cpu_nios2_oci|Soc_cpu_jtag_debug_module_wrapper:the_Soc_cpu_jtag_debug_module_wrapper|Soc_cpu_jtag_debug_module_tck:the_Soc_cpu_jtag_debug_module_tck|sr[20]                                                       ; altera_reserved_tck ; altera_reserved_tck ; 0.000        ; 0.070      ; 0.771      ;
; 0.530 ; Soc:inst1|Soc_cpu:cpu|Soc_cpu_nios2_oci:the_Soc_cpu_nios2_oci|Soc_cpu_jtag_debug_module_wrapper:the_Soc_cpu_jtag_debug_module_wrapper|Soc_cpu_jtag_debug_module_tck:the_Soc_cpu_jtag_debug_module_tck|sr[17]                                                       ; Soc:inst1|Soc_cpu:cpu|Soc_cpu_nios2_oci:the_Soc_cpu_nios2_oci|Soc_cpu_jtag_debug_module_wrapper:the_Soc_cpu_jtag_debug_module_wrapper|Soc_cpu_jtag_debug_module_tck:the_Soc_cpu_jtag_debug_module_tck|sr[16]                                                       ; altera_reserved_tck ; altera_reserved_tck ; 0.000        ; 0.070      ; 0.771      ;
; 0.531 ; Soc:inst1|Soc_cpu:cpu|Soc_cpu_nios2_oci:the_Soc_cpu_nios2_oci|Soc_cpu_jtag_debug_module_wrapper:the_Soc_cpu_jtag_debug_module_wrapper|Soc_cpu_jtag_debug_module_tck:the_Soc_cpu_jtag_debug_module_tck|sr[18]                                                       ; Soc:inst1|Soc_cpu:cpu|Soc_cpu_nios2_oci:the_Soc_cpu_nios2_oci|Soc_cpu_jtag_debug_module_wrapper:the_Soc_cpu_jtag_debug_module_wrapper|Soc_cpu_jtag_debug_module_tck:the_Soc_cpu_jtag_debug_module_tck|sr[17]                                                       ; altera_reserved_tck ; altera_reserved_tck ; 0.000        ; 0.070      ; 0.772      ;
; 0.547 ; sld_hub:auto_hub|sld_jtag_hub:\jtag_hub_gen:sld_jtag_hub_inst|jtag_ir_reg[5]                                                                                                                                                                                       ; sld_hub:auto_hub|sld_jtag_hub:\jtag_hub_gen:sld_jtag_hub_inst|jtag_ir_reg[4]                                                                                                                                                                                       ; altera_reserved_tck ; altera_reserved_tck ; 0.000        ; 0.071      ; 0.789      ;
; 0.550 ; sld_hub:auto_hub|sld_jtag_hub:\jtag_hub_gen:sld_jtag_hub_inst|design_hash_reg[1]                                                                                                                                                                                   ; sld_hub:auto_hub|sld_jtag_hub:\jtag_hub_gen:sld_jtag_hub_inst|design_hash_reg[0]                                                                                                                                                                                   ; altera_reserved_tck ; altera_reserved_tck ; 0.000        ; 0.070      ; 0.791      ;
; 0.550 ; sld_hub:auto_hub|sld_jtag_hub:\jtag_hub_gen:sld_jtag_hub_inst|design_hash_reg[3]                                                                                                                                                                                   ; sld_hub:auto_hub|sld_jtag_hub:\jtag_hub_gen:sld_jtag_hub_inst|design_hash_reg[2]                                                                                                                                                                                   ; altera_reserved_tck ; altera_reserved_tck ; 0.000        ; 0.070      ; 0.791      ;
; 0.550 ; Soc:inst1|Soc_cpu:cpu|Soc_cpu_nios2_oci:the_Soc_cpu_nios2_oci|Soc_cpu_jtag_debug_module_wrapper:the_Soc_cpu_jtag_debug_module_wrapper|Soc_cpu_jtag_debug_module_tck:the_Soc_cpu_jtag_debug_module_tck|altera_std_synchronizer:the_altera_std_synchronizer2|dreg[0] ; Soc:inst1|Soc_cpu:cpu|Soc_cpu_nios2_oci:the_Soc_cpu_nios2_oci|Soc_cpu_jtag_debug_module_wrapper:the_Soc_cpu_jtag_debug_module_wrapper|Soc_cpu_jtag_debug_module_tck:the_Soc_cpu_jtag_debug_module_tck|ir_out[0]                                                    ; altera_reserved_tck ; altera_reserved_tck ; 0.000        ; 0.071      ; 0.792      ;
; 0.550 ; Soc:inst1|Soc_cpu:cpu|Soc_cpu_nios2_oci:the_Soc_cpu_nios2_oci|Soc_cpu_jtag_debug_module_wrapper:the_Soc_cpu_jtag_debug_module_wrapper|Soc_cpu_jtag_debug_module_tck:the_Soc_cpu_jtag_debug_module_tck|altera_std_synchronizer:the_altera_std_synchronizer1|dreg[0] ; Soc:inst1|Soc_cpu:cpu|Soc_cpu_nios2_oci:the_Soc_cpu_nios2_oci|Soc_cpu_jtag_debug_module_wrapper:the_Soc_cpu_jtag_debug_module_wrapper|Soc_cpu_jtag_debug_module_tck:the_Soc_cpu_jtag_debug_module_tck|ir_out[1]                                                    ; altera_reserved_tck ; altera_reserved_tck ; 0.000        ; 0.071      ; 0.792      ;
; 0.552 ; sld_hub:auto_hub|sld_jtag_hub:\jtag_hub_gen:sld_jtag_hub_inst|design_hash_reg[2]                                                                                                                                                                                   ; sld_hub:auto_hub|sld_jtag_hub:\jtag_hub_gen:sld_jtag_hub_inst|design_hash_reg[1]                                                                                                                                                                                   ; altera_reserved_tck ; altera_reserved_tck ; 0.000        ; 0.070      ; 0.793      ;
; 0.556 ; sld_hub:auto_hub|sld_jtag_hub:\jtag_hub_gen:sld_jtag_hub_inst|identity_contrib_shift_reg[3]                                                                                                                                                                        ; sld_hub:auto_hub|sld_jtag_hub:\jtag_hub_gen:sld_jtag_hub_inst|identity_contrib_update_reg[3]                                                                                                                                                                       ; altera_reserved_tck ; altera_reserved_tck ; 0.000        ; 0.071      ; 0.798      ;
; 0.556 ; sld_hub:auto_hub|sld_jtag_hub:\jtag_hub_gen:sld_jtag_hub_inst|jtag_ir_reg[6]                                                                                                                                                                                       ; sld_hub:auto_hub|sld_jtag_hub:\jtag_hub_gen:sld_jtag_hub_inst|jtag_ir_reg[5]                                                                                                                                                                                       ; altera_reserved_tck ; altera_reserved_tck ; 0.000        ; 0.071      ; 0.798      ;
; 0.556 ; sld_hub:auto_hub|sld_jtag_hub:\jtag_hub_gen:sld_jtag_hub_inst|jtag_ir_reg[8]                                                                                                                                                                                       ; sld_hub:auto_hub|sld_jtag_hub:\jtag_hub_gen:sld_jtag_hub_inst|jtag_ir_reg[7]                                                                                                                                                                                       ; altera_reserved_tck ; altera_reserved_tck ; 0.000        ; 0.071      ; 0.798      ;
; 0.557 ; sld_hub:auto_hub|sld_jtag_hub:\jtag_hub_gen:sld_jtag_hub_inst|identity_contrib_shift_reg[3]                                                                                                                                                                        ; sld_hub:auto_hub|sld_jtag_hub:\jtag_hub_gen:sld_jtag_hub_inst|identity_contrib_shift_reg[2]                                                                                                                                                                        ; altera_reserved_tck ; altera_reserved_tck ; 0.000        ; 0.071      ; 0.799      ;
; 0.559 ; sld_hub:auto_hub|sld_jtag_hub:\jtag_hub_gen:sld_jtag_hub_inst|identity_contrib_shift_reg[1]                                                                                                                                                                        ; sld_hub:auto_hub|sld_jtag_hub:\jtag_hub_gen:sld_jtag_hub_inst|identity_contrib_update_reg[1]                                                                                                                                                                       ; altera_reserved_tck ; altera_reserved_tck ; 0.000        ; 0.071      ; 0.801      ;
; 0.560 ; Soc:inst1|Soc_cpu:cpu|Soc_cpu_nios2_oci:the_Soc_cpu_nios2_oci|Soc_cpu_jtag_debug_module_wrapper:the_Soc_cpu_jtag_debug_module_wrapper|Soc_cpu_jtag_debug_module_tck:the_Soc_cpu_jtag_debug_module_tck|sr[36]                                                       ; Soc:inst1|Soc_cpu:cpu|Soc_cpu_nios2_oci:the_Soc_cpu_nios2_oci|Soc_cpu_jtag_debug_module_wrapper:the_Soc_cpu_jtag_debug_module_wrapper|Soc_cpu_jtag_debug_module_tck:the_Soc_cpu_jtag_debug_module_tck|sr[35]                                                       ; altera_reserved_tck ; altera_reserved_tck ; 0.000        ; 0.070      ; 0.801      ;
; 0.560 ; sld_hub:auto_hub|sld_jtag_hub:\jtag_hub_gen:sld_jtag_hub_inst|identity_contrib_shift_reg[1]                                                                                                                                                                        ; sld_hub:auto_hub|sld_jtag_hub:\jtag_hub_gen:sld_jtag_hub_inst|identity_contrib_shift_reg[0]                                                                                                                                                                        ; altera_reserved_tck ; altera_reserved_tck ; 0.000        ; 0.071      ; 0.802      ;
; 0.573 ; Soc:inst1|Soc_jtag_uart:jtag_uart|alt_jtag_atlantic:Soc_jtag_uart_alt_jtag_atlantic|td_shift[5]                                                                                                                                                                    ; Soc:inst1|Soc_jtag_uart:jtag_uart|alt_jtag_atlantic:Soc_jtag_uart_alt_jtag_atlantic|wdata[1]                                                                                                                                                                       ; altera_reserved_tck ; altera_reserved_tck ; 0.000        ; 0.070      ; 0.814      ;
; 0.574 ; Soc:inst1|Soc_jtag_uart:jtag_uart|alt_jtag_atlantic:Soc_jtag_uart_alt_jtag_atlantic|td_shift[7]                                                                                                                                                                    ; Soc:inst1|Soc_jtag_uart:jtag_uart|alt_jtag_atlantic:Soc_jtag_uart_alt_jtag_atlantic|wdata[3]                                                                                                                                                                       ; altera_reserved_tck ; altera_reserved_tck ; 0.000        ; 0.070      ; 0.815      ;
; 0.584 ; sld_hub:auto_hub|sld_jtag_hub:\jtag_hub_gen:sld_jtag_hub_inst|sld_rom_sr:hub_info_reg|WORD_SR[2]                                                                                                                                                                   ; sld_hub:auto_hub|sld_jtag_hub:\jtag_hub_gen:sld_jtag_hub_inst|sld_rom_sr:hub_info_reg|WORD_SR[1]                                                                                                                                                                   ; altera_reserved_tck ; altera_reserved_tck ; 0.000        ; 0.071      ; 0.826      ;
; 0.584 ; sld_hub:auto_hub|sld_jtag_hub:\jtag_hub_gen:sld_jtag_hub_inst|irsr_reg[4]                                                                                                                                                                                          ; sld_hub:auto_hub|sld_jtag_hub:\jtag_hub_gen:sld_jtag_hub_inst|irsr_reg[3]                                                                                                                                                                                          ; altera_reserved_tck ; altera_reserved_tck ; 0.000        ; 0.071      ; 0.826      ;
; 0.585 ; sld_hub:auto_hub|sld_jtag_hub:\jtag_hub_gen:sld_jtag_hub_inst|shadow_irf_reg[2][4]                                                                                                                                                                                 ; sld_hub:auto_hub|sld_jtag_hub:\jtag_hub_gen:sld_jtag_hub_inst|irf_reg[2][4]                                                                                                                                                                                        ; altera_reserved_tck ; altera_reserved_tck ; 0.000        ; 0.070      ; 0.826      ;
; 0.585 ; sld_hub:auto_hub|sld_jtag_hub:\jtag_hub_gen:sld_jtag_hub_inst|shadow_irf_reg[2][1]                                                                                                                                                                                 ; sld_hub:auto_hub|sld_jtag_hub:\jtag_hub_gen:sld_jtag_hub_inst|irf_reg[2][1]                                                                                                                                                                                        ; altera_reserved_tck ; altera_reserved_tck ; 0.000        ; 0.070      ; 0.826      ;
; 0.585 ; sld_hub:auto_hub|sld_jtag_hub:\jtag_hub_gen:sld_jtag_hub_inst|shadow_irf_reg[1][2]                                                                                                                                                                                 ; sld_hub:auto_hub|sld_jtag_hub:\jtag_hub_gen:sld_jtag_hub_inst|irf_reg[1][2]                                                                                                                                                                                        ; altera_reserved_tck ; altera_reserved_tck ; 0.000        ; 0.070      ; 0.826      ;
; 0.585 ; Soc:inst1|Soc_jtag_uart:jtag_uart|alt_jtag_atlantic:Soc_jtag_uart_alt_jtag_atlantic|count[2]                                                                                                                                                                       ; Soc:inst1|Soc_jtag_uart:jtag_uart|alt_jtag_atlantic:Soc_jtag_uart_alt_jtag_atlantic|count[3]                                                                                                                                                                       ; altera_reserved_tck ; altera_reserved_tck ; 0.000        ; 0.070      ; 0.826      ;
; 0.586 ; sld_hub:auto_hub|sld_jtag_hub:\jtag_hub_gen:sld_jtag_hub_inst|hub_mode_reg[2]                                                                                                                                                                                      ; sld_hub:auto_hub|sld_jtag_hub:\jtag_hub_gen:sld_jtag_hub_inst|clr_reg                                                                                                                                                                                              ; altera_reserved_tck ; altera_reserved_tck ; 0.000        ; 0.070      ; 0.827      ;
+-------+--------------------------------------------------------------------------------------------------------------------------------------------------------------------------------------------------------------------------------------------------------------------+--------------------------------------------------------------------------------------------------------------------------------------------------------------------------------------------------------------------------------------------------------------------+---------------------+---------------------+--------------+------------+------------+


+------------------------------------------------------------------------------------------------------------------------------------------------------------------------------------------------------------------------------------------------------------------------------------------------------+
; Slow 1200mV 0C Model Recovery: 'altera_reserved_tck'                                                                                                                                                                                                                                                 ;
+--------+--------------------------------------------------------------------------------------------------+-----------------------------------------------------------------------------------------------------+---------------------+---------------------+--------------+------------+------------+
; Slack  ; From Node                                                                                        ; To Node                                                                                             ; Launch Clock        ; Latch Clock         ; Relationship ; Clock Skew ; Data Delay ;
+--------+--------------------------------------------------------------------------------------------------+-----------------------------------------------------------------------------------------------------+---------------------+---------------------+--------------+------------+------------+
; 47.443 ; sld_hub:auto_hub|sld_jtag_hub:\jtag_hub_gen:sld_jtag_hub_inst|clr_reg                            ; Soc:inst1|Soc_jtag_uart:jtag_uart|alt_jtag_atlantic:Soc_jtag_uart_alt_jtag_atlantic|tdo~reg0        ; altera_reserved_tck ; altera_reserved_tck ; 50.000       ; 0.134      ; 2.710      ;
; 47.782 ; sld_hub:auto_hub|sld_jtag_hub:\jtag_hub_gen:sld_jtag_hub_inst|clr_reg                            ; Soc:inst1|Soc_jtag_uart:jtag_uart|alt_jtag_atlantic:Soc_jtag_uart_alt_jtag_atlantic|jupdate         ; altera_reserved_tck ; altera_reserved_tck ; 50.000       ; 0.149      ; 2.386      ;
; 48.227 ; sld_hub:auto_hub|sld_jtag_hub:\jtag_hub_gen:sld_jtag_hub_inst|sld_shadow_jsm:shadow_jsm|state[8] ; sld_hub:auto_hub|sld_jtag_hub:\jtag_hub_gen:sld_jtag_hub_inst|tdo                                   ; altera_reserved_tck ; altera_reserved_tck ; 50.000       ; 0.151      ; 1.943      ;
; 97.229 ; sld_hub:auto_hub|sld_jtag_hub:\jtag_hub_gen:sld_jtag_hub_inst|clr_reg                            ; Soc:inst1|Soc_jtag_uart:jtag_uart|alt_jtag_atlantic:Soc_jtag_uart_alt_jtag_atlantic|wdata[7]        ; altera_reserved_tck ; altera_reserved_tck ; 100.000      ; -0.080     ; 2.710      ;
; 97.229 ; sld_hub:auto_hub|sld_jtag_hub:\jtag_hub_gen:sld_jtag_hub_inst|clr_reg                            ; Soc:inst1|Soc_jtag_uart:jtag_uart|alt_jtag_atlantic:Soc_jtag_uart_alt_jtag_atlantic|wdata[6]        ; altera_reserved_tck ; altera_reserved_tck ; 100.000      ; -0.080     ; 2.710      ;
; 97.229 ; sld_hub:auto_hub|sld_jtag_hub:\jtag_hub_gen:sld_jtag_hub_inst|clr_reg                            ; Soc:inst1|Soc_jtag_uart:jtag_uart|alt_jtag_atlantic:Soc_jtag_uart_alt_jtag_atlantic|wdata[5]        ; altera_reserved_tck ; altera_reserved_tck ; 100.000      ; -0.080     ; 2.710      ;
; 97.229 ; sld_hub:auto_hub|sld_jtag_hub:\jtag_hub_gen:sld_jtag_hub_inst|clr_reg                            ; Soc:inst1|Soc_jtag_uart:jtag_uart|alt_jtag_atlantic:Soc_jtag_uart_alt_jtag_atlantic|write           ; altera_reserved_tck ; altera_reserved_tck ; 100.000      ; -0.080     ; 2.710      ;
; 97.229 ; sld_hub:auto_hub|sld_jtag_hub:\jtag_hub_gen:sld_jtag_hub_inst|clr_reg                            ; Soc:inst1|Soc_jtag_uart:jtag_uart|alt_jtag_atlantic:Soc_jtag_uart_alt_jtag_atlantic|wdata[4]        ; altera_reserved_tck ; altera_reserved_tck ; 100.000      ; -0.080     ; 2.710      ;
; 97.229 ; sld_hub:auto_hub|sld_jtag_hub:\jtag_hub_gen:sld_jtag_hub_inst|clr_reg                            ; Soc:inst1|Soc_jtag_uart:jtag_uart|alt_jtag_atlantic:Soc_jtag_uart_alt_jtag_atlantic|wdata[3]        ; altera_reserved_tck ; altera_reserved_tck ; 100.000      ; -0.080     ; 2.710      ;
; 97.229 ; sld_hub:auto_hub|sld_jtag_hub:\jtag_hub_gen:sld_jtag_hub_inst|clr_reg                            ; Soc:inst1|Soc_jtag_uart:jtag_uart|alt_jtag_atlantic:Soc_jtag_uart_alt_jtag_atlantic|wdata[2]        ; altera_reserved_tck ; altera_reserved_tck ; 100.000      ; -0.080     ; 2.710      ;
; 97.229 ; sld_hub:auto_hub|sld_jtag_hub:\jtag_hub_gen:sld_jtag_hub_inst|clr_reg                            ; Soc:inst1|Soc_jtag_uart:jtag_uart|alt_jtag_atlantic:Soc_jtag_uart_alt_jtag_atlantic|wdata[1]        ; altera_reserved_tck ; altera_reserved_tck ; 100.000      ; -0.080     ; 2.710      ;
; 97.245 ; sld_hub:auto_hub|sld_jtag_hub:\jtag_hub_gen:sld_jtag_hub_inst|clr_reg                            ; Soc:inst1|Soc_jtag_uart:jtag_uart|alt_jtag_atlantic:Soc_jtag_uart_alt_jtag_atlantic|td_shift[1]     ; altera_reserved_tck ; altera_reserved_tck ; 100.000      ; -0.081     ; 2.693      ;
; 97.245 ; sld_hub:auto_hub|sld_jtag_hub:\jtag_hub_gen:sld_jtag_hub_inst|clr_reg                            ; Soc:inst1|Soc_jtag_uart:jtag_uart|alt_jtag_atlantic:Soc_jtag_uart_alt_jtag_atlantic|td_shift[2]     ; altera_reserved_tck ; altera_reserved_tck ; 100.000      ; -0.081     ; 2.693      ;
; 97.245 ; sld_hub:auto_hub|sld_jtag_hub:\jtag_hub_gen:sld_jtag_hub_inst|clr_reg                            ; Soc:inst1|Soc_jtag_uart:jtag_uart|alt_jtag_atlantic:Soc_jtag_uart_alt_jtag_atlantic|td_shift[3]     ; altera_reserved_tck ; altera_reserved_tck ; 100.000      ; -0.081     ; 2.693      ;
; 97.245 ; sld_hub:auto_hub|sld_jtag_hub:\jtag_hub_gen:sld_jtag_hub_inst|clr_reg                            ; Soc:inst1|Soc_jtag_uart:jtag_uart|alt_jtag_atlantic:Soc_jtag_uart_alt_jtag_atlantic|td_shift[4]     ; altera_reserved_tck ; altera_reserved_tck ; 100.000      ; -0.081     ; 2.693      ;
; 97.245 ; sld_hub:auto_hub|sld_jtag_hub:\jtag_hub_gen:sld_jtag_hub_inst|clr_reg                            ; Soc:inst1|Soc_jtag_uart:jtag_uart|alt_jtag_atlantic:Soc_jtag_uart_alt_jtag_atlantic|td_shift[5]     ; altera_reserved_tck ; altera_reserved_tck ; 100.000      ; -0.081     ; 2.693      ;
; 97.245 ; sld_hub:auto_hub|sld_jtag_hub:\jtag_hub_gen:sld_jtag_hub_inst|clr_reg                            ; Soc:inst1|Soc_jtag_uart:jtag_uart|alt_jtag_atlantic:Soc_jtag_uart_alt_jtag_atlantic|td_shift[6]     ; altera_reserved_tck ; altera_reserved_tck ; 100.000      ; -0.081     ; 2.693      ;
; 97.245 ; sld_hub:auto_hub|sld_jtag_hub:\jtag_hub_gen:sld_jtag_hub_inst|clr_reg                            ; Soc:inst1|Soc_jtag_uart:jtag_uart|alt_jtag_atlantic:Soc_jtag_uart_alt_jtag_atlantic|td_shift[7]     ; altera_reserved_tck ; altera_reserved_tck ; 100.000      ; -0.081     ; 2.693      ;
; 97.261 ; sld_hub:auto_hub|sld_jtag_hub:\jtag_hub_gen:sld_jtag_hub_inst|clr_reg                            ; Soc:inst1|Soc_jtag_uart:jtag_uart|alt_jtag_atlantic:Soc_jtag_uart_alt_jtag_atlantic|user_saw_rvalid ; altera_reserved_tck ; altera_reserved_tck ; 100.000      ; -0.080     ; 2.678      ;
; 97.261 ; sld_hub:auto_hub|sld_jtag_hub:\jtag_hub_gen:sld_jtag_hub_inst|clr_reg                            ; Soc:inst1|Soc_jtag_uart:jtag_uart|alt_jtag_atlantic:Soc_jtag_uart_alt_jtag_atlantic|count[8]        ; altera_reserved_tck ; altera_reserved_tck ; 100.000      ; -0.080     ; 2.678      ;
; 97.261 ; sld_hub:auto_hub|sld_jtag_hub:\jtag_hub_gen:sld_jtag_hub_inst|clr_reg                            ; Soc:inst1|Soc_jtag_uart:jtag_uart|alt_jtag_atlantic:Soc_jtag_uart_alt_jtag_atlantic|count[7]        ; altera_reserved_tck ; altera_reserved_tck ; 100.000      ; -0.080     ; 2.678      ;
; 97.261 ; sld_hub:auto_hub|sld_jtag_hub:\jtag_hub_gen:sld_jtag_hub_inst|clr_reg                            ; Soc:inst1|Soc_jtag_uart:jtag_uart|alt_jtag_atlantic:Soc_jtag_uart_alt_jtag_atlantic|count[6]        ; altera_reserved_tck ; altera_reserved_tck ; 100.000      ; -0.080     ; 2.678      ;
; 97.261 ; sld_hub:auto_hub|sld_jtag_hub:\jtag_hub_gen:sld_jtag_hub_inst|clr_reg                            ; Soc:inst1|Soc_jtag_uart:jtag_uart|alt_jtag_atlantic:Soc_jtag_uart_alt_jtag_atlantic|count[5]        ; altera_reserved_tck ; altera_reserved_tck ; 100.000      ; -0.080     ; 2.678      ;
; 97.261 ; sld_hub:auto_hub|sld_jtag_hub:\jtag_hub_gen:sld_jtag_hub_inst|clr_reg                            ; Soc:inst1|Soc_jtag_uart:jtag_uart|alt_jtag_atlantic:Soc_jtag_uart_alt_jtag_atlantic|count[4]        ; altera_reserved_tck ; altera_reserved_tck ; 100.000      ; -0.080     ; 2.678      ;
; 97.261 ; sld_hub:auto_hub|sld_jtag_hub:\jtag_hub_gen:sld_jtag_hub_inst|clr_reg                            ; Soc:inst1|Soc_jtag_uart:jtag_uart|alt_jtag_atlantic:Soc_jtag_uart_alt_jtag_atlantic|count[3]        ; altera_reserved_tck ; altera_reserved_tck ; 100.000      ; -0.080     ; 2.678      ;
; 97.261 ; sld_hub:auto_hub|sld_jtag_hub:\jtag_hub_gen:sld_jtag_hub_inst|clr_reg                            ; Soc:inst1|Soc_jtag_uart:jtag_uart|alt_jtag_atlantic:Soc_jtag_uart_alt_jtag_atlantic|count[2]        ; altera_reserved_tck ; altera_reserved_tck ; 100.000      ; -0.080     ; 2.678      ;
; 97.261 ; sld_hub:auto_hub|sld_jtag_hub:\jtag_hub_gen:sld_jtag_hub_inst|clr_reg                            ; Soc:inst1|Soc_jtag_uart:jtag_uart|alt_jtag_atlantic:Soc_jtag_uart_alt_jtag_atlantic|count[1]        ; altera_reserved_tck ; altera_reserved_tck ; 100.000      ; -0.080     ; 2.678      ;
; 97.261 ; sld_hub:auto_hub|sld_jtag_hub:\jtag_hub_gen:sld_jtag_hub_inst|clr_reg                            ; Soc:inst1|Soc_jtag_uart:jtag_uart|alt_jtag_atlantic:Soc_jtag_uart_alt_jtag_atlantic|count[0]        ; altera_reserved_tck ; altera_reserved_tck ; 100.000      ; -0.080     ; 2.678      ;
; 97.261 ; sld_hub:auto_hub|sld_jtag_hub:\jtag_hub_gen:sld_jtag_hub_inst|clr_reg                            ; Soc:inst1|Soc_jtag_uart:jtag_uart|alt_jtag_atlantic:Soc_jtag_uart_alt_jtag_atlantic|count[9]        ; altera_reserved_tck ; altera_reserved_tck ; 100.000      ; -0.080     ; 2.678      ;
; 97.261 ; sld_hub:auto_hub|sld_jtag_hub:\jtag_hub_gen:sld_jtag_hub_inst|clr_reg                            ; Soc:inst1|Soc_jtag_uart:jtag_uart|alt_jtag_atlantic:Soc_jtag_uart_alt_jtag_atlantic|td_shift[10]    ; altera_reserved_tck ; altera_reserved_tck ; 100.000      ; -0.080     ; 2.678      ;
; 97.261 ; sld_hub:auto_hub|sld_jtag_hub:\jtag_hub_gen:sld_jtag_hub_inst|clr_reg                            ; Soc:inst1|Soc_jtag_uart:jtag_uart|alt_jtag_atlantic:Soc_jtag_uart_alt_jtag_atlantic|td_shift[9]     ; altera_reserved_tck ; altera_reserved_tck ; 100.000      ; -0.080     ; 2.678      ;
; 97.261 ; sld_hub:auto_hub|sld_jtag_hub:\jtag_hub_gen:sld_jtag_hub_inst|clr_reg                            ; Soc:inst1|Soc_jtag_uart:jtag_uart|alt_jtag_atlantic:Soc_jtag_uart_alt_jtag_atlantic|td_shift[0]     ; altera_reserved_tck ; altera_reserved_tck ; 100.000      ; -0.080     ; 2.678      ;
; 97.261 ; sld_hub:auto_hub|sld_jtag_hub:\jtag_hub_gen:sld_jtag_hub_inst|clr_reg                            ; Soc:inst1|Soc_jtag_uart:jtag_uart|alt_jtag_atlantic:Soc_jtag_uart_alt_jtag_atlantic|td_shift[8]     ; altera_reserved_tck ; altera_reserved_tck ; 100.000      ; -0.080     ; 2.678      ;
; 97.696 ; sld_hub:auto_hub|sld_jtag_hub:\jtag_hub_gen:sld_jtag_hub_inst|clr_reg                            ; sld_hub:auto_hub|sld_jtag_hub:\jtag_hub_gen:sld_jtag_hub_inst|shadow_irf_reg[2][4]                  ; altera_reserved_tck ; altera_reserved_tck ; 100.000      ; -0.055     ; 2.268      ;
; 97.696 ; sld_hub:auto_hub|sld_jtag_hub:\jtag_hub_gen:sld_jtag_hub_inst|clr_reg                            ; sld_hub:auto_hub|sld_jtag_hub:\jtag_hub_gen:sld_jtag_hub_inst|irf_reg[2][4]                         ; altera_reserved_tck ; altera_reserved_tck ; 100.000      ; -0.055     ; 2.268      ;
; 97.696 ; sld_hub:auto_hub|sld_jtag_hub:\jtag_hub_gen:sld_jtag_hub_inst|clr_reg                            ; sld_hub:auto_hub|sld_jtag_hub:\jtag_hub_gen:sld_jtag_hub_inst|shadow_irf_reg[2][3]                  ; altera_reserved_tck ; altera_reserved_tck ; 100.000      ; -0.055     ; 2.268      ;
; 97.696 ; sld_hub:auto_hub|sld_jtag_hub:\jtag_hub_gen:sld_jtag_hub_inst|clr_reg                            ; sld_hub:auto_hub|sld_jtag_hub:\jtag_hub_gen:sld_jtag_hub_inst|irf_reg[2][3]                         ; altera_reserved_tck ; altera_reserved_tck ; 100.000      ; -0.055     ; 2.268      ;
; 97.696 ; sld_hub:auto_hub|sld_jtag_hub:\jtag_hub_gen:sld_jtag_hub_inst|clr_reg                            ; sld_hub:auto_hub|sld_jtag_hub:\jtag_hub_gen:sld_jtag_hub_inst|shadow_irf_reg[2][2]                  ; altera_reserved_tck ; altera_reserved_tck ; 100.000      ; -0.055     ; 2.268      ;
; 97.696 ; sld_hub:auto_hub|sld_jtag_hub:\jtag_hub_gen:sld_jtag_hub_inst|clr_reg                            ; sld_hub:auto_hub|sld_jtag_hub:\jtag_hub_gen:sld_jtag_hub_inst|irf_reg[2][2]                         ; altera_reserved_tck ; altera_reserved_tck ; 100.000      ; -0.055     ; 2.268      ;
; 97.696 ; sld_hub:auto_hub|sld_jtag_hub:\jtag_hub_gen:sld_jtag_hub_inst|clr_reg                            ; sld_hub:auto_hub|sld_jtag_hub:\jtag_hub_gen:sld_jtag_hub_inst|shadow_irf_reg[2][1]                  ; altera_reserved_tck ; altera_reserved_tck ; 100.000      ; -0.055     ; 2.268      ;
; 97.696 ; sld_hub:auto_hub|sld_jtag_hub:\jtag_hub_gen:sld_jtag_hub_inst|clr_reg                            ; sld_hub:auto_hub|sld_jtag_hub:\jtag_hub_gen:sld_jtag_hub_inst|irf_reg[2][1]                         ; altera_reserved_tck ; altera_reserved_tck ; 100.000      ; -0.055     ; 2.268      ;
; 97.696 ; sld_hub:auto_hub|sld_jtag_hub:\jtag_hub_gen:sld_jtag_hub_inst|clr_reg                            ; sld_hub:auto_hub|sld_jtag_hub:\jtag_hub_gen:sld_jtag_hub_inst|shadow_irf_reg[2][0]                  ; altera_reserved_tck ; altera_reserved_tck ; 100.000      ; -0.055     ; 2.268      ;
; 97.696 ; sld_hub:auto_hub|sld_jtag_hub:\jtag_hub_gen:sld_jtag_hub_inst|clr_reg                            ; sld_hub:auto_hub|sld_jtag_hub:\jtag_hub_gen:sld_jtag_hub_inst|irf_reg[2][0]                         ; altera_reserved_tck ; altera_reserved_tck ; 100.000      ; -0.055     ; 2.268      ;
; 97.714 ; sld_hub:auto_hub|sld_jtag_hub:\jtag_hub_gen:sld_jtag_hub_inst|clr_reg                            ; sld_hub:auto_hub|sld_jtag_hub:\jtag_hub_gen:sld_jtag_hub_inst|shadow_irf_reg[1][4]                  ; altera_reserved_tck ; altera_reserved_tck ; 100.000      ; -0.055     ; 2.250      ;
; 97.714 ; sld_hub:auto_hub|sld_jtag_hub:\jtag_hub_gen:sld_jtag_hub_inst|clr_reg                            ; sld_hub:auto_hub|sld_jtag_hub:\jtag_hub_gen:sld_jtag_hub_inst|irf_reg[1][4]                         ; altera_reserved_tck ; altera_reserved_tck ; 100.000      ; -0.055     ; 2.250      ;
; 97.714 ; sld_hub:auto_hub|sld_jtag_hub:\jtag_hub_gen:sld_jtag_hub_inst|clr_reg                            ; sld_hub:auto_hub|sld_jtag_hub:\jtag_hub_gen:sld_jtag_hub_inst|shadow_irf_reg[1][3]                  ; altera_reserved_tck ; altera_reserved_tck ; 100.000      ; -0.055     ; 2.250      ;
; 97.714 ; sld_hub:auto_hub|sld_jtag_hub:\jtag_hub_gen:sld_jtag_hub_inst|clr_reg                            ; sld_hub:auto_hub|sld_jtag_hub:\jtag_hub_gen:sld_jtag_hub_inst|irf_reg[1][3]                         ; altera_reserved_tck ; altera_reserved_tck ; 100.000      ; -0.055     ; 2.250      ;
; 97.714 ; sld_hub:auto_hub|sld_jtag_hub:\jtag_hub_gen:sld_jtag_hub_inst|clr_reg                            ; sld_hub:auto_hub|sld_jtag_hub:\jtag_hub_gen:sld_jtag_hub_inst|shadow_irf_reg[1][2]                  ; altera_reserved_tck ; altera_reserved_tck ; 100.000      ; -0.055     ; 2.250      ;
; 97.714 ; sld_hub:auto_hub|sld_jtag_hub:\jtag_hub_gen:sld_jtag_hub_inst|clr_reg                            ; sld_hub:auto_hub|sld_jtag_hub:\jtag_hub_gen:sld_jtag_hub_inst|irf_reg[1][2]                         ; altera_reserved_tck ; altera_reserved_tck ; 100.000      ; -0.055     ; 2.250      ;
; 97.714 ; sld_hub:auto_hub|sld_jtag_hub:\jtag_hub_gen:sld_jtag_hub_inst|clr_reg                            ; sld_hub:auto_hub|sld_jtag_hub:\jtag_hub_gen:sld_jtag_hub_inst|shadow_irf_reg[1][0]                  ; altera_reserved_tck ; altera_reserved_tck ; 100.000      ; -0.055     ; 2.250      ;
; 97.714 ; sld_hub:auto_hub|sld_jtag_hub:\jtag_hub_gen:sld_jtag_hub_inst|clr_reg                            ; sld_hub:auto_hub|sld_jtag_hub:\jtag_hub_gen:sld_jtag_hub_inst|shadow_irf_reg[1][1]                  ; altera_reserved_tck ; altera_reserved_tck ; 100.000      ; -0.055     ; 2.250      ;
; 97.714 ; sld_hub:auto_hub|sld_jtag_hub:\jtag_hub_gen:sld_jtag_hub_inst|clr_reg                            ; sld_hub:auto_hub|sld_jtag_hub:\jtag_hub_gen:sld_jtag_hub_inst|irf_reg[1][0]                         ; altera_reserved_tck ; altera_reserved_tck ; 100.000      ; -0.055     ; 2.250      ;
; 97.714 ; sld_hub:auto_hub|sld_jtag_hub:\jtag_hub_gen:sld_jtag_hub_inst|clr_reg                            ; sld_hub:auto_hub|sld_jtag_hub:\jtag_hub_gen:sld_jtag_hub_inst|irf_reg[1][1]                         ; altera_reserved_tck ; altera_reserved_tck ; 100.000      ; -0.055     ; 2.250      ;
; 97.739 ; sld_hub:auto_hub|sld_jtag_hub:\jtag_hub_gen:sld_jtag_hub_inst|clr_reg                            ; Soc:inst1|Soc_jtag_uart:jtag_uart|alt_jtag_atlantic:Soc_jtag_uart_alt_jtag_atlantic|state           ; altera_reserved_tck ; altera_reserved_tck ; 100.000      ; -0.039     ; 2.241      ;
; 97.778 ; sld_hub:auto_hub|sld_jtag_hub:\jtag_hub_gen:sld_jtag_hub_inst|clr_reg                            ; Soc:inst1|Soc_jtag_uart:jtag_uart|alt_jtag_atlantic:Soc_jtag_uart_alt_jtag_atlantic|write_stalled   ; altera_reserved_tck ; altera_reserved_tck ; 100.000      ; -0.085     ; 2.156      ;
; 97.778 ; sld_hub:auto_hub|sld_jtag_hub:\jtag_hub_gen:sld_jtag_hub_inst|clr_reg                            ; Soc:inst1|Soc_jtag_uart:jtag_uart|alt_jtag_atlantic:Soc_jtag_uart_alt_jtag_atlantic|write_valid     ; altera_reserved_tck ; altera_reserved_tck ; 100.000      ; -0.085     ; 2.156      ;
; 97.778 ; sld_hub:auto_hub|sld_jtag_hub:\jtag_hub_gen:sld_jtag_hub_inst|clr_reg                            ; Soc:inst1|Soc_jtag_uart:jtag_uart|alt_jtag_atlantic:Soc_jtag_uart_alt_jtag_atlantic|wdata[0]        ; altera_reserved_tck ; altera_reserved_tck ; 100.000      ; -0.085     ; 2.156      ;
; 97.778 ; sld_hub:auto_hub|sld_jtag_hub:\jtag_hub_gen:sld_jtag_hub_inst|clr_reg                            ; Soc:inst1|Soc_jtag_uart:jtag_uart|alt_jtag_atlantic:Soc_jtag_uart_alt_jtag_atlantic|tck_t_dav       ; altera_reserved_tck ; altera_reserved_tck ; 100.000      ; -0.085     ; 2.156      ;
; 97.801 ; sld_hub:auto_hub|sld_jtag_hub:\jtag_hub_gen:sld_jtag_hub_inst|virtual_ir_scan_reg                ; sld_hub:auto_hub|sld_jtag_hub:\jtag_hub_gen:sld_jtag_hub_inst|hub_mode_reg[2]                       ; altera_reserved_tck ; altera_reserved_tck ; 100.000      ; -0.108     ; 2.110      ;
; 97.822 ; sld_hub:auto_hub|sld_jtag_hub:\jtag_hub_gen:sld_jtag_hub_inst|clr_reg                            ; Soc:inst1|Soc_jtag_uart:jtag_uart|alt_jtag_atlantic:Soc_jtag_uart_alt_jtag_atlantic|read            ; altera_reserved_tck ; altera_reserved_tck ; 100.000      ; -0.086     ; 2.111      ;
; 97.822 ; sld_hub:auto_hub|sld_jtag_hub:\jtag_hub_gen:sld_jtag_hub_inst|clr_reg                            ; Soc:inst1|Soc_jtag_uart:jtag_uart|alt_jtag_atlantic:Soc_jtag_uart_alt_jtag_atlantic|read_req        ; altera_reserved_tck ; altera_reserved_tck ; 100.000      ; -0.086     ; 2.111      ;
; 98.204 ; sld_hub:auto_hub|sld_jtag_hub:\jtag_hub_gen:sld_jtag_hub_inst|sld_shadow_jsm:shadow_jsm|state[0] ; sld_hub:auto_hub|sld_jtag_hub:\jtag_hub_gen:sld_jtag_hub_inst|virtual_ir_scan_reg                   ; altera_reserved_tck ; altera_reserved_tck ; 100.000      ; -0.048     ; 1.767      ;
; 98.204 ; sld_hub:auto_hub|sld_jtag_hub:\jtag_hub_gen:sld_jtag_hub_inst|sld_shadow_jsm:shadow_jsm|state[0] ; sld_hub:auto_hub|sld_jtag_hub:\jtag_hub_gen:sld_jtag_hub_inst|virtual_dr_scan_reg                   ; altera_reserved_tck ; altera_reserved_tck ; 100.000      ; -0.048     ; 1.767      ;
; 98.204 ; sld_hub:auto_hub|sld_jtag_hub:\jtag_hub_gen:sld_jtag_hub_inst|sld_shadow_jsm:shadow_jsm|state[0] ; sld_hub:auto_hub|sld_jtag_hub:\jtag_hub_gen:sld_jtag_hub_inst|jtag_ir_reg[0]                        ; altera_reserved_tck ; altera_reserved_tck ; 100.000      ; -0.048     ; 1.767      ;
; 98.204 ; sld_hub:auto_hub|sld_jtag_hub:\jtag_hub_gen:sld_jtag_hub_inst|sld_shadow_jsm:shadow_jsm|state[0] ; sld_hub:auto_hub|sld_jtag_hub:\jtag_hub_gen:sld_jtag_hub_inst|jtag_ir_reg[1]                        ; altera_reserved_tck ; altera_reserved_tck ; 100.000      ; -0.048     ; 1.767      ;
; 98.204 ; sld_hub:auto_hub|sld_jtag_hub:\jtag_hub_gen:sld_jtag_hub_inst|sld_shadow_jsm:shadow_jsm|state[0] ; sld_hub:auto_hub|sld_jtag_hub:\jtag_hub_gen:sld_jtag_hub_inst|jtag_ir_reg[2]                        ; altera_reserved_tck ; altera_reserved_tck ; 100.000      ; -0.048     ; 1.767      ;
; 98.204 ; sld_hub:auto_hub|sld_jtag_hub:\jtag_hub_gen:sld_jtag_hub_inst|sld_shadow_jsm:shadow_jsm|state[0] ; sld_hub:auto_hub|sld_jtag_hub:\jtag_hub_gen:sld_jtag_hub_inst|jtag_ir_reg[3]                        ; altera_reserved_tck ; altera_reserved_tck ; 100.000      ; -0.048     ; 1.767      ;
; 98.204 ; sld_hub:auto_hub|sld_jtag_hub:\jtag_hub_gen:sld_jtag_hub_inst|sld_shadow_jsm:shadow_jsm|state[0] ; sld_hub:auto_hub|sld_jtag_hub:\jtag_hub_gen:sld_jtag_hub_inst|jtag_ir_reg[4]                        ; altera_reserved_tck ; altera_reserved_tck ; 100.000      ; -0.048     ; 1.767      ;
; 98.204 ; sld_hub:auto_hub|sld_jtag_hub:\jtag_hub_gen:sld_jtag_hub_inst|sld_shadow_jsm:shadow_jsm|state[0] ; sld_hub:auto_hub|sld_jtag_hub:\jtag_hub_gen:sld_jtag_hub_inst|jtag_ir_reg[5]                        ; altera_reserved_tck ; altera_reserved_tck ; 100.000      ; -0.048     ; 1.767      ;
; 98.204 ; sld_hub:auto_hub|sld_jtag_hub:\jtag_hub_gen:sld_jtag_hub_inst|sld_shadow_jsm:shadow_jsm|state[0] ; sld_hub:auto_hub|sld_jtag_hub:\jtag_hub_gen:sld_jtag_hub_inst|jtag_ir_reg[6]                        ; altera_reserved_tck ; altera_reserved_tck ; 100.000      ; -0.048     ; 1.767      ;
; 98.204 ; sld_hub:auto_hub|sld_jtag_hub:\jtag_hub_gen:sld_jtag_hub_inst|sld_shadow_jsm:shadow_jsm|state[0] ; sld_hub:auto_hub|sld_jtag_hub:\jtag_hub_gen:sld_jtag_hub_inst|jtag_ir_reg[7]                        ; altera_reserved_tck ; altera_reserved_tck ; 100.000      ; -0.048     ; 1.767      ;
; 98.204 ; sld_hub:auto_hub|sld_jtag_hub:\jtag_hub_gen:sld_jtag_hub_inst|sld_shadow_jsm:shadow_jsm|state[0] ; sld_hub:auto_hub|sld_jtag_hub:\jtag_hub_gen:sld_jtag_hub_inst|jtag_ir_reg[8]                        ; altera_reserved_tck ; altera_reserved_tck ; 100.000      ; -0.048     ; 1.767      ;
; 98.204 ; sld_hub:auto_hub|sld_jtag_hub:\jtag_hub_gen:sld_jtag_hub_inst|sld_shadow_jsm:shadow_jsm|state[0] ; sld_hub:auto_hub|sld_jtag_hub:\jtag_hub_gen:sld_jtag_hub_inst|jtag_ir_reg[9]                        ; altera_reserved_tck ; altera_reserved_tck ; 100.000      ; -0.048     ; 1.767      ;
; 98.250 ; sld_hub:auto_hub|sld_jtag_hub:\jtag_hub_gen:sld_jtag_hub_inst|clr_reg                            ; sld_hub:auto_hub|sld_jtag_hub:\jtag_hub_gen:sld_jtag_hub_inst|node_ena[1]~reg0                      ; altera_reserved_tck ; altera_reserved_tck ; 100.000      ; -0.049     ; 1.720      ;
; 98.250 ; sld_hub:auto_hub|sld_jtag_hub:\jtag_hub_gen:sld_jtag_hub_inst|clr_reg                            ; sld_hub:auto_hub|sld_jtag_hub:\jtag_hub_gen:sld_jtag_hub_inst|node_ena[2]~reg0                      ; altera_reserved_tck ; altera_reserved_tck ; 100.000      ; -0.049     ; 1.720      ;
; 98.250 ; sld_hub:auto_hub|sld_jtag_hub:\jtag_hub_gen:sld_jtag_hub_inst|clr_reg                            ; sld_hub:auto_hub|sld_jtag_hub:\jtag_hub_gen:sld_jtag_hub_inst|irsr_reg[6]                           ; altera_reserved_tck ; altera_reserved_tck ; 100.000      ; -0.049     ; 1.720      ;
; 98.250 ; sld_hub:auto_hub|sld_jtag_hub:\jtag_hub_gen:sld_jtag_hub_inst|clr_reg                            ; sld_hub:auto_hub|sld_jtag_hub:\jtag_hub_gen:sld_jtag_hub_inst|irsr_reg[5]                           ; altera_reserved_tck ; altera_reserved_tck ; 100.000      ; -0.049     ; 1.720      ;
; 98.276 ; sld_hub:auto_hub|sld_jtag_hub:\jtag_hub_gen:sld_jtag_hub_inst|clr_reg                            ; sld_hub:auto_hub|sld_jtag_hub:\jtag_hub_gen:sld_jtag_hub_inst|irsr_reg[2]                           ; altera_reserved_tck ; altera_reserved_tck ; 100.000      ; -0.050     ; 1.693      ;
; 98.276 ; sld_hub:auto_hub|sld_jtag_hub:\jtag_hub_gen:sld_jtag_hub_inst|clr_reg                            ; sld_hub:auto_hub|sld_jtag_hub:\jtag_hub_gen:sld_jtag_hub_inst|irsr_reg[3]                           ; altera_reserved_tck ; altera_reserved_tck ; 100.000      ; -0.050     ; 1.693      ;
; 98.276 ; sld_hub:auto_hub|sld_jtag_hub:\jtag_hub_gen:sld_jtag_hub_inst|clr_reg                            ; sld_hub:auto_hub|sld_jtag_hub:\jtag_hub_gen:sld_jtag_hub_inst|irsr_reg[0]                           ; altera_reserved_tck ; altera_reserved_tck ; 100.000      ; -0.050     ; 1.693      ;
; 98.276 ; sld_hub:auto_hub|sld_jtag_hub:\jtag_hub_gen:sld_jtag_hub_inst|clr_reg                            ; sld_hub:auto_hub|sld_jtag_hub:\jtag_hub_gen:sld_jtag_hub_inst|irsr_reg[1]                           ; altera_reserved_tck ; altera_reserved_tck ; 100.000      ; -0.050     ; 1.693      ;
; 98.276 ; sld_hub:auto_hub|sld_jtag_hub:\jtag_hub_gen:sld_jtag_hub_inst|clr_reg                            ; sld_hub:auto_hub|sld_jtag_hub:\jtag_hub_gen:sld_jtag_hub_inst|irsr_reg[4]                           ; altera_reserved_tck ; altera_reserved_tck ; 100.000      ; -0.050     ; 1.693      ;
; 98.276 ; sld_hub:auto_hub|sld_jtag_hub:\jtag_hub_gen:sld_jtag_hub_inst|clr_reg                            ; sld_hub:auto_hub|sld_jtag_hub:\jtag_hub_gen:sld_jtag_hub_inst|hub_mode_reg[0]                       ; altera_reserved_tck ; altera_reserved_tck ; 100.000      ; -0.050     ; 1.693      ;
; 98.276 ; sld_hub:auto_hub|sld_jtag_hub:\jtag_hub_gen:sld_jtag_hub_inst|clr_reg                            ; sld_hub:auto_hub|sld_jtag_hub:\jtag_hub_gen:sld_jtag_hub_inst|hub_mode_reg[1]                       ; altera_reserved_tck ; altera_reserved_tck ; 100.000      ; -0.050     ; 1.693      ;
+--------+--------------------------------------------------------------------------------------------------+-----------------------------------------------------------------------------------------------------+---------------------+---------------------+--------------+------------+------------+


+------------------------------------------------------------------------------------------------------------------------------------------------------------------------------------------------------------------------------------------------------------------------------------------------------+
; Slow 1200mV 0C Model Removal: 'altera_reserved_tck'                                                                                                                                                                                                                                                  ;
+--------+--------------------------------------------------------------------------------------------------+-----------------------------------------------------------------------------------------------------+---------------------+---------------------+--------------+------------+------------+
; Slack  ; From Node                                                                                        ; To Node                                                                                             ; Launch Clock        ; Latch Clock         ; Relationship ; Clock Skew ; Data Delay ;
+--------+--------------------------------------------------------------------------------------------------+-----------------------------------------------------------------------------------------------------+---------------------+---------------------+--------------+------------+------------+
; 1.332  ; sld_hub:auto_hub|sld_jtag_hub:\jtag_hub_gen:sld_jtag_hub_inst|clr_reg                            ; sld_hub:auto_hub|sld_jtag_hub:\jtag_hub_gen:sld_jtag_hub_inst|irsr_reg[2]                           ; altera_reserved_tck ; altera_reserved_tck ; 0.000        ; 0.091      ; 1.594      ;
; 1.332  ; sld_hub:auto_hub|sld_jtag_hub:\jtag_hub_gen:sld_jtag_hub_inst|clr_reg                            ; sld_hub:auto_hub|sld_jtag_hub:\jtag_hub_gen:sld_jtag_hub_inst|irsr_reg[3]                           ; altera_reserved_tck ; altera_reserved_tck ; 0.000        ; 0.091      ; 1.594      ;
; 1.332  ; sld_hub:auto_hub|sld_jtag_hub:\jtag_hub_gen:sld_jtag_hub_inst|clr_reg                            ; sld_hub:auto_hub|sld_jtag_hub:\jtag_hub_gen:sld_jtag_hub_inst|irsr_reg[0]                           ; altera_reserved_tck ; altera_reserved_tck ; 0.000        ; 0.091      ; 1.594      ;
; 1.332  ; sld_hub:auto_hub|sld_jtag_hub:\jtag_hub_gen:sld_jtag_hub_inst|clr_reg                            ; sld_hub:auto_hub|sld_jtag_hub:\jtag_hub_gen:sld_jtag_hub_inst|irsr_reg[1]                           ; altera_reserved_tck ; altera_reserved_tck ; 0.000        ; 0.091      ; 1.594      ;
; 1.332  ; sld_hub:auto_hub|sld_jtag_hub:\jtag_hub_gen:sld_jtag_hub_inst|clr_reg                            ; sld_hub:auto_hub|sld_jtag_hub:\jtag_hub_gen:sld_jtag_hub_inst|irsr_reg[4]                           ; altera_reserved_tck ; altera_reserved_tck ; 0.000        ; 0.091      ; 1.594      ;
; 1.332  ; sld_hub:auto_hub|sld_jtag_hub:\jtag_hub_gen:sld_jtag_hub_inst|clr_reg                            ; sld_hub:auto_hub|sld_jtag_hub:\jtag_hub_gen:sld_jtag_hub_inst|hub_mode_reg[0]                       ; altera_reserved_tck ; altera_reserved_tck ; 0.000        ; 0.091      ; 1.594      ;
; 1.332  ; sld_hub:auto_hub|sld_jtag_hub:\jtag_hub_gen:sld_jtag_hub_inst|clr_reg                            ; sld_hub:auto_hub|sld_jtag_hub:\jtag_hub_gen:sld_jtag_hub_inst|hub_mode_reg[1]                       ; altera_reserved_tck ; altera_reserved_tck ; 0.000        ; 0.091      ; 1.594      ;
; 1.362  ; sld_hub:auto_hub|sld_jtag_hub:\jtag_hub_gen:sld_jtag_hub_inst|clr_reg                            ; sld_hub:auto_hub|sld_jtag_hub:\jtag_hub_gen:sld_jtag_hub_inst|node_ena[1]~reg0                      ; altera_reserved_tck ; altera_reserved_tck ; 0.000        ; 0.091      ; 1.624      ;
; 1.362  ; sld_hub:auto_hub|sld_jtag_hub:\jtag_hub_gen:sld_jtag_hub_inst|clr_reg                            ; sld_hub:auto_hub|sld_jtag_hub:\jtag_hub_gen:sld_jtag_hub_inst|node_ena[2]~reg0                      ; altera_reserved_tck ; altera_reserved_tck ; 0.000        ; 0.091      ; 1.624      ;
; 1.362  ; sld_hub:auto_hub|sld_jtag_hub:\jtag_hub_gen:sld_jtag_hub_inst|clr_reg                            ; sld_hub:auto_hub|sld_jtag_hub:\jtag_hub_gen:sld_jtag_hub_inst|irsr_reg[6]                           ; altera_reserved_tck ; altera_reserved_tck ; 0.000        ; 0.091      ; 1.624      ;
; 1.362  ; sld_hub:auto_hub|sld_jtag_hub:\jtag_hub_gen:sld_jtag_hub_inst|clr_reg                            ; sld_hub:auto_hub|sld_jtag_hub:\jtag_hub_gen:sld_jtag_hub_inst|irsr_reg[5]                           ; altera_reserved_tck ; altera_reserved_tck ; 0.000        ; 0.091      ; 1.624      ;
; 1.373  ; sld_hub:auto_hub|sld_jtag_hub:\jtag_hub_gen:sld_jtag_hub_inst|sld_shadow_jsm:shadow_jsm|state[0] ; sld_hub:auto_hub|sld_jtag_hub:\jtag_hub_gen:sld_jtag_hub_inst|virtual_ir_scan_reg                   ; altera_reserved_tck ; altera_reserved_tck ; 0.000        ; 0.093      ; 1.637      ;
; 1.373  ; sld_hub:auto_hub|sld_jtag_hub:\jtag_hub_gen:sld_jtag_hub_inst|sld_shadow_jsm:shadow_jsm|state[0] ; sld_hub:auto_hub|sld_jtag_hub:\jtag_hub_gen:sld_jtag_hub_inst|virtual_dr_scan_reg                   ; altera_reserved_tck ; altera_reserved_tck ; 0.000        ; 0.093      ; 1.637      ;
; 1.373  ; sld_hub:auto_hub|sld_jtag_hub:\jtag_hub_gen:sld_jtag_hub_inst|sld_shadow_jsm:shadow_jsm|state[0] ; sld_hub:auto_hub|sld_jtag_hub:\jtag_hub_gen:sld_jtag_hub_inst|jtag_ir_reg[0]                        ; altera_reserved_tck ; altera_reserved_tck ; 0.000        ; 0.093      ; 1.637      ;
; 1.373  ; sld_hub:auto_hub|sld_jtag_hub:\jtag_hub_gen:sld_jtag_hub_inst|sld_shadow_jsm:shadow_jsm|state[0] ; sld_hub:auto_hub|sld_jtag_hub:\jtag_hub_gen:sld_jtag_hub_inst|jtag_ir_reg[1]                        ; altera_reserved_tck ; altera_reserved_tck ; 0.000        ; 0.093      ; 1.637      ;
; 1.373  ; sld_hub:auto_hub|sld_jtag_hub:\jtag_hub_gen:sld_jtag_hub_inst|sld_shadow_jsm:shadow_jsm|state[0] ; sld_hub:auto_hub|sld_jtag_hub:\jtag_hub_gen:sld_jtag_hub_inst|jtag_ir_reg[2]                        ; altera_reserved_tck ; altera_reserved_tck ; 0.000        ; 0.093      ; 1.637      ;
; 1.373  ; sld_hub:auto_hub|sld_jtag_hub:\jtag_hub_gen:sld_jtag_hub_inst|sld_shadow_jsm:shadow_jsm|state[0] ; sld_hub:auto_hub|sld_jtag_hub:\jtag_hub_gen:sld_jtag_hub_inst|jtag_ir_reg[3]                        ; altera_reserved_tck ; altera_reserved_tck ; 0.000        ; 0.093      ; 1.637      ;
; 1.373  ; sld_hub:auto_hub|sld_jtag_hub:\jtag_hub_gen:sld_jtag_hub_inst|sld_shadow_jsm:shadow_jsm|state[0] ; sld_hub:auto_hub|sld_jtag_hub:\jtag_hub_gen:sld_jtag_hub_inst|jtag_ir_reg[4]                        ; altera_reserved_tck ; altera_reserved_tck ; 0.000        ; 0.093      ; 1.637      ;
; 1.373  ; sld_hub:auto_hub|sld_jtag_hub:\jtag_hub_gen:sld_jtag_hub_inst|sld_shadow_jsm:shadow_jsm|state[0] ; sld_hub:auto_hub|sld_jtag_hub:\jtag_hub_gen:sld_jtag_hub_inst|jtag_ir_reg[5]                        ; altera_reserved_tck ; altera_reserved_tck ; 0.000        ; 0.093      ; 1.637      ;
; 1.373  ; sld_hub:auto_hub|sld_jtag_hub:\jtag_hub_gen:sld_jtag_hub_inst|sld_shadow_jsm:shadow_jsm|state[0] ; sld_hub:auto_hub|sld_jtag_hub:\jtag_hub_gen:sld_jtag_hub_inst|jtag_ir_reg[6]                        ; altera_reserved_tck ; altera_reserved_tck ; 0.000        ; 0.093      ; 1.637      ;
; 1.373  ; sld_hub:auto_hub|sld_jtag_hub:\jtag_hub_gen:sld_jtag_hub_inst|sld_shadow_jsm:shadow_jsm|state[0] ; sld_hub:auto_hub|sld_jtag_hub:\jtag_hub_gen:sld_jtag_hub_inst|jtag_ir_reg[7]                        ; altera_reserved_tck ; altera_reserved_tck ; 0.000        ; 0.093      ; 1.637      ;
; 1.373  ; sld_hub:auto_hub|sld_jtag_hub:\jtag_hub_gen:sld_jtag_hub_inst|sld_shadow_jsm:shadow_jsm|state[0] ; sld_hub:auto_hub|sld_jtag_hub:\jtag_hub_gen:sld_jtag_hub_inst|jtag_ir_reg[8]                        ; altera_reserved_tck ; altera_reserved_tck ; 0.000        ; 0.093      ; 1.637      ;
; 1.373  ; sld_hub:auto_hub|sld_jtag_hub:\jtag_hub_gen:sld_jtag_hub_inst|sld_shadow_jsm:shadow_jsm|state[0] ; sld_hub:auto_hub|sld_jtag_hub:\jtag_hub_gen:sld_jtag_hub_inst|jtag_ir_reg[9]                        ; altera_reserved_tck ; altera_reserved_tck ; 0.000        ; 0.093      ; 1.637      ;
; 1.734  ; sld_hub:auto_hub|sld_jtag_hub:\jtag_hub_gen:sld_jtag_hub_inst|clr_reg                            ; Soc:inst1|Soc_jtag_uart:jtag_uart|alt_jtag_atlantic:Soc_jtag_uart_alt_jtag_atlantic|read            ; altera_reserved_tck ; altera_reserved_tck ; 0.000        ; 0.096      ; 2.001      ;
; 1.734  ; sld_hub:auto_hub|sld_jtag_hub:\jtag_hub_gen:sld_jtag_hub_inst|clr_reg                            ; Soc:inst1|Soc_jtag_uart:jtag_uart|alt_jtag_atlantic:Soc_jtag_uart_alt_jtag_atlantic|read_req        ; altera_reserved_tck ; altera_reserved_tck ; 0.000        ; 0.096      ; 2.001      ;
; 1.764  ; sld_hub:auto_hub|sld_jtag_hub:\jtag_hub_gen:sld_jtag_hub_inst|virtual_ir_scan_reg                ; sld_hub:auto_hub|sld_jtag_hub:\jtag_hub_gen:sld_jtag_hub_inst|hub_mode_reg[2]                       ; altera_reserved_tck ; altera_reserved_tck ; 0.000        ; 0.033      ; 1.968      ;
; 1.784  ; sld_hub:auto_hub|sld_jtag_hub:\jtag_hub_gen:sld_jtag_hub_inst|clr_reg                            ; Soc:inst1|Soc_jtag_uart:jtag_uart|alt_jtag_atlantic:Soc_jtag_uart_alt_jtag_atlantic|write_stalled   ; altera_reserved_tck ; altera_reserved_tck ; 0.000        ; 0.096      ; 2.051      ;
; 1.784  ; sld_hub:auto_hub|sld_jtag_hub:\jtag_hub_gen:sld_jtag_hub_inst|clr_reg                            ; Soc:inst1|Soc_jtag_uart:jtag_uart|alt_jtag_atlantic:Soc_jtag_uart_alt_jtag_atlantic|write_valid     ; altera_reserved_tck ; altera_reserved_tck ; 0.000        ; 0.096      ; 2.051      ;
; 1.784  ; sld_hub:auto_hub|sld_jtag_hub:\jtag_hub_gen:sld_jtag_hub_inst|clr_reg                            ; Soc:inst1|Soc_jtag_uart:jtag_uart|alt_jtag_atlantic:Soc_jtag_uart_alt_jtag_atlantic|wdata[0]        ; altera_reserved_tck ; altera_reserved_tck ; 0.000        ; 0.096      ; 2.051      ;
; 1.784  ; sld_hub:auto_hub|sld_jtag_hub:\jtag_hub_gen:sld_jtag_hub_inst|clr_reg                            ; Soc:inst1|Soc_jtag_uart:jtag_uart|alt_jtag_atlantic:Soc_jtag_uart_alt_jtag_atlantic|tck_t_dav       ; altera_reserved_tck ; altera_reserved_tck ; 0.000        ; 0.096      ; 2.051      ;
; 1.870  ; sld_hub:auto_hub|sld_jtag_hub:\jtag_hub_gen:sld_jtag_hub_inst|clr_reg                            ; Soc:inst1|Soc_jtag_uart:jtag_uart|alt_jtag_atlantic:Soc_jtag_uart_alt_jtag_atlantic|state           ; altera_reserved_tck ; altera_reserved_tck ; 0.000        ; 0.102      ; 2.143      ;
; 1.901  ; sld_hub:auto_hub|sld_jtag_hub:\jtag_hub_gen:sld_jtag_hub_inst|clr_reg                            ; sld_hub:auto_hub|sld_jtag_hub:\jtag_hub_gen:sld_jtag_hub_inst|shadow_irf_reg[1][4]                  ; altera_reserved_tck ; altera_reserved_tck ; 0.000        ; 0.085      ; 2.157      ;
; 1.901  ; sld_hub:auto_hub|sld_jtag_hub:\jtag_hub_gen:sld_jtag_hub_inst|clr_reg                            ; sld_hub:auto_hub|sld_jtag_hub:\jtag_hub_gen:sld_jtag_hub_inst|irf_reg[1][4]                         ; altera_reserved_tck ; altera_reserved_tck ; 0.000        ; 0.085      ; 2.157      ;
; 1.901  ; sld_hub:auto_hub|sld_jtag_hub:\jtag_hub_gen:sld_jtag_hub_inst|clr_reg                            ; sld_hub:auto_hub|sld_jtag_hub:\jtag_hub_gen:sld_jtag_hub_inst|shadow_irf_reg[1][3]                  ; altera_reserved_tck ; altera_reserved_tck ; 0.000        ; 0.085      ; 2.157      ;
; 1.901  ; sld_hub:auto_hub|sld_jtag_hub:\jtag_hub_gen:sld_jtag_hub_inst|clr_reg                            ; sld_hub:auto_hub|sld_jtag_hub:\jtag_hub_gen:sld_jtag_hub_inst|irf_reg[1][3]                         ; altera_reserved_tck ; altera_reserved_tck ; 0.000        ; 0.085      ; 2.157      ;
; 1.901  ; sld_hub:auto_hub|sld_jtag_hub:\jtag_hub_gen:sld_jtag_hub_inst|clr_reg                            ; sld_hub:auto_hub|sld_jtag_hub:\jtag_hub_gen:sld_jtag_hub_inst|shadow_irf_reg[1][2]                  ; altera_reserved_tck ; altera_reserved_tck ; 0.000        ; 0.085      ; 2.157      ;
; 1.901  ; sld_hub:auto_hub|sld_jtag_hub:\jtag_hub_gen:sld_jtag_hub_inst|clr_reg                            ; sld_hub:auto_hub|sld_jtag_hub:\jtag_hub_gen:sld_jtag_hub_inst|irf_reg[1][2]                         ; altera_reserved_tck ; altera_reserved_tck ; 0.000        ; 0.085      ; 2.157      ;
; 1.901  ; sld_hub:auto_hub|sld_jtag_hub:\jtag_hub_gen:sld_jtag_hub_inst|clr_reg                            ; sld_hub:auto_hub|sld_jtag_hub:\jtag_hub_gen:sld_jtag_hub_inst|shadow_irf_reg[1][0]                  ; altera_reserved_tck ; altera_reserved_tck ; 0.000        ; 0.085      ; 2.157      ;
; 1.901  ; sld_hub:auto_hub|sld_jtag_hub:\jtag_hub_gen:sld_jtag_hub_inst|clr_reg                            ; sld_hub:auto_hub|sld_jtag_hub:\jtag_hub_gen:sld_jtag_hub_inst|shadow_irf_reg[1][1]                  ; altera_reserved_tck ; altera_reserved_tck ; 0.000        ; 0.085      ; 2.157      ;
; 1.901  ; sld_hub:auto_hub|sld_jtag_hub:\jtag_hub_gen:sld_jtag_hub_inst|clr_reg                            ; sld_hub:auto_hub|sld_jtag_hub:\jtag_hub_gen:sld_jtag_hub_inst|irf_reg[1][0]                         ; altera_reserved_tck ; altera_reserved_tck ; 0.000        ; 0.085      ; 2.157      ;
; 1.901  ; sld_hub:auto_hub|sld_jtag_hub:\jtag_hub_gen:sld_jtag_hub_inst|clr_reg                            ; sld_hub:auto_hub|sld_jtag_hub:\jtag_hub_gen:sld_jtag_hub_inst|irf_reg[1][1]                         ; altera_reserved_tck ; altera_reserved_tck ; 0.000        ; 0.085      ; 2.157      ;
; 1.913  ; sld_hub:auto_hub|sld_jtag_hub:\jtag_hub_gen:sld_jtag_hub_inst|clr_reg                            ; sld_hub:auto_hub|sld_jtag_hub:\jtag_hub_gen:sld_jtag_hub_inst|shadow_irf_reg[2][4]                  ; altera_reserved_tck ; altera_reserved_tck ; 0.000        ; 0.085      ; 2.169      ;
; 1.913  ; sld_hub:auto_hub|sld_jtag_hub:\jtag_hub_gen:sld_jtag_hub_inst|clr_reg                            ; sld_hub:auto_hub|sld_jtag_hub:\jtag_hub_gen:sld_jtag_hub_inst|irf_reg[2][4]                         ; altera_reserved_tck ; altera_reserved_tck ; 0.000        ; 0.085      ; 2.169      ;
; 1.913  ; sld_hub:auto_hub|sld_jtag_hub:\jtag_hub_gen:sld_jtag_hub_inst|clr_reg                            ; sld_hub:auto_hub|sld_jtag_hub:\jtag_hub_gen:sld_jtag_hub_inst|shadow_irf_reg[2][3]                  ; altera_reserved_tck ; altera_reserved_tck ; 0.000        ; 0.085      ; 2.169      ;
; 1.913  ; sld_hub:auto_hub|sld_jtag_hub:\jtag_hub_gen:sld_jtag_hub_inst|clr_reg                            ; sld_hub:auto_hub|sld_jtag_hub:\jtag_hub_gen:sld_jtag_hub_inst|irf_reg[2][3]                         ; altera_reserved_tck ; altera_reserved_tck ; 0.000        ; 0.085      ; 2.169      ;
; 1.913  ; sld_hub:auto_hub|sld_jtag_hub:\jtag_hub_gen:sld_jtag_hub_inst|clr_reg                            ; sld_hub:auto_hub|sld_jtag_hub:\jtag_hub_gen:sld_jtag_hub_inst|shadow_irf_reg[2][2]                  ; altera_reserved_tck ; altera_reserved_tck ; 0.000        ; 0.085      ; 2.169      ;
; 1.913  ; sld_hub:auto_hub|sld_jtag_hub:\jtag_hub_gen:sld_jtag_hub_inst|clr_reg                            ; sld_hub:auto_hub|sld_jtag_hub:\jtag_hub_gen:sld_jtag_hub_inst|irf_reg[2][2]                         ; altera_reserved_tck ; altera_reserved_tck ; 0.000        ; 0.085      ; 2.169      ;
; 1.913  ; sld_hub:auto_hub|sld_jtag_hub:\jtag_hub_gen:sld_jtag_hub_inst|clr_reg                            ; sld_hub:auto_hub|sld_jtag_hub:\jtag_hub_gen:sld_jtag_hub_inst|shadow_irf_reg[2][1]                  ; altera_reserved_tck ; altera_reserved_tck ; 0.000        ; 0.085      ; 2.169      ;
; 1.913  ; sld_hub:auto_hub|sld_jtag_hub:\jtag_hub_gen:sld_jtag_hub_inst|clr_reg                            ; sld_hub:auto_hub|sld_jtag_hub:\jtag_hub_gen:sld_jtag_hub_inst|irf_reg[2][1]                         ; altera_reserved_tck ; altera_reserved_tck ; 0.000        ; 0.085      ; 2.169      ;
; 1.913  ; sld_hub:auto_hub|sld_jtag_hub:\jtag_hub_gen:sld_jtag_hub_inst|clr_reg                            ; sld_hub:auto_hub|sld_jtag_hub:\jtag_hub_gen:sld_jtag_hub_inst|shadow_irf_reg[2][0]                  ; altera_reserved_tck ; altera_reserved_tck ; 0.000        ; 0.085      ; 2.169      ;
; 1.913  ; sld_hub:auto_hub|sld_jtag_hub:\jtag_hub_gen:sld_jtag_hub_inst|clr_reg                            ; sld_hub:auto_hub|sld_jtag_hub:\jtag_hub_gen:sld_jtag_hub_inst|irf_reg[2][0]                         ; altera_reserved_tck ; altera_reserved_tck ; 0.000        ; 0.085      ; 2.169      ;
; 2.231  ; sld_hub:auto_hub|sld_jtag_hub:\jtag_hub_gen:sld_jtag_hub_inst|clr_reg                            ; Soc:inst1|Soc_jtag_uart:jtag_uart|alt_jtag_atlantic:Soc_jtag_uart_alt_jtag_atlantic|user_saw_rvalid ; altera_reserved_tck ; altera_reserved_tck ; 0.000        ; 0.102      ; 2.504      ;
; 2.231  ; sld_hub:auto_hub|sld_jtag_hub:\jtag_hub_gen:sld_jtag_hub_inst|clr_reg                            ; Soc:inst1|Soc_jtag_uart:jtag_uart|alt_jtag_atlantic:Soc_jtag_uart_alt_jtag_atlantic|count[8]        ; altera_reserved_tck ; altera_reserved_tck ; 0.000        ; 0.102      ; 2.504      ;
; 2.231  ; sld_hub:auto_hub|sld_jtag_hub:\jtag_hub_gen:sld_jtag_hub_inst|clr_reg                            ; Soc:inst1|Soc_jtag_uart:jtag_uart|alt_jtag_atlantic:Soc_jtag_uart_alt_jtag_atlantic|count[7]        ; altera_reserved_tck ; altera_reserved_tck ; 0.000        ; 0.102      ; 2.504      ;
; 2.231  ; sld_hub:auto_hub|sld_jtag_hub:\jtag_hub_gen:sld_jtag_hub_inst|clr_reg                            ; Soc:inst1|Soc_jtag_uart:jtag_uart|alt_jtag_atlantic:Soc_jtag_uart_alt_jtag_atlantic|count[6]        ; altera_reserved_tck ; altera_reserved_tck ; 0.000        ; 0.102      ; 2.504      ;
; 2.231  ; sld_hub:auto_hub|sld_jtag_hub:\jtag_hub_gen:sld_jtag_hub_inst|clr_reg                            ; Soc:inst1|Soc_jtag_uart:jtag_uart|alt_jtag_atlantic:Soc_jtag_uart_alt_jtag_atlantic|count[5]        ; altera_reserved_tck ; altera_reserved_tck ; 0.000        ; 0.102      ; 2.504      ;
; 2.231  ; sld_hub:auto_hub|sld_jtag_hub:\jtag_hub_gen:sld_jtag_hub_inst|clr_reg                            ; Soc:inst1|Soc_jtag_uart:jtag_uart|alt_jtag_atlantic:Soc_jtag_uart_alt_jtag_atlantic|count[4]        ; altera_reserved_tck ; altera_reserved_tck ; 0.000        ; 0.102      ; 2.504      ;
; 2.231  ; sld_hub:auto_hub|sld_jtag_hub:\jtag_hub_gen:sld_jtag_hub_inst|clr_reg                            ; Soc:inst1|Soc_jtag_uart:jtag_uart|alt_jtag_atlantic:Soc_jtag_uart_alt_jtag_atlantic|count[3]        ; altera_reserved_tck ; altera_reserved_tck ; 0.000        ; 0.102      ; 2.504      ;
; 2.231  ; sld_hub:auto_hub|sld_jtag_hub:\jtag_hub_gen:sld_jtag_hub_inst|clr_reg                            ; Soc:inst1|Soc_jtag_uart:jtag_uart|alt_jtag_atlantic:Soc_jtag_uart_alt_jtag_atlantic|count[2]        ; altera_reserved_tck ; altera_reserved_tck ; 0.000        ; 0.102      ; 2.504      ;
; 2.231  ; sld_hub:auto_hub|sld_jtag_hub:\jtag_hub_gen:sld_jtag_hub_inst|clr_reg                            ; Soc:inst1|Soc_jtag_uart:jtag_uart|alt_jtag_atlantic:Soc_jtag_uart_alt_jtag_atlantic|count[1]        ; altera_reserved_tck ; altera_reserved_tck ; 0.000        ; 0.102      ; 2.504      ;
; 2.231  ; sld_hub:auto_hub|sld_jtag_hub:\jtag_hub_gen:sld_jtag_hub_inst|clr_reg                            ; Soc:inst1|Soc_jtag_uart:jtag_uart|alt_jtag_atlantic:Soc_jtag_uart_alt_jtag_atlantic|count[0]        ; altera_reserved_tck ; altera_reserved_tck ; 0.000        ; 0.102      ; 2.504      ;
; 2.231  ; sld_hub:auto_hub|sld_jtag_hub:\jtag_hub_gen:sld_jtag_hub_inst|clr_reg                            ; Soc:inst1|Soc_jtag_uart:jtag_uart|alt_jtag_atlantic:Soc_jtag_uart_alt_jtag_atlantic|count[9]        ; altera_reserved_tck ; altera_reserved_tck ; 0.000        ; 0.102      ; 2.504      ;
; 2.231  ; sld_hub:auto_hub|sld_jtag_hub:\jtag_hub_gen:sld_jtag_hub_inst|clr_reg                            ; Soc:inst1|Soc_jtag_uart:jtag_uart|alt_jtag_atlantic:Soc_jtag_uart_alt_jtag_atlantic|td_shift[10]    ; altera_reserved_tck ; altera_reserved_tck ; 0.000        ; 0.102      ; 2.504      ;
; 2.231  ; sld_hub:auto_hub|sld_jtag_hub:\jtag_hub_gen:sld_jtag_hub_inst|clr_reg                            ; Soc:inst1|Soc_jtag_uart:jtag_uart|alt_jtag_atlantic:Soc_jtag_uart_alt_jtag_atlantic|td_shift[9]     ; altera_reserved_tck ; altera_reserved_tck ; 0.000        ; 0.102      ; 2.504      ;
; 2.231  ; sld_hub:auto_hub|sld_jtag_hub:\jtag_hub_gen:sld_jtag_hub_inst|clr_reg                            ; Soc:inst1|Soc_jtag_uart:jtag_uart|alt_jtag_atlantic:Soc_jtag_uart_alt_jtag_atlantic|td_shift[0]     ; altera_reserved_tck ; altera_reserved_tck ; 0.000        ; 0.102      ; 2.504      ;
; 2.231  ; sld_hub:auto_hub|sld_jtag_hub:\jtag_hub_gen:sld_jtag_hub_inst|clr_reg                            ; Soc:inst1|Soc_jtag_uart:jtag_uart|alt_jtag_atlantic:Soc_jtag_uart_alt_jtag_atlantic|td_shift[8]     ; altera_reserved_tck ; altera_reserved_tck ; 0.000        ; 0.102      ; 2.504      ;
; 2.245  ; sld_hub:auto_hub|sld_jtag_hub:\jtag_hub_gen:sld_jtag_hub_inst|clr_reg                            ; Soc:inst1|Soc_jtag_uart:jtag_uart|alt_jtag_atlantic:Soc_jtag_uart_alt_jtag_atlantic|td_shift[1]     ; altera_reserved_tck ; altera_reserved_tck ; 0.000        ; 0.101      ; 2.517      ;
; 2.245  ; sld_hub:auto_hub|sld_jtag_hub:\jtag_hub_gen:sld_jtag_hub_inst|clr_reg                            ; Soc:inst1|Soc_jtag_uart:jtag_uart|alt_jtag_atlantic:Soc_jtag_uart_alt_jtag_atlantic|td_shift[2]     ; altera_reserved_tck ; altera_reserved_tck ; 0.000        ; 0.101      ; 2.517      ;
; 2.245  ; sld_hub:auto_hub|sld_jtag_hub:\jtag_hub_gen:sld_jtag_hub_inst|clr_reg                            ; Soc:inst1|Soc_jtag_uart:jtag_uart|alt_jtag_atlantic:Soc_jtag_uart_alt_jtag_atlantic|td_shift[3]     ; altera_reserved_tck ; altera_reserved_tck ; 0.000        ; 0.101      ; 2.517      ;
; 2.245  ; sld_hub:auto_hub|sld_jtag_hub:\jtag_hub_gen:sld_jtag_hub_inst|clr_reg                            ; Soc:inst1|Soc_jtag_uart:jtag_uart|alt_jtag_atlantic:Soc_jtag_uart_alt_jtag_atlantic|td_shift[4]     ; altera_reserved_tck ; altera_reserved_tck ; 0.000        ; 0.101      ; 2.517      ;
; 2.245  ; sld_hub:auto_hub|sld_jtag_hub:\jtag_hub_gen:sld_jtag_hub_inst|clr_reg                            ; Soc:inst1|Soc_jtag_uart:jtag_uart|alt_jtag_atlantic:Soc_jtag_uart_alt_jtag_atlantic|td_shift[5]     ; altera_reserved_tck ; altera_reserved_tck ; 0.000        ; 0.101      ; 2.517      ;
; 2.245  ; sld_hub:auto_hub|sld_jtag_hub:\jtag_hub_gen:sld_jtag_hub_inst|clr_reg                            ; Soc:inst1|Soc_jtag_uart:jtag_uart|alt_jtag_atlantic:Soc_jtag_uart_alt_jtag_atlantic|td_shift[6]     ; altera_reserved_tck ; altera_reserved_tck ; 0.000        ; 0.101      ; 2.517      ;
; 2.245  ; sld_hub:auto_hub|sld_jtag_hub:\jtag_hub_gen:sld_jtag_hub_inst|clr_reg                            ; Soc:inst1|Soc_jtag_uart:jtag_uart|alt_jtag_atlantic:Soc_jtag_uart_alt_jtag_atlantic|td_shift[7]     ; altera_reserved_tck ; altera_reserved_tck ; 0.000        ; 0.101      ; 2.517      ;
; 2.261  ; sld_hub:auto_hub|sld_jtag_hub:\jtag_hub_gen:sld_jtag_hub_inst|clr_reg                            ; Soc:inst1|Soc_jtag_uart:jtag_uart|alt_jtag_atlantic:Soc_jtag_uart_alt_jtag_atlantic|wdata[7]        ; altera_reserved_tck ; altera_reserved_tck ; 0.000        ; 0.101      ; 2.533      ;
; 2.261  ; sld_hub:auto_hub|sld_jtag_hub:\jtag_hub_gen:sld_jtag_hub_inst|clr_reg                            ; Soc:inst1|Soc_jtag_uart:jtag_uart|alt_jtag_atlantic:Soc_jtag_uart_alt_jtag_atlantic|wdata[6]        ; altera_reserved_tck ; altera_reserved_tck ; 0.000        ; 0.101      ; 2.533      ;
; 2.261  ; sld_hub:auto_hub|sld_jtag_hub:\jtag_hub_gen:sld_jtag_hub_inst|clr_reg                            ; Soc:inst1|Soc_jtag_uart:jtag_uart|alt_jtag_atlantic:Soc_jtag_uart_alt_jtag_atlantic|wdata[5]        ; altera_reserved_tck ; altera_reserved_tck ; 0.000        ; 0.101      ; 2.533      ;
; 2.261  ; sld_hub:auto_hub|sld_jtag_hub:\jtag_hub_gen:sld_jtag_hub_inst|clr_reg                            ; Soc:inst1|Soc_jtag_uart:jtag_uart|alt_jtag_atlantic:Soc_jtag_uart_alt_jtag_atlantic|write           ; altera_reserved_tck ; altera_reserved_tck ; 0.000        ; 0.101      ; 2.533      ;
; 2.261  ; sld_hub:auto_hub|sld_jtag_hub:\jtag_hub_gen:sld_jtag_hub_inst|clr_reg                            ; Soc:inst1|Soc_jtag_uart:jtag_uart|alt_jtag_atlantic:Soc_jtag_uart_alt_jtag_atlantic|wdata[4]        ; altera_reserved_tck ; altera_reserved_tck ; 0.000        ; 0.101      ; 2.533      ;
; 2.261  ; sld_hub:auto_hub|sld_jtag_hub:\jtag_hub_gen:sld_jtag_hub_inst|clr_reg                            ; Soc:inst1|Soc_jtag_uart:jtag_uart|alt_jtag_atlantic:Soc_jtag_uart_alt_jtag_atlantic|wdata[3]        ; altera_reserved_tck ; altera_reserved_tck ; 0.000        ; 0.101      ; 2.533      ;
; 2.261  ; sld_hub:auto_hub|sld_jtag_hub:\jtag_hub_gen:sld_jtag_hub_inst|clr_reg                            ; Soc:inst1|Soc_jtag_uart:jtag_uart|alt_jtag_atlantic:Soc_jtag_uart_alt_jtag_atlantic|wdata[2]        ; altera_reserved_tck ; altera_reserved_tck ; 0.000        ; 0.101      ; 2.533      ;
; 2.261  ; sld_hub:auto_hub|sld_jtag_hub:\jtag_hub_gen:sld_jtag_hub_inst|clr_reg                            ; Soc:inst1|Soc_jtag_uart:jtag_uart|alt_jtag_atlantic:Soc_jtag_uart_alt_jtag_atlantic|wdata[1]        ; altera_reserved_tck ; altera_reserved_tck ; 0.000        ; 0.101      ; 2.533      ;
; 51.390 ; sld_hub:auto_hub|sld_jtag_hub:\jtag_hub_gen:sld_jtag_hub_inst|sld_shadow_jsm:shadow_jsm|state[8] ; sld_hub:auto_hub|sld_jtag_hub:\jtag_hub_gen:sld_jtag_hub_inst|tdo                                   ; altera_reserved_tck ; altera_reserved_tck ; -50.000      ; 0.299      ; 1.860      ;
; 51.764 ; sld_hub:auto_hub|sld_jtag_hub:\jtag_hub_gen:sld_jtag_hub_inst|clr_reg                            ; Soc:inst1|Soc_jtag_uart:jtag_uart|alt_jtag_atlantic:Soc_jtag_uart_alt_jtag_atlantic|jupdate         ; altera_reserved_tck ; altera_reserved_tck ; -50.000      ; 0.296      ; 2.231      ;
; 52.039 ; sld_hub:auto_hub|sld_jtag_hub:\jtag_hub_gen:sld_jtag_hub_inst|clr_reg                            ; Soc:inst1|Soc_jtag_uart:jtag_uart|alt_jtag_atlantic:Soc_jtag_uart_alt_jtag_atlantic|tdo~reg0        ; altera_reserved_tck ; altera_reserved_tck ; -50.000      ; 0.323      ; 2.533      ;
+--------+--------------------------------------------------------------------------------------------------+-----------------------------------------------------------------------------------------------------+---------------------+---------------------+--------------+------------+------------+


+-------------------------------------------------------------------------------------------------------------------------------------------------------------------------------------------------------------------------------------------------------------------------------------------------------------------------------------------------------------------+
; Slow 1200mV 0C Model Minimum Pulse Width: 'altera_reserved_tck'                                                                                                                                                                                                                                                                                                   ;
+--------+--------------+----------------+------------------+---------------------+------------+--------------------------------------------------------------------------------------------------------------------------------------------------------------------------------------------------------------------------------------------------------------------+
; Slack  ; Actual Width ; Required Width ; Type             ; Clock               ; Clock Edge ; Target                                                                                                                                                                                                                                                             ;
+--------+--------------+----------------+------------------+---------------------+------------+--------------------------------------------------------------------------------------------------------------------------------------------------------------------------------------------------------------------------------------------------------------------+
; 49.576 ; 49.794       ; 0.218          ; High Pulse Width ; altera_reserved_tck ; Fall       ; Soc:inst1|Soc_jtag_uart:jtag_uart|alt_jtag_atlantic:Soc_jtag_uart_alt_jtag_atlantic|jupdate                                                                                                                                                                        ;
; 49.577 ; 49.795       ; 0.218          ; High Pulse Width ; altera_reserved_tck ; Fall       ; Soc:inst1|Soc_jtag_uart:jtag_uart|alt_jtag_atlantic:Soc_jtag_uart_alt_jtag_atlantic|tdo~reg0                                                                                                                                                                       ;
; 49.577 ; 49.795       ; 0.218          ; High Pulse Width ; altera_reserved_tck ; Fall       ; sld_hub:auto_hub|sld_jtag_hub:\jtag_hub_gen:sld_jtag_hub_inst|tdo                                                                                                                                                                                                  ;
; 49.620 ; 49.806       ; 0.186          ; Low Pulse Width  ; altera_reserved_tck ; Rise       ; Soc:inst1|Soc_cpu:cpu|Soc_cpu_nios2_oci:the_Soc_cpu_nios2_oci|Soc_cpu_jtag_debug_module_wrapper:the_Soc_cpu_jtag_debug_module_wrapper|Soc_cpu_jtag_debug_module_tck:the_Soc_cpu_jtag_debug_module_tck|sr[30]                                                       ;
; 49.620 ; 49.806       ; 0.186          ; Low Pulse Width  ; altera_reserved_tck ; Rise       ; Soc:inst1|Soc_cpu:cpu|Soc_cpu_nios2_oci:the_Soc_cpu_nios2_oci|Soc_cpu_jtag_debug_module_wrapper:the_Soc_cpu_jtag_debug_module_wrapper|Soc_cpu_jtag_debug_module_tck:the_Soc_cpu_jtag_debug_module_tck|sr[32]                                                       ;
; 49.620 ; 49.806       ; 0.186          ; Low Pulse Width  ; altera_reserved_tck ; Rise       ; Soc:inst1|Soc_cpu:cpu|Soc_cpu_nios2_oci:the_Soc_cpu_nios2_oci|Soc_cpu_jtag_debug_module_wrapper:the_Soc_cpu_jtag_debug_module_wrapper|Soc_cpu_jtag_debug_module_tck:the_Soc_cpu_jtag_debug_module_tck|sr[33]                                                       ;
; 49.620 ; 49.806       ; 0.186          ; Low Pulse Width  ; altera_reserved_tck ; Rise       ; Soc:inst1|Soc_cpu:cpu|Soc_cpu_nios2_oci:the_Soc_cpu_nios2_oci|Soc_cpu_jtag_debug_module_wrapper:the_Soc_cpu_jtag_debug_module_wrapper|Soc_cpu_jtag_debug_module_tck:the_Soc_cpu_jtag_debug_module_tck|sr[34]                                                       ;
; 49.621 ; 49.807       ; 0.186          ; Low Pulse Width  ; altera_reserved_tck ; Rise       ; Soc:inst1|Soc_cpu:cpu|Soc_cpu_nios2_oci:the_Soc_cpu_nios2_oci|Soc_cpu_jtag_debug_module_wrapper:the_Soc_cpu_jtag_debug_module_wrapper|Soc_cpu_jtag_debug_module_tck:the_Soc_cpu_jtag_debug_module_tck|altera_std_synchronizer:the_altera_std_synchronizer1|din_s1  ;
; 49.621 ; 49.807       ; 0.186          ; Low Pulse Width  ; altera_reserved_tck ; Rise       ; Soc:inst1|Soc_cpu:cpu|Soc_cpu_nios2_oci:the_Soc_cpu_nios2_oci|Soc_cpu_jtag_debug_module_wrapper:the_Soc_cpu_jtag_debug_module_wrapper|Soc_cpu_jtag_debug_module_tck:the_Soc_cpu_jtag_debug_module_tck|altera_std_synchronizer:the_altera_std_synchronizer1|dreg[0] ;
; 49.621 ; 49.807       ; 0.186          ; Low Pulse Width  ; altera_reserved_tck ; Rise       ; Soc:inst1|Soc_cpu:cpu|Soc_cpu_nios2_oci:the_Soc_cpu_nios2_oci|Soc_cpu_jtag_debug_module_wrapper:the_Soc_cpu_jtag_debug_module_wrapper|Soc_cpu_jtag_debug_module_tck:the_Soc_cpu_jtag_debug_module_tck|altera_std_synchronizer:the_altera_std_synchronizer2|din_s1  ;
; 49.621 ; 49.807       ; 0.186          ; Low Pulse Width  ; altera_reserved_tck ; Rise       ; Soc:inst1|Soc_cpu:cpu|Soc_cpu_nios2_oci:the_Soc_cpu_nios2_oci|Soc_cpu_jtag_debug_module_wrapper:the_Soc_cpu_jtag_debug_module_wrapper|Soc_cpu_jtag_debug_module_tck:the_Soc_cpu_jtag_debug_module_tck|altera_std_synchronizer:the_altera_std_synchronizer2|dreg[0] ;
; 49.621 ; 49.807       ; 0.186          ; Low Pulse Width  ; altera_reserved_tck ; Rise       ; Soc:inst1|Soc_cpu:cpu|Soc_cpu_nios2_oci:the_Soc_cpu_nios2_oci|Soc_cpu_jtag_debug_module_wrapper:the_Soc_cpu_jtag_debug_module_wrapper|Soc_cpu_jtag_debug_module_tck:the_Soc_cpu_jtag_debug_module_tck|ir_out[0]                                                    ;
; 49.621 ; 49.807       ; 0.186          ; Low Pulse Width  ; altera_reserved_tck ; Rise       ; Soc:inst1|Soc_cpu:cpu|Soc_cpu_nios2_oci:the_Soc_cpu_nios2_oci|Soc_cpu_jtag_debug_module_wrapper:the_Soc_cpu_jtag_debug_module_wrapper|Soc_cpu_jtag_debug_module_tck:the_Soc_cpu_jtag_debug_module_tck|ir_out[1]                                                    ;
; 49.621 ; 49.807       ; 0.186          ; Low Pulse Width  ; altera_reserved_tck ; Rise       ; Soc:inst1|Soc_cpu:cpu|Soc_cpu_nios2_oci:the_Soc_cpu_nios2_oci|Soc_cpu_jtag_debug_module_wrapper:the_Soc_cpu_jtag_debug_module_wrapper|Soc_cpu_jtag_debug_module_tck:the_Soc_cpu_jtag_debug_module_tck|sr[0]                                                        ;
; 49.621 ; 49.807       ; 0.186          ; Low Pulse Width  ; altera_reserved_tck ; Rise       ; Soc:inst1|Soc_cpu:cpu|Soc_cpu_nios2_oci:the_Soc_cpu_nios2_oci|Soc_cpu_jtag_debug_module_wrapper:the_Soc_cpu_jtag_debug_module_wrapper|Soc_cpu_jtag_debug_module_tck:the_Soc_cpu_jtag_debug_module_tck|sr[15]                                                       ;
; 49.621 ; 49.807       ; 0.186          ; Low Pulse Width  ; altera_reserved_tck ; Rise       ; Soc:inst1|Soc_cpu:cpu|Soc_cpu_nios2_oci:the_Soc_cpu_nios2_oci|Soc_cpu_jtag_debug_module_wrapper:the_Soc_cpu_jtag_debug_module_wrapper|Soc_cpu_jtag_debug_module_tck:the_Soc_cpu_jtag_debug_module_tck|sr[16]                                                       ;
; 49.621 ; 49.807       ; 0.186          ; Low Pulse Width  ; altera_reserved_tck ; Rise       ; Soc:inst1|Soc_cpu:cpu|Soc_cpu_nios2_oci:the_Soc_cpu_nios2_oci|Soc_cpu_jtag_debug_module_wrapper:the_Soc_cpu_jtag_debug_module_wrapper|Soc_cpu_jtag_debug_module_tck:the_Soc_cpu_jtag_debug_module_tck|sr[17]                                                       ;
; 49.621 ; 49.807       ; 0.186          ; Low Pulse Width  ; altera_reserved_tck ; Rise       ; Soc:inst1|Soc_cpu:cpu|Soc_cpu_nios2_oci:the_Soc_cpu_nios2_oci|Soc_cpu_jtag_debug_module_wrapper:the_Soc_cpu_jtag_debug_module_wrapper|Soc_cpu_jtag_debug_module_tck:the_Soc_cpu_jtag_debug_module_tck|sr[18]                                                       ;
; 49.621 ; 49.807       ; 0.186          ; Low Pulse Width  ; altera_reserved_tck ; Rise       ; Soc:inst1|Soc_cpu:cpu|Soc_cpu_nios2_oci:the_Soc_cpu_nios2_oci|Soc_cpu_jtag_debug_module_wrapper:the_Soc_cpu_jtag_debug_module_wrapper|Soc_cpu_jtag_debug_module_tck:the_Soc_cpu_jtag_debug_module_tck|sr[19]                                                       ;
; 49.621 ; 49.807       ; 0.186          ; Low Pulse Width  ; altera_reserved_tck ; Rise       ; Soc:inst1|Soc_cpu:cpu|Soc_cpu_nios2_oci:the_Soc_cpu_nios2_oci|Soc_cpu_jtag_debug_module_wrapper:the_Soc_cpu_jtag_debug_module_wrapper|Soc_cpu_jtag_debug_module_tck:the_Soc_cpu_jtag_debug_module_tck|sr[1]                                                        ;
; 49.621 ; 49.807       ; 0.186          ; Low Pulse Width  ; altera_reserved_tck ; Rise       ; Soc:inst1|Soc_cpu:cpu|Soc_cpu_nios2_oci:the_Soc_cpu_nios2_oci|Soc_cpu_jtag_debug_module_wrapper:the_Soc_cpu_jtag_debug_module_wrapper|Soc_cpu_jtag_debug_module_tck:the_Soc_cpu_jtag_debug_module_tck|sr[20]                                                       ;
; 49.621 ; 49.807       ; 0.186          ; Low Pulse Width  ; altera_reserved_tck ; Rise       ; Soc:inst1|Soc_cpu:cpu|Soc_cpu_nios2_oci:the_Soc_cpu_nios2_oci|Soc_cpu_jtag_debug_module_wrapper:the_Soc_cpu_jtag_debug_module_wrapper|Soc_cpu_jtag_debug_module_tck:the_Soc_cpu_jtag_debug_module_tck|sr[21]                                                       ;
; 49.621 ; 49.807       ; 0.186          ; Low Pulse Width  ; altera_reserved_tck ; Rise       ; Soc:inst1|Soc_cpu:cpu|Soc_cpu_nios2_oci:the_Soc_cpu_nios2_oci|Soc_cpu_jtag_debug_module_wrapper:the_Soc_cpu_jtag_debug_module_wrapper|Soc_cpu_jtag_debug_module_tck:the_Soc_cpu_jtag_debug_module_tck|sr[22]                                                       ;
; 49.621 ; 49.807       ; 0.186          ; Low Pulse Width  ; altera_reserved_tck ; Rise       ; Soc:inst1|Soc_cpu:cpu|Soc_cpu_nios2_oci:the_Soc_cpu_nios2_oci|Soc_cpu_jtag_debug_module_wrapper:the_Soc_cpu_jtag_debug_module_wrapper|Soc_cpu_jtag_debug_module_tck:the_Soc_cpu_jtag_debug_module_tck|sr[23]                                                       ;
; 49.621 ; 49.807       ; 0.186          ; Low Pulse Width  ; altera_reserved_tck ; Rise       ; Soc:inst1|Soc_cpu:cpu|Soc_cpu_nios2_oci:the_Soc_cpu_nios2_oci|Soc_cpu_jtag_debug_module_wrapper:the_Soc_cpu_jtag_debug_module_wrapper|Soc_cpu_jtag_debug_module_tck:the_Soc_cpu_jtag_debug_module_tck|sr[24]                                                       ;
; 49.621 ; 49.807       ; 0.186          ; Low Pulse Width  ; altera_reserved_tck ; Rise       ; Soc:inst1|Soc_cpu:cpu|Soc_cpu_nios2_oci:the_Soc_cpu_nios2_oci|Soc_cpu_jtag_debug_module_wrapper:the_Soc_cpu_jtag_debug_module_wrapper|Soc_cpu_jtag_debug_module_tck:the_Soc_cpu_jtag_debug_module_tck|sr[25]                                                       ;
; 49.621 ; 49.807       ; 0.186          ; Low Pulse Width  ; altera_reserved_tck ; Rise       ; Soc:inst1|Soc_cpu:cpu|Soc_cpu_nios2_oci:the_Soc_cpu_nios2_oci|Soc_cpu_jtag_debug_module_wrapper:the_Soc_cpu_jtag_debug_module_wrapper|Soc_cpu_jtag_debug_module_tck:the_Soc_cpu_jtag_debug_module_tck|sr[26]                                                       ;
; 49.621 ; 49.807       ; 0.186          ; Low Pulse Width  ; altera_reserved_tck ; Rise       ; Soc:inst1|Soc_cpu:cpu|Soc_cpu_nios2_oci:the_Soc_cpu_nios2_oci|Soc_cpu_jtag_debug_module_wrapper:the_Soc_cpu_jtag_debug_module_wrapper|Soc_cpu_jtag_debug_module_tck:the_Soc_cpu_jtag_debug_module_tck|sr[27]                                                       ;
; 49.621 ; 49.807       ; 0.186          ; Low Pulse Width  ; altera_reserved_tck ; Rise       ; Soc:inst1|Soc_cpu:cpu|Soc_cpu_nios2_oci:the_Soc_cpu_nios2_oci|Soc_cpu_jtag_debug_module_wrapper:the_Soc_cpu_jtag_debug_module_wrapper|Soc_cpu_jtag_debug_module_tck:the_Soc_cpu_jtag_debug_module_tck|sr[28]                                                       ;
; 49.621 ; 49.807       ; 0.186          ; Low Pulse Width  ; altera_reserved_tck ; Rise       ; Soc:inst1|Soc_cpu:cpu|Soc_cpu_nios2_oci:the_Soc_cpu_nios2_oci|Soc_cpu_jtag_debug_module_wrapper:the_Soc_cpu_jtag_debug_module_wrapper|Soc_cpu_jtag_debug_module_tck:the_Soc_cpu_jtag_debug_module_tck|sr[29]                                                       ;
; 49.621 ; 49.807       ; 0.186          ; Low Pulse Width  ; altera_reserved_tck ; Rise       ; Soc:inst1|Soc_cpu:cpu|Soc_cpu_nios2_oci:the_Soc_cpu_nios2_oci|Soc_cpu_jtag_debug_module_wrapper:the_Soc_cpu_jtag_debug_module_wrapper|Soc_cpu_jtag_debug_module_tck:the_Soc_cpu_jtag_debug_module_tck|sr[2]                                                        ;
; 49.621 ; 49.807       ; 0.186          ; Low Pulse Width  ; altera_reserved_tck ; Rise       ; Soc:inst1|Soc_cpu:cpu|Soc_cpu_nios2_oci:the_Soc_cpu_nios2_oci|Soc_cpu_jtag_debug_module_wrapper:the_Soc_cpu_jtag_debug_module_wrapper|Soc_cpu_jtag_debug_module_tck:the_Soc_cpu_jtag_debug_module_tck|sr[35]                                                       ;
; 49.621 ; 49.807       ; 0.186          ; Low Pulse Width  ; altera_reserved_tck ; Rise       ; Soc:inst1|Soc_cpu:cpu|Soc_cpu_nios2_oci:the_Soc_cpu_nios2_oci|Soc_cpu_jtag_debug_module_wrapper:the_Soc_cpu_jtag_debug_module_wrapper|Soc_cpu_jtag_debug_module_tck:the_Soc_cpu_jtag_debug_module_tck|sr[36]                                                       ;
; 49.621 ; 49.807       ; 0.186          ; Low Pulse Width  ; altera_reserved_tck ; Rise       ; Soc:inst1|Soc_cpu:cpu|Soc_cpu_nios2_oci:the_Soc_cpu_nios2_oci|Soc_cpu_jtag_debug_module_wrapper:the_Soc_cpu_jtag_debug_module_wrapper|Soc_cpu_jtag_debug_module_tck:the_Soc_cpu_jtag_debug_module_tck|sr[37]                                                       ;
; 49.621 ; 49.807       ; 0.186          ; Low Pulse Width  ; altera_reserved_tck ; Rise       ; Soc:inst1|Soc_cpu:cpu|Soc_cpu_nios2_oci:the_Soc_cpu_nios2_oci|Soc_cpu_jtag_debug_module_wrapper:the_Soc_cpu_jtag_debug_module_wrapper|Soc_cpu_jtag_debug_module_tck:the_Soc_cpu_jtag_debug_module_tck|sr[3]                                                        ;
; 49.621 ; 49.807       ; 0.186          ; Low Pulse Width  ; altera_reserved_tck ; Rise       ; Soc:inst1|Soc_cpu:cpu|Soc_cpu_nios2_oci:the_Soc_cpu_nios2_oci|Soc_cpu_jtag_debug_module_wrapper:the_Soc_cpu_jtag_debug_module_wrapper|Soc_cpu_jtag_debug_module_tck:the_Soc_cpu_jtag_debug_module_tck|sr[4]                                                        ;
; 49.621 ; 49.807       ; 0.186          ; Low Pulse Width  ; altera_reserved_tck ; Rise       ; Soc:inst1|Soc_cpu:cpu|Soc_cpu_nios2_oci:the_Soc_cpu_nios2_oci|Soc_cpu_jtag_debug_module_wrapper:the_Soc_cpu_jtag_debug_module_wrapper|Soc_cpu_jtag_debug_module_tck:the_Soc_cpu_jtag_debug_module_tck|sr[5]                                                        ;
; 49.621 ; 49.807       ; 0.186          ; Low Pulse Width  ; altera_reserved_tck ; Rise       ; Soc:inst1|Soc_cpu:cpu|Soc_cpu_nios2_oci:the_Soc_cpu_nios2_oci|Soc_cpu_jtag_debug_module_wrapper:the_Soc_cpu_jtag_debug_module_wrapper|Soc_cpu_jtag_debug_module_tck:the_Soc_cpu_jtag_debug_module_tck|sr[6]                                                        ;
; 49.621 ; 49.807       ; 0.186          ; Low Pulse Width  ; altera_reserved_tck ; Rise       ; Soc:inst1|Soc_jtag_uart:jtag_uart|alt_jtag_atlantic:Soc_jtag_uart_alt_jtag_atlantic|count[0]                                                                                                                                                                       ;
; 49.621 ; 49.807       ; 0.186          ; Low Pulse Width  ; altera_reserved_tck ; Rise       ; Soc:inst1|Soc_jtag_uart:jtag_uart|alt_jtag_atlantic:Soc_jtag_uart_alt_jtag_atlantic|count[1]                                                                                                                                                                       ;
; 49.621 ; 49.807       ; 0.186          ; Low Pulse Width  ; altera_reserved_tck ; Rise       ; Soc:inst1|Soc_jtag_uart:jtag_uart|alt_jtag_atlantic:Soc_jtag_uart_alt_jtag_atlantic|count[2]                                                                                                                                                                       ;
; 49.621 ; 49.807       ; 0.186          ; Low Pulse Width  ; altera_reserved_tck ; Rise       ; Soc:inst1|Soc_jtag_uart:jtag_uart|alt_jtag_atlantic:Soc_jtag_uart_alt_jtag_atlantic|count[3]                                                                                                                                                                       ;
; 49.621 ; 49.807       ; 0.186          ; Low Pulse Width  ; altera_reserved_tck ; Rise       ; Soc:inst1|Soc_jtag_uart:jtag_uart|alt_jtag_atlantic:Soc_jtag_uart_alt_jtag_atlantic|count[4]                                                                                                                                                                       ;
; 49.621 ; 49.807       ; 0.186          ; Low Pulse Width  ; altera_reserved_tck ; Rise       ; Soc:inst1|Soc_jtag_uart:jtag_uart|alt_jtag_atlantic:Soc_jtag_uart_alt_jtag_atlantic|count[5]                                                                                                                                                                       ;
; 49.621 ; 49.807       ; 0.186          ; Low Pulse Width  ; altera_reserved_tck ; Rise       ; Soc:inst1|Soc_jtag_uart:jtag_uart|alt_jtag_atlantic:Soc_jtag_uart_alt_jtag_atlantic|count[6]                                                                                                                                                                       ;
; 49.621 ; 49.807       ; 0.186          ; Low Pulse Width  ; altera_reserved_tck ; Rise       ; Soc:inst1|Soc_jtag_uart:jtag_uart|alt_jtag_atlantic:Soc_jtag_uart_alt_jtag_atlantic|count[7]                                                                                                                                                                       ;
; 49.621 ; 49.807       ; 0.186          ; Low Pulse Width  ; altera_reserved_tck ; Rise       ; Soc:inst1|Soc_jtag_uart:jtag_uart|alt_jtag_atlantic:Soc_jtag_uart_alt_jtag_atlantic|count[8]                                                                                                                                                                       ;
; 49.621 ; 49.807       ; 0.186          ; Low Pulse Width  ; altera_reserved_tck ; Rise       ; Soc:inst1|Soc_jtag_uart:jtag_uart|alt_jtag_atlantic:Soc_jtag_uart_alt_jtag_atlantic|count[9]                                                                                                                                                                       ;
; 49.621 ; 49.807       ; 0.186          ; Low Pulse Width  ; altera_reserved_tck ; Rise       ; Soc:inst1|Soc_jtag_uart:jtag_uart|alt_jtag_atlantic:Soc_jtag_uart_alt_jtag_atlantic|state                                                                                                                                                                          ;
; 49.621 ; 49.807       ; 0.186          ; Low Pulse Width  ; altera_reserved_tck ; Rise       ; Soc:inst1|Soc_jtag_uart:jtag_uart|alt_jtag_atlantic:Soc_jtag_uart_alt_jtag_atlantic|td_shift[0]                                                                                                                                                                    ;
; 49.621 ; 49.807       ; 0.186          ; Low Pulse Width  ; altera_reserved_tck ; Rise       ; Soc:inst1|Soc_jtag_uart:jtag_uart|alt_jtag_atlantic:Soc_jtag_uart_alt_jtag_atlantic|td_shift[10]                                                                                                                                                                   ;
; 49.621 ; 49.807       ; 0.186          ; Low Pulse Width  ; altera_reserved_tck ; Rise       ; Soc:inst1|Soc_jtag_uart:jtag_uart|alt_jtag_atlantic:Soc_jtag_uart_alt_jtag_atlantic|td_shift[8]                                                                                                                                                                    ;
; 49.621 ; 49.807       ; 0.186          ; Low Pulse Width  ; altera_reserved_tck ; Rise       ; Soc:inst1|Soc_jtag_uart:jtag_uart|alt_jtag_atlantic:Soc_jtag_uart_alt_jtag_atlantic|td_shift[9]                                                                                                                                                                    ;
; 49.621 ; 49.807       ; 0.186          ; Low Pulse Width  ; altera_reserved_tck ; Rise       ; Soc:inst1|Soc_jtag_uart:jtag_uart|alt_jtag_atlantic:Soc_jtag_uart_alt_jtag_atlantic|user_saw_rvalid                                                                                                                                                                ;
; 49.621 ; 49.807       ; 0.186          ; Low Pulse Width  ; altera_reserved_tck ; Rise       ; Soc:inst1|Soc_jtag_uart:jtag_uart|alt_jtag_atlantic:Soc_jtag_uart_alt_jtag_atlantic|wdata[1]                                                                                                                                                                       ;
; 49.621 ; 49.807       ; 0.186          ; Low Pulse Width  ; altera_reserved_tck ; Rise       ; Soc:inst1|Soc_jtag_uart:jtag_uart|alt_jtag_atlantic:Soc_jtag_uart_alt_jtag_atlantic|wdata[2]                                                                                                                                                                       ;
; 49.621 ; 49.807       ; 0.186          ; Low Pulse Width  ; altera_reserved_tck ; Rise       ; Soc:inst1|Soc_jtag_uart:jtag_uart|alt_jtag_atlantic:Soc_jtag_uart_alt_jtag_atlantic|wdata[3]                                                                                                                                                                       ;
; 49.621 ; 49.807       ; 0.186          ; Low Pulse Width  ; altera_reserved_tck ; Rise       ; Soc:inst1|Soc_jtag_uart:jtag_uart|alt_jtag_atlantic:Soc_jtag_uart_alt_jtag_atlantic|wdata[4]                                                                                                                                                                       ;
; 49.621 ; 49.807       ; 0.186          ; Low Pulse Width  ; altera_reserved_tck ; Rise       ; Soc:inst1|Soc_jtag_uart:jtag_uart|alt_jtag_atlantic:Soc_jtag_uart_alt_jtag_atlantic|wdata[5]                                                                                                                                                                       ;
; 49.621 ; 49.807       ; 0.186          ; Low Pulse Width  ; altera_reserved_tck ; Rise       ; Soc:inst1|Soc_jtag_uart:jtag_uart|alt_jtag_atlantic:Soc_jtag_uart_alt_jtag_atlantic|wdata[6]                                                                                                                                                                       ;
; 49.621 ; 49.807       ; 0.186          ; Low Pulse Width  ; altera_reserved_tck ; Rise       ; Soc:inst1|Soc_jtag_uart:jtag_uart|alt_jtag_atlantic:Soc_jtag_uart_alt_jtag_atlantic|wdata[7]                                                                                                                                                                       ;
; 49.621 ; 49.807       ; 0.186          ; Low Pulse Width  ; altera_reserved_tck ; Rise       ; Soc:inst1|Soc_jtag_uart:jtag_uart|alt_jtag_atlantic:Soc_jtag_uart_alt_jtag_atlantic|write                                                                                                                                                                          ;
; 49.621 ; 49.807       ; 0.186          ; Low Pulse Width  ; altera_reserved_tck ; Rise       ; sld_hub:auto_hub|sld_jtag_hub:\jtag_hub_gen:sld_jtag_hub_inst|clr_reg                                                                                                                                                                                              ;
; 49.621 ; 49.807       ; 0.186          ; Low Pulse Width  ; altera_reserved_tck ; Rise       ; sld_hub:auto_hub|sld_jtag_hub:\jtag_hub_gen:sld_jtag_hub_inst|design_hash_reg[0]                                                                                                                                                                                   ;
; 49.621 ; 49.807       ; 0.186          ; Low Pulse Width  ; altera_reserved_tck ; Rise       ; sld_hub:auto_hub|sld_jtag_hub:\jtag_hub_gen:sld_jtag_hub_inst|design_hash_reg[1]                                                                                                                                                                                   ;
; 49.621 ; 49.807       ; 0.186          ; Low Pulse Width  ; altera_reserved_tck ; Rise       ; sld_hub:auto_hub|sld_jtag_hub:\jtag_hub_gen:sld_jtag_hub_inst|design_hash_reg[2]                                                                                                                                                                                   ;
; 49.621 ; 49.807       ; 0.186          ; Low Pulse Width  ; altera_reserved_tck ; Rise       ; sld_hub:auto_hub|sld_jtag_hub:\jtag_hub_gen:sld_jtag_hub_inst|design_hash_reg[3]                                                                                                                                                                                   ;
; 49.621 ; 49.807       ; 0.186          ; Low Pulse Width  ; altera_reserved_tck ; Rise       ; sld_hub:auto_hub|sld_jtag_hub:\jtag_hub_gen:sld_jtag_hub_inst|hub_minor_ver_reg[0]                                                                                                                                                                                 ;
; 49.621 ; 49.807       ; 0.186          ; Low Pulse Width  ; altera_reserved_tck ; Rise       ; sld_hub:auto_hub|sld_jtag_hub:\jtag_hub_gen:sld_jtag_hub_inst|hub_minor_ver_reg[1]                                                                                                                                                                                 ;
; 49.621 ; 49.807       ; 0.186          ; Low Pulse Width  ; altera_reserved_tck ; Rise       ; sld_hub:auto_hub|sld_jtag_hub:\jtag_hub_gen:sld_jtag_hub_inst|hub_minor_ver_reg[2]                                                                                                                                                                                 ;
; 49.621 ; 49.807       ; 0.186          ; Low Pulse Width  ; altera_reserved_tck ; Rise       ; sld_hub:auto_hub|sld_jtag_hub:\jtag_hub_gen:sld_jtag_hub_inst|hub_minor_ver_reg[3]                                                                                                                                                                                 ;
; 49.621 ; 49.807       ; 0.186          ; Low Pulse Width  ; altera_reserved_tck ; Rise       ; sld_hub:auto_hub|sld_jtag_hub:\jtag_hub_gen:sld_jtag_hub_inst|hub_mode_reg[2]                                                                                                                                                                                      ;
; 49.621 ; 49.807       ; 0.186          ; Low Pulse Width  ; altera_reserved_tck ; Rise       ; sld_hub:auto_hub|sld_jtag_hub:\jtag_hub_gen:sld_jtag_hub_inst|irf_reg[1][0]                                                                                                                                                                                        ;
; 49.621 ; 49.807       ; 0.186          ; Low Pulse Width  ; altera_reserved_tck ; Rise       ; sld_hub:auto_hub|sld_jtag_hub:\jtag_hub_gen:sld_jtag_hub_inst|irf_reg[1][1]                                                                                                                                                                                        ;
; 49.621 ; 49.807       ; 0.186          ; Low Pulse Width  ; altera_reserved_tck ; Rise       ; sld_hub:auto_hub|sld_jtag_hub:\jtag_hub_gen:sld_jtag_hub_inst|irf_reg[1][2]                                                                                                                                                                                        ;
; 49.621 ; 49.807       ; 0.186          ; Low Pulse Width  ; altera_reserved_tck ; Rise       ; sld_hub:auto_hub|sld_jtag_hub:\jtag_hub_gen:sld_jtag_hub_inst|irf_reg[1][3]                                                                                                                                                                                        ;
; 49.621 ; 49.807       ; 0.186          ; Low Pulse Width  ; altera_reserved_tck ; Rise       ; sld_hub:auto_hub|sld_jtag_hub:\jtag_hub_gen:sld_jtag_hub_inst|irf_reg[1][4]                                                                                                                                                                                        ;
; 49.621 ; 49.807       ; 0.186          ; Low Pulse Width  ; altera_reserved_tck ; Rise       ; sld_hub:auto_hub|sld_jtag_hub:\jtag_hub_gen:sld_jtag_hub_inst|irsr_reg[5]                                                                                                                                                                                          ;
; 49.621 ; 49.807       ; 0.186          ; Low Pulse Width  ; altera_reserved_tck ; Rise       ; sld_hub:auto_hub|sld_jtag_hub:\jtag_hub_gen:sld_jtag_hub_inst|irsr_reg[6]                                                                                                                                                                                          ;
; 49.621 ; 49.807       ; 0.186          ; Low Pulse Width  ; altera_reserved_tck ; Rise       ; sld_hub:auto_hub|sld_jtag_hub:\jtag_hub_gen:sld_jtag_hub_inst|jtag_ir_reg[0]                                                                                                                                                                                       ;
; 49.621 ; 49.807       ; 0.186          ; Low Pulse Width  ; altera_reserved_tck ; Rise       ; sld_hub:auto_hub|sld_jtag_hub:\jtag_hub_gen:sld_jtag_hub_inst|jtag_ir_reg[1]                                                                                                                                                                                       ;
; 49.621 ; 49.807       ; 0.186          ; Low Pulse Width  ; altera_reserved_tck ; Rise       ; sld_hub:auto_hub|sld_jtag_hub:\jtag_hub_gen:sld_jtag_hub_inst|jtag_ir_reg[2]                                                                                                                                                                                       ;
; 49.621 ; 49.807       ; 0.186          ; Low Pulse Width  ; altera_reserved_tck ; Rise       ; sld_hub:auto_hub|sld_jtag_hub:\jtag_hub_gen:sld_jtag_hub_inst|jtag_ir_reg[3]                                                                                                                                                                                       ;
; 49.621 ; 49.807       ; 0.186          ; Low Pulse Width  ; altera_reserved_tck ; Rise       ; sld_hub:auto_hub|sld_jtag_hub:\jtag_hub_gen:sld_jtag_hub_inst|jtag_ir_reg[4]                                                                                                                                                                                       ;
; 49.621 ; 49.807       ; 0.186          ; Low Pulse Width  ; altera_reserved_tck ; Rise       ; sld_hub:auto_hub|sld_jtag_hub:\jtag_hub_gen:sld_jtag_hub_inst|jtag_ir_reg[5]                                                                                                                                                                                       ;
; 49.621 ; 49.807       ; 0.186          ; Low Pulse Width  ; altera_reserved_tck ; Rise       ; sld_hub:auto_hub|sld_jtag_hub:\jtag_hub_gen:sld_jtag_hub_inst|jtag_ir_reg[6]                                                                                                                                                                                       ;
; 49.621 ; 49.807       ; 0.186          ; Low Pulse Width  ; altera_reserved_tck ; Rise       ; sld_hub:auto_hub|sld_jtag_hub:\jtag_hub_gen:sld_jtag_hub_inst|jtag_ir_reg[7]                                                                                                                                                                                       ;
; 49.621 ; 49.807       ; 0.186          ; Low Pulse Width  ; altera_reserved_tck ; Rise       ; sld_hub:auto_hub|sld_jtag_hub:\jtag_hub_gen:sld_jtag_hub_inst|jtag_ir_reg[8]                                                                                                                                                                                       ;
; 49.621 ; 49.807       ; 0.186          ; Low Pulse Width  ; altera_reserved_tck ; Rise       ; sld_hub:auto_hub|sld_jtag_hub:\jtag_hub_gen:sld_jtag_hub_inst|jtag_ir_reg[9]                                                                                                                                                                                       ;
; 49.621 ; 49.807       ; 0.186          ; Low Pulse Width  ; altera_reserved_tck ; Rise       ; sld_hub:auto_hub|sld_jtag_hub:\jtag_hub_gen:sld_jtag_hub_inst|node_ena[1]~reg0                                                                                                                                                                                     ;
; 49.621 ; 49.807       ; 0.186          ; Low Pulse Width  ; altera_reserved_tck ; Rise       ; sld_hub:auto_hub|sld_jtag_hub:\jtag_hub_gen:sld_jtag_hub_inst|node_ena[2]~reg0                                                                                                                                                                                     ;
; 49.621 ; 49.807       ; 0.186          ; Low Pulse Width  ; altera_reserved_tck ; Rise       ; sld_hub:auto_hub|sld_jtag_hub:\jtag_hub_gen:sld_jtag_hub_inst|shadow_irf_reg[1][0]                                                                                                                                                                                 ;
; 49.621 ; 49.807       ; 0.186          ; Low Pulse Width  ; altera_reserved_tck ; Rise       ; sld_hub:auto_hub|sld_jtag_hub:\jtag_hub_gen:sld_jtag_hub_inst|shadow_irf_reg[1][1]                                                                                                                                                                                 ;
; 49.621 ; 49.807       ; 0.186          ; Low Pulse Width  ; altera_reserved_tck ; Rise       ; sld_hub:auto_hub|sld_jtag_hub:\jtag_hub_gen:sld_jtag_hub_inst|shadow_irf_reg[1][2]                                                                                                                                                                                 ;
; 49.621 ; 49.807       ; 0.186          ; Low Pulse Width  ; altera_reserved_tck ; Rise       ; sld_hub:auto_hub|sld_jtag_hub:\jtag_hub_gen:sld_jtag_hub_inst|shadow_irf_reg[1][3]                                                                                                                                                                                 ;
; 49.621 ; 49.807       ; 0.186          ; Low Pulse Width  ; altera_reserved_tck ; Rise       ; sld_hub:auto_hub|sld_jtag_hub:\jtag_hub_gen:sld_jtag_hub_inst|shadow_irf_reg[1][4]                                                                                                                                                                                 ;
; 49.621 ; 49.807       ; 0.186          ; Low Pulse Width  ; altera_reserved_tck ; Rise       ; sld_hub:auto_hub|sld_jtag_hub:\jtag_hub_gen:sld_jtag_hub_inst|sld_rom_sr:hub_info_reg|word_counter[0]                                                                                                                                                              ;
; 49.621 ; 49.807       ; 0.186          ; Low Pulse Width  ; altera_reserved_tck ; Rise       ; sld_hub:auto_hub|sld_jtag_hub:\jtag_hub_gen:sld_jtag_hub_inst|sld_rom_sr:hub_info_reg|word_counter[1]                                                                                                                                                              ;
; 49.621 ; 49.807       ; 0.186          ; Low Pulse Width  ; altera_reserved_tck ; Rise       ; sld_hub:auto_hub|sld_jtag_hub:\jtag_hub_gen:sld_jtag_hub_inst|sld_rom_sr:hub_info_reg|word_counter[2]                                                                                                                                                              ;
; 49.621 ; 49.807       ; 0.186          ; Low Pulse Width  ; altera_reserved_tck ; Rise       ; sld_hub:auto_hub|sld_jtag_hub:\jtag_hub_gen:sld_jtag_hub_inst|sld_rom_sr:hub_info_reg|word_counter[3]                                                                                                                                                              ;
+--------+--------------+----------------+------------------+---------------------+------------+--------------------------------------------------------------------------------------------------------------------------------------------------------------------------------------------------------------------------------------------------------------------+


+------------------------------------------------------------------------------------------------+
; Setup Times                                                                                    ;
+---------------------+---------------------+--------+--------+------------+---------------------+
; Data Port           ; Clock Port          ; Rise   ; Fall   ; Clock Edge ; Clock Reference     ;
+---------------------+---------------------+--------+--------+------------+---------------------+
; altera_reserved_tdi ; altera_reserved_tck ; 6.985  ; 6.990  ; Rise       ; altera_reserved_tck ;
; altera_reserved_tms ; altera_reserved_tck ; 10.157 ; 10.372 ; Rise       ; altera_reserved_tck ;
+---------------------+---------------------+--------+--------+------------+---------------------+


+------------------------------------------------------------------------------------------------+
; Hold Times                                                                                     ;
+---------------------+---------------------+--------+--------+------------+---------------------+
; Data Port           ; Clock Port          ; Rise   ; Fall   ; Clock Edge ; Clock Reference     ;
+---------------------+---------------------+--------+--------+------------+---------------------+
; altera_reserved_tdi ; altera_reserved_tck ; -2.233 ; -2.366 ; Rise       ; altera_reserved_tck ;
; altera_reserved_tms ; altera_reserved_tck ; -3.581 ; -3.895 ; Rise       ; altera_reserved_tck ;
+---------------------+---------------------+--------+--------+------------+---------------------+


+------------------------------------------------------------------------------------------------+
; Clock to Output Times                                                                          ;
+---------------------+---------------------+--------+--------+------------+---------------------+
; Data Port           ; Clock Port          ; Rise   ; Fall   ; Clock Edge ; Clock Reference     ;
+---------------------+---------------------+--------+--------+------------+---------------------+
; altera_reserved_tdo ; altera_reserved_tck ; 14.113 ; 14.489 ; Fall       ; altera_reserved_tck ;
+---------------------+---------------------+--------+--------+------------+---------------------+


+------------------------------------------------------------------------------------------------+
; Minimum Clock to Output Times                                                                  ;
+---------------------+---------------------+--------+--------+------------+---------------------+
; Data Port           ; Clock Port          ; Rise   ; Fall   ; Clock Edge ; Clock Reference     ;
+---------------------+---------------------+--------+--------+------------+---------------------+
; altera_reserved_tdo ; altera_reserved_tck ; 11.717 ; 12.099 ; Fall       ; altera_reserved_tck ;
+---------------------+---------------------+--------+--------+------------+---------------------+


----------------
; MTBF Summary ;
----------------
Typical MTBF of Design is 1e+09 years or 3.15e+16 seconds.

Number of Synchronizer Chains Found: 2
Shortest Synchronizer Chain: 2 Registers
Fraction of Chains for which MTBFs Could Not be Calculated: 0.000
Worst Case Available Settling Time: 197.204 ns

Typical MTBF values are calculated based on the nominal silicon characteristics, at nominal operating conditions.
  - Under typical conditions, an increase of 100ps in available settling time will increase MTBF values by a factor of 10.8



+--------------------------------------------------------------------------------------------------------------------------------------------------------------------------------------------------------------------------------------------------------------------------------------------------------------------------------------------------------------------------------------------------------------------------------------------------------+
; Synchronizer Summary                                                                                                                                                                                                                                                                                                                                                                                                                                   ;
+---------------------------------------------------------------------------------------------------------------------------------+-------------------------------------------------------------------------------------------------------------------------------------------------------------------------------------------------------------------------------------------------------------------+------------------------+-------------------------+
; Source Node                                                                                                                     ; Synchronization Node                                                                                                                                                                                                                                              ; Typical MTBF (Years)   ; Included in Design MTBF ;
+---------------------------------------------------------------------------------------------------------------------------------+-------------------------------------------------------------------------------------------------------------------------------------------------------------------------------------------------------------------------------------------------------------------+------------------------+-------------------------+
; Soc:inst1|Soc_cpu:cpu|hbreak_enabled                                                                                            ; Soc:inst1|Soc_cpu:cpu|Soc_cpu_nios2_oci:the_Soc_cpu_nios2_oci|Soc_cpu_jtag_debug_module_wrapper:the_Soc_cpu_jtag_debug_module_wrapper|Soc_cpu_jtag_debug_module_tck:the_Soc_cpu_jtag_debug_module_tck|altera_std_synchronizer:the_altera_std_synchronizer1|din_s1 ; Greater than 1 Billion ; Yes                     ;
; Soc:inst1|Soc_cpu:cpu|Soc_cpu_nios2_oci:the_Soc_cpu_nios2_oci|Soc_cpu_nios2_oci_debug:the_Soc_cpu_nios2_oci_debug|monitor_ready ; Soc:inst1|Soc_cpu:cpu|Soc_cpu_nios2_oci:the_Soc_cpu_nios2_oci|Soc_cpu_jtag_debug_module_wrapper:the_Soc_cpu_jtag_debug_module_wrapper|Soc_cpu_jtag_debug_module_tck:the_Soc_cpu_jtag_debug_module_tck|altera_std_synchronizer:the_altera_std_synchronizer2|din_s1 ; Greater than 1 Billion ; Yes                     ;
+---------------------------------------------------------------------------------------------------------------------------------+-------------------------------------------------------------------------------------------------------------------------------------------------------------------------------------------------------------------------------------------------------------------+------------------------+-------------------------+


Synchronizer Chain #1: Typical MTBF is Greater than 1 Billion Years
===============================================================================
+---------------------------------------------------------------------------------------------------------------------------------------------------------------------------------------------------------------------------------------------------------------------------------------------+
; Chain Summary                                                                                                                                                                                                                                                                               ;
+-------------------------+-------------------------------------------------------------------------------------------------------------------------------------------------------------------------------------------------------------------------------------------------------------------+
; Property                ; Value                                                                                                                                                                                                                                                             ;
+-------------------------+-------------------------------------------------------------------------------------------------------------------------------------------------------------------------------------------------------------------------------------------------------------------+
; Source Node             ; Soc:inst1|Soc_cpu:cpu|hbreak_enabled                                                                                                                                                                                                                              ;
; Synchronization Node    ; Soc:inst1|Soc_cpu:cpu|Soc_cpu_nios2_oci:the_Soc_cpu_nios2_oci|Soc_cpu_jtag_debug_module_wrapper:the_Soc_cpu_jtag_debug_module_wrapper|Soc_cpu_jtag_debug_module_tck:the_Soc_cpu_jtag_debug_module_tck|altera_std_synchronizer:the_altera_std_synchronizer1|din_s1 ;
; Typical MTBF (years)    ; Greater than 1 Billion                                                                                                                                                                                                                                            ;
; Included in Design MTBF ; Yes                                                                                                                                                                                                                                                               ;
+-------------------------+-------------------------------------------------------------------------------------------------------------------------------------------------------------------------------------------------------------------------------------------------------------------+

+-----------------------------------------------------------------------------------------------------------------------------------------------------------------------------------------------------------------------------------------------------------------------------------------------------------------------------------------------+
; Statistics                                                                                                                                                                                                                                                                                                                                    ;
+---------------------------------------------------------------------------------------------------------------------------------------------------------------------------------------------------------------------------------------------------------------------+------------------------+--------------+------------------+--------------+
; Property                                                                                                                                                                                                                                                            ; Value                  ; Clock Period ; Active Edge Rate ; Output Slack ;
+---------------------------------------------------------------------------------------------------------------------------------------------------------------------------------------------------------------------------------------------------------------------+------------------------+--------------+------------------+--------------+
; Method of Synchronizer Identification                                                                                                                                                                                                                               ; User Specified         ;              ;                  ;              ;
; Typical MTBF (years)                                                                                                                                                                                                                                                ; Greater than 1 Billion ;              ;                  ;              ;
; Number of Synchronization Registers in Chain                                                                                                                                                                                                                        ; 2                      ;              ;                  ;              ;
; Available Settling Time (ns)                                                                                                                                                                                                                                        ; 197.204                ;              ;                  ;              ;
; Data Toggle Rate Used in MTBF Calculation (millions of transitions / sec)                                                                                                                                                                                           ; 1.25                   ;              ;                  ;              ;
; Source Clock                                                                                                                                                                                                                                                        ;                        ;              ;                  ;              ;
;  Unknown                                                                                                                                                                                                                                                            ;                        ;              ;                  ;              ;
; Synchronization Clock                                                                                                                                                                                                                                               ;                        ;              ;                  ;              ;
;  altera_reserved_tck                                                                                                                                                                                                                                                ;                        ; 100.000      ; 10.0 MHz         ;              ;
; Asynchronous Source                                                                                                                                                                                                                                                 ;                        ;              ;                  ;              ;
;  Soc:inst1|Soc_cpu:cpu|hbreak_enabled                                                                                                                                                                                                                               ;                        ;              ;                  ;              ;
; Synchronization Registers                                                                                                                                                                                                                                           ;                        ;              ;                  ;              ;
;  Soc:inst1|Soc_cpu:cpu|Soc_cpu_nios2_oci:the_Soc_cpu_nios2_oci|Soc_cpu_jtag_debug_module_wrapper:the_Soc_cpu_jtag_debug_module_wrapper|Soc_cpu_jtag_debug_module_tck:the_Soc_cpu_jtag_debug_module_tck|altera_std_synchronizer:the_altera_std_synchronizer1|din_s1  ;                        ;              ;                  ; 99.234       ;
;  Soc:inst1|Soc_cpu:cpu|Soc_cpu_nios2_oci:the_Soc_cpu_nios2_oci|Soc_cpu_jtag_debug_module_wrapper:the_Soc_cpu_jtag_debug_module_wrapper|Soc_cpu_jtag_debug_module_tck:the_Soc_cpu_jtag_debug_module_tck|altera_std_synchronizer:the_altera_std_synchronizer1|dreg[0] ;                        ;              ;                  ; 97.970       ;
+---------------------------------------------------------------------------------------------------------------------------------------------------------------------------------------------------------------------------------------------------------------------+------------------------+--------------+------------------+--------------+



Synchronizer Chain #2: Typical MTBF is Greater than 1 Billion Years
===============================================================================
+---------------------------------------------------------------------------------------------------------------------------------------------------------------------------------------------------------------------------------------------------------------------------------------------+
; Chain Summary                                                                                                                                                                                                                                                                               ;
+-------------------------+-------------------------------------------------------------------------------------------------------------------------------------------------------------------------------------------------------------------------------------------------------------------+
; Property                ; Value                                                                                                                                                                                                                                                             ;
+-------------------------+-------------------------------------------------------------------------------------------------------------------------------------------------------------------------------------------------------------------------------------------------------------------+
; Source Node             ; Soc:inst1|Soc_cpu:cpu|Soc_cpu_nios2_oci:the_Soc_cpu_nios2_oci|Soc_cpu_nios2_oci_debug:the_Soc_cpu_nios2_oci_debug|monitor_ready                                                                                                                                   ;
; Synchronization Node    ; Soc:inst1|Soc_cpu:cpu|Soc_cpu_nios2_oci:the_Soc_cpu_nios2_oci|Soc_cpu_jtag_debug_module_wrapper:the_Soc_cpu_jtag_debug_module_wrapper|Soc_cpu_jtag_debug_module_tck:the_Soc_cpu_jtag_debug_module_tck|altera_std_synchronizer:the_altera_std_synchronizer2|din_s1 ;
; Typical MTBF (years)    ; Greater than 1 Billion                                                                                                                                                                                                                                            ;
; Included in Design MTBF ; Yes                                                                                                                                                                                                                                                               ;
+-------------------------+-------------------------------------------------------------------------------------------------------------------------------------------------------------------------------------------------------------------------------------------------------------------+

+-----------------------------------------------------------------------------------------------------------------------------------------------------------------------------------------------------------------------------------------------------------------------------------------------------------------------------------------------+
; Statistics                                                                                                                                                                                                                                                                                                                                    ;
+---------------------------------------------------------------------------------------------------------------------------------------------------------------------------------------------------------------------------------------------------------------------+------------------------+--------------+------------------+--------------+
; Property                                                                                                                                                                                                                                                            ; Value                  ; Clock Period ; Active Edge Rate ; Output Slack ;
+---------------------------------------------------------------------------------------------------------------------------------------------------------------------------------------------------------------------------------------------------------------------+------------------------+--------------+------------------+--------------+
; Method of Synchronizer Identification                                                                                                                                                                                                                               ; User Specified         ;              ;                  ;              ;
; Typical MTBF (years)                                                                                                                                                                                                                                                ; Greater than 1 Billion ;              ;                  ;              ;
; Number of Synchronization Registers in Chain                                                                                                                                                                                                                        ; 2                      ;              ;                  ;              ;
; Available Settling Time (ns)                                                                                                                                                                                                                                        ; 197.699                ;              ;                  ;              ;
; Data Toggle Rate Used in MTBF Calculation (millions of transitions / sec)                                                                                                                                                                                           ; 1.25                   ;              ;                  ;              ;
; Source Clock                                                                                                                                                                                                                                                        ;                        ;              ;                  ;              ;
;  Unknown                                                                                                                                                                                                                                                            ;                        ;              ;                  ;              ;
; Synchronization Clock                                                                                                                                                                                                                                               ;                        ;              ;                  ;              ;
;  altera_reserved_tck                                                                                                                                                                                                                                                ;                        ; 100.000      ; 10.0 MHz         ;              ;
; Asynchronous Source                                                                                                                                                                                                                                                 ;                        ;              ;                  ;              ;
;  Soc:inst1|Soc_cpu:cpu|Soc_cpu_nios2_oci:the_Soc_cpu_nios2_oci|Soc_cpu_nios2_oci_debug:the_Soc_cpu_nios2_oci_debug|monitor_ready                                                                                                                                    ;                        ;              ;                  ;              ;
; Synchronization Registers                                                                                                                                                                                                                                           ;                        ;              ;                  ;              ;
;  Soc:inst1|Soc_cpu:cpu|Soc_cpu_nios2_oci:the_Soc_cpu_nios2_oci|Soc_cpu_jtag_debug_module_wrapper:the_Soc_cpu_jtag_debug_module_wrapper|Soc_cpu_jtag_debug_module_tck:the_Soc_cpu_jtag_debug_module_tck|altera_std_synchronizer:the_altera_std_synchronizer2|din_s1  ;                        ;              ;                  ; 99.236       ;
;  Soc:inst1|Soc_cpu:cpu|Soc_cpu_nios2_oci:the_Soc_cpu_nios2_oci|Soc_cpu_jtag_debug_module_wrapper:the_Soc_cpu_jtag_debug_module_wrapper|Soc_cpu_jtag_debug_module_tck:the_Soc_cpu_jtag_debug_module_tck|altera_std_synchronizer:the_altera_std_synchronizer2|dreg[0] ;                        ;              ;                  ; 98.463       ;
+---------------------------------------------------------------------------------------------------------------------------------------------------------------------------------------------------------------------------------------------------------------------+------------------------+--------------+------------------+--------------+



+----------------------------------------------+
; Fast 1200mV 0C Model Setup Summary           ;
+---------------------+--------+---------------+
; Clock               ; Slack  ; End Point TNS ;
+---------------------+--------+---------------+
; altera_reserved_tck ; 47.897 ; 0.000         ;
+---------------------+--------+---------------+


+---------------------------------------------+
; Fast 1200mV 0C Model Hold Summary           ;
+---------------------+-------+---------------+
; Clock               ; Slack ; End Point TNS ;
+---------------------+-------+---------------+
; altera_reserved_tck ; 0.181 ; 0.000         ;
+---------------------+-------+---------------+


+----------------------------------------------+
; Fast 1200mV 0C Model Recovery Summary        ;
+---------------------+--------+---------------+
; Clock               ; Slack  ; End Point TNS ;
+---------------------+--------+---------------+
; altera_reserved_tck ; 48.729 ; 0.000         ;
+---------------------+--------+---------------+


+---------------------------------------------+
; Fast 1200mV 0C Model Removal Summary        ;
+---------------------+-------+---------------+
; Clock               ; Slack ; End Point TNS ;
+---------------------+-------+---------------+
; altera_reserved_tck ; 0.695 ; 0.000         ;
+---------------------+-------+---------------+


+--------------------------------------------------+
; Fast 1200mV 0C Model Minimum Pulse Width Summary ;
+---------------------+--------+-------------------+
; Clock               ; Slack  ; End Point TNS     ;
+---------------------+--------+-------------------+
; altera_reserved_tck ; 49.475 ; 0.000             ;
+---------------------+--------+-------------------+


+--------------------------------------------------------------------------------------------------------------------------------------------------------------------------------------------------------------------------------------------------------------------------------------------------------------------------------------------------------------------------------------------------------------------------------------------------------------------------------------------------------------------------+
; Fast 1200mV 0C Model Setup: 'altera_reserved_tck'                                                                                                                                                                                                                                                                                                                                                                                                                                                                        ;
+--------+-------------------------------------------------------------------------------------------------------------------------------------------------------------------------------------------------------------+--------------------------------------------------------------------------------------------------------------------------------------------------------------------------------------------------------------+---------------------+---------------------+--------------+------------+------------+
; Slack  ; From Node                                                                                                                                                                                                   ; To Node                                                                                                                                                                                                      ; Launch Clock        ; Latch Clock         ; Relationship ; Clock Skew ; Data Delay ;
+--------+-------------------------------------------------------------------------------------------------------------------------------------------------------------------------------------------------------------+--------------------------------------------------------------------------------------------------------------------------------------------------------------------------------------------------------------+---------------------+---------------------+--------------+------------+------------+
; 47.897 ; sld_hub:auto_hub|sld_jtag_hub:\jtag_hub_gen:sld_jtag_hub_inst|node_ena[2]~reg0                                                                                                                              ; Soc:inst1|Soc_jtag_uart:jtag_uart|alt_jtag_atlantic:Soc_jtag_uart_alt_jtag_atlantic|jupdate                                                                                                                  ; altera_reserved_tck ; altera_reserved_tck ; 50.000       ; 0.255      ; 2.365      ;
; 48.251 ; sld_hub:auto_hub|sld_jtag_hub:\jtag_hub_gen:sld_jtag_hub_inst|irf_reg[2][0]                                                                                                                                 ; Soc:inst1|Soc_jtag_uart:jtag_uart|alt_jtag_atlantic:Soc_jtag_uart_alt_jtag_atlantic|jupdate                                                                                                                  ; altera_reserved_tck ; altera_reserved_tck ; 50.000       ; 0.259      ; 2.015      ;
; 48.262 ; sld_hub:auto_hub|sld_jtag_hub:\jtag_hub_gen:sld_jtag_hub_inst|virtual_ir_scan_reg                                                                                                                           ; Soc:inst1|Soc_jtag_uart:jtag_uart|alt_jtag_atlantic:Soc_jtag_uart_alt_jtag_atlantic|jupdate                                                                                                                  ; altera_reserved_tck ; altera_reserved_tck ; 50.000       ; 0.240      ; 1.985      ;
; 48.589 ; sld_hub:auto_hub|sld_jtag_hub:\jtag_hub_gen:sld_jtag_hub_inst|irsr_reg[0]                                                                                                                                   ; sld_hub:auto_hub|sld_jtag_hub:\jtag_hub_gen:sld_jtag_hub_inst|tdo                                                                                                                                            ; altera_reserved_tck ; altera_reserved_tck ; 50.000       ; 0.273      ; 1.691      ;
; 48.704 ; sld_hub:auto_hub|sld_jtag_hub:\jtag_hub_gen:sld_jtag_hub_inst|virtual_ir_scan_reg                                                                                                                           ; sld_hub:auto_hub|sld_jtag_hub:\jtag_hub_gen:sld_jtag_hub_inst|tdo                                                                                                                                            ; altera_reserved_tck ; altera_reserved_tck ; 50.000       ; 0.257      ; 1.560      ;
; 48.943 ; sld_hub:auto_hub|sld_jtag_hub:\jtag_hub_gen:sld_jtag_hub_inst|sld_rom_sr:hub_info_reg|WORD_SR[0]                                                                                                            ; sld_hub:auto_hub|sld_jtag_hub:\jtag_hub_gen:sld_jtag_hub_inst|tdo                                                                                                                                            ; altera_reserved_tck ; altera_reserved_tck ; 50.000       ; 0.278      ; 1.342      ;
; 48.944 ; Soc:inst1|Soc_cpu:cpu|Soc_cpu_nios2_oci:the_Soc_cpu_nios2_oci|Soc_cpu_jtag_debug_module_wrapper:the_Soc_cpu_jtag_debug_module_wrapper|Soc_cpu_jtag_debug_module_tck:the_Soc_cpu_jtag_debug_module_tck|sr[0] ; sld_hub:auto_hub|sld_jtag_hub:\jtag_hub_gen:sld_jtag_hub_inst|tdo                                                                                                                                            ; altera_reserved_tck ; altera_reserved_tck ; 50.000       ; 0.261      ; 1.324      ;
; 48.948 ; sld_hub:auto_hub|sld_jtag_hub:\jtag_hub_gen:sld_jtag_hub_inst|irsr_reg[6]                                                                                                                                   ; sld_hub:auto_hub|sld_jtag_hub:\jtag_hub_gen:sld_jtag_hub_inst|tdo                                                                                                                                            ; altera_reserved_tck ; altera_reserved_tck ; 50.000       ; 0.272      ; 1.331      ;
; 48.954 ; sld_hub:auto_hub|sld_jtag_hub:\jtag_hub_gen:sld_jtag_hub_inst|sld_shadow_jsm:shadow_jsm|state[4]                                                                                                            ; sld_hub:auto_hub|sld_jtag_hub:\jtag_hub_gen:sld_jtag_hub_inst|tdo                                                                                                                                            ; altera_reserved_tck ; altera_reserved_tck ; 50.000       ; 0.278      ; 1.331      ;
; 48.963 ; sld_hub:auto_hub|sld_jtag_hub:\jtag_hub_gen:sld_jtag_hub_inst|irsr_reg[2]                                                                                                                                   ; sld_hub:auto_hub|sld_jtag_hub:\jtag_hub_gen:sld_jtag_hub_inst|tdo                                                                                                                                            ; altera_reserved_tck ; altera_reserved_tck ; 50.000       ; 0.273      ; 1.317      ;
; 48.974 ; sld_hub:auto_hub|sld_jtag_hub:\jtag_hub_gen:sld_jtag_hub_inst|irsr_reg[1]                                                                                                                                   ; sld_hub:auto_hub|sld_jtag_hub:\jtag_hub_gen:sld_jtag_hub_inst|tdo                                                                                                                                            ; altera_reserved_tck ; altera_reserved_tck ; 50.000       ; 0.273      ; 1.306      ;
; 48.985 ; sld_hub:auto_hub|sld_jtag_hub:\jtag_hub_gen:sld_jtag_hub_inst|sld_shadow_jsm:shadow_jsm|state[3]                                                                                                            ; sld_hub:auto_hub|sld_jtag_hub:\jtag_hub_gen:sld_jtag_hub_inst|tdo                                                                                                                                            ; altera_reserved_tck ; altera_reserved_tck ; 50.000       ; 0.278      ; 1.300      ;
; 48.986 ; sld_hub:auto_hub|sld_jtag_hub:\jtag_hub_gen:sld_jtag_hub_inst|tdo_bypass_reg                                                                                                                                ; sld_hub:auto_hub|sld_jtag_hub:\jtag_hub_gen:sld_jtag_hub_inst|tdo                                                                                                                                            ; altera_reserved_tck ; altera_reserved_tck ; 50.000       ; 0.278      ; 1.299      ;
; 48.989 ; sld_hub:auto_hub|sld_jtag_hub:\jtag_hub_gen:sld_jtag_hub_inst|design_hash_reg[0]                                                                                                                            ; sld_hub:auto_hub|sld_jtag_hub:\jtag_hub_gen:sld_jtag_hub_inst|tdo                                                                                                                                            ; altera_reserved_tck ; altera_reserved_tck ; 50.000       ; 0.277      ; 1.295      ;
; 49.019 ; sld_hub:auto_hub|sld_jtag_hub:\jtag_hub_gen:sld_jtag_hub_inst|irsr_reg[5]                                                                                                                                   ; sld_hub:auto_hub|sld_jtag_hub:\jtag_hub_gen:sld_jtag_hub_inst|tdo                                                                                                                                            ; altera_reserved_tck ; altera_reserved_tck ; 50.000       ; 0.272      ; 1.260      ;
; 49.155 ; sld_hub:auto_hub|sld_jtag_hub:\jtag_hub_gen:sld_jtag_hub_inst|hub_minor_ver_reg[0]                                                                                                                          ; sld_hub:auto_hub|sld_jtag_hub:\jtag_hub_gen:sld_jtag_hub_inst|tdo                                                                                                                                            ; altera_reserved_tck ; altera_reserved_tck ; 50.000       ; 0.277      ; 1.129      ;
; 49.363 ; sld_hub:auto_hub|sld_jtag_hub:\jtag_hub_gen:sld_jtag_hub_inst|sld_shadow_jsm:shadow_jsm|state[8]                                                                                                            ; Soc:inst1|Soc_jtag_uart:jtag_uart|alt_jtag_atlantic:Soc_jtag_uart_alt_jtag_atlantic|jupdate                                                                                                                  ; altera_reserved_tck ; altera_reserved_tck ; 50.000       ; 0.261      ; 0.905      ;
; 49.822 ; Soc:inst1|Soc_jtag_uart:jtag_uart|alt_jtag_atlantic:Soc_jtag_uart_alt_jtag_atlantic|td_shift[0]                                                                                                             ; Soc:inst1|Soc_jtag_uart:jtag_uart|alt_jtag_atlantic:Soc_jtag_uart_alt_jtag_atlantic|tdo~reg0                                                                                                                 ; altera_reserved_tck ; altera_reserved_tck ; 50.000       ; 0.272      ; 0.457      ;
; 97.020 ; sld_hub:auto_hub|sld_jtag_hub:\jtag_hub_gen:sld_jtag_hub_inst|node_ena[2]~reg0                                                                                                                              ; Soc:inst1|Soc_jtag_uart:jtag_uart|alt_jtag_atlantic:Soc_jtag_uart_alt_jtag_atlantic|write_stalled                                                                                                            ; altera_reserved_tck ; altera_reserved_tck ; 100.000      ; -0.075     ; 2.912      ;
; 97.020 ; sld_hub:auto_hub|sld_jtag_hub:\jtag_hub_gen:sld_jtag_hub_inst|node_ena[2]~reg0                                                                                                                              ; Soc:inst1|Soc_jtag_uart:jtag_uart|alt_jtag_atlantic:Soc_jtag_uart_alt_jtag_atlantic|write_valid                                                                                                              ; altera_reserved_tck ; altera_reserved_tck ; 100.000      ; -0.075     ; 2.912      ;
; 97.020 ; sld_hub:auto_hub|sld_jtag_hub:\jtag_hub_gen:sld_jtag_hub_inst|node_ena[2]~reg0                                                                                                                              ; Soc:inst1|Soc_jtag_uart:jtag_uart|alt_jtag_atlantic:Soc_jtag_uart_alt_jtag_atlantic|wdata[0]                                                                                                                 ; altera_reserved_tck ; altera_reserved_tck ; 100.000      ; -0.075     ; 2.912      ;
; 97.022 ; sld_hub:auto_hub|sld_jtag_hub:\jtag_hub_gen:sld_jtag_hub_inst|node_ena[2]~reg0                                                                                                                              ; Soc:inst1|Soc_jtag_uart:jtag_uart|alt_jtag_atlantic:Soc_jtag_uart_alt_jtag_atlantic|read                                                                                                                     ; altera_reserved_tck ; altera_reserved_tck ; 100.000      ; -0.075     ; 2.910      ;
; 97.022 ; sld_hub:auto_hub|sld_jtag_hub:\jtag_hub_gen:sld_jtag_hub_inst|node_ena[2]~reg0                                                                                                                              ; Soc:inst1|Soc_jtag_uart:jtag_uart|alt_jtag_atlantic:Soc_jtag_uart_alt_jtag_atlantic|read_req                                                                                                                 ; altera_reserved_tck ; altera_reserved_tck ; 100.000      ; -0.075     ; 2.910      ;
; 97.271 ; sld_hub:auto_hub|sld_jtag_hub:\jtag_hub_gen:sld_jtag_hub_inst|node_ena[1]~reg0                                                                                                                              ; Soc:inst1|Soc_cpu:cpu|Soc_cpu_nios2_oci:the_Soc_cpu_nios2_oci|Soc_cpu_jtag_debug_module_wrapper:the_Soc_cpu_jtag_debug_module_wrapper|Soc_cpu_jtag_debug_module_tck:the_Soc_cpu_jtag_debug_module_tck|sr[20] ; altera_reserved_tck ; altera_reserved_tck ; 100.000      ; -0.056     ; 2.680      ;
; 97.272 ; sld_hub:auto_hub|sld_jtag_hub:\jtag_hub_gen:sld_jtag_hub_inst|node_ena[1]~reg0                                                                                                                              ; Soc:inst1|Soc_cpu:cpu|Soc_cpu_nios2_oci:the_Soc_cpu_nios2_oci|Soc_cpu_jtag_debug_module_wrapper:the_Soc_cpu_jtag_debug_module_wrapper|Soc_cpu_jtag_debug_module_tck:the_Soc_cpu_jtag_debug_module_tck|sr[17] ; altera_reserved_tck ; altera_reserved_tck ; 100.000      ; -0.056     ; 2.679      ;
; 97.284 ; sld_hub:auto_hub|sld_jtag_hub:\jtag_hub_gen:sld_jtag_hub_inst|node_ena[1]~reg0                                                                                                                              ; Soc:inst1|Soc_cpu:cpu|Soc_cpu_nios2_oci:the_Soc_cpu_nios2_oci|Soc_cpu_jtag_debug_module_wrapper:the_Soc_cpu_jtag_debug_module_wrapper|Soc_cpu_jtag_debug_module_tck:the_Soc_cpu_jtag_debug_module_tck|sr[18] ; altera_reserved_tck ; altera_reserved_tck ; 100.000      ; -0.056     ; 2.667      ;
; 97.284 ; sld_hub:auto_hub|sld_jtag_hub:\jtag_hub_gen:sld_jtag_hub_inst|node_ena[1]~reg0                                                                                                                              ; Soc:inst1|Soc_cpu:cpu|Soc_cpu_nios2_oci:the_Soc_cpu_nios2_oci|Soc_cpu_jtag_debug_module_wrapper:the_Soc_cpu_jtag_debug_module_wrapper|Soc_cpu_jtag_debug_module_tck:the_Soc_cpu_jtag_debug_module_tck|sr[21] ; altera_reserved_tck ; altera_reserved_tck ; 100.000      ; -0.056     ; 2.667      ;
; 97.284 ; sld_hub:auto_hub|sld_jtag_hub:\jtag_hub_gen:sld_jtag_hub_inst|node_ena[1]~reg0                                                                                                                              ; Soc:inst1|Soc_cpu:cpu|Soc_cpu_nios2_oci:the_Soc_cpu_nios2_oci|Soc_cpu_jtag_debug_module_wrapper:the_Soc_cpu_jtag_debug_module_wrapper|Soc_cpu_jtag_debug_module_tck:the_Soc_cpu_jtag_debug_module_tck|sr[22] ; altera_reserved_tck ; altera_reserved_tck ; 100.000      ; -0.056     ; 2.667      ;
; 97.284 ; sld_hub:auto_hub|sld_jtag_hub:\jtag_hub_gen:sld_jtag_hub_inst|node_ena[1]~reg0                                                                                                                              ; Soc:inst1|Soc_cpu:cpu|Soc_cpu_nios2_oci:the_Soc_cpu_nios2_oci|Soc_cpu_jtag_debug_module_wrapper:the_Soc_cpu_jtag_debug_module_wrapper|Soc_cpu_jtag_debug_module_tck:the_Soc_cpu_jtag_debug_module_tck|sr[23] ; altera_reserved_tck ; altera_reserved_tck ; 100.000      ; -0.056     ; 2.667      ;
; 97.284 ; sld_hub:auto_hub|sld_jtag_hub:\jtag_hub_gen:sld_jtag_hub_inst|node_ena[1]~reg0                                                                                                                              ; Soc:inst1|Soc_cpu:cpu|Soc_cpu_nios2_oci:the_Soc_cpu_nios2_oci|Soc_cpu_jtag_debug_module_wrapper:the_Soc_cpu_jtag_debug_module_wrapper|Soc_cpu_jtag_debug_module_tck:the_Soc_cpu_jtag_debug_module_tck|sr[19] ; altera_reserved_tck ; altera_reserved_tck ; 100.000      ; -0.056     ; 2.667      ;
; 97.284 ; sld_hub:auto_hub|sld_jtag_hub:\jtag_hub_gen:sld_jtag_hub_inst|node_ena[1]~reg0                                                                                                                              ; Soc:inst1|Soc_cpu:cpu|Soc_cpu_nios2_oci:the_Soc_cpu_nios2_oci|Soc_cpu_jtag_debug_module_wrapper:the_Soc_cpu_jtag_debug_module_wrapper|Soc_cpu_jtag_debug_module_tck:the_Soc_cpu_jtag_debug_module_tck|sr[16] ; altera_reserved_tck ; altera_reserved_tck ; 100.000      ; -0.056     ; 2.667      ;
; 97.290 ; sld_hub:auto_hub|sld_jtag_hub:\jtag_hub_gen:sld_jtag_hub_inst|node_ena[2]~reg0                                                                                                                              ; Soc:inst1|Soc_jtag_uart:jtag_uart|alt_jtag_atlantic:Soc_jtag_uart_alt_jtag_atlantic|wdata[7]                                                                                                                 ; altera_reserved_tck ; altera_reserved_tck ; 100.000      ; -0.068     ; 2.649      ;
; 97.290 ; sld_hub:auto_hub|sld_jtag_hub:\jtag_hub_gen:sld_jtag_hub_inst|node_ena[2]~reg0                                                                                                                              ; Soc:inst1|Soc_jtag_uart:jtag_uart|alt_jtag_atlantic:Soc_jtag_uart_alt_jtag_atlantic|wdata[6]                                                                                                                 ; altera_reserved_tck ; altera_reserved_tck ; 100.000      ; -0.068     ; 2.649      ;
; 97.290 ; sld_hub:auto_hub|sld_jtag_hub:\jtag_hub_gen:sld_jtag_hub_inst|node_ena[2]~reg0                                                                                                                              ; Soc:inst1|Soc_jtag_uart:jtag_uart|alt_jtag_atlantic:Soc_jtag_uart_alt_jtag_atlantic|wdata[5]                                                                                                                 ; altera_reserved_tck ; altera_reserved_tck ; 100.000      ; -0.068     ; 2.649      ;
; 97.290 ; sld_hub:auto_hub|sld_jtag_hub:\jtag_hub_gen:sld_jtag_hub_inst|node_ena[2]~reg0                                                                                                                              ; Soc:inst1|Soc_jtag_uart:jtag_uart|alt_jtag_atlantic:Soc_jtag_uart_alt_jtag_atlantic|write                                                                                                                    ; altera_reserved_tck ; altera_reserved_tck ; 100.000      ; -0.068     ; 2.649      ;
; 97.290 ; sld_hub:auto_hub|sld_jtag_hub:\jtag_hub_gen:sld_jtag_hub_inst|node_ena[2]~reg0                                                                                                                              ; Soc:inst1|Soc_jtag_uart:jtag_uart|alt_jtag_atlantic:Soc_jtag_uart_alt_jtag_atlantic|wdata[4]                                                                                                                 ; altera_reserved_tck ; altera_reserved_tck ; 100.000      ; -0.068     ; 2.649      ;
; 97.290 ; sld_hub:auto_hub|sld_jtag_hub:\jtag_hub_gen:sld_jtag_hub_inst|node_ena[2]~reg0                                                                                                                              ; Soc:inst1|Soc_jtag_uart:jtag_uart|alt_jtag_atlantic:Soc_jtag_uart_alt_jtag_atlantic|wdata[3]                                                                                                                 ; altera_reserved_tck ; altera_reserved_tck ; 100.000      ; -0.068     ; 2.649      ;
; 97.290 ; sld_hub:auto_hub|sld_jtag_hub:\jtag_hub_gen:sld_jtag_hub_inst|node_ena[2]~reg0                                                                                                                              ; Soc:inst1|Soc_jtag_uart:jtag_uart|alt_jtag_atlantic:Soc_jtag_uart_alt_jtag_atlantic|wdata[2]                                                                                                                 ; altera_reserved_tck ; altera_reserved_tck ; 100.000      ; -0.068     ; 2.649      ;
; 97.290 ; sld_hub:auto_hub|sld_jtag_hub:\jtag_hub_gen:sld_jtag_hub_inst|node_ena[2]~reg0                                                                                                                              ; Soc:inst1|Soc_jtag_uart:jtag_uart|alt_jtag_atlantic:Soc_jtag_uart_alt_jtag_atlantic|wdata[1]                                                                                                                 ; altera_reserved_tck ; altera_reserved_tck ; 100.000      ; -0.068     ; 2.649      ;
; 97.314 ; sld_hub:auto_hub|sld_jtag_hub:\jtag_hub_gen:sld_jtag_hub_inst|node_ena[1]~reg0                                                                                                                              ; Soc:inst1|Soc_cpu:cpu|Soc_cpu_nios2_oci:the_Soc_cpu_nios2_oci|Soc_cpu_jtag_debug_module_wrapper:the_Soc_cpu_jtag_debug_module_wrapper|Soc_cpu_jtag_debug_module_tck:the_Soc_cpu_jtag_debug_module_tck|sr[32] ; altera_reserved_tck ; altera_reserved_tck ; 100.000      ; -0.057     ; 2.636      ;
; 97.314 ; sld_hub:auto_hub|sld_jtag_hub:\jtag_hub_gen:sld_jtag_hub_inst|node_ena[1]~reg0                                                                                                                              ; Soc:inst1|Soc_cpu:cpu|Soc_cpu_nios2_oci:the_Soc_cpu_nios2_oci|Soc_cpu_jtag_debug_module_wrapper:the_Soc_cpu_jtag_debug_module_wrapper|Soc_cpu_jtag_debug_module_tck:the_Soc_cpu_jtag_debug_module_tck|sr[30] ; altera_reserved_tck ; altera_reserved_tck ; 100.000      ; -0.057     ; 2.636      ;
; 97.329 ; sld_hub:auto_hub|sld_jtag_hub:\jtag_hub_gen:sld_jtag_hub_inst|node_ena[1]~reg0                                                                                                                              ; Soc:inst1|Soc_cpu:cpu|Soc_cpu_nios2_oci:the_Soc_cpu_nios2_oci|Soc_cpu_jtag_debug_module_wrapper:the_Soc_cpu_jtag_debug_module_wrapper|Soc_cpu_jtag_debug_module_tck:the_Soc_cpu_jtag_debug_module_tck|sr[26] ; altera_reserved_tck ; altera_reserved_tck ; 100.000      ; -0.056     ; 2.622      ;
; 97.329 ; sld_hub:auto_hub|sld_jtag_hub:\jtag_hub_gen:sld_jtag_hub_inst|node_ena[1]~reg0                                                                                                                              ; Soc:inst1|Soc_cpu:cpu|Soc_cpu_nios2_oci:the_Soc_cpu_nios2_oci|Soc_cpu_jtag_debug_module_wrapper:the_Soc_cpu_jtag_debug_module_wrapper|Soc_cpu_jtag_debug_module_tck:the_Soc_cpu_jtag_debug_module_tck|sr[27] ; altera_reserved_tck ; altera_reserved_tck ; 100.000      ; -0.056     ; 2.622      ;
; 97.329 ; sld_hub:auto_hub|sld_jtag_hub:\jtag_hub_gen:sld_jtag_hub_inst|node_ena[1]~reg0                                                                                                                              ; Soc:inst1|Soc_cpu:cpu|Soc_cpu_nios2_oci:the_Soc_cpu_nios2_oci|Soc_cpu_jtag_debug_module_wrapper:the_Soc_cpu_jtag_debug_module_wrapper|Soc_cpu_jtag_debug_module_tck:the_Soc_cpu_jtag_debug_module_tck|sr[25] ; altera_reserved_tck ; altera_reserved_tck ; 100.000      ; -0.056     ; 2.622      ;
; 97.331 ; sld_hub:auto_hub|sld_jtag_hub:\jtag_hub_gen:sld_jtag_hub_inst|node_ena[1]~reg0                                                                                                                              ; Soc:inst1|Soc_cpu:cpu|Soc_cpu_nios2_oci:the_Soc_cpu_nios2_oci|Soc_cpu_jtag_debug_module_wrapper:the_Soc_cpu_jtag_debug_module_wrapper|Soc_cpu_jtag_debug_module_tck:the_Soc_cpu_jtag_debug_module_tck|sr[24] ; altera_reserved_tck ; altera_reserved_tck ; 100.000      ; -0.056     ; 2.620      ;
; 97.332 ; sld_hub:auto_hub|sld_jtag_hub:\jtag_hub_gen:sld_jtag_hub_inst|node_ena[1]~reg0                                                                                                                              ; Soc:inst1|Soc_cpu:cpu|Soc_cpu_nios2_oci:the_Soc_cpu_nios2_oci|Soc_cpu_jtag_debug_module_wrapper:the_Soc_cpu_jtag_debug_module_wrapper|Soc_cpu_jtag_debug_module_tck:the_Soc_cpu_jtag_debug_module_tck|sr[28] ; altera_reserved_tck ; altera_reserved_tck ; 100.000      ; -0.056     ; 2.619      ;
; 97.332 ; sld_hub:auto_hub|sld_jtag_hub:\jtag_hub_gen:sld_jtag_hub_inst|node_ena[1]~reg0                                                                                                                              ; Soc:inst1|Soc_cpu:cpu|Soc_cpu_nios2_oci:the_Soc_cpu_nios2_oci|Soc_cpu_jtag_debug_module_wrapper:the_Soc_cpu_jtag_debug_module_wrapper|Soc_cpu_jtag_debug_module_tck:the_Soc_cpu_jtag_debug_module_tck|sr[29] ; altera_reserved_tck ; altera_reserved_tck ; 100.000      ; -0.056     ; 2.619      ;
; 97.355 ; sld_hub:auto_hub|sld_jtag_hub:\jtag_hub_gen:sld_jtag_hub_inst|node_ena[1]~reg0                                                                                                                              ; Soc:inst1|Soc_cpu:cpu|Soc_cpu_nios2_oci:the_Soc_cpu_nios2_oci|Soc_cpu_jtag_debug_module_wrapper:the_Soc_cpu_jtag_debug_module_wrapper|Soc_cpu_jtag_debug_module_tck:the_Soc_cpu_jtag_debug_module_tck|sr[34] ; altera_reserved_tck ; altera_reserved_tck ; 100.000      ; -0.057     ; 2.595      ;
; 97.355 ; sld_hub:auto_hub|sld_jtag_hub:\jtag_hub_gen:sld_jtag_hub_inst|node_ena[1]~reg0                                                                                                                              ; Soc:inst1|Soc_cpu:cpu|Soc_cpu_nios2_oci:the_Soc_cpu_nios2_oci|Soc_cpu_jtag_debug_module_wrapper:the_Soc_cpu_jtag_debug_module_wrapper|Soc_cpu_jtag_debug_module_tck:the_Soc_cpu_jtag_debug_module_tck|sr[33] ; altera_reserved_tck ; altera_reserved_tck ; 100.000      ; -0.057     ; 2.595      ;
; 97.374 ; sld_hub:auto_hub|sld_jtag_hub:\jtag_hub_gen:sld_jtag_hub_inst|irf_reg[2][0]                                                                                                                                 ; Soc:inst1|Soc_jtag_uart:jtag_uart|alt_jtag_atlantic:Soc_jtag_uart_alt_jtag_atlantic|write_stalled                                                                                                            ; altera_reserved_tck ; altera_reserved_tck ; 100.000      ; -0.071     ; 2.562      ;
; 97.374 ; sld_hub:auto_hub|sld_jtag_hub:\jtag_hub_gen:sld_jtag_hub_inst|irf_reg[2][0]                                                                                                                                 ; Soc:inst1|Soc_jtag_uart:jtag_uart|alt_jtag_atlantic:Soc_jtag_uart_alt_jtag_atlantic|write_valid                                                                                                              ; altera_reserved_tck ; altera_reserved_tck ; 100.000      ; -0.071     ; 2.562      ;
; 97.374 ; sld_hub:auto_hub|sld_jtag_hub:\jtag_hub_gen:sld_jtag_hub_inst|irf_reg[2][0]                                                                                                                                 ; Soc:inst1|Soc_jtag_uart:jtag_uart|alt_jtag_atlantic:Soc_jtag_uart_alt_jtag_atlantic|wdata[0]                                                                                                                 ; altera_reserved_tck ; altera_reserved_tck ; 100.000      ; -0.071     ; 2.562      ;
; 97.376 ; sld_hub:auto_hub|sld_jtag_hub:\jtag_hub_gen:sld_jtag_hub_inst|irf_reg[2][0]                                                                                                                                 ; Soc:inst1|Soc_jtag_uart:jtag_uart|alt_jtag_atlantic:Soc_jtag_uart_alt_jtag_atlantic|read                                                                                                                     ; altera_reserved_tck ; altera_reserved_tck ; 100.000      ; -0.071     ; 2.560      ;
; 97.376 ; sld_hub:auto_hub|sld_jtag_hub:\jtag_hub_gen:sld_jtag_hub_inst|irf_reg[2][0]                                                                                                                                 ; Soc:inst1|Soc_jtag_uart:jtag_uart|alt_jtag_atlantic:Soc_jtag_uart_alt_jtag_atlantic|read_req                                                                                                                 ; altera_reserved_tck ; altera_reserved_tck ; 100.000      ; -0.071     ; 2.560      ;
; 97.381 ; sld_hub:auto_hub|sld_jtag_hub:\jtag_hub_gen:sld_jtag_hub_inst|irsr_reg[6]                                                                                                                                   ; sld_hub:auto_hub|sld_jtag_hub:\jtag_hub_gen:sld_jtag_hub_inst|irf_reg[2][4]                                                                                                                                  ; altera_reserved_tck ; altera_reserved_tck ; 100.000      ; -0.044     ; 2.582      ;
; 97.381 ; sld_hub:auto_hub|sld_jtag_hub:\jtag_hub_gen:sld_jtag_hub_inst|irsr_reg[6]                                                                                                                                   ; sld_hub:auto_hub|sld_jtag_hub:\jtag_hub_gen:sld_jtag_hub_inst|irf_reg[2][3]                                                                                                                                  ; altera_reserved_tck ; altera_reserved_tck ; 100.000      ; -0.044     ; 2.582      ;
; 97.381 ; sld_hub:auto_hub|sld_jtag_hub:\jtag_hub_gen:sld_jtag_hub_inst|irsr_reg[6]                                                                                                                                   ; sld_hub:auto_hub|sld_jtag_hub:\jtag_hub_gen:sld_jtag_hub_inst|irf_reg[2][2]                                                                                                                                  ; altera_reserved_tck ; altera_reserved_tck ; 100.000      ; -0.044     ; 2.582      ;
; 97.381 ; sld_hub:auto_hub|sld_jtag_hub:\jtag_hub_gen:sld_jtag_hub_inst|irsr_reg[6]                                                                                                                                   ; sld_hub:auto_hub|sld_jtag_hub:\jtag_hub_gen:sld_jtag_hub_inst|irf_reg[2][1]                                                                                                                                  ; altera_reserved_tck ; altera_reserved_tck ; 100.000      ; -0.044     ; 2.582      ;
; 97.381 ; sld_hub:auto_hub|sld_jtag_hub:\jtag_hub_gen:sld_jtag_hub_inst|irsr_reg[6]                                                                                                                                   ; sld_hub:auto_hub|sld_jtag_hub:\jtag_hub_gen:sld_jtag_hub_inst|irf_reg[2][0]                                                                                                                                  ; altera_reserved_tck ; altera_reserved_tck ; 100.000      ; -0.044     ; 2.582      ;
; 97.385 ; sld_hub:auto_hub|sld_jtag_hub:\jtag_hub_gen:sld_jtag_hub_inst|virtual_ir_scan_reg                                                                                                                           ; Soc:inst1|Soc_jtag_uart:jtag_uart|alt_jtag_atlantic:Soc_jtag_uart_alt_jtag_atlantic|write_stalled                                                                                                            ; altera_reserved_tck ; altera_reserved_tck ; 100.000      ; -0.090     ; 2.532      ;
; 97.385 ; sld_hub:auto_hub|sld_jtag_hub:\jtag_hub_gen:sld_jtag_hub_inst|virtual_ir_scan_reg                                                                                                                           ; Soc:inst1|Soc_jtag_uart:jtag_uart|alt_jtag_atlantic:Soc_jtag_uart_alt_jtag_atlantic|write_valid                                                                                                              ; altera_reserved_tck ; altera_reserved_tck ; 100.000      ; -0.090     ; 2.532      ;
; 97.385 ; sld_hub:auto_hub|sld_jtag_hub:\jtag_hub_gen:sld_jtag_hub_inst|virtual_ir_scan_reg                                                                                                                           ; Soc:inst1|Soc_jtag_uart:jtag_uart|alt_jtag_atlantic:Soc_jtag_uart_alt_jtag_atlantic|wdata[0]                                                                                                                 ; altera_reserved_tck ; altera_reserved_tck ; 100.000      ; -0.090     ; 2.532      ;
; 97.385 ; sld_hub:auto_hub|sld_jtag_hub:\jtag_hub_gen:sld_jtag_hub_inst|sld_shadow_jsm:shadow_jsm|state[4]                                                                                                            ; Soc:inst1|Soc_cpu:cpu|Soc_cpu_nios2_oci:the_Soc_cpu_nios2_oci|Soc_cpu_jtag_debug_module_wrapper:the_Soc_cpu_jtag_debug_module_wrapper|Soc_cpu_jtag_debug_module_tck:the_Soc_cpu_jtag_debug_module_tck|sr[20] ; altera_reserved_tck ; altera_reserved_tck ; 100.000      ; -0.050     ; 2.572      ;
; 97.386 ; sld_hub:auto_hub|sld_jtag_hub:\jtag_hub_gen:sld_jtag_hub_inst|sld_shadow_jsm:shadow_jsm|state[4]                                                                                                            ; Soc:inst1|Soc_cpu:cpu|Soc_cpu_nios2_oci:the_Soc_cpu_nios2_oci|Soc_cpu_jtag_debug_module_wrapper:the_Soc_cpu_jtag_debug_module_wrapper|Soc_cpu_jtag_debug_module_tck:the_Soc_cpu_jtag_debug_module_tck|sr[17] ; altera_reserved_tck ; altera_reserved_tck ; 100.000      ; -0.050     ; 2.571      ;
; 97.387 ; sld_hub:auto_hub|sld_jtag_hub:\jtag_hub_gen:sld_jtag_hub_inst|virtual_ir_scan_reg                                                                                                                           ; Soc:inst1|Soc_jtag_uart:jtag_uart|alt_jtag_atlantic:Soc_jtag_uart_alt_jtag_atlantic|read                                                                                                                     ; altera_reserved_tck ; altera_reserved_tck ; 100.000      ; -0.090     ; 2.530      ;
; 97.387 ; sld_hub:auto_hub|sld_jtag_hub:\jtag_hub_gen:sld_jtag_hub_inst|virtual_ir_scan_reg                                                                                                                           ; Soc:inst1|Soc_jtag_uart:jtag_uart|alt_jtag_atlantic:Soc_jtag_uart_alt_jtag_atlantic|read_req                                                                                                                 ; altera_reserved_tck ; altera_reserved_tck ; 100.000      ; -0.090     ; 2.530      ;
; 97.398 ; sld_hub:auto_hub|sld_jtag_hub:\jtag_hub_gen:sld_jtag_hub_inst|sld_shadow_jsm:shadow_jsm|state[4]                                                                                                            ; Soc:inst1|Soc_cpu:cpu|Soc_cpu_nios2_oci:the_Soc_cpu_nios2_oci|Soc_cpu_jtag_debug_module_wrapper:the_Soc_cpu_jtag_debug_module_wrapper|Soc_cpu_jtag_debug_module_tck:the_Soc_cpu_jtag_debug_module_tck|sr[18] ; altera_reserved_tck ; altera_reserved_tck ; 100.000      ; -0.050     ; 2.559      ;
; 97.398 ; sld_hub:auto_hub|sld_jtag_hub:\jtag_hub_gen:sld_jtag_hub_inst|sld_shadow_jsm:shadow_jsm|state[4]                                                                                                            ; Soc:inst1|Soc_cpu:cpu|Soc_cpu_nios2_oci:the_Soc_cpu_nios2_oci|Soc_cpu_jtag_debug_module_wrapper:the_Soc_cpu_jtag_debug_module_wrapper|Soc_cpu_jtag_debug_module_tck:the_Soc_cpu_jtag_debug_module_tck|sr[21] ; altera_reserved_tck ; altera_reserved_tck ; 100.000      ; -0.050     ; 2.559      ;
; 97.398 ; sld_hub:auto_hub|sld_jtag_hub:\jtag_hub_gen:sld_jtag_hub_inst|sld_shadow_jsm:shadow_jsm|state[4]                                                                                                            ; Soc:inst1|Soc_cpu:cpu|Soc_cpu_nios2_oci:the_Soc_cpu_nios2_oci|Soc_cpu_jtag_debug_module_wrapper:the_Soc_cpu_jtag_debug_module_wrapper|Soc_cpu_jtag_debug_module_tck:the_Soc_cpu_jtag_debug_module_tck|sr[22] ; altera_reserved_tck ; altera_reserved_tck ; 100.000      ; -0.050     ; 2.559      ;
; 97.398 ; sld_hub:auto_hub|sld_jtag_hub:\jtag_hub_gen:sld_jtag_hub_inst|sld_shadow_jsm:shadow_jsm|state[4]                                                                                                            ; Soc:inst1|Soc_cpu:cpu|Soc_cpu_nios2_oci:the_Soc_cpu_nios2_oci|Soc_cpu_jtag_debug_module_wrapper:the_Soc_cpu_jtag_debug_module_wrapper|Soc_cpu_jtag_debug_module_tck:the_Soc_cpu_jtag_debug_module_tck|sr[23] ; altera_reserved_tck ; altera_reserved_tck ; 100.000      ; -0.050     ; 2.559      ;
; 97.398 ; sld_hub:auto_hub|sld_jtag_hub:\jtag_hub_gen:sld_jtag_hub_inst|sld_shadow_jsm:shadow_jsm|state[4]                                                                                                            ; Soc:inst1|Soc_cpu:cpu|Soc_cpu_nios2_oci:the_Soc_cpu_nios2_oci|Soc_cpu_jtag_debug_module_wrapper:the_Soc_cpu_jtag_debug_module_wrapper|Soc_cpu_jtag_debug_module_tck:the_Soc_cpu_jtag_debug_module_tck|sr[19] ; altera_reserved_tck ; altera_reserved_tck ; 100.000      ; -0.050     ; 2.559      ;
; 97.398 ; sld_hub:auto_hub|sld_jtag_hub:\jtag_hub_gen:sld_jtag_hub_inst|sld_shadow_jsm:shadow_jsm|state[4]                                                                                                            ; Soc:inst1|Soc_cpu:cpu|Soc_cpu_nios2_oci:the_Soc_cpu_nios2_oci|Soc_cpu_jtag_debug_module_wrapper:the_Soc_cpu_jtag_debug_module_wrapper|Soc_cpu_jtag_debug_module_tck:the_Soc_cpu_jtag_debug_module_tck|sr[16] ; altera_reserved_tck ; altera_reserved_tck ; 100.000      ; -0.050     ; 2.559      ;
; 97.421 ; sld_hub:auto_hub|sld_jtag_hub:\jtag_hub_gen:sld_jtag_hub_inst|node_ena[1]~reg0                                                                                                                              ; Soc:inst1|Soc_cpu:cpu|Soc_cpu_nios2_oci:the_Soc_cpu_nios2_oci|Soc_cpu_jtag_debug_module_wrapper:the_Soc_cpu_jtag_debug_module_wrapper|Soc_cpu_jtag_debug_module_tck:the_Soc_cpu_jtag_debug_module_tck|sr[12] ; altera_reserved_tck ; altera_reserved_tck ; 100.000      ; -0.062     ; 2.524      ;
; 97.423 ; sld_hub:auto_hub|sld_jtag_hub:\jtag_hub_gen:sld_jtag_hub_inst|node_ena[1]~reg0                                                                                                                              ; Soc:inst1|Soc_cpu:cpu|Soc_cpu_nios2_oci:the_Soc_cpu_nios2_oci|Soc_cpu_jtag_debug_module_wrapper:the_Soc_cpu_jtag_debug_module_wrapper|Soc_cpu_jtag_debug_module_tck:the_Soc_cpu_jtag_debug_module_tck|sr[9]  ; altera_reserved_tck ; altera_reserved_tck ; 100.000      ; -0.062     ; 2.522      ;
; 97.423 ; sld_hub:auto_hub|sld_jtag_hub:\jtag_hub_gen:sld_jtag_hub_inst|node_ena[1]~reg0                                                                                                                              ; Soc:inst1|Soc_cpu:cpu|Soc_cpu_nios2_oci:the_Soc_cpu_nios2_oci|Soc_cpu_jtag_debug_module_wrapper:the_Soc_cpu_jtag_debug_module_wrapper|Soc_cpu_jtag_debug_module_tck:the_Soc_cpu_jtag_debug_module_tck|sr[13] ; altera_reserved_tck ; altera_reserved_tck ; 100.000      ; -0.062     ; 2.522      ;
; 97.425 ; sld_hub:auto_hub|sld_jtag_hub:\jtag_hub_gen:sld_jtag_hub_inst|node_ena[1]~reg0                                                                                                                              ; Soc:inst1|Soc_cpu:cpu|Soc_cpu_nios2_oci:the_Soc_cpu_nios2_oci|Soc_cpu_jtag_debug_module_wrapper:the_Soc_cpu_jtag_debug_module_wrapper|Soc_cpu_jtag_debug_module_tck:the_Soc_cpu_jtag_debug_module_tck|sr[10] ; altera_reserved_tck ; altera_reserved_tck ; 100.000      ; -0.062     ; 2.520      ;
; 97.428 ; sld_hub:auto_hub|sld_jtag_hub:\jtag_hub_gen:sld_jtag_hub_inst|sld_shadow_jsm:shadow_jsm|state[4]                                                                                                            ; Soc:inst1|Soc_cpu:cpu|Soc_cpu_nios2_oci:the_Soc_cpu_nios2_oci|Soc_cpu_jtag_debug_module_wrapper:the_Soc_cpu_jtag_debug_module_wrapper|Soc_cpu_jtag_debug_module_tck:the_Soc_cpu_jtag_debug_module_tck|sr[32] ; altera_reserved_tck ; altera_reserved_tck ; 100.000      ; -0.051     ; 2.528      ;
; 97.428 ; sld_hub:auto_hub|sld_jtag_hub:\jtag_hub_gen:sld_jtag_hub_inst|sld_shadow_jsm:shadow_jsm|state[4]                                                                                                            ; Soc:inst1|Soc_cpu:cpu|Soc_cpu_nios2_oci:the_Soc_cpu_nios2_oci|Soc_cpu_jtag_debug_module_wrapper:the_Soc_cpu_jtag_debug_module_wrapper|Soc_cpu_jtag_debug_module_tck:the_Soc_cpu_jtag_debug_module_tck|sr[30] ; altera_reserved_tck ; altera_reserved_tck ; 100.000      ; -0.051     ; 2.528      ;
; 97.429 ; sld_hub:auto_hub|sld_jtag_hub:\jtag_hub_gen:sld_jtag_hub_inst|node_ena[1]~reg0                                                                                                                              ; Soc:inst1|Soc_cpu:cpu|Soc_cpu_nios2_oci:the_Soc_cpu_nios2_oci|Soc_cpu_jtag_debug_module_wrapper:the_Soc_cpu_jtag_debug_module_wrapper|Soc_cpu_jtag_debug_module_tck:the_Soc_cpu_jtag_debug_module_tck|sr[14] ; altera_reserved_tck ; altera_reserved_tck ; 100.000      ; -0.062     ; 2.516      ;
; 97.437 ; sld_hub:auto_hub|sld_jtag_hub:\jtag_hub_gen:sld_jtag_hub_inst|node_ena[2]~reg0                                                                                                                              ; Soc:inst1|Soc_jtag_uart:jtag_uart|alt_jtag_atlantic:Soc_jtag_uart_alt_jtag_atlantic|user_saw_rvalid                                                                                                          ; altera_reserved_tck ; altera_reserved_tck ; 100.000      ; -0.068     ; 2.502      ;
; 97.443 ; sld_hub:auto_hub|sld_jtag_hub:\jtag_hub_gen:sld_jtag_hub_inst|sld_shadow_jsm:shadow_jsm|state[4]                                                                                                            ; Soc:inst1|Soc_cpu:cpu|Soc_cpu_nios2_oci:the_Soc_cpu_nios2_oci|Soc_cpu_jtag_debug_module_wrapper:the_Soc_cpu_jtag_debug_module_wrapper|Soc_cpu_jtag_debug_module_tck:the_Soc_cpu_jtag_debug_module_tck|sr[26] ; altera_reserved_tck ; altera_reserved_tck ; 100.000      ; -0.050     ; 2.514      ;
; 97.443 ; sld_hub:auto_hub|sld_jtag_hub:\jtag_hub_gen:sld_jtag_hub_inst|sld_shadow_jsm:shadow_jsm|state[4]                                                                                                            ; Soc:inst1|Soc_cpu:cpu|Soc_cpu_nios2_oci:the_Soc_cpu_nios2_oci|Soc_cpu_jtag_debug_module_wrapper:the_Soc_cpu_jtag_debug_module_wrapper|Soc_cpu_jtag_debug_module_tck:the_Soc_cpu_jtag_debug_module_tck|sr[27] ; altera_reserved_tck ; altera_reserved_tck ; 100.000      ; -0.050     ; 2.514      ;
; 97.443 ; sld_hub:auto_hub|sld_jtag_hub:\jtag_hub_gen:sld_jtag_hub_inst|sld_shadow_jsm:shadow_jsm|state[4]                                                                                                            ; Soc:inst1|Soc_cpu:cpu|Soc_cpu_nios2_oci:the_Soc_cpu_nios2_oci|Soc_cpu_jtag_debug_module_wrapper:the_Soc_cpu_jtag_debug_module_wrapper|Soc_cpu_jtag_debug_module_tck:the_Soc_cpu_jtag_debug_module_tck|sr[25] ; altera_reserved_tck ; altera_reserved_tck ; 100.000      ; -0.050     ; 2.514      ;
; 97.445 ; sld_hub:auto_hub|sld_jtag_hub:\jtag_hub_gen:sld_jtag_hub_inst|sld_shadow_jsm:shadow_jsm|state[4]                                                                                                            ; Soc:inst1|Soc_cpu:cpu|Soc_cpu_nios2_oci:the_Soc_cpu_nios2_oci|Soc_cpu_jtag_debug_module_wrapper:the_Soc_cpu_jtag_debug_module_wrapper|Soc_cpu_jtag_debug_module_tck:the_Soc_cpu_jtag_debug_module_tck|sr[24] ; altera_reserved_tck ; altera_reserved_tck ; 100.000      ; -0.050     ; 2.512      ;
; 97.446 ; sld_hub:auto_hub|sld_jtag_hub:\jtag_hub_gen:sld_jtag_hub_inst|sld_shadow_jsm:shadow_jsm|state[4]                                                                                                            ; Soc:inst1|Soc_cpu:cpu|Soc_cpu_nios2_oci:the_Soc_cpu_nios2_oci|Soc_cpu_jtag_debug_module_wrapper:the_Soc_cpu_jtag_debug_module_wrapper|Soc_cpu_jtag_debug_module_tck:the_Soc_cpu_jtag_debug_module_tck|sr[28] ; altera_reserved_tck ; altera_reserved_tck ; 100.000      ; -0.050     ; 2.511      ;
; 97.446 ; sld_hub:auto_hub|sld_jtag_hub:\jtag_hub_gen:sld_jtag_hub_inst|sld_shadow_jsm:shadow_jsm|state[4]                                                                                                            ; Soc:inst1|Soc_cpu:cpu|Soc_cpu_nios2_oci:the_Soc_cpu_nios2_oci|Soc_cpu_jtag_debug_module_wrapper:the_Soc_cpu_jtag_debug_module_wrapper|Soc_cpu_jtag_debug_module_tck:the_Soc_cpu_jtag_debug_module_tck|sr[29] ; altera_reserved_tck ; altera_reserved_tck ; 100.000      ; -0.050     ; 2.511      ;
; 97.452 ; sld_hub:auto_hub|sld_jtag_hub:\jtag_hub_gen:sld_jtag_hub_inst|irsr_reg[5]                                                                                                                                   ; sld_hub:auto_hub|sld_jtag_hub:\jtag_hub_gen:sld_jtag_hub_inst|irf_reg[2][4]                                                                                                                                  ; altera_reserved_tck ; altera_reserved_tck ; 100.000      ; -0.044     ; 2.511      ;
; 97.452 ; sld_hub:auto_hub|sld_jtag_hub:\jtag_hub_gen:sld_jtag_hub_inst|irsr_reg[5]                                                                                                                                   ; sld_hub:auto_hub|sld_jtag_hub:\jtag_hub_gen:sld_jtag_hub_inst|irf_reg[2][3]                                                                                                                                  ; altera_reserved_tck ; altera_reserved_tck ; 100.000      ; -0.044     ; 2.511      ;
; 97.452 ; sld_hub:auto_hub|sld_jtag_hub:\jtag_hub_gen:sld_jtag_hub_inst|irsr_reg[5]                                                                                                                                   ; sld_hub:auto_hub|sld_jtag_hub:\jtag_hub_gen:sld_jtag_hub_inst|irf_reg[2][2]                                                                                                                                  ; altera_reserved_tck ; altera_reserved_tck ; 100.000      ; -0.044     ; 2.511      ;
; 97.452 ; sld_hub:auto_hub|sld_jtag_hub:\jtag_hub_gen:sld_jtag_hub_inst|irsr_reg[5]                                                                                                                                   ; sld_hub:auto_hub|sld_jtag_hub:\jtag_hub_gen:sld_jtag_hub_inst|irf_reg[2][1]                                                                                                                                  ; altera_reserved_tck ; altera_reserved_tck ; 100.000      ; -0.044     ; 2.511      ;
; 97.452 ; sld_hub:auto_hub|sld_jtag_hub:\jtag_hub_gen:sld_jtag_hub_inst|irsr_reg[5]                                                                                                                                   ; sld_hub:auto_hub|sld_jtag_hub:\jtag_hub_gen:sld_jtag_hub_inst|irf_reg[2][0]                                                                                                                                  ; altera_reserved_tck ; altera_reserved_tck ; 100.000      ; -0.044     ; 2.511      ;
; 97.464 ; sld_hub:auto_hub|sld_jtag_hub:\jtag_hub_gen:sld_jtag_hub_inst|irsr_reg[6]                                                                                                                                   ; sld_hub:auto_hub|sld_jtag_hub:\jtag_hub_gen:sld_jtag_hub_inst|irf_reg[1][4]                                                                                                                                  ; altera_reserved_tck ; altera_reserved_tck ; 100.000      ; -0.043     ; 2.500      ;
; 97.464 ; sld_hub:auto_hub|sld_jtag_hub:\jtag_hub_gen:sld_jtag_hub_inst|irsr_reg[6]                                                                                                                                   ; sld_hub:auto_hub|sld_jtag_hub:\jtag_hub_gen:sld_jtag_hub_inst|irf_reg[1][3]                                                                                                                                  ; altera_reserved_tck ; altera_reserved_tck ; 100.000      ; -0.043     ; 2.500      ;
; 97.464 ; sld_hub:auto_hub|sld_jtag_hub:\jtag_hub_gen:sld_jtag_hub_inst|irsr_reg[6]                                                                                                                                   ; sld_hub:auto_hub|sld_jtag_hub:\jtag_hub_gen:sld_jtag_hub_inst|irf_reg[1][2]                                                                                                                                  ; altera_reserved_tck ; altera_reserved_tck ; 100.000      ; -0.043     ; 2.500      ;
; 97.464 ; sld_hub:auto_hub|sld_jtag_hub:\jtag_hub_gen:sld_jtag_hub_inst|irsr_reg[6]                                                                                                                                   ; sld_hub:auto_hub|sld_jtag_hub:\jtag_hub_gen:sld_jtag_hub_inst|irf_reg[1][0]                                                                                                                                  ; altera_reserved_tck ; altera_reserved_tck ; 100.000      ; -0.043     ; 2.500      ;
; 97.464 ; sld_hub:auto_hub|sld_jtag_hub:\jtag_hub_gen:sld_jtag_hub_inst|irsr_reg[6]                                                                                                                                   ; sld_hub:auto_hub|sld_jtag_hub:\jtag_hub_gen:sld_jtag_hub_inst|irf_reg[1][1]                                                                                                                                  ; altera_reserved_tck ; altera_reserved_tck ; 100.000      ; -0.043     ; 2.500      ;
; 97.469 ; sld_hub:auto_hub|sld_jtag_hub:\jtag_hub_gen:sld_jtag_hub_inst|sld_shadow_jsm:shadow_jsm|state[4]                                                                                                            ; Soc:inst1|Soc_cpu:cpu|Soc_cpu_nios2_oci:the_Soc_cpu_nios2_oci|Soc_cpu_jtag_debug_module_wrapper:the_Soc_cpu_jtag_debug_module_wrapper|Soc_cpu_jtag_debug_module_tck:the_Soc_cpu_jtag_debug_module_tck|sr[34] ; altera_reserved_tck ; altera_reserved_tck ; 100.000      ; -0.051     ; 2.487      ;
; 97.469 ; sld_hub:auto_hub|sld_jtag_hub:\jtag_hub_gen:sld_jtag_hub_inst|sld_shadow_jsm:shadow_jsm|state[4]                                                                                                            ; Soc:inst1|Soc_cpu:cpu|Soc_cpu_nios2_oci:the_Soc_cpu_nios2_oci|Soc_cpu_jtag_debug_module_wrapper:the_Soc_cpu_jtag_debug_module_wrapper|Soc_cpu_jtag_debug_module_tck:the_Soc_cpu_jtag_debug_module_tck|sr[33] ; altera_reserved_tck ; altera_reserved_tck ; 100.000      ; -0.051     ; 2.487      ;
; 97.535 ; sld_hub:auto_hub|sld_jtag_hub:\jtag_hub_gen:sld_jtag_hub_inst|irsr_reg[5]                                                                                                                                   ; sld_hub:auto_hub|sld_jtag_hub:\jtag_hub_gen:sld_jtag_hub_inst|irf_reg[1][4]                                                                                                                                  ; altera_reserved_tck ; altera_reserved_tck ; 100.000      ; -0.043     ; 2.429      ;
; 97.535 ; sld_hub:auto_hub|sld_jtag_hub:\jtag_hub_gen:sld_jtag_hub_inst|irsr_reg[5]                                                                                                                                   ; sld_hub:auto_hub|sld_jtag_hub:\jtag_hub_gen:sld_jtag_hub_inst|irf_reg[1][3]                                                                                                                                  ; altera_reserved_tck ; altera_reserved_tck ; 100.000      ; -0.043     ; 2.429      ;
+--------+-------------------------------------------------------------------------------------------------------------------------------------------------------------------------------------------------------------+--------------------------------------------------------------------------------------------------------------------------------------------------------------------------------------------------------------+---------------------+---------------------+--------------+------------+------------+


+--------------------------------------------------------------------------------------------------------------------------------------------------------------------------------------------------------------------------------------------------------------------------------------------------------------------------------------------------------------------------------------------------------------------------------------------------------------------------------------------------------------------------------------------------------------------------------------------------------------------------------------+
; Fast 1200mV 0C Model Hold: 'altera_reserved_tck'                                                                                                                                                                                                                                                                                                                                                                                                                                                                                                                                                                                     ;
+-------+--------------------------------------------------------------------------------------------------------------------------------------------------------------------------------------------------------------------------------------------------------------------+--------------------------------------------------------------------------------------------------------------------------------------------------------------------------------------------------------------------------------------------------------------------+---------------------+---------------------+--------------+------------+------------+
; Slack ; From Node                                                                                                                                                                                                                                                          ; To Node                                                                                                                                                                                                                                                            ; Launch Clock        ; Latch Clock         ; Relationship ; Clock Skew ; Data Delay ;
+-------+--------------------------------------------------------------------------------------------------------------------------------------------------------------------------------------------------------------------------------------------------------------------+--------------------------------------------------------------------------------------------------------------------------------------------------------------------------------------------------------------------------------------------------------------------+---------------------+---------------------+--------------+------------+------------+
; 0.181 ; Soc:inst1|Soc_jtag_uart:jtag_uart|alt_jtag_atlantic:Soc_jtag_uart_alt_jtag_atlantic|jupdate                                                                                                                                                                        ; Soc:inst1|Soc_jtag_uart:jtag_uart|alt_jtag_atlantic:Soc_jtag_uart_alt_jtag_atlantic|jupdate                                                                                                                                                                        ; altera_reserved_tck ; altera_reserved_tck ; 0.000        ; 0.042      ; 0.307      ;
; 0.182 ; Soc:inst1|Soc_jtag_uart:jtag_uart|alt_jtag_atlantic:Soc_jtag_uart_alt_jtag_atlantic|state                                                                                                                                                                          ; Soc:inst1|Soc_jtag_uart:jtag_uart|alt_jtag_atlantic:Soc_jtag_uart_alt_jtag_atlantic|state                                                                                                                                                                          ; altera_reserved_tck ; altera_reserved_tck ; 0.000        ; 0.041      ; 0.307      ;
; 0.183 ; sld_hub:auto_hub|sld_jtag_hub:\jtag_hub_gen:sld_jtag_hub_inst|irsr_reg[4]                                                                                                                                                                                          ; sld_hub:auto_hub|sld_jtag_hub:\jtag_hub_gen:sld_jtag_hub_inst|irsr_reg[4]                                                                                                                                                                                          ; altera_reserved_tck ; altera_reserved_tck ; 0.000        ; 0.040      ; 0.307      ;
; 0.183 ; sld_hub:auto_hub|sld_jtag_hub:\jtag_hub_gen:sld_jtag_hub_inst|hub_mode_reg[0]                                                                                                                                                                                      ; sld_hub:auto_hub|sld_jtag_hub:\jtag_hub_gen:sld_jtag_hub_inst|hub_mode_reg[0]                                                                                                                                                                                      ; altera_reserved_tck ; altera_reserved_tck ; 0.000        ; 0.040      ; 0.307      ;
; 0.183 ; sld_hub:auto_hub|sld_jtag_hub:\jtag_hub_gen:sld_jtag_hub_inst|hub_mode_reg[1]                                                                                                                                                                                      ; sld_hub:auto_hub|sld_jtag_hub:\jtag_hub_gen:sld_jtag_hub_inst|hub_mode_reg[1]                                                                                                                                                                                      ; altera_reserved_tck ; altera_reserved_tck ; 0.000        ; 0.040      ; 0.307      ;
; 0.183 ; sld_hub:auto_hub|sld_jtag_hub:\jtag_hub_gen:sld_jtag_hub_inst|irsr_reg[5]                                                                                                                                                                                          ; sld_hub:auto_hub|sld_jtag_hub:\jtag_hub_gen:sld_jtag_hub_inst|irsr_reg[5]                                                                                                                                                                                          ; altera_reserved_tck ; altera_reserved_tck ; 0.000        ; 0.040      ; 0.307      ;
; 0.183 ; sld_hub:auto_hub|sld_jtag_hub:\jtag_hub_gen:sld_jtag_hub_inst|sld_shadow_jsm:shadow_jsm|state[13]                                                                                                                                                                  ; sld_hub:auto_hub|sld_jtag_hub:\jtag_hub_gen:sld_jtag_hub_inst|sld_shadow_jsm:shadow_jsm|state[13]                                                                                                                                                                  ; altera_reserved_tck ; altera_reserved_tck ; 0.000        ; 0.040      ; 0.307      ;
; 0.183 ; sld_hub:auto_hub|sld_jtag_hub:\jtag_hub_gen:sld_jtag_hub_inst|sld_shadow_jsm:shadow_jsm|state[11]                                                                                                                                                                  ; sld_hub:auto_hub|sld_jtag_hub:\jtag_hub_gen:sld_jtag_hub_inst|sld_shadow_jsm:shadow_jsm|state[11]                                                                                                                                                                  ; altera_reserved_tck ; altera_reserved_tck ; 0.000        ; 0.040      ; 0.307      ;
; 0.183 ; sld_hub:auto_hub|sld_jtag_hub:\jtag_hub_gen:sld_jtag_hub_inst|tdo_bypass_reg                                                                                                                                                                                       ; sld_hub:auto_hub|sld_jtag_hub:\jtag_hub_gen:sld_jtag_hub_inst|tdo_bypass_reg                                                                                                                                                                                       ; altera_reserved_tck ; altera_reserved_tck ; 0.000        ; 0.040      ; 0.307      ;
; 0.183 ; sld_hub:auto_hub|sld_jtag_hub:\jtag_hub_gen:sld_jtag_hub_inst|sld_shadow_jsm:shadow_jsm|state[4]                                                                                                                                                                   ; sld_hub:auto_hub|sld_jtag_hub:\jtag_hub_gen:sld_jtag_hub_inst|sld_shadow_jsm:shadow_jsm|state[4]                                                                                                                                                                   ; altera_reserved_tck ; altera_reserved_tck ; 0.000        ; 0.040      ; 0.307      ;
; 0.183 ; sld_hub:auto_hub|sld_jtag_hub:\jtag_hub_gen:sld_jtag_hub_inst|sld_shadow_jsm:shadow_jsm|state[1]                                                                                                                                                                   ; sld_hub:auto_hub|sld_jtag_hub:\jtag_hub_gen:sld_jtag_hub_inst|sld_shadow_jsm:shadow_jsm|state[1]                                                                                                                                                                   ; altera_reserved_tck ; altera_reserved_tck ; 0.000        ; 0.040      ; 0.307      ;
; 0.183 ; sld_hub:auto_hub|sld_jtag_hub:\jtag_hub_gen:sld_jtag_hub_inst|sld_shadow_jsm:shadow_jsm|state[6]                                                                                                                                                                   ; sld_hub:auto_hub|sld_jtag_hub:\jtag_hub_gen:sld_jtag_hub_inst|sld_shadow_jsm:shadow_jsm|state[6]                                                                                                                                                                   ; altera_reserved_tck ; altera_reserved_tck ; 0.000        ; 0.040      ; 0.307      ;
; 0.183 ; sld_hub:auto_hub|sld_jtag_hub:\jtag_hub_gen:sld_jtag_hub_inst|sld_shadow_jsm:shadow_jsm|state[0]                                                                                                                                                                   ; sld_hub:auto_hub|sld_jtag_hub:\jtag_hub_gen:sld_jtag_hub_inst|sld_shadow_jsm:shadow_jsm|state[0]                                                                                                                                                                   ; altera_reserved_tck ; altera_reserved_tck ; 0.000        ; 0.040      ; 0.307      ;
; 0.183 ; sld_hub:auto_hub|sld_jtag_hub:\jtag_hub_gen:sld_jtag_hub_inst|sld_shadow_jsm:shadow_jsm|tms_cnt[2]                                                                                                                                                                 ; sld_hub:auto_hub|sld_jtag_hub:\jtag_hub_gen:sld_jtag_hub_inst|sld_shadow_jsm:shadow_jsm|tms_cnt[2]                                                                                                                                                                 ; altera_reserved_tck ; altera_reserved_tck ; 0.000        ; 0.040      ; 0.307      ;
; 0.183 ; sld_hub:auto_hub|sld_jtag_hub:\jtag_hub_gen:sld_jtag_hub_inst|sld_shadow_jsm:shadow_jsm|tms_cnt[1]                                                                                                                                                                 ; sld_hub:auto_hub|sld_jtag_hub:\jtag_hub_gen:sld_jtag_hub_inst|sld_shadow_jsm:shadow_jsm|tms_cnt[1]                                                                                                                                                                 ; altera_reserved_tck ; altera_reserved_tck ; 0.000        ; 0.040      ; 0.307      ;
; 0.183 ; Soc:inst1|Soc_jtag_uart:jtag_uart|alt_jtag_atlantic:Soc_jtag_uart_alt_jtag_atlantic|user_saw_rvalid                                                                                                                                                                ; Soc:inst1|Soc_jtag_uart:jtag_uart|alt_jtag_atlantic:Soc_jtag_uart_alt_jtag_atlantic|user_saw_rvalid                                                                                                                                                                ; altera_reserved_tck ; altera_reserved_tck ; 0.000        ; 0.040      ; 0.307      ;
; 0.184 ; sld_hub:auto_hub|sld_jtag_hub:\jtag_hub_gen:sld_jtag_hub_inst|hub_mode_reg[2]                                                                                                                                                                                      ; sld_hub:auto_hub|sld_jtag_hub:\jtag_hub_gen:sld_jtag_hub_inst|hub_mode_reg[2]                                                                                                                                                                                      ; altera_reserved_tck ; altera_reserved_tck ; 0.000        ; 0.039      ; 0.307      ;
; 0.184 ; Soc:inst1|Soc_jtag_uart:jtag_uart|alt_jtag_atlantic:Soc_jtag_uart_alt_jtag_atlantic|write_stalled                                                                                                                                                                  ; Soc:inst1|Soc_jtag_uart:jtag_uart|alt_jtag_atlantic:Soc_jtag_uart_alt_jtag_atlantic|write_stalled                                                                                                                                                                  ; altera_reserved_tck ; altera_reserved_tck ; 0.000        ; 0.039      ; 0.307      ;
; 0.184 ; Soc:inst1|Soc_cpu:cpu|Soc_cpu_nios2_oci:the_Soc_cpu_nios2_oci|Soc_cpu_jtag_debug_module_wrapper:the_Soc_cpu_jtag_debug_module_wrapper|Soc_cpu_jtag_debug_module_tck:the_Soc_cpu_jtag_debug_module_tck|sr[31]                                                       ; Soc:inst1|Soc_cpu:cpu|Soc_cpu_nios2_oci:the_Soc_cpu_nios2_oci|Soc_cpu_jtag_debug_module_wrapper:the_Soc_cpu_jtag_debug_module_wrapper|Soc_cpu_jtag_debug_module_tck:the_Soc_cpu_jtag_debug_module_tck|sr[31]                                                       ; altera_reserved_tck ; altera_reserved_tck ; 0.000        ; 0.039      ; 0.307      ;
; 0.184 ; Soc:inst1|Soc_cpu:cpu|Soc_cpu_nios2_oci:the_Soc_cpu_nios2_oci|Soc_cpu_jtag_debug_module_wrapper:the_Soc_cpu_jtag_debug_module_wrapper|Soc_cpu_jtag_debug_module_tck:the_Soc_cpu_jtag_debug_module_tck|sr[7]                                                        ; Soc:inst1|Soc_cpu:cpu|Soc_cpu_nios2_oci:the_Soc_cpu_nios2_oci|Soc_cpu_jtag_debug_module_wrapper:the_Soc_cpu_jtag_debug_module_wrapper|Soc_cpu_jtag_debug_module_tck:the_Soc_cpu_jtag_debug_module_tck|sr[7]                                                        ; altera_reserved_tck ; altera_reserved_tck ; 0.000        ; 0.039      ; 0.307      ;
; 0.190 ; sld_hub:auto_hub|sld_jtag_hub:\jtag_hub_gen:sld_jtag_hub_inst|irf_reg[2][1]                                                                                                                                                                                        ; sld_hub:auto_hub|sld_jtag_hub:\jtag_hub_gen:sld_jtag_hub_inst|shadow_irf_reg[2][1]                                                                                                                                                                                 ; altera_reserved_tck ; altera_reserved_tck ; 0.000        ; 0.040      ; 0.314      ;
; 0.190 ; sld_hub:auto_hub|sld_jtag_hub:\jtag_hub_gen:sld_jtag_hub_inst|shadow_irf_reg[1][1]                                                                                                                                                                                 ; sld_hub:auto_hub|sld_jtag_hub:\jtag_hub_gen:sld_jtag_hub_inst|irf_reg[1][1]                                                                                                                                                                                        ; altera_reserved_tck ; altera_reserved_tck ; 0.000        ; 0.040      ; 0.314      ;
; 0.190 ; sld_hub:auto_hub|sld_jtag_hub:\jtag_hub_gen:sld_jtag_hub_inst|identity_contrib_shift_reg[0]                                                                                                                                                                        ; sld_hub:auto_hub|sld_jtag_hub:\jtag_hub_gen:sld_jtag_hub_inst|identity_contrib_update_reg[0]                                                                                                                                                                       ; altera_reserved_tck ; altera_reserved_tck ; 0.000        ; 0.040      ; 0.314      ;
; 0.190 ; sld_hub:auto_hub|sld_jtag_hub:\jtag_hub_gen:sld_jtag_hub_inst|hub_minor_ver_reg[2]                                                                                                                                                                                 ; sld_hub:auto_hub|sld_jtag_hub:\jtag_hub_gen:sld_jtag_hub_inst|hub_minor_ver_reg[1]                                                                                                                                                                                 ; altera_reserved_tck ; altera_reserved_tck ; 0.000        ; 0.040      ; 0.314      ;
; 0.190 ; sld_hub:auto_hub|sld_jtag_hub:\jtag_hub_gen:sld_jtag_hub_inst|sld_shadow_jsm:shadow_jsm|state[6]                                                                                                                                                                   ; sld_hub:auto_hub|sld_jtag_hub:\jtag_hub_gen:sld_jtag_hub_inst|sld_shadow_jsm:shadow_jsm|state[7]                                                                                                                                                                   ; altera_reserved_tck ; altera_reserved_tck ; 0.000        ; 0.040      ; 0.314      ;
; 0.190 ; sld_hub:auto_hub|sld_jtag_hub:\jtag_hub_gen:sld_jtag_hub_inst|sld_shadow_jsm:shadow_jsm|tms_cnt[0]                                                                                                                                                                 ; sld_hub:auto_hub|sld_jtag_hub:\jtag_hub_gen:sld_jtag_hub_inst|sld_shadow_jsm:shadow_jsm|tms_cnt[0]                                                                                                                                                                 ; altera_reserved_tck ; altera_reserved_tck ; 0.000        ; 0.040      ; 0.314      ;
; 0.190 ; sld_hub:auto_hub|sld_jtag_hub:\jtag_hub_gen:sld_jtag_hub_inst|sld_shadow_jsm:shadow_jsm|tms_cnt[1]                                                                                                                                                                 ; sld_hub:auto_hub|sld_jtag_hub:\jtag_hub_gen:sld_jtag_hub_inst|sld_shadow_jsm:shadow_jsm|tms_cnt[2]                                                                                                                                                                 ; altera_reserved_tck ; altera_reserved_tck ; 0.000        ; 0.040      ; 0.314      ;
; 0.190 ; Soc:inst1|Soc_jtag_uart:jtag_uart|alt_jtag_atlantic:Soc_jtag_uart_alt_jtag_atlantic|write                                                                                                                                                                          ; Soc:inst1|Soc_jtag_uart:jtag_uart|alt_jtag_atlantic:Soc_jtag_uart_alt_jtag_atlantic|write                                                                                                                                                                          ; altera_reserved_tck ; altera_reserved_tck ; 0.000        ; 0.040      ; 0.314      ;
; 0.190 ; Soc:inst1|Soc_jtag_uart:jtag_uart|alt_jtag_atlantic:Soc_jtag_uart_alt_jtag_atlantic|count[4]                                                                                                                                                                       ; Soc:inst1|Soc_jtag_uart:jtag_uart|alt_jtag_atlantic:Soc_jtag_uart_alt_jtag_atlantic|count[5]                                                                                                                                                                       ; altera_reserved_tck ; altera_reserved_tck ; 0.000        ; 0.040      ; 0.314      ;
; 0.190 ; Soc:inst1|Soc_jtag_uart:jtag_uart|alt_jtag_atlantic:Soc_jtag_uart_alt_jtag_atlantic|count[3]                                                                                                                                                                       ; Soc:inst1|Soc_jtag_uart:jtag_uart|alt_jtag_atlantic:Soc_jtag_uart_alt_jtag_atlantic|count[4]                                                                                                                                                                       ; altera_reserved_tck ; altera_reserved_tck ; 0.000        ; 0.040      ; 0.314      ;
; 0.191 ; sld_hub:auto_hub|sld_jtag_hub:\jtag_hub_gen:sld_jtag_hub_inst|irf_reg[2][2]                                                                                                                                                                                        ; sld_hub:auto_hub|sld_jtag_hub:\jtag_hub_gen:sld_jtag_hub_inst|shadow_irf_reg[2][2]                                                                                                                                                                                 ; altera_reserved_tck ; altera_reserved_tck ; 0.000        ; 0.040      ; 0.315      ;
; 0.191 ; sld_hub:auto_hub|sld_jtag_hub:\jtag_hub_gen:sld_jtag_hub_inst|shadow_irf_reg[1][0]                                                                                                                                                                                 ; sld_hub:auto_hub|sld_jtag_hub:\jtag_hub_gen:sld_jtag_hub_inst|irf_reg[1][0]                                                                                                                                                                                        ; altera_reserved_tck ; altera_reserved_tck ; 0.000        ; 0.040      ; 0.315      ;
; 0.191 ; sld_hub:auto_hub|sld_jtag_hub:\jtag_hub_gen:sld_jtag_hub_inst|shadow_irf_reg[2][0]                                                                                                                                                                                 ; sld_hub:auto_hub|sld_jtag_hub:\jtag_hub_gen:sld_jtag_hub_inst|irf_reg[2][0]                                                                                                                                                                                        ; altera_reserved_tck ; altera_reserved_tck ; 0.000        ; 0.040      ; 0.315      ;
; 0.191 ; sld_hub:auto_hub|sld_jtag_hub:\jtag_hub_gen:sld_jtag_hub_inst|hub_minor_ver_reg[3]                                                                                                                                                                                 ; sld_hub:auto_hub|sld_jtag_hub:\jtag_hub_gen:sld_jtag_hub_inst|hub_minor_ver_reg[2]                                                                                                                                                                                 ; altera_reserved_tck ; altera_reserved_tck ; 0.000        ; 0.040      ; 0.315      ;
; 0.191 ; Soc:inst1|Soc_cpu:cpu|Soc_cpu_nios2_oci:the_Soc_cpu_nios2_oci|Soc_cpu_jtag_debug_module_wrapper:the_Soc_cpu_jtag_debug_module_wrapper|Soc_cpu_jtag_debug_module_tck:the_Soc_cpu_jtag_debug_module_tck|altera_std_synchronizer:the_altera_std_synchronizer2|din_s1  ; Soc:inst1|Soc_cpu:cpu|Soc_cpu_nios2_oci:the_Soc_cpu_nios2_oci|Soc_cpu_jtag_debug_module_wrapper:the_Soc_cpu_jtag_debug_module_wrapper|Soc_cpu_jtag_debug_module_tck:the_Soc_cpu_jtag_debug_module_tck|altera_std_synchronizer:the_altera_std_synchronizer2|dreg[0] ; altera_reserved_tck ; altera_reserved_tck ; 0.000        ; 0.041      ; 0.316      ;
; 0.191 ; Soc:inst1|Soc_jtag_uart:jtag_uart|alt_jtag_atlantic:Soc_jtag_uart_alt_jtag_atlantic|read                                                                                                                                                                           ; Soc:inst1|Soc_jtag_uart:jtag_uart|alt_jtag_atlantic:Soc_jtag_uart_alt_jtag_atlantic|read                                                                                                                                                                           ; altera_reserved_tck ; altera_reserved_tck ; 0.000        ; 0.039      ; 0.314      ;
; 0.191 ; Soc:inst1|Soc_jtag_uart:jtag_uart|alt_jtag_atlantic:Soc_jtag_uart_alt_jtag_atlantic|count[5]                                                                                                                                                                       ; Soc:inst1|Soc_jtag_uart:jtag_uart|alt_jtag_atlantic:Soc_jtag_uart_alt_jtag_atlantic|count[6]                                                                                                                                                                       ; altera_reserved_tck ; altera_reserved_tck ; 0.000        ; 0.040      ; 0.315      ;
; 0.192 ; sld_hub:auto_hub|sld_jtag_hub:\jtag_hub_gen:sld_jtag_hub_inst|sld_rom_sr:hub_info_reg|WORD_SR[3]                                                                                                                                                                   ; sld_hub:auto_hub|sld_jtag_hub:\jtag_hub_gen:sld_jtag_hub_inst|sld_rom_sr:hub_info_reg|WORD_SR[2]                                                                                                                                                                   ; altera_reserved_tck ; altera_reserved_tck ; 0.000        ; 0.040      ; 0.316      ;
; 0.192 ; sld_hub:auto_hub|sld_jtag_hub:\jtag_hub_gen:sld_jtag_hub_inst|hub_minor_ver_reg[1]                                                                                                                                                                                 ; sld_hub:auto_hub|sld_jtag_hub:\jtag_hub_gen:sld_jtag_hub_inst|hub_minor_ver_reg[0]                                                                                                                                                                                 ; altera_reserved_tck ; altera_reserved_tck ; 0.000        ; 0.040      ; 0.316      ;
; 0.192 ; Soc:inst1|Soc_cpu:cpu|Soc_cpu_nios2_oci:the_Soc_cpu_nios2_oci|Soc_cpu_jtag_debug_module_wrapper:the_Soc_cpu_jtag_debug_module_wrapper|Soc_cpu_jtag_debug_module_tck:the_Soc_cpu_jtag_debug_module_tck|altera_std_synchronizer:the_altera_std_synchronizer1|din_s1  ; Soc:inst1|Soc_cpu:cpu|Soc_cpu_nios2_oci:the_Soc_cpu_nios2_oci|Soc_cpu_jtag_debug_module_wrapper:the_Soc_cpu_jtag_debug_module_wrapper|Soc_cpu_jtag_debug_module_tck:the_Soc_cpu_jtag_debug_module_tck|altera_std_synchronizer:the_altera_std_synchronizer1|dreg[0] ; altera_reserved_tck ; altera_reserved_tck ; 0.000        ; 0.041      ; 0.317      ;
; 0.193 ; sld_hub:auto_hub|sld_jtag_hub:\jtag_hub_gen:sld_jtag_hub_inst|jtag_ir_reg[2]                                                                                                                                                                                       ; sld_hub:auto_hub|sld_jtag_hub:\jtag_hub_gen:sld_jtag_hub_inst|jtag_ir_reg[1]                                                                                                                                                                                       ; altera_reserved_tck ; altera_reserved_tck ; 0.000        ; 0.041      ; 0.318      ;
; 0.193 ; sld_hub:auto_hub|sld_jtag_hub:\jtag_hub_gen:sld_jtag_hub_inst|jtag_ir_reg[7]                                                                                                                                                                                       ; sld_hub:auto_hub|sld_jtag_hub:\jtag_hub_gen:sld_jtag_hub_inst|jtag_ir_reg[6]                                                                                                                                                                                       ; altera_reserved_tck ; altera_reserved_tck ; 0.000        ; 0.041      ; 0.318      ;
; 0.193 ; sld_hub:auto_hub|sld_jtag_hub:\jtag_hub_gen:sld_jtag_hub_inst|sld_shadow_jsm:shadow_jsm|state[2]                                                                                                                                                                   ; sld_hub:auto_hub|sld_jtag_hub:\jtag_hub_gen:sld_jtag_hub_inst|sld_shadow_jsm:shadow_jsm|state[3]                                                                                                                                                                   ; altera_reserved_tck ; altera_reserved_tck ; 0.000        ; 0.040      ; 0.317      ;
; 0.193 ; sld_hub:auto_hub|sld_jtag_hub:\jtag_hub_gen:sld_jtag_hub_inst|sld_shadow_jsm:shadow_jsm|state[12]                                                                                                                                                                  ; sld_hub:auto_hub|sld_jtag_hub:\jtag_hub_gen:sld_jtag_hub_inst|sld_shadow_jsm:shadow_jsm|state[13]                                                                                                                                                                  ; altera_reserved_tck ; altera_reserved_tck ; 0.000        ; 0.040      ; 0.317      ;
; 0.194 ; sld_hub:auto_hub|sld_jtag_hub:\jtag_hub_gen:sld_jtag_hub_inst|jtag_ir_reg[4]                                                                                                                                                                                       ; sld_hub:auto_hub|sld_jtag_hub:\jtag_hub_gen:sld_jtag_hub_inst|jtag_ir_reg[3]                                                                                                                                                                                       ; altera_reserved_tck ; altera_reserved_tck ; 0.000        ; 0.041      ; 0.319      ;
; 0.195 ; sld_hub:auto_hub|sld_jtag_hub:\jtag_hub_gen:sld_jtag_hub_inst|identity_contrib_shift_reg[2]                                                                                                                                                                        ; sld_hub:auto_hub|sld_jtag_hub:\jtag_hub_gen:sld_jtag_hub_inst|identity_contrib_update_reg[2]                                                                                                                                                                       ; altera_reserved_tck ; altera_reserved_tck ; 0.000        ; 0.040      ; 0.319      ;
; 0.195 ; sld_hub:auto_hub|sld_jtag_hub:\jtag_hub_gen:sld_jtag_hub_inst|sld_shadow_jsm:shadow_jsm|state[2]                                                                                                                                                                   ; sld_hub:auto_hub|sld_jtag_hub:\jtag_hub_gen:sld_jtag_hub_inst|sld_shadow_jsm:shadow_jsm|state[9]                                                                                                                                                                   ; altera_reserved_tck ; altera_reserved_tck ; 0.000        ; 0.040      ; 0.319      ;
; 0.195 ; sld_hub:auto_hub|sld_jtag_hub:\jtag_hub_gen:sld_jtag_hub_inst|sld_shadow_jsm:shadow_jsm|state[10]                                                                                                                                                                  ; sld_hub:auto_hub|sld_jtag_hub:\jtag_hub_gen:sld_jtag_hub_inst|sld_shadow_jsm:shadow_jsm|state[11]                                                                                                                                                                  ; altera_reserved_tck ; altera_reserved_tck ; 0.000        ; 0.040      ; 0.319      ;
; 0.195 ; sld_hub:auto_hub|sld_jtag_hub:\jtag_hub_gen:sld_jtag_hub_inst|sld_shadow_jsm:shadow_jsm|tms_cnt[0]                                                                                                                                                                 ; sld_hub:auto_hub|sld_jtag_hub:\jtag_hub_gen:sld_jtag_hub_inst|sld_shadow_jsm:shadow_jsm|tms_cnt[1]                                                                                                                                                                 ; altera_reserved_tck ; altera_reserved_tck ; 0.000        ; 0.040      ; 0.319      ;
; 0.195 ; Soc:inst1|Soc_cpu:cpu|Soc_cpu_nios2_oci:the_Soc_cpu_nios2_oci|Soc_cpu_jtag_debug_module_wrapper:the_Soc_cpu_jtag_debug_module_wrapper|Soc_cpu_jtag_debug_module_tck:the_Soc_cpu_jtag_debug_module_tck|sr[33]                                                       ; Soc:inst1|Soc_cpu:cpu|Soc_cpu_nios2_oci:the_Soc_cpu_nios2_oci|Soc_cpu_jtag_debug_module_wrapper:the_Soc_cpu_jtag_debug_module_wrapper|Soc_cpu_jtag_debug_module_tck:the_Soc_cpu_jtag_debug_module_tck|sr[32]                                                       ; altera_reserved_tck ; altera_reserved_tck ; 0.000        ; 0.039      ; 0.318      ;
; 0.196 ; sld_hub:auto_hub|sld_jtag_hub:\jtag_hub_gen:sld_jtag_hub_inst|sld_shadow_jsm:shadow_jsm|state[12]                                                                                                                                                                  ; sld_hub:auto_hub|sld_jtag_hub:\jtag_hub_gen:sld_jtag_hub_inst|sld_shadow_jsm:shadow_jsm|state[15]                                                                                                                                                                  ; altera_reserved_tck ; altera_reserved_tck ; 0.000        ; 0.040      ; 0.320      ;
; 0.196 ; sld_hub:auto_hub|sld_jtag_hub:\jtag_hub_gen:sld_jtag_hub_inst|sld_shadow_jsm:shadow_jsm|state[10]                                                                                                                                                                  ; sld_hub:auto_hub|sld_jtag_hub:\jtag_hub_gen:sld_jtag_hub_inst|sld_shadow_jsm:shadow_jsm|state[12]                                                                                                                                                                  ; altera_reserved_tck ; altera_reserved_tck ; 0.000        ; 0.040      ; 0.320      ;
; 0.196 ; sld_hub:auto_hub|sld_jtag_hub:\jtag_hub_gen:sld_jtag_hub_inst|identity_contrib_shift_reg[2]                                                                                                                                                                        ; sld_hub:auto_hub|sld_jtag_hub:\jtag_hub_gen:sld_jtag_hub_inst|identity_contrib_shift_reg[1]                                                                                                                                                                        ; altera_reserved_tck ; altera_reserved_tck ; 0.000        ; 0.040      ; 0.320      ;
; 0.197 ; Soc:inst1|Soc_cpu:cpu|Soc_cpu_nios2_oci:the_Soc_cpu_nios2_oci|Soc_cpu_jtag_debug_module_wrapper:the_Soc_cpu_jtag_debug_module_wrapper|Soc_cpu_jtag_debug_module_tck:the_Soc_cpu_jtag_debug_module_tck|sr[4]                                                        ; Soc:inst1|Soc_cpu:cpu|Soc_cpu_nios2_oci:the_Soc_cpu_nios2_oci|Soc_cpu_jtag_debug_module_wrapper:the_Soc_cpu_jtag_debug_module_wrapper|Soc_cpu_jtag_debug_module_tck:the_Soc_cpu_jtag_debug_module_tck|sr[3]                                                        ; altera_reserved_tck ; altera_reserved_tck ; 0.000        ; 0.040      ; 0.321      ;
; 0.198 ; sld_hub:auto_hub|sld_jtag_hub:\jtag_hub_gen:sld_jtag_hub_inst|jtag_ir_reg[3]                                                                                                                                                                                       ; sld_hub:auto_hub|sld_jtag_hub:\jtag_hub_gen:sld_jtag_hub_inst|jtag_ir_reg[2]                                                                                                                                                                                       ; altera_reserved_tck ; altera_reserved_tck ; 0.000        ; 0.041      ; 0.323      ;
; 0.199 ; sld_hub:auto_hub|sld_jtag_hub:\jtag_hub_gen:sld_jtag_hub_inst|jtag_ir_reg[1]                                                                                                                                                                                       ; sld_hub:auto_hub|sld_jtag_hub:\jtag_hub_gen:sld_jtag_hub_inst|jtag_ir_reg[0]                                                                                                                                                                                       ; altera_reserved_tck ; altera_reserved_tck ; 0.000        ; 0.041      ; 0.324      ;
; 0.201 ; Soc:inst1|Soc_cpu:cpu|Soc_cpu_nios2_oci:the_Soc_cpu_nios2_oci|Soc_cpu_jtag_debug_module_wrapper:the_Soc_cpu_jtag_debug_module_wrapper|Soc_cpu_jtag_debug_module_tck:the_Soc_cpu_jtag_debug_module_tck|sr[37]                                                       ; Soc:inst1|Soc_cpu:cpu|Soc_cpu_nios2_oci:the_Soc_cpu_nios2_oci|Soc_cpu_jtag_debug_module_wrapper:the_Soc_cpu_jtag_debug_module_wrapper|Soc_cpu_jtag_debug_module_tck:the_Soc_cpu_jtag_debug_module_tck|sr[36]                                                       ; altera_reserved_tck ; altera_reserved_tck ; 0.000        ; 0.041      ; 0.326      ;
; 0.201 ; Soc:inst1|Soc_jtag_uart:jtag_uart|alt_jtag_atlantic:Soc_jtag_uart_alt_jtag_atlantic|count[0]                                                                                                                                                                       ; Soc:inst1|Soc_jtag_uart:jtag_uart|alt_jtag_atlantic:Soc_jtag_uart_alt_jtag_atlantic|count[1]                                                                                                                                                                       ; altera_reserved_tck ; altera_reserved_tck ; 0.000        ; 0.040      ; 0.325      ;
; 0.202 ; sld_hub:auto_hub|sld_jtag_hub:\jtag_hub_gen:sld_jtag_hub_inst|sld_shadow_jsm:shadow_jsm|state[1]                                                                                                                                                                   ; sld_hub:auto_hub|sld_jtag_hub:\jtag_hub_gen:sld_jtag_hub_inst|sld_shadow_jsm:shadow_jsm|state[2]                                                                                                                                                                   ; altera_reserved_tck ; altera_reserved_tck ; 0.000        ; 0.040      ; 0.326      ;
; 0.203 ; Soc:inst1|Soc_jtag_uart:jtag_uart|alt_jtag_atlantic:Soc_jtag_uart_alt_jtag_atlantic|count[1]                                                                                                                                                                       ; Soc:inst1|Soc_jtag_uart:jtag_uart|alt_jtag_atlantic:Soc_jtag_uart_alt_jtag_atlantic|count[2]                                                                                                                                                                       ; altera_reserved_tck ; altera_reserved_tck ; 0.000        ; 0.040      ; 0.327      ;
; 0.205 ; sld_hub:auto_hub|sld_jtag_hub:\jtag_hub_gen:sld_jtag_hub_inst|sld_shadow_jsm:shadow_jsm|state[5]                                                                                                                                                                   ; sld_hub:auto_hub|sld_jtag_hub:\jtag_hub_gen:sld_jtag_hub_inst|sld_shadow_jsm:shadow_jsm|state[8]                                                                                                                                                                   ; altera_reserved_tck ; altera_reserved_tck ; 0.000        ; 0.040      ; 0.329      ;
; 0.205 ; sld_hub:auto_hub|sld_jtag_hub:\jtag_hub_gen:sld_jtag_hub_inst|sld_shadow_jsm:shadow_jsm|state[7]                                                                                                                                                                   ; sld_hub:auto_hub|sld_jtag_hub:\jtag_hub_gen:sld_jtag_hub_inst|sld_shadow_jsm:shadow_jsm|state[4]                                                                                                                                                                   ; altera_reserved_tck ; altera_reserved_tck ; 0.000        ; 0.040      ; 0.329      ;
; 0.205 ; sld_hub:auto_hub|sld_jtag_hub:\jtag_hub_gen:sld_jtag_hub_inst|sld_shadow_jsm:shadow_jsm|state[5]                                                                                                                                                                   ; sld_hub:auto_hub|sld_jtag_hub:\jtag_hub_gen:sld_jtag_hub_inst|sld_shadow_jsm:shadow_jsm|state[6]                                                                                                                                                                   ; altera_reserved_tck ; altera_reserved_tck ; 0.000        ; 0.040      ; 0.329      ;
; 0.205 ; sld_hub:auto_hub|sld_jtag_hub:\jtag_hub_gen:sld_jtag_hub_inst|sld_shadow_jsm:shadow_jsm|state[0]                                                                                                                                                                   ; sld_hub:auto_hub|sld_jtag_hub:\jtag_hub_gen:sld_jtag_hub_inst|sld_shadow_jsm:shadow_jsm|state[1]                                                                                                                                                                   ; altera_reserved_tck ; altera_reserved_tck ; 0.000        ; 0.040      ; 0.329      ;
; 0.209 ; sld_hub:auto_hub|sld_jtag_hub:\jtag_hub_gen:sld_jtag_hub_inst|sld_rom_sr:hub_info_reg|word_counter[4]                                                                                                                                                              ; sld_hub:auto_hub|sld_jtag_hub:\jtag_hub_gen:sld_jtag_hub_inst|sld_rom_sr:hub_info_reg|word_counter[4]                                                                                                                                                              ; altera_reserved_tck ; altera_reserved_tck ; 0.000        ; 0.039      ; 0.332      ;
; 0.214 ; Soc:inst1|Soc_jtag_uart:jtag_uart|alt_jtag_atlantic:Soc_jtag_uart_alt_jtag_atlantic|count[9]                                                                                                                                                                       ; Soc:inst1|Soc_jtag_uart:jtag_uart|alt_jtag_atlantic:Soc_jtag_uart_alt_jtag_atlantic|count[0]                                                                                                                                                                       ; altera_reserved_tck ; altera_reserved_tck ; 0.000        ; 0.040      ; 0.338      ;
; 0.216 ; sld_hub:auto_hub|sld_jtag_hub:\jtag_hub_gen:sld_jtag_hub_inst|irsr_reg[6]                                                                                                                                                                                          ; sld_hub:auto_hub|sld_jtag_hub:\jtag_hub_gen:sld_jtag_hub_inst|node_ena[1]~reg0                                                                                                                                                                                     ; altera_reserved_tck ; altera_reserved_tck ; 0.000        ; 0.040      ; 0.340      ;
; 0.221 ; sld_hub:auto_hub|sld_jtag_hub:\jtag_hub_gen:sld_jtag_hub_inst|irsr_reg[6]                                                                                                                                                                                          ; sld_hub:auto_hub|sld_jtag_hub:\jtag_hub_gen:sld_jtag_hub_inst|node_ena[2]~reg0                                                                                                                                                                                     ; altera_reserved_tck ; altera_reserved_tck ; 0.000        ; 0.040      ; 0.345      ;
; 0.250 ; sld_hub:auto_hub|sld_jtag_hub:\jtag_hub_gen:sld_jtag_hub_inst|irf_reg[2][3]                                                                                                                                                                                        ; sld_hub:auto_hub|sld_jtag_hub:\jtag_hub_gen:sld_jtag_hub_inst|shadow_irf_reg[2][3]                                                                                                                                                                                 ; altera_reserved_tck ; altera_reserved_tck ; 0.000        ; 0.040      ; 0.374      ;
; 0.251 ; sld_hub:auto_hub|sld_jtag_hub:\jtag_hub_gen:sld_jtag_hub_inst|irf_reg[1][3]                                                                                                                                                                                        ; sld_hub:auto_hub|sld_jtag_hub:\jtag_hub_gen:sld_jtag_hub_inst|shadow_irf_reg[1][3]                                                                                                                                                                                 ; altera_reserved_tck ; altera_reserved_tck ; 0.000        ; 0.040      ; 0.375      ;
; 0.252 ; Soc:inst1|Soc_cpu:cpu|Soc_cpu_nios2_oci:the_Soc_cpu_nios2_oci|Soc_cpu_jtag_debug_module_wrapper:the_Soc_cpu_jtag_debug_module_wrapper|Soc_cpu_jtag_debug_module_tck:the_Soc_cpu_jtag_debug_module_tck|sr[6]                                                        ; Soc:inst1|Soc_cpu:cpu|Soc_cpu_nios2_oci:the_Soc_cpu_nios2_oci|Soc_cpu_jtag_debug_module_wrapper:the_Soc_cpu_jtag_debug_module_wrapper|Soc_cpu_jtag_debug_module_tck:the_Soc_cpu_jtag_debug_module_tck|sr[5]                                                        ; altera_reserved_tck ; altera_reserved_tck ; 0.000        ; 0.040      ; 0.376      ;
; 0.255 ; sld_hub:auto_hub|sld_jtag_hub:\jtag_hub_gen:sld_jtag_hub_inst|jtag_ir_reg[0]                                                                                                                                                                                       ; sld_hub:auto_hub|sld_jtag_hub:\jtag_hub_gen:sld_jtag_hub_inst|virtual_ir_scan_reg                                                                                                                                                                                  ; altera_reserved_tck ; altera_reserved_tck ; 0.000        ; 0.041      ; 0.380      ;
; 0.255 ; sld_hub:auto_hub|sld_jtag_hub:\jtag_hub_gen:sld_jtag_hub_inst|jtag_ir_reg[0]                                                                                                                                                                                       ; sld_hub:auto_hub|sld_jtag_hub:\jtag_hub_gen:sld_jtag_hub_inst|virtual_dr_scan_reg                                                                                                                                                                                  ; altera_reserved_tck ; altera_reserved_tck ; 0.000        ; 0.041      ; 0.380      ;
; 0.257 ; sld_hub:auto_hub|sld_jtag_hub:\jtag_hub_gen:sld_jtag_hub_inst|jtag_ir_reg[5]                                                                                                                                                                                       ; sld_hub:auto_hub|sld_jtag_hub:\jtag_hub_gen:sld_jtag_hub_inst|jtag_ir_reg[4]                                                                                                                                                                                       ; altera_reserved_tck ; altera_reserved_tck ; 0.000        ; 0.041      ; 0.382      ;
; 0.258 ; Soc:inst1|Soc_cpu:cpu|Soc_cpu_nios2_oci:the_Soc_cpu_nios2_oci|Soc_cpu_jtag_debug_module_wrapper:the_Soc_cpu_jtag_debug_module_wrapper|Soc_cpu_jtag_debug_module_tck:the_Soc_cpu_jtag_debug_module_tck|sr[34]                                                       ; Soc:inst1|Soc_cpu:cpu|Soc_cpu_nios2_oci:the_Soc_cpu_nios2_oci|Soc_cpu_jtag_debug_module_wrapper:the_Soc_cpu_jtag_debug_module_wrapper|Soc_cpu_jtag_debug_module_tck:the_Soc_cpu_jtag_debug_module_tck|sr[33]                                                       ; altera_reserved_tck ; altera_reserved_tck ; 0.000        ; 0.039      ; 0.381      ;
; 0.260 ; Soc:inst1|Soc_jtag_uart:jtag_uart|alt_jtag_atlantic:Soc_jtag_uart_alt_jtag_atlantic|td_shift[9]                                                                                                                                                                    ; Soc:inst1|Soc_jtag_uart:jtag_uart|alt_jtag_atlantic:Soc_jtag_uart_alt_jtag_atlantic|td_shift[8]                                                                                                                                                                    ; altera_reserved_tck ; altera_reserved_tck ; 0.000        ; 0.040      ; 0.384      ;
; 0.261 ; Soc:inst1|Soc_cpu:cpu|Soc_cpu_nios2_oci:the_Soc_cpu_nios2_oci|Soc_cpu_jtag_debug_module_wrapper:the_Soc_cpu_jtag_debug_module_wrapper|Soc_cpu_jtag_debug_module_tck:the_Soc_cpu_jtag_debug_module_tck|sr[21]                                                       ; Soc:inst1|Soc_cpu:cpu|Soc_cpu_nios2_oci:the_Soc_cpu_nios2_oci|Soc_cpu_jtag_debug_module_wrapper:the_Soc_cpu_jtag_debug_module_wrapper|Soc_cpu_jtag_debug_module_tck:the_Soc_cpu_jtag_debug_module_tck|sr[20]                                                       ; altera_reserved_tck ; altera_reserved_tck ; 0.000        ; 0.040      ; 0.385      ;
; 0.261 ; Soc:inst1|Soc_cpu:cpu|Soc_cpu_nios2_oci:the_Soc_cpu_nios2_oci|Soc_cpu_jtag_debug_module_wrapper:the_Soc_cpu_jtag_debug_module_wrapper|Soc_cpu_jtag_debug_module_tck:the_Soc_cpu_jtag_debug_module_tck|sr[17]                                                       ; Soc:inst1|Soc_cpu:cpu|Soc_cpu_nios2_oci:the_Soc_cpu_nios2_oci|Soc_cpu_jtag_debug_module_wrapper:the_Soc_cpu_jtag_debug_module_wrapper|Soc_cpu_jtag_debug_module_tck:the_Soc_cpu_jtag_debug_module_tck|sr[16]                                                       ; altera_reserved_tck ; altera_reserved_tck ; 0.000        ; 0.040      ; 0.385      ;
; 0.262 ; Soc:inst1|Soc_cpu:cpu|Soc_cpu_nios2_oci:the_Soc_cpu_nios2_oci|Soc_cpu_jtag_debug_module_wrapper:the_Soc_cpu_jtag_debug_module_wrapper|Soc_cpu_jtag_debug_module_tck:the_Soc_cpu_jtag_debug_module_tck|sr[36]                                                       ; Soc:inst1|Soc_cpu:cpu|Soc_cpu_nios2_oci:the_Soc_cpu_nios2_oci|Soc_cpu_jtag_debug_module_wrapper:the_Soc_cpu_jtag_debug_module_wrapper|Soc_cpu_jtag_debug_module_tck:the_Soc_cpu_jtag_debug_module_tck|sr[35]                                                       ; altera_reserved_tck ; altera_reserved_tck ; 0.000        ; 0.040      ; 0.386      ;
; 0.262 ; Soc:inst1|Soc_cpu:cpu|Soc_cpu_nios2_oci:the_Soc_cpu_nios2_oci|Soc_cpu_jtag_debug_module_wrapper:the_Soc_cpu_jtag_debug_module_wrapper|Soc_cpu_jtag_debug_module_tck:the_Soc_cpu_jtag_debug_module_tck|sr[18]                                                       ; Soc:inst1|Soc_cpu:cpu|Soc_cpu_nios2_oci:the_Soc_cpu_nios2_oci|Soc_cpu_jtag_debug_module_wrapper:the_Soc_cpu_jtag_debug_module_wrapper|Soc_cpu_jtag_debug_module_tck:the_Soc_cpu_jtag_debug_module_tck|sr[17]                                                       ; altera_reserved_tck ; altera_reserved_tck ; 0.000        ; 0.040      ; 0.386      ;
; 0.263 ; sld_hub:auto_hub|sld_jtag_hub:\jtag_hub_gen:sld_jtag_hub_inst|design_hash_reg[1]                                                                                                                                                                                   ; sld_hub:auto_hub|sld_jtag_hub:\jtag_hub_gen:sld_jtag_hub_inst|design_hash_reg[0]                                                                                                                                                                                   ; altera_reserved_tck ; altera_reserved_tck ; 0.000        ; 0.040      ; 0.387      ;
; 0.263 ; sld_hub:auto_hub|sld_jtag_hub:\jtag_hub_gen:sld_jtag_hub_inst|design_hash_reg[3]                                                                                                                                                                                   ; sld_hub:auto_hub|sld_jtag_hub:\jtag_hub_gen:sld_jtag_hub_inst|design_hash_reg[2]                                                                                                                                                                                   ; altera_reserved_tck ; altera_reserved_tck ; 0.000        ; 0.040      ; 0.387      ;
; 0.264 ; Soc:inst1|Soc_cpu:cpu|Soc_cpu_nios2_oci:the_Soc_cpu_nios2_oci|Soc_cpu_jtag_debug_module_wrapper:the_Soc_cpu_jtag_debug_module_wrapper|Soc_cpu_jtag_debug_module_tck:the_Soc_cpu_jtag_debug_module_tck|altera_std_synchronizer:the_altera_std_synchronizer2|dreg[0] ; Soc:inst1|Soc_cpu:cpu|Soc_cpu_nios2_oci:the_Soc_cpu_nios2_oci|Soc_cpu_jtag_debug_module_wrapper:the_Soc_cpu_jtag_debug_module_wrapper|Soc_cpu_jtag_debug_module_tck:the_Soc_cpu_jtag_debug_module_tck|ir_out[0]                                                    ; altera_reserved_tck ; altera_reserved_tck ; 0.000        ; 0.041      ; 0.389      ;
; 0.264 ; Soc:inst1|Soc_cpu:cpu|Soc_cpu_nios2_oci:the_Soc_cpu_nios2_oci|Soc_cpu_jtag_debug_module_wrapper:the_Soc_cpu_jtag_debug_module_wrapper|Soc_cpu_jtag_debug_module_tck:the_Soc_cpu_jtag_debug_module_tck|altera_std_synchronizer:the_altera_std_synchronizer1|dreg[0] ; Soc:inst1|Soc_cpu:cpu|Soc_cpu_nios2_oci:the_Soc_cpu_nios2_oci|Soc_cpu_jtag_debug_module_wrapper:the_Soc_cpu_jtag_debug_module_wrapper|Soc_cpu_jtag_debug_module_tck:the_Soc_cpu_jtag_debug_module_tck|ir_out[1]                                                    ; altera_reserved_tck ; altera_reserved_tck ; 0.000        ; 0.041      ; 0.389      ;
; 0.265 ; sld_hub:auto_hub|sld_jtag_hub:\jtag_hub_gen:sld_jtag_hub_inst|design_hash_reg[2]                                                                                                                                                                                   ; sld_hub:auto_hub|sld_jtag_hub:\jtag_hub_gen:sld_jtag_hub_inst|design_hash_reg[1]                                                                                                                                                                                   ; altera_reserved_tck ; altera_reserved_tck ; 0.000        ; 0.040      ; 0.389      ;
; 0.266 ; sld_hub:auto_hub|sld_jtag_hub:\jtag_hub_gen:sld_jtag_hub_inst|jtag_ir_reg[8]                                                                                                                                                                                       ; sld_hub:auto_hub|sld_jtag_hub:\jtag_hub_gen:sld_jtag_hub_inst|jtag_ir_reg[7]                                                                                                                                                                                       ; altera_reserved_tck ; altera_reserved_tck ; 0.000        ; 0.041      ; 0.391      ;
; 0.267 ; sld_hub:auto_hub|sld_jtag_hub:\jtag_hub_gen:sld_jtag_hub_inst|jtag_ir_reg[6]                                                                                                                                                                                       ; sld_hub:auto_hub|sld_jtag_hub:\jtag_hub_gen:sld_jtag_hub_inst|jtag_ir_reg[5]                                                                                                                                                                                       ; altera_reserved_tck ; altera_reserved_tck ; 0.000        ; 0.041      ; 0.392      ;
; 0.268 ; sld_hub:auto_hub|sld_jtag_hub:\jtag_hub_gen:sld_jtag_hub_inst|identity_contrib_shift_reg[3]                                                                                                                                                                        ; sld_hub:auto_hub|sld_jtag_hub:\jtag_hub_gen:sld_jtag_hub_inst|identity_contrib_update_reg[3]                                                                                                                                                                       ; altera_reserved_tck ; altera_reserved_tck ; 0.000        ; 0.040      ; 0.392      ;
; 0.269 ; sld_hub:auto_hub|sld_jtag_hub:\jtag_hub_gen:sld_jtag_hub_inst|identity_contrib_shift_reg[3]                                                                                                                                                                        ; sld_hub:auto_hub|sld_jtag_hub:\jtag_hub_gen:sld_jtag_hub_inst|identity_contrib_shift_reg[2]                                                                                                                                                                        ; altera_reserved_tck ; altera_reserved_tck ; 0.000        ; 0.040      ; 0.393      ;
; 0.271 ; sld_hub:auto_hub|sld_jtag_hub:\jtag_hub_gen:sld_jtag_hub_inst|identity_contrib_shift_reg[1]                                                                                                                                                                        ; sld_hub:auto_hub|sld_jtag_hub:\jtag_hub_gen:sld_jtag_hub_inst|identity_contrib_shift_reg[0]                                                                                                                                                                        ; altera_reserved_tck ; altera_reserved_tck ; 0.000        ; 0.040      ; 0.395      ;
; 0.271 ; sld_hub:auto_hub|sld_jtag_hub:\jtag_hub_gen:sld_jtag_hub_inst|identity_contrib_shift_reg[1]                                                                                                                                                                        ; sld_hub:auto_hub|sld_jtag_hub:\jtag_hub_gen:sld_jtag_hub_inst|identity_contrib_update_reg[1]                                                                                                                                                                       ; altera_reserved_tck ; altera_reserved_tck ; 0.000        ; 0.040      ; 0.395      ;
; 0.271 ; Soc:inst1|Soc_jtag_uart:jtag_uart|alt_jtag_atlantic:Soc_jtag_uart_alt_jtag_atlantic|td_shift[5]                                                                                                                                                                    ; Soc:inst1|Soc_jtag_uart:jtag_uart|alt_jtag_atlantic:Soc_jtag_uart_alt_jtag_atlantic|wdata[1]                                                                                                                                                                       ; altera_reserved_tck ; altera_reserved_tck ; 0.000        ; 0.040      ; 0.395      ;
; 0.272 ; Soc:inst1|Soc_jtag_uart:jtag_uart|alt_jtag_atlantic:Soc_jtag_uart_alt_jtag_atlantic|td_shift[7]                                                                                                                                                                    ; Soc:inst1|Soc_jtag_uart:jtag_uart|alt_jtag_atlantic:Soc_jtag_uart_alt_jtag_atlantic|wdata[3]                                                                                                                                                                       ; altera_reserved_tck ; altera_reserved_tck ; 0.000        ; 0.040      ; 0.396      ;
; 0.279 ; Soc:inst1|Soc_jtag_uart:jtag_uart|alt_jtag_atlantic:Soc_jtag_uart_alt_jtag_atlantic|td_shift[6]                                                                                                                                                                    ; Soc:inst1|Soc_jtag_uart:jtag_uart|alt_jtag_atlantic:Soc_jtag_uart_alt_jtag_atlantic|wdata[2]                                                                                                                                                                       ; altera_reserved_tck ; altera_reserved_tck ; 0.000        ; 0.040      ; 0.403      ;
; 0.286 ; sld_hub:auto_hub|sld_jtag_hub:\jtag_hub_gen:sld_jtag_hub_inst|irsr_reg[4]                                                                                                                                                                                          ; sld_hub:auto_hub|sld_jtag_hub:\jtag_hub_gen:sld_jtag_hub_inst|irsr_reg[3]                                                                                                                                                                                          ; altera_reserved_tck ; altera_reserved_tck ; 0.000        ; 0.040      ; 0.410      ;
; 0.287 ; sld_hub:auto_hub|sld_jtag_hub:\jtag_hub_gen:sld_jtag_hub_inst|irsr_reg[1]                                                                                                                                                                                          ; sld_hub:auto_hub|sld_jtag_hub:\jtag_hub_gen:sld_jtag_hub_inst|irsr_reg[0]                                                                                                                                                                                          ; altera_reserved_tck ; altera_reserved_tck ; 0.000        ; 0.040      ; 0.411      ;
; 0.288 ; sld_hub:auto_hub|sld_jtag_hub:\jtag_hub_gen:sld_jtag_hub_inst|irsr_reg[2]                                                                                                                                                                                          ; sld_hub:auto_hub|sld_jtag_hub:\jtag_hub_gen:sld_jtag_hub_inst|irsr_reg[1]                                                                                                                                                                                          ; altera_reserved_tck ; altera_reserved_tck ; 0.000        ; 0.040      ; 0.412      ;
; 0.291 ; sld_hub:auto_hub|sld_jtag_hub:\jtag_hub_gen:sld_jtag_hub_inst|shadow_irf_reg[2][1]                                                                                                                                                                                 ; sld_hub:auto_hub|sld_jtag_hub:\jtag_hub_gen:sld_jtag_hub_inst|irf_reg[2][1]                                                                                                                                                                                        ; altera_reserved_tck ; altera_reserved_tck ; 0.000        ; 0.040      ; 0.415      ;
; 0.291 ; sld_hub:auto_hub|sld_jtag_hub:\jtag_hub_gen:sld_jtag_hub_inst|shadow_irf_reg[1][2]                                                                                                                                                                                 ; sld_hub:auto_hub|sld_jtag_hub:\jtag_hub_gen:sld_jtag_hub_inst|irf_reg[1][2]                                                                                                                                                                                        ; altera_reserved_tck ; altera_reserved_tck ; 0.000        ; 0.040      ; 0.415      ;
; 0.291 ; Soc:inst1|Soc_jtag_uart:jtag_uart|alt_jtag_atlantic:Soc_jtag_uart_alt_jtag_atlantic|count[2]                                                                                                                                                                       ; Soc:inst1|Soc_jtag_uart:jtag_uart|alt_jtag_atlantic:Soc_jtag_uart_alt_jtag_atlantic|count[3]                                                                                                                                                                       ; altera_reserved_tck ; altera_reserved_tck ; 0.000        ; 0.040      ; 0.415      ;
+-------+--------------------------------------------------------------------------------------------------------------------------------------------------------------------------------------------------------------------------------------------------------------------+--------------------------------------------------------------------------------------------------------------------------------------------------------------------------------------------------------------------------------------------------------------------+---------------------+---------------------+--------------+------------+------------+


+------------------------------------------------------------------------------------------------------------------------------------------------------------------------------------------------------------------------------------------------------------------------------------------------------+
; Fast 1200mV 0C Model Recovery: 'altera_reserved_tck'                                                                                                                                                                                                                                                 ;
+--------+--------------------------------------------------------------------------------------------------+-----------------------------------------------------------------------------------------------------+---------------------+---------------------+--------------+------------+------------+
; Slack  ; From Node                                                                                        ; To Node                                                                                             ; Launch Clock        ; Latch Clock         ; Relationship ; Clock Skew ; Data Delay ;
+--------+--------------------------------------------------------------------------------------------------+-----------------------------------------------------------------------------------------------------+---------------------+---------------------+--------------+------------+------------+
; 48.729 ; sld_hub:auto_hub|sld_jtag_hub:\jtag_hub_gen:sld_jtag_hub_inst|clr_reg                            ; Soc:inst1|Soc_jtag_uart:jtag_uart|alt_jtag_atlantic:Soc_jtag_uart_alt_jtag_atlantic|tdo~reg0        ; altera_reserved_tck ; altera_reserved_tck ; 50.000       ; 0.264      ; 1.542      ;
; 48.948 ; sld_hub:auto_hub|sld_jtag_hub:\jtag_hub_gen:sld_jtag_hub_inst|clr_reg                            ; Soc:inst1|Soc_jtag_uart:jtag_uart|alt_jtag_atlantic:Soc_jtag_uart_alt_jtag_atlantic|jupdate         ; altera_reserved_tck ; altera_reserved_tck ; 50.000       ; 0.275      ; 1.334      ;
; 49.186 ; sld_hub:auto_hub|sld_jtag_hub:\jtag_hub_gen:sld_jtag_hub_inst|sld_shadow_jsm:shadow_jsm|state[8] ; sld_hub:auto_hub|sld_jtag_hub:\jtag_hub_gen:sld_jtag_hub_inst|tdo                                   ; altera_reserved_tck ; altera_reserved_tck ; 50.000       ; 0.278      ; 1.099      ;
; 98.417 ; sld_hub:auto_hub|sld_jtag_hub:\jtag_hub_gen:sld_jtag_hub_inst|clr_reg                            ; Soc:inst1|Soc_jtag_uart:jtag_uart|alt_jtag_atlantic:Soc_jtag_uart_alt_jtag_atlantic|wdata[7]        ; altera_reserved_tck ; altera_reserved_tck ; 100.000      ; -0.048     ; 1.542      ;
; 98.417 ; sld_hub:auto_hub|sld_jtag_hub:\jtag_hub_gen:sld_jtag_hub_inst|clr_reg                            ; Soc:inst1|Soc_jtag_uart:jtag_uart|alt_jtag_atlantic:Soc_jtag_uart_alt_jtag_atlantic|wdata[6]        ; altera_reserved_tck ; altera_reserved_tck ; 100.000      ; -0.048     ; 1.542      ;
; 98.417 ; sld_hub:auto_hub|sld_jtag_hub:\jtag_hub_gen:sld_jtag_hub_inst|clr_reg                            ; Soc:inst1|Soc_jtag_uart:jtag_uart|alt_jtag_atlantic:Soc_jtag_uart_alt_jtag_atlantic|wdata[5]        ; altera_reserved_tck ; altera_reserved_tck ; 100.000      ; -0.048     ; 1.542      ;
; 98.417 ; sld_hub:auto_hub|sld_jtag_hub:\jtag_hub_gen:sld_jtag_hub_inst|clr_reg                            ; Soc:inst1|Soc_jtag_uart:jtag_uart|alt_jtag_atlantic:Soc_jtag_uart_alt_jtag_atlantic|write           ; altera_reserved_tck ; altera_reserved_tck ; 100.000      ; -0.048     ; 1.542      ;
; 98.417 ; sld_hub:auto_hub|sld_jtag_hub:\jtag_hub_gen:sld_jtag_hub_inst|clr_reg                            ; Soc:inst1|Soc_jtag_uart:jtag_uart|alt_jtag_atlantic:Soc_jtag_uart_alt_jtag_atlantic|wdata[4]        ; altera_reserved_tck ; altera_reserved_tck ; 100.000      ; -0.048     ; 1.542      ;
; 98.417 ; sld_hub:auto_hub|sld_jtag_hub:\jtag_hub_gen:sld_jtag_hub_inst|clr_reg                            ; Soc:inst1|Soc_jtag_uart:jtag_uart|alt_jtag_atlantic:Soc_jtag_uart_alt_jtag_atlantic|wdata[3]        ; altera_reserved_tck ; altera_reserved_tck ; 100.000      ; -0.048     ; 1.542      ;
; 98.417 ; sld_hub:auto_hub|sld_jtag_hub:\jtag_hub_gen:sld_jtag_hub_inst|clr_reg                            ; Soc:inst1|Soc_jtag_uart:jtag_uart|alt_jtag_atlantic:Soc_jtag_uart_alt_jtag_atlantic|wdata[2]        ; altera_reserved_tck ; altera_reserved_tck ; 100.000      ; -0.048     ; 1.542      ;
; 98.417 ; sld_hub:auto_hub|sld_jtag_hub:\jtag_hub_gen:sld_jtag_hub_inst|clr_reg                            ; Soc:inst1|Soc_jtag_uart:jtag_uart|alt_jtag_atlantic:Soc_jtag_uart_alt_jtag_atlantic|wdata[1]        ; altera_reserved_tck ; altera_reserved_tck ; 100.000      ; -0.048     ; 1.542      ;
; 98.426 ; sld_hub:auto_hub|sld_jtag_hub:\jtag_hub_gen:sld_jtag_hub_inst|clr_reg                            ; Soc:inst1|Soc_jtag_uart:jtag_uart|alt_jtag_atlantic:Soc_jtag_uart_alt_jtag_atlantic|td_shift[1]     ; altera_reserved_tck ; altera_reserved_tck ; 100.000      ; -0.048     ; 1.533      ;
; 98.426 ; sld_hub:auto_hub|sld_jtag_hub:\jtag_hub_gen:sld_jtag_hub_inst|clr_reg                            ; Soc:inst1|Soc_jtag_uart:jtag_uart|alt_jtag_atlantic:Soc_jtag_uart_alt_jtag_atlantic|td_shift[2]     ; altera_reserved_tck ; altera_reserved_tck ; 100.000      ; -0.048     ; 1.533      ;
; 98.426 ; sld_hub:auto_hub|sld_jtag_hub:\jtag_hub_gen:sld_jtag_hub_inst|clr_reg                            ; Soc:inst1|Soc_jtag_uart:jtag_uart|alt_jtag_atlantic:Soc_jtag_uart_alt_jtag_atlantic|td_shift[3]     ; altera_reserved_tck ; altera_reserved_tck ; 100.000      ; -0.048     ; 1.533      ;
; 98.426 ; sld_hub:auto_hub|sld_jtag_hub:\jtag_hub_gen:sld_jtag_hub_inst|clr_reg                            ; Soc:inst1|Soc_jtag_uart:jtag_uart|alt_jtag_atlantic:Soc_jtag_uart_alt_jtag_atlantic|td_shift[4]     ; altera_reserved_tck ; altera_reserved_tck ; 100.000      ; -0.048     ; 1.533      ;
; 98.426 ; sld_hub:auto_hub|sld_jtag_hub:\jtag_hub_gen:sld_jtag_hub_inst|clr_reg                            ; Soc:inst1|Soc_jtag_uart:jtag_uart|alt_jtag_atlantic:Soc_jtag_uart_alt_jtag_atlantic|td_shift[5]     ; altera_reserved_tck ; altera_reserved_tck ; 100.000      ; -0.048     ; 1.533      ;
; 98.426 ; sld_hub:auto_hub|sld_jtag_hub:\jtag_hub_gen:sld_jtag_hub_inst|clr_reg                            ; Soc:inst1|Soc_jtag_uart:jtag_uart|alt_jtag_atlantic:Soc_jtag_uart_alt_jtag_atlantic|td_shift[6]     ; altera_reserved_tck ; altera_reserved_tck ; 100.000      ; -0.048     ; 1.533      ;
; 98.426 ; sld_hub:auto_hub|sld_jtag_hub:\jtag_hub_gen:sld_jtag_hub_inst|clr_reg                            ; Soc:inst1|Soc_jtag_uart:jtag_uart|alt_jtag_atlantic:Soc_jtag_uart_alt_jtag_atlantic|td_shift[7]     ; altera_reserved_tck ; altera_reserved_tck ; 100.000      ; -0.048     ; 1.533      ;
; 98.437 ; sld_hub:auto_hub|sld_jtag_hub:\jtag_hub_gen:sld_jtag_hub_inst|clr_reg                            ; Soc:inst1|Soc_jtag_uart:jtag_uart|alt_jtag_atlantic:Soc_jtag_uart_alt_jtag_atlantic|user_saw_rvalid ; altera_reserved_tck ; altera_reserved_tck ; 100.000      ; -0.048     ; 1.522      ;
; 98.437 ; sld_hub:auto_hub|sld_jtag_hub:\jtag_hub_gen:sld_jtag_hub_inst|clr_reg                            ; Soc:inst1|Soc_jtag_uart:jtag_uart|alt_jtag_atlantic:Soc_jtag_uart_alt_jtag_atlantic|count[8]        ; altera_reserved_tck ; altera_reserved_tck ; 100.000      ; -0.048     ; 1.522      ;
; 98.437 ; sld_hub:auto_hub|sld_jtag_hub:\jtag_hub_gen:sld_jtag_hub_inst|clr_reg                            ; Soc:inst1|Soc_jtag_uart:jtag_uart|alt_jtag_atlantic:Soc_jtag_uart_alt_jtag_atlantic|count[7]        ; altera_reserved_tck ; altera_reserved_tck ; 100.000      ; -0.048     ; 1.522      ;
; 98.437 ; sld_hub:auto_hub|sld_jtag_hub:\jtag_hub_gen:sld_jtag_hub_inst|clr_reg                            ; Soc:inst1|Soc_jtag_uart:jtag_uart|alt_jtag_atlantic:Soc_jtag_uart_alt_jtag_atlantic|count[6]        ; altera_reserved_tck ; altera_reserved_tck ; 100.000      ; -0.048     ; 1.522      ;
; 98.437 ; sld_hub:auto_hub|sld_jtag_hub:\jtag_hub_gen:sld_jtag_hub_inst|clr_reg                            ; Soc:inst1|Soc_jtag_uart:jtag_uart|alt_jtag_atlantic:Soc_jtag_uart_alt_jtag_atlantic|count[5]        ; altera_reserved_tck ; altera_reserved_tck ; 100.000      ; -0.048     ; 1.522      ;
; 98.437 ; sld_hub:auto_hub|sld_jtag_hub:\jtag_hub_gen:sld_jtag_hub_inst|clr_reg                            ; Soc:inst1|Soc_jtag_uart:jtag_uart|alt_jtag_atlantic:Soc_jtag_uart_alt_jtag_atlantic|count[4]        ; altera_reserved_tck ; altera_reserved_tck ; 100.000      ; -0.048     ; 1.522      ;
; 98.437 ; sld_hub:auto_hub|sld_jtag_hub:\jtag_hub_gen:sld_jtag_hub_inst|clr_reg                            ; Soc:inst1|Soc_jtag_uart:jtag_uart|alt_jtag_atlantic:Soc_jtag_uart_alt_jtag_atlantic|count[3]        ; altera_reserved_tck ; altera_reserved_tck ; 100.000      ; -0.048     ; 1.522      ;
; 98.437 ; sld_hub:auto_hub|sld_jtag_hub:\jtag_hub_gen:sld_jtag_hub_inst|clr_reg                            ; Soc:inst1|Soc_jtag_uart:jtag_uart|alt_jtag_atlantic:Soc_jtag_uart_alt_jtag_atlantic|count[2]        ; altera_reserved_tck ; altera_reserved_tck ; 100.000      ; -0.048     ; 1.522      ;
; 98.437 ; sld_hub:auto_hub|sld_jtag_hub:\jtag_hub_gen:sld_jtag_hub_inst|clr_reg                            ; Soc:inst1|Soc_jtag_uart:jtag_uart|alt_jtag_atlantic:Soc_jtag_uart_alt_jtag_atlantic|count[1]        ; altera_reserved_tck ; altera_reserved_tck ; 100.000      ; -0.048     ; 1.522      ;
; 98.437 ; sld_hub:auto_hub|sld_jtag_hub:\jtag_hub_gen:sld_jtag_hub_inst|clr_reg                            ; Soc:inst1|Soc_jtag_uart:jtag_uart|alt_jtag_atlantic:Soc_jtag_uart_alt_jtag_atlantic|count[0]        ; altera_reserved_tck ; altera_reserved_tck ; 100.000      ; -0.048     ; 1.522      ;
; 98.437 ; sld_hub:auto_hub|sld_jtag_hub:\jtag_hub_gen:sld_jtag_hub_inst|clr_reg                            ; Soc:inst1|Soc_jtag_uart:jtag_uart|alt_jtag_atlantic:Soc_jtag_uart_alt_jtag_atlantic|count[9]        ; altera_reserved_tck ; altera_reserved_tck ; 100.000      ; -0.048     ; 1.522      ;
; 98.437 ; sld_hub:auto_hub|sld_jtag_hub:\jtag_hub_gen:sld_jtag_hub_inst|clr_reg                            ; Soc:inst1|Soc_jtag_uart:jtag_uart|alt_jtag_atlantic:Soc_jtag_uart_alt_jtag_atlantic|td_shift[10]    ; altera_reserved_tck ; altera_reserved_tck ; 100.000      ; -0.048     ; 1.522      ;
; 98.437 ; sld_hub:auto_hub|sld_jtag_hub:\jtag_hub_gen:sld_jtag_hub_inst|clr_reg                            ; Soc:inst1|Soc_jtag_uart:jtag_uart|alt_jtag_atlantic:Soc_jtag_uart_alt_jtag_atlantic|td_shift[9]     ; altera_reserved_tck ; altera_reserved_tck ; 100.000      ; -0.048     ; 1.522      ;
; 98.437 ; sld_hub:auto_hub|sld_jtag_hub:\jtag_hub_gen:sld_jtag_hub_inst|clr_reg                            ; Soc:inst1|Soc_jtag_uart:jtag_uart|alt_jtag_atlantic:Soc_jtag_uart_alt_jtag_atlantic|td_shift[0]     ; altera_reserved_tck ; altera_reserved_tck ; 100.000      ; -0.048     ; 1.522      ;
; 98.437 ; sld_hub:auto_hub|sld_jtag_hub:\jtag_hub_gen:sld_jtag_hub_inst|clr_reg                            ; Soc:inst1|Soc_jtag_uart:jtag_uart|alt_jtag_atlantic:Soc_jtag_uart_alt_jtag_atlantic|td_shift[8]     ; altera_reserved_tck ; altera_reserved_tck ; 100.000      ; -0.048     ; 1.522      ;
; 98.665 ; sld_hub:auto_hub|sld_jtag_hub:\jtag_hub_gen:sld_jtag_hub_inst|clr_reg                            ; sld_hub:auto_hub|sld_jtag_hub:\jtag_hub_gen:sld_jtag_hub_inst|shadow_irf_reg[2][4]                  ; altera_reserved_tck ; altera_reserved_tck ; 100.000      ; -0.024     ; 1.318      ;
; 98.665 ; sld_hub:auto_hub|sld_jtag_hub:\jtag_hub_gen:sld_jtag_hub_inst|clr_reg                            ; sld_hub:auto_hub|sld_jtag_hub:\jtag_hub_gen:sld_jtag_hub_inst|irf_reg[2][4]                         ; altera_reserved_tck ; altera_reserved_tck ; 100.000      ; -0.024     ; 1.318      ;
; 98.665 ; sld_hub:auto_hub|sld_jtag_hub:\jtag_hub_gen:sld_jtag_hub_inst|clr_reg                            ; sld_hub:auto_hub|sld_jtag_hub:\jtag_hub_gen:sld_jtag_hub_inst|shadow_irf_reg[2][3]                  ; altera_reserved_tck ; altera_reserved_tck ; 100.000      ; -0.024     ; 1.318      ;
; 98.665 ; sld_hub:auto_hub|sld_jtag_hub:\jtag_hub_gen:sld_jtag_hub_inst|clr_reg                            ; sld_hub:auto_hub|sld_jtag_hub:\jtag_hub_gen:sld_jtag_hub_inst|irf_reg[2][3]                         ; altera_reserved_tck ; altera_reserved_tck ; 100.000      ; -0.024     ; 1.318      ;
; 98.665 ; sld_hub:auto_hub|sld_jtag_hub:\jtag_hub_gen:sld_jtag_hub_inst|clr_reg                            ; sld_hub:auto_hub|sld_jtag_hub:\jtag_hub_gen:sld_jtag_hub_inst|shadow_irf_reg[2][2]                  ; altera_reserved_tck ; altera_reserved_tck ; 100.000      ; -0.024     ; 1.318      ;
; 98.665 ; sld_hub:auto_hub|sld_jtag_hub:\jtag_hub_gen:sld_jtag_hub_inst|clr_reg                            ; sld_hub:auto_hub|sld_jtag_hub:\jtag_hub_gen:sld_jtag_hub_inst|irf_reg[2][2]                         ; altera_reserved_tck ; altera_reserved_tck ; 100.000      ; -0.024     ; 1.318      ;
; 98.665 ; sld_hub:auto_hub|sld_jtag_hub:\jtag_hub_gen:sld_jtag_hub_inst|clr_reg                            ; sld_hub:auto_hub|sld_jtag_hub:\jtag_hub_gen:sld_jtag_hub_inst|shadow_irf_reg[2][1]                  ; altera_reserved_tck ; altera_reserved_tck ; 100.000      ; -0.024     ; 1.318      ;
; 98.665 ; sld_hub:auto_hub|sld_jtag_hub:\jtag_hub_gen:sld_jtag_hub_inst|clr_reg                            ; sld_hub:auto_hub|sld_jtag_hub:\jtag_hub_gen:sld_jtag_hub_inst|irf_reg[2][1]                         ; altera_reserved_tck ; altera_reserved_tck ; 100.000      ; -0.024     ; 1.318      ;
; 98.665 ; sld_hub:auto_hub|sld_jtag_hub:\jtag_hub_gen:sld_jtag_hub_inst|clr_reg                            ; sld_hub:auto_hub|sld_jtag_hub:\jtag_hub_gen:sld_jtag_hub_inst|shadow_irf_reg[2][0]                  ; altera_reserved_tck ; altera_reserved_tck ; 100.000      ; -0.024     ; 1.318      ;
; 98.665 ; sld_hub:auto_hub|sld_jtag_hub:\jtag_hub_gen:sld_jtag_hub_inst|clr_reg                            ; sld_hub:auto_hub|sld_jtag_hub:\jtag_hub_gen:sld_jtag_hub_inst|irf_reg[2][0]                         ; altera_reserved_tck ; altera_reserved_tck ; 100.000      ; -0.024     ; 1.318      ;
; 98.678 ; sld_hub:auto_hub|sld_jtag_hub:\jtag_hub_gen:sld_jtag_hub_inst|clr_reg                            ; sld_hub:auto_hub|sld_jtag_hub:\jtag_hub_gen:sld_jtag_hub_inst|shadow_irf_reg[1][4]                  ; altera_reserved_tck ; altera_reserved_tck ; 100.000      ; -0.023     ; 1.306      ;
; 98.678 ; sld_hub:auto_hub|sld_jtag_hub:\jtag_hub_gen:sld_jtag_hub_inst|clr_reg                            ; sld_hub:auto_hub|sld_jtag_hub:\jtag_hub_gen:sld_jtag_hub_inst|irf_reg[1][4]                         ; altera_reserved_tck ; altera_reserved_tck ; 100.000      ; -0.023     ; 1.306      ;
; 98.678 ; sld_hub:auto_hub|sld_jtag_hub:\jtag_hub_gen:sld_jtag_hub_inst|clr_reg                            ; sld_hub:auto_hub|sld_jtag_hub:\jtag_hub_gen:sld_jtag_hub_inst|shadow_irf_reg[1][3]                  ; altera_reserved_tck ; altera_reserved_tck ; 100.000      ; -0.023     ; 1.306      ;
; 98.678 ; sld_hub:auto_hub|sld_jtag_hub:\jtag_hub_gen:sld_jtag_hub_inst|clr_reg                            ; sld_hub:auto_hub|sld_jtag_hub:\jtag_hub_gen:sld_jtag_hub_inst|irf_reg[1][3]                         ; altera_reserved_tck ; altera_reserved_tck ; 100.000      ; -0.023     ; 1.306      ;
; 98.678 ; sld_hub:auto_hub|sld_jtag_hub:\jtag_hub_gen:sld_jtag_hub_inst|clr_reg                            ; sld_hub:auto_hub|sld_jtag_hub:\jtag_hub_gen:sld_jtag_hub_inst|shadow_irf_reg[1][2]                  ; altera_reserved_tck ; altera_reserved_tck ; 100.000      ; -0.023     ; 1.306      ;
; 98.678 ; sld_hub:auto_hub|sld_jtag_hub:\jtag_hub_gen:sld_jtag_hub_inst|clr_reg                            ; sld_hub:auto_hub|sld_jtag_hub:\jtag_hub_gen:sld_jtag_hub_inst|irf_reg[1][2]                         ; altera_reserved_tck ; altera_reserved_tck ; 100.000      ; -0.023     ; 1.306      ;
; 98.678 ; sld_hub:auto_hub|sld_jtag_hub:\jtag_hub_gen:sld_jtag_hub_inst|clr_reg                            ; sld_hub:auto_hub|sld_jtag_hub:\jtag_hub_gen:sld_jtag_hub_inst|shadow_irf_reg[1][0]                  ; altera_reserved_tck ; altera_reserved_tck ; 100.000      ; -0.023     ; 1.306      ;
; 98.678 ; sld_hub:auto_hub|sld_jtag_hub:\jtag_hub_gen:sld_jtag_hub_inst|clr_reg                            ; sld_hub:auto_hub|sld_jtag_hub:\jtag_hub_gen:sld_jtag_hub_inst|shadow_irf_reg[1][1]                  ; altera_reserved_tck ; altera_reserved_tck ; 100.000      ; -0.023     ; 1.306      ;
; 98.678 ; sld_hub:auto_hub|sld_jtag_hub:\jtag_hub_gen:sld_jtag_hub_inst|clr_reg                            ; sld_hub:auto_hub|sld_jtag_hub:\jtag_hub_gen:sld_jtag_hub_inst|irf_reg[1][0]                         ; altera_reserved_tck ; altera_reserved_tck ; 100.000      ; -0.023     ; 1.306      ;
; 98.678 ; sld_hub:auto_hub|sld_jtag_hub:\jtag_hub_gen:sld_jtag_hub_inst|clr_reg                            ; sld_hub:auto_hub|sld_jtag_hub:\jtag_hub_gen:sld_jtag_hub_inst|irf_reg[1][1]                         ; altera_reserved_tck ; altera_reserved_tck ; 100.000      ; -0.023     ; 1.306      ;
; 98.689 ; sld_hub:auto_hub|sld_jtag_hub:\jtag_hub_gen:sld_jtag_hub_inst|clr_reg                            ; Soc:inst1|Soc_jtag_uart:jtag_uart|alt_jtag_atlantic:Soc_jtag_uart_alt_jtag_atlantic|state           ; altera_reserved_tck ; altera_reserved_tck ; 100.000      ; -0.009     ; 1.309      ;
; 98.716 ; sld_hub:auto_hub|sld_jtag_hub:\jtag_hub_gen:sld_jtag_hub_inst|virtual_ir_scan_reg                ; sld_hub:auto_hub|sld_jtag_hub:\jtag_hub_gen:sld_jtag_hub_inst|hub_mode_reg[2]                       ; altera_reserved_tck ; altera_reserved_tck ; 100.000      ; -0.074     ; 1.217      ;
; 98.722 ; sld_hub:auto_hub|sld_jtag_hub:\jtag_hub_gen:sld_jtag_hub_inst|clr_reg                            ; Soc:inst1|Soc_jtag_uart:jtag_uart|alt_jtag_atlantic:Soc_jtag_uart_alt_jtag_atlantic|write_stalled   ; altera_reserved_tck ; altera_reserved_tck ; 100.000      ; -0.055     ; 1.230      ;
; 98.722 ; sld_hub:auto_hub|sld_jtag_hub:\jtag_hub_gen:sld_jtag_hub_inst|clr_reg                            ; Soc:inst1|Soc_jtag_uart:jtag_uart|alt_jtag_atlantic:Soc_jtag_uart_alt_jtag_atlantic|write_valid     ; altera_reserved_tck ; altera_reserved_tck ; 100.000      ; -0.055     ; 1.230      ;
; 98.722 ; sld_hub:auto_hub|sld_jtag_hub:\jtag_hub_gen:sld_jtag_hub_inst|clr_reg                            ; Soc:inst1|Soc_jtag_uart:jtag_uart|alt_jtag_atlantic:Soc_jtag_uart_alt_jtag_atlantic|wdata[0]        ; altera_reserved_tck ; altera_reserved_tck ; 100.000      ; -0.055     ; 1.230      ;
; 98.722 ; sld_hub:auto_hub|sld_jtag_hub:\jtag_hub_gen:sld_jtag_hub_inst|clr_reg                            ; Soc:inst1|Soc_jtag_uart:jtag_uart|alt_jtag_atlantic:Soc_jtag_uart_alt_jtag_atlantic|tck_t_dav       ; altera_reserved_tck ; altera_reserved_tck ; 100.000      ; -0.055     ; 1.230      ;
; 98.755 ; sld_hub:auto_hub|sld_jtag_hub:\jtag_hub_gen:sld_jtag_hub_inst|clr_reg                            ; Soc:inst1|Soc_jtag_uart:jtag_uart|alt_jtag_atlantic:Soc_jtag_uart_alt_jtag_atlantic|read            ; altera_reserved_tck ; altera_reserved_tck ; 100.000      ; -0.055     ; 1.197      ;
; 98.755 ; sld_hub:auto_hub|sld_jtag_hub:\jtag_hub_gen:sld_jtag_hub_inst|clr_reg                            ; Soc:inst1|Soc_jtag_uart:jtag_uart|alt_jtag_atlantic:Soc_jtag_uart_alt_jtag_atlantic|read_req        ; altera_reserved_tck ; altera_reserved_tck ; 100.000      ; -0.055     ; 1.197      ;
; 98.994 ; sld_hub:auto_hub|sld_jtag_hub:\jtag_hub_gen:sld_jtag_hub_inst|sld_shadow_jsm:shadow_jsm|state[0] ; sld_hub:auto_hub|sld_jtag_hub:\jtag_hub_gen:sld_jtag_hub_inst|virtual_ir_scan_reg                   ; altera_reserved_tck ; altera_reserved_tck ; 100.000      ; -0.020     ; 0.993      ;
; 98.994 ; sld_hub:auto_hub|sld_jtag_hub:\jtag_hub_gen:sld_jtag_hub_inst|sld_shadow_jsm:shadow_jsm|state[0] ; sld_hub:auto_hub|sld_jtag_hub:\jtag_hub_gen:sld_jtag_hub_inst|virtual_dr_scan_reg                   ; altera_reserved_tck ; altera_reserved_tck ; 100.000      ; -0.020     ; 0.993      ;
; 98.994 ; sld_hub:auto_hub|sld_jtag_hub:\jtag_hub_gen:sld_jtag_hub_inst|sld_shadow_jsm:shadow_jsm|state[0] ; sld_hub:auto_hub|sld_jtag_hub:\jtag_hub_gen:sld_jtag_hub_inst|jtag_ir_reg[0]                        ; altera_reserved_tck ; altera_reserved_tck ; 100.000      ; -0.020     ; 0.993      ;
; 98.994 ; sld_hub:auto_hub|sld_jtag_hub:\jtag_hub_gen:sld_jtag_hub_inst|sld_shadow_jsm:shadow_jsm|state[0] ; sld_hub:auto_hub|sld_jtag_hub:\jtag_hub_gen:sld_jtag_hub_inst|jtag_ir_reg[1]                        ; altera_reserved_tck ; altera_reserved_tck ; 100.000      ; -0.020     ; 0.993      ;
; 98.994 ; sld_hub:auto_hub|sld_jtag_hub:\jtag_hub_gen:sld_jtag_hub_inst|sld_shadow_jsm:shadow_jsm|state[0] ; sld_hub:auto_hub|sld_jtag_hub:\jtag_hub_gen:sld_jtag_hub_inst|jtag_ir_reg[2]                        ; altera_reserved_tck ; altera_reserved_tck ; 100.000      ; -0.020     ; 0.993      ;
; 98.994 ; sld_hub:auto_hub|sld_jtag_hub:\jtag_hub_gen:sld_jtag_hub_inst|sld_shadow_jsm:shadow_jsm|state[0] ; sld_hub:auto_hub|sld_jtag_hub:\jtag_hub_gen:sld_jtag_hub_inst|jtag_ir_reg[3]                        ; altera_reserved_tck ; altera_reserved_tck ; 100.000      ; -0.020     ; 0.993      ;
; 98.994 ; sld_hub:auto_hub|sld_jtag_hub:\jtag_hub_gen:sld_jtag_hub_inst|sld_shadow_jsm:shadow_jsm|state[0] ; sld_hub:auto_hub|sld_jtag_hub:\jtag_hub_gen:sld_jtag_hub_inst|jtag_ir_reg[4]                        ; altera_reserved_tck ; altera_reserved_tck ; 100.000      ; -0.020     ; 0.993      ;
; 98.994 ; sld_hub:auto_hub|sld_jtag_hub:\jtag_hub_gen:sld_jtag_hub_inst|sld_shadow_jsm:shadow_jsm|state[0] ; sld_hub:auto_hub|sld_jtag_hub:\jtag_hub_gen:sld_jtag_hub_inst|jtag_ir_reg[5]                        ; altera_reserved_tck ; altera_reserved_tck ; 100.000      ; -0.020     ; 0.993      ;
; 98.994 ; sld_hub:auto_hub|sld_jtag_hub:\jtag_hub_gen:sld_jtag_hub_inst|sld_shadow_jsm:shadow_jsm|state[0] ; sld_hub:auto_hub|sld_jtag_hub:\jtag_hub_gen:sld_jtag_hub_inst|jtag_ir_reg[6]                        ; altera_reserved_tck ; altera_reserved_tck ; 100.000      ; -0.020     ; 0.993      ;
; 98.994 ; sld_hub:auto_hub|sld_jtag_hub:\jtag_hub_gen:sld_jtag_hub_inst|sld_shadow_jsm:shadow_jsm|state[0] ; sld_hub:auto_hub|sld_jtag_hub:\jtag_hub_gen:sld_jtag_hub_inst|jtag_ir_reg[7]                        ; altera_reserved_tck ; altera_reserved_tck ; 100.000      ; -0.020     ; 0.993      ;
; 98.994 ; sld_hub:auto_hub|sld_jtag_hub:\jtag_hub_gen:sld_jtag_hub_inst|sld_shadow_jsm:shadow_jsm|state[0] ; sld_hub:auto_hub|sld_jtag_hub:\jtag_hub_gen:sld_jtag_hub_inst|jtag_ir_reg[8]                        ; altera_reserved_tck ; altera_reserved_tck ; 100.000      ; -0.020     ; 0.993      ;
; 98.994 ; sld_hub:auto_hub|sld_jtag_hub:\jtag_hub_gen:sld_jtag_hub_inst|sld_shadow_jsm:shadow_jsm|state[0] ; sld_hub:auto_hub|sld_jtag_hub:\jtag_hub_gen:sld_jtag_hub_inst|jtag_ir_reg[9]                        ; altera_reserved_tck ; altera_reserved_tck ; 100.000      ; -0.020     ; 0.993      ;
; 99.013 ; sld_hub:auto_hub|sld_jtag_hub:\jtag_hub_gen:sld_jtag_hub_inst|clr_reg                            ; sld_hub:auto_hub|sld_jtag_hub:\jtag_hub_gen:sld_jtag_hub_inst|node_ena[1]~reg0                      ; altera_reserved_tck ; altera_reserved_tck ; 100.000      ; -0.020     ; 0.974      ;
; 99.013 ; sld_hub:auto_hub|sld_jtag_hub:\jtag_hub_gen:sld_jtag_hub_inst|clr_reg                            ; sld_hub:auto_hub|sld_jtag_hub:\jtag_hub_gen:sld_jtag_hub_inst|node_ena[2]~reg0                      ; altera_reserved_tck ; altera_reserved_tck ; 100.000      ; -0.020     ; 0.974      ;
; 99.013 ; sld_hub:auto_hub|sld_jtag_hub:\jtag_hub_gen:sld_jtag_hub_inst|clr_reg                            ; sld_hub:auto_hub|sld_jtag_hub:\jtag_hub_gen:sld_jtag_hub_inst|irsr_reg[6]                           ; altera_reserved_tck ; altera_reserved_tck ; 100.000      ; -0.020     ; 0.974      ;
; 99.013 ; sld_hub:auto_hub|sld_jtag_hub:\jtag_hub_gen:sld_jtag_hub_inst|clr_reg                            ; sld_hub:auto_hub|sld_jtag_hub:\jtag_hub_gen:sld_jtag_hub_inst|irsr_reg[5]                           ; altera_reserved_tck ; altera_reserved_tck ; 100.000      ; -0.020     ; 0.974      ;
; 99.027 ; sld_hub:auto_hub|sld_jtag_hub:\jtag_hub_gen:sld_jtag_hub_inst|clr_reg                            ; sld_hub:auto_hub|sld_jtag_hub:\jtag_hub_gen:sld_jtag_hub_inst|irsr_reg[2]                           ; altera_reserved_tck ; altera_reserved_tck ; 100.000      ; -0.021     ; 0.959      ;
; 99.027 ; sld_hub:auto_hub|sld_jtag_hub:\jtag_hub_gen:sld_jtag_hub_inst|clr_reg                            ; sld_hub:auto_hub|sld_jtag_hub:\jtag_hub_gen:sld_jtag_hub_inst|irsr_reg[3]                           ; altera_reserved_tck ; altera_reserved_tck ; 100.000      ; -0.021     ; 0.959      ;
; 99.027 ; sld_hub:auto_hub|sld_jtag_hub:\jtag_hub_gen:sld_jtag_hub_inst|clr_reg                            ; sld_hub:auto_hub|sld_jtag_hub:\jtag_hub_gen:sld_jtag_hub_inst|irsr_reg[0]                           ; altera_reserved_tck ; altera_reserved_tck ; 100.000      ; -0.021     ; 0.959      ;
; 99.027 ; sld_hub:auto_hub|sld_jtag_hub:\jtag_hub_gen:sld_jtag_hub_inst|clr_reg                            ; sld_hub:auto_hub|sld_jtag_hub:\jtag_hub_gen:sld_jtag_hub_inst|irsr_reg[1]                           ; altera_reserved_tck ; altera_reserved_tck ; 100.000      ; -0.021     ; 0.959      ;
; 99.027 ; sld_hub:auto_hub|sld_jtag_hub:\jtag_hub_gen:sld_jtag_hub_inst|clr_reg                            ; sld_hub:auto_hub|sld_jtag_hub:\jtag_hub_gen:sld_jtag_hub_inst|irsr_reg[4]                           ; altera_reserved_tck ; altera_reserved_tck ; 100.000      ; -0.021     ; 0.959      ;
; 99.027 ; sld_hub:auto_hub|sld_jtag_hub:\jtag_hub_gen:sld_jtag_hub_inst|clr_reg                            ; sld_hub:auto_hub|sld_jtag_hub:\jtag_hub_gen:sld_jtag_hub_inst|hub_mode_reg[0]                       ; altera_reserved_tck ; altera_reserved_tck ; 100.000      ; -0.021     ; 0.959      ;
; 99.027 ; sld_hub:auto_hub|sld_jtag_hub:\jtag_hub_gen:sld_jtag_hub_inst|clr_reg                            ; sld_hub:auto_hub|sld_jtag_hub:\jtag_hub_gen:sld_jtag_hub_inst|hub_mode_reg[1]                       ; altera_reserved_tck ; altera_reserved_tck ; 100.000      ; -0.021     ; 0.959      ;
+--------+--------------------------------------------------------------------------------------------------+-----------------------------------------------------------------------------------------------------+---------------------+---------------------+--------------+------------+------------+


+------------------------------------------------------------------------------------------------------------------------------------------------------------------------------------------------------------------------------------------------------------------------------------------------------+
; Fast 1200mV 0C Model Removal: 'altera_reserved_tck'                                                                                                                                                                                                                                                  ;
+--------+--------------------------------------------------------------------------------------------------+-----------------------------------------------------------------------------------------------------+---------------------+---------------------+--------------+------------+------------+
; Slack  ; From Node                                                                                        ; To Node                                                                                             ; Launch Clock        ; Latch Clock         ; Relationship ; Clock Skew ; Data Delay ;
+--------+--------------------------------------------------------------------------------------------------+-----------------------------------------------------------------------------------------------------+---------------------+---------------------+--------------+------------+------------+
; 0.695  ; sld_hub:auto_hub|sld_jtag_hub:\jtag_hub_gen:sld_jtag_hub_inst|clr_reg                            ; sld_hub:auto_hub|sld_jtag_hub:\jtag_hub_gen:sld_jtag_hub_inst|irsr_reg[2]                           ; altera_reserved_tck ; altera_reserved_tck ; 0.000        ; 0.058      ; 0.837      ;
; 0.695  ; sld_hub:auto_hub|sld_jtag_hub:\jtag_hub_gen:sld_jtag_hub_inst|clr_reg                            ; sld_hub:auto_hub|sld_jtag_hub:\jtag_hub_gen:sld_jtag_hub_inst|irsr_reg[3]                           ; altera_reserved_tck ; altera_reserved_tck ; 0.000        ; 0.058      ; 0.837      ;
; 0.695  ; sld_hub:auto_hub|sld_jtag_hub:\jtag_hub_gen:sld_jtag_hub_inst|clr_reg                            ; sld_hub:auto_hub|sld_jtag_hub:\jtag_hub_gen:sld_jtag_hub_inst|irsr_reg[0]                           ; altera_reserved_tck ; altera_reserved_tck ; 0.000        ; 0.058      ; 0.837      ;
; 0.695  ; sld_hub:auto_hub|sld_jtag_hub:\jtag_hub_gen:sld_jtag_hub_inst|clr_reg                            ; sld_hub:auto_hub|sld_jtag_hub:\jtag_hub_gen:sld_jtag_hub_inst|irsr_reg[1]                           ; altera_reserved_tck ; altera_reserved_tck ; 0.000        ; 0.058      ; 0.837      ;
; 0.695  ; sld_hub:auto_hub|sld_jtag_hub:\jtag_hub_gen:sld_jtag_hub_inst|clr_reg                            ; sld_hub:auto_hub|sld_jtag_hub:\jtag_hub_gen:sld_jtag_hub_inst|irsr_reg[4]                           ; altera_reserved_tck ; altera_reserved_tck ; 0.000        ; 0.058      ; 0.837      ;
; 0.695  ; sld_hub:auto_hub|sld_jtag_hub:\jtag_hub_gen:sld_jtag_hub_inst|clr_reg                            ; sld_hub:auto_hub|sld_jtag_hub:\jtag_hub_gen:sld_jtag_hub_inst|hub_mode_reg[0]                       ; altera_reserved_tck ; altera_reserved_tck ; 0.000        ; 0.058      ; 0.837      ;
; 0.695  ; sld_hub:auto_hub|sld_jtag_hub:\jtag_hub_gen:sld_jtag_hub_inst|clr_reg                            ; sld_hub:auto_hub|sld_jtag_hub:\jtag_hub_gen:sld_jtag_hub_inst|hub_mode_reg[1]                       ; altera_reserved_tck ; altera_reserved_tck ; 0.000        ; 0.058      ; 0.837      ;
; 0.707  ; sld_hub:auto_hub|sld_jtag_hub:\jtag_hub_gen:sld_jtag_hub_inst|clr_reg                            ; sld_hub:auto_hub|sld_jtag_hub:\jtag_hub_gen:sld_jtag_hub_inst|node_ena[1]~reg0                      ; altera_reserved_tck ; altera_reserved_tck ; 0.000        ; 0.059      ; 0.850      ;
; 0.707  ; sld_hub:auto_hub|sld_jtag_hub:\jtag_hub_gen:sld_jtag_hub_inst|clr_reg                            ; sld_hub:auto_hub|sld_jtag_hub:\jtag_hub_gen:sld_jtag_hub_inst|node_ena[2]~reg0                      ; altera_reserved_tck ; altera_reserved_tck ; 0.000        ; 0.059      ; 0.850      ;
; 0.707  ; sld_hub:auto_hub|sld_jtag_hub:\jtag_hub_gen:sld_jtag_hub_inst|clr_reg                            ; sld_hub:auto_hub|sld_jtag_hub:\jtag_hub_gen:sld_jtag_hub_inst|irsr_reg[6]                           ; altera_reserved_tck ; altera_reserved_tck ; 0.000        ; 0.059      ; 0.850      ;
; 0.707  ; sld_hub:auto_hub|sld_jtag_hub:\jtag_hub_gen:sld_jtag_hub_inst|clr_reg                            ; sld_hub:auto_hub|sld_jtag_hub:\jtag_hub_gen:sld_jtag_hub_inst|irsr_reg[5]                           ; altera_reserved_tck ; altera_reserved_tck ; 0.000        ; 0.059      ; 0.850      ;
; 0.708  ; sld_hub:auto_hub|sld_jtag_hub:\jtag_hub_gen:sld_jtag_hub_inst|sld_shadow_jsm:shadow_jsm|state[0] ; sld_hub:auto_hub|sld_jtag_hub:\jtag_hub_gen:sld_jtag_hub_inst|virtual_ir_scan_reg                   ; altera_reserved_tck ; altera_reserved_tck ; 0.000        ; 0.061      ; 0.853      ;
; 0.708  ; sld_hub:auto_hub|sld_jtag_hub:\jtag_hub_gen:sld_jtag_hub_inst|sld_shadow_jsm:shadow_jsm|state[0] ; sld_hub:auto_hub|sld_jtag_hub:\jtag_hub_gen:sld_jtag_hub_inst|virtual_dr_scan_reg                   ; altera_reserved_tck ; altera_reserved_tck ; 0.000        ; 0.061      ; 0.853      ;
; 0.708  ; sld_hub:auto_hub|sld_jtag_hub:\jtag_hub_gen:sld_jtag_hub_inst|sld_shadow_jsm:shadow_jsm|state[0] ; sld_hub:auto_hub|sld_jtag_hub:\jtag_hub_gen:sld_jtag_hub_inst|jtag_ir_reg[0]                        ; altera_reserved_tck ; altera_reserved_tck ; 0.000        ; 0.061      ; 0.853      ;
; 0.708  ; sld_hub:auto_hub|sld_jtag_hub:\jtag_hub_gen:sld_jtag_hub_inst|sld_shadow_jsm:shadow_jsm|state[0] ; sld_hub:auto_hub|sld_jtag_hub:\jtag_hub_gen:sld_jtag_hub_inst|jtag_ir_reg[1]                        ; altera_reserved_tck ; altera_reserved_tck ; 0.000        ; 0.061      ; 0.853      ;
; 0.708  ; sld_hub:auto_hub|sld_jtag_hub:\jtag_hub_gen:sld_jtag_hub_inst|sld_shadow_jsm:shadow_jsm|state[0] ; sld_hub:auto_hub|sld_jtag_hub:\jtag_hub_gen:sld_jtag_hub_inst|jtag_ir_reg[2]                        ; altera_reserved_tck ; altera_reserved_tck ; 0.000        ; 0.061      ; 0.853      ;
; 0.708  ; sld_hub:auto_hub|sld_jtag_hub:\jtag_hub_gen:sld_jtag_hub_inst|sld_shadow_jsm:shadow_jsm|state[0] ; sld_hub:auto_hub|sld_jtag_hub:\jtag_hub_gen:sld_jtag_hub_inst|jtag_ir_reg[3]                        ; altera_reserved_tck ; altera_reserved_tck ; 0.000        ; 0.061      ; 0.853      ;
; 0.708  ; sld_hub:auto_hub|sld_jtag_hub:\jtag_hub_gen:sld_jtag_hub_inst|sld_shadow_jsm:shadow_jsm|state[0] ; sld_hub:auto_hub|sld_jtag_hub:\jtag_hub_gen:sld_jtag_hub_inst|jtag_ir_reg[4]                        ; altera_reserved_tck ; altera_reserved_tck ; 0.000        ; 0.061      ; 0.853      ;
; 0.708  ; sld_hub:auto_hub|sld_jtag_hub:\jtag_hub_gen:sld_jtag_hub_inst|sld_shadow_jsm:shadow_jsm|state[0] ; sld_hub:auto_hub|sld_jtag_hub:\jtag_hub_gen:sld_jtag_hub_inst|jtag_ir_reg[5]                        ; altera_reserved_tck ; altera_reserved_tck ; 0.000        ; 0.061      ; 0.853      ;
; 0.708  ; sld_hub:auto_hub|sld_jtag_hub:\jtag_hub_gen:sld_jtag_hub_inst|sld_shadow_jsm:shadow_jsm|state[0] ; sld_hub:auto_hub|sld_jtag_hub:\jtag_hub_gen:sld_jtag_hub_inst|jtag_ir_reg[6]                        ; altera_reserved_tck ; altera_reserved_tck ; 0.000        ; 0.061      ; 0.853      ;
; 0.708  ; sld_hub:auto_hub|sld_jtag_hub:\jtag_hub_gen:sld_jtag_hub_inst|sld_shadow_jsm:shadow_jsm|state[0] ; sld_hub:auto_hub|sld_jtag_hub:\jtag_hub_gen:sld_jtag_hub_inst|jtag_ir_reg[7]                        ; altera_reserved_tck ; altera_reserved_tck ; 0.000        ; 0.061      ; 0.853      ;
; 0.708  ; sld_hub:auto_hub|sld_jtag_hub:\jtag_hub_gen:sld_jtag_hub_inst|sld_shadow_jsm:shadow_jsm|state[0] ; sld_hub:auto_hub|sld_jtag_hub:\jtag_hub_gen:sld_jtag_hub_inst|jtag_ir_reg[8]                        ; altera_reserved_tck ; altera_reserved_tck ; 0.000        ; 0.061      ; 0.853      ;
; 0.708  ; sld_hub:auto_hub|sld_jtag_hub:\jtag_hub_gen:sld_jtag_hub_inst|sld_shadow_jsm:shadow_jsm|state[0] ; sld_hub:auto_hub|sld_jtag_hub:\jtag_hub_gen:sld_jtag_hub_inst|jtag_ir_reg[9]                        ; altera_reserved_tck ; altera_reserved_tck ; 0.000        ; 0.061      ; 0.853      ;
; 0.920  ; sld_hub:auto_hub|sld_jtag_hub:\jtag_hub_gen:sld_jtag_hub_inst|clr_reg                            ; Soc:inst1|Soc_jtag_uart:jtag_uart|alt_jtag_atlantic:Soc_jtag_uart_alt_jtag_atlantic|read            ; altera_reserved_tck ; altera_reserved_tck ; 0.000        ; 0.053      ; 1.057      ;
; 0.920  ; sld_hub:auto_hub|sld_jtag_hub:\jtag_hub_gen:sld_jtag_hub_inst|clr_reg                            ; Soc:inst1|Soc_jtag_uart:jtag_uart|alt_jtag_atlantic:Soc_jtag_uart_alt_jtag_atlantic|read_req        ; altera_reserved_tck ; altera_reserved_tck ; 0.000        ; 0.053      ; 1.057      ;
; 0.937  ; sld_hub:auto_hub|sld_jtag_hub:\jtag_hub_gen:sld_jtag_hub_inst|clr_reg                            ; Soc:inst1|Soc_jtag_uart:jtag_uart|alt_jtag_atlantic:Soc_jtag_uart_alt_jtag_atlantic|write_stalled   ; altera_reserved_tck ; altera_reserved_tck ; 0.000        ; 0.053      ; 1.074      ;
; 0.937  ; sld_hub:auto_hub|sld_jtag_hub:\jtag_hub_gen:sld_jtag_hub_inst|clr_reg                            ; Soc:inst1|Soc_jtag_uart:jtag_uart|alt_jtag_atlantic:Soc_jtag_uart_alt_jtag_atlantic|write_valid     ; altera_reserved_tck ; altera_reserved_tck ; 0.000        ; 0.053      ; 1.074      ;
; 0.937  ; sld_hub:auto_hub|sld_jtag_hub:\jtag_hub_gen:sld_jtag_hub_inst|clr_reg                            ; Soc:inst1|Soc_jtag_uart:jtag_uart|alt_jtag_atlantic:Soc_jtag_uart_alt_jtag_atlantic|wdata[0]        ; altera_reserved_tck ; altera_reserved_tck ; 0.000        ; 0.053      ; 1.074      ;
; 0.937  ; sld_hub:auto_hub|sld_jtag_hub:\jtag_hub_gen:sld_jtag_hub_inst|clr_reg                            ; Soc:inst1|Soc_jtag_uart:jtag_uart|alt_jtag_atlantic:Soc_jtag_uart_alt_jtag_atlantic|tck_t_dav       ; altera_reserved_tck ; altera_reserved_tck ; 0.000        ; 0.053      ; 1.074      ;
; 0.938  ; sld_hub:auto_hub|sld_jtag_hub:\jtag_hub_gen:sld_jtag_hub_inst|virtual_ir_scan_reg                ; sld_hub:auto_hub|sld_jtag_hub:\jtag_hub_gen:sld_jtag_hub_inst|hub_mode_reg[2]                       ; altera_reserved_tck ; altera_reserved_tck ; 0.000        ; 0.006      ; 1.028      ;
; 0.980  ; sld_hub:auto_hub|sld_jtag_hub:\jtag_hub_gen:sld_jtag_hub_inst|clr_reg                            ; Soc:inst1|Soc_jtag_uart:jtag_uart|alt_jtag_atlantic:Soc_jtag_uart_alt_jtag_atlantic|state           ; altera_reserved_tck ; altera_reserved_tck ; 0.000        ; 0.071      ; 1.135      ;
; 0.991  ; sld_hub:auto_hub|sld_jtag_hub:\jtag_hub_gen:sld_jtag_hub_inst|clr_reg                            ; sld_hub:auto_hub|sld_jtag_hub:\jtag_hub_gen:sld_jtag_hub_inst|shadow_irf_reg[1][4]                  ; altera_reserved_tck ; altera_reserved_tck ; 0.000        ; 0.056      ; 1.131      ;
; 0.991  ; sld_hub:auto_hub|sld_jtag_hub:\jtag_hub_gen:sld_jtag_hub_inst|clr_reg                            ; sld_hub:auto_hub|sld_jtag_hub:\jtag_hub_gen:sld_jtag_hub_inst|irf_reg[1][4]                         ; altera_reserved_tck ; altera_reserved_tck ; 0.000        ; 0.056      ; 1.131      ;
; 0.991  ; sld_hub:auto_hub|sld_jtag_hub:\jtag_hub_gen:sld_jtag_hub_inst|clr_reg                            ; sld_hub:auto_hub|sld_jtag_hub:\jtag_hub_gen:sld_jtag_hub_inst|shadow_irf_reg[1][3]                  ; altera_reserved_tck ; altera_reserved_tck ; 0.000        ; 0.056      ; 1.131      ;
; 0.991  ; sld_hub:auto_hub|sld_jtag_hub:\jtag_hub_gen:sld_jtag_hub_inst|clr_reg                            ; sld_hub:auto_hub|sld_jtag_hub:\jtag_hub_gen:sld_jtag_hub_inst|irf_reg[1][3]                         ; altera_reserved_tck ; altera_reserved_tck ; 0.000        ; 0.056      ; 1.131      ;
; 0.991  ; sld_hub:auto_hub|sld_jtag_hub:\jtag_hub_gen:sld_jtag_hub_inst|clr_reg                            ; sld_hub:auto_hub|sld_jtag_hub:\jtag_hub_gen:sld_jtag_hub_inst|shadow_irf_reg[1][2]                  ; altera_reserved_tck ; altera_reserved_tck ; 0.000        ; 0.056      ; 1.131      ;
; 0.991  ; sld_hub:auto_hub|sld_jtag_hub:\jtag_hub_gen:sld_jtag_hub_inst|clr_reg                            ; sld_hub:auto_hub|sld_jtag_hub:\jtag_hub_gen:sld_jtag_hub_inst|irf_reg[1][2]                         ; altera_reserved_tck ; altera_reserved_tck ; 0.000        ; 0.056      ; 1.131      ;
; 0.991  ; sld_hub:auto_hub|sld_jtag_hub:\jtag_hub_gen:sld_jtag_hub_inst|clr_reg                            ; sld_hub:auto_hub|sld_jtag_hub:\jtag_hub_gen:sld_jtag_hub_inst|shadow_irf_reg[1][0]                  ; altera_reserved_tck ; altera_reserved_tck ; 0.000        ; 0.056      ; 1.131      ;
; 0.991  ; sld_hub:auto_hub|sld_jtag_hub:\jtag_hub_gen:sld_jtag_hub_inst|clr_reg                            ; sld_hub:auto_hub|sld_jtag_hub:\jtag_hub_gen:sld_jtag_hub_inst|shadow_irf_reg[1][1]                  ; altera_reserved_tck ; altera_reserved_tck ; 0.000        ; 0.056      ; 1.131      ;
; 0.991  ; sld_hub:auto_hub|sld_jtag_hub:\jtag_hub_gen:sld_jtag_hub_inst|clr_reg                            ; sld_hub:auto_hub|sld_jtag_hub:\jtag_hub_gen:sld_jtag_hub_inst|irf_reg[1][0]                         ; altera_reserved_tck ; altera_reserved_tck ; 0.000        ; 0.056      ; 1.131      ;
; 0.991  ; sld_hub:auto_hub|sld_jtag_hub:\jtag_hub_gen:sld_jtag_hub_inst|clr_reg                            ; sld_hub:auto_hub|sld_jtag_hub:\jtag_hub_gen:sld_jtag_hub_inst|irf_reg[1][1]                         ; altera_reserved_tck ; altera_reserved_tck ; 0.000        ; 0.056      ; 1.131      ;
; 0.999  ; sld_hub:auto_hub|sld_jtag_hub:\jtag_hub_gen:sld_jtag_hub_inst|clr_reg                            ; sld_hub:auto_hub|sld_jtag_hub:\jtag_hub_gen:sld_jtag_hub_inst|shadow_irf_reg[2][4]                  ; altera_reserved_tck ; altera_reserved_tck ; 0.000        ; 0.055      ; 1.138      ;
; 0.999  ; sld_hub:auto_hub|sld_jtag_hub:\jtag_hub_gen:sld_jtag_hub_inst|clr_reg                            ; sld_hub:auto_hub|sld_jtag_hub:\jtag_hub_gen:sld_jtag_hub_inst|irf_reg[2][4]                         ; altera_reserved_tck ; altera_reserved_tck ; 0.000        ; 0.055      ; 1.138      ;
; 0.999  ; sld_hub:auto_hub|sld_jtag_hub:\jtag_hub_gen:sld_jtag_hub_inst|clr_reg                            ; sld_hub:auto_hub|sld_jtag_hub:\jtag_hub_gen:sld_jtag_hub_inst|shadow_irf_reg[2][3]                  ; altera_reserved_tck ; altera_reserved_tck ; 0.000        ; 0.055      ; 1.138      ;
; 0.999  ; sld_hub:auto_hub|sld_jtag_hub:\jtag_hub_gen:sld_jtag_hub_inst|clr_reg                            ; sld_hub:auto_hub|sld_jtag_hub:\jtag_hub_gen:sld_jtag_hub_inst|irf_reg[2][3]                         ; altera_reserved_tck ; altera_reserved_tck ; 0.000        ; 0.055      ; 1.138      ;
; 0.999  ; sld_hub:auto_hub|sld_jtag_hub:\jtag_hub_gen:sld_jtag_hub_inst|clr_reg                            ; sld_hub:auto_hub|sld_jtag_hub:\jtag_hub_gen:sld_jtag_hub_inst|shadow_irf_reg[2][2]                  ; altera_reserved_tck ; altera_reserved_tck ; 0.000        ; 0.055      ; 1.138      ;
; 0.999  ; sld_hub:auto_hub|sld_jtag_hub:\jtag_hub_gen:sld_jtag_hub_inst|clr_reg                            ; sld_hub:auto_hub|sld_jtag_hub:\jtag_hub_gen:sld_jtag_hub_inst|irf_reg[2][2]                         ; altera_reserved_tck ; altera_reserved_tck ; 0.000        ; 0.055      ; 1.138      ;
; 0.999  ; sld_hub:auto_hub|sld_jtag_hub:\jtag_hub_gen:sld_jtag_hub_inst|clr_reg                            ; sld_hub:auto_hub|sld_jtag_hub:\jtag_hub_gen:sld_jtag_hub_inst|shadow_irf_reg[2][1]                  ; altera_reserved_tck ; altera_reserved_tck ; 0.000        ; 0.055      ; 1.138      ;
; 0.999  ; sld_hub:auto_hub|sld_jtag_hub:\jtag_hub_gen:sld_jtag_hub_inst|clr_reg                            ; sld_hub:auto_hub|sld_jtag_hub:\jtag_hub_gen:sld_jtag_hub_inst|irf_reg[2][1]                         ; altera_reserved_tck ; altera_reserved_tck ; 0.000        ; 0.055      ; 1.138      ;
; 0.999  ; sld_hub:auto_hub|sld_jtag_hub:\jtag_hub_gen:sld_jtag_hub_inst|clr_reg                            ; sld_hub:auto_hub|sld_jtag_hub:\jtag_hub_gen:sld_jtag_hub_inst|shadow_irf_reg[2][0]                  ; altera_reserved_tck ; altera_reserved_tck ; 0.000        ; 0.055      ; 1.138      ;
; 0.999  ; sld_hub:auto_hub|sld_jtag_hub:\jtag_hub_gen:sld_jtag_hub_inst|clr_reg                            ; sld_hub:auto_hub|sld_jtag_hub:\jtag_hub_gen:sld_jtag_hub_inst|irf_reg[2][0]                         ; altera_reserved_tck ; altera_reserved_tck ; 0.000        ; 0.055      ; 1.138      ;
; 1.176  ; sld_hub:auto_hub|sld_jtag_hub:\jtag_hub_gen:sld_jtag_hub_inst|clr_reg                            ; Soc:inst1|Soc_jtag_uart:jtag_uart|alt_jtag_atlantic:Soc_jtag_uart_alt_jtag_atlantic|user_saw_rvalid ; altera_reserved_tck ; altera_reserved_tck ; 0.000        ; 0.061      ; 1.321      ;
; 1.176  ; sld_hub:auto_hub|sld_jtag_hub:\jtag_hub_gen:sld_jtag_hub_inst|clr_reg                            ; Soc:inst1|Soc_jtag_uart:jtag_uart|alt_jtag_atlantic:Soc_jtag_uart_alt_jtag_atlantic|count[8]        ; altera_reserved_tck ; altera_reserved_tck ; 0.000        ; 0.061      ; 1.321      ;
; 1.176  ; sld_hub:auto_hub|sld_jtag_hub:\jtag_hub_gen:sld_jtag_hub_inst|clr_reg                            ; Soc:inst1|Soc_jtag_uart:jtag_uart|alt_jtag_atlantic:Soc_jtag_uart_alt_jtag_atlantic|count[7]        ; altera_reserved_tck ; altera_reserved_tck ; 0.000        ; 0.061      ; 1.321      ;
; 1.176  ; sld_hub:auto_hub|sld_jtag_hub:\jtag_hub_gen:sld_jtag_hub_inst|clr_reg                            ; Soc:inst1|Soc_jtag_uart:jtag_uart|alt_jtag_atlantic:Soc_jtag_uart_alt_jtag_atlantic|count[6]        ; altera_reserved_tck ; altera_reserved_tck ; 0.000        ; 0.061      ; 1.321      ;
; 1.176  ; sld_hub:auto_hub|sld_jtag_hub:\jtag_hub_gen:sld_jtag_hub_inst|clr_reg                            ; Soc:inst1|Soc_jtag_uart:jtag_uart|alt_jtag_atlantic:Soc_jtag_uart_alt_jtag_atlantic|count[5]        ; altera_reserved_tck ; altera_reserved_tck ; 0.000        ; 0.061      ; 1.321      ;
; 1.176  ; sld_hub:auto_hub|sld_jtag_hub:\jtag_hub_gen:sld_jtag_hub_inst|clr_reg                            ; Soc:inst1|Soc_jtag_uart:jtag_uart|alt_jtag_atlantic:Soc_jtag_uart_alt_jtag_atlantic|count[4]        ; altera_reserved_tck ; altera_reserved_tck ; 0.000        ; 0.061      ; 1.321      ;
; 1.176  ; sld_hub:auto_hub|sld_jtag_hub:\jtag_hub_gen:sld_jtag_hub_inst|clr_reg                            ; Soc:inst1|Soc_jtag_uart:jtag_uart|alt_jtag_atlantic:Soc_jtag_uart_alt_jtag_atlantic|count[3]        ; altera_reserved_tck ; altera_reserved_tck ; 0.000        ; 0.061      ; 1.321      ;
; 1.176  ; sld_hub:auto_hub|sld_jtag_hub:\jtag_hub_gen:sld_jtag_hub_inst|clr_reg                            ; Soc:inst1|Soc_jtag_uart:jtag_uart|alt_jtag_atlantic:Soc_jtag_uart_alt_jtag_atlantic|count[2]        ; altera_reserved_tck ; altera_reserved_tck ; 0.000        ; 0.061      ; 1.321      ;
; 1.176  ; sld_hub:auto_hub|sld_jtag_hub:\jtag_hub_gen:sld_jtag_hub_inst|clr_reg                            ; Soc:inst1|Soc_jtag_uart:jtag_uart|alt_jtag_atlantic:Soc_jtag_uart_alt_jtag_atlantic|count[1]        ; altera_reserved_tck ; altera_reserved_tck ; 0.000        ; 0.061      ; 1.321      ;
; 1.176  ; sld_hub:auto_hub|sld_jtag_hub:\jtag_hub_gen:sld_jtag_hub_inst|clr_reg                            ; Soc:inst1|Soc_jtag_uart:jtag_uart|alt_jtag_atlantic:Soc_jtag_uart_alt_jtag_atlantic|count[0]        ; altera_reserved_tck ; altera_reserved_tck ; 0.000        ; 0.061      ; 1.321      ;
; 1.176  ; sld_hub:auto_hub|sld_jtag_hub:\jtag_hub_gen:sld_jtag_hub_inst|clr_reg                            ; Soc:inst1|Soc_jtag_uart:jtag_uart|alt_jtag_atlantic:Soc_jtag_uart_alt_jtag_atlantic|count[9]        ; altera_reserved_tck ; altera_reserved_tck ; 0.000        ; 0.061      ; 1.321      ;
; 1.176  ; sld_hub:auto_hub|sld_jtag_hub:\jtag_hub_gen:sld_jtag_hub_inst|clr_reg                            ; Soc:inst1|Soc_jtag_uart:jtag_uart|alt_jtag_atlantic:Soc_jtag_uart_alt_jtag_atlantic|td_shift[10]    ; altera_reserved_tck ; altera_reserved_tck ; 0.000        ; 0.061      ; 1.321      ;
; 1.176  ; sld_hub:auto_hub|sld_jtag_hub:\jtag_hub_gen:sld_jtag_hub_inst|clr_reg                            ; Soc:inst1|Soc_jtag_uart:jtag_uart|alt_jtag_atlantic:Soc_jtag_uart_alt_jtag_atlantic|td_shift[9]     ; altera_reserved_tck ; altera_reserved_tck ; 0.000        ; 0.061      ; 1.321      ;
; 1.176  ; sld_hub:auto_hub|sld_jtag_hub:\jtag_hub_gen:sld_jtag_hub_inst|clr_reg                            ; Soc:inst1|Soc_jtag_uart:jtag_uart|alt_jtag_atlantic:Soc_jtag_uart_alt_jtag_atlantic|td_shift[0]     ; altera_reserved_tck ; altera_reserved_tck ; 0.000        ; 0.061      ; 1.321      ;
; 1.176  ; sld_hub:auto_hub|sld_jtag_hub:\jtag_hub_gen:sld_jtag_hub_inst|clr_reg                            ; Soc:inst1|Soc_jtag_uart:jtag_uart|alt_jtag_atlantic:Soc_jtag_uart_alt_jtag_atlantic|td_shift[8]     ; altera_reserved_tck ; altera_reserved_tck ; 0.000        ; 0.061      ; 1.321      ;
; 1.187  ; sld_hub:auto_hub|sld_jtag_hub:\jtag_hub_gen:sld_jtag_hub_inst|clr_reg                            ; Soc:inst1|Soc_jtag_uart:jtag_uart|alt_jtag_atlantic:Soc_jtag_uart_alt_jtag_atlantic|td_shift[1]     ; altera_reserved_tck ; altera_reserved_tck ; 0.000        ; 0.061      ; 1.332      ;
; 1.187  ; sld_hub:auto_hub|sld_jtag_hub:\jtag_hub_gen:sld_jtag_hub_inst|clr_reg                            ; Soc:inst1|Soc_jtag_uart:jtag_uart|alt_jtag_atlantic:Soc_jtag_uart_alt_jtag_atlantic|td_shift[2]     ; altera_reserved_tck ; altera_reserved_tck ; 0.000        ; 0.061      ; 1.332      ;
; 1.187  ; sld_hub:auto_hub|sld_jtag_hub:\jtag_hub_gen:sld_jtag_hub_inst|clr_reg                            ; Soc:inst1|Soc_jtag_uart:jtag_uart|alt_jtag_atlantic:Soc_jtag_uart_alt_jtag_atlantic|td_shift[3]     ; altera_reserved_tck ; altera_reserved_tck ; 0.000        ; 0.061      ; 1.332      ;
; 1.187  ; sld_hub:auto_hub|sld_jtag_hub:\jtag_hub_gen:sld_jtag_hub_inst|clr_reg                            ; Soc:inst1|Soc_jtag_uart:jtag_uart|alt_jtag_atlantic:Soc_jtag_uart_alt_jtag_atlantic|td_shift[4]     ; altera_reserved_tck ; altera_reserved_tck ; 0.000        ; 0.061      ; 1.332      ;
; 1.187  ; sld_hub:auto_hub|sld_jtag_hub:\jtag_hub_gen:sld_jtag_hub_inst|clr_reg                            ; Soc:inst1|Soc_jtag_uart:jtag_uart|alt_jtag_atlantic:Soc_jtag_uart_alt_jtag_atlantic|td_shift[5]     ; altera_reserved_tck ; altera_reserved_tck ; 0.000        ; 0.061      ; 1.332      ;
; 1.187  ; sld_hub:auto_hub|sld_jtag_hub:\jtag_hub_gen:sld_jtag_hub_inst|clr_reg                            ; Soc:inst1|Soc_jtag_uart:jtag_uart|alt_jtag_atlantic:Soc_jtag_uart_alt_jtag_atlantic|td_shift[6]     ; altera_reserved_tck ; altera_reserved_tck ; 0.000        ; 0.061      ; 1.332      ;
; 1.187  ; sld_hub:auto_hub|sld_jtag_hub:\jtag_hub_gen:sld_jtag_hub_inst|clr_reg                            ; Soc:inst1|Soc_jtag_uart:jtag_uart|alt_jtag_atlantic:Soc_jtag_uart_alt_jtag_atlantic|td_shift[7]     ; altera_reserved_tck ; altera_reserved_tck ; 0.000        ; 0.061      ; 1.332      ;
; 1.191  ; sld_hub:auto_hub|sld_jtag_hub:\jtag_hub_gen:sld_jtag_hub_inst|clr_reg                            ; Soc:inst1|Soc_jtag_uart:jtag_uart|alt_jtag_atlantic:Soc_jtag_uart_alt_jtag_atlantic|wdata[7]        ; altera_reserved_tck ; altera_reserved_tck ; 0.000        ; 0.061      ; 1.336      ;
; 1.191  ; sld_hub:auto_hub|sld_jtag_hub:\jtag_hub_gen:sld_jtag_hub_inst|clr_reg                            ; Soc:inst1|Soc_jtag_uart:jtag_uart|alt_jtag_atlantic:Soc_jtag_uart_alt_jtag_atlantic|wdata[6]        ; altera_reserved_tck ; altera_reserved_tck ; 0.000        ; 0.061      ; 1.336      ;
; 1.191  ; sld_hub:auto_hub|sld_jtag_hub:\jtag_hub_gen:sld_jtag_hub_inst|clr_reg                            ; Soc:inst1|Soc_jtag_uart:jtag_uart|alt_jtag_atlantic:Soc_jtag_uart_alt_jtag_atlantic|wdata[5]        ; altera_reserved_tck ; altera_reserved_tck ; 0.000        ; 0.061      ; 1.336      ;
; 1.191  ; sld_hub:auto_hub|sld_jtag_hub:\jtag_hub_gen:sld_jtag_hub_inst|clr_reg                            ; Soc:inst1|Soc_jtag_uart:jtag_uart|alt_jtag_atlantic:Soc_jtag_uart_alt_jtag_atlantic|write           ; altera_reserved_tck ; altera_reserved_tck ; 0.000        ; 0.061      ; 1.336      ;
; 1.191  ; sld_hub:auto_hub|sld_jtag_hub:\jtag_hub_gen:sld_jtag_hub_inst|clr_reg                            ; Soc:inst1|Soc_jtag_uart:jtag_uart|alt_jtag_atlantic:Soc_jtag_uart_alt_jtag_atlantic|wdata[4]        ; altera_reserved_tck ; altera_reserved_tck ; 0.000        ; 0.061      ; 1.336      ;
; 1.191  ; sld_hub:auto_hub|sld_jtag_hub:\jtag_hub_gen:sld_jtag_hub_inst|clr_reg                            ; Soc:inst1|Soc_jtag_uart:jtag_uart|alt_jtag_atlantic:Soc_jtag_uart_alt_jtag_atlantic|wdata[3]        ; altera_reserved_tck ; altera_reserved_tck ; 0.000        ; 0.061      ; 1.336      ;
; 1.191  ; sld_hub:auto_hub|sld_jtag_hub:\jtag_hub_gen:sld_jtag_hub_inst|clr_reg                            ; Soc:inst1|Soc_jtag_uart:jtag_uart|alt_jtag_atlantic:Soc_jtag_uart_alt_jtag_atlantic|wdata[2]        ; altera_reserved_tck ; altera_reserved_tck ; 0.000        ; 0.061      ; 1.336      ;
; 1.191  ; sld_hub:auto_hub|sld_jtag_hub:\jtag_hub_gen:sld_jtag_hub_inst|clr_reg                            ; Soc:inst1|Soc_jtag_uart:jtag_uart|alt_jtag_atlantic:Soc_jtag_uart_alt_jtag_atlantic|wdata[1]        ; altera_reserved_tck ; altera_reserved_tck ; 0.000        ; 0.061      ; 1.336      ;
; 50.511 ; sld_hub:auto_hub|sld_jtag_hub:\jtag_hub_gen:sld_jtag_hub_inst|sld_shadow_jsm:shadow_jsm|state[8] ; sld_hub:auto_hub|sld_jtag_hub:\jtag_hub_gen:sld_jtag_hub_inst|tdo                                   ; altera_reserved_tck ; altera_reserved_tck ; -50.000      ; 0.364      ; 0.959      ;
; 50.735 ; sld_hub:auto_hub|sld_jtag_hub:\jtag_hub_gen:sld_jtag_hub_inst|clr_reg                            ; Soc:inst1|Soc_jtag_uart:jtag_uart|alt_jtag_atlantic:Soc_jtag_uart_alt_jtag_atlantic|jupdate         ; altera_reserved_tck ; altera_reserved_tck ; -50.000      ; 0.359      ; 1.178      ;
; 50.873 ; sld_hub:auto_hub|sld_jtag_hub:\jtag_hub_gen:sld_jtag_hub_inst|clr_reg                            ; Soc:inst1|Soc_jtag_uart:jtag_uart|alt_jtag_atlantic:Soc_jtag_uart_alt_jtag_atlantic|tdo~reg0        ; altera_reserved_tck ; altera_reserved_tck ; -50.000      ; 0.379      ; 1.336      ;
+--------+--------------------------------------------------------------------------------------------------+-----------------------------------------------------------------------------------------------------+---------------------+---------------------+--------------+------------+------------+


+-------------------------------------------------------------------------------------------------------------------------------------------------------------------------------------------------------------------------------------------------------------------------------------------------------------------------------------------------------------------+
; Fast 1200mV 0C Model Minimum Pulse Width: 'altera_reserved_tck'                                                                                                                                                                                                                                                                                                   ;
+--------+--------------+----------------+------------------+---------------------+------------+--------------------------------------------------------------------------------------------------------------------------------------------------------------------------------------------------------------------------------------------------------------------+
; Slack  ; Actual Width ; Required Width ; Type             ; Clock               ; Clock Edge ; Target                                                                                                                                                                                                                                                             ;
+--------+--------------+----------------+------------------+---------------------+------------+--------------------------------------------------------------------------------------------------------------------------------------------------------------------------------------------------------------------------------------------------------------------+
; 49.475 ; 49.691       ; 0.216          ; High Pulse Width ; altera_reserved_tck ; Fall       ; Soc:inst1|Soc_jtag_uart:jtag_uart|alt_jtag_atlantic:Soc_jtag_uart_alt_jtag_atlantic|jupdate                                                                                                                                                                        ;
; 49.475 ; 49.691       ; 0.216          ; High Pulse Width ; altera_reserved_tck ; Fall       ; Soc:inst1|Soc_jtag_uart:jtag_uart|alt_jtag_atlantic:Soc_jtag_uart_alt_jtag_atlantic|tdo~reg0                                                                                                                                                                       ;
; 49.475 ; 49.691       ; 0.216          ; High Pulse Width ; altera_reserved_tck ; Fall       ; sld_hub:auto_hub|sld_jtag_hub:\jtag_hub_gen:sld_jtag_hub_inst|tdo                                                                                                                                                                                                  ;
; 49.517 ; 49.701       ; 0.184          ; Low Pulse Width  ; altera_reserved_tck ; Rise       ; Soc:inst1|Soc_cpu:cpu|Soc_cpu_nios2_oci:the_Soc_cpu_nios2_oci|Soc_cpu_jtag_debug_module_wrapper:the_Soc_cpu_jtag_debug_module_wrapper|Soc_cpu_jtag_debug_module_tck:the_Soc_cpu_jtag_debug_module_tck|altera_std_synchronizer:the_altera_std_synchronizer1|din_s1  ;
; 49.517 ; 49.701       ; 0.184          ; Low Pulse Width  ; altera_reserved_tck ; Rise       ; Soc:inst1|Soc_cpu:cpu|Soc_cpu_nios2_oci:the_Soc_cpu_nios2_oci|Soc_cpu_jtag_debug_module_wrapper:the_Soc_cpu_jtag_debug_module_wrapper|Soc_cpu_jtag_debug_module_tck:the_Soc_cpu_jtag_debug_module_tck|altera_std_synchronizer:the_altera_std_synchronizer1|dreg[0] ;
; 49.517 ; 49.701       ; 0.184          ; Low Pulse Width  ; altera_reserved_tck ; Rise       ; Soc:inst1|Soc_cpu:cpu|Soc_cpu_nios2_oci:the_Soc_cpu_nios2_oci|Soc_cpu_jtag_debug_module_wrapper:the_Soc_cpu_jtag_debug_module_wrapper|Soc_cpu_jtag_debug_module_tck:the_Soc_cpu_jtag_debug_module_tck|altera_std_synchronizer:the_altera_std_synchronizer2|din_s1  ;
; 49.517 ; 49.701       ; 0.184          ; Low Pulse Width  ; altera_reserved_tck ; Rise       ; Soc:inst1|Soc_cpu:cpu|Soc_cpu_nios2_oci:the_Soc_cpu_nios2_oci|Soc_cpu_jtag_debug_module_wrapper:the_Soc_cpu_jtag_debug_module_wrapper|Soc_cpu_jtag_debug_module_tck:the_Soc_cpu_jtag_debug_module_tck|altera_std_synchronizer:the_altera_std_synchronizer2|dreg[0] ;
; 49.517 ; 49.701       ; 0.184          ; Low Pulse Width  ; altera_reserved_tck ; Rise       ; Soc:inst1|Soc_cpu:cpu|Soc_cpu_nios2_oci:the_Soc_cpu_nios2_oci|Soc_cpu_jtag_debug_module_wrapper:the_Soc_cpu_jtag_debug_module_wrapper|Soc_cpu_jtag_debug_module_tck:the_Soc_cpu_jtag_debug_module_tck|ir_out[0]                                                    ;
; 49.517 ; 49.701       ; 0.184          ; Low Pulse Width  ; altera_reserved_tck ; Rise       ; Soc:inst1|Soc_cpu:cpu|Soc_cpu_nios2_oci:the_Soc_cpu_nios2_oci|Soc_cpu_jtag_debug_module_wrapper:the_Soc_cpu_jtag_debug_module_wrapper|Soc_cpu_jtag_debug_module_tck:the_Soc_cpu_jtag_debug_module_tck|ir_out[1]                                                    ;
; 49.517 ; 49.701       ; 0.184          ; Low Pulse Width  ; altera_reserved_tck ; Rise       ; Soc:inst1|Soc_cpu:cpu|Soc_cpu_nios2_oci:the_Soc_cpu_nios2_oci|Soc_cpu_jtag_debug_module_wrapper:the_Soc_cpu_jtag_debug_module_wrapper|Soc_cpu_jtag_debug_module_tck:the_Soc_cpu_jtag_debug_module_tck|sr[0]                                                        ;
; 49.517 ; 49.701       ; 0.184          ; Low Pulse Width  ; altera_reserved_tck ; Rise       ; Soc:inst1|Soc_cpu:cpu|Soc_cpu_nios2_oci:the_Soc_cpu_nios2_oci|Soc_cpu_jtag_debug_module_wrapper:the_Soc_cpu_jtag_debug_module_wrapper|Soc_cpu_jtag_debug_module_tck:the_Soc_cpu_jtag_debug_module_tck|sr[15]                                                       ;
; 49.517 ; 49.701       ; 0.184          ; Low Pulse Width  ; altera_reserved_tck ; Rise       ; Soc:inst1|Soc_cpu:cpu|Soc_cpu_nios2_oci:the_Soc_cpu_nios2_oci|Soc_cpu_jtag_debug_module_wrapper:the_Soc_cpu_jtag_debug_module_wrapper|Soc_cpu_jtag_debug_module_tck:the_Soc_cpu_jtag_debug_module_tck|sr[16]                                                       ;
; 49.517 ; 49.701       ; 0.184          ; Low Pulse Width  ; altera_reserved_tck ; Rise       ; Soc:inst1|Soc_cpu:cpu|Soc_cpu_nios2_oci:the_Soc_cpu_nios2_oci|Soc_cpu_jtag_debug_module_wrapper:the_Soc_cpu_jtag_debug_module_wrapper|Soc_cpu_jtag_debug_module_tck:the_Soc_cpu_jtag_debug_module_tck|sr[17]                                                       ;
; 49.517 ; 49.701       ; 0.184          ; Low Pulse Width  ; altera_reserved_tck ; Rise       ; Soc:inst1|Soc_cpu:cpu|Soc_cpu_nios2_oci:the_Soc_cpu_nios2_oci|Soc_cpu_jtag_debug_module_wrapper:the_Soc_cpu_jtag_debug_module_wrapper|Soc_cpu_jtag_debug_module_tck:the_Soc_cpu_jtag_debug_module_tck|sr[18]                                                       ;
; 49.517 ; 49.701       ; 0.184          ; Low Pulse Width  ; altera_reserved_tck ; Rise       ; Soc:inst1|Soc_cpu:cpu|Soc_cpu_nios2_oci:the_Soc_cpu_nios2_oci|Soc_cpu_jtag_debug_module_wrapper:the_Soc_cpu_jtag_debug_module_wrapper|Soc_cpu_jtag_debug_module_tck:the_Soc_cpu_jtag_debug_module_tck|sr[19]                                                       ;
; 49.517 ; 49.701       ; 0.184          ; Low Pulse Width  ; altera_reserved_tck ; Rise       ; Soc:inst1|Soc_cpu:cpu|Soc_cpu_nios2_oci:the_Soc_cpu_nios2_oci|Soc_cpu_jtag_debug_module_wrapper:the_Soc_cpu_jtag_debug_module_wrapper|Soc_cpu_jtag_debug_module_tck:the_Soc_cpu_jtag_debug_module_tck|sr[20]                                                       ;
; 49.517 ; 49.701       ; 0.184          ; Low Pulse Width  ; altera_reserved_tck ; Rise       ; Soc:inst1|Soc_cpu:cpu|Soc_cpu_nios2_oci:the_Soc_cpu_nios2_oci|Soc_cpu_jtag_debug_module_wrapper:the_Soc_cpu_jtag_debug_module_wrapper|Soc_cpu_jtag_debug_module_tck:the_Soc_cpu_jtag_debug_module_tck|sr[21]                                                       ;
; 49.517 ; 49.701       ; 0.184          ; Low Pulse Width  ; altera_reserved_tck ; Rise       ; Soc:inst1|Soc_cpu:cpu|Soc_cpu_nios2_oci:the_Soc_cpu_nios2_oci|Soc_cpu_jtag_debug_module_wrapper:the_Soc_cpu_jtag_debug_module_wrapper|Soc_cpu_jtag_debug_module_tck:the_Soc_cpu_jtag_debug_module_tck|sr[22]                                                       ;
; 49.517 ; 49.701       ; 0.184          ; Low Pulse Width  ; altera_reserved_tck ; Rise       ; Soc:inst1|Soc_cpu:cpu|Soc_cpu_nios2_oci:the_Soc_cpu_nios2_oci|Soc_cpu_jtag_debug_module_wrapper:the_Soc_cpu_jtag_debug_module_wrapper|Soc_cpu_jtag_debug_module_tck:the_Soc_cpu_jtag_debug_module_tck|sr[23]                                                       ;
; 49.517 ; 49.701       ; 0.184          ; Low Pulse Width  ; altera_reserved_tck ; Rise       ; Soc:inst1|Soc_cpu:cpu|Soc_cpu_nios2_oci:the_Soc_cpu_nios2_oci|Soc_cpu_jtag_debug_module_wrapper:the_Soc_cpu_jtag_debug_module_wrapper|Soc_cpu_jtag_debug_module_tck:the_Soc_cpu_jtag_debug_module_tck|sr[35]                                                       ;
; 49.517 ; 49.701       ; 0.184          ; Low Pulse Width  ; altera_reserved_tck ; Rise       ; Soc:inst1|Soc_cpu:cpu|Soc_cpu_nios2_oci:the_Soc_cpu_nios2_oci|Soc_cpu_jtag_debug_module_wrapper:the_Soc_cpu_jtag_debug_module_wrapper|Soc_cpu_jtag_debug_module_tck:the_Soc_cpu_jtag_debug_module_tck|sr[36]                                                       ;
; 49.517 ; 49.701       ; 0.184          ; Low Pulse Width  ; altera_reserved_tck ; Rise       ; Soc:inst1|Soc_cpu:cpu|Soc_cpu_nios2_oci:the_Soc_cpu_nios2_oci|Soc_cpu_jtag_debug_module_wrapper:the_Soc_cpu_jtag_debug_module_wrapper|Soc_cpu_jtag_debug_module_tck:the_Soc_cpu_jtag_debug_module_tck|sr[37]                                                       ;
; 49.517 ; 49.701       ; 0.184          ; Low Pulse Width  ; altera_reserved_tck ; Rise       ; Soc:inst1|Soc_jtag_uart:jtag_uart|alt_jtag_atlantic:Soc_jtag_uart_alt_jtag_atlantic|state                                                                                                                                                                          ;
; 49.517 ; 49.701       ; 0.184          ; Low Pulse Width  ; altera_reserved_tck ; Rise       ; sld_hub:auto_hub|sld_jtag_hub:\jtag_hub_gen:sld_jtag_hub_inst|jtag_ir_reg[0]                                                                                                                                                                                       ;
; 49.517 ; 49.701       ; 0.184          ; Low Pulse Width  ; altera_reserved_tck ; Rise       ; sld_hub:auto_hub|sld_jtag_hub:\jtag_hub_gen:sld_jtag_hub_inst|jtag_ir_reg[1]                                                                                                                                                                                       ;
; 49.517 ; 49.701       ; 0.184          ; Low Pulse Width  ; altera_reserved_tck ; Rise       ; sld_hub:auto_hub|sld_jtag_hub:\jtag_hub_gen:sld_jtag_hub_inst|jtag_ir_reg[2]                                                                                                                                                                                       ;
; 49.517 ; 49.701       ; 0.184          ; Low Pulse Width  ; altera_reserved_tck ; Rise       ; sld_hub:auto_hub|sld_jtag_hub:\jtag_hub_gen:sld_jtag_hub_inst|jtag_ir_reg[3]                                                                                                                                                                                       ;
; 49.517 ; 49.701       ; 0.184          ; Low Pulse Width  ; altera_reserved_tck ; Rise       ; sld_hub:auto_hub|sld_jtag_hub:\jtag_hub_gen:sld_jtag_hub_inst|jtag_ir_reg[4]                                                                                                                                                                                       ;
; 49.517 ; 49.701       ; 0.184          ; Low Pulse Width  ; altera_reserved_tck ; Rise       ; sld_hub:auto_hub|sld_jtag_hub:\jtag_hub_gen:sld_jtag_hub_inst|jtag_ir_reg[5]                                                                                                                                                                                       ;
; 49.517 ; 49.701       ; 0.184          ; Low Pulse Width  ; altera_reserved_tck ; Rise       ; sld_hub:auto_hub|sld_jtag_hub:\jtag_hub_gen:sld_jtag_hub_inst|jtag_ir_reg[6]                                                                                                                                                                                       ;
; 49.517 ; 49.701       ; 0.184          ; Low Pulse Width  ; altera_reserved_tck ; Rise       ; sld_hub:auto_hub|sld_jtag_hub:\jtag_hub_gen:sld_jtag_hub_inst|jtag_ir_reg[7]                                                                                                                                                                                       ;
; 49.517 ; 49.701       ; 0.184          ; Low Pulse Width  ; altera_reserved_tck ; Rise       ; sld_hub:auto_hub|sld_jtag_hub:\jtag_hub_gen:sld_jtag_hub_inst|jtag_ir_reg[8]                                                                                                                                                                                       ;
; 49.517 ; 49.701       ; 0.184          ; Low Pulse Width  ; altera_reserved_tck ; Rise       ; sld_hub:auto_hub|sld_jtag_hub:\jtag_hub_gen:sld_jtag_hub_inst|jtag_ir_reg[9]                                                                                                                                                                                       ;
; 49.517 ; 49.701       ; 0.184          ; Low Pulse Width  ; altera_reserved_tck ; Rise       ; sld_hub:auto_hub|sld_jtag_hub:\jtag_hub_gen:sld_jtag_hub_inst|virtual_dr_scan_reg                                                                                                                                                                                  ;
; 49.517 ; 49.701       ; 0.184          ; Low Pulse Width  ; altera_reserved_tck ; Rise       ; sld_hub:auto_hub|sld_jtag_hub:\jtag_hub_gen:sld_jtag_hub_inst|virtual_ir_scan_reg                                                                                                                                                                                  ;
; 49.518 ; 49.702       ; 0.184          ; Low Pulse Width  ; altera_reserved_tck ; Rise       ; Soc:inst1|Soc_cpu:cpu|Soc_cpu_nios2_oci:the_Soc_cpu_nios2_oci|Soc_cpu_jtag_debug_module_wrapper:the_Soc_cpu_jtag_debug_module_wrapper|Soc_cpu_jtag_debug_module_tck:the_Soc_cpu_jtag_debug_module_tck|sr[24]                                                       ;
; 49.518 ; 49.702       ; 0.184          ; Low Pulse Width  ; altera_reserved_tck ; Rise       ; Soc:inst1|Soc_cpu:cpu|Soc_cpu_nios2_oci:the_Soc_cpu_nios2_oci|Soc_cpu_jtag_debug_module_wrapper:the_Soc_cpu_jtag_debug_module_wrapper|Soc_cpu_jtag_debug_module_tck:the_Soc_cpu_jtag_debug_module_tck|sr[25]                                                       ;
; 49.518 ; 49.702       ; 0.184          ; Low Pulse Width  ; altera_reserved_tck ; Rise       ; Soc:inst1|Soc_cpu:cpu|Soc_cpu_nios2_oci:the_Soc_cpu_nios2_oci|Soc_cpu_jtag_debug_module_wrapper:the_Soc_cpu_jtag_debug_module_wrapper|Soc_cpu_jtag_debug_module_tck:the_Soc_cpu_jtag_debug_module_tck|sr[26]                                                       ;
; 49.518 ; 49.702       ; 0.184          ; Low Pulse Width  ; altera_reserved_tck ; Rise       ; Soc:inst1|Soc_cpu:cpu|Soc_cpu_nios2_oci:the_Soc_cpu_nios2_oci|Soc_cpu_jtag_debug_module_wrapper:the_Soc_cpu_jtag_debug_module_wrapper|Soc_cpu_jtag_debug_module_tck:the_Soc_cpu_jtag_debug_module_tck|sr[27]                                                       ;
; 49.518 ; 49.702       ; 0.184          ; Low Pulse Width  ; altera_reserved_tck ; Rise       ; Soc:inst1|Soc_cpu:cpu|Soc_cpu_nios2_oci:the_Soc_cpu_nios2_oci|Soc_cpu_jtag_debug_module_wrapper:the_Soc_cpu_jtag_debug_module_wrapper|Soc_cpu_jtag_debug_module_tck:the_Soc_cpu_jtag_debug_module_tck|sr[28]                                                       ;
; 49.518 ; 49.702       ; 0.184          ; Low Pulse Width  ; altera_reserved_tck ; Rise       ; Soc:inst1|Soc_cpu:cpu|Soc_cpu_nios2_oci:the_Soc_cpu_nios2_oci|Soc_cpu_jtag_debug_module_wrapper:the_Soc_cpu_jtag_debug_module_wrapper|Soc_cpu_jtag_debug_module_tck:the_Soc_cpu_jtag_debug_module_tck|sr[29]                                                       ;
; 49.518 ; 49.702       ; 0.184          ; Low Pulse Width  ; altera_reserved_tck ; Rise       ; Soc:inst1|Soc_cpu:cpu|Soc_cpu_nios2_oci:the_Soc_cpu_nios2_oci|Soc_cpu_jtag_debug_module_wrapper:the_Soc_cpu_jtag_debug_module_wrapper|Soc_cpu_jtag_debug_module_tck:the_Soc_cpu_jtag_debug_module_tck|sr[30]                                                       ;
; 49.518 ; 49.702       ; 0.184          ; Low Pulse Width  ; altera_reserved_tck ; Rise       ; Soc:inst1|Soc_cpu:cpu|Soc_cpu_nios2_oci:the_Soc_cpu_nios2_oci|Soc_cpu_jtag_debug_module_wrapper:the_Soc_cpu_jtag_debug_module_wrapper|Soc_cpu_jtag_debug_module_tck:the_Soc_cpu_jtag_debug_module_tck|sr[32]                                                       ;
; 49.518 ; 49.702       ; 0.184          ; Low Pulse Width  ; altera_reserved_tck ; Rise       ; Soc:inst1|Soc_cpu:cpu|Soc_cpu_nios2_oci:the_Soc_cpu_nios2_oci|Soc_cpu_jtag_debug_module_wrapper:the_Soc_cpu_jtag_debug_module_wrapper|Soc_cpu_jtag_debug_module_tck:the_Soc_cpu_jtag_debug_module_tck|sr[33]                                                       ;
; 49.518 ; 49.702       ; 0.184          ; Low Pulse Width  ; altera_reserved_tck ; Rise       ; Soc:inst1|Soc_cpu:cpu|Soc_cpu_nios2_oci:the_Soc_cpu_nios2_oci|Soc_cpu_jtag_debug_module_wrapper:the_Soc_cpu_jtag_debug_module_wrapper|Soc_cpu_jtag_debug_module_tck:the_Soc_cpu_jtag_debug_module_tck|sr[34]                                                       ;
; 49.518 ; 49.702       ; 0.184          ; Low Pulse Width  ; altera_reserved_tck ; Rise       ; Soc:inst1|Soc_jtag_uart:jtag_uart|alt_jtag_atlantic:Soc_jtag_uart_alt_jtag_atlantic|count[0]                                                                                                                                                                       ;
; 49.518 ; 49.702       ; 0.184          ; Low Pulse Width  ; altera_reserved_tck ; Rise       ; Soc:inst1|Soc_jtag_uart:jtag_uart|alt_jtag_atlantic:Soc_jtag_uart_alt_jtag_atlantic|count[1]                                                                                                                                                                       ;
; 49.518 ; 49.702       ; 0.184          ; Low Pulse Width  ; altera_reserved_tck ; Rise       ; Soc:inst1|Soc_jtag_uart:jtag_uart|alt_jtag_atlantic:Soc_jtag_uart_alt_jtag_atlantic|count[2]                                                                                                                                                                       ;
; 49.518 ; 49.702       ; 0.184          ; Low Pulse Width  ; altera_reserved_tck ; Rise       ; Soc:inst1|Soc_jtag_uart:jtag_uart|alt_jtag_atlantic:Soc_jtag_uart_alt_jtag_atlantic|count[3]                                                                                                                                                                       ;
; 49.518 ; 49.702       ; 0.184          ; Low Pulse Width  ; altera_reserved_tck ; Rise       ; Soc:inst1|Soc_jtag_uart:jtag_uart|alt_jtag_atlantic:Soc_jtag_uart_alt_jtag_atlantic|count[4]                                                                                                                                                                       ;
; 49.518 ; 49.702       ; 0.184          ; Low Pulse Width  ; altera_reserved_tck ; Rise       ; Soc:inst1|Soc_jtag_uart:jtag_uart|alt_jtag_atlantic:Soc_jtag_uart_alt_jtag_atlantic|count[5]                                                                                                                                                                       ;
; 49.518 ; 49.702       ; 0.184          ; Low Pulse Width  ; altera_reserved_tck ; Rise       ; Soc:inst1|Soc_jtag_uart:jtag_uart|alt_jtag_atlantic:Soc_jtag_uart_alt_jtag_atlantic|count[6]                                                                                                                                                                       ;
; 49.518 ; 49.702       ; 0.184          ; Low Pulse Width  ; altera_reserved_tck ; Rise       ; Soc:inst1|Soc_jtag_uart:jtag_uart|alt_jtag_atlantic:Soc_jtag_uart_alt_jtag_atlantic|count[7]                                                                                                                                                                       ;
; 49.518 ; 49.702       ; 0.184          ; Low Pulse Width  ; altera_reserved_tck ; Rise       ; Soc:inst1|Soc_jtag_uart:jtag_uart|alt_jtag_atlantic:Soc_jtag_uart_alt_jtag_atlantic|count[8]                                                                                                                                                                       ;
; 49.518 ; 49.702       ; 0.184          ; Low Pulse Width  ; altera_reserved_tck ; Rise       ; Soc:inst1|Soc_jtag_uart:jtag_uart|alt_jtag_atlantic:Soc_jtag_uart_alt_jtag_atlantic|count[9]                                                                                                                                                                       ;
; 49.518 ; 49.702       ; 0.184          ; Low Pulse Width  ; altera_reserved_tck ; Rise       ; Soc:inst1|Soc_jtag_uart:jtag_uart|alt_jtag_atlantic:Soc_jtag_uart_alt_jtag_atlantic|tck_t_dav                                                                                                                                                                      ;
; 49.518 ; 49.702       ; 0.184          ; Low Pulse Width  ; altera_reserved_tck ; Rise       ; Soc:inst1|Soc_jtag_uart:jtag_uart|alt_jtag_atlantic:Soc_jtag_uart_alt_jtag_atlantic|td_shift[0]                                                                                                                                                                    ;
; 49.518 ; 49.702       ; 0.184          ; Low Pulse Width  ; altera_reserved_tck ; Rise       ; Soc:inst1|Soc_jtag_uart:jtag_uart|alt_jtag_atlantic:Soc_jtag_uart_alt_jtag_atlantic|td_shift[10]                                                                                                                                                                   ;
; 49.518 ; 49.702       ; 0.184          ; Low Pulse Width  ; altera_reserved_tck ; Rise       ; Soc:inst1|Soc_jtag_uart:jtag_uart|alt_jtag_atlantic:Soc_jtag_uart_alt_jtag_atlantic|td_shift[8]                                                                                                                                                                    ;
; 49.518 ; 49.702       ; 0.184          ; Low Pulse Width  ; altera_reserved_tck ; Rise       ; Soc:inst1|Soc_jtag_uart:jtag_uart|alt_jtag_atlantic:Soc_jtag_uart_alt_jtag_atlantic|td_shift[9]                                                                                                                                                                    ;
; 49.518 ; 49.702       ; 0.184          ; Low Pulse Width  ; altera_reserved_tck ; Rise       ; Soc:inst1|Soc_jtag_uart:jtag_uart|alt_jtag_atlantic:Soc_jtag_uart_alt_jtag_atlantic|user_saw_rvalid                                                                                                                                                                ;
; 49.518 ; 49.702       ; 0.184          ; Low Pulse Width  ; altera_reserved_tck ; Rise       ; Soc:inst1|Soc_jtag_uart:jtag_uart|alt_jtag_atlantic:Soc_jtag_uart_alt_jtag_atlantic|wdata[0]                                                                                                                                                                       ;
; 49.518 ; 49.702       ; 0.184          ; Low Pulse Width  ; altera_reserved_tck ; Rise       ; Soc:inst1|Soc_jtag_uart:jtag_uart|alt_jtag_atlantic:Soc_jtag_uart_alt_jtag_atlantic|write_stalled                                                                                                                                                                  ;
; 49.518 ; 49.702       ; 0.184          ; Low Pulse Width  ; altera_reserved_tck ; Rise       ; Soc:inst1|Soc_jtag_uart:jtag_uart|alt_jtag_atlantic:Soc_jtag_uart_alt_jtag_atlantic|write_valid                                                                                                                                                                    ;
; 49.518 ; 49.702       ; 0.184          ; Low Pulse Width  ; altera_reserved_tck ; Rise       ; sld_hub:auto_hub|sld_jtag_hub:\jtag_hub_gen:sld_jtag_hub_inst|hub_mode_reg[0]                                                                                                                                                                                      ;
; 49.518 ; 49.702       ; 0.184          ; Low Pulse Width  ; altera_reserved_tck ; Rise       ; sld_hub:auto_hub|sld_jtag_hub:\jtag_hub_gen:sld_jtag_hub_inst|hub_mode_reg[1]                                                                                                                                                                                      ;
; 49.518 ; 49.702       ; 0.184          ; Low Pulse Width  ; altera_reserved_tck ; Rise       ; sld_hub:auto_hub|sld_jtag_hub:\jtag_hub_gen:sld_jtag_hub_inst|identity_contrib_shift_reg[0]                                                                                                                                                                        ;
; 49.518 ; 49.702       ; 0.184          ; Low Pulse Width  ; altera_reserved_tck ; Rise       ; sld_hub:auto_hub|sld_jtag_hub:\jtag_hub_gen:sld_jtag_hub_inst|identity_contrib_shift_reg[1]                                                                                                                                                                        ;
; 49.518 ; 49.702       ; 0.184          ; Low Pulse Width  ; altera_reserved_tck ; Rise       ; sld_hub:auto_hub|sld_jtag_hub:\jtag_hub_gen:sld_jtag_hub_inst|identity_contrib_shift_reg[2]                                                                                                                                                                        ;
; 49.518 ; 49.702       ; 0.184          ; Low Pulse Width  ; altera_reserved_tck ; Rise       ; sld_hub:auto_hub|sld_jtag_hub:\jtag_hub_gen:sld_jtag_hub_inst|identity_contrib_shift_reg[3]                                                                                                                                                                        ;
; 49.518 ; 49.702       ; 0.184          ; Low Pulse Width  ; altera_reserved_tck ; Rise       ; sld_hub:auto_hub|sld_jtag_hub:\jtag_hub_gen:sld_jtag_hub_inst|identity_contrib_update_reg[0]                                                                                                                                                                       ;
; 49.518 ; 49.702       ; 0.184          ; Low Pulse Width  ; altera_reserved_tck ; Rise       ; sld_hub:auto_hub|sld_jtag_hub:\jtag_hub_gen:sld_jtag_hub_inst|identity_contrib_update_reg[1]                                                                                                                                                                       ;
; 49.518 ; 49.702       ; 0.184          ; Low Pulse Width  ; altera_reserved_tck ; Rise       ; sld_hub:auto_hub|sld_jtag_hub:\jtag_hub_gen:sld_jtag_hub_inst|identity_contrib_update_reg[2]                                                                                                                                                                       ;
; 49.518 ; 49.702       ; 0.184          ; Low Pulse Width  ; altera_reserved_tck ; Rise       ; sld_hub:auto_hub|sld_jtag_hub:\jtag_hub_gen:sld_jtag_hub_inst|identity_contrib_update_reg[3]                                                                                                                                                                       ;
; 49.518 ; 49.702       ; 0.184          ; Low Pulse Width  ; altera_reserved_tck ; Rise       ; sld_hub:auto_hub|sld_jtag_hub:\jtag_hub_gen:sld_jtag_hub_inst|irf_reg[2][0]                                                                                                                                                                                        ;
; 49.518 ; 49.702       ; 0.184          ; Low Pulse Width  ; altera_reserved_tck ; Rise       ; sld_hub:auto_hub|sld_jtag_hub:\jtag_hub_gen:sld_jtag_hub_inst|irf_reg[2][1]                                                                                                                                                                                        ;
; 49.518 ; 49.702       ; 0.184          ; Low Pulse Width  ; altera_reserved_tck ; Rise       ; sld_hub:auto_hub|sld_jtag_hub:\jtag_hub_gen:sld_jtag_hub_inst|irf_reg[2][2]                                                                                                                                                                                        ;
; 49.518 ; 49.702       ; 0.184          ; Low Pulse Width  ; altera_reserved_tck ; Rise       ; sld_hub:auto_hub|sld_jtag_hub:\jtag_hub_gen:sld_jtag_hub_inst|irf_reg[2][3]                                                                                                                                                                                        ;
; 49.518 ; 49.702       ; 0.184          ; Low Pulse Width  ; altera_reserved_tck ; Rise       ; sld_hub:auto_hub|sld_jtag_hub:\jtag_hub_gen:sld_jtag_hub_inst|irf_reg[2][4]                                                                                                                                                                                        ;
; 49.518 ; 49.702       ; 0.184          ; Low Pulse Width  ; altera_reserved_tck ; Rise       ; sld_hub:auto_hub|sld_jtag_hub:\jtag_hub_gen:sld_jtag_hub_inst|irsr_reg[0]                                                                                                                                                                                          ;
; 49.518 ; 49.702       ; 0.184          ; Low Pulse Width  ; altera_reserved_tck ; Rise       ; sld_hub:auto_hub|sld_jtag_hub:\jtag_hub_gen:sld_jtag_hub_inst|irsr_reg[1]                                                                                                                                                                                          ;
; 49.518 ; 49.702       ; 0.184          ; Low Pulse Width  ; altera_reserved_tck ; Rise       ; sld_hub:auto_hub|sld_jtag_hub:\jtag_hub_gen:sld_jtag_hub_inst|irsr_reg[2]                                                                                                                                                                                          ;
; 49.518 ; 49.702       ; 0.184          ; Low Pulse Width  ; altera_reserved_tck ; Rise       ; sld_hub:auto_hub|sld_jtag_hub:\jtag_hub_gen:sld_jtag_hub_inst|irsr_reg[3]                                                                                                                                                                                          ;
; 49.518 ; 49.702       ; 0.184          ; Low Pulse Width  ; altera_reserved_tck ; Rise       ; sld_hub:auto_hub|sld_jtag_hub:\jtag_hub_gen:sld_jtag_hub_inst|irsr_reg[4]                                                                                                                                                                                          ;
; 49.518 ; 49.702       ; 0.184          ; Low Pulse Width  ; altera_reserved_tck ; Rise       ; sld_hub:auto_hub|sld_jtag_hub:\jtag_hub_gen:sld_jtag_hub_inst|mixer_addr_reg[0]                                                                                                                                                                                    ;
; 49.518 ; 49.702       ; 0.184          ; Low Pulse Width  ; altera_reserved_tck ; Rise       ; sld_hub:auto_hub|sld_jtag_hub:\jtag_hub_gen:sld_jtag_hub_inst|mixer_addr_reg[1]                                                                                                                                                                                    ;
; 49.518 ; 49.702       ; 0.184          ; Low Pulse Width  ; altera_reserved_tck ; Rise       ; sld_hub:auto_hub|sld_jtag_hub:\jtag_hub_gen:sld_jtag_hub_inst|mixer_addr_reg[2]                                                                                                                                                                                    ;
; 49.518 ; 49.702       ; 0.184          ; Low Pulse Width  ; altera_reserved_tck ; Rise       ; sld_hub:auto_hub|sld_jtag_hub:\jtag_hub_gen:sld_jtag_hub_inst|mixer_addr_reg[3]                                                                                                                                                                                    ;
; 49.518 ; 49.702       ; 0.184          ; Low Pulse Width  ; altera_reserved_tck ; Rise       ; sld_hub:auto_hub|sld_jtag_hub:\jtag_hub_gen:sld_jtag_hub_inst|mixer_addr_reg[4]                                                                                                                                                                                    ;
; 49.518 ; 49.702       ; 0.184          ; Low Pulse Width  ; altera_reserved_tck ; Rise       ; sld_hub:auto_hub|sld_jtag_hub:\jtag_hub_gen:sld_jtag_hub_inst|shadow_irf_reg[2][0]                                                                                                                                                                                 ;
; 49.518 ; 49.702       ; 0.184          ; Low Pulse Width  ; altera_reserved_tck ; Rise       ; sld_hub:auto_hub|sld_jtag_hub:\jtag_hub_gen:sld_jtag_hub_inst|shadow_irf_reg[2][1]                                                                                                                                                                                 ;
; 49.518 ; 49.702       ; 0.184          ; Low Pulse Width  ; altera_reserved_tck ; Rise       ; sld_hub:auto_hub|sld_jtag_hub:\jtag_hub_gen:sld_jtag_hub_inst|shadow_irf_reg[2][2]                                                                                                                                                                                 ;
; 49.518 ; 49.702       ; 0.184          ; Low Pulse Width  ; altera_reserved_tck ; Rise       ; sld_hub:auto_hub|sld_jtag_hub:\jtag_hub_gen:sld_jtag_hub_inst|shadow_irf_reg[2][3]                                                                                                                                                                                 ;
; 49.518 ; 49.702       ; 0.184          ; Low Pulse Width  ; altera_reserved_tck ; Rise       ; sld_hub:auto_hub|sld_jtag_hub:\jtag_hub_gen:sld_jtag_hub_inst|shadow_irf_reg[2][4]                                                                                                                                                                                 ;
; 49.519 ; 49.703       ; 0.184          ; Low Pulse Width  ; altera_reserved_tck ; Rise       ; Soc:inst1|Soc_cpu:cpu|Soc_cpu_nios2_oci:the_Soc_cpu_nios2_oci|Soc_cpu_jtag_debug_module_wrapper:the_Soc_cpu_jtag_debug_module_wrapper|Soc_cpu_jtag_debug_module_tck:the_Soc_cpu_jtag_debug_module_tck|DRsize.000                                                   ;
; 49.519 ; 49.703       ; 0.184          ; Low Pulse Width  ; altera_reserved_tck ; Rise       ; Soc:inst1|Soc_cpu:cpu|Soc_cpu_nios2_oci:the_Soc_cpu_nios2_oci|Soc_cpu_jtag_debug_module_wrapper:the_Soc_cpu_jtag_debug_module_wrapper|Soc_cpu_jtag_debug_module_tck:the_Soc_cpu_jtag_debug_module_tck|DRsize.010                                                   ;
; 49.519 ; 49.703       ; 0.184          ; Low Pulse Width  ; altera_reserved_tck ; Rise       ; Soc:inst1|Soc_cpu:cpu|Soc_cpu_nios2_oci:the_Soc_cpu_nios2_oci|Soc_cpu_jtag_debug_module_wrapper:the_Soc_cpu_jtag_debug_module_wrapper|Soc_cpu_jtag_debug_module_tck:the_Soc_cpu_jtag_debug_module_tck|DRsize.100                                                   ;
; 49.519 ; 49.703       ; 0.184          ; Low Pulse Width  ; altera_reserved_tck ; Rise       ; Soc:inst1|Soc_cpu:cpu|Soc_cpu_nios2_oci:the_Soc_cpu_nios2_oci|Soc_cpu_jtag_debug_module_wrapper:the_Soc_cpu_jtag_debug_module_wrapper|Soc_cpu_jtag_debug_module_tck:the_Soc_cpu_jtag_debug_module_tck|sr[10]                                                       ;
; 49.519 ; 49.703       ; 0.184          ; Low Pulse Width  ; altera_reserved_tck ; Rise       ; Soc:inst1|Soc_cpu:cpu|Soc_cpu_nios2_oci:the_Soc_cpu_nios2_oci|Soc_cpu_jtag_debug_module_wrapper:the_Soc_cpu_jtag_debug_module_wrapper|Soc_cpu_jtag_debug_module_tck:the_Soc_cpu_jtag_debug_module_tck|sr[11]                                                       ;
; 49.519 ; 49.703       ; 0.184          ; Low Pulse Width  ; altera_reserved_tck ; Rise       ; Soc:inst1|Soc_cpu:cpu|Soc_cpu_nios2_oci:the_Soc_cpu_nios2_oci|Soc_cpu_jtag_debug_module_wrapper:the_Soc_cpu_jtag_debug_module_wrapper|Soc_cpu_jtag_debug_module_tck:the_Soc_cpu_jtag_debug_module_tck|sr[12]                                                       ;
+--------+--------------+----------------+------------------+---------------------+------------+--------------------------------------------------------------------------------------------------------------------------------------------------------------------------------------------------------------------------------------------------------------------+


+----------------------------------------------------------------------------------------------+
; Setup Times                                                                                  ;
+---------------------+---------------------+-------+-------+------------+---------------------+
; Data Port           ; Clock Port          ; Rise  ; Fall  ; Clock Edge ; Clock Reference     ;
+---------------------+---------------------+-------+-------+------------+---------------------+
; altera_reserved_tdi ; altera_reserved_tck ; 3.600 ; 3.653 ; Rise       ; altera_reserved_tck ;
; altera_reserved_tms ; altera_reserved_tck ; 4.761 ; 4.883 ; Rise       ; altera_reserved_tck ;
+---------------------+---------------------+-------+-------+------------+---------------------+


+------------------------------------------------------------------------------------------------+
; Hold Times                                                                                     ;
+---------------------+---------------------+--------+--------+------------+---------------------+
; Data Port           ; Clock Port          ; Rise   ; Fall   ; Clock Edge ; Clock Reference     ;
+---------------------+---------------------+--------+--------+------------+---------------------+
; altera_reserved_tdi ; altera_reserved_tck ; -1.144 ; -1.137 ; Rise       ; altera_reserved_tck ;
; altera_reserved_tms ; altera_reserved_tck ; -1.560 ; -1.661 ; Rise       ; altera_reserved_tck ;
+---------------------+---------------------+--------+--------+------------+---------------------+


+----------------------------------------------------------------------------------------------+
; Clock to Output Times                                                                        ;
+---------------------+---------------------+-------+-------+------------+---------------------+
; Data Port           ; Clock Port          ; Rise  ; Fall  ; Clock Edge ; Clock Reference     ;
+---------------------+---------------------+-------+-------+------------+---------------------+
; altera_reserved_tdo ; altera_reserved_tck ; 7.903 ; 8.595 ; Fall       ; altera_reserved_tck ;
+---------------------+---------------------+-------+-------+------------+---------------------+


+----------------------------------------------------------------------------------------------+
; Minimum Clock to Output Times                                                                ;
+---------------------+---------------------+-------+-------+------------+---------------------+
; Data Port           ; Clock Port          ; Rise  ; Fall  ; Clock Edge ; Clock Reference     ;
+---------------------+---------------------+-------+-------+------------+---------------------+
; altera_reserved_tdo ; altera_reserved_tck ; 6.661 ; 7.344 ; Fall       ; altera_reserved_tck ;
+---------------------+---------------------+-------+-------+------------+---------------------+


----------------
; MTBF Summary ;
----------------
Typical MTBF of Design is 1e+09 years or 3.15e+16 seconds.

Number of Synchronizer Chains Found: 2
Shortest Synchronizer Chain: 2 Registers
Fraction of Chains for which MTBFs Could Not be Calculated: 0.000
Worst Case Available Settling Time: 198.524 ns

Typical MTBF values are calculated based on the nominal silicon characteristics, at nominal operating conditions.
  - Under typical conditions, an increase of 100ps in available settling time will increase MTBF values by a factor of 10.8



+--------------------------------------------------------------------------------------------------------------------------------------------------------------------------------------------------------------------------------------------------------------------------------------------------------------------------------------------------------------------------------------------------------------------------------------------------------+
; Synchronizer Summary                                                                                                                                                                                                                                                                                                                                                                                                                                   ;
+---------------------------------------------------------------------------------------------------------------------------------+-------------------------------------------------------------------------------------------------------------------------------------------------------------------------------------------------------------------------------------------------------------------+------------------------+-------------------------+
; Source Node                                                                                                                     ; Synchronization Node                                                                                                                                                                                                                                              ; Typical MTBF (Years)   ; Included in Design MTBF ;
+---------------------------------------------------------------------------------------------------------------------------------+-------------------------------------------------------------------------------------------------------------------------------------------------------------------------------------------------------------------------------------------------------------------+------------------------+-------------------------+
; Soc:inst1|Soc_cpu:cpu|hbreak_enabled                                                                                            ; Soc:inst1|Soc_cpu:cpu|Soc_cpu_nios2_oci:the_Soc_cpu_nios2_oci|Soc_cpu_jtag_debug_module_wrapper:the_Soc_cpu_jtag_debug_module_wrapper|Soc_cpu_jtag_debug_module_tck:the_Soc_cpu_jtag_debug_module_tck|altera_std_synchronizer:the_altera_std_synchronizer1|din_s1 ; Greater than 1 Billion ; Yes                     ;
; Soc:inst1|Soc_cpu:cpu|Soc_cpu_nios2_oci:the_Soc_cpu_nios2_oci|Soc_cpu_nios2_oci_debug:the_Soc_cpu_nios2_oci_debug|monitor_ready ; Soc:inst1|Soc_cpu:cpu|Soc_cpu_nios2_oci:the_Soc_cpu_nios2_oci|Soc_cpu_jtag_debug_module_wrapper:the_Soc_cpu_jtag_debug_module_wrapper|Soc_cpu_jtag_debug_module_tck:the_Soc_cpu_jtag_debug_module_tck|altera_std_synchronizer:the_altera_std_synchronizer2|din_s1 ; Greater than 1 Billion ; Yes                     ;
+---------------------------------------------------------------------------------------------------------------------------------+-------------------------------------------------------------------------------------------------------------------------------------------------------------------------------------------------------------------------------------------------------------------+------------------------+-------------------------+


Synchronizer Chain #1: Typical MTBF is Greater than 1 Billion Years
===============================================================================
+---------------------------------------------------------------------------------------------------------------------------------------------------------------------------------------------------------------------------------------------------------------------------------------------+
; Chain Summary                                                                                                                                                                                                                                                                               ;
+-------------------------+-------------------------------------------------------------------------------------------------------------------------------------------------------------------------------------------------------------------------------------------------------------------+
; Property                ; Value                                                                                                                                                                                                                                                             ;
+-------------------------+-------------------------------------------------------------------------------------------------------------------------------------------------------------------------------------------------------------------------------------------------------------------+
; Source Node             ; Soc:inst1|Soc_cpu:cpu|hbreak_enabled                                                                                                                                                                                                                              ;
; Synchronization Node    ; Soc:inst1|Soc_cpu:cpu|Soc_cpu_nios2_oci:the_Soc_cpu_nios2_oci|Soc_cpu_jtag_debug_module_wrapper:the_Soc_cpu_jtag_debug_module_wrapper|Soc_cpu_jtag_debug_module_tck:the_Soc_cpu_jtag_debug_module_tck|altera_std_synchronizer:the_altera_std_synchronizer1|din_s1 ;
; Typical MTBF (years)    ; Greater than 1 Billion                                                                                                                                                                                                                                            ;
; Included in Design MTBF ; Yes                                                                                                                                                                                                                                                               ;
+-------------------------+-------------------------------------------------------------------------------------------------------------------------------------------------------------------------------------------------------------------------------------------------------------------+

+-----------------------------------------------------------------------------------------------------------------------------------------------------------------------------------------------------------------------------------------------------------------------------------------------------------------------------------------------+
; Statistics                                                                                                                                                                                                                                                                                                                                    ;
+---------------------------------------------------------------------------------------------------------------------------------------------------------------------------------------------------------------------------------------------------------------------+------------------------+--------------+------------------+--------------+
; Property                                                                                                                                                                                                                                                            ; Value                  ; Clock Period ; Active Edge Rate ; Output Slack ;
+---------------------------------------------------------------------------------------------------------------------------------------------------------------------------------------------------------------------------------------------------------------------+------------------------+--------------+------------------+--------------+
; Method of Synchronizer Identification                                                                                                                                                                                                                               ; User Specified         ;              ;                  ;              ;
; Typical MTBF (years)                                                                                                                                                                                                                                                ; Greater than 1 Billion ;              ;                  ;              ;
; Number of Synchronization Registers in Chain                                                                                                                                                                                                                        ; 2                      ;              ;                  ;              ;
; Available Settling Time (ns)                                                                                                                                                                                                                                        ; 198.524                ;              ;                  ;              ;
; Data Toggle Rate Used in MTBF Calculation (millions of transitions / sec)                                                                                                                                                                                           ; 1.25                   ;              ;                  ;              ;
; Source Clock                                                                                                                                                                                                                                                        ;                        ;              ;                  ;              ;
;  Unknown                                                                                                                                                                                                                                                            ;                        ;              ;                  ;              ;
; Synchronization Clock                                                                                                                                                                                                                                               ;                        ;              ;                  ;              ;
;  altera_reserved_tck                                                                                                                                                                                                                                                ;                        ; 100.000      ; 10.0 MHz         ;              ;
; Asynchronous Source                                                                                                                                                                                                                                                 ;                        ;              ;                  ;              ;
;  Soc:inst1|Soc_cpu:cpu|hbreak_enabled                                                                                                                                                                                                                               ;                        ;              ;                  ;              ;
; Synchronization Registers                                                                                                                                                                                                                                           ;                        ;              ;                  ;              ;
;  Soc:inst1|Soc_cpu:cpu|Soc_cpu_nios2_oci:the_Soc_cpu_nios2_oci|Soc_cpu_jtag_debug_module_wrapper:the_Soc_cpu_jtag_debug_module_wrapper|Soc_cpu_jtag_debug_module_tck:the_Soc_cpu_jtag_debug_module_tck|altera_std_synchronizer:the_altera_std_synchronizer1|din_s1  ;                        ;              ;                  ; 99.590       ;
;  Soc:inst1|Soc_cpu:cpu|Soc_cpu_nios2_oci:the_Soc_cpu_nios2_oci|Soc_cpu_jtag_debug_module_wrapper:the_Soc_cpu_jtag_debug_module_wrapper|Soc_cpu_jtag_debug_module_tck:the_Soc_cpu_jtag_debug_module_tck|altera_std_synchronizer:the_altera_std_synchronizer1|dreg[0] ;                        ;              ;                  ; 98.934       ;
+---------------------------------------------------------------------------------------------------------------------------------------------------------------------------------------------------------------------------------------------------------------------+------------------------+--------------+------------------+--------------+



Synchronizer Chain #2: Typical MTBF is Greater than 1 Billion Years
===============================================================================
+---------------------------------------------------------------------------------------------------------------------------------------------------------------------------------------------------------------------------------------------------------------------------------------------+
; Chain Summary                                                                                                                                                                                                                                                                               ;
+-------------------------+-------------------------------------------------------------------------------------------------------------------------------------------------------------------------------------------------------------------------------------------------------------------+
; Property                ; Value                                                                                                                                                                                                                                                             ;
+-------------------------+-------------------------------------------------------------------------------------------------------------------------------------------------------------------------------------------------------------------------------------------------------------------+
; Source Node             ; Soc:inst1|Soc_cpu:cpu|Soc_cpu_nios2_oci:the_Soc_cpu_nios2_oci|Soc_cpu_nios2_oci_debug:the_Soc_cpu_nios2_oci_debug|monitor_ready                                                                                                                                   ;
; Synchronization Node    ; Soc:inst1|Soc_cpu:cpu|Soc_cpu_nios2_oci:the_Soc_cpu_nios2_oci|Soc_cpu_jtag_debug_module_wrapper:the_Soc_cpu_jtag_debug_module_wrapper|Soc_cpu_jtag_debug_module_tck:the_Soc_cpu_jtag_debug_module_tck|altera_std_synchronizer:the_altera_std_synchronizer2|din_s1 ;
; Typical MTBF (years)    ; Greater than 1 Billion                                                                                                                                                                                                                                            ;
; Included in Design MTBF ; Yes                                                                                                                                                                                                                                                               ;
+-------------------------+-------------------------------------------------------------------------------------------------------------------------------------------------------------------------------------------------------------------------------------------------------------------+

+-----------------------------------------------------------------------------------------------------------------------------------------------------------------------------------------------------------------------------------------------------------------------------------------------------------------------------------------------+
; Statistics                                                                                                                                                                                                                                                                                                                                    ;
+---------------------------------------------------------------------------------------------------------------------------------------------------------------------------------------------------------------------------------------------------------------------+------------------------+--------------+------------------+--------------+
; Property                                                                                                                                                                                                                                                            ; Value                  ; Clock Period ; Active Edge Rate ; Output Slack ;
+---------------------------------------------------------------------------------------------------------------------------------------------------------------------------------------------------------------------------------------------------------------------+------------------------+--------------+------------------+--------------+
; Method of Synchronizer Identification                                                                                                                                                                                                                               ; User Specified         ;              ;                  ;              ;
; Typical MTBF (years)                                                                                                                                                                                                                                                ; Greater than 1 Billion ;              ;                  ;              ;
; Number of Synchronization Registers in Chain                                                                                                                                                                                                                        ; 2                      ;              ;                  ;              ;
; Available Settling Time (ns)                                                                                                                                                                                                                                        ; 198.788                ;              ;                  ;              ;
; Data Toggle Rate Used in MTBF Calculation (millions of transitions / sec)                                                                                                                                                                                           ; 1.25                   ;              ;                  ;              ;
; Source Clock                                                                                                                                                                                                                                                        ;                        ;              ;                  ;              ;
;  Unknown                                                                                                                                                                                                                                                            ;                        ;              ;                  ;              ;
; Synchronization Clock                                                                                                                                                                                                                                               ;                        ;              ;                  ;              ;
;  altera_reserved_tck                                                                                                                                                                                                                                                ;                        ; 100.000      ; 10.0 MHz         ;              ;
; Asynchronous Source                                                                                                                                                                                                                                                 ;                        ;              ;                  ;              ;
;  Soc:inst1|Soc_cpu:cpu|Soc_cpu_nios2_oci:the_Soc_cpu_nios2_oci|Soc_cpu_nios2_oci_debug:the_Soc_cpu_nios2_oci_debug|monitor_ready                                                                                                                                    ;                        ;              ;                  ;              ;
; Synchronization Registers                                                                                                                                                                                                                                           ;                        ;              ;                  ;              ;
;  Soc:inst1|Soc_cpu:cpu|Soc_cpu_nios2_oci:the_Soc_cpu_nios2_oci|Soc_cpu_jtag_debug_module_wrapper:the_Soc_cpu_jtag_debug_module_wrapper|Soc_cpu_jtag_debug_module_tck:the_Soc_cpu_jtag_debug_module_tck|altera_std_synchronizer:the_altera_std_synchronizer2|din_s1  ;                        ;              ;                  ; 99.591       ;
;  Soc:inst1|Soc_cpu:cpu|Soc_cpu_nios2_oci:the_Soc_cpu_nios2_oci|Soc_cpu_jtag_debug_module_wrapper:the_Soc_cpu_jtag_debug_module_wrapper|Soc_cpu_jtag_debug_module_tck:the_Soc_cpu_jtag_debug_module_tck|altera_std_synchronizer:the_altera_std_synchronizer2|dreg[0] ;                        ;              ;                  ; 99.197       ;
+---------------------------------------------------------------------------------------------------------------------------------------------------------------------------------------------------------------------------------------------------------------------+------------------------+--------------+------------------+--------------+



+----------------------------------------------------------------------------------+
; Multicorner Timing Analysis Summary                                              ;
+----------------------+--------+-------+----------+---------+---------------------+
; Clock                ; Setup  ; Hold  ; Recovery ; Removal ; Minimum Pulse Width ;
+----------------------+--------+-------+----------+---------+---------------------+
; Worst-case Slack     ; 45.556 ; 0.181 ; 47.142   ; 0.695   ; 49.475              ;
;  altera_reserved_tck ; 45.556 ; 0.181 ; 47.142   ; 0.695   ; 49.475              ;
; Design-wide TNS      ; 0.0    ; 0.0   ; 0.0      ; 0.0     ; 0.0                 ;
;  altera_reserved_tck ; 0.000  ; 0.000 ; 0.000    ; 0.000   ; 0.000               ;
+----------------------+--------+-------+----------+---------+---------------------+


+------------------------------------------------------------------------------------------------+
; Setup Times                                                                                    ;
+---------------------+---------------------+--------+--------+------------+---------------------+
; Data Port           ; Clock Port          ; Rise   ; Fall   ; Clock Edge ; Clock Reference     ;
+---------------------+---------------------+--------+--------+------------+---------------------+
; altera_reserved_tdi ; altera_reserved_tck ; 7.409  ; 7.283  ; Rise       ; altera_reserved_tck ;
; altera_reserved_tms ; altera_reserved_tck ; 10.596 ; 10.727 ; Rise       ; altera_reserved_tck ;
+---------------------+---------------------+--------+--------+------------+---------------------+


+------------------------------------------------------------------------------------------------+
; Hold Times                                                                                     ;
+---------------------+---------------------+--------+--------+------------+---------------------+
; Data Port           ; Clock Port          ; Rise   ; Fall   ; Clock Edge ; Clock Reference     ;
+---------------------+---------------------+--------+--------+------------+---------------------+
; altera_reserved_tdi ; altera_reserved_tck ; -1.144 ; -1.137 ; Rise       ; altera_reserved_tck ;
; altera_reserved_tms ; altera_reserved_tck ; -1.560 ; -1.661 ; Rise       ; altera_reserved_tck ;
+---------------------+---------------------+--------+--------+------------+---------------------+


+------------------------------------------------------------------------------------------------+
; Clock to Output Times                                                                          ;
+---------------------+---------------------+--------+--------+------------+---------------------+
; Data Port           ; Clock Port          ; Rise   ; Fall   ; Clock Edge ; Clock Reference     ;
+---------------------+---------------------+--------+--------+------------+---------------------+
; altera_reserved_tdo ; altera_reserved_tck ; 15.162 ; 15.858 ; Fall       ; altera_reserved_tck ;
+---------------------+---------------------+--------+--------+------------+---------------------+


+----------------------------------------------------------------------------------------------+
; Minimum Clock to Output Times                                                                ;
+---------------------+---------------------+-------+-------+------------+---------------------+
; Data Port           ; Clock Port          ; Rise  ; Fall  ; Clock Edge ; Clock Reference     ;
+---------------------+---------------------+-------+-------+------------+---------------------+
; altera_reserved_tdo ; altera_reserved_tck ; 6.661 ; 7.344 ; Fall       ; altera_reserved_tck ;
+---------------------+---------------------+-------+-------+------------+---------------------+


+------------------------------------------------------------------------------------------------------------------------------------------------------------------------------------------------------------------------------------------------------------------------------------------------------------------------------------------------------------------------------------------------------------------------+
; Board Trace Model Assignments                                                                                                                                                                                                                                                                                                                                                                                          ;
+---------------------+--------------+-------------------+-------------------------+-------------------------+---------------+---------------------+----------------+------------------+--------+------------------+------------------------+------------------------+--------------+---------------+-----------------+-------+---------------------+--------------------+---------------+-----------------+-------------+
; Pin                 ; I/O Standard ; Near Tline Length ; Near Tline L per Length ; Near Tline C per Length ; Near Series R ; Near Differential R ; Near Pull-up R ; Near Pull-down R ; Near C ; Far Tline Length ; Far Tline L per Length ; Far Tline C per Length ; Far Series R ; Far Pull-up R ; Far Pull-down R ; Far C ; Termination Voltage ; Far Differential R ; EBD File Name ; EBD Signal Name ; EBD Far-end ;
+---------------------+--------------+-------------------+-------------------------+-------------------------+---------------+---------------------+----------------+------------------+--------+------------------+------------------------+------------------------+--------------+---------------+-----------------+-------+---------------------+--------------------+---------------+-----------------+-------------+
; LED[7]              ; 2.5 V        ; 0 in              ; 0 H/in                  ; 0 F/in                  ; short         ; -                   ; open           ; open             ; open   ; 0 in             ; 0 H/in                 ; 0 F/in                 ; short        ; open          ; open            ; open  ; 0 V                 ; -                  ; n/a           ; n/a             ; n/a         ;
; LED[6]              ; 2.5 V        ; 0 in              ; 0 H/in                  ; 0 F/in                  ; short         ; -                   ; open           ; open             ; open   ; 0 in             ; 0 H/in                 ; 0 F/in                 ; short        ; open          ; open            ; open  ; 0 V                 ; -                  ; n/a           ; n/a             ; n/a         ;
; LED[5]              ; 2.5 V        ; 0 in              ; 0 H/in                  ; 0 F/in                  ; short         ; -                   ; open           ; open             ; open   ; 0 in             ; 0 H/in                 ; 0 F/in                 ; short        ; open          ; open            ; open  ; 0 V                 ; -                  ; n/a           ; n/a             ; n/a         ;
; LED[4]              ; 2.5 V        ; 0 in              ; 0 H/in                  ; 0 F/in                  ; short         ; -                   ; open           ; open             ; open   ; 0 in             ; 0 H/in                 ; 0 F/in                 ; short        ; open          ; open            ; open  ; 0 V                 ; -                  ; n/a           ; n/a             ; n/a         ;
; LED[3]              ; 2.5 V        ; 0 in              ; 0 H/in                  ; 0 F/in                  ; short         ; -                   ; open           ; open             ; open   ; 0 in             ; 0 H/in                 ; 0 F/in                 ; short        ; open          ; open            ; open  ; 0 V                 ; -                  ; n/a           ; n/a             ; n/a         ;
; LED[2]              ; 2.5 V        ; 0 in              ; 0 H/in                  ; 0 F/in                  ; short         ; -                   ; open           ; open             ; open   ; 0 in             ; 0 H/in                 ; 0 F/in                 ; short        ; open          ; open            ; open  ; 0 V                 ; -                  ; n/a           ; n/a             ; n/a         ;
; LED[1]              ; 2.5 V        ; 0 in              ; 0 H/in                  ; 0 F/in                  ; short         ; -                   ; open           ; open             ; open   ; 0 in             ; 0 H/in                 ; 0 F/in                 ; short        ; open          ; open            ; open  ; 0 V                 ; -                  ; n/a           ; n/a             ; n/a         ;
; LED[0]              ; 2.5 V        ; 0 in              ; 0 H/in                  ; 0 F/in                  ; short         ; -                   ; open           ; open             ; open   ; 0 in             ; 0 H/in                 ; 0 F/in                 ; short        ; open          ; open            ; open  ; 0 V                 ; -                  ; n/a           ; n/a             ; n/a         ;
; altera_reserved_tdo ; 2.5 V        ; 0 in              ; 0 H/in                  ; 0 F/in                  ; short         ; -                   ; open           ; open             ; open   ; 0 in             ; 0 H/in                 ; 0 F/in                 ; short        ; open          ; open            ; open  ; 0 V                 ; -                  ; n/a           ; n/a             ; n/a         ;
; ~ALTERA_DCLK~       ; 2.5 V        ; 0 in              ; 0 H/in                  ; 0 F/in                  ; short         ; -                   ; open           ; open             ; open   ; 0 in             ; 0 H/in                 ; 0 F/in                 ; short        ; open          ; open            ; open  ; 0 V                 ; -                  ; n/a           ; n/a             ; n/a         ;
; ~ALTERA_nCEO~       ; 2.5 V        ; 0 in              ; 0 H/in                  ; 0 F/in                  ; short         ; -                   ; open           ; open             ; open   ; 0 in             ; 0 H/in                 ; 0 F/in                 ; short        ; open          ; open            ; open  ; 0 V                 ; -                  ; n/a           ; n/a             ; n/a         ;
+---------------------+--------------+-------------------+-------------------------+-------------------------+---------------+---------------------+----------------+------------------+--------+------------------+------------------------+------------------------+--------------+---------------+-----------------+-------+---------------------+--------------------+---------------+-----------------+-------------+


+----------------------------------------------------------------------------+
; Input Transition Times                                                     ;
+-------------------------+--------------+-----------------+-----------------+
; Pin                     ; I/O Standard ; 10-90 Rise Time ; 90-10 Fall Time ;
+-------------------------+--------------+-----------------+-----------------+
; INPUT_CLOCK             ; 2.5 V        ; 2000 ps         ; 2000 ps         ;
; altera_reserved_tms     ; 2.5 V        ; 2000 ps         ; 2000 ps         ;
; altera_reserved_tck     ; 2.5 V        ; 2000 ps         ; 2000 ps         ;
; altera_reserved_tdi     ; 2.5 V        ; 2000 ps         ; 2000 ps         ;
; ~ALTERA_ASDO_DATA1~     ; 2.5 V        ; 2000 ps         ; 2000 ps         ;
; ~ALTERA_FLASH_nCE_nCSO~ ; 2.5 V        ; 2000 ps         ; 2000 ps         ;
; ~ALTERA_DATA0~          ; 2.5 V        ; 2000 ps         ; 2000 ps         ;
+-------------------------+--------------+-----------------+-----------------+


+--------------------------------------------------------------------------------------------------------------------------------------------------------------------------------------------------------------------------------------------------------------------------------------------------------------------------------------------------------------------------------------------------------------------------------------------------------------------------------------------------------------------------------------------------------------------------------------------------------------------------------------------------------------------------------------------------+
; Signal Integrity Metrics (Slow 1200mv 0c Model)                                                                                                                                                                                                                                                                                                                                                                                                                                                                                                                                                                                                                                                  ;
+---------------------+--------------+---------------------+---------------------+------------------------------+------------------------------+---------------------+---------------------+--------------------------------------+--------------------------------------+-----------------------------+-----------------------------+----------------------------+----------------------------+-----------------------------+-----------------------------+--------------------+--------------------+-------------------------------------+-------------------------------------+----------------------------+----------------------------+---------------------------+---------------------------+
; Pin                 ; I/O Standard ; Board Delay on Rise ; Board Delay on Fall ; Steady State Voh at FPGA Pin ; Steady State Vol at FPGA Pin ; Voh Max at FPGA Pin ; Vol Min at FPGA Pin ; Ringback Voltage on Rise at FPGA Pin ; Ringback Voltage on Fall at FPGA Pin ; 10-90 Rise Time at FPGA Pin ; 90-10 Fall Time at FPGA Pin ; Monotonic Rise at FPGA Pin ; Monotonic Fall at FPGA Pin ; Steady State Voh at Far-end ; Steady State Vol at Far-end ; Voh Max at Far-end ; Vol Min at Far-end ; Ringback Voltage on Rise at Far-end ; Ringback Voltage on Fall at Far-end ; 10-90 Rise Time at Far-end ; 90-10 Fall Time at Far-end ; Monotonic Rise at Far-end ; Monotonic Fall at Far-end ;
+---------------------+--------------+---------------------+---------------------+------------------------------+------------------------------+---------------------+---------------------+--------------------------------------+--------------------------------------+-----------------------------+-----------------------------+----------------------------+----------------------------+-----------------------------+-----------------------------+--------------------+--------------------+-------------------------------------+-------------------------------------+----------------------------+----------------------------+---------------------------+---------------------------+
; LED[7]              ; 2.5 V        ; 0 s                 ; 0 s                 ; 2.32 V                       ; 4.49e-09 V                   ; 2.38 V              ; -0.00552 V          ; 0.096 V                              ; 0.019 V                              ; 4.18e-10 s                  ; 3.59e-10 s                  ; No                         ; Yes                        ; 2.32 V                      ; 4.49e-09 V                  ; 2.38 V             ; -0.00552 V         ; 0.096 V                             ; 0.019 V                             ; 4.18e-10 s                 ; 3.59e-10 s                 ; No                        ; Yes                       ;
; LED[6]              ; 2.5 V        ; 0 s                 ; 0 s                 ; 2.32 V                       ; 4.49e-09 V                   ; 2.38 V              ; -0.00552 V          ; 0.096 V                              ; 0.019 V                              ; 4.18e-10 s                  ; 3.59e-10 s                  ; No                         ; Yes                        ; 2.32 V                      ; 4.49e-09 V                  ; 2.38 V             ; -0.00552 V         ; 0.096 V                             ; 0.019 V                             ; 4.18e-10 s                 ; 3.59e-10 s                 ; No                        ; Yes                       ;
; LED[5]              ; 2.5 V        ; 0 s                 ; 0 s                 ; 2.32 V                       ; 4.49e-09 V                   ; 2.38 V              ; -0.00552 V          ; 0.096 V                              ; 0.019 V                              ; 4.18e-10 s                  ; 3.59e-10 s                  ; No                         ; Yes                        ; 2.32 V                      ; 4.49e-09 V                  ; 2.38 V             ; -0.00552 V         ; 0.096 V                             ; 0.019 V                             ; 4.18e-10 s                 ; 3.59e-10 s                 ; No                        ; Yes                       ;
; LED[4]              ; 2.5 V        ; 0 s                 ; 0 s                 ; 2.32 V                       ; 4.49e-09 V                   ; 2.38 V              ; -0.00552 V          ; 0.096 V                              ; 0.019 V                              ; 4.18e-10 s                  ; 3.59e-10 s                  ; No                         ; Yes                        ; 2.32 V                      ; 4.49e-09 V                  ; 2.38 V             ; -0.00552 V         ; 0.096 V                             ; 0.019 V                             ; 4.18e-10 s                 ; 3.59e-10 s                 ; No                        ; Yes                       ;
; LED[3]              ; 2.5 V        ; 0 s                 ; 0 s                 ; 2.32 V                       ; 4.49e-09 V                   ; 2.38 V              ; -0.00552 V          ; 0.096 V                              ; 0.019 V                              ; 4.18e-10 s                  ; 3.59e-10 s                  ; No                         ; Yes                        ; 2.32 V                      ; 4.49e-09 V                  ; 2.38 V             ; -0.00552 V         ; 0.096 V                             ; 0.019 V                             ; 4.18e-10 s                 ; 3.59e-10 s                 ; No                        ; Yes                       ;
; LED[2]              ; 2.5 V        ; 0 s                 ; 0 s                 ; 2.32 V                       ; 4.49e-09 V                   ; 2.38 V              ; -0.00552 V          ; 0.096 V                              ; 0.019 V                              ; 4.18e-10 s                  ; 3.59e-10 s                  ; No                         ; Yes                        ; 2.32 V                      ; 4.49e-09 V                  ; 2.38 V             ; -0.00552 V         ; 0.096 V                             ; 0.019 V                             ; 4.18e-10 s                 ; 3.59e-10 s                 ; No                        ; Yes                       ;
; LED[1]              ; 2.5 V        ; 0 s                 ; 0 s                 ; 2.32 V                       ; 4.49e-09 V                   ; 2.38 V              ; -0.00552 V          ; 0.096 V                              ; 0.019 V                              ; 4.18e-10 s                  ; 3.59e-10 s                  ; No                         ; Yes                        ; 2.32 V                      ; 4.49e-09 V                  ; 2.38 V             ; -0.00552 V         ; 0.096 V                             ; 0.019 V                             ; 4.18e-10 s                 ; 3.59e-10 s                 ; No                        ; Yes                       ;
; LED[0]              ; 2.5 V        ; 0 s                 ; 0 s                 ; 2.32 V                       ; 4.49e-09 V                   ; 2.38 V              ; -0.00552 V          ; 0.096 V                              ; 0.019 V                              ; 4.18e-10 s                  ; 3.59e-10 s                  ; No                         ; Yes                        ; 2.32 V                      ; 4.49e-09 V                  ; 2.38 V             ; -0.00552 V         ; 0.096 V                             ; 0.019 V                             ; 4.18e-10 s                 ; 3.59e-10 s                 ; No                        ; Yes                       ;
; altera_reserved_tdo ; 2.5 V        ; 0 s                 ; 0 s                 ; 2.32 V                       ; 2.07e-08 V                   ; 2.33 V              ; -0.0049 V           ; 0.041 V                              ; 0.094 V                              ; 8.74e-10 s                  ; 1.89e-09 s                  ; Yes                        ; Yes                        ; 2.32 V                      ; 2.07e-08 V                  ; 2.33 V             ; -0.0049 V          ; 0.041 V                             ; 0.094 V                             ; 8.74e-10 s                 ; 1.89e-09 s                 ; Yes                       ; Yes                       ;
; ~ALTERA_DCLK~       ; 2.5 V        ; 0 s                 ; 0 s                 ; 2.32 V                       ; 2.67e-09 V                   ; 2.38 V              ; -0.0485 V           ; 0.167 V                              ; 0.096 V                              ; 2.95e-10 s                  ; 2.73e-10 s                  ; Yes                        ; Yes                        ; 2.32 V                      ; 2.67e-09 V                  ; 2.38 V             ; -0.0485 V          ; 0.167 V                             ; 0.096 V                             ; 2.95e-10 s                 ; 2.73e-10 s                 ; Yes                       ; Yes                       ;
; ~ALTERA_nCEO~       ; 2.5 V        ; 0 s                 ; 0 s                 ; 2.32 V                       ; 4.18e-09 V                   ; 2.38 V              ; -0.00483 V          ; 0.152 V                              ; 0.012 V                              ; 4.81e-10 s                  ; 6.29e-10 s                  ; Yes                        ; Yes                        ; 2.32 V                      ; 4.18e-09 V                  ; 2.38 V             ; -0.00483 V         ; 0.152 V                             ; 0.012 V                             ; 4.81e-10 s                 ; 6.29e-10 s                 ; Yes                       ; Yes                       ;
+---------------------+--------------+---------------------+---------------------+------------------------------+------------------------------+---------------------+---------------------+--------------------------------------+--------------------------------------+-----------------------------+-----------------------------+----------------------------+----------------------------+-----------------------------+-----------------------------+--------------------+--------------------+-------------------------------------+-------------------------------------+----------------------------+----------------------------+---------------------------+---------------------------+


+--------------------------------------------------------------------------------------------------------------------------------------------------------------------------------------------------------------------------------------------------------------------------------------------------------------------------------------------------------------------------------------------------------------------------------------------------------------------------------------------------------------------------------------------------------------------------------------------------------------------------------------------------------------------------------------------------+
; Signal Integrity Metrics (Slow 1200mv 85c Model)                                                                                                                                                                                                                                                                                                                                                                                                                                                                                                                                                                                                                                                 ;
+---------------------+--------------+---------------------+---------------------+------------------------------+------------------------------+---------------------+---------------------+--------------------------------------+--------------------------------------+-----------------------------+-----------------------------+----------------------------+----------------------------+-----------------------------+-----------------------------+--------------------+--------------------+-------------------------------------+-------------------------------------+----------------------------+----------------------------+---------------------------+---------------------------+
; Pin                 ; I/O Standard ; Board Delay on Rise ; Board Delay on Fall ; Steady State Voh at FPGA Pin ; Steady State Vol at FPGA Pin ; Voh Max at FPGA Pin ; Vol Min at FPGA Pin ; Ringback Voltage on Rise at FPGA Pin ; Ringback Voltage on Fall at FPGA Pin ; 10-90 Rise Time at FPGA Pin ; 90-10 Fall Time at FPGA Pin ; Monotonic Rise at FPGA Pin ; Monotonic Fall at FPGA Pin ; Steady State Voh at Far-end ; Steady State Vol at Far-end ; Voh Max at Far-end ; Vol Min at Far-end ; Ringback Voltage on Rise at Far-end ; Ringback Voltage on Fall at Far-end ; 10-90 Rise Time at Far-end ; 90-10 Fall Time at Far-end ; Monotonic Rise at Far-end ; Monotonic Fall at Far-end ;
+---------------------+--------------+---------------------+---------------------+------------------------------+------------------------------+---------------------+---------------------+--------------------------------------+--------------------------------------+-----------------------------+-----------------------------+----------------------------+----------------------------+-----------------------------+-----------------------------+--------------------+--------------------+-------------------------------------+-------------------------------------+----------------------------+----------------------------+---------------------------+---------------------------+
; LED[7]              ; 2.5 V        ; 0 s                 ; 0 s                 ; 2.32 V                       ; 6.92e-07 V                   ; 2.35 V              ; -0.00996 V          ; 0.121 V                              ; 0.03 V                               ; 4.64e-10 s                  ; 4.47e-10 s                  ; Yes                        ; Yes                        ; 2.32 V                      ; 6.92e-07 V                  ; 2.35 V             ; -0.00996 V         ; 0.121 V                             ; 0.03 V                              ; 4.64e-10 s                 ; 4.47e-10 s                 ; Yes                       ; Yes                       ;
; LED[6]              ; 2.5 V        ; 0 s                 ; 0 s                 ; 2.32 V                       ; 6.92e-07 V                   ; 2.35 V              ; -0.00996 V          ; 0.121 V                              ; 0.03 V                               ; 4.64e-10 s                  ; 4.47e-10 s                  ; Yes                        ; Yes                        ; 2.32 V                      ; 6.92e-07 V                  ; 2.35 V             ; -0.00996 V         ; 0.121 V                             ; 0.03 V                              ; 4.64e-10 s                 ; 4.47e-10 s                 ; Yes                       ; Yes                       ;
; LED[5]              ; 2.5 V        ; 0 s                 ; 0 s                 ; 2.32 V                       ; 6.92e-07 V                   ; 2.35 V              ; -0.00996 V          ; 0.121 V                              ; 0.03 V                               ; 4.64e-10 s                  ; 4.47e-10 s                  ; Yes                        ; Yes                        ; 2.32 V                      ; 6.92e-07 V                  ; 2.35 V             ; -0.00996 V         ; 0.121 V                             ; 0.03 V                              ; 4.64e-10 s                 ; 4.47e-10 s                 ; Yes                       ; Yes                       ;
; LED[4]              ; 2.5 V        ; 0 s                 ; 0 s                 ; 2.32 V                       ; 6.92e-07 V                   ; 2.35 V              ; -0.00996 V          ; 0.121 V                              ; 0.03 V                               ; 4.64e-10 s                  ; 4.47e-10 s                  ; Yes                        ; Yes                        ; 2.32 V                      ; 6.92e-07 V                  ; 2.35 V             ; -0.00996 V         ; 0.121 V                             ; 0.03 V                              ; 4.64e-10 s                 ; 4.47e-10 s                 ; Yes                       ; Yes                       ;
; LED[3]              ; 2.5 V        ; 0 s                 ; 0 s                 ; 2.32 V                       ; 6.92e-07 V                   ; 2.35 V              ; -0.00996 V          ; 0.121 V                              ; 0.03 V                               ; 4.64e-10 s                  ; 4.47e-10 s                  ; Yes                        ; Yes                        ; 2.32 V                      ; 6.92e-07 V                  ; 2.35 V             ; -0.00996 V         ; 0.121 V                             ; 0.03 V                              ; 4.64e-10 s                 ; 4.47e-10 s                 ; Yes                       ; Yes                       ;
; LED[2]              ; 2.5 V        ; 0 s                 ; 0 s                 ; 2.32 V                       ; 6.92e-07 V                   ; 2.35 V              ; -0.00996 V          ; 0.121 V                              ; 0.03 V                               ; 4.64e-10 s                  ; 4.47e-10 s                  ; Yes                        ; Yes                        ; 2.32 V                      ; 6.92e-07 V                  ; 2.35 V             ; -0.00996 V         ; 0.121 V                             ; 0.03 V                              ; 4.64e-10 s                 ; 4.47e-10 s                 ; Yes                       ; Yes                       ;
; LED[1]              ; 2.5 V        ; 0 s                 ; 0 s                 ; 2.32 V                       ; 6.92e-07 V                   ; 2.35 V              ; -0.00996 V          ; 0.121 V                              ; 0.03 V                               ; 4.64e-10 s                  ; 4.47e-10 s                  ; Yes                        ; Yes                        ; 2.32 V                      ; 6.92e-07 V                  ; 2.35 V             ; -0.00996 V         ; 0.121 V                             ; 0.03 V                              ; 4.64e-10 s                 ; 4.47e-10 s                 ; Yes                       ; Yes                       ;
; LED[0]              ; 2.5 V        ; 0 s                 ; 0 s                 ; 2.32 V                       ; 6.92e-07 V                   ; 2.35 V              ; -0.00996 V          ; 0.121 V                              ; 0.03 V                               ; 4.64e-10 s                  ; 4.47e-10 s                  ; Yes                        ; Yes                        ; 2.32 V                      ; 6.92e-07 V                  ; 2.35 V             ; -0.00996 V         ; 0.121 V                             ; 0.03 V                              ; 4.64e-10 s                 ; 4.47e-10 s                 ; Yes                       ; Yes                       ;
; altera_reserved_tdo ; 2.5 V        ; 0 s                 ; 0 s                 ; 2.32 V                       ; 3.15e-06 V                   ; 2.33 V              ; 3.15e-06 V          ; 0.014 V                              ; 0.05 V                               ; 1.08e-09 s                  ; 2.51e-09 s                  ; Yes                        ; Yes                        ; 2.32 V                      ; 3.15e-06 V                  ; 2.33 V             ; 3.15e-06 V         ; 0.014 V                             ; 0.05 V                              ; 1.08e-09 s                 ; 2.51e-09 s                 ; Yes                       ; Yes                       ;
; ~ALTERA_DCLK~       ; 2.5 V        ; 0 s                 ; 0 s                 ; 2.32 V                       ; 3.75e-07 V                   ; 2.35 V              ; -0.0109 V           ; 0.084 V                              ; 0.027 V                              ; 4.31e-10 s                  ; 3.61e-10 s                  ; Yes                        ; Yes                        ; 2.32 V                      ; 3.75e-07 V                  ; 2.35 V             ; -0.0109 V          ; 0.084 V                             ; 0.027 V                             ; 4.31e-10 s                 ; 3.61e-10 s                 ; Yes                       ; Yes                       ;
; ~ALTERA_nCEO~       ; 2.5 V        ; 0 s                 ; 0 s                 ; 2.32 V                       ; 6.15e-07 V                   ; 2.35 V              ; -0.00712 V          ; 0.093 V                              ; 0.02 V                               ; 6.21e-10 s                  ; 7.9e-10 s                   ; Yes                        ; Yes                        ; 2.32 V                      ; 6.15e-07 V                  ; 2.35 V             ; -0.00712 V         ; 0.093 V                             ; 0.02 V                              ; 6.21e-10 s                 ; 7.9e-10 s                  ; Yes                       ; Yes                       ;
+---------------------+--------------+---------------------+---------------------+------------------------------+------------------------------+---------------------+---------------------+--------------------------------------+--------------------------------------+-----------------------------+-----------------------------+----------------------------+----------------------------+-----------------------------+-----------------------------+--------------------+--------------------+-------------------------------------+-------------------------------------+----------------------------+----------------------------+---------------------------+---------------------------+


+--------------------------------------------------------------------------------------------------------------------------------------------------------------------------------------------------------------------------------------------------------------------------------------------------------------------------------------------------------------------------------------------------------------------------------------------------------------------------------------------------------------------------------------------------------------------------------------------------------------------------------------------------------------------------------------------------+
; Signal Integrity Metrics (Fast 1200mv 0c Model)                                                                                                                                                                                                                                                                                                                                                                                                                                                                                                                                                                                                                                                  ;
+---------------------+--------------+---------------------+---------------------+------------------------------+------------------------------+---------------------+---------------------+--------------------------------------+--------------------------------------+-----------------------------+-----------------------------+----------------------------+----------------------------+-----------------------------+-----------------------------+--------------------+--------------------+-------------------------------------+-------------------------------------+----------------------------+----------------------------+---------------------------+---------------------------+
; Pin                 ; I/O Standard ; Board Delay on Rise ; Board Delay on Fall ; Steady State Voh at FPGA Pin ; Steady State Vol at FPGA Pin ; Voh Max at FPGA Pin ; Vol Min at FPGA Pin ; Ringback Voltage on Rise at FPGA Pin ; Ringback Voltage on Fall at FPGA Pin ; 10-90 Rise Time at FPGA Pin ; 90-10 Fall Time at FPGA Pin ; Monotonic Rise at FPGA Pin ; Monotonic Fall at FPGA Pin ; Steady State Voh at Far-end ; Steady State Vol at Far-end ; Voh Max at Far-end ; Vol Min at Far-end ; Ringback Voltage on Rise at Far-end ; Ringback Voltage on Fall at Far-end ; 10-90 Rise Time at Far-end ; 90-10 Fall Time at Far-end ; Monotonic Rise at Far-end ; Monotonic Fall at Far-end ;
+---------------------+--------------+---------------------+---------------------+------------------------------+------------------------------+---------------------+---------------------+--------------------------------------+--------------------------------------+-----------------------------+-----------------------------+----------------------------+----------------------------+-----------------------------+-----------------------------+--------------------+--------------------+-------------------------------------+-------------------------------------+----------------------------+----------------------------+---------------------------+---------------------------+
; LED[7]              ; 2.5 V        ; 0 s                 ; 0 s                 ; 2.62 V                       ; 4.05e-08 V                   ; 2.72 V              ; -0.0349 V           ; 0.173 V                              ; 0.1 V                                ; 2.72e-10 s                  ; 2.69e-10 s                  ; Yes                        ; Yes                        ; 2.62 V                      ; 4.05e-08 V                  ; 2.72 V             ; -0.0349 V          ; 0.173 V                             ; 0.1 V                               ; 2.72e-10 s                 ; 2.69e-10 s                 ; Yes                       ; Yes                       ;
; LED[6]              ; 2.5 V        ; 0 s                 ; 0 s                 ; 2.62 V                       ; 4.05e-08 V                   ; 2.72 V              ; -0.0349 V           ; 0.173 V                              ; 0.1 V                                ; 2.72e-10 s                  ; 2.69e-10 s                  ; Yes                        ; Yes                        ; 2.62 V                      ; 4.05e-08 V                  ; 2.72 V             ; -0.0349 V          ; 0.173 V                             ; 0.1 V                               ; 2.72e-10 s                 ; 2.69e-10 s                 ; Yes                       ; Yes                       ;
; LED[5]              ; 2.5 V        ; 0 s                 ; 0 s                 ; 2.62 V                       ; 4.05e-08 V                   ; 2.72 V              ; -0.0349 V           ; 0.173 V                              ; 0.1 V                                ; 2.72e-10 s                  ; 2.69e-10 s                  ; Yes                        ; Yes                        ; 2.62 V                      ; 4.05e-08 V                  ; 2.72 V             ; -0.0349 V          ; 0.173 V                             ; 0.1 V                               ; 2.72e-10 s                 ; 2.69e-10 s                 ; Yes                       ; Yes                       ;
; LED[4]              ; 2.5 V        ; 0 s                 ; 0 s                 ; 2.62 V                       ; 4.05e-08 V                   ; 2.72 V              ; -0.0349 V           ; 0.173 V                              ; 0.1 V                                ; 2.72e-10 s                  ; 2.69e-10 s                  ; Yes                        ; Yes                        ; 2.62 V                      ; 4.05e-08 V                  ; 2.72 V             ; -0.0349 V          ; 0.173 V                             ; 0.1 V                               ; 2.72e-10 s                 ; 2.69e-10 s                 ; Yes                       ; Yes                       ;
; LED[3]              ; 2.5 V        ; 0 s                 ; 0 s                 ; 2.62 V                       ; 4.05e-08 V                   ; 2.72 V              ; -0.0349 V           ; 0.173 V                              ; 0.1 V                                ; 2.72e-10 s                  ; 2.69e-10 s                  ; Yes                        ; Yes                        ; 2.62 V                      ; 4.05e-08 V                  ; 2.72 V             ; -0.0349 V          ; 0.173 V                             ; 0.1 V                               ; 2.72e-10 s                 ; 2.69e-10 s                 ; Yes                       ; Yes                       ;
; LED[2]              ; 2.5 V        ; 0 s                 ; 0 s                 ; 2.62 V                       ; 4.05e-08 V                   ; 2.72 V              ; -0.0349 V           ; 0.173 V                              ; 0.1 V                                ; 2.72e-10 s                  ; 2.69e-10 s                  ; Yes                        ; Yes                        ; 2.62 V                      ; 4.05e-08 V                  ; 2.72 V             ; -0.0349 V          ; 0.173 V                             ; 0.1 V                               ; 2.72e-10 s                 ; 2.69e-10 s                 ; Yes                       ; Yes                       ;
; LED[1]              ; 2.5 V        ; 0 s                 ; 0 s                 ; 2.62 V                       ; 4.05e-08 V                   ; 2.72 V              ; -0.0349 V           ; 0.173 V                              ; 0.1 V                                ; 2.72e-10 s                  ; 2.69e-10 s                  ; Yes                        ; Yes                        ; 2.62 V                      ; 4.05e-08 V                  ; 2.72 V             ; -0.0349 V          ; 0.173 V                             ; 0.1 V                               ; 2.72e-10 s                 ; 2.69e-10 s                 ; Yes                       ; Yes                       ;
; LED[0]              ; 2.5 V        ; 0 s                 ; 0 s                 ; 2.62 V                       ; 4.05e-08 V                   ; 2.72 V              ; -0.0349 V           ; 0.173 V                              ; 0.1 V                                ; 2.72e-10 s                  ; 2.69e-10 s                  ; Yes                        ; Yes                        ; 2.62 V                      ; 4.05e-08 V                  ; 2.72 V             ; -0.0349 V          ; 0.173 V                             ; 0.1 V                               ; 2.72e-10 s                 ; 2.69e-10 s                 ; Yes                       ; Yes                       ;
; altera_reserved_tdo ; 2.5 V        ; 0 s                 ; 0 s                 ; 2.62 V                       ; 1.77e-07 V                   ; 2.65 V              ; -0.0108 V           ; 0.18 V                               ; 0.17 V                               ; 6.63e-10 s                  ; 1.56e-09 s                  ; Yes                        ; Yes                        ; 2.62 V                      ; 1.77e-07 V                  ; 2.65 V             ; -0.0108 V          ; 0.18 V                              ; 0.17 V                              ; 6.63e-10 s                 ; 1.56e-09 s                 ; Yes                       ; Yes                       ;
; ~ALTERA_DCLK~       ; 2.5 V        ; 0 s                 ; 0 s                 ; 2.62 V                       ; 2.22e-08 V                   ; 2.74 V              ; -0.06 V             ; 0.158 V                              ; 0.08 V                               ; 2.68e-10 s                  ; 2.19e-10 s                  ; Yes                        ; Yes                        ; 2.62 V                      ; 2.22e-08 V                  ; 2.74 V             ; -0.06 V            ; 0.158 V                             ; 0.08 V                              ; 2.68e-10 s                 ; 2.19e-10 s                 ; Yes                       ; Yes                       ;
; ~ALTERA_nCEO~       ; 2.5 V        ; 0 s                 ; 0 s                 ; 2.62 V                       ; 3.54e-08 V                   ; 2.7 V               ; -0.00943 V          ; 0.276 V                              ; 0.035 V                              ; 3.19e-10 s                  ; 4.99e-10 s                  ; No                         ; Yes                        ; 2.62 V                      ; 3.54e-08 V                  ; 2.7 V              ; -0.00943 V         ; 0.276 V                             ; 0.035 V                             ; 3.19e-10 s                 ; 4.99e-10 s                 ; No                        ; Yes                       ;
+---------------------+--------------+---------------------+---------------------+------------------------------+------------------------------+---------------------+---------------------+--------------------------------------+--------------------------------------+-----------------------------+-----------------------------+----------------------------+----------------------------+-----------------------------+-----------------------------+--------------------+--------------------+-------------------------------------+-------------------------------------+----------------------------+----------------------------+---------------------------+---------------------------+


+---------------------------------------------------------------------------------------+
; Setup Transfers                                                                       ;
+---------------------+---------------------+----------+----------+----------+----------+
; From Clock          ; To Clock            ; RR Paths ; FR Paths ; RF Paths ; FF Paths ;
+---------------------+---------------------+----------+----------+----------+----------+
; altera_reserved_tck ; altera_reserved_tck ; 1728     ; 0        ; 32       ; 2        ;
+---------------------+---------------------+----------+----------+----------+----------+
Entries labeled "false path" only account for clock-to-clock false paths and not path-based false paths. As a result, actual path counts may be lower than reported.


+---------------------------------------------------------------------------------------+
; Hold Transfers                                                                        ;
+---------------------+---------------------+----------+----------+----------+----------+
; From Clock          ; To Clock            ; RR Paths ; FR Paths ; RF Paths ; FF Paths ;
+---------------------+---------------------+----------+----------+----------+----------+
; altera_reserved_tck ; altera_reserved_tck ; 1728     ; 0        ; 32       ; 2        ;
+---------------------+---------------------+----------+----------+----------+----------+
Entries labeled "false path" only account for clock-to-clock false paths and not path-based false paths. As a result, actual path counts may be lower than reported.


+---------------------------------------------------------------------------------------+
; Recovery Transfers                                                                    ;
+---------------------+---------------------+----------+----------+----------+----------+
; From Clock          ; To Clock            ; RR Paths ; FR Paths ; RF Paths ; FF Paths ;
+---------------------+---------------------+----------+----------+----------+----------+
; altera_reserved_tck ; altera_reserved_tck ; 81       ; 0        ; 3        ; 0        ;
+---------------------+---------------------+----------+----------+----------+----------+
Entries labeled "false path" only account for clock-to-clock false paths and not path-based false paths. As a result, actual path counts may be lower than reported.


+---------------------------------------------------------------------------------------+
; Removal Transfers                                                                     ;
+---------------------+---------------------+----------+----------+----------+----------+
; From Clock          ; To Clock            ; RR Paths ; FR Paths ; RF Paths ; FF Paths ;
+---------------------+---------------------+----------+----------+----------+----------+
; altera_reserved_tck ; altera_reserved_tck ; 81       ; 0        ; 3        ; 0        ;
+---------------------+---------------------+----------+----------+----------+----------+
Entries labeled "false path" only account for clock-to-clock false paths and not path-based false paths. As a result, actual path counts may be lower than reported.


---------------
; Report TCCS ;
---------------
No dedicated SERDES Transmitter circuitry present in device or used in design


---------------
; Report RSKM ;
---------------
No non-DPA dedicated SERDES Receiver circuitry present in device or used in design


+------------------------------------------------+
; Unconstrained Paths                            ;
+---------------------------------+-------+------+
; Property                        ; Setup ; Hold ;
+---------------------------------+-------+------+
; Illegal Clocks                  ; 0     ; 0    ;
; Unconstrained Clocks            ; 1     ; 1    ;
; Unconstrained Input Ports       ; 2     ; 2    ;
; Unconstrained Input Port Paths  ; 66    ; 66   ;
; Unconstrained Output Ports      ; 9     ; 9    ;
; Unconstrained Output Port Paths ; 9     ; 9    ;
+---------------------------------+-------+------+


+------------------------------------+
; TimeQuest Timing Analyzer Messages ;
+------------------------------------+
Info: *******************************************************************
Info: Running Quartus II 64-Bit TimeQuest Timing Analyzer
    Info: Version 13.1.0 Build 162 10/23/2013 SJ Web Edition
    Info: Processing started: Tue Nov 25 16:22:53 2025
Info: Command: quartus_sta FirstSoc -c TopLevel
Info: qsta_default_script.tcl version: #1
Warning (20028): Parallel compilation is not licensed and has been disabled
Info (21077): Low junction temperature is 0 degrees C
Info (21077): High junction temperature is 85 degrees C
Info (332164): Evaluating HDL-embedded SDC commands
    Info (332165): Entity alt_jtag_atlantic
        Info (332166): set_false_path -from [get_registers {*|alt_jtag_atlantic:*|jupdate}] -to [get_registers {*|alt_jtag_atlantic:*|jupdate1*}] 
        Info (332166): set_false_path -from [get_registers {*|alt_jtag_atlantic:*|rdata[*]}] -to [get_registers {*|alt_jtag_atlantic*|td_shift[*]}]
        Info (332166): set_false_path -from [get_registers {*|alt_jtag_atlantic:*|rdata[*]}] -to [get_registers {*|alt_jtag_atlantic*|td_shift[*]}]
        Info (332166): set_false_path -from [get_registers {*|alt_jtag_atlantic:*|rdata[*]}] -to [get_registers {*|alt_jtag_atlantic*|td_shift[*]}]
        Info (332166): set_false_path -from [get_registers {*|alt_jtag_atlantic:*|rdata[*]}] -to [get_registers {*|alt_jtag_atlantic*|td_shift[*]}]
        Info (332166): set_false_path -from [get_registers {*|alt_jtag_atlantic:*|rdata[*]}] -to [get_registers {*|alt_jtag_atlantic*|td_shift[*]}]
        Info (332166): set_false_path -from [get_registers {*|alt_jtag_atlantic:*|rdata[*]}] -to [get_registers {*|alt_jtag_atlantic*|td_shift[*]}]
        Info (332166): set_false_path -from [get_registers {*|alt_jtag_atlantic:*|rdata[*]}] -to [get_registers {*|alt_jtag_atlantic*|td_shift[*]}]
        Info (332166): set_false_path -from [get_registers {*|alt_jtag_atlantic:*|rdata[*]}] -to [get_registers {*|alt_jtag_atlantic*|td_shift[*]}]
        Info (332166): set_false_path -from [get_registers {*|alt_jtag_atlantic:*|read}] -to [get_registers {*|alt_jtag_atlantic:*|read1*}] 
        Info (332166): set_false_path -from [get_registers {*|alt_jtag_atlantic:*|read_req}]
        Info (332166): set_false_path -from [get_registers {*|alt_jtag_atlantic:*|rvalid}] -to [get_registers {*|alt_jtag_atlantic*|td_shift[*]}]
        Info (332166): set_false_path -from [get_registers {*|t_dav}] -to [get_registers {*|alt_jtag_atlantic:*|tck_t_dav}]
        Info (332166): set_false_path -from [get_registers {*|alt_jtag_atlantic:*|user_saw_rvalid}] -to [get_registers {*|alt_jtag_atlantic:*|rvalid0*}]
        Info (332166): set_false_path -from [get_registers {*|alt_jtag_atlantic:*|wdata[*]}] -to [get_registers {*}]
        Info (332166): set_false_path -from [get_registers {*|alt_jtag_atlantic:*|wdata[*]}] -to [get_registers {*}]
        Info (332166): set_false_path -from [get_registers {*|alt_jtag_atlantic:*|wdata[*]}] -to [get_registers {*}]
        Info (332166): set_false_path -from [get_registers {*|alt_jtag_atlantic:*|wdata[*]}] -to [get_registers {*}]
        Info (332166): set_false_path -from [get_registers {*|alt_jtag_atlantic:*|wdata[*]}] -to [get_registers {*}]
        Info (332166): set_false_path -from [get_registers {*|alt_jtag_atlantic:*|wdata[*]}] -to [get_registers {*}]
        Info (332166): set_false_path -from [get_registers {*|alt_jtag_atlantic:*|wdata[*]}] -to [get_registers {*}]
        Info (332166): set_false_path -from [get_registers {*|alt_jtag_atlantic:*|wdata[*]}] -to [get_registers {*}]
        Info (332166): set_false_path -from [get_registers {*|alt_jtag_atlantic:*|write}] -to [get_registers {*|alt_jtag_atlantic:*|write1*}] 
        Info (332166): set_false_path -from [get_registers {*|alt_jtag_atlantic:*|write_stalled}] -to [get_registers {*|alt_jtag_atlantic:*|t_ena*}]
        Info (332166): set_false_path -from [get_registers {*|alt_jtag_atlantic:*|write_stalled}] -to [get_registers {*|alt_jtag_atlantic:*|t_pause*}]
        Info (332166): set_false_path -from [get_registers {*|alt_jtag_atlantic:*|write_valid}]
    Info (332165): Entity altera_std_synchronizer
        Info (332166): set_false_path -to [get_keepers {*altera_std_synchronizer:*|din_s1}]
    Info (332165): Entity sld_jtag_hub
        Info (332166): create_clock -name altera_reserved_tck [get_ports {altera_reserved_tck}] -period 10MHz   
        Info (332166): set_clock_groups -asynchronous -group {altera_reserved_tck}
Info (332104): Reading SDC File: 'Soc/synthesis/submodules/altera_reset_controller.sdc'
Info (332104): Reading SDC File: 'Soc/synthesis/submodules/Soc_cpu.sdc'
Warning (332060): Node: INPUT_CLOCK was determined to be a clock but was found without an associated clock assignment.
Critical Warning (332168): The following clock transfers have no clock uncertainty assignment. For more accurate results, apply clock uncertainty assignments or use the derive_clock_uncertainty command.
    Critical Warning (332169): From altera_reserved_tck (Rise) to altera_reserved_tck (Rise) (setup and hold)
    Critical Warning (332169): From altera_reserved_tck (Rise) to altera_reserved_tck (Fall) (setup and hold)
    Critical Warning (332169): From altera_reserved_tck (Fall) to altera_reserved_tck (Fall) (setup and hold)
Info: Found TIMEQUEST_REPORT_SCRIPT_INCLUDE_DEFAULT_ANALYSIS = ON
Info: Analyzing Slow 1200mV 85C Model
Info (332146): Worst-case setup slack is 45.556
    Info (332119):     Slack       End Point TNS Clock 
    Info (332119): ========= =================== =====================
    Info (332119):    45.556               0.000 altera_reserved_tck 
Info (332146): Worst-case hold slack is 0.404
    Info (332119):     Slack       End Point TNS Clock 
    Info (332119): ========= =================== =====================
    Info (332119):     0.404               0.000 altera_reserved_tck 
Info (332146): Worst-case recovery slack is 47.142
    Info (332119):     Slack       End Point TNS Clock 
    Info (332119): ========= =================== =====================
    Info (332119):    47.142               0.000 altera_reserved_tck 
Info (332146): Worst-case removal slack is 1.451
    Info (332119):     Slack       End Point TNS Clock 
    Info (332119): ========= =================== =====================
    Info (332119):     1.451               0.000 altera_reserved_tck 
Info (332146): Worst-case minimum pulse width slack is 49.633
    Info (332119):     Slack       End Point TNS Clock 
    Info (332119): ========= =================== =====================
    Info (332119):    49.633               0.000 altera_reserved_tck 
Info (332114): Report Metastability: Found 2 synchronizer chains.
    Info (332114): Typical MTBF of Design is 1e+09 years or 3.15e+16 seconds.

    Info (332114): Number of Synchronizer Chains Found: 2
    Info (332114): Shortest Synchronizer Chain: 2 Registers
    Info (332114): Fraction of Chains for which MTBFs Could Not be Calculated: 0.000
    Info (332114): Worst Case Available Settling Time: 196.898 ns
    Info (332114): 
    Info (332114): Typical MTBF values are calculated based on the nominal silicon characteristics, at nominal operating conditions.
    Info (332114):   - Under typical conditions, an increase of 100ps in available settling time will increase MTBF values by a factor of 10.8
Info: Analyzing Slow 1200mV 0C Model
Info (334003): Started post-fitting delay annotation
Info (334004): Delay annotation completed successfully
Warning (332060): Node: INPUT_CLOCK was determined to be a clock but was found without an associated clock assignment.
Critical Warning (332168): The following clock transfers have no clock uncertainty assignment. For more accurate results, apply clock uncertainty assignments or use the derive_clock_uncertainty command.
    Critical Warning (332169): From altera_reserved_tck (Rise) to altera_reserved_tck (Rise) (setup and hold)
    Critical Warning (332169): From altera_reserved_tck (Rise) to altera_reserved_tck (Fall) (setup and hold)
    Critical Warning (332169): From altera_reserved_tck (Fall) to altera_reserved_tck (Fall) (setup and hold)
Info (332146): Worst-case setup slack is 45.944
    Info (332119):     Slack       End Point TNS Clock 
    Info (332119): ========= =================== =====================
    Info (332119):    45.944               0.000 altera_reserved_tck 
Info (332146): Worst-case hold slack is 0.355
    Info (332119):     Slack       End Point TNS Clock 
    Info (332119): ========= =================== =====================
    Info (332119):     0.355               0.000 altera_reserved_tck 
Info (332146): Worst-case recovery slack is 47.443
    Info (332119):     Slack       End Point TNS Clock 
    Info (332119): ========= =================== =====================
    Info (332119):    47.443               0.000 altera_reserved_tck 
Info (332146): Worst-case removal slack is 1.332
    Info (332119):     Slack       End Point TNS Clock 
    Info (332119): ========= =================== =====================
    Info (332119):     1.332               0.000 altera_reserved_tck 
Info (332146): Worst-case minimum pulse width slack is 49.576
    Info (332119):     Slack       End Point TNS Clock 
    Info (332119): ========= =================== =====================
    Info (332119):    49.576               0.000 altera_reserved_tck 
Info (332114): Report Metastability: Found 2 synchronizer chains.
    Info (332114): Typical MTBF of Design is 1e+09 years or 3.15e+16 seconds.

    Info (332114): Number of Synchronizer Chains Found: 2
    Info (332114): Shortest Synchronizer Chain: 2 Registers
    Info (332114): Fraction of Chains for which MTBFs Could Not be Calculated: 0.000
    Info (332114): Worst Case Available Settling Time: 197.204 ns
    Info (332114): 
    Info (332114): Typical MTBF values are calculated based on the nominal silicon characteristics, at nominal operating conditions.
    Info (332114):   - Under typical conditions, an increase of 100ps in available settling time will increase MTBF values by a factor of 10.8
Info: Analyzing Fast 1200mV 0C Model
Warning (332060): Node: INPUT_CLOCK was determined to be a clock but was found without an associated clock assignment.
Critical Warning (332168): The following clock transfers have no clock uncertainty assignment. For more accurate results, apply clock uncertainty assignments or use the derive_clock_uncertainty command.
    Critical Warning (332169): From altera_reserved_tck (Rise) to altera_reserved_tck (Rise) (setup and hold)
    Critical Warning (332169): From altera_reserved_tck (Rise) to altera_reserved_tck (Fall) (setup and hold)
    Critical Warning (332169): From altera_reserved_tck (Fall) to altera_reserved_tck (Fall) (setup and hold)
Info (332146): Worst-case setup slack is 47.897
    Info (332119):     Slack       End Point TNS Clock 
    Info (332119): ========= =================== =====================
    Info (332119):    47.897               0.000 altera_reserved_tck 
Info (332146): Worst-case hold slack is 0.181
    Info (332119):     Slack       End Point TNS Clock 
    Info (332119): ========= =================== =====================
    Info (332119):     0.181               0.000 altera_reserved_tck 
Info (332146): Worst-case recovery slack is 48.729
    Info (332119):     Slack       End Point TNS Clock 
    Info (332119): ========= =================== =====================
    Info (332119):    48.729               0.000 altera_reserved_tck 
Info (332146): Worst-case removal slack is 0.695
    Info (332119):     Slack       End Point TNS Clock 
    Info (332119): ========= =================== =====================
    Info (332119):     0.695               0.000 altera_reserved_tck 
Info (332146): Worst-case minimum pulse width slack is 49.475
    Info (332119):     Slack       End Point TNS Clock 
    Info (332119): ========= =================== =====================
    Info (332119):    49.475               0.000 altera_reserved_tck 
Info (332114): Report Metastability: Found 2 synchronizer chains.
    Info (332114): Typical MTBF of Design is 1e+09 years or 3.15e+16 seconds.

    Info (332114): Number of Synchronizer Chains Found: 2
    Info (332114): Shortest Synchronizer Chain: 2 Registers
    Info (332114): Fraction of Chains for which MTBFs Could Not be Calculated: 0.000
    Info (332114): Worst Case Available Settling Time: 198.524 ns
    Info (332114): 
    Info (332114): Typical MTBF values are calculated based on the nominal silicon characteristics, at nominal operating conditions.
    Info (332114):   - Under typical conditions, an increase of 100ps in available settling time will increase MTBF values by a factor of 10.8
Info (332102): Design is not fully constrained for setup requirements
Info (332102): Design is not fully constrained for hold requirements
Info: Quartus II 64-Bit TimeQuest Timing Analyzer was successful. 0 errors, 16 warnings
    Info: Peak virtual memory: 4742 megabytes
    Info: Processing ended: Tue Nov 25 16:22:58 2025
    Info: Elapsed time: 00:00:05
    Info: Total CPU time (on all processors): 00:00:04


