TimeQuest Timing Analyzer report for crc_customization
Mon Jan 05 13:33:10 2026
Quartus II 64-Bit Version 13.1.0 Build 162 10/23/2013 SJ Web Edition


---------------------
; Table of Contents ;
---------------------
  1. Legal Notice
  2. TimeQuest Timing Analyzer Summary
  3. Parallel Compilation
  4. SDC File List
  5. Clocks
  6. Slow 1200mV 85C Model Fmax Summary
  7. Timing Closure Recommendations
  8. Slow 1200mV 85C Model Setup Summary
  9. Slow 1200mV 85C Model Hold Summary
 10. Slow 1200mV 85C Model Recovery Summary
 11. Slow 1200mV 85C Model Removal Summary
 12. Slow 1200mV 85C Model Minimum Pulse Width Summary
 13. Slow 1200mV 85C Model Setup: 'altera_reserved_tck'
 14. Slow 1200mV 85C Model Hold: 'altera_reserved_tck'
 15. Slow 1200mV 85C Model Recovery: 'altera_reserved_tck'
 16. Slow 1200mV 85C Model Removal: 'altera_reserved_tck'
 17. Slow 1200mV 85C Model Minimum Pulse Width: 'altera_reserved_tck'
 18. Setup Times
 19. Hold Times
 20. Clock to Output Times
 21. Minimum Clock to Output Times
 22. Propagation Delay
 23. Minimum Propagation Delay
 24. MTBF Summary
 25. Synchronizer Summary
 26. Synchronizer Chain #1: Typical MTBF is Greater than 1 Billion Years
 27. Synchronizer Chain #2: Typical MTBF is Greater than 1 Billion Years
 28. Slow 1200mV 0C Model Fmax Summary
 29. Slow 1200mV 0C Model Setup Summary
 30. Slow 1200mV 0C Model Hold Summary
 31. Slow 1200mV 0C Model Recovery Summary
 32. Slow 1200mV 0C Model Removal Summary
 33. Slow 1200mV 0C Model Minimum Pulse Width Summary
 34. Slow 1200mV 0C Model Setup: 'altera_reserved_tck'
 35. Slow 1200mV 0C Model Hold: 'altera_reserved_tck'
 36. Slow 1200mV 0C Model Recovery: 'altera_reserved_tck'
 37. Slow 1200mV 0C Model Removal: 'altera_reserved_tck'
 38. Slow 1200mV 0C Model Minimum Pulse Width: 'altera_reserved_tck'
 39. Setup Times
 40. Hold Times
 41. Clock to Output Times
 42. Minimum Clock to Output Times
 43. Propagation Delay
 44. Minimum Propagation Delay
 45. MTBF Summary
 46. Synchronizer Summary
 47. Synchronizer Chain #1: Typical MTBF is Greater than 1 Billion Years
 48. Synchronizer Chain #2: Typical MTBF is Greater than 1 Billion Years
 49. Fast 1200mV 0C Model Setup Summary
 50. Fast 1200mV 0C Model Hold Summary
 51. Fast 1200mV 0C Model Recovery Summary
 52. Fast 1200mV 0C Model Removal Summary
 53. Fast 1200mV 0C Model Minimum Pulse Width Summary
 54. Fast 1200mV 0C Model Setup: 'altera_reserved_tck'
 55. Fast 1200mV 0C Model Hold: 'altera_reserved_tck'
 56. Fast 1200mV 0C Model Recovery: 'altera_reserved_tck'
 57. Fast 1200mV 0C Model Removal: 'altera_reserved_tck'
 58. Fast 1200mV 0C Model Minimum Pulse Width: 'altera_reserved_tck'
 59. Setup Times
 60. Hold Times
 61. Clock to Output Times
 62. Minimum Clock to Output Times
 63. Propagation Delay
 64. Minimum Propagation Delay
 65. MTBF Summary
 66. Synchronizer Summary
 67. Synchronizer Chain #1: Typical MTBF is Greater than 1 Billion Years
 68. Synchronizer Chain #2: Typical MTBF is Greater than 1 Billion Years
 69. Multicorner Timing Analysis Summary
 70. Setup Times
 71. Hold Times
 72. Clock to Output Times
 73. Minimum Clock to Output Times
 74. Propagation Delay
 75. Minimum Propagation Delay
 76. Board Trace Model Assignments
 77. Input Transition Times
 78. Signal Integrity Metrics (Slow 1200mv 0c Model)
 79. Signal Integrity Metrics (Slow 1200mv 85c Model)
 80. Signal Integrity Metrics (Fast 1200mv 0c Model)
 81. Setup Transfers
 82. Hold Transfers
 83. Recovery Transfers
 84. Removal Transfers
 85. Report TCCS
 86. Report RSKM
 87. Unconstrained Paths
 88. TimeQuest Timing Analyzer Messages



----------------
; Legal Notice ;
----------------
Copyright (C) 1991-2013 Altera Corporation
Your use of Altera Corporation's design tools, logic functions 
and other software and tools, and its AMPP partner logic 
functions, and any output files from any of the foregoing 
(including device programming or simulation files), and any 
associated documentation or information are expressly subject 
to the terms and conditions of the Altera Program License 
Subscription Agreement, Altera MegaCore Function License 
Agreement, or other applicable license agreement, including, 
without limitation, that your use is for the sole purpose of 
programming logic devices manufactured by Altera and sold by 
Altera or its authorized distributors.  Please refer to the 
applicable agreement for further details.



+-------------------------------------------------------------------------+
; TimeQuest Timing Analyzer Summary                                       ;
+--------------------+----------------------------------------------------+
; Quartus II Version ; Version 13.1.0 Build 162 10/23/2013 SJ Web Edition ;
; Revision Name      ; crc_customization                                  ;
; Device Family      ; Cyclone IV E                                       ;
; Device Name        ; EP4CE115F29C7                                      ;
; Timing Models      ; Final                                              ;
; Delay Model        ; Combined                                           ;
; Rise/Fall Delays   ; Enabled                                            ;
+--------------------+----------------------------------------------------+


Parallel compilation was disabled, but you have multiple processors available. Enable parallel compilation to reduce compilation time.
+-------------------------------------+
; Parallel Compilation                ;
+----------------------------+--------+
; Processors                 ; Number ;
+----------------------------+--------+
; Number detected on machine ; 12     ;
; Maximum allowed            ; 1      ;
+----------------------------+--------+


+------------------------------------------------------------------------------------------+
; SDC File List                                                                            ;
+------------------------------------------------------+--------+--------------------------+
; SDC File Path                                        ; Status ; Read at                  ;
+------------------------------------------------------+--------+--------------------------+
; SoC/synthesis/submodules/altera_reset_controller.sdc ; OK     ; Mon Jan 05 13:33:06 2026 ;
; SoC/synthesis/submodules/SoC_cpu.sdc                 ; OK     ; Mon Jan 05 13:33:06 2026 ;
+------------------------------------------------------+--------+--------------------------+


+-----------------------------------------------------------------------------------------------------------------------------------------------------------------------------------------------------------+
; Clocks                                                                                                                                                                                                    ;
+---------------------+------+---------+-----------+-------+--------+------------+-----------+-------------+-------+--------+-----------+------------+----------+--------+--------+-------------------------+
; Clock Name          ; Type ; Period  ; Frequency ; Rise  ; Fall   ; Duty Cycle ; Divide by ; Multiply by ; Phase ; Offset ; Edge List ; Edge Shift ; Inverted ; Master ; Source ; Targets                 ;
+---------------------+------+---------+-----------+-------+--------+------------+-----------+-------------+-------+--------+-----------+------------+----------+--------+--------+-------------------------+
; altera_reserved_tck ; Base ; 100.000 ; 10.0 MHz  ; 0.000 ; 50.000 ;            ;           ;             ;       ;        ;           ;            ;          ;        ;        ; { altera_reserved_tck } ;
+---------------------+------+---------+-----------+-------+--------+------------+-----------+-------------+-------+--------+-----------+------------+----------+--------+--------+-------------------------+


+-----------------------------------------------------------+
; Slow 1200mV 85C Model Fmax Summary                        ;
+------------+-----------------+---------------------+------+
; Fmax       ; Restricted Fmax ; Clock Name          ; Note ;
+------------+-----------------+---------------------+------+
; 171.88 MHz ; 171.88 MHz      ; altera_reserved_tck ;      ;
+------------+-----------------+---------------------+------+
This panel reports FMAX for every clock in the design, regardless of the user-specified clock periods.  FMAX is only computed for paths where the source and destination registers or ports are driven by the same clock.  Paths of different clocks, including generated clocks, are ignored.  For paths between a clock and its inversion, FMAX is computed as if the rising and falling edges are scaled along with FMAX, such that the duty cycle (in terms of a percentage) is maintained. Altera recommends that you always use clock constraints and other slack reports for sign-off analysis.


----------------------------------
; Timing Closure Recommendations ;
----------------------------------
HTML report is unavailable in plain text report export.


+----------------------------------------------+
; Slow 1200mV 85C Model Setup Summary          ;
+---------------------+--------+---------------+
; Clock               ; Slack  ; End Point TNS ;
+---------------------+--------+---------------+
; altera_reserved_tck ; 47.091 ; 0.000         ;
+---------------------+--------+---------------+


+---------------------------------------------+
; Slow 1200mV 85C Model Hold Summary          ;
+---------------------+-------+---------------+
; Clock               ; Slack ; End Point TNS ;
+---------------------+-------+---------------+
; altera_reserved_tck ; 0.404 ; 0.000         ;
+---------------------+-------+---------------+


+----------------------------------------------+
; Slow 1200mV 85C Model Recovery Summary       ;
+---------------------+--------+---------------+
; Clock               ; Slack  ; End Point TNS ;
+---------------------+--------+---------------+
; altera_reserved_tck ; 47.709 ; 0.000         ;
+---------------------+--------+---------------+


+---------------------------------------------+
; Slow 1200mV 85C Model Removal Summary       ;
+---------------------+-------+---------------+
; Clock               ; Slack ; End Point TNS ;
+---------------------+-------+---------------+
; altera_reserved_tck ; 1.051 ; 0.000         ;
+---------------------+-------+---------------+


+---------------------------------------------------+
; Slow 1200mV 85C Model Minimum Pulse Width Summary ;
+---------------------+--------+--------------------+
; Clock               ; Slack  ; End Point TNS      ;
+---------------------+--------+--------------------+
; altera_reserved_tck ; 49.624 ; 0.000              ;
+---------------------+--------+--------------------+


+------------------------------------------------------------------------------------------------------------------------------------------------------------------------------------------------------------------------------------------------------------------------------------------------------------------------------------------------------------------------------------------------------------------------------------------------------------------------------------------------------------------------+
; Slow 1200mV 85C Model Setup: 'altera_reserved_tck'                                                                                                                                                                                                                                                                                                                                                                                                                                                                     ;
+--------+------------------------------------------------------------------------------------------------------------------------------------------------------------------------------------------------------------+-------------------------------------------------------------------------------------------------------------------------------------------------------------------------------------------------------------+---------------------+---------------------+--------------+------------+------------+
; Slack  ; From Node                                                                                                                                                                                                  ; To Node                                                                                                                                                                                                     ; Launch Clock        ; Latch Clock         ; Relationship ; Clock Skew ; Data Delay ;
+--------+------------------------------------------------------------------------------------------------------------------------------------------------------------------------------------------------------------+-------------------------------------------------------------------------------------------------------------------------------------------------------------------------------------------------------------+---------------------+---------------------+--------------+------------+------------+
; 47.091 ; sld_hub:auto_hub|sld_jtag_hub:\jtag_hub_gen:sld_jtag_hub_inst|design_hash_reg[0]                                                                                                                           ; sld_hub:auto_hub|sld_jtag_hub:\jtag_hub_gen:sld_jtag_hub_inst|tdo                                                                                                                                           ; altera_reserved_tck ; altera_reserved_tck ; 50.000       ; 0.112      ; 3.039      ;
; 47.183 ; sld_hub:auto_hub|sld_jtag_hub:\jtag_hub_gen:sld_jtag_hub_inst|sld_shadow_jsm:shadow_jsm|state[3]                                                                                                           ; sld_hub:auto_hub|sld_jtag_hub:\jtag_hub_gen:sld_jtag_hub_inst|tdo                                                                                                                                           ; altera_reserved_tck ; altera_reserved_tck ; 50.000       ; 0.096      ; 2.931      ;
; 47.218 ; sld_hub:auto_hub|sld_jtag_hub:\jtag_hub_gen:sld_jtag_hub_inst|irsr_reg[1]                                                                                                                                  ; sld_hub:auto_hub|sld_jtag_hub:\jtag_hub_gen:sld_jtag_hub_inst|tdo                                                                                                                                           ; altera_reserved_tck ; altera_reserved_tck ; 50.000       ; 0.087      ; 2.887      ;
; 47.302 ; sld_hub:auto_hub|sld_jtag_hub:\jtag_hub_gen:sld_jtag_hub_inst|irsr_reg[6]                                                                                                                                  ; sld_hub:auto_hub|sld_jtag_hub:\jtag_hub_gen:sld_jtag_hub_inst|tdo                                                                                                                                           ; altera_reserved_tck ; altera_reserved_tck ; 50.000       ; 0.087      ; 2.803      ;
; 47.303 ; sld_hub:auto_hub|sld_jtag_hub:\jtag_hub_gen:sld_jtag_hub_inst|sld_shadow_jsm:shadow_jsm|state[4]                                                                                                           ; sld_hub:auto_hub|sld_jtag_hub:\jtag_hub_gen:sld_jtag_hub_inst|tdo                                                                                                                                           ; altera_reserved_tck ; altera_reserved_tck ; 50.000       ; 0.096      ; 2.811      ;
; 47.317 ; sld_hub:auto_hub|sld_jtag_hub:\jtag_hub_gen:sld_jtag_hub_inst|virtual_ir_scan_reg                                                                                                                          ; SoC:inst|SoC_jtag_uart:jtag_uart|alt_jtag_atlantic:SoC_jtag_uart_alt_jtag_atlantic|jupdate                                                                                                                  ; altera_reserved_tck ; altera_reserved_tck ; 50.000       ; 0.095      ; 2.796      ;
; 47.384 ; sld_hub:auto_hub|sld_jtag_hub:\jtag_hub_gen:sld_jtag_hub_inst|sld_rom_sr:hub_info_reg|WORD_SR[0]                                                                                                           ; sld_hub:auto_hub|sld_jtag_hub:\jtag_hub_gen:sld_jtag_hub_inst|tdo                                                                                                                                           ; altera_reserved_tck ; altera_reserved_tck ; 50.000       ; 0.095      ; 2.729      ;
; 47.386 ; sld_hub:auto_hub|sld_jtag_hub:\jtag_hub_gen:sld_jtag_hub_inst|virtual_ir_scan_reg                                                                                                                          ; sld_hub:auto_hub|sld_jtag_hub:\jtag_hub_gen:sld_jtag_hub_inst|tdo                                                                                                                                           ; altera_reserved_tck ; altera_reserved_tck ; 50.000       ; 0.101      ; 2.733      ;
; 47.438 ; sld_hub:auto_hub|sld_jtag_hub:\jtag_hub_gen:sld_jtag_hub_inst|irf_reg[2][0]                                                                                                                                ; SoC:inst|SoC_jtag_uart:jtag_uart|alt_jtag_atlantic:SoC_jtag_uart_alt_jtag_atlantic|jupdate                                                                                                                  ; altera_reserved_tck ; altera_reserved_tck ; 50.000       ; 0.085      ; 2.665      ;
; 47.493 ; sld_hub:auto_hub|sld_jtag_hub:\jtag_hub_gen:sld_jtag_hub_inst|irsr_reg[2]                                                                                                                                  ; sld_hub:auto_hub|sld_jtag_hub:\jtag_hub_gen:sld_jtag_hub_inst|tdo                                                                                                                                           ; altera_reserved_tck ; altera_reserved_tck ; 50.000       ; 0.087      ; 2.612      ;
; 47.525 ; sld_hub:auto_hub|sld_jtag_hub:\jtag_hub_gen:sld_jtag_hub_inst|irsr_reg[5]                                                                                                                                  ; sld_hub:auto_hub|sld_jtag_hub:\jtag_hub_gen:sld_jtag_hub_inst|tdo                                                                                                                                           ; altera_reserved_tck ; altera_reserved_tck ; 50.000       ; 0.087      ; 2.580      ;
; 47.558 ; sld_hub:auto_hub|sld_jtag_hub:\jtag_hub_gen:sld_jtag_hub_inst|irsr_reg[0]                                                                                                                                  ; sld_hub:auto_hub|sld_jtag_hub:\jtag_hub_gen:sld_jtag_hub_inst|tdo                                                                                                                                           ; altera_reserved_tck ; altera_reserved_tck ; 50.000       ; 0.087      ; 2.547      ;
; 47.863 ; sld_hub:auto_hub|sld_jtag_hub:\jtag_hub_gen:sld_jtag_hub_inst|hub_minor_ver_reg[0]                                                                                                                         ; sld_hub:auto_hub|sld_jtag_hub:\jtag_hub_gen:sld_jtag_hub_inst|tdo                                                                                                                                           ; altera_reserved_tck ; altera_reserved_tck ; 50.000       ; 0.090      ; 2.245      ;
; 47.882 ; SoC:inst|SoC_cpu:cpu|SoC_cpu_nios2_oci:the_SoC_cpu_nios2_oci|SoC_cpu_jtag_debug_module_wrapper:the_SoC_cpu_jtag_debug_module_wrapper|SoC_cpu_jtag_debug_module_tck:the_SoC_cpu_jtag_debug_module_tck|sr[0] ; sld_hub:auto_hub|sld_jtag_hub:\jtag_hub_gen:sld_jtag_hub_inst|tdo                                                                                                                                           ; altera_reserved_tck ; altera_reserved_tck ; 50.000       ; 0.088      ; 2.224      ;
; 47.976 ; sld_hub:auto_hub|sld_jtag_hub:\jtag_hub_gen:sld_jtag_hub_inst|tdo_bypass_reg                                                                                                                               ; sld_hub:auto_hub|sld_jtag_hub:\jtag_hub_gen:sld_jtag_hub_inst|tdo                                                                                                                                           ; altera_reserved_tck ; altera_reserved_tck ; 50.000       ; 0.088      ; 2.130      ;
; 47.987 ; sld_hub:auto_hub|sld_jtag_hub:\jtag_hub_gen:sld_jtag_hub_inst|node_ena[2]~reg0                                                                                                                             ; SoC:inst|SoC_jtag_uart:jtag_uart|alt_jtag_atlantic:SoC_jtag_uart_alt_jtag_atlantic|jupdate                                                                                                                  ; altera_reserved_tck ; altera_reserved_tck ; 50.000       ; 0.090      ; 2.121      ;
; 48.204 ; sld_hub:auto_hub|sld_jtag_hub:\jtag_hub_gen:sld_jtag_hub_inst|sld_shadow_jsm:shadow_jsm|state[8]                                                                                                           ; SoC:inst|SoC_jtag_uart:jtag_uart|alt_jtag_atlantic:SoC_jtag_uart_alt_jtag_atlantic|jupdate                                                                                                                  ; altera_reserved_tck ; altera_reserved_tck ; 50.000       ; 0.090      ; 1.904      ;
; 49.155 ; SoC:inst|SoC_jtag_uart:jtag_uart|alt_jtag_atlantic:SoC_jtag_uart_alt_jtag_atlantic|td_shift[0]                                                                                                             ; SoC:inst|SoC_jtag_uart:jtag_uart|alt_jtag_atlantic:SoC_jtag_uart_alt_jtag_atlantic|tdo~reg0                                                                                                                 ; altera_reserved_tck ; altera_reserved_tck ; 50.000       ; 0.087      ; 0.950      ;
; 95.039 ; sld_hub:auto_hub|sld_jtag_hub:\jtag_hub_gen:sld_jtag_hub_inst|virtual_ir_scan_reg                                                                                                                          ; SoC:inst|SoC_cpu:cpu|SoC_cpu_nios2_oci:the_SoC_cpu_nios2_oci|SoC_cpu_jtag_debug_module_wrapper:the_SoC_cpu_jtag_debug_module_wrapper|SoC_cpu_jtag_debug_module_tck:the_SoC_cpu_jtag_debug_module_tck|sr[25] ; altera_reserved_tck ; altera_reserved_tck ; 100.000      ; -0.064     ; 4.915      ;
; 95.040 ; sld_hub:auto_hub|sld_jtag_hub:\jtag_hub_gen:sld_jtag_hub_inst|virtual_ir_scan_reg                                                                                                                          ; SoC:inst|SoC_cpu:cpu|SoC_cpu_nios2_oci:the_SoC_cpu_nios2_oci|SoC_cpu_jtag_debug_module_wrapper:the_SoC_cpu_jtag_debug_module_wrapper|SoC_cpu_jtag_debug_module_tck:the_SoC_cpu_jtag_debug_module_tck|sr[22] ; altera_reserved_tck ; altera_reserved_tck ; 100.000      ; -0.064     ; 4.914      ;
; 95.043 ; sld_hub:auto_hub|sld_jtag_hub:\jtag_hub_gen:sld_jtag_hub_inst|virtual_ir_scan_reg                                                                                                                          ; SoC:inst|SoC_cpu:cpu|SoC_cpu_nios2_oci:the_SoC_cpu_nios2_oci|SoC_cpu_jtag_debug_module_wrapper:the_SoC_cpu_jtag_debug_module_wrapper|SoC_cpu_jtag_debug_module_tck:the_SoC_cpu_jtag_debug_module_tck|sr[19] ; altera_reserved_tck ; altera_reserved_tck ; 100.000      ; -0.064     ; 4.911      ;
; 95.047 ; sld_hub:auto_hub|sld_jtag_hub:\jtag_hub_gen:sld_jtag_hub_inst|virtual_ir_scan_reg                                                                                                                          ; SoC:inst|SoC_cpu:cpu|SoC_cpu_nios2_oci:the_SoC_cpu_nios2_oci|SoC_cpu_jtag_debug_module_wrapper:the_SoC_cpu_jtag_debug_module_wrapper|SoC_cpu_jtag_debug_module_tck:the_SoC_cpu_jtag_debug_module_tck|sr[20] ; altera_reserved_tck ; altera_reserved_tck ; 100.000      ; -0.064     ; 4.907      ;
; 95.106 ; sld_hub:auto_hub|sld_jtag_hub:\jtag_hub_gen:sld_jtag_hub_inst|virtual_ir_scan_reg                                                                                                                          ; SoC:inst|SoC_cpu:cpu|SoC_cpu_nios2_oci:the_SoC_cpu_nios2_oci|SoC_cpu_jtag_debug_module_wrapper:the_SoC_cpu_jtag_debug_module_wrapper|SoC_cpu_jtag_debug_module_tck:the_SoC_cpu_jtag_debug_module_tck|sr[21] ; altera_reserved_tck ; altera_reserved_tck ; 100.000      ; -0.064     ; 4.848      ;
; 95.218 ; sld_hub:auto_hub|sld_jtag_hub:\jtag_hub_gen:sld_jtag_hub_inst|virtual_ir_scan_reg                                                                                                                          ; SoC:inst|SoC_cpu:cpu|SoC_cpu_nios2_oci:the_SoC_cpu_nios2_oci|SoC_cpu_jtag_debug_module_wrapper:the_SoC_cpu_jtag_debug_module_wrapper|SoC_cpu_jtag_debug_module_tck:the_SoC_cpu_jtag_debug_module_tck|sr[27] ; altera_reserved_tck ; altera_reserved_tck ; 100.000      ; -0.061     ; 4.739      ;
; 95.276 ; sld_hub:auto_hub|sld_jtag_hub:\jtag_hub_gen:sld_jtag_hub_inst|sld_shadow_jsm:shadow_jsm|state[4]                                                                                                           ; SoC:inst|SoC_cpu:cpu|SoC_cpu_nios2_oci:the_SoC_cpu_nios2_oci|SoC_cpu_jtag_debug_module_wrapper:the_SoC_cpu_jtag_debug_module_wrapper|SoC_cpu_jtag_debug_module_tck:the_SoC_cpu_jtag_debug_module_tck|sr[25] ; altera_reserved_tck ; altera_reserved_tck ; 100.000      ; -0.069     ; 4.673      ;
; 95.277 ; sld_hub:auto_hub|sld_jtag_hub:\jtag_hub_gen:sld_jtag_hub_inst|sld_shadow_jsm:shadow_jsm|state[4]                                                                                                           ; SoC:inst|SoC_cpu:cpu|SoC_cpu_nios2_oci:the_SoC_cpu_nios2_oci|SoC_cpu_jtag_debug_module_wrapper:the_SoC_cpu_jtag_debug_module_wrapper|SoC_cpu_jtag_debug_module_tck:the_SoC_cpu_jtag_debug_module_tck|sr[22] ; altera_reserved_tck ; altera_reserved_tck ; 100.000      ; -0.069     ; 4.672      ;
; 95.280 ; sld_hub:auto_hub|sld_jtag_hub:\jtag_hub_gen:sld_jtag_hub_inst|sld_shadow_jsm:shadow_jsm|state[4]                                                                                                           ; SoC:inst|SoC_cpu:cpu|SoC_cpu_nios2_oci:the_SoC_cpu_nios2_oci|SoC_cpu_jtag_debug_module_wrapper:the_SoC_cpu_jtag_debug_module_wrapper|SoC_cpu_jtag_debug_module_tck:the_SoC_cpu_jtag_debug_module_tck|sr[19] ; altera_reserved_tck ; altera_reserved_tck ; 100.000      ; -0.069     ; 4.669      ;
; 95.284 ; sld_hub:auto_hub|sld_jtag_hub:\jtag_hub_gen:sld_jtag_hub_inst|sld_shadow_jsm:shadow_jsm|state[4]                                                                                                           ; SoC:inst|SoC_cpu:cpu|SoC_cpu_nios2_oci:the_SoC_cpu_nios2_oci|SoC_cpu_jtag_debug_module_wrapper:the_SoC_cpu_jtag_debug_module_wrapper|SoC_cpu_jtag_debug_module_tck:the_SoC_cpu_jtag_debug_module_tck|sr[20] ; altera_reserved_tck ; altera_reserved_tck ; 100.000      ; -0.069     ; 4.665      ;
; 95.305 ; sld_hub:auto_hub|sld_jtag_hub:\jtag_hub_gen:sld_jtag_hub_inst|irsr_reg[5]                                                                                                                                  ; sld_hub:auto_hub|sld_jtag_hub:\jtag_hub_gen:sld_jtag_hub_inst|shadow_irf_reg[1][4]                                                                                                                          ; altera_reserved_tck ; altera_reserved_tck ; 100.000      ; -0.083     ; 4.630      ;
; 95.305 ; sld_hub:auto_hub|sld_jtag_hub:\jtag_hub_gen:sld_jtag_hub_inst|irsr_reg[5]                                                                                                                                  ; sld_hub:auto_hub|sld_jtag_hub:\jtag_hub_gen:sld_jtag_hub_inst|shadow_irf_reg[1][3]                                                                                                                          ; altera_reserved_tck ; altera_reserved_tck ; 100.000      ; -0.083     ; 4.630      ;
; 95.305 ; sld_hub:auto_hub|sld_jtag_hub:\jtag_hub_gen:sld_jtag_hub_inst|irsr_reg[5]                                                                                                                                  ; sld_hub:auto_hub|sld_jtag_hub:\jtag_hub_gen:sld_jtag_hub_inst|shadow_irf_reg[1][2]                                                                                                                          ; altera_reserved_tck ; altera_reserved_tck ; 100.000      ; -0.083     ; 4.630      ;
; 95.305 ; sld_hub:auto_hub|sld_jtag_hub:\jtag_hub_gen:sld_jtag_hub_inst|irsr_reg[5]                                                                                                                                  ; sld_hub:auto_hub|sld_jtag_hub:\jtag_hub_gen:sld_jtag_hub_inst|shadow_irf_reg[1][0]                                                                                                                          ; altera_reserved_tck ; altera_reserved_tck ; 100.000      ; -0.083     ; 4.630      ;
; 95.305 ; sld_hub:auto_hub|sld_jtag_hub:\jtag_hub_gen:sld_jtag_hub_inst|irsr_reg[5]                                                                                                                                  ; sld_hub:auto_hub|sld_jtag_hub:\jtag_hub_gen:sld_jtag_hub_inst|shadow_irf_reg[1][1]                                                                                                                          ; altera_reserved_tck ; altera_reserved_tck ; 100.000      ; -0.083     ; 4.630      ;
; 95.339 ; sld_hub:auto_hub|sld_jtag_hub:\jtag_hub_gen:sld_jtag_hub_inst|virtual_ir_scan_reg                                                                                                                          ; SoC:inst|SoC_cpu:cpu|SoC_cpu_nios2_oci:the_SoC_cpu_nios2_oci|SoC_cpu_jtag_debug_module_wrapper:the_SoC_cpu_jtag_debug_module_wrapper|SoC_cpu_jtag_debug_module_tck:the_SoC_cpu_jtag_debug_module_tck|sr[29] ; altera_reserved_tck ; altera_reserved_tck ; 100.000      ; -0.061     ; 4.618      ;
; 95.343 ; sld_hub:auto_hub|sld_jtag_hub:\jtag_hub_gen:sld_jtag_hub_inst|sld_shadow_jsm:shadow_jsm|state[4]                                                                                                           ; SoC:inst|SoC_cpu:cpu|SoC_cpu_nios2_oci:the_SoC_cpu_nios2_oci|SoC_cpu_jtag_debug_module_wrapper:the_SoC_cpu_jtag_debug_module_wrapper|SoC_cpu_jtag_debug_module_tck:the_SoC_cpu_jtag_debug_module_tck|sr[21] ; altera_reserved_tck ; altera_reserved_tck ; 100.000      ; -0.069     ; 4.606      ;
; 95.391 ; sld_hub:auto_hub|sld_jtag_hub:\jtag_hub_gen:sld_jtag_hub_inst|virtual_ir_scan_reg                                                                                                                          ; SoC:inst|SoC_cpu:cpu|SoC_cpu_nios2_oci:the_SoC_cpu_nios2_oci|SoC_cpu_jtag_debug_module_wrapper:the_SoC_cpu_jtag_debug_module_wrapper|SoC_cpu_jtag_debug_module_tck:the_SoC_cpu_jtag_debug_module_tck|sr[26] ; altera_reserved_tck ; altera_reserved_tck ; 100.000      ; -0.064     ; 4.563      ;
; 95.392 ; sld_hub:auto_hub|sld_jtag_hub:\jtag_hub_gen:sld_jtag_hub_inst|virtual_ir_scan_reg                                                                                                                          ; SoC:inst|SoC_cpu:cpu|SoC_cpu_nios2_oci:the_SoC_cpu_nios2_oci|SoC_cpu_jtag_debug_module_wrapper:the_SoC_cpu_jtag_debug_module_wrapper|SoC_cpu_jtag_debug_module_tck:the_SoC_cpu_jtag_debug_module_tck|sr[24] ; altera_reserved_tck ; altera_reserved_tck ; 100.000      ; -0.064     ; 4.562      ;
; 95.395 ; sld_hub:auto_hub|sld_jtag_hub:\jtag_hub_gen:sld_jtag_hub_inst|virtual_ir_scan_reg                                                                                                                          ; SoC:inst|SoC_cpu:cpu|SoC_cpu_nios2_oci:the_SoC_cpu_nios2_oci|SoC_cpu_jtag_debug_module_wrapper:the_SoC_cpu_jtag_debug_module_wrapper|SoC_cpu_jtag_debug_module_tck:the_SoC_cpu_jtag_debug_module_tck|sr[16] ; altera_reserved_tck ; altera_reserved_tck ; 100.000      ; -0.064     ; 4.559      ;
; 95.397 ; sld_hub:auto_hub|sld_jtag_hub:\jtag_hub_gen:sld_jtag_hub_inst|virtual_ir_scan_reg                                                                                                                          ; SoC:inst|SoC_cpu:cpu|SoC_cpu_nios2_oci:the_SoC_cpu_nios2_oci|SoC_cpu_jtag_debug_module_wrapper:the_SoC_cpu_jtag_debug_module_wrapper|SoC_cpu_jtag_debug_module_tck:the_SoC_cpu_jtag_debug_module_tck|sr[18] ; altera_reserved_tck ; altera_reserved_tck ; 100.000      ; -0.064     ; 4.557      ;
; 95.398 ; sld_hub:auto_hub|sld_jtag_hub:\jtag_hub_gen:sld_jtag_hub_inst|virtual_ir_scan_reg                                                                                                                          ; SoC:inst|SoC_cpu:cpu|SoC_cpu_nios2_oci:the_SoC_cpu_nios2_oci|SoC_cpu_jtag_debug_module_wrapper:the_SoC_cpu_jtag_debug_module_wrapper|SoC_cpu_jtag_debug_module_tck:the_SoC_cpu_jtag_debug_module_tck|sr[23] ; altera_reserved_tck ; altera_reserved_tck ; 100.000      ; -0.064     ; 4.556      ;
; 95.398 ; sld_hub:auto_hub|sld_jtag_hub:\jtag_hub_gen:sld_jtag_hub_inst|virtual_ir_scan_reg                                                                                                                          ; SoC:inst|SoC_cpu:cpu|SoC_cpu_nios2_oci:the_SoC_cpu_nios2_oci|SoC_cpu_jtag_debug_module_wrapper:the_SoC_cpu_jtag_debug_module_wrapper|SoC_cpu_jtag_debug_module_tck:the_SoC_cpu_jtag_debug_module_tck|sr[17] ; altera_reserved_tck ; altera_reserved_tck ; 100.000      ; -0.064     ; 4.556      ;
; 95.406 ; sld_hub:auto_hub|sld_jtag_hub:\jtag_hub_gen:sld_jtag_hub_inst|virtual_ir_scan_reg                                                                                                                          ; SoC:inst|SoC_cpu:cpu|SoC_cpu_nios2_oci:the_SoC_cpu_nios2_oci|SoC_cpu_jtag_debug_module_wrapper:the_SoC_cpu_jtag_debug_module_wrapper|SoC_cpu_jtag_debug_module_tck:the_SoC_cpu_jtag_debug_module_tck|sr[30] ; altera_reserved_tck ; altera_reserved_tck ; 100.000      ; -0.061     ; 4.551      ;
; 95.455 ; sld_hub:auto_hub|sld_jtag_hub:\jtag_hub_gen:sld_jtag_hub_inst|sld_shadow_jsm:shadow_jsm|state[4]                                                                                                           ; SoC:inst|SoC_cpu:cpu|SoC_cpu_nios2_oci:the_SoC_cpu_nios2_oci|SoC_cpu_jtag_debug_module_wrapper:the_SoC_cpu_jtag_debug_module_wrapper|SoC_cpu_jtag_debug_module_tck:the_SoC_cpu_jtag_debug_module_tck|sr[27] ; altera_reserved_tck ; altera_reserved_tck ; 100.000      ; -0.066     ; 4.497      ;
; 95.460 ; sld_hub:auto_hub|sld_jtag_hub:\jtag_hub_gen:sld_jtag_hub_inst|virtual_ir_scan_reg                                                                                                                          ; SoC:inst|SoC_cpu:cpu|SoC_cpu_nios2_oci:the_SoC_cpu_nios2_oci|SoC_cpu_jtag_debug_module_wrapper:the_SoC_cpu_jtag_debug_module_wrapper|SoC_cpu_jtag_debug_module_tck:the_SoC_cpu_jtag_debug_module_tck|sr[36] ; altera_reserved_tck ; altera_reserved_tck ; 100.000      ; -0.065     ; 4.493      ;
; 95.460 ; sld_hub:auto_hub|sld_jtag_hub:\jtag_hub_gen:sld_jtag_hub_inst|virtual_ir_scan_reg                                                                                                                          ; SoC:inst|SoC_cpu:cpu|SoC_cpu_nios2_oci:the_SoC_cpu_nios2_oci|SoC_cpu_jtag_debug_module_wrapper:the_SoC_cpu_jtag_debug_module_wrapper|SoC_cpu_jtag_debug_module_tck:the_SoC_cpu_jtag_debug_module_tck|sr[37] ; altera_reserved_tck ; altera_reserved_tck ; 100.000      ; -0.065     ; 4.493      ;
; 95.463 ; sld_hub:auto_hub|sld_jtag_hub:\jtag_hub_gen:sld_jtag_hub_inst|virtual_ir_scan_reg                                                                                                                          ; SoC:inst|SoC_cpu:cpu|SoC_cpu_nios2_oci:the_SoC_cpu_nios2_oci|SoC_cpu_jtag_debug_module_wrapper:the_SoC_cpu_jtag_debug_module_wrapper|SoC_cpu_jtag_debug_module_tck:the_SoC_cpu_jtag_debug_module_tck|sr[28] ; altera_reserved_tck ; altera_reserved_tck ; 100.000      ; -0.061     ; 4.494      ;
; 95.463 ; sld_hub:auto_hub|sld_jtag_hub:\jtag_hub_gen:sld_jtag_hub_inst|virtual_ir_scan_reg                                                                                                                          ; SoC:inst|SoC_cpu:cpu|SoC_cpu_nios2_oci:the_SoC_cpu_nios2_oci|SoC_cpu_jtag_debug_module_wrapper:the_SoC_cpu_jtag_debug_module_wrapper|SoC_cpu_jtag_debug_module_tck:the_SoC_cpu_jtag_debug_module_tck|sr[32] ; altera_reserved_tck ; altera_reserved_tck ; 100.000      ; -0.061     ; 4.494      ;
; 95.463 ; sld_hub:auto_hub|sld_jtag_hub:\jtag_hub_gen:sld_jtag_hub_inst|virtual_ir_scan_reg                                                                                                                          ; SoC:inst|SoC_cpu:cpu|SoC_cpu_nios2_oci:the_SoC_cpu_nios2_oci|SoC_cpu_jtag_debug_module_wrapper:the_SoC_cpu_jtag_debug_module_wrapper|SoC_cpu_jtag_debug_module_tck:the_SoC_cpu_jtag_debug_module_tck|sr[33] ; altera_reserved_tck ; altera_reserved_tck ; 100.000      ; -0.061     ; 4.494      ;
; 95.463 ; sld_hub:auto_hub|sld_jtag_hub:\jtag_hub_gen:sld_jtag_hub_inst|virtual_ir_scan_reg                                                                                                                          ; SoC:inst|SoC_cpu:cpu|SoC_cpu_nios2_oci:the_SoC_cpu_nios2_oci|SoC_cpu_jtag_debug_module_wrapper:the_SoC_cpu_jtag_debug_module_wrapper|SoC_cpu_jtag_debug_module_tck:the_SoC_cpu_jtag_debug_module_tck|sr[34] ; altera_reserved_tck ; altera_reserved_tck ; 100.000      ; -0.061     ; 4.494      ;
; 95.465 ; sld_hub:auto_hub|sld_jtag_hub:\jtag_hub_gen:sld_jtag_hub_inst|node_ena[1]~reg0                                                                                                                             ; SoC:inst|SoC_cpu:cpu|SoC_cpu_nios2_oci:the_SoC_cpu_nios2_oci|SoC_cpu_jtag_debug_module_wrapper:the_SoC_cpu_jtag_debug_module_wrapper|SoC_cpu_jtag_debug_module_tck:the_SoC_cpu_jtag_debug_module_tck|sr[25] ; altera_reserved_tck ; altera_reserved_tck ; 100.000      ; -0.069     ; 4.484      ;
; 95.466 ; sld_hub:auto_hub|sld_jtag_hub:\jtag_hub_gen:sld_jtag_hub_inst|node_ena[1]~reg0                                                                                                                             ; SoC:inst|SoC_cpu:cpu|SoC_cpu_nios2_oci:the_SoC_cpu_nios2_oci|SoC_cpu_jtag_debug_module_wrapper:the_SoC_cpu_jtag_debug_module_wrapper|SoC_cpu_jtag_debug_module_tck:the_SoC_cpu_jtag_debug_module_tck|sr[22] ; altera_reserved_tck ; altera_reserved_tck ; 100.000      ; -0.069     ; 4.483      ;
; 95.469 ; sld_hub:auto_hub|sld_jtag_hub:\jtag_hub_gen:sld_jtag_hub_inst|node_ena[1]~reg0                                                                                                                             ; SoC:inst|SoC_cpu:cpu|SoC_cpu_nios2_oci:the_SoC_cpu_nios2_oci|SoC_cpu_jtag_debug_module_wrapper:the_SoC_cpu_jtag_debug_module_wrapper|SoC_cpu_jtag_debug_module_tck:the_SoC_cpu_jtag_debug_module_tck|sr[19] ; altera_reserved_tck ; altera_reserved_tck ; 100.000      ; -0.069     ; 4.480      ;
; 95.473 ; sld_hub:auto_hub|sld_jtag_hub:\jtag_hub_gen:sld_jtag_hub_inst|node_ena[1]~reg0                                                                                                                             ; SoC:inst|SoC_cpu:cpu|SoC_cpu_nios2_oci:the_SoC_cpu_nios2_oci|SoC_cpu_jtag_debug_module_wrapper:the_SoC_cpu_jtag_debug_module_wrapper|SoC_cpu_jtag_debug_module_tck:the_SoC_cpu_jtag_debug_module_tck|sr[20] ; altera_reserved_tck ; altera_reserved_tck ; 100.000      ; -0.069     ; 4.476      ;
; 95.515 ; sld_hub:auto_hub|sld_jtag_hub:\jtag_hub_gen:sld_jtag_hub_inst|sld_shadow_jsm:shadow_jsm|state[3]                                                                                                           ; sld_hub:auto_hub|sld_jtag_hub:\jtag_hub_gen:sld_jtag_hub_inst|irf_reg[2][4]                                                                                                                                 ; altera_reserved_tck ; altera_reserved_tck ; 100.000      ; -0.074     ; 4.429      ;
; 95.515 ; sld_hub:auto_hub|sld_jtag_hub:\jtag_hub_gen:sld_jtag_hub_inst|sld_shadow_jsm:shadow_jsm|state[3]                                                                                                           ; sld_hub:auto_hub|sld_jtag_hub:\jtag_hub_gen:sld_jtag_hub_inst|irf_reg[2][3]                                                                                                                                 ; altera_reserved_tck ; altera_reserved_tck ; 100.000      ; -0.074     ; 4.429      ;
; 95.515 ; sld_hub:auto_hub|sld_jtag_hub:\jtag_hub_gen:sld_jtag_hub_inst|sld_shadow_jsm:shadow_jsm|state[3]                                                                                                           ; sld_hub:auto_hub|sld_jtag_hub:\jtag_hub_gen:sld_jtag_hub_inst|irf_reg[2][2]                                                                                                                                 ; altera_reserved_tck ; altera_reserved_tck ; 100.000      ; -0.074     ; 4.429      ;
; 95.515 ; sld_hub:auto_hub|sld_jtag_hub:\jtag_hub_gen:sld_jtag_hub_inst|sld_shadow_jsm:shadow_jsm|state[3]                                                                                                           ; sld_hub:auto_hub|sld_jtag_hub:\jtag_hub_gen:sld_jtag_hub_inst|irf_reg[2][1]                                                                                                                                 ; altera_reserved_tck ; altera_reserved_tck ; 100.000      ; -0.074     ; 4.429      ;
; 95.515 ; sld_hub:auto_hub|sld_jtag_hub:\jtag_hub_gen:sld_jtag_hub_inst|sld_shadow_jsm:shadow_jsm|state[3]                                                                                                           ; sld_hub:auto_hub|sld_jtag_hub:\jtag_hub_gen:sld_jtag_hub_inst|irf_reg[2][0]                                                                                                                                 ; altera_reserved_tck ; altera_reserved_tck ; 100.000      ; -0.074     ; 4.429      ;
; 95.532 ; sld_hub:auto_hub|sld_jtag_hub:\jtag_hub_gen:sld_jtag_hub_inst|node_ena[1]~reg0                                                                                                                             ; SoC:inst|SoC_cpu:cpu|SoC_cpu_nios2_oci:the_SoC_cpu_nios2_oci|SoC_cpu_jtag_debug_module_wrapper:the_SoC_cpu_jtag_debug_module_wrapper|SoC_cpu_jtag_debug_module_tck:the_SoC_cpu_jtag_debug_module_tck|sr[21] ; altera_reserved_tck ; altera_reserved_tck ; 100.000      ; -0.069     ; 4.417      ;
; 95.556 ; sld_hub:auto_hub|sld_jtag_hub:\jtag_hub_gen:sld_jtag_hub_inst|virtual_ir_scan_reg                                                                                                                          ; sld_hub:auto_hub|sld_jtag_hub:\jtag_hub_gen:sld_jtag_hub_inst|irf_reg[2][4]                                                                                                                                 ; altera_reserved_tck ; altera_reserved_tck ; 100.000      ; -0.069     ; 4.393      ;
; 95.556 ; sld_hub:auto_hub|sld_jtag_hub:\jtag_hub_gen:sld_jtag_hub_inst|virtual_ir_scan_reg                                                                                                                          ; sld_hub:auto_hub|sld_jtag_hub:\jtag_hub_gen:sld_jtag_hub_inst|irf_reg[2][3]                                                                                                                                 ; altera_reserved_tck ; altera_reserved_tck ; 100.000      ; -0.069     ; 4.393      ;
; 95.556 ; sld_hub:auto_hub|sld_jtag_hub:\jtag_hub_gen:sld_jtag_hub_inst|virtual_ir_scan_reg                                                                                                                          ; sld_hub:auto_hub|sld_jtag_hub:\jtag_hub_gen:sld_jtag_hub_inst|irf_reg[2][2]                                                                                                                                 ; altera_reserved_tck ; altera_reserved_tck ; 100.000      ; -0.069     ; 4.393      ;
; 95.556 ; sld_hub:auto_hub|sld_jtag_hub:\jtag_hub_gen:sld_jtag_hub_inst|virtual_ir_scan_reg                                                                                                                          ; sld_hub:auto_hub|sld_jtag_hub:\jtag_hub_gen:sld_jtag_hub_inst|irf_reg[2][1]                                                                                                                                 ; altera_reserved_tck ; altera_reserved_tck ; 100.000      ; -0.069     ; 4.393      ;
; 95.556 ; sld_hub:auto_hub|sld_jtag_hub:\jtag_hub_gen:sld_jtag_hub_inst|virtual_ir_scan_reg                                                                                                                          ; sld_hub:auto_hub|sld_jtag_hub:\jtag_hub_gen:sld_jtag_hub_inst|irf_reg[2][0]                                                                                                                                 ; altera_reserved_tck ; altera_reserved_tck ; 100.000      ; -0.069     ; 4.393      ;
; 95.576 ; sld_hub:auto_hub|sld_jtag_hub:\jtag_hub_gen:sld_jtag_hub_inst|sld_shadow_jsm:shadow_jsm|state[4]                                                                                                           ; SoC:inst|SoC_cpu:cpu|SoC_cpu_nios2_oci:the_SoC_cpu_nios2_oci|SoC_cpu_jtag_debug_module_wrapper:the_SoC_cpu_jtag_debug_module_wrapper|SoC_cpu_jtag_debug_module_tck:the_SoC_cpu_jtag_debug_module_tck|sr[29] ; altera_reserved_tck ; altera_reserved_tck ; 100.000      ; -0.066     ; 4.376      ;
; 95.601 ; sld_hub:auto_hub|sld_jtag_hub:\jtag_hub_gen:sld_jtag_hub_inst|virtual_ir_scan_reg                                                                                                                          ; SoC:inst|SoC_jtag_uart:jtag_uart|alt_jtag_atlantic:SoC_jtag_uart_alt_jtag_atlantic|write                                                                                                                    ; altera_reserved_tck ; altera_reserved_tck ; 100.000      ; -0.065     ; 4.352      ;
; 95.601 ; sld_hub:auto_hub|sld_jtag_hub:\jtag_hub_gen:sld_jtag_hub_inst|virtual_ir_scan_reg                                                                                                                          ; SoC:inst|SoC_jtag_uart:jtag_uart|alt_jtag_atlantic:SoC_jtag_uart_alt_jtag_atlantic|wdata[7]                                                                                                                 ; altera_reserved_tck ; altera_reserved_tck ; 100.000      ; -0.065     ; 4.352      ;
; 95.601 ; sld_hub:auto_hub|sld_jtag_hub:\jtag_hub_gen:sld_jtag_hub_inst|virtual_ir_scan_reg                                                                                                                          ; SoC:inst|SoC_jtag_uart:jtag_uart|alt_jtag_atlantic:SoC_jtag_uart_alt_jtag_atlantic|wdata[6]                                                                                                                 ; altera_reserved_tck ; altera_reserved_tck ; 100.000      ; -0.065     ; 4.352      ;
; 95.601 ; sld_hub:auto_hub|sld_jtag_hub:\jtag_hub_gen:sld_jtag_hub_inst|virtual_ir_scan_reg                                                                                                                          ; SoC:inst|SoC_jtag_uart:jtag_uart|alt_jtag_atlantic:SoC_jtag_uart_alt_jtag_atlantic|wdata[5]                                                                                                                 ; altera_reserved_tck ; altera_reserved_tck ; 100.000      ; -0.065     ; 4.352      ;
; 95.601 ; sld_hub:auto_hub|sld_jtag_hub:\jtag_hub_gen:sld_jtag_hub_inst|virtual_ir_scan_reg                                                                                                                          ; SoC:inst|SoC_jtag_uart:jtag_uart|alt_jtag_atlantic:SoC_jtag_uart_alt_jtag_atlantic|wdata[4]                                                                                                                 ; altera_reserved_tck ; altera_reserved_tck ; 100.000      ; -0.065     ; 4.352      ;
; 95.601 ; sld_hub:auto_hub|sld_jtag_hub:\jtag_hub_gen:sld_jtag_hub_inst|virtual_ir_scan_reg                                                                                                                          ; SoC:inst|SoC_jtag_uart:jtag_uart|alt_jtag_atlantic:SoC_jtag_uart_alt_jtag_atlantic|wdata[3]                                                                                                                 ; altera_reserved_tck ; altera_reserved_tck ; 100.000      ; -0.065     ; 4.352      ;
; 95.628 ; sld_hub:auto_hub|sld_jtag_hub:\jtag_hub_gen:sld_jtag_hub_inst|sld_shadow_jsm:shadow_jsm|state[4]                                                                                                           ; SoC:inst|SoC_cpu:cpu|SoC_cpu_nios2_oci:the_SoC_cpu_nios2_oci|SoC_cpu_jtag_debug_module_wrapper:the_SoC_cpu_jtag_debug_module_wrapper|SoC_cpu_jtag_debug_module_tck:the_SoC_cpu_jtag_debug_module_tck|sr[26] ; altera_reserved_tck ; altera_reserved_tck ; 100.000      ; -0.069     ; 4.321      ;
; 95.629 ; sld_hub:auto_hub|sld_jtag_hub:\jtag_hub_gen:sld_jtag_hub_inst|sld_shadow_jsm:shadow_jsm|state[4]                                                                                                           ; SoC:inst|SoC_cpu:cpu|SoC_cpu_nios2_oci:the_SoC_cpu_nios2_oci|SoC_cpu_jtag_debug_module_wrapper:the_SoC_cpu_jtag_debug_module_wrapper|SoC_cpu_jtag_debug_module_tck:the_SoC_cpu_jtag_debug_module_tck|sr[24] ; altera_reserved_tck ; altera_reserved_tck ; 100.000      ; -0.069     ; 4.320      ;
; 95.632 ; sld_hub:auto_hub|sld_jtag_hub:\jtag_hub_gen:sld_jtag_hub_inst|irsr_reg[6]                                                                                                                                  ; sld_hub:auto_hub|sld_jtag_hub:\jtag_hub_gen:sld_jtag_hub_inst|shadow_irf_reg[2][4]                                                                                                                          ; altera_reserved_tck ; altera_reserved_tck ; 100.000      ; -0.083     ; 4.303      ;
; 95.632 ; sld_hub:auto_hub|sld_jtag_hub:\jtag_hub_gen:sld_jtag_hub_inst|irsr_reg[6]                                                                                                                                  ; sld_hub:auto_hub|sld_jtag_hub:\jtag_hub_gen:sld_jtag_hub_inst|shadow_irf_reg[2][3]                                                                                                                          ; altera_reserved_tck ; altera_reserved_tck ; 100.000      ; -0.083     ; 4.303      ;
; 95.632 ; sld_hub:auto_hub|sld_jtag_hub:\jtag_hub_gen:sld_jtag_hub_inst|irsr_reg[6]                                                                                                                                  ; sld_hub:auto_hub|sld_jtag_hub:\jtag_hub_gen:sld_jtag_hub_inst|shadow_irf_reg[2][2]                                                                                                                          ; altera_reserved_tck ; altera_reserved_tck ; 100.000      ; -0.083     ; 4.303      ;
; 95.632 ; sld_hub:auto_hub|sld_jtag_hub:\jtag_hub_gen:sld_jtag_hub_inst|irsr_reg[6]                                                                                                                                  ; sld_hub:auto_hub|sld_jtag_hub:\jtag_hub_gen:sld_jtag_hub_inst|shadow_irf_reg[2][1]                                                                                                                          ; altera_reserved_tck ; altera_reserved_tck ; 100.000      ; -0.083     ; 4.303      ;
; 95.632 ; sld_hub:auto_hub|sld_jtag_hub:\jtag_hub_gen:sld_jtag_hub_inst|irsr_reg[6]                                                                                                                                  ; sld_hub:auto_hub|sld_jtag_hub:\jtag_hub_gen:sld_jtag_hub_inst|shadow_irf_reg[2][0]                                                                                                                          ; altera_reserved_tck ; altera_reserved_tck ; 100.000      ; -0.083     ; 4.303      ;
; 95.632 ; sld_hub:auto_hub|sld_jtag_hub:\jtag_hub_gen:sld_jtag_hub_inst|sld_shadow_jsm:shadow_jsm|state[4]                                                                                                           ; SoC:inst|SoC_cpu:cpu|SoC_cpu_nios2_oci:the_SoC_cpu_nios2_oci|SoC_cpu_jtag_debug_module_wrapper:the_SoC_cpu_jtag_debug_module_wrapper|SoC_cpu_jtag_debug_module_tck:the_SoC_cpu_jtag_debug_module_tck|sr[16] ; altera_reserved_tck ; altera_reserved_tck ; 100.000      ; -0.069     ; 4.317      ;
; 95.634 ; sld_hub:auto_hub|sld_jtag_hub:\jtag_hub_gen:sld_jtag_hub_inst|sld_shadow_jsm:shadow_jsm|state[3]                                                                                                           ; sld_hub:auto_hub|sld_jtag_hub:\jtag_hub_gen:sld_jtag_hub_inst|irf_reg[1][4]                                                                                                                                 ; altera_reserved_tck ; altera_reserved_tck ; 100.000      ; -0.074     ; 4.310      ;
; 95.634 ; sld_hub:auto_hub|sld_jtag_hub:\jtag_hub_gen:sld_jtag_hub_inst|sld_shadow_jsm:shadow_jsm|state[3]                                                                                                           ; sld_hub:auto_hub|sld_jtag_hub:\jtag_hub_gen:sld_jtag_hub_inst|irf_reg[1][3]                                                                                                                                 ; altera_reserved_tck ; altera_reserved_tck ; 100.000      ; -0.074     ; 4.310      ;
; 95.634 ; sld_hub:auto_hub|sld_jtag_hub:\jtag_hub_gen:sld_jtag_hub_inst|sld_shadow_jsm:shadow_jsm|state[3]                                                                                                           ; sld_hub:auto_hub|sld_jtag_hub:\jtag_hub_gen:sld_jtag_hub_inst|irf_reg[1][2]                                                                                                                                 ; altera_reserved_tck ; altera_reserved_tck ; 100.000      ; -0.074     ; 4.310      ;
; 95.634 ; sld_hub:auto_hub|sld_jtag_hub:\jtag_hub_gen:sld_jtag_hub_inst|sld_shadow_jsm:shadow_jsm|state[3]                                                                                                           ; sld_hub:auto_hub|sld_jtag_hub:\jtag_hub_gen:sld_jtag_hub_inst|irf_reg[1][0]                                                                                                                                 ; altera_reserved_tck ; altera_reserved_tck ; 100.000      ; -0.074     ; 4.310      ;
; 95.634 ; sld_hub:auto_hub|sld_jtag_hub:\jtag_hub_gen:sld_jtag_hub_inst|sld_shadow_jsm:shadow_jsm|state[3]                                                                                                           ; sld_hub:auto_hub|sld_jtag_hub:\jtag_hub_gen:sld_jtag_hub_inst|irf_reg[1][1]                                                                                                                                 ; altera_reserved_tck ; altera_reserved_tck ; 100.000      ; -0.074     ; 4.310      ;
; 95.634 ; sld_hub:auto_hub|sld_jtag_hub:\jtag_hub_gen:sld_jtag_hub_inst|sld_shadow_jsm:shadow_jsm|state[4]                                                                                                           ; SoC:inst|SoC_cpu:cpu|SoC_cpu_nios2_oci:the_SoC_cpu_nios2_oci|SoC_cpu_jtag_debug_module_wrapper:the_SoC_cpu_jtag_debug_module_wrapper|SoC_cpu_jtag_debug_module_tck:the_SoC_cpu_jtag_debug_module_tck|sr[18] ; altera_reserved_tck ; altera_reserved_tck ; 100.000      ; -0.069     ; 4.315      ;
; 95.635 ; sld_hub:auto_hub|sld_jtag_hub:\jtag_hub_gen:sld_jtag_hub_inst|sld_shadow_jsm:shadow_jsm|state[4]                                                                                                           ; SoC:inst|SoC_cpu:cpu|SoC_cpu_nios2_oci:the_SoC_cpu_nios2_oci|SoC_cpu_jtag_debug_module_wrapper:the_SoC_cpu_jtag_debug_module_wrapper|SoC_cpu_jtag_debug_module_tck:the_SoC_cpu_jtag_debug_module_tck|sr[23] ; altera_reserved_tck ; altera_reserved_tck ; 100.000      ; -0.069     ; 4.314      ;
; 95.635 ; sld_hub:auto_hub|sld_jtag_hub:\jtag_hub_gen:sld_jtag_hub_inst|sld_shadow_jsm:shadow_jsm|state[4]                                                                                                           ; SoC:inst|SoC_cpu:cpu|SoC_cpu_nios2_oci:the_SoC_cpu_nios2_oci|SoC_cpu_jtag_debug_module_wrapper:the_SoC_cpu_jtag_debug_module_wrapper|SoC_cpu_jtag_debug_module_tck:the_SoC_cpu_jtag_debug_module_tck|sr[17] ; altera_reserved_tck ; altera_reserved_tck ; 100.000      ; -0.069     ; 4.314      ;
; 95.643 ; sld_hub:auto_hub|sld_jtag_hub:\jtag_hub_gen:sld_jtag_hub_inst|sld_shadow_jsm:shadow_jsm|state[4]                                                                                                           ; SoC:inst|SoC_cpu:cpu|SoC_cpu_nios2_oci:the_SoC_cpu_nios2_oci|SoC_cpu_jtag_debug_module_wrapper:the_SoC_cpu_jtag_debug_module_wrapper|SoC_cpu_jtag_debug_module_tck:the_SoC_cpu_jtag_debug_module_tck|sr[30] ; altera_reserved_tck ; altera_reserved_tck ; 100.000      ; -0.066     ; 4.309      ;
; 95.644 ; sld_hub:auto_hub|sld_jtag_hub:\jtag_hub_gen:sld_jtag_hub_inst|irsr_reg[6]                                                                                                                                  ; sld_hub:auto_hub|sld_jtag_hub:\jtag_hub_gen:sld_jtag_hub_inst|shadow_irf_reg[1][4]                                                                                                                          ; altera_reserved_tck ; altera_reserved_tck ; 100.000      ; -0.083     ; 4.291      ;
; 95.644 ; sld_hub:auto_hub|sld_jtag_hub:\jtag_hub_gen:sld_jtag_hub_inst|irsr_reg[6]                                                                                                                                  ; sld_hub:auto_hub|sld_jtag_hub:\jtag_hub_gen:sld_jtag_hub_inst|shadow_irf_reg[1][3]                                                                                                                          ; altera_reserved_tck ; altera_reserved_tck ; 100.000      ; -0.083     ; 4.291      ;
; 95.644 ; sld_hub:auto_hub|sld_jtag_hub:\jtag_hub_gen:sld_jtag_hub_inst|irsr_reg[6]                                                                                                                                  ; sld_hub:auto_hub|sld_jtag_hub:\jtag_hub_gen:sld_jtag_hub_inst|shadow_irf_reg[1][2]                                                                                                                          ; altera_reserved_tck ; altera_reserved_tck ; 100.000      ; -0.083     ; 4.291      ;
; 95.644 ; sld_hub:auto_hub|sld_jtag_hub:\jtag_hub_gen:sld_jtag_hub_inst|irsr_reg[6]                                                                                                                                  ; sld_hub:auto_hub|sld_jtag_hub:\jtag_hub_gen:sld_jtag_hub_inst|shadow_irf_reg[1][0]                                                                                                                          ; altera_reserved_tck ; altera_reserved_tck ; 100.000      ; -0.083     ; 4.291      ;
; 95.644 ; sld_hub:auto_hub|sld_jtag_hub:\jtag_hub_gen:sld_jtag_hub_inst|irsr_reg[6]                                                                                                                                  ; sld_hub:auto_hub|sld_jtag_hub:\jtag_hub_gen:sld_jtag_hub_inst|shadow_irf_reg[1][1]                                                                                                                          ; altera_reserved_tck ; altera_reserved_tck ; 100.000      ; -0.083     ; 4.291      ;
; 95.644 ; sld_hub:auto_hub|sld_jtag_hub:\jtag_hub_gen:sld_jtag_hub_inst|node_ena[1]~reg0                                                                                                                             ; SoC:inst|SoC_cpu:cpu|SoC_cpu_nios2_oci:the_SoC_cpu_nios2_oci|SoC_cpu_jtag_debug_module_wrapper:the_SoC_cpu_jtag_debug_module_wrapper|SoC_cpu_jtag_debug_module_tck:the_SoC_cpu_jtag_debug_module_tck|sr[27] ; altera_reserved_tck ; altera_reserved_tck ; 100.000      ; -0.066     ; 4.308      ;
; 95.655 ; sld_hub:auto_hub|sld_jtag_hub:\jtag_hub_gen:sld_jtag_hub_inst|virtual_ir_scan_reg                                                                                                                          ; SoC:inst|SoC_cpu:cpu|SoC_cpu_nios2_oci:the_SoC_cpu_nios2_oci|SoC_cpu_jtag_debug_module_wrapper:the_SoC_cpu_jtag_debug_module_wrapper|SoC_cpu_jtag_debug_module_tck:the_SoC_cpu_jtag_debug_module_tck|sr[35] ; altera_reserved_tck ; altera_reserved_tck ; 100.000      ; -0.066     ; 4.297      ;
; 95.698 ; sld_hub:auto_hub|sld_jtag_hub:\jtag_hub_gen:sld_jtag_hub_inst|sld_shadow_jsm:shadow_jsm|state[4]                                                                                                           ; SoC:inst|SoC_cpu:cpu|SoC_cpu_nios2_oci:the_SoC_cpu_nios2_oci|SoC_cpu_jtag_debug_module_wrapper:the_SoC_cpu_jtag_debug_module_wrapper|SoC_cpu_jtag_debug_module_tck:the_SoC_cpu_jtag_debug_module_tck|sr[36] ; altera_reserved_tck ; altera_reserved_tck ; 100.000      ; -0.070     ; 4.250      ;
; 95.698 ; sld_hub:auto_hub|sld_jtag_hub:\jtag_hub_gen:sld_jtag_hub_inst|sld_shadow_jsm:shadow_jsm|state[4]                                                                                                           ; SoC:inst|SoC_cpu:cpu|SoC_cpu_nios2_oci:the_SoC_cpu_nios2_oci|SoC_cpu_jtag_debug_module_wrapper:the_SoC_cpu_jtag_debug_module_wrapper|SoC_cpu_jtag_debug_module_tck:the_SoC_cpu_jtag_debug_module_tck|sr[37] ; altera_reserved_tck ; altera_reserved_tck ; 100.000      ; -0.070     ; 4.250      ;
; 95.715 ; sld_hub:auto_hub|sld_jtag_hub:\jtag_hub_gen:sld_jtag_hub_inst|sld_shadow_jsm:shadow_jsm|state[4]                                                                                                           ; SoC:inst|SoC_cpu:cpu|SoC_cpu_nios2_oci:the_SoC_cpu_nios2_oci|SoC_cpu_jtag_debug_module_wrapper:the_SoC_cpu_jtag_debug_module_wrapper|SoC_cpu_jtag_debug_module_tck:the_SoC_cpu_jtag_debug_module_tck|sr[28] ; altera_reserved_tck ; altera_reserved_tck ; 100.000      ; -0.066     ; 4.237      ;
; 95.715 ; sld_hub:auto_hub|sld_jtag_hub:\jtag_hub_gen:sld_jtag_hub_inst|sld_shadow_jsm:shadow_jsm|state[4]                                                                                                           ; SoC:inst|SoC_cpu:cpu|SoC_cpu_nios2_oci:the_SoC_cpu_nios2_oci|SoC_cpu_jtag_debug_module_wrapper:the_SoC_cpu_jtag_debug_module_wrapper|SoC_cpu_jtag_debug_module_tck:the_SoC_cpu_jtag_debug_module_tck|sr[32] ; altera_reserved_tck ; altera_reserved_tck ; 100.000      ; -0.066     ; 4.237      ;
; 95.715 ; sld_hub:auto_hub|sld_jtag_hub:\jtag_hub_gen:sld_jtag_hub_inst|sld_shadow_jsm:shadow_jsm|state[4]                                                                                                           ; SoC:inst|SoC_cpu:cpu|SoC_cpu_nios2_oci:the_SoC_cpu_nios2_oci|SoC_cpu_jtag_debug_module_wrapper:the_SoC_cpu_jtag_debug_module_wrapper|SoC_cpu_jtag_debug_module_tck:the_SoC_cpu_jtag_debug_module_tck|sr[33] ; altera_reserved_tck ; altera_reserved_tck ; 100.000      ; -0.066     ; 4.237      ;
+--------+------------------------------------------------------------------------------------------------------------------------------------------------------------------------------------------------------------+-------------------------------------------------------------------------------------------------------------------------------------------------------------------------------------------------------------+---------------------+---------------------+--------------+------------+------------+


+-----------------------------------------------------------------------------------------------------------------------------------------------------------------------------------------------------------------------------------------------------------------------------------------------------------------------------------------------------------------------------------------------------------------------------------------------------------------------------------------------------------------------------------------------------------------------------------------------------------------------------------+
; Slow 1200mV 85C Model Hold: 'altera_reserved_tck'                                                                                                                                                                                                                                                                                                                                                                                                                                                                                                                                                                                 ;
+-------+------------------------------------------------------------------------------------------------------------------------------------------------------------------------------------------------------------------------------------------------------------------+-------------------------------------------------------------------------------------------------------------------------------------------------------------------------------------------------------------------------------------------------------------------+---------------------+---------------------+--------------+------------+------------+
; Slack ; From Node                                                                                                                                                                                                                                                        ; To Node                                                                                                                                                                                                                                                           ; Launch Clock        ; Latch Clock         ; Relationship ; Clock Skew ; Data Delay ;
+-------+------------------------------------------------------------------------------------------------------------------------------------------------------------------------------------------------------------------------------------------------------------------+-------------------------------------------------------------------------------------------------------------------------------------------------------------------------------------------------------------------------------------------------------------------+---------------------+---------------------+--------------+------------+------------+
; 0.404 ; sld_hub:auto_hub|sld_jtag_hub:\jtag_hub_gen:sld_jtag_hub_inst|irsr_reg[4]                                                                                                                                                                                        ; sld_hub:auto_hub|sld_jtag_hub:\jtag_hub_gen:sld_jtag_hub_inst|irsr_reg[4]                                                                                                                                                                                         ; altera_reserved_tck ; altera_reserved_tck ; 0.000        ; 0.079      ; 0.669      ;
; 0.404 ; sld_hub:auto_hub|sld_jtag_hub:\jtag_hub_gen:sld_jtag_hub_inst|hub_mode_reg[2]                                                                                                                                                                                    ; sld_hub:auto_hub|sld_jtag_hub:\jtag_hub_gen:sld_jtag_hub_inst|hub_mode_reg[2]                                                                                                                                                                                     ; altera_reserved_tck ; altera_reserved_tck ; 0.000        ; 0.079      ; 0.669      ;
; 0.404 ; sld_hub:auto_hub|sld_jtag_hub:\jtag_hub_gen:sld_jtag_hub_inst|hub_mode_reg[1]                                                                                                                                                                                    ; sld_hub:auto_hub|sld_jtag_hub:\jtag_hub_gen:sld_jtag_hub_inst|hub_mode_reg[1]                                                                                                                                                                                     ; altera_reserved_tck ; altera_reserved_tck ; 0.000        ; 0.079      ; 0.669      ;
; 0.404 ; SoC:inst|SoC_jtag_uart:jtag_uart|alt_jtag_atlantic:SoC_jtag_uart_alt_jtag_atlantic|state                                                                                                                                                                         ; SoC:inst|SoC_jtag_uart:jtag_uart|alt_jtag_atlantic:SoC_jtag_uart_alt_jtag_atlantic|state                                                                                                                                                                          ; altera_reserved_tck ; altera_reserved_tck ; 0.000        ; 0.079      ; 0.669      ;
; 0.404 ; SoC:inst|SoC_jtag_uart:jtag_uart|alt_jtag_atlantic:SoC_jtag_uart_alt_jtag_atlantic|write_stalled                                                                                                                                                                 ; SoC:inst|SoC_jtag_uart:jtag_uart|alt_jtag_atlantic:SoC_jtag_uart_alt_jtag_atlantic|write_stalled                                                                                                                                                                  ; altera_reserved_tck ; altera_reserved_tck ; 0.000        ; 0.079      ; 0.669      ;
; 0.404 ; SoC:inst|SoC_jtag_uart:jtag_uart|alt_jtag_atlantic:SoC_jtag_uart_alt_jtag_atlantic|user_saw_rvalid                                                                                                                                                               ; SoC:inst|SoC_jtag_uart:jtag_uart|alt_jtag_atlantic:SoC_jtag_uart_alt_jtag_atlantic|user_saw_rvalid                                                                                                                                                                ; altera_reserved_tck ; altera_reserved_tck ; 0.000        ; 0.079      ; 0.669      ;
; 0.404 ; sld_hub:auto_hub|sld_jtag_hub:\jtag_hub_gen:sld_jtag_hub_inst|irsr_reg[5]                                                                                                                                                                                        ; sld_hub:auto_hub|sld_jtag_hub:\jtag_hub_gen:sld_jtag_hub_inst|irsr_reg[5]                                                                                                                                                                                         ; altera_reserved_tck ; altera_reserved_tck ; 0.000        ; 0.079      ; 0.669      ;
; 0.404 ; sld_hub:auto_hub|sld_jtag_hub:\jtag_hub_gen:sld_jtag_hub_inst|hub_mode_reg[0]                                                                                                                                                                                    ; sld_hub:auto_hub|sld_jtag_hub:\jtag_hub_gen:sld_jtag_hub_inst|hub_mode_reg[0]                                                                                                                                                                                     ; altera_reserved_tck ; altera_reserved_tck ; 0.000        ; 0.079      ; 0.669      ;
; 0.404 ; sld_hub:auto_hub|sld_jtag_hub:\jtag_hub_gen:sld_jtag_hub_inst|sld_shadow_jsm:shadow_jsm|state[11]                                                                                                                                                                ; sld_hub:auto_hub|sld_jtag_hub:\jtag_hub_gen:sld_jtag_hub_inst|sld_shadow_jsm:shadow_jsm|state[11]                                                                                                                                                                 ; altera_reserved_tck ; altera_reserved_tck ; 0.000        ; 0.079      ; 0.669      ;
; 0.404 ; sld_hub:auto_hub|sld_jtag_hub:\jtag_hub_gen:sld_jtag_hub_inst|sld_shadow_jsm:shadow_jsm|state[13]                                                                                                                                                                ; sld_hub:auto_hub|sld_jtag_hub:\jtag_hub_gen:sld_jtag_hub_inst|sld_shadow_jsm:shadow_jsm|state[13]                                                                                                                                                                 ; altera_reserved_tck ; altera_reserved_tck ; 0.000        ; 0.079      ; 0.669      ;
; 0.404 ; sld_hub:auto_hub|sld_jtag_hub:\jtag_hub_gen:sld_jtag_hub_inst|tdo_bypass_reg                                                                                                                                                                                     ; sld_hub:auto_hub|sld_jtag_hub:\jtag_hub_gen:sld_jtag_hub_inst|tdo_bypass_reg                                                                                                                                                                                      ; altera_reserved_tck ; altera_reserved_tck ; 0.000        ; 0.079      ; 0.669      ;
; 0.404 ; sld_hub:auto_hub|sld_jtag_hub:\jtag_hub_gen:sld_jtag_hub_inst|sld_shadow_jsm:shadow_jsm|state[4]                                                                                                                                                                 ; sld_hub:auto_hub|sld_jtag_hub:\jtag_hub_gen:sld_jtag_hub_inst|sld_shadow_jsm:shadow_jsm|state[4]                                                                                                                                                                  ; altera_reserved_tck ; altera_reserved_tck ; 0.000        ; 0.079      ; 0.669      ;
; 0.404 ; sld_hub:auto_hub|sld_jtag_hub:\jtag_hub_gen:sld_jtag_hub_inst|sld_shadow_jsm:shadow_jsm|state[6]                                                                                                                                                                 ; sld_hub:auto_hub|sld_jtag_hub:\jtag_hub_gen:sld_jtag_hub_inst|sld_shadow_jsm:shadow_jsm|state[6]                                                                                                                                                                  ; altera_reserved_tck ; altera_reserved_tck ; 0.000        ; 0.079      ; 0.669      ;
; 0.404 ; sld_hub:auto_hub|sld_jtag_hub:\jtag_hub_gen:sld_jtag_hub_inst|sld_shadow_jsm:shadow_jsm|state[1]                                                                                                                                                                 ; sld_hub:auto_hub|sld_jtag_hub:\jtag_hub_gen:sld_jtag_hub_inst|sld_shadow_jsm:shadow_jsm|state[1]                                                                                                                                                                  ; altera_reserved_tck ; altera_reserved_tck ; 0.000        ; 0.079      ; 0.669      ;
; 0.404 ; SoC:inst|SoC_cpu:cpu|SoC_cpu_nios2_oci:the_SoC_cpu_nios2_oci|SoC_cpu_jtag_debug_module_wrapper:the_SoC_cpu_jtag_debug_module_wrapper|SoC_cpu_jtag_debug_module_tck:the_SoC_cpu_jtag_debug_module_tck|sr[31]                                                      ; SoC:inst|SoC_cpu:cpu|SoC_cpu_nios2_oci:the_SoC_cpu_nios2_oci|SoC_cpu_jtag_debug_module_wrapper:the_SoC_cpu_jtag_debug_module_wrapper|SoC_cpu_jtag_debug_module_tck:the_SoC_cpu_jtag_debug_module_tck|sr[31]                                                       ; altera_reserved_tck ; altera_reserved_tck ; 0.000        ; 0.079      ; 0.669      ;
; 0.404 ; SoC:inst|SoC_cpu:cpu|SoC_cpu_nios2_oci:the_SoC_cpu_nios2_oci|SoC_cpu_jtag_debug_module_wrapper:the_SoC_cpu_jtag_debug_module_wrapper|SoC_cpu_jtag_debug_module_tck:the_SoC_cpu_jtag_debug_module_tck|sr[7]                                                       ; SoC:inst|SoC_cpu:cpu|SoC_cpu_nios2_oci:the_SoC_cpu_nios2_oci|SoC_cpu_jtag_debug_module_wrapper:the_SoC_cpu_jtag_debug_module_wrapper|SoC_cpu_jtag_debug_module_tck:the_SoC_cpu_jtag_debug_module_tck|sr[7]                                                        ; altera_reserved_tck ; altera_reserved_tck ; 0.000        ; 0.079      ; 0.669      ;
; 0.405 ; sld_hub:auto_hub|sld_jtag_hub:\jtag_hub_gen:sld_jtag_hub_inst|sld_shadow_jsm:shadow_jsm|state[0]                                                                                                                                                                 ; sld_hub:auto_hub|sld_jtag_hub:\jtag_hub_gen:sld_jtag_hub_inst|sld_shadow_jsm:shadow_jsm|state[0]                                                                                                                                                                  ; altera_reserved_tck ; altera_reserved_tck ; 0.000        ; 0.078      ; 0.669      ;
; 0.405 ; sld_hub:auto_hub|sld_jtag_hub:\jtag_hub_gen:sld_jtag_hub_inst|sld_shadow_jsm:shadow_jsm|tms_cnt[2]                                                                                                                                                               ; sld_hub:auto_hub|sld_jtag_hub:\jtag_hub_gen:sld_jtag_hub_inst|sld_shadow_jsm:shadow_jsm|tms_cnt[2]                                                                                                                                                                ; altera_reserved_tck ; altera_reserved_tck ; 0.000        ; 0.078      ; 0.669      ;
; 0.405 ; sld_hub:auto_hub|sld_jtag_hub:\jtag_hub_gen:sld_jtag_hub_inst|sld_shadow_jsm:shadow_jsm|tms_cnt[1]                                                                                                                                                               ; sld_hub:auto_hub|sld_jtag_hub:\jtag_hub_gen:sld_jtag_hub_inst|sld_shadow_jsm:shadow_jsm|tms_cnt[1]                                                                                                                                                                ; altera_reserved_tck ; altera_reserved_tck ; 0.000        ; 0.078      ; 0.669      ;
; 0.407 ; SoC:inst|SoC_jtag_uart:jtag_uart|alt_jtag_atlantic:SoC_jtag_uart_alt_jtag_atlantic|jupdate                                                                                                                                                                       ; SoC:inst|SoC_jtag_uart:jtag_uart|alt_jtag_atlantic:SoC_jtag_uart_alt_jtag_atlantic|jupdate                                                                                                                                                                        ; altera_reserved_tck ; altera_reserved_tck ; 0.000        ; 0.076      ; 0.669      ;
; 0.409 ; SoC:inst|SoC_jtag_uart:jtag_uart|alt_jtag_atlantic:SoC_jtag_uart_alt_jtag_atlantic|write                                                                                                                                                                         ; SoC:inst|SoC_jtag_uart:jtag_uart|alt_jtag_atlantic:SoC_jtag_uart_alt_jtag_atlantic|write                                                                                                                                                                          ; altera_reserved_tck ; altera_reserved_tck ; 0.000        ; 0.079      ; 0.674      ;
; 0.409 ; SoC:inst|SoC_jtag_uart:jtag_uart|alt_jtag_atlantic:SoC_jtag_uart_alt_jtag_atlantic|read                                                                                                                                                                          ; SoC:inst|SoC_jtag_uart:jtag_uart|alt_jtag_atlantic:SoC_jtag_uart_alt_jtag_atlantic|read                                                                                                                                                                           ; altera_reserved_tck ; altera_reserved_tck ; 0.000        ; 0.079      ; 0.674      ;
; 0.410 ; sld_hub:auto_hub|sld_jtag_hub:\jtag_hub_gen:sld_jtag_hub_inst|sld_shadow_jsm:shadow_jsm|tms_cnt[0]                                                                                                                                                               ; sld_hub:auto_hub|sld_jtag_hub:\jtag_hub_gen:sld_jtag_hub_inst|sld_shadow_jsm:shadow_jsm|tms_cnt[0]                                                                                                                                                                ; altera_reserved_tck ; altera_reserved_tck ; 0.000        ; 0.078      ; 0.674      ;
; 0.421 ; sld_hub:auto_hub|sld_jtag_hub:\jtag_hub_gen:sld_jtag_hub_inst|sld_shadow_jsm:shadow_jsm|tms_cnt[1]                                                                                                                                                               ; sld_hub:auto_hub|sld_jtag_hub:\jtag_hub_gen:sld_jtag_hub_inst|sld_shadow_jsm:shadow_jsm|tms_cnt[2]                                                                                                                                                                ; altera_reserved_tck ; altera_reserved_tck ; 0.000        ; 0.078      ; 0.685      ;
; 0.422 ; sld_hub:auto_hub|sld_jtag_hub:\jtag_hub_gen:sld_jtag_hub_inst|sld_shadow_jsm:shadow_jsm|tms_cnt[2]                                                                                                                                                               ; sld_hub:auto_hub|sld_jtag_hub:\jtag_hub_gen:sld_jtag_hub_inst|sld_shadow_jsm:shadow_jsm|state[0]                                                                                                                                                                  ; altera_reserved_tck ; altera_reserved_tck ; 0.000        ; 0.078      ; 0.686      ;
; 0.429 ; sld_hub:auto_hub|sld_jtag_hub:\jtag_hub_gen:sld_jtag_hub_inst|shadow_irf_reg[2][3]                                                                                                                                                                               ; sld_hub:auto_hub|sld_jtag_hub:\jtag_hub_gen:sld_jtag_hub_inst|irf_reg[2][3]                                                                                                                                                                                       ; altera_reserved_tck ; altera_reserved_tck ; 0.000        ; 0.079      ; 0.694      ;
; 0.429 ; sld_hub:auto_hub|sld_jtag_hub:\jtag_hub_gen:sld_jtag_hub_inst|hub_mode_reg[2]                                                                                                                                                                                    ; sld_hub:auto_hub|sld_jtag_hub:\jtag_hub_gen:sld_jtag_hub_inst|clr_reg                                                                                                                                                                                             ; altera_reserved_tck ; altera_reserved_tck ; 0.000        ; 0.079      ; 0.694      ;
; 0.429 ; SoC:inst|SoC_cpu:cpu|SoC_cpu_nios2_oci:the_SoC_cpu_nios2_oci|SoC_cpu_jtag_debug_module_wrapper:the_SoC_cpu_jtag_debug_module_wrapper|SoC_cpu_jtag_debug_module_tck:the_SoC_cpu_jtag_debug_module_tck|altera_std_synchronizer:the_altera_std_synchronizer2|din_s1 ; SoC:inst|SoC_cpu:cpu|SoC_cpu_nios2_oci:the_SoC_cpu_nios2_oci|SoC_cpu_jtag_debug_module_wrapper:the_SoC_cpu_jtag_debug_module_wrapper|SoC_cpu_jtag_debug_module_tck:the_SoC_cpu_jtag_debug_module_tck|altera_std_synchronizer:the_altera_std_synchronizer2|dreg[0] ; altera_reserved_tck ; altera_reserved_tck ; 0.000        ; 0.079      ; 0.694      ;
; 0.429 ; sld_hub:auto_hub|sld_jtag_hub:\jtag_hub_gen:sld_jtag_hub_inst|jtag_ir_reg[3]                                                                                                                                                                                     ; sld_hub:auto_hub|sld_jtag_hub:\jtag_hub_gen:sld_jtag_hub_inst|jtag_ir_reg[2]                                                                                                                                                                                      ; altera_reserved_tck ; altera_reserved_tck ; 0.000        ; 0.078      ; 0.693      ;
; 0.430 ; sld_hub:auto_hub|sld_jtag_hub:\jtag_hub_gen:sld_jtag_hub_inst|shadow_irf_reg[2][1]                                                                                                                                                                               ; sld_hub:auto_hub|sld_jtag_hub:\jtag_hub_gen:sld_jtag_hub_inst|irf_reg[2][1]                                                                                                                                                                                       ; altera_reserved_tck ; altera_reserved_tck ; 0.000        ; 0.079      ; 0.695      ;
; 0.430 ; SoC:inst|SoC_jtag_uart:jtag_uart|alt_jtag_atlantic:SoC_jtag_uart_alt_jtag_atlantic|count[5]                                                                                                                                                                      ; SoC:inst|SoC_jtag_uart:jtag_uart|alt_jtag_atlantic:SoC_jtag_uart_alt_jtag_atlantic|count[6]                                                                                                                                                                       ; altera_reserved_tck ; altera_reserved_tck ; 0.000        ; 0.079      ; 0.695      ;
; 0.430 ; sld_hub:auto_hub|sld_jtag_hub:\jtag_hub_gen:sld_jtag_hub_inst|hub_minor_ver_reg[2]                                                                                                                                                                               ; sld_hub:auto_hub|sld_jtag_hub:\jtag_hub_gen:sld_jtag_hub_inst|hub_minor_ver_reg[1]                                                                                                                                                                                ; altera_reserved_tck ; altera_reserved_tck ; 0.000        ; 0.079      ; 0.695      ;
; 0.430 ; sld_hub:auto_hub|sld_jtag_hub:\jtag_hub_gen:sld_jtag_hub_inst|hub_minor_ver_reg[3]                                                                                                                                                                               ; sld_hub:auto_hub|sld_jtag_hub:\jtag_hub_gen:sld_jtag_hub_inst|hub_minor_ver_reg[2]                                                                                                                                                                                ; altera_reserved_tck ; altera_reserved_tck ; 0.000        ; 0.079      ; 0.695      ;
; 0.431 ; sld_hub:auto_hub|sld_jtag_hub:\jtag_hub_gen:sld_jtag_hub_inst|irf_reg[2][2]                                                                                                                                                                                      ; sld_hub:auto_hub|sld_jtag_hub:\jtag_hub_gen:sld_jtag_hub_inst|shadow_irf_reg[2][2]                                                                                                                                                                                ; altera_reserved_tck ; altera_reserved_tck ; 0.000        ; 0.079      ; 0.696      ;
; 0.431 ; sld_hub:auto_hub|sld_jtag_hub:\jtag_hub_gen:sld_jtag_hub_inst|irf_reg[2][1]                                                                                                                                                                                      ; sld_hub:auto_hub|sld_jtag_hub:\jtag_hub_gen:sld_jtag_hub_inst|shadow_irf_reg[2][1]                                                                                                                                                                                ; altera_reserved_tck ; altera_reserved_tck ; 0.000        ; 0.079      ; 0.696      ;
; 0.431 ; sld_hub:auto_hub|sld_jtag_hub:\jtag_hub_gen:sld_jtag_hub_inst|sld_rom_sr:hub_info_reg|WORD_SR[2]                                                                                                                                                                 ; sld_hub:auto_hub|sld_jtag_hub:\jtag_hub_gen:sld_jtag_hub_inst|sld_rom_sr:hub_info_reg|WORD_SR[1]                                                                                                                                                                  ; altera_reserved_tck ; altera_reserved_tck ; 0.000        ; 0.079      ; 0.696      ;
; 0.431 ; SoC:inst|SoC_jtag_uart:jtag_uart|alt_jtag_atlantic:SoC_jtag_uart_alt_jtag_atlantic|count[7]                                                                                                                                                                      ; SoC:inst|SoC_jtag_uart:jtag_uart|alt_jtag_atlantic:SoC_jtag_uart_alt_jtag_atlantic|count[8]                                                                                                                                                                       ; altera_reserved_tck ; altera_reserved_tck ; 0.000        ; 0.079      ; 0.696      ;
; 0.431 ; sld_hub:auto_hub|sld_jtag_hub:\jtag_hub_gen:sld_jtag_hub_inst|shadow_irf_reg[2][0]                                                                                                                                                                               ; sld_hub:auto_hub|sld_jtag_hub:\jtag_hub_gen:sld_jtag_hub_inst|irf_reg[2][0]                                                                                                                                                                                       ; altera_reserved_tck ; altera_reserved_tck ; 0.000        ; 0.079      ; 0.696      ;
; 0.431 ; sld_hub:auto_hub|sld_jtag_hub:\jtag_hub_gen:sld_jtag_hub_inst|sld_shadow_jsm:shadow_jsm|state[13]                                                                                                                                                                ; sld_hub:auto_hub|sld_jtag_hub:\jtag_hub_gen:sld_jtag_hub_inst|sld_shadow_jsm:shadow_jsm|state[14]                                                                                                                                                                 ; altera_reserved_tck ; altera_reserved_tck ; 0.000        ; 0.079      ; 0.696      ;
; 0.431 ; sld_hub:auto_hub|sld_jtag_hub:\jtag_hub_gen:sld_jtag_hub_inst|hub_minor_ver_reg[1]                                                                                                                                                                               ; sld_hub:auto_hub|sld_jtag_hub:\jtag_hub_gen:sld_jtag_hub_inst|hub_minor_ver_reg[0]                                                                                                                                                                                ; altera_reserved_tck ; altera_reserved_tck ; 0.000        ; 0.079      ; 0.696      ;
; 0.431 ; SoC:inst|SoC_cpu:cpu|SoC_cpu_nios2_oci:the_SoC_cpu_nios2_oci|SoC_cpu_jtag_debug_module_wrapper:the_SoC_cpu_jtag_debug_module_wrapper|SoC_cpu_jtag_debug_module_tck:the_SoC_cpu_jtag_debug_module_tck|altera_std_synchronizer:the_altera_std_synchronizer1|din_s1 ; SoC:inst|SoC_cpu:cpu|SoC_cpu_nios2_oci:the_SoC_cpu_nios2_oci|SoC_cpu_jtag_debug_module_wrapper:the_SoC_cpu_jtag_debug_module_wrapper|SoC_cpu_jtag_debug_module_tck:the_SoC_cpu_jtag_debug_module_tck|altera_std_synchronizer:the_altera_std_synchronizer1|dreg[0] ; altera_reserved_tck ; altera_reserved_tck ; 0.000        ; 0.079      ; 0.696      ;
; 0.431 ; sld_hub:auto_hub|sld_jtag_hub:\jtag_hub_gen:sld_jtag_hub_inst|jtag_ir_reg[5]                                                                                                                                                                                     ; sld_hub:auto_hub|sld_jtag_hub:\jtag_hub_gen:sld_jtag_hub_inst|jtag_ir_reg[4]                                                                                                                                                                                      ; altera_reserved_tck ; altera_reserved_tck ; 0.000        ; 0.078      ; 0.695      ;
; 0.431 ; sld_hub:auto_hub|sld_jtag_hub:\jtag_hub_gen:sld_jtag_hub_inst|sld_shadow_jsm:shadow_jsm|state[6]                                                                                                                                                                 ; sld_hub:auto_hub|sld_jtag_hub:\jtag_hub_gen:sld_jtag_hub_inst|sld_shadow_jsm:shadow_jsm|state[7]                                                                                                                                                                  ; altera_reserved_tck ; altera_reserved_tck ; 0.000        ; 0.079      ; 0.696      ;
; 0.431 ; sld_hub:auto_hub|sld_jtag_hub:\jtag_hub_gen:sld_jtag_hub_inst|sld_shadow_jsm:shadow_jsm|tms_cnt[0]                                                                                                                                                               ; sld_hub:auto_hub|sld_jtag_hub:\jtag_hub_gen:sld_jtag_hub_inst|sld_shadow_jsm:shadow_jsm|tms_cnt[1]                                                                                                                                                                ; altera_reserved_tck ; altera_reserved_tck ; 0.000        ; 0.078      ; 0.695      ;
; 0.432 ; sld_hub:auto_hub|sld_jtag_hub:\jtag_hub_gen:sld_jtag_hub_inst|irf_reg[1][4]                                                                                                                                                                                      ; sld_hub:auto_hub|sld_jtag_hub:\jtag_hub_gen:sld_jtag_hub_inst|shadow_irf_reg[1][4]                                                                                                                                                                                ; altera_reserved_tck ; altera_reserved_tck ; 0.000        ; 0.078      ; 0.696      ;
; 0.432 ; sld_hub:auto_hub|sld_jtag_hub:\jtag_hub_gen:sld_jtag_hub_inst|irf_reg[1][2]                                                                                                                                                                                      ; sld_hub:auto_hub|sld_jtag_hub:\jtag_hub_gen:sld_jtag_hub_inst|shadow_irf_reg[1][2]                                                                                                                                                                                ; altera_reserved_tck ; altera_reserved_tck ; 0.000        ; 0.078      ; 0.696      ;
; 0.432 ; sld_hub:auto_hub|sld_jtag_hub:\jtag_hub_gen:sld_jtag_hub_inst|jtag_ir_reg[9]                                                                                                                                                                                     ; sld_hub:auto_hub|sld_jtag_hub:\jtag_hub_gen:sld_jtag_hub_inst|jtag_ir_reg[8]                                                                                                                                                                                      ; altera_reserved_tck ; altera_reserved_tck ; 0.000        ; 0.078      ; 0.696      ;
; 0.433 ; sld_hub:auto_hub|sld_jtag_hub:\jtag_hub_gen:sld_jtag_hub_inst|shadow_irf_reg[1][3]                                                                                                                                                                               ; sld_hub:auto_hub|sld_jtag_hub:\jtag_hub_gen:sld_jtag_hub_inst|irf_reg[1][3]                                                                                                                                                                                       ; altera_reserved_tck ; altera_reserved_tck ; 0.000        ; 0.078      ; 0.697      ;
; 0.433 ; SoC:inst|SoC_jtag_uart:jtag_uart|alt_jtag_atlantic:SoC_jtag_uart_alt_jtag_atlantic|count[4]                                                                                                                                                                      ; SoC:inst|SoC_jtag_uart:jtag_uart|alt_jtag_atlantic:SoC_jtag_uart_alt_jtag_atlantic|count[5]                                                                                                                                                                       ; altera_reserved_tck ; altera_reserved_tck ; 0.000        ; 0.079      ; 0.698      ;
; 0.433 ; SoC:inst|SoC_jtag_uart:jtag_uart|alt_jtag_atlantic:SoC_jtag_uart_alt_jtag_atlantic|count[3]                                                                                                                                                                      ; SoC:inst|SoC_jtag_uart:jtag_uart|alt_jtag_atlantic:SoC_jtag_uart_alt_jtag_atlantic|count[4]                                                                                                                                                                       ; altera_reserved_tck ; altera_reserved_tck ; 0.000        ; 0.079      ; 0.698      ;
; 0.433 ; sld_hub:auto_hub|sld_jtag_hub:\jtag_hub_gen:sld_jtag_hub_inst|shadow_irf_reg[1][1]                                                                                                                                                                               ; sld_hub:auto_hub|sld_jtag_hub:\jtag_hub_gen:sld_jtag_hub_inst|irf_reg[1][1]                                                                                                                                                                                       ; altera_reserved_tck ; altera_reserved_tck ; 0.000        ; 0.078      ; 0.697      ;
; 0.433 ; sld_hub:auto_hub|sld_jtag_hub:\jtag_hub_gen:sld_jtag_hub_inst|identity_contrib_update_reg[1]                                                                                                                                                                     ; sld_hub:auto_hub|sld_jtag_hub:\jtag_hub_gen:sld_jtag_hub_inst|design_hash_reg[1]                                                                                                                                                                                  ; altera_reserved_tck ; altera_reserved_tck ; 0.000        ; 0.078      ; 0.697      ;
; 0.433 ; sld_hub:auto_hub|sld_jtag_hub:\jtag_hub_gen:sld_jtag_hub_inst|identity_contrib_update_reg[2]                                                                                                                                                                     ; sld_hub:auto_hub|sld_jtag_hub:\jtag_hub_gen:sld_jtag_hub_inst|design_hash_reg[2]                                                                                                                                                                                  ; altera_reserved_tck ; altera_reserved_tck ; 0.000        ; 0.078      ; 0.697      ;
; 0.434 ; sld_hub:auto_hub|sld_jtag_hub:\jtag_hub_gen:sld_jtag_hub_inst|identity_contrib_update_reg[0]                                                                                                                                                                     ; sld_hub:auto_hub|sld_jtag_hub:\jtag_hub_gen:sld_jtag_hub_inst|design_hash_reg[0]                                                                                                                                                                                  ; altera_reserved_tck ; altera_reserved_tck ; 0.000        ; 0.078      ; 0.698      ;
; 0.435 ; sld_hub:auto_hub|sld_jtag_hub:\jtag_hub_gen:sld_jtag_hub_inst|sld_shadow_jsm:shadow_jsm|state[2]                                                                                                                                                                 ; sld_hub:auto_hub|sld_jtag_hub:\jtag_hub_gen:sld_jtag_hub_inst|sld_shadow_jsm:shadow_jsm|state[9]                                                                                                                                                                  ; altera_reserved_tck ; altera_reserved_tck ; 0.000        ; 0.079      ; 0.700      ;
; 0.437 ; SoC:inst|SoC_jtag_uart:jtag_uart|alt_jtag_atlantic:SoC_jtag_uart_alt_jtag_atlantic|td_shift[5]                                                                                                                                                                   ; SoC:inst|SoC_jtag_uart:jtag_uart|alt_jtag_atlantic:SoC_jtag_uart_alt_jtag_atlantic|wdata[1]                                                                                                                                                                       ; altera_reserved_tck ; altera_reserved_tck ; 0.000        ; 0.079      ; 0.702      ;
; 0.437 ; sld_hub:auto_hub|sld_jtag_hub:\jtag_hub_gen:sld_jtag_hub_inst|sld_shadow_jsm:shadow_jsm|state[12]                                                                                                                                                                ; sld_hub:auto_hub|sld_jtag_hub:\jtag_hub_gen:sld_jtag_hub_inst|sld_shadow_jsm:shadow_jsm|state[13]                                                                                                                                                                 ; altera_reserved_tck ; altera_reserved_tck ; 0.000        ; 0.079      ; 0.702      ;
; 0.437 ; SoC:inst|SoC_cpu:cpu|SoC_cpu_nios2_oci:the_SoC_cpu_nios2_oci|SoC_cpu_jtag_debug_module_wrapper:the_SoC_cpu_jtag_debug_module_wrapper|SoC_cpu_jtag_debug_module_tck:the_SoC_cpu_jtag_debug_module_tck|sr[26]                                                      ; SoC:inst|SoC_cpu:cpu|SoC_cpu_nios2_oci:the_SoC_cpu_nios2_oci|SoC_cpu_jtag_debug_module_wrapper:the_SoC_cpu_jtag_debug_module_wrapper|SoC_cpu_jtag_debug_module_tck:the_SoC_cpu_jtag_debug_module_tck|sr[25]                                                       ; altera_reserved_tck ; altera_reserved_tck ; 0.000        ; 0.079      ; 0.702      ;
; 0.438 ; SoC:inst|SoC_jtag_uart:jtag_uart|alt_jtag_atlantic:SoC_jtag_uart_alt_jtag_atlantic|td_shift[7]                                                                                                                                                                   ; SoC:inst|SoC_jtag_uart:jtag_uart|alt_jtag_atlantic:SoC_jtag_uart_alt_jtag_atlantic|wdata[3]                                                                                                                                                                       ; altera_reserved_tck ; altera_reserved_tck ; 0.000        ; 0.079      ; 0.703      ;
; 0.438 ; sld_hub:auto_hub|sld_jtag_hub:\jtag_hub_gen:sld_jtag_hub_inst|sld_shadow_jsm:shadow_jsm|state[14]                                                                                                                                                                ; sld_hub:auto_hub|sld_jtag_hub:\jtag_hub_gen:sld_jtag_hub_inst|sld_shadow_jsm:shadow_jsm|state[15]                                                                                                                                                                 ; altera_reserved_tck ; altera_reserved_tck ; 0.000        ; 0.079      ; 0.703      ;
; 0.438 ; sld_hub:auto_hub|sld_jtag_hub:\jtag_hub_gen:sld_jtag_hub_inst|sld_shadow_jsm:shadow_jsm|state[14]                                                                                                                                                                ; sld_hub:auto_hub|sld_jtag_hub:\jtag_hub_gen:sld_jtag_hub_inst|sld_shadow_jsm:shadow_jsm|state[11]                                                                                                                                                                 ; altera_reserved_tck ; altera_reserved_tck ; 0.000        ; 0.079      ; 0.703      ;
; 0.438 ; SoC:inst|SoC_cpu:cpu|SoC_cpu_nios2_oci:the_SoC_cpu_nios2_oci|SoC_cpu_jtag_debug_module_wrapper:the_SoC_cpu_jtag_debug_module_wrapper|SoC_cpu_jtag_debug_module_tck:the_SoC_cpu_jtag_debug_module_tck|sr[30]                                                      ; SoC:inst|SoC_cpu:cpu|SoC_cpu_nios2_oci:the_SoC_cpu_nios2_oci|SoC_cpu_jtag_debug_module_wrapper:the_SoC_cpu_jtag_debug_module_wrapper|SoC_cpu_jtag_debug_module_tck:the_SoC_cpu_jtag_debug_module_tck|sr[29]                                                       ; altera_reserved_tck ; altera_reserved_tck ; 0.000        ; 0.079      ; 0.703      ;
; 0.439 ; SoC:inst|SoC_cpu:cpu|SoC_cpu_nios2_oci:the_SoC_cpu_nios2_oci|SoC_cpu_jtag_debug_module_wrapper:the_SoC_cpu_jtag_debug_module_wrapper|SoC_cpu_jtag_debug_module_tck:the_SoC_cpu_jtag_debug_module_tck|sr[37]                                                      ; SoC:inst|SoC_cpu:cpu|SoC_cpu_nios2_oci:the_SoC_cpu_nios2_oci|SoC_cpu_jtag_debug_module_wrapper:the_SoC_cpu_jtag_debug_module_wrapper|SoC_cpu_jtag_debug_module_tck:the_SoC_cpu_jtag_debug_module_tck|sr[36]                                                       ; altera_reserved_tck ; altera_reserved_tck ; 0.000        ; 0.079      ; 0.704      ;
; 0.439 ; sld_hub:auto_hub|sld_jtag_hub:\jtag_hub_gen:sld_jtag_hub_inst|jtag_ir_reg[7]                                                                                                                                                                                     ; sld_hub:auto_hub|sld_jtag_hub:\jtag_hub_gen:sld_jtag_hub_inst|jtag_ir_reg[6]                                                                                                                                                                                      ; altera_reserved_tck ; altera_reserved_tck ; 0.000        ; 0.078      ; 0.703      ;
; 0.439 ; sld_hub:auto_hub|sld_jtag_hub:\jtag_hub_gen:sld_jtag_hub_inst|sld_shadow_jsm:shadow_jsm|state[2]                                                                                                                                                                 ; sld_hub:auto_hub|sld_jtag_hub:\jtag_hub_gen:sld_jtag_hub_inst|sld_shadow_jsm:shadow_jsm|state[3]                                                                                                                                                                  ; altera_reserved_tck ; altera_reserved_tck ; 0.000        ; 0.079      ; 0.704      ;
; 0.440 ; SoC:inst|SoC_jtag_uart:jtag_uart|alt_jtag_atlantic:SoC_jtag_uart_alt_jtag_atlantic|td_shift[6]                                                                                                                                                                   ; SoC:inst|SoC_jtag_uart:jtag_uart|alt_jtag_atlantic:SoC_jtag_uart_alt_jtag_atlantic|wdata[2]                                                                                                                                                                       ; altera_reserved_tck ; altera_reserved_tck ; 0.000        ; 0.079      ; 0.705      ;
; 0.440 ; sld_hub:auto_hub|sld_jtag_hub:\jtag_hub_gen:sld_jtag_hub_inst|jtag_ir_reg[4]                                                                                                                                                                                     ; sld_hub:auto_hub|sld_jtag_hub:\jtag_hub_gen:sld_jtag_hub_inst|jtag_ir_reg[3]                                                                                                                                                                                      ; altera_reserved_tck ; altera_reserved_tck ; 0.000        ; 0.078      ; 0.704      ;
; 0.440 ; sld_hub:auto_hub|sld_jtag_hub:\jtag_hub_gen:sld_jtag_hub_inst|jtag_ir_reg[8]                                                                                                                                                                                     ; sld_hub:auto_hub|sld_jtag_hub:\jtag_hub_gen:sld_jtag_hub_inst|jtag_ir_reg[7]                                                                                                                                                                                      ; altera_reserved_tck ; altera_reserved_tck ; 0.000        ; 0.078      ; 0.704      ;
; 0.445 ; sld_hub:auto_hub|sld_jtag_hub:\jtag_hub_gen:sld_jtag_hub_inst|sld_shadow_jsm:shadow_jsm|state[5]                                                                                                                                                                 ; sld_hub:auto_hub|sld_jtag_hub:\jtag_hub_gen:sld_jtag_hub_inst|reset_ena_reg                                                                                                                                                                                       ; altera_reserved_tck ; altera_reserved_tck ; 0.000        ; 0.079      ; 0.710      ;
; 0.445 ; sld_hub:auto_hub|sld_jtag_hub:\jtag_hub_gen:sld_jtag_hub_inst|sld_shadow_jsm:shadow_jsm|state[5]                                                                                                                                                                 ; sld_hub:auto_hub|sld_jtag_hub:\jtag_hub_gen:sld_jtag_hub_inst|sld_shadow_jsm:shadow_jsm|state[6]                                                                                                                                                                  ; altera_reserved_tck ; altera_reserved_tck ; 0.000        ; 0.079      ; 0.710      ;
; 0.446 ; sld_hub:auto_hub|sld_jtag_hub:\jtag_hub_gen:sld_jtag_hub_inst|sld_shadow_jsm:shadow_jsm|state[5]                                                                                                                                                                 ; sld_hub:auto_hub|sld_jtag_hub:\jtag_hub_gen:sld_jtag_hub_inst|sld_shadow_jsm:shadow_jsm|state[8]                                                                                                                                                                  ; altera_reserved_tck ; altera_reserved_tck ; 0.000        ; 0.079      ; 0.711      ;
; 0.447 ; sld_hub:auto_hub|sld_jtag_hub:\jtag_hub_gen:sld_jtag_hub_inst|sld_shadow_jsm:shadow_jsm|state[7]                                                                                                                                                                 ; sld_hub:auto_hub|sld_jtag_hub:\jtag_hub_gen:sld_jtag_hub_inst|sld_shadow_jsm:shadow_jsm|state[4]                                                                                                                                                                  ; altera_reserved_tck ; altera_reserved_tck ; 0.000        ; 0.079      ; 0.712      ;
; 0.452 ; SoC:inst|SoC_cpu:cpu|SoC_cpu_nios2_oci:the_SoC_cpu_nios2_oci|SoC_cpu_jtag_debug_module_wrapper:the_SoC_cpu_jtag_debug_module_wrapper|SoC_cpu_jtag_debug_module_tck:the_SoC_cpu_jtag_debug_module_tck|sr[5]                                                       ; SoC:inst|SoC_cpu:cpu|SoC_cpu_nios2_oci:the_SoC_cpu_nios2_oci|SoC_cpu_jtag_debug_module_wrapper:the_SoC_cpu_jtag_debug_module_wrapper|SoC_cpu_jtag_debug_module_tck:the_SoC_cpu_jtag_debug_module_tck|sr[4]                                                        ; altera_reserved_tck ; altera_reserved_tck ; 0.000        ; 0.079      ; 0.717      ;
; 0.453 ; SoC:inst|SoC_jtag_uart:jtag_uart|alt_jtag_atlantic:SoC_jtag_uart_alt_jtag_atlantic|count[1]                                                                                                                                                                      ; SoC:inst|SoC_jtag_uart:jtag_uart|alt_jtag_atlantic:SoC_jtag_uart_alt_jtag_atlantic|count[2]                                                                                                                                                                       ; altera_reserved_tck ; altera_reserved_tck ; 0.000        ; 0.079      ; 0.718      ;
; 0.453 ; SoC:inst|SoC_jtag_uart:jtag_uart|alt_jtag_atlantic:SoC_jtag_uart_alt_jtag_atlantic|count[0]                                                                                                                                                                      ; SoC:inst|SoC_jtag_uart:jtag_uart|alt_jtag_atlantic:SoC_jtag_uart_alt_jtag_atlantic|count[1]                                                                                                                                                                       ; altera_reserved_tck ; altera_reserved_tck ; 0.000        ; 0.079      ; 0.718      ;
; 0.453 ; sld_hub:auto_hub|sld_jtag_hub:\jtag_hub_gen:sld_jtag_hub_inst|identity_contrib_shift_reg[1]                                                                                                                                                                      ; sld_hub:auto_hub|sld_jtag_hub:\jtag_hub_gen:sld_jtag_hub_inst|identity_contrib_shift_reg[0]                                                                                                                                                                       ; altera_reserved_tck ; altera_reserved_tck ; 0.000        ; 0.078      ; 0.717      ;
; 0.453 ; sld_hub:auto_hub|sld_jtag_hub:\jtag_hub_gen:sld_jtag_hub_inst|identity_contrib_shift_reg[2]                                                                                                                                                                      ; sld_hub:auto_hub|sld_jtag_hub:\jtag_hub_gen:sld_jtag_hub_inst|identity_contrib_shift_reg[1]                                                                                                                                                                       ; altera_reserved_tck ; altera_reserved_tck ; 0.000        ; 0.078      ; 0.717      ;
; 0.453 ; SoC:inst|SoC_cpu:cpu|SoC_cpu_nios2_oci:the_SoC_cpu_nios2_oci|SoC_cpu_jtag_debug_module_wrapper:the_SoC_cpu_jtag_debug_module_wrapper|SoC_cpu_jtag_debug_module_tck:the_SoC_cpu_jtag_debug_module_tck|sr[34]                                                      ; SoC:inst|SoC_cpu:cpu|SoC_cpu_nios2_oci:the_SoC_cpu_nios2_oci|SoC_cpu_jtag_debug_module_wrapper:the_SoC_cpu_jtag_debug_module_wrapper|SoC_cpu_jtag_debug_module_tck:the_SoC_cpu_jtag_debug_module_tck|sr[33]                                                       ; altera_reserved_tck ; altera_reserved_tck ; 0.000        ; 0.079      ; 0.718      ;
; 0.453 ; SoC:inst|SoC_cpu:cpu|SoC_cpu_nios2_oci:the_SoC_cpu_nios2_oci|SoC_cpu_jtag_debug_module_wrapper:the_SoC_cpu_jtag_debug_module_wrapper|SoC_cpu_jtag_debug_module_tck:the_SoC_cpu_jtag_debug_module_tck|sr[14]                                                      ; SoC:inst|SoC_cpu:cpu|SoC_cpu_nios2_oci:the_SoC_cpu_nios2_oci|SoC_cpu_jtag_debug_module_wrapper:the_SoC_cpu_jtag_debug_module_wrapper|SoC_cpu_jtag_debug_module_tck:the_SoC_cpu_jtag_debug_module_tck|sr[13]                                                       ; altera_reserved_tck ; altera_reserved_tck ; 0.000        ; 0.079      ; 0.718      ;
; 0.453 ; SoC:inst|SoC_cpu:cpu|SoC_cpu_nios2_oci:the_SoC_cpu_nios2_oci|SoC_cpu_jtag_debug_module_wrapper:the_SoC_cpu_jtag_debug_module_wrapper|SoC_cpu_jtag_debug_module_tck:the_SoC_cpu_jtag_debug_module_tck|sr[12]                                                      ; SoC:inst|SoC_cpu:cpu|SoC_cpu_nios2_oci:the_SoC_cpu_nios2_oci|SoC_cpu_jtag_debug_module_wrapper:the_SoC_cpu_jtag_debug_module_wrapper|SoC_cpu_jtag_debug_module_tck:the_SoC_cpu_jtag_debug_module_tck|sr[11]                                                       ; altera_reserved_tck ; altera_reserved_tck ; 0.000        ; 0.079      ; 0.718      ;
; 0.453 ; SoC:inst|SoC_cpu:cpu|SoC_cpu_nios2_oci:the_SoC_cpu_nios2_oci|SoC_cpu_jtag_debug_module_wrapper:the_SoC_cpu_jtag_debug_module_wrapper|SoC_cpu_jtag_debug_module_tck:the_SoC_cpu_jtag_debug_module_tck|sr[11]                                                      ; SoC:inst|SoC_cpu:cpu|SoC_cpu_nios2_oci:the_SoC_cpu_nios2_oci|SoC_cpu_jtag_debug_module_wrapper:the_SoC_cpu_jtag_debug_module_wrapper|SoC_cpu_jtag_debug_module_tck:the_SoC_cpu_jtag_debug_module_tck|sr[10]                                                       ; altera_reserved_tck ; altera_reserved_tck ; 0.000        ; 0.079      ; 0.718      ;
; 0.453 ; SoC:inst|SoC_cpu:cpu|SoC_cpu_nios2_oci:the_SoC_cpu_nios2_oci|SoC_cpu_jtag_debug_module_wrapper:the_SoC_cpu_jtag_debug_module_wrapper|SoC_cpu_jtag_debug_module_tck:the_SoC_cpu_jtag_debug_module_tck|sr[2]                                                       ; SoC:inst|SoC_cpu:cpu|SoC_cpu_nios2_oci:the_SoC_cpu_nios2_oci|SoC_cpu_jtag_debug_module_wrapper:the_SoC_cpu_jtag_debug_module_wrapper|SoC_cpu_jtag_debug_module_tck:the_SoC_cpu_jtag_debug_module_tck|sr[1]                                                        ; altera_reserved_tck ; altera_reserved_tck ; 0.000        ; 0.079      ; 0.718      ;
; 0.454 ; sld_hub:auto_hub|sld_jtag_hub:\jtag_hub_gen:sld_jtag_hub_inst|sld_shadow_jsm:shadow_jsm|state[11]                                                                                                                                                                ; sld_hub:auto_hub|sld_jtag_hub:\jtag_hub_gen:sld_jtag_hub_inst|sld_shadow_jsm:shadow_jsm|state[12]                                                                                                                                                                 ; altera_reserved_tck ; altera_reserved_tck ; 0.000        ; 0.079      ; 0.719      ;
; 0.454 ; SoC:inst|SoC_cpu:cpu|SoC_cpu_nios2_oci:the_SoC_cpu_nios2_oci|SoC_cpu_jtag_debug_module_wrapper:the_SoC_cpu_jtag_debug_module_wrapper|SoC_cpu_jtag_debug_module_tck:the_SoC_cpu_jtag_debug_module_tck|sr[21]                                                      ; SoC:inst|SoC_cpu:cpu|SoC_cpu_nios2_oci:the_SoC_cpu_nios2_oci|SoC_cpu_jtag_debug_module_wrapper:the_SoC_cpu_jtag_debug_module_wrapper|SoC_cpu_jtag_debug_module_tck:the_SoC_cpu_jtag_debug_module_tck|sr[20]                                                       ; altera_reserved_tck ; altera_reserved_tck ; 0.000        ; 0.079      ; 0.719      ;
; 0.460 ; sld_hub:auto_hub|sld_jtag_hub:\jtag_hub_gen:sld_jtag_hub_inst|sld_rom_sr:hub_info_reg|word_counter[4]                                                                                                                                                            ; sld_hub:auto_hub|sld_jtag_hub:\jtag_hub_gen:sld_jtag_hub_inst|sld_rom_sr:hub_info_reg|word_counter[4]                                                                                                                                                             ; altera_reserved_tck ; altera_reserved_tck ; 0.000        ; 0.078      ; 0.724      ;
; 0.462 ; sld_hub:auto_hub|sld_jtag_hub:\jtag_hub_gen:sld_jtag_hub_inst|sld_shadow_jsm:shadow_jsm|state[3]                                                                                                                                                                 ; sld_hub:auto_hub|sld_jtag_hub:\jtag_hub_gen:sld_jtag_hub_inst|sld_shadow_jsm:shadow_jsm|state[5]                                                                                                                                                                  ; altera_reserved_tck ; altera_reserved_tck ; 0.000        ; 0.079      ; 0.727      ;
; 0.470 ; sld_hub:auto_hub|sld_jtag_hub:\jtag_hub_gen:sld_jtag_hub_inst|irsr_reg[6]                                                                                                                                                                                        ; sld_hub:auto_hub|sld_jtag_hub:\jtag_hub_gen:sld_jtag_hub_inst|irsr_reg[5]                                                                                                                                                                                         ; altera_reserved_tck ; altera_reserved_tck ; 0.000        ; 0.079      ; 0.735      ;
; 0.498 ; sld_hub:auto_hub|sld_jtag_hub:\jtag_hub_gen:sld_jtag_hub_inst|mixer_addr_reg[4]                                                                                                                                                                                  ; sld_hub:auto_hub|sld_jtag_hub:\jtag_hub_gen:sld_jtag_hub_inst|mixer_addr_reg[4]                                                                                                                                                                                   ; altera_reserved_tck ; altera_reserved_tck ; 0.000        ; 0.078      ; 0.762      ;
; 0.554 ; SoC:inst|SoC_jtag_uart:jtag_uart|alt_jtag_atlantic:SoC_jtag_uart_alt_jtag_atlantic|count[2]                                                                                                                                                                      ; SoC:inst|SoC_jtag_uart:jtag_uart|alt_jtag_atlantic:SoC_jtag_uart_alt_jtag_atlantic|count[3]                                                                                                                                                                       ; altera_reserved_tck ; altera_reserved_tck ; 0.000        ; 0.079      ; 0.819      ;
; 0.555 ; sld_hub:auto_hub|sld_jtag_hub:\jtag_hub_gen:sld_jtag_hub_inst|sld_rom_sr:hub_info_reg|WORD_SR[3]                                                                                                                                                                 ; sld_hub:auto_hub|sld_jtag_hub:\jtag_hub_gen:sld_jtag_hub_inst|sld_rom_sr:hub_info_reg|WORD_SR[2]                                                                                                                                                                  ; altera_reserved_tck ; altera_reserved_tck ; 0.000        ; 0.079      ; 0.820      ;
; 0.556 ; sld_hub:auto_hub|sld_jtag_hub:\jtag_hub_gen:sld_jtag_hub_inst|irf_reg[2][4]                                                                                                                                                                                      ; sld_hub:auto_hub|sld_jtag_hub:\jtag_hub_gen:sld_jtag_hub_inst|shadow_irf_reg[2][4]                                                                                                                                                                                ; altera_reserved_tck ; altera_reserved_tck ; 0.000        ; 0.079      ; 0.821      ;
; 0.556 ; sld_hub:auto_hub|sld_jtag_hub:\jtag_hub_gen:sld_jtag_hub_inst|shadow_irf_reg[2][4]                                                                                                                                                                               ; sld_hub:auto_hub|sld_jtag_hub:\jtag_hub_gen:sld_jtag_hub_inst|irf_reg[2][4]                                                                                                                                                                                       ; altera_reserved_tck ; altera_reserved_tck ; 0.000        ; 0.079      ; 0.821      ;
; 0.556 ; sld_hub:auto_hub|sld_jtag_hub:\jtag_hub_gen:sld_jtag_hub_inst|shadow_irf_reg[1][4]                                                                                                                                                                               ; sld_hub:auto_hub|sld_jtag_hub:\jtag_hub_gen:sld_jtag_hub_inst|irf_reg[1][4]                                                                                                                                                                                       ; altera_reserved_tck ; altera_reserved_tck ; 0.000        ; 0.078      ; 0.820      ;
; 0.557 ; sld_hub:auto_hub|sld_jtag_hub:\jtag_hub_gen:sld_jtag_hub_inst|irf_reg[1][3]                                                                                                                                                                                      ; sld_hub:auto_hub|sld_jtag_hub:\jtag_hub_gen:sld_jtag_hub_inst|shadow_irf_reg[1][3]                                                                                                                                                                                ; altera_reserved_tck ; altera_reserved_tck ; 0.000        ; 0.078      ; 0.821      ;
; 0.557 ; sld_hub:auto_hub|sld_jtag_hub:\jtag_hub_gen:sld_jtag_hub_inst|shadow_irf_reg[1][0]                                                                                                                                                                               ; sld_hub:auto_hub|sld_jtag_hub:\jtag_hub_gen:sld_jtag_hub_inst|irf_reg[1][0]                                                                                                                                                                                       ; altera_reserved_tck ; altera_reserved_tck ; 0.000        ; 0.078      ; 0.821      ;
; 0.562 ; SoC:inst|SoC_cpu:cpu|SoC_cpu_nios2_oci:the_SoC_cpu_nios2_oci|SoC_cpu_jtag_debug_module_wrapper:the_SoC_cpu_jtag_debug_module_wrapper|SoC_cpu_jtag_debug_module_tck:the_SoC_cpu_jtag_debug_module_tck|sr[29]                                                      ; SoC:inst|SoC_cpu:cpu|SoC_cpu_nios2_oci:the_SoC_cpu_nios2_oci|SoC_cpu_jtag_debug_module_wrapper:the_SoC_cpu_jtag_debug_module_wrapper|SoC_cpu_jtag_debug_module_tck:the_SoC_cpu_jtag_debug_module_tck|sr[28]                                                       ; altera_reserved_tck ; altera_reserved_tck ; 0.000        ; 0.079      ; 0.827      ;
; 0.577 ; SoC:inst|SoC_cpu:cpu|SoC_cpu_nios2_oci:the_SoC_cpu_nios2_oci|SoC_cpu_jtag_debug_module_wrapper:the_SoC_cpu_jtag_debug_module_wrapper|SoC_cpu_jtag_debug_module_tck:the_SoC_cpu_jtag_debug_module_tck|sr[13]                                                      ; SoC:inst|SoC_cpu:cpu|SoC_cpu_nios2_oci:the_SoC_cpu_nios2_oci|SoC_cpu_jtag_debug_module_wrapper:the_SoC_cpu_jtag_debug_module_wrapper|SoC_cpu_jtag_debug_module_tck:the_SoC_cpu_jtag_debug_module_tck|sr[12]                                                       ; altera_reserved_tck ; altera_reserved_tck ; 0.000        ; 0.079      ; 0.842      ;
; 0.583 ; SoC:inst|SoC_jtag_uart:jtag_uart|alt_jtag_atlantic:SoC_jtag_uart_alt_jtag_atlantic|count[9]                                                                                                                                                                      ; SoC:inst|SoC_jtag_uart:jtag_uart|alt_jtag_atlantic:SoC_jtag_uart_alt_jtag_atlantic|td_shift[8]                                                                                                                                                                    ; altera_reserved_tck ; altera_reserved_tck ; 0.000        ; 0.079      ; 0.848      ;
; 0.584 ; SoC:inst|SoC_jtag_uart:jtag_uart|alt_jtag_atlantic:SoC_jtag_uart_alt_jtag_atlantic|count[9]                                                                                                                                                                      ; SoC:inst|SoC_jtag_uart:jtag_uart|alt_jtag_atlantic:SoC_jtag_uart_alt_jtag_atlantic|td_shift[9]                                                                                                                                                                    ; altera_reserved_tck ; altera_reserved_tck ; 0.000        ; 0.079      ; 0.849      ;
; 0.588 ; SoC:inst|SoC_cpu:cpu|SoC_cpu_nios2_oci:the_SoC_cpu_nios2_oci|SoC_cpu_jtag_debug_module_wrapper:the_SoC_cpu_jtag_debug_module_wrapper|SoC_cpu_jtag_debug_module_tck:the_SoC_cpu_jtag_debug_module_tck|DRsize.100                                                  ; SoC:inst|SoC_cpu:cpu|SoC_cpu_nios2_oci:the_SoC_cpu_nios2_oci|SoC_cpu_jtag_debug_module_wrapper:the_SoC_cpu_jtag_debug_module_wrapper|SoC_cpu_jtag_debug_module_tck:the_SoC_cpu_jtag_debug_module_tck|sr[35]                                                       ; altera_reserved_tck ; altera_reserved_tck ; 0.000        ; 0.080      ; 0.854      ;
+-------+------------------------------------------------------------------------------------------------------------------------------------------------------------------------------------------------------------------------------------------------------------------+-------------------------------------------------------------------------------------------------------------------------------------------------------------------------------------------------------------------------------------------------------------------+---------------------+---------------------+--------------+------------+------------+


+-----------------------------------------------------------------------------------------------------------------------------------------------------------------------------------------------------------------------------------------------------------------------------------------------------+
; Slow 1200mV 85C Model Recovery: 'altera_reserved_tck'                                                                                                                                                                                                                                               ;
+--------+--------------------------------------------------------------------------------------------------+----------------------------------------------------------------------------------------------------+---------------------+---------------------+--------------+------------+------------+
; Slack  ; From Node                                                                                        ; To Node                                                                                            ; Launch Clock        ; Latch Clock         ; Relationship ; Clock Skew ; Data Delay ;
+--------+--------------------------------------------------------------------------------------------------+----------------------------------------------------------------------------------------------------+---------------------+---------------------+--------------+------------+------------+
; 47.709 ; sld_hub:auto_hub|sld_jtag_hub:\jtag_hub_gen:sld_jtag_hub_inst|clr_reg                            ; SoC:inst|SoC_jtag_uart:jtag_uart|alt_jtag_atlantic:SoC_jtag_uart_alt_jtag_atlantic|jupdate         ; altera_reserved_tck ; altera_reserved_tck ; 50.000       ; 0.086      ; 2.395      ;
; 47.709 ; sld_hub:auto_hub|sld_jtag_hub:\jtag_hub_gen:sld_jtag_hub_inst|clr_reg                            ; SoC:inst|SoC_jtag_uart:jtag_uart|alt_jtag_atlantic:SoC_jtag_uart_alt_jtag_atlantic|tdo~reg0        ; altera_reserved_tck ; altera_reserved_tck ; 50.000       ; 0.086      ; 2.395      ;
; 48.200 ; sld_hub:auto_hub|sld_jtag_hub:\jtag_hub_gen:sld_jtag_hub_inst|sld_shadow_jsm:shadow_jsm|state[8] ; sld_hub:auto_hub|sld_jtag_hub:\jtag_hub_gen:sld_jtag_hub_inst|tdo                                  ; altera_reserved_tck ; altera_reserved_tck ; 50.000       ; 0.096      ; 1.914      ;
; 97.488 ; sld_hub:auto_hub|sld_jtag_hub:\jtag_hub_gen:sld_jtag_hub_inst|clr_reg                            ; sld_hub:auto_hub|sld_jtag_hub:\jtag_hub_gen:sld_jtag_hub_inst|shadow_irf_reg[2][4]                 ; altera_reserved_tck ; altera_reserved_tck ; 100.000      ; -0.078     ; 2.452      ;
; 97.488 ; sld_hub:auto_hub|sld_jtag_hub:\jtag_hub_gen:sld_jtag_hub_inst|clr_reg                            ; sld_hub:auto_hub|sld_jtag_hub:\jtag_hub_gen:sld_jtag_hub_inst|irf_reg[2][4]                        ; altera_reserved_tck ; altera_reserved_tck ; 100.000      ; -0.078     ; 2.452      ;
; 97.488 ; sld_hub:auto_hub|sld_jtag_hub:\jtag_hub_gen:sld_jtag_hub_inst|clr_reg                            ; sld_hub:auto_hub|sld_jtag_hub:\jtag_hub_gen:sld_jtag_hub_inst|shadow_irf_reg[2][3]                 ; altera_reserved_tck ; altera_reserved_tck ; 100.000      ; -0.078     ; 2.452      ;
; 97.488 ; sld_hub:auto_hub|sld_jtag_hub:\jtag_hub_gen:sld_jtag_hub_inst|clr_reg                            ; sld_hub:auto_hub|sld_jtag_hub:\jtag_hub_gen:sld_jtag_hub_inst|irf_reg[2][3]                        ; altera_reserved_tck ; altera_reserved_tck ; 100.000      ; -0.078     ; 2.452      ;
; 97.488 ; sld_hub:auto_hub|sld_jtag_hub:\jtag_hub_gen:sld_jtag_hub_inst|clr_reg                            ; sld_hub:auto_hub|sld_jtag_hub:\jtag_hub_gen:sld_jtag_hub_inst|shadow_irf_reg[2][2]                 ; altera_reserved_tck ; altera_reserved_tck ; 100.000      ; -0.078     ; 2.452      ;
; 97.488 ; sld_hub:auto_hub|sld_jtag_hub:\jtag_hub_gen:sld_jtag_hub_inst|clr_reg                            ; sld_hub:auto_hub|sld_jtag_hub:\jtag_hub_gen:sld_jtag_hub_inst|irf_reg[2][2]                        ; altera_reserved_tck ; altera_reserved_tck ; 100.000      ; -0.078     ; 2.452      ;
; 97.488 ; sld_hub:auto_hub|sld_jtag_hub:\jtag_hub_gen:sld_jtag_hub_inst|clr_reg                            ; sld_hub:auto_hub|sld_jtag_hub:\jtag_hub_gen:sld_jtag_hub_inst|shadow_irf_reg[2][1]                 ; altera_reserved_tck ; altera_reserved_tck ; 100.000      ; -0.078     ; 2.452      ;
; 97.488 ; sld_hub:auto_hub|sld_jtag_hub:\jtag_hub_gen:sld_jtag_hub_inst|clr_reg                            ; sld_hub:auto_hub|sld_jtag_hub:\jtag_hub_gen:sld_jtag_hub_inst|irf_reg[2][1]                        ; altera_reserved_tck ; altera_reserved_tck ; 100.000      ; -0.078     ; 2.452      ;
; 97.488 ; sld_hub:auto_hub|sld_jtag_hub:\jtag_hub_gen:sld_jtag_hub_inst|clr_reg                            ; sld_hub:auto_hub|sld_jtag_hub:\jtag_hub_gen:sld_jtag_hub_inst|shadow_irf_reg[2][0]                 ; altera_reserved_tck ; altera_reserved_tck ; 100.000      ; -0.078     ; 2.452      ;
; 97.488 ; sld_hub:auto_hub|sld_jtag_hub:\jtag_hub_gen:sld_jtag_hub_inst|clr_reg                            ; sld_hub:auto_hub|sld_jtag_hub:\jtag_hub_gen:sld_jtag_hub_inst|irf_reg[2][0]                        ; altera_reserved_tck ; altera_reserved_tck ; 100.000      ; -0.078     ; 2.452      ;
; 97.505 ; sld_hub:auto_hub|sld_jtag_hub:\jtag_hub_gen:sld_jtag_hub_inst|clr_reg                            ; SoC:inst|SoC_jtag_uart:jtag_uart|alt_jtag_atlantic:SoC_jtag_uart_alt_jtag_atlantic|tck_t_dav       ; altera_reserved_tck ; altera_reserved_tck ; 100.000      ; -0.079     ; 2.434      ;
; 97.515 ; sld_hub:auto_hub|sld_jtag_hub:\jtag_hub_gen:sld_jtag_hub_inst|clr_reg                            ; sld_hub:auto_hub|sld_jtag_hub:\jtag_hub_gen:sld_jtag_hub_inst|irsr_reg[1]                          ; altera_reserved_tck ; altera_reserved_tck ; 100.000      ; -0.074     ; 2.429      ;
; 97.515 ; sld_hub:auto_hub|sld_jtag_hub:\jtag_hub_gen:sld_jtag_hub_inst|clr_reg                            ; sld_hub:auto_hub|sld_jtag_hub:\jtag_hub_gen:sld_jtag_hub_inst|irsr_reg[2]                          ; altera_reserved_tck ; altera_reserved_tck ; 100.000      ; -0.074     ; 2.429      ;
; 97.515 ; sld_hub:auto_hub|sld_jtag_hub:\jtag_hub_gen:sld_jtag_hub_inst|clr_reg                            ; sld_hub:auto_hub|sld_jtag_hub:\jtag_hub_gen:sld_jtag_hub_inst|irsr_reg[3]                          ; altera_reserved_tck ; altera_reserved_tck ; 100.000      ; -0.074     ; 2.429      ;
; 97.515 ; sld_hub:auto_hub|sld_jtag_hub:\jtag_hub_gen:sld_jtag_hub_inst|clr_reg                            ; sld_hub:auto_hub|sld_jtag_hub:\jtag_hub_gen:sld_jtag_hub_inst|irsr_reg[4]                          ; altera_reserved_tck ; altera_reserved_tck ; 100.000      ; -0.074     ; 2.429      ;
; 97.515 ; sld_hub:auto_hub|sld_jtag_hub:\jtag_hub_gen:sld_jtag_hub_inst|clr_reg                            ; sld_hub:auto_hub|sld_jtag_hub:\jtag_hub_gen:sld_jtag_hub_inst|irsr_reg[0]                          ; altera_reserved_tck ; altera_reserved_tck ; 100.000      ; -0.074     ; 2.429      ;
; 97.515 ; sld_hub:auto_hub|sld_jtag_hub:\jtag_hub_gen:sld_jtag_hub_inst|clr_reg                            ; sld_hub:auto_hub|sld_jtag_hub:\jtag_hub_gen:sld_jtag_hub_inst|irsr_reg[6]                          ; altera_reserved_tck ; altera_reserved_tck ; 100.000      ; -0.074     ; 2.429      ;
; 97.515 ; sld_hub:auto_hub|sld_jtag_hub:\jtag_hub_gen:sld_jtag_hub_inst|clr_reg                            ; sld_hub:auto_hub|sld_jtag_hub:\jtag_hub_gen:sld_jtag_hub_inst|irsr_reg[5]                          ; altera_reserved_tck ; altera_reserved_tck ; 100.000      ; -0.074     ; 2.429      ;
; 97.515 ; sld_hub:auto_hub|sld_jtag_hub:\jtag_hub_gen:sld_jtag_hub_inst|clr_reg                            ; sld_hub:auto_hub|sld_jtag_hub:\jtag_hub_gen:sld_jtag_hub_inst|hub_mode_reg[0]                      ; altera_reserved_tck ; altera_reserved_tck ; 100.000      ; -0.074     ; 2.429      ;
; 97.533 ; sld_hub:auto_hub|sld_jtag_hub:\jtag_hub_gen:sld_jtag_hub_inst|clr_reg                            ; SoC:inst|SoC_jtag_uart:jtag_uart|alt_jtag_atlantic:SoC_jtag_uart_alt_jtag_atlantic|td_shift[1]     ; altera_reserved_tck ; altera_reserved_tck ; 100.000      ; -0.076     ; 2.409      ;
; 97.533 ; sld_hub:auto_hub|sld_jtag_hub:\jtag_hub_gen:sld_jtag_hub_inst|clr_reg                            ; SoC:inst|SoC_jtag_uart:jtag_uart|alt_jtag_atlantic:SoC_jtag_uart_alt_jtag_atlantic|td_shift[2]     ; altera_reserved_tck ; altera_reserved_tck ; 100.000      ; -0.076     ; 2.409      ;
; 97.533 ; sld_hub:auto_hub|sld_jtag_hub:\jtag_hub_gen:sld_jtag_hub_inst|clr_reg                            ; SoC:inst|SoC_jtag_uart:jtag_uart|alt_jtag_atlantic:SoC_jtag_uart_alt_jtag_atlantic|td_shift[3]     ; altera_reserved_tck ; altera_reserved_tck ; 100.000      ; -0.076     ; 2.409      ;
; 97.533 ; sld_hub:auto_hub|sld_jtag_hub:\jtag_hub_gen:sld_jtag_hub_inst|clr_reg                            ; SoC:inst|SoC_jtag_uart:jtag_uart|alt_jtag_atlantic:SoC_jtag_uart_alt_jtag_atlantic|td_shift[4]     ; altera_reserved_tck ; altera_reserved_tck ; 100.000      ; -0.076     ; 2.409      ;
; 97.533 ; sld_hub:auto_hub|sld_jtag_hub:\jtag_hub_gen:sld_jtag_hub_inst|clr_reg                            ; SoC:inst|SoC_jtag_uart:jtag_uart|alt_jtag_atlantic:SoC_jtag_uart_alt_jtag_atlantic|td_shift[5]     ; altera_reserved_tck ; altera_reserved_tck ; 100.000      ; -0.076     ; 2.409      ;
; 97.533 ; sld_hub:auto_hub|sld_jtag_hub:\jtag_hub_gen:sld_jtag_hub_inst|clr_reg                            ; SoC:inst|SoC_jtag_uart:jtag_uart|alt_jtag_atlantic:SoC_jtag_uart_alt_jtag_atlantic|td_shift[6]     ; altera_reserved_tck ; altera_reserved_tck ; 100.000      ; -0.076     ; 2.409      ;
; 97.533 ; sld_hub:auto_hub|sld_jtag_hub:\jtag_hub_gen:sld_jtag_hub_inst|clr_reg                            ; SoC:inst|SoC_jtag_uart:jtag_uart|alt_jtag_atlantic:SoC_jtag_uart_alt_jtag_atlantic|wdata[2]        ; altera_reserved_tck ; altera_reserved_tck ; 100.000      ; -0.076     ; 2.409      ;
; 97.533 ; sld_hub:auto_hub|sld_jtag_hub:\jtag_hub_gen:sld_jtag_hub_inst|clr_reg                            ; SoC:inst|SoC_jtag_uart:jtag_uart|alt_jtag_atlantic:SoC_jtag_uart_alt_jtag_atlantic|wdata[1]        ; altera_reserved_tck ; altera_reserved_tck ; 100.000      ; -0.076     ; 2.409      ;
; 97.537 ; sld_hub:auto_hub|sld_jtag_hub:\jtag_hub_gen:sld_jtag_hub_inst|clr_reg                            ; SoC:inst|SoC_jtag_uart:jtag_uart|alt_jtag_atlantic:SoC_jtag_uart_alt_jtag_atlantic|state           ; altera_reserved_tck ; altera_reserved_tck ; 100.000      ; -0.080     ; 2.401      ;
; 97.537 ; sld_hub:auto_hub|sld_jtag_hub:\jtag_hub_gen:sld_jtag_hub_inst|clr_reg                            ; SoC:inst|SoC_jtag_uart:jtag_uart|alt_jtag_atlantic:SoC_jtag_uart_alt_jtag_atlantic|count[8]        ; altera_reserved_tck ; altera_reserved_tck ; 100.000      ; -0.080     ; 2.401      ;
; 97.537 ; sld_hub:auto_hub|sld_jtag_hub:\jtag_hub_gen:sld_jtag_hub_inst|clr_reg                            ; SoC:inst|SoC_jtag_uart:jtag_uart|alt_jtag_atlantic:SoC_jtag_uart_alt_jtag_atlantic|count[7]        ; altera_reserved_tck ; altera_reserved_tck ; 100.000      ; -0.080     ; 2.401      ;
; 97.537 ; sld_hub:auto_hub|sld_jtag_hub:\jtag_hub_gen:sld_jtag_hub_inst|clr_reg                            ; SoC:inst|SoC_jtag_uart:jtag_uart|alt_jtag_atlantic:SoC_jtag_uart_alt_jtag_atlantic|count[6]        ; altera_reserved_tck ; altera_reserved_tck ; 100.000      ; -0.080     ; 2.401      ;
; 97.537 ; sld_hub:auto_hub|sld_jtag_hub:\jtag_hub_gen:sld_jtag_hub_inst|clr_reg                            ; SoC:inst|SoC_jtag_uart:jtag_uart|alt_jtag_atlantic:SoC_jtag_uart_alt_jtag_atlantic|count[5]        ; altera_reserved_tck ; altera_reserved_tck ; 100.000      ; -0.080     ; 2.401      ;
; 97.537 ; sld_hub:auto_hub|sld_jtag_hub:\jtag_hub_gen:sld_jtag_hub_inst|clr_reg                            ; SoC:inst|SoC_jtag_uart:jtag_uart|alt_jtag_atlantic:SoC_jtag_uart_alt_jtag_atlantic|count[4]        ; altera_reserved_tck ; altera_reserved_tck ; 100.000      ; -0.080     ; 2.401      ;
; 97.537 ; sld_hub:auto_hub|sld_jtag_hub:\jtag_hub_gen:sld_jtag_hub_inst|clr_reg                            ; SoC:inst|SoC_jtag_uart:jtag_uart|alt_jtag_atlantic:SoC_jtag_uart_alt_jtag_atlantic|count[3]        ; altera_reserved_tck ; altera_reserved_tck ; 100.000      ; -0.080     ; 2.401      ;
; 97.537 ; sld_hub:auto_hub|sld_jtag_hub:\jtag_hub_gen:sld_jtag_hub_inst|clr_reg                            ; SoC:inst|SoC_jtag_uart:jtag_uart|alt_jtag_atlantic:SoC_jtag_uart_alt_jtag_atlantic|count[2]        ; altera_reserved_tck ; altera_reserved_tck ; 100.000      ; -0.080     ; 2.401      ;
; 97.537 ; sld_hub:auto_hub|sld_jtag_hub:\jtag_hub_gen:sld_jtag_hub_inst|clr_reg                            ; SoC:inst|SoC_jtag_uart:jtag_uart|alt_jtag_atlantic:SoC_jtag_uart_alt_jtag_atlantic|count[1]        ; altera_reserved_tck ; altera_reserved_tck ; 100.000      ; -0.080     ; 2.401      ;
; 97.537 ; sld_hub:auto_hub|sld_jtag_hub:\jtag_hub_gen:sld_jtag_hub_inst|clr_reg                            ; SoC:inst|SoC_jtag_uart:jtag_uart|alt_jtag_atlantic:SoC_jtag_uart_alt_jtag_atlantic|count[0]        ; altera_reserved_tck ; altera_reserved_tck ; 100.000      ; -0.080     ; 2.401      ;
; 97.537 ; sld_hub:auto_hub|sld_jtag_hub:\jtag_hub_gen:sld_jtag_hub_inst|clr_reg                            ; SoC:inst|SoC_jtag_uart:jtag_uart|alt_jtag_atlantic:SoC_jtag_uart_alt_jtag_atlantic|count[9]        ; altera_reserved_tck ; altera_reserved_tck ; 100.000      ; -0.080     ; 2.401      ;
; 97.537 ; sld_hub:auto_hub|sld_jtag_hub:\jtag_hub_gen:sld_jtag_hub_inst|clr_reg                            ; SoC:inst|SoC_jtag_uart:jtag_uart|alt_jtag_atlantic:SoC_jtag_uart_alt_jtag_atlantic|td_shift[10]    ; altera_reserved_tck ; altera_reserved_tck ; 100.000      ; -0.080     ; 2.401      ;
; 97.537 ; sld_hub:auto_hub|sld_jtag_hub:\jtag_hub_gen:sld_jtag_hub_inst|clr_reg                            ; SoC:inst|SoC_jtag_uart:jtag_uart|alt_jtag_atlantic:SoC_jtag_uart_alt_jtag_atlantic|td_shift[9]     ; altera_reserved_tck ; altera_reserved_tck ; 100.000      ; -0.080     ; 2.401      ;
; 97.537 ; sld_hub:auto_hub|sld_jtag_hub:\jtag_hub_gen:sld_jtag_hub_inst|clr_reg                            ; SoC:inst|SoC_jtag_uart:jtag_uart|alt_jtag_atlantic:SoC_jtag_uart_alt_jtag_atlantic|td_shift[0]     ; altera_reserved_tck ; altera_reserved_tck ; 100.000      ; -0.080     ; 2.401      ;
; 97.537 ; sld_hub:auto_hub|sld_jtag_hub:\jtag_hub_gen:sld_jtag_hub_inst|clr_reg                            ; SoC:inst|SoC_jtag_uart:jtag_uart|alt_jtag_atlantic:SoC_jtag_uart_alt_jtag_atlantic|td_shift[8]     ; altera_reserved_tck ; altera_reserved_tck ; 100.000      ; -0.080     ; 2.401      ;
; 97.537 ; sld_hub:auto_hub|sld_jtag_hub:\jtag_hub_gen:sld_jtag_hub_inst|clr_reg                            ; SoC:inst|SoC_jtag_uart:jtag_uart|alt_jtag_atlantic:SoC_jtag_uart_alt_jtag_atlantic|user_saw_rvalid ; altera_reserved_tck ; altera_reserved_tck ; 100.000      ; -0.080     ; 2.401      ;
; 97.557 ; sld_hub:auto_hub|sld_jtag_hub:\jtag_hub_gen:sld_jtag_hub_inst|clr_reg                            ; SoC:inst|SoC_jtag_uart:jtag_uart|alt_jtag_atlantic:SoC_jtag_uart_alt_jtag_atlantic|td_shift[7]     ; altera_reserved_tck ; altera_reserved_tck ; 100.000      ; -0.074     ; 2.387      ;
; 97.557 ; sld_hub:auto_hub|sld_jtag_hub:\jtag_hub_gen:sld_jtag_hub_inst|clr_reg                            ; SoC:inst|SoC_jtag_uart:jtag_uart|alt_jtag_atlantic:SoC_jtag_uart_alt_jtag_atlantic|write           ; altera_reserved_tck ; altera_reserved_tck ; 100.000      ; -0.074     ; 2.387      ;
; 97.557 ; sld_hub:auto_hub|sld_jtag_hub:\jtag_hub_gen:sld_jtag_hub_inst|clr_reg                            ; SoC:inst|SoC_jtag_uart:jtag_uart|alt_jtag_atlantic:SoC_jtag_uart_alt_jtag_atlantic|wdata[7]        ; altera_reserved_tck ; altera_reserved_tck ; 100.000      ; -0.074     ; 2.387      ;
; 97.557 ; sld_hub:auto_hub|sld_jtag_hub:\jtag_hub_gen:sld_jtag_hub_inst|clr_reg                            ; SoC:inst|SoC_jtag_uart:jtag_uart|alt_jtag_atlantic:SoC_jtag_uart_alt_jtag_atlantic|wdata[6]        ; altera_reserved_tck ; altera_reserved_tck ; 100.000      ; -0.074     ; 2.387      ;
; 97.557 ; sld_hub:auto_hub|sld_jtag_hub:\jtag_hub_gen:sld_jtag_hub_inst|clr_reg                            ; SoC:inst|SoC_jtag_uart:jtag_uart|alt_jtag_atlantic:SoC_jtag_uart_alt_jtag_atlantic|wdata[5]        ; altera_reserved_tck ; altera_reserved_tck ; 100.000      ; -0.074     ; 2.387      ;
; 97.557 ; sld_hub:auto_hub|sld_jtag_hub:\jtag_hub_gen:sld_jtag_hub_inst|clr_reg                            ; SoC:inst|SoC_jtag_uart:jtag_uart|alt_jtag_atlantic:SoC_jtag_uart_alt_jtag_atlantic|wdata[4]        ; altera_reserved_tck ; altera_reserved_tck ; 100.000      ; -0.074     ; 2.387      ;
; 97.557 ; sld_hub:auto_hub|sld_jtag_hub:\jtag_hub_gen:sld_jtag_hub_inst|clr_reg                            ; SoC:inst|SoC_jtag_uart:jtag_uart|alt_jtag_atlantic:SoC_jtag_uart_alt_jtag_atlantic|wdata[3]        ; altera_reserved_tck ; altera_reserved_tck ; 100.000      ; -0.074     ; 2.387      ;
; 97.562 ; sld_hub:auto_hub|sld_jtag_hub:\jtag_hub_gen:sld_jtag_hub_inst|clr_reg                            ; SoC:inst|SoC_jtag_uart:jtag_uart|alt_jtag_atlantic:SoC_jtag_uart_alt_jtag_atlantic|write_stalled   ; altera_reserved_tck ; altera_reserved_tck ; 100.000      ; -0.075     ; 2.381      ;
; 97.562 ; sld_hub:auto_hub|sld_jtag_hub:\jtag_hub_gen:sld_jtag_hub_inst|clr_reg                            ; SoC:inst|SoC_jtag_uart:jtag_uart|alt_jtag_atlantic:SoC_jtag_uart_alt_jtag_atlantic|write_valid     ; altera_reserved_tck ; altera_reserved_tck ; 100.000      ; -0.075     ; 2.381      ;
; 97.562 ; sld_hub:auto_hub|sld_jtag_hub:\jtag_hub_gen:sld_jtag_hub_inst|clr_reg                            ; SoC:inst|SoC_jtag_uart:jtag_uart|alt_jtag_atlantic:SoC_jtag_uart_alt_jtag_atlantic|read            ; altera_reserved_tck ; altera_reserved_tck ; 100.000      ; -0.075     ; 2.381      ;
; 97.562 ; sld_hub:auto_hub|sld_jtag_hub:\jtag_hub_gen:sld_jtag_hub_inst|clr_reg                            ; SoC:inst|SoC_jtag_uart:jtag_uart|alt_jtag_atlantic:SoC_jtag_uart_alt_jtag_atlantic|read_req        ; altera_reserved_tck ; altera_reserved_tck ; 100.000      ; -0.075     ; 2.381      ;
; 97.562 ; sld_hub:auto_hub|sld_jtag_hub:\jtag_hub_gen:sld_jtag_hub_inst|clr_reg                            ; SoC:inst|SoC_jtag_uart:jtag_uart|alt_jtag_atlantic:SoC_jtag_uart_alt_jtag_atlantic|wdata[0]        ; altera_reserved_tck ; altera_reserved_tck ; 100.000      ; -0.075     ; 2.381      ;
; 97.610 ; sld_hub:auto_hub|sld_jtag_hub:\jtag_hub_gen:sld_jtag_hub_inst|clr_reg                            ; sld_hub:auto_hub|sld_jtag_hub:\jtag_hub_gen:sld_jtag_hub_inst|hub_mode_reg[1]                      ; altera_reserved_tck ; altera_reserved_tck ; 100.000      ; -0.083     ; 2.325      ;
; 97.610 ; sld_hub:auto_hub|sld_jtag_hub:\jtag_hub_gen:sld_jtag_hub_inst|clr_reg                            ; sld_hub:auto_hub|sld_jtag_hub:\jtag_hub_gen:sld_jtag_hub_inst|node_ena[1]~reg0                     ; altera_reserved_tck ; altera_reserved_tck ; 100.000      ; -0.083     ; 2.325      ;
; 97.610 ; sld_hub:auto_hub|sld_jtag_hub:\jtag_hub_gen:sld_jtag_hub_inst|clr_reg                            ; sld_hub:auto_hub|sld_jtag_hub:\jtag_hub_gen:sld_jtag_hub_inst|node_ena[2]~reg0                     ; altera_reserved_tck ; altera_reserved_tck ; 100.000      ; -0.083     ; 2.325      ;
; 97.787 ; sld_hub:auto_hub|sld_jtag_hub:\jtag_hub_gen:sld_jtag_hub_inst|virtual_ir_scan_reg                ; sld_hub:auto_hub|sld_jtag_hub:\jtag_hub_gen:sld_jtag_hub_inst|hub_mode_reg[2]                      ; altera_reserved_tck ; altera_reserved_tck ; 100.000      ; -0.070     ; 2.161      ;
; 98.145 ; sld_hub:auto_hub|sld_jtag_hub:\jtag_hub_gen:sld_jtag_hub_inst|clr_reg                            ; sld_hub:auto_hub|sld_jtag_hub:\jtag_hub_gen:sld_jtag_hub_inst|shadow_irf_reg[1][4]                 ; altera_reserved_tck ; altera_reserved_tck ; 100.000      ; -0.078     ; 1.795      ;
; 98.145 ; sld_hub:auto_hub|sld_jtag_hub:\jtag_hub_gen:sld_jtag_hub_inst|clr_reg                            ; sld_hub:auto_hub|sld_jtag_hub:\jtag_hub_gen:sld_jtag_hub_inst|irf_reg[1][4]                        ; altera_reserved_tck ; altera_reserved_tck ; 100.000      ; -0.078     ; 1.795      ;
; 98.145 ; sld_hub:auto_hub|sld_jtag_hub:\jtag_hub_gen:sld_jtag_hub_inst|clr_reg                            ; sld_hub:auto_hub|sld_jtag_hub:\jtag_hub_gen:sld_jtag_hub_inst|shadow_irf_reg[1][3]                 ; altera_reserved_tck ; altera_reserved_tck ; 100.000      ; -0.078     ; 1.795      ;
; 98.145 ; sld_hub:auto_hub|sld_jtag_hub:\jtag_hub_gen:sld_jtag_hub_inst|clr_reg                            ; sld_hub:auto_hub|sld_jtag_hub:\jtag_hub_gen:sld_jtag_hub_inst|irf_reg[1][3]                        ; altera_reserved_tck ; altera_reserved_tck ; 100.000      ; -0.078     ; 1.795      ;
; 98.145 ; sld_hub:auto_hub|sld_jtag_hub:\jtag_hub_gen:sld_jtag_hub_inst|clr_reg                            ; sld_hub:auto_hub|sld_jtag_hub:\jtag_hub_gen:sld_jtag_hub_inst|shadow_irf_reg[1][2]                 ; altera_reserved_tck ; altera_reserved_tck ; 100.000      ; -0.078     ; 1.795      ;
; 98.145 ; sld_hub:auto_hub|sld_jtag_hub:\jtag_hub_gen:sld_jtag_hub_inst|clr_reg                            ; sld_hub:auto_hub|sld_jtag_hub:\jtag_hub_gen:sld_jtag_hub_inst|irf_reg[1][2]                        ; altera_reserved_tck ; altera_reserved_tck ; 100.000      ; -0.078     ; 1.795      ;
; 98.145 ; sld_hub:auto_hub|sld_jtag_hub:\jtag_hub_gen:sld_jtag_hub_inst|clr_reg                            ; sld_hub:auto_hub|sld_jtag_hub:\jtag_hub_gen:sld_jtag_hub_inst|shadow_irf_reg[1][0]                 ; altera_reserved_tck ; altera_reserved_tck ; 100.000      ; -0.078     ; 1.795      ;
; 98.145 ; sld_hub:auto_hub|sld_jtag_hub:\jtag_hub_gen:sld_jtag_hub_inst|clr_reg                            ; sld_hub:auto_hub|sld_jtag_hub:\jtag_hub_gen:sld_jtag_hub_inst|shadow_irf_reg[1][1]                 ; altera_reserved_tck ; altera_reserved_tck ; 100.000      ; -0.078     ; 1.795      ;
; 98.145 ; sld_hub:auto_hub|sld_jtag_hub:\jtag_hub_gen:sld_jtag_hub_inst|clr_reg                            ; sld_hub:auto_hub|sld_jtag_hub:\jtag_hub_gen:sld_jtag_hub_inst|irf_reg[1][0]                        ; altera_reserved_tck ; altera_reserved_tck ; 100.000      ; -0.078     ; 1.795      ;
; 98.145 ; sld_hub:auto_hub|sld_jtag_hub:\jtag_hub_gen:sld_jtag_hub_inst|clr_reg                            ; sld_hub:auto_hub|sld_jtag_hub:\jtag_hub_gen:sld_jtag_hub_inst|irf_reg[1][1]                        ; altera_reserved_tck ; altera_reserved_tck ; 100.000      ; -0.078     ; 1.795      ;
; 98.313 ; sld_hub:auto_hub|sld_jtag_hub:\jtag_hub_gen:sld_jtag_hub_inst|sld_shadow_jsm:shadow_jsm|state[0] ; sld_hub:auto_hub|sld_jtag_hub:\jtag_hub_gen:sld_jtag_hub_inst|jtag_ir_reg[0]                       ; altera_reserved_tck ; altera_reserved_tck ; 100.000      ; -0.079     ; 1.626      ;
; 98.313 ; sld_hub:auto_hub|sld_jtag_hub:\jtag_hub_gen:sld_jtag_hub_inst|sld_shadow_jsm:shadow_jsm|state[0] ; sld_hub:auto_hub|sld_jtag_hub:\jtag_hub_gen:sld_jtag_hub_inst|jtag_ir_reg[1]                       ; altera_reserved_tck ; altera_reserved_tck ; 100.000      ; -0.079     ; 1.626      ;
; 98.313 ; sld_hub:auto_hub|sld_jtag_hub:\jtag_hub_gen:sld_jtag_hub_inst|sld_shadow_jsm:shadow_jsm|state[0] ; sld_hub:auto_hub|sld_jtag_hub:\jtag_hub_gen:sld_jtag_hub_inst|jtag_ir_reg[2]                       ; altera_reserved_tck ; altera_reserved_tck ; 100.000      ; -0.079     ; 1.626      ;
; 98.313 ; sld_hub:auto_hub|sld_jtag_hub:\jtag_hub_gen:sld_jtag_hub_inst|sld_shadow_jsm:shadow_jsm|state[0] ; sld_hub:auto_hub|sld_jtag_hub:\jtag_hub_gen:sld_jtag_hub_inst|jtag_ir_reg[3]                       ; altera_reserved_tck ; altera_reserved_tck ; 100.000      ; -0.079     ; 1.626      ;
; 98.313 ; sld_hub:auto_hub|sld_jtag_hub:\jtag_hub_gen:sld_jtag_hub_inst|sld_shadow_jsm:shadow_jsm|state[0] ; sld_hub:auto_hub|sld_jtag_hub:\jtag_hub_gen:sld_jtag_hub_inst|jtag_ir_reg[4]                       ; altera_reserved_tck ; altera_reserved_tck ; 100.000      ; -0.079     ; 1.626      ;
; 98.313 ; sld_hub:auto_hub|sld_jtag_hub:\jtag_hub_gen:sld_jtag_hub_inst|sld_shadow_jsm:shadow_jsm|state[0] ; sld_hub:auto_hub|sld_jtag_hub:\jtag_hub_gen:sld_jtag_hub_inst|jtag_ir_reg[5]                       ; altera_reserved_tck ; altera_reserved_tck ; 100.000      ; -0.079     ; 1.626      ;
; 98.313 ; sld_hub:auto_hub|sld_jtag_hub:\jtag_hub_gen:sld_jtag_hub_inst|sld_shadow_jsm:shadow_jsm|state[0] ; sld_hub:auto_hub|sld_jtag_hub:\jtag_hub_gen:sld_jtag_hub_inst|jtag_ir_reg[6]                       ; altera_reserved_tck ; altera_reserved_tck ; 100.000      ; -0.079     ; 1.626      ;
; 98.313 ; sld_hub:auto_hub|sld_jtag_hub:\jtag_hub_gen:sld_jtag_hub_inst|sld_shadow_jsm:shadow_jsm|state[0] ; sld_hub:auto_hub|sld_jtag_hub:\jtag_hub_gen:sld_jtag_hub_inst|jtag_ir_reg[7]                       ; altera_reserved_tck ; altera_reserved_tck ; 100.000      ; -0.079     ; 1.626      ;
; 98.313 ; sld_hub:auto_hub|sld_jtag_hub:\jtag_hub_gen:sld_jtag_hub_inst|sld_shadow_jsm:shadow_jsm|state[0] ; sld_hub:auto_hub|sld_jtag_hub:\jtag_hub_gen:sld_jtag_hub_inst|jtag_ir_reg[8]                       ; altera_reserved_tck ; altera_reserved_tck ; 100.000      ; -0.079     ; 1.626      ;
; 98.313 ; sld_hub:auto_hub|sld_jtag_hub:\jtag_hub_gen:sld_jtag_hub_inst|sld_shadow_jsm:shadow_jsm|state[0] ; sld_hub:auto_hub|sld_jtag_hub:\jtag_hub_gen:sld_jtag_hub_inst|jtag_ir_reg[9]                       ; altera_reserved_tck ; altera_reserved_tck ; 100.000      ; -0.079     ; 1.626      ;
; 98.464 ; sld_hub:auto_hub|sld_jtag_hub:\jtag_hub_gen:sld_jtag_hub_inst|sld_shadow_jsm:shadow_jsm|state[0] ; sld_hub:auto_hub|sld_jtag_hub:\jtag_hub_gen:sld_jtag_hub_inst|virtual_ir_scan_reg                  ; altera_reserved_tck ; altera_reserved_tck ; 100.000      ; -0.078     ; 1.476      ;
; 98.464 ; sld_hub:auto_hub|sld_jtag_hub:\jtag_hub_gen:sld_jtag_hub_inst|sld_shadow_jsm:shadow_jsm|state[0] ; sld_hub:auto_hub|sld_jtag_hub:\jtag_hub_gen:sld_jtag_hub_inst|virtual_dr_scan_reg                  ; altera_reserved_tck ; altera_reserved_tck ; 100.000      ; -0.078     ; 1.476      ;
+--------+--------------------------------------------------------------------------------------------------+----------------------------------------------------------------------------------------------------+---------------------+---------------------+--------------+------------+------------+


+-----------------------------------------------------------------------------------------------------------------------------------------------------------------------------------------------------------------------------------------------------------------------------------------------------+
; Slow 1200mV 85C Model Removal: 'altera_reserved_tck'                                                                                                                                                                                                                                                ;
+--------+--------------------------------------------------------------------------------------------------+----------------------------------------------------------------------------------------------------+---------------------+---------------------+--------------+------------+------------+
; Slack  ; From Node                                                                                        ; To Node                                                                                            ; Launch Clock        ; Latch Clock         ; Relationship ; Clock Skew ; Data Delay ;
+--------+--------------------------------------------------------------------------------------------------+----------------------------------------------------------------------------------------------------+---------------------+---------------------+--------------+------------+------------+
; 1.051  ; sld_hub:auto_hub|sld_jtag_hub:\jtag_hub_gen:sld_jtag_hub_inst|sld_shadow_jsm:shadow_jsm|state[0] ; sld_hub:auto_hub|sld_jtag_hub:\jtag_hub_gen:sld_jtag_hub_inst|virtual_ir_scan_reg                  ; altera_reserved_tck ; altera_reserved_tck ; 0.000        ; 0.078      ; 1.315      ;
; 1.051  ; sld_hub:auto_hub|sld_jtag_hub:\jtag_hub_gen:sld_jtag_hub_inst|sld_shadow_jsm:shadow_jsm|state[0] ; sld_hub:auto_hub|sld_jtag_hub:\jtag_hub_gen:sld_jtag_hub_inst|virtual_dr_scan_reg                  ; altera_reserved_tck ; altera_reserved_tck ; 0.000        ; 0.078      ; 1.315      ;
; 1.230  ; sld_hub:auto_hub|sld_jtag_hub:\jtag_hub_gen:sld_jtag_hub_inst|sld_shadow_jsm:shadow_jsm|state[0] ; sld_hub:auto_hub|sld_jtag_hub:\jtag_hub_gen:sld_jtag_hub_inst|jtag_ir_reg[0]                       ; altera_reserved_tck ; altera_reserved_tck ; 0.000        ; 0.077      ; 1.493      ;
; 1.230  ; sld_hub:auto_hub|sld_jtag_hub:\jtag_hub_gen:sld_jtag_hub_inst|sld_shadow_jsm:shadow_jsm|state[0] ; sld_hub:auto_hub|sld_jtag_hub:\jtag_hub_gen:sld_jtag_hub_inst|jtag_ir_reg[1]                       ; altera_reserved_tck ; altera_reserved_tck ; 0.000        ; 0.077      ; 1.493      ;
; 1.230  ; sld_hub:auto_hub|sld_jtag_hub:\jtag_hub_gen:sld_jtag_hub_inst|sld_shadow_jsm:shadow_jsm|state[0] ; sld_hub:auto_hub|sld_jtag_hub:\jtag_hub_gen:sld_jtag_hub_inst|jtag_ir_reg[2]                       ; altera_reserved_tck ; altera_reserved_tck ; 0.000        ; 0.077      ; 1.493      ;
; 1.230  ; sld_hub:auto_hub|sld_jtag_hub:\jtag_hub_gen:sld_jtag_hub_inst|sld_shadow_jsm:shadow_jsm|state[0] ; sld_hub:auto_hub|sld_jtag_hub:\jtag_hub_gen:sld_jtag_hub_inst|jtag_ir_reg[3]                       ; altera_reserved_tck ; altera_reserved_tck ; 0.000        ; 0.077      ; 1.493      ;
; 1.230  ; sld_hub:auto_hub|sld_jtag_hub:\jtag_hub_gen:sld_jtag_hub_inst|sld_shadow_jsm:shadow_jsm|state[0] ; sld_hub:auto_hub|sld_jtag_hub:\jtag_hub_gen:sld_jtag_hub_inst|jtag_ir_reg[4]                       ; altera_reserved_tck ; altera_reserved_tck ; 0.000        ; 0.077      ; 1.493      ;
; 1.230  ; sld_hub:auto_hub|sld_jtag_hub:\jtag_hub_gen:sld_jtag_hub_inst|sld_shadow_jsm:shadow_jsm|state[0] ; sld_hub:auto_hub|sld_jtag_hub:\jtag_hub_gen:sld_jtag_hub_inst|jtag_ir_reg[5]                       ; altera_reserved_tck ; altera_reserved_tck ; 0.000        ; 0.077      ; 1.493      ;
; 1.230  ; sld_hub:auto_hub|sld_jtag_hub:\jtag_hub_gen:sld_jtag_hub_inst|sld_shadow_jsm:shadow_jsm|state[0] ; sld_hub:auto_hub|sld_jtag_hub:\jtag_hub_gen:sld_jtag_hub_inst|jtag_ir_reg[6]                       ; altera_reserved_tck ; altera_reserved_tck ; 0.000        ; 0.077      ; 1.493      ;
; 1.230  ; sld_hub:auto_hub|sld_jtag_hub:\jtag_hub_gen:sld_jtag_hub_inst|sld_shadow_jsm:shadow_jsm|state[0] ; sld_hub:auto_hub|sld_jtag_hub:\jtag_hub_gen:sld_jtag_hub_inst|jtag_ir_reg[7]                       ; altera_reserved_tck ; altera_reserved_tck ; 0.000        ; 0.077      ; 1.493      ;
; 1.230  ; sld_hub:auto_hub|sld_jtag_hub:\jtag_hub_gen:sld_jtag_hub_inst|sld_shadow_jsm:shadow_jsm|state[0] ; sld_hub:auto_hub|sld_jtag_hub:\jtag_hub_gen:sld_jtag_hub_inst|jtag_ir_reg[8]                       ; altera_reserved_tck ; altera_reserved_tck ; 0.000        ; 0.077      ; 1.493      ;
; 1.230  ; sld_hub:auto_hub|sld_jtag_hub:\jtag_hub_gen:sld_jtag_hub_inst|sld_shadow_jsm:shadow_jsm|state[0] ; sld_hub:auto_hub|sld_jtag_hub:\jtag_hub_gen:sld_jtag_hub_inst|jtag_ir_reg[9]                       ; altera_reserved_tck ; altera_reserved_tck ; 0.000        ; 0.077      ; 1.493      ;
; 1.401  ; sld_hub:auto_hub|sld_jtag_hub:\jtag_hub_gen:sld_jtag_hub_inst|clr_reg                            ; sld_hub:auto_hub|sld_jtag_hub:\jtag_hub_gen:sld_jtag_hub_inst|shadow_irf_reg[1][4]                 ; altera_reserved_tck ; altera_reserved_tck ; 0.000        ; 0.079      ; 1.666      ;
; 1.401  ; sld_hub:auto_hub|sld_jtag_hub:\jtag_hub_gen:sld_jtag_hub_inst|clr_reg                            ; sld_hub:auto_hub|sld_jtag_hub:\jtag_hub_gen:sld_jtag_hub_inst|irf_reg[1][4]                        ; altera_reserved_tck ; altera_reserved_tck ; 0.000        ; 0.079      ; 1.666      ;
; 1.401  ; sld_hub:auto_hub|sld_jtag_hub:\jtag_hub_gen:sld_jtag_hub_inst|clr_reg                            ; sld_hub:auto_hub|sld_jtag_hub:\jtag_hub_gen:sld_jtag_hub_inst|shadow_irf_reg[1][3]                 ; altera_reserved_tck ; altera_reserved_tck ; 0.000        ; 0.079      ; 1.666      ;
; 1.401  ; sld_hub:auto_hub|sld_jtag_hub:\jtag_hub_gen:sld_jtag_hub_inst|clr_reg                            ; sld_hub:auto_hub|sld_jtag_hub:\jtag_hub_gen:sld_jtag_hub_inst|irf_reg[1][3]                        ; altera_reserved_tck ; altera_reserved_tck ; 0.000        ; 0.079      ; 1.666      ;
; 1.401  ; sld_hub:auto_hub|sld_jtag_hub:\jtag_hub_gen:sld_jtag_hub_inst|clr_reg                            ; sld_hub:auto_hub|sld_jtag_hub:\jtag_hub_gen:sld_jtag_hub_inst|shadow_irf_reg[1][2]                 ; altera_reserved_tck ; altera_reserved_tck ; 0.000        ; 0.079      ; 1.666      ;
; 1.401  ; sld_hub:auto_hub|sld_jtag_hub:\jtag_hub_gen:sld_jtag_hub_inst|clr_reg                            ; sld_hub:auto_hub|sld_jtag_hub:\jtag_hub_gen:sld_jtag_hub_inst|irf_reg[1][2]                        ; altera_reserved_tck ; altera_reserved_tck ; 0.000        ; 0.079      ; 1.666      ;
; 1.401  ; sld_hub:auto_hub|sld_jtag_hub:\jtag_hub_gen:sld_jtag_hub_inst|clr_reg                            ; sld_hub:auto_hub|sld_jtag_hub:\jtag_hub_gen:sld_jtag_hub_inst|shadow_irf_reg[1][0]                 ; altera_reserved_tck ; altera_reserved_tck ; 0.000        ; 0.079      ; 1.666      ;
; 1.401  ; sld_hub:auto_hub|sld_jtag_hub:\jtag_hub_gen:sld_jtag_hub_inst|clr_reg                            ; sld_hub:auto_hub|sld_jtag_hub:\jtag_hub_gen:sld_jtag_hub_inst|shadow_irf_reg[1][1]                 ; altera_reserved_tck ; altera_reserved_tck ; 0.000        ; 0.079      ; 1.666      ;
; 1.401  ; sld_hub:auto_hub|sld_jtag_hub:\jtag_hub_gen:sld_jtag_hub_inst|clr_reg                            ; sld_hub:auto_hub|sld_jtag_hub:\jtag_hub_gen:sld_jtag_hub_inst|irf_reg[1][0]                        ; altera_reserved_tck ; altera_reserved_tck ; 0.000        ; 0.079      ; 1.666      ;
; 1.401  ; sld_hub:auto_hub|sld_jtag_hub:\jtag_hub_gen:sld_jtag_hub_inst|clr_reg                            ; sld_hub:auto_hub|sld_jtag_hub:\jtag_hub_gen:sld_jtag_hub_inst|irf_reg[1][1]                        ; altera_reserved_tck ; altera_reserved_tck ; 0.000        ; 0.079      ; 1.666      ;
; 1.748  ; sld_hub:auto_hub|sld_jtag_hub:\jtag_hub_gen:sld_jtag_hub_inst|virtual_ir_scan_reg                ; sld_hub:auto_hub|sld_jtag_hub:\jtag_hub_gen:sld_jtag_hub_inst|hub_mode_reg[2]                      ; altera_reserved_tck ; altera_reserved_tck ; 0.000        ; 0.087      ; 2.021      ;
; 1.944  ; sld_hub:auto_hub|sld_jtag_hub:\jtag_hub_gen:sld_jtag_hub_inst|clr_reg                            ; sld_hub:auto_hub|sld_jtag_hub:\jtag_hub_gen:sld_jtag_hub_inst|hub_mode_reg[1]                      ; altera_reserved_tck ; altera_reserved_tck ; 0.000        ; 0.075      ; 2.205      ;
; 1.944  ; sld_hub:auto_hub|sld_jtag_hub:\jtag_hub_gen:sld_jtag_hub_inst|clr_reg                            ; sld_hub:auto_hub|sld_jtag_hub:\jtag_hub_gen:sld_jtag_hub_inst|node_ena[1]~reg0                     ; altera_reserved_tck ; altera_reserved_tck ; 0.000        ; 0.075      ; 2.205      ;
; 1.944  ; sld_hub:auto_hub|sld_jtag_hub:\jtag_hub_gen:sld_jtag_hub_inst|clr_reg                            ; sld_hub:auto_hub|sld_jtag_hub:\jtag_hub_gen:sld_jtag_hub_inst|node_ena[2]~reg0                     ; altera_reserved_tck ; altera_reserved_tck ; 0.000        ; 0.075      ; 2.205      ;
; 1.974  ; sld_hub:auto_hub|sld_jtag_hub:\jtag_hub_gen:sld_jtag_hub_inst|clr_reg                            ; SoC:inst|SoC_jtag_uart:jtag_uart|alt_jtag_atlantic:SoC_jtag_uart_alt_jtag_atlantic|write_stalled   ; altera_reserved_tck ; altera_reserved_tck ; 0.000        ; 0.083      ; 2.243      ;
; 1.974  ; sld_hub:auto_hub|sld_jtag_hub:\jtag_hub_gen:sld_jtag_hub_inst|clr_reg                            ; SoC:inst|SoC_jtag_uart:jtag_uart|alt_jtag_atlantic:SoC_jtag_uart_alt_jtag_atlantic|write_valid     ; altera_reserved_tck ; altera_reserved_tck ; 0.000        ; 0.083      ; 2.243      ;
; 1.974  ; sld_hub:auto_hub|sld_jtag_hub:\jtag_hub_gen:sld_jtag_hub_inst|clr_reg                            ; SoC:inst|SoC_jtag_uart:jtag_uart|alt_jtag_atlantic:SoC_jtag_uart_alt_jtag_atlantic|read            ; altera_reserved_tck ; altera_reserved_tck ; 0.000        ; 0.083      ; 2.243      ;
; 1.974  ; sld_hub:auto_hub|sld_jtag_hub:\jtag_hub_gen:sld_jtag_hub_inst|clr_reg                            ; SoC:inst|SoC_jtag_uart:jtag_uart|alt_jtag_atlantic:SoC_jtag_uart_alt_jtag_atlantic|read_req        ; altera_reserved_tck ; altera_reserved_tck ; 0.000        ; 0.083      ; 2.243      ;
; 1.974  ; sld_hub:auto_hub|sld_jtag_hub:\jtag_hub_gen:sld_jtag_hub_inst|clr_reg                            ; SoC:inst|SoC_jtag_uart:jtag_uart|alt_jtag_atlantic:SoC_jtag_uart_alt_jtag_atlantic|wdata[0]        ; altera_reserved_tck ; altera_reserved_tck ; 0.000        ; 0.083      ; 2.243      ;
; 1.977  ; sld_hub:auto_hub|sld_jtag_hub:\jtag_hub_gen:sld_jtag_hub_inst|clr_reg                            ; SoC:inst|SoC_jtag_uart:jtag_uart|alt_jtag_atlantic:SoC_jtag_uart_alt_jtag_atlantic|td_shift[7]     ; altera_reserved_tck ; altera_reserved_tck ; 0.000        ; 0.084      ; 2.247      ;
; 1.977  ; sld_hub:auto_hub|sld_jtag_hub:\jtag_hub_gen:sld_jtag_hub_inst|clr_reg                            ; SoC:inst|SoC_jtag_uart:jtag_uart|alt_jtag_atlantic:SoC_jtag_uart_alt_jtag_atlantic|write           ; altera_reserved_tck ; altera_reserved_tck ; 0.000        ; 0.084      ; 2.247      ;
; 1.977  ; sld_hub:auto_hub|sld_jtag_hub:\jtag_hub_gen:sld_jtag_hub_inst|clr_reg                            ; SoC:inst|SoC_jtag_uart:jtag_uart|alt_jtag_atlantic:SoC_jtag_uart_alt_jtag_atlantic|wdata[7]        ; altera_reserved_tck ; altera_reserved_tck ; 0.000        ; 0.084      ; 2.247      ;
; 1.977  ; sld_hub:auto_hub|sld_jtag_hub:\jtag_hub_gen:sld_jtag_hub_inst|clr_reg                            ; SoC:inst|SoC_jtag_uart:jtag_uart|alt_jtag_atlantic:SoC_jtag_uart_alt_jtag_atlantic|wdata[6]        ; altera_reserved_tck ; altera_reserved_tck ; 0.000        ; 0.084      ; 2.247      ;
; 1.977  ; sld_hub:auto_hub|sld_jtag_hub:\jtag_hub_gen:sld_jtag_hub_inst|clr_reg                            ; SoC:inst|SoC_jtag_uart:jtag_uart|alt_jtag_atlantic:SoC_jtag_uart_alt_jtag_atlantic|wdata[5]        ; altera_reserved_tck ; altera_reserved_tck ; 0.000        ; 0.084      ; 2.247      ;
; 1.977  ; sld_hub:auto_hub|sld_jtag_hub:\jtag_hub_gen:sld_jtag_hub_inst|clr_reg                            ; SoC:inst|SoC_jtag_uart:jtag_uart|alt_jtag_atlantic:SoC_jtag_uart_alt_jtag_atlantic|wdata[4]        ; altera_reserved_tck ; altera_reserved_tck ; 0.000        ; 0.084      ; 2.247      ;
; 1.977  ; sld_hub:auto_hub|sld_jtag_hub:\jtag_hub_gen:sld_jtag_hub_inst|clr_reg                            ; SoC:inst|SoC_jtag_uart:jtag_uart|alt_jtag_atlantic:SoC_jtag_uart_alt_jtag_atlantic|wdata[3]        ; altera_reserved_tck ; altera_reserved_tck ; 0.000        ; 0.084      ; 2.247      ;
; 1.992  ; sld_hub:auto_hub|sld_jtag_hub:\jtag_hub_gen:sld_jtag_hub_inst|clr_reg                            ; SoC:inst|SoC_jtag_uart:jtag_uart|alt_jtag_atlantic:SoC_jtag_uart_alt_jtag_atlantic|td_shift[1]     ; altera_reserved_tck ; altera_reserved_tck ; 0.000        ; 0.082      ; 2.260      ;
; 1.992  ; sld_hub:auto_hub|sld_jtag_hub:\jtag_hub_gen:sld_jtag_hub_inst|clr_reg                            ; SoC:inst|SoC_jtag_uart:jtag_uart|alt_jtag_atlantic:SoC_jtag_uart_alt_jtag_atlantic|td_shift[2]     ; altera_reserved_tck ; altera_reserved_tck ; 0.000        ; 0.082      ; 2.260      ;
; 1.992  ; sld_hub:auto_hub|sld_jtag_hub:\jtag_hub_gen:sld_jtag_hub_inst|clr_reg                            ; SoC:inst|SoC_jtag_uart:jtag_uart|alt_jtag_atlantic:SoC_jtag_uart_alt_jtag_atlantic|td_shift[3]     ; altera_reserved_tck ; altera_reserved_tck ; 0.000        ; 0.082      ; 2.260      ;
; 1.992  ; sld_hub:auto_hub|sld_jtag_hub:\jtag_hub_gen:sld_jtag_hub_inst|clr_reg                            ; SoC:inst|SoC_jtag_uart:jtag_uart|alt_jtag_atlantic:SoC_jtag_uart_alt_jtag_atlantic|td_shift[4]     ; altera_reserved_tck ; altera_reserved_tck ; 0.000        ; 0.082      ; 2.260      ;
; 1.992  ; sld_hub:auto_hub|sld_jtag_hub:\jtag_hub_gen:sld_jtag_hub_inst|clr_reg                            ; SoC:inst|SoC_jtag_uart:jtag_uart|alt_jtag_atlantic:SoC_jtag_uart_alt_jtag_atlantic|td_shift[5]     ; altera_reserved_tck ; altera_reserved_tck ; 0.000        ; 0.082      ; 2.260      ;
; 1.992  ; sld_hub:auto_hub|sld_jtag_hub:\jtag_hub_gen:sld_jtag_hub_inst|clr_reg                            ; SoC:inst|SoC_jtag_uart:jtag_uart|alt_jtag_atlantic:SoC_jtag_uart_alt_jtag_atlantic|td_shift[6]     ; altera_reserved_tck ; altera_reserved_tck ; 0.000        ; 0.082      ; 2.260      ;
; 1.992  ; sld_hub:auto_hub|sld_jtag_hub:\jtag_hub_gen:sld_jtag_hub_inst|clr_reg                            ; SoC:inst|SoC_jtag_uart:jtag_uart|alt_jtag_atlantic:SoC_jtag_uart_alt_jtag_atlantic|wdata[2]        ; altera_reserved_tck ; altera_reserved_tck ; 0.000        ; 0.082      ; 2.260      ;
; 1.992  ; sld_hub:auto_hub|sld_jtag_hub:\jtag_hub_gen:sld_jtag_hub_inst|clr_reg                            ; SoC:inst|SoC_jtag_uart:jtag_uart|alt_jtag_atlantic:SoC_jtag_uart_alt_jtag_atlantic|wdata[1]        ; altera_reserved_tck ; altera_reserved_tck ; 0.000        ; 0.082      ; 2.260      ;
; 1.997  ; sld_hub:auto_hub|sld_jtag_hub:\jtag_hub_gen:sld_jtag_hub_inst|clr_reg                            ; SoC:inst|SoC_jtag_uart:jtag_uart|alt_jtag_atlantic:SoC_jtag_uart_alt_jtag_atlantic|state           ; altera_reserved_tck ; altera_reserved_tck ; 0.000        ; 0.078      ; 2.261      ;
; 1.997  ; sld_hub:auto_hub|sld_jtag_hub:\jtag_hub_gen:sld_jtag_hub_inst|clr_reg                            ; SoC:inst|SoC_jtag_uart:jtag_uart|alt_jtag_atlantic:SoC_jtag_uart_alt_jtag_atlantic|count[8]        ; altera_reserved_tck ; altera_reserved_tck ; 0.000        ; 0.078      ; 2.261      ;
; 1.997  ; sld_hub:auto_hub|sld_jtag_hub:\jtag_hub_gen:sld_jtag_hub_inst|clr_reg                            ; SoC:inst|SoC_jtag_uart:jtag_uart|alt_jtag_atlantic:SoC_jtag_uart_alt_jtag_atlantic|count[7]        ; altera_reserved_tck ; altera_reserved_tck ; 0.000        ; 0.078      ; 2.261      ;
; 1.997  ; sld_hub:auto_hub|sld_jtag_hub:\jtag_hub_gen:sld_jtag_hub_inst|clr_reg                            ; SoC:inst|SoC_jtag_uart:jtag_uart|alt_jtag_atlantic:SoC_jtag_uart_alt_jtag_atlantic|count[6]        ; altera_reserved_tck ; altera_reserved_tck ; 0.000        ; 0.078      ; 2.261      ;
; 1.997  ; sld_hub:auto_hub|sld_jtag_hub:\jtag_hub_gen:sld_jtag_hub_inst|clr_reg                            ; SoC:inst|SoC_jtag_uart:jtag_uart|alt_jtag_atlantic:SoC_jtag_uart_alt_jtag_atlantic|count[5]        ; altera_reserved_tck ; altera_reserved_tck ; 0.000        ; 0.078      ; 2.261      ;
; 1.997  ; sld_hub:auto_hub|sld_jtag_hub:\jtag_hub_gen:sld_jtag_hub_inst|clr_reg                            ; SoC:inst|SoC_jtag_uart:jtag_uart|alt_jtag_atlantic:SoC_jtag_uart_alt_jtag_atlantic|count[4]        ; altera_reserved_tck ; altera_reserved_tck ; 0.000        ; 0.078      ; 2.261      ;
; 1.997  ; sld_hub:auto_hub|sld_jtag_hub:\jtag_hub_gen:sld_jtag_hub_inst|clr_reg                            ; SoC:inst|SoC_jtag_uart:jtag_uart|alt_jtag_atlantic:SoC_jtag_uart_alt_jtag_atlantic|count[3]        ; altera_reserved_tck ; altera_reserved_tck ; 0.000        ; 0.078      ; 2.261      ;
; 1.997  ; sld_hub:auto_hub|sld_jtag_hub:\jtag_hub_gen:sld_jtag_hub_inst|clr_reg                            ; SoC:inst|SoC_jtag_uart:jtag_uart|alt_jtag_atlantic:SoC_jtag_uart_alt_jtag_atlantic|count[2]        ; altera_reserved_tck ; altera_reserved_tck ; 0.000        ; 0.078      ; 2.261      ;
; 1.997  ; sld_hub:auto_hub|sld_jtag_hub:\jtag_hub_gen:sld_jtag_hub_inst|clr_reg                            ; SoC:inst|SoC_jtag_uart:jtag_uart|alt_jtag_atlantic:SoC_jtag_uart_alt_jtag_atlantic|count[1]        ; altera_reserved_tck ; altera_reserved_tck ; 0.000        ; 0.078      ; 2.261      ;
; 1.997  ; sld_hub:auto_hub|sld_jtag_hub:\jtag_hub_gen:sld_jtag_hub_inst|clr_reg                            ; SoC:inst|SoC_jtag_uart:jtag_uart|alt_jtag_atlantic:SoC_jtag_uart_alt_jtag_atlantic|count[0]        ; altera_reserved_tck ; altera_reserved_tck ; 0.000        ; 0.078      ; 2.261      ;
; 1.997  ; sld_hub:auto_hub|sld_jtag_hub:\jtag_hub_gen:sld_jtag_hub_inst|clr_reg                            ; SoC:inst|SoC_jtag_uart:jtag_uart|alt_jtag_atlantic:SoC_jtag_uart_alt_jtag_atlantic|count[9]        ; altera_reserved_tck ; altera_reserved_tck ; 0.000        ; 0.078      ; 2.261      ;
; 1.997  ; sld_hub:auto_hub|sld_jtag_hub:\jtag_hub_gen:sld_jtag_hub_inst|clr_reg                            ; SoC:inst|SoC_jtag_uart:jtag_uart|alt_jtag_atlantic:SoC_jtag_uart_alt_jtag_atlantic|td_shift[10]    ; altera_reserved_tck ; altera_reserved_tck ; 0.000        ; 0.078      ; 2.261      ;
; 1.997  ; sld_hub:auto_hub|sld_jtag_hub:\jtag_hub_gen:sld_jtag_hub_inst|clr_reg                            ; SoC:inst|SoC_jtag_uart:jtag_uart|alt_jtag_atlantic:SoC_jtag_uart_alt_jtag_atlantic|td_shift[9]     ; altera_reserved_tck ; altera_reserved_tck ; 0.000        ; 0.078      ; 2.261      ;
; 1.997  ; sld_hub:auto_hub|sld_jtag_hub:\jtag_hub_gen:sld_jtag_hub_inst|clr_reg                            ; SoC:inst|SoC_jtag_uart:jtag_uart|alt_jtag_atlantic:SoC_jtag_uart_alt_jtag_atlantic|td_shift[0]     ; altera_reserved_tck ; altera_reserved_tck ; 0.000        ; 0.078      ; 2.261      ;
; 1.997  ; sld_hub:auto_hub|sld_jtag_hub:\jtag_hub_gen:sld_jtag_hub_inst|clr_reg                            ; SoC:inst|SoC_jtag_uart:jtag_uart|alt_jtag_atlantic:SoC_jtag_uart_alt_jtag_atlantic|td_shift[8]     ; altera_reserved_tck ; altera_reserved_tck ; 0.000        ; 0.078      ; 2.261      ;
; 1.997  ; sld_hub:auto_hub|sld_jtag_hub:\jtag_hub_gen:sld_jtag_hub_inst|clr_reg                            ; SoC:inst|SoC_jtag_uart:jtag_uart|alt_jtag_atlantic:SoC_jtag_uart_alt_jtag_atlantic|user_saw_rvalid ; altera_reserved_tck ; altera_reserved_tck ; 0.000        ; 0.078      ; 2.261      ;
; 2.029  ; sld_hub:auto_hub|sld_jtag_hub:\jtag_hub_gen:sld_jtag_hub_inst|clr_reg                            ; SoC:inst|SoC_jtag_uart:jtag_uart|alt_jtag_atlantic:SoC_jtag_uart_alt_jtag_atlantic|tck_t_dav       ; altera_reserved_tck ; altera_reserved_tck ; 0.000        ; 0.079      ; 2.294      ;
; 2.038  ; sld_hub:auto_hub|sld_jtag_hub:\jtag_hub_gen:sld_jtag_hub_inst|clr_reg                            ; sld_hub:auto_hub|sld_jtag_hub:\jtag_hub_gen:sld_jtag_hub_inst|irsr_reg[1]                          ; altera_reserved_tck ; altera_reserved_tck ; 0.000        ; 0.084      ; 2.308      ;
; 2.038  ; sld_hub:auto_hub|sld_jtag_hub:\jtag_hub_gen:sld_jtag_hub_inst|clr_reg                            ; sld_hub:auto_hub|sld_jtag_hub:\jtag_hub_gen:sld_jtag_hub_inst|irsr_reg[2]                          ; altera_reserved_tck ; altera_reserved_tck ; 0.000        ; 0.084      ; 2.308      ;
; 2.038  ; sld_hub:auto_hub|sld_jtag_hub:\jtag_hub_gen:sld_jtag_hub_inst|clr_reg                            ; sld_hub:auto_hub|sld_jtag_hub:\jtag_hub_gen:sld_jtag_hub_inst|irsr_reg[3]                          ; altera_reserved_tck ; altera_reserved_tck ; 0.000        ; 0.084      ; 2.308      ;
; 2.038  ; sld_hub:auto_hub|sld_jtag_hub:\jtag_hub_gen:sld_jtag_hub_inst|clr_reg                            ; sld_hub:auto_hub|sld_jtag_hub:\jtag_hub_gen:sld_jtag_hub_inst|irsr_reg[4]                          ; altera_reserved_tck ; altera_reserved_tck ; 0.000        ; 0.084      ; 2.308      ;
; 2.038  ; sld_hub:auto_hub|sld_jtag_hub:\jtag_hub_gen:sld_jtag_hub_inst|clr_reg                            ; sld_hub:auto_hub|sld_jtag_hub:\jtag_hub_gen:sld_jtag_hub_inst|irsr_reg[0]                          ; altera_reserved_tck ; altera_reserved_tck ; 0.000        ; 0.084      ; 2.308      ;
; 2.038  ; sld_hub:auto_hub|sld_jtag_hub:\jtag_hub_gen:sld_jtag_hub_inst|clr_reg                            ; sld_hub:auto_hub|sld_jtag_hub:\jtag_hub_gen:sld_jtag_hub_inst|irsr_reg[6]                          ; altera_reserved_tck ; altera_reserved_tck ; 0.000        ; 0.084      ; 2.308      ;
; 2.038  ; sld_hub:auto_hub|sld_jtag_hub:\jtag_hub_gen:sld_jtag_hub_inst|clr_reg                            ; sld_hub:auto_hub|sld_jtag_hub:\jtag_hub_gen:sld_jtag_hub_inst|irsr_reg[5]                          ; altera_reserved_tck ; altera_reserved_tck ; 0.000        ; 0.084      ; 2.308      ;
; 2.038  ; sld_hub:auto_hub|sld_jtag_hub:\jtag_hub_gen:sld_jtag_hub_inst|clr_reg                            ; sld_hub:auto_hub|sld_jtag_hub:\jtag_hub_gen:sld_jtag_hub_inst|hub_mode_reg[0]                      ; altera_reserved_tck ; altera_reserved_tck ; 0.000        ; 0.084      ; 2.308      ;
; 2.043  ; sld_hub:auto_hub|sld_jtag_hub:\jtag_hub_gen:sld_jtag_hub_inst|clr_reg                            ; sld_hub:auto_hub|sld_jtag_hub:\jtag_hub_gen:sld_jtag_hub_inst|shadow_irf_reg[2][4]                 ; altera_reserved_tck ; altera_reserved_tck ; 0.000        ; 0.080      ; 2.309      ;
; 2.043  ; sld_hub:auto_hub|sld_jtag_hub:\jtag_hub_gen:sld_jtag_hub_inst|clr_reg                            ; sld_hub:auto_hub|sld_jtag_hub:\jtag_hub_gen:sld_jtag_hub_inst|irf_reg[2][4]                        ; altera_reserved_tck ; altera_reserved_tck ; 0.000        ; 0.080      ; 2.309      ;
; 2.043  ; sld_hub:auto_hub|sld_jtag_hub:\jtag_hub_gen:sld_jtag_hub_inst|clr_reg                            ; sld_hub:auto_hub|sld_jtag_hub:\jtag_hub_gen:sld_jtag_hub_inst|shadow_irf_reg[2][3]                 ; altera_reserved_tck ; altera_reserved_tck ; 0.000        ; 0.080      ; 2.309      ;
; 2.043  ; sld_hub:auto_hub|sld_jtag_hub:\jtag_hub_gen:sld_jtag_hub_inst|clr_reg                            ; sld_hub:auto_hub|sld_jtag_hub:\jtag_hub_gen:sld_jtag_hub_inst|irf_reg[2][3]                        ; altera_reserved_tck ; altera_reserved_tck ; 0.000        ; 0.080      ; 2.309      ;
; 2.043  ; sld_hub:auto_hub|sld_jtag_hub:\jtag_hub_gen:sld_jtag_hub_inst|clr_reg                            ; sld_hub:auto_hub|sld_jtag_hub:\jtag_hub_gen:sld_jtag_hub_inst|shadow_irf_reg[2][2]                 ; altera_reserved_tck ; altera_reserved_tck ; 0.000        ; 0.080      ; 2.309      ;
; 2.043  ; sld_hub:auto_hub|sld_jtag_hub:\jtag_hub_gen:sld_jtag_hub_inst|clr_reg                            ; sld_hub:auto_hub|sld_jtag_hub:\jtag_hub_gen:sld_jtag_hub_inst|irf_reg[2][2]                        ; altera_reserved_tck ; altera_reserved_tck ; 0.000        ; 0.080      ; 2.309      ;
; 2.043  ; sld_hub:auto_hub|sld_jtag_hub:\jtag_hub_gen:sld_jtag_hub_inst|clr_reg                            ; sld_hub:auto_hub|sld_jtag_hub:\jtag_hub_gen:sld_jtag_hub_inst|shadow_irf_reg[2][1]                 ; altera_reserved_tck ; altera_reserved_tck ; 0.000        ; 0.080      ; 2.309      ;
; 2.043  ; sld_hub:auto_hub|sld_jtag_hub:\jtag_hub_gen:sld_jtag_hub_inst|clr_reg                            ; sld_hub:auto_hub|sld_jtag_hub:\jtag_hub_gen:sld_jtag_hub_inst|irf_reg[2][1]                        ; altera_reserved_tck ; altera_reserved_tck ; 0.000        ; 0.080      ; 2.309      ;
; 2.043  ; sld_hub:auto_hub|sld_jtag_hub:\jtag_hub_gen:sld_jtag_hub_inst|clr_reg                            ; sld_hub:auto_hub|sld_jtag_hub:\jtag_hub_gen:sld_jtag_hub_inst|shadow_irf_reg[2][0]                 ; altera_reserved_tck ; altera_reserved_tck ; 0.000        ; 0.080      ; 2.309      ;
; 2.043  ; sld_hub:auto_hub|sld_jtag_hub:\jtag_hub_gen:sld_jtag_hub_inst|clr_reg                            ; sld_hub:auto_hub|sld_jtag_hub:\jtag_hub_gen:sld_jtag_hub_inst|irf_reg[2][0]                        ; altera_reserved_tck ; altera_reserved_tck ; 0.000        ; 0.080      ; 2.309      ;
; 51.328 ; sld_hub:auto_hub|sld_jtag_hub:\jtag_hub_gen:sld_jtag_hub_inst|sld_shadow_jsm:shadow_jsm|state[8] ; sld_hub:auto_hub|sld_jtag_hub:\jtag_hub_gen:sld_jtag_hub_inst|tdo                                  ; altera_reserved_tck ; altera_reserved_tck ; -50.000      ; 0.256      ; 1.770      ;
; 51.825 ; sld_hub:auto_hub|sld_jtag_hub:\jtag_hub_gen:sld_jtag_hub_inst|clr_reg                            ; SoC:inst|SoC_jtag_uart:jtag_uart|alt_jtag_atlantic:SoC_jtag_uart_alt_jtag_atlantic|jupdate         ; altera_reserved_tck ; altera_reserved_tck ; -50.000      ; 0.245      ; 2.256      ;
; 51.825 ; sld_hub:auto_hub|sld_jtag_hub:\jtag_hub_gen:sld_jtag_hub_inst|clr_reg                            ; SoC:inst|SoC_jtag_uart:jtag_uart|alt_jtag_atlantic:SoC_jtag_uart_alt_jtag_atlantic|tdo~reg0        ; altera_reserved_tck ; altera_reserved_tck ; -50.000      ; 0.245      ; 2.256      ;
+--------+--------------------------------------------------------------------------------------------------+----------------------------------------------------------------------------------------------------+---------------------+---------------------+--------------+------------+------------+


+------------------------------------------------------------------------------------------------------------------------------------------------------------------------------------------------------------------------------------------------------------------------------------------------------------------------------------------------------------------+
; Slow 1200mV 85C Model Minimum Pulse Width: 'altera_reserved_tck'                                                                                                                                                                                                                                                                                                 ;
+--------+--------------+----------------+------------------+---------------------+------------+-------------------------------------------------------------------------------------------------------------------------------------------------------------------------------------------------------------------------------------------------------------------+
; Slack  ; Actual Width ; Required Width ; Type             ; Clock               ; Clock Edge ; Target                                                                                                                                                                                                                                                            ;
+--------+--------------+----------------+------------------+---------------------+------------+-------------------------------------------------------------------------------------------------------------------------------------------------------------------------------------------------------------------------------------------------------------------+
; 49.624 ; 49.844       ; 0.220          ; High Pulse Width ; altera_reserved_tck ; Fall       ; SoC:inst|SoC_jtag_uart:jtag_uart|alt_jtag_atlantic:SoC_jtag_uart_alt_jtag_atlantic|jupdate                                                                                                                                                                        ;
; 49.624 ; 49.844       ; 0.220          ; High Pulse Width ; altera_reserved_tck ; Fall       ; SoC:inst|SoC_jtag_uart:jtag_uart|alt_jtag_atlantic:SoC_jtag_uart_alt_jtag_atlantic|tdo~reg0                                                                                                                                                                       ;
; 49.624 ; 49.844       ; 0.220          ; High Pulse Width ; altera_reserved_tck ; Fall       ; sld_hub:auto_hub|sld_jtag_hub:\jtag_hub_gen:sld_jtag_hub_inst|tdo                                                                                                                                                                                                 ;
; 49.676 ; 49.864       ; 0.188          ; Low Pulse Width  ; altera_reserved_tck ; Rise       ; SoC:inst|SoC_cpu:cpu|SoC_cpu_nios2_oci:the_SoC_cpu_nios2_oci|SoC_cpu_jtag_debug_module_wrapper:the_SoC_cpu_jtag_debug_module_wrapper|SoC_cpu_jtag_debug_module_tck:the_SoC_cpu_jtag_debug_module_tck|DRsize.000                                                   ;
; 49.676 ; 49.864       ; 0.188          ; Low Pulse Width  ; altera_reserved_tck ; Rise       ; SoC:inst|SoC_cpu:cpu|SoC_cpu_nios2_oci:the_SoC_cpu_nios2_oci|SoC_cpu_jtag_debug_module_wrapper:the_SoC_cpu_jtag_debug_module_wrapper|SoC_cpu_jtag_debug_module_tck:the_SoC_cpu_jtag_debug_module_tck|DRsize.010                                                   ;
; 49.676 ; 49.864       ; 0.188          ; Low Pulse Width  ; altera_reserved_tck ; Rise       ; SoC:inst|SoC_cpu:cpu|SoC_cpu_nios2_oci:the_SoC_cpu_nios2_oci|SoC_cpu_jtag_debug_module_wrapper:the_SoC_cpu_jtag_debug_module_wrapper|SoC_cpu_jtag_debug_module_tck:the_SoC_cpu_jtag_debug_module_tck|DRsize.100                                                   ;
; 49.676 ; 49.864       ; 0.188          ; Low Pulse Width  ; altera_reserved_tck ; Rise       ; SoC:inst|SoC_cpu:cpu|SoC_cpu_nios2_oci:the_SoC_cpu_nios2_oci|SoC_cpu_jtag_debug_module_wrapper:the_SoC_cpu_jtag_debug_module_wrapper|SoC_cpu_jtag_debug_module_tck:the_SoC_cpu_jtag_debug_module_tck|altera_std_synchronizer:the_altera_std_synchronizer1|din_s1  ;
; 49.676 ; 49.864       ; 0.188          ; Low Pulse Width  ; altera_reserved_tck ; Rise       ; SoC:inst|SoC_cpu:cpu|SoC_cpu_nios2_oci:the_SoC_cpu_nios2_oci|SoC_cpu_jtag_debug_module_wrapper:the_SoC_cpu_jtag_debug_module_wrapper|SoC_cpu_jtag_debug_module_tck:the_SoC_cpu_jtag_debug_module_tck|altera_std_synchronizer:the_altera_std_synchronizer1|dreg[0] ;
; 49.676 ; 49.864       ; 0.188          ; Low Pulse Width  ; altera_reserved_tck ; Rise       ; SoC:inst|SoC_cpu:cpu|SoC_cpu_nios2_oci:the_SoC_cpu_nios2_oci|SoC_cpu_jtag_debug_module_wrapper:the_SoC_cpu_jtag_debug_module_wrapper|SoC_cpu_jtag_debug_module_tck:the_SoC_cpu_jtag_debug_module_tck|altera_std_synchronizer:the_altera_std_synchronizer2|din_s1  ;
; 49.676 ; 49.864       ; 0.188          ; Low Pulse Width  ; altera_reserved_tck ; Rise       ; SoC:inst|SoC_cpu:cpu|SoC_cpu_nios2_oci:the_SoC_cpu_nios2_oci|SoC_cpu_jtag_debug_module_wrapper:the_SoC_cpu_jtag_debug_module_wrapper|SoC_cpu_jtag_debug_module_tck:the_SoC_cpu_jtag_debug_module_tck|altera_std_synchronizer:the_altera_std_synchronizer2|dreg[0] ;
; 49.676 ; 49.864       ; 0.188          ; Low Pulse Width  ; altera_reserved_tck ; Rise       ; SoC:inst|SoC_cpu:cpu|SoC_cpu_nios2_oci:the_SoC_cpu_nios2_oci|SoC_cpu_jtag_debug_module_wrapper:the_SoC_cpu_jtag_debug_module_wrapper|SoC_cpu_jtag_debug_module_tck:the_SoC_cpu_jtag_debug_module_tck|ir_out[0]                                                    ;
; 49.676 ; 49.864       ; 0.188          ; Low Pulse Width  ; altera_reserved_tck ; Rise       ; SoC:inst|SoC_cpu:cpu|SoC_cpu_nios2_oci:the_SoC_cpu_nios2_oci|SoC_cpu_jtag_debug_module_wrapper:the_SoC_cpu_jtag_debug_module_wrapper|SoC_cpu_jtag_debug_module_tck:the_SoC_cpu_jtag_debug_module_tck|ir_out[1]                                                    ;
; 49.676 ; 49.864       ; 0.188          ; Low Pulse Width  ; altera_reserved_tck ; Rise       ; SoC:inst|SoC_cpu:cpu|SoC_cpu_nios2_oci:the_SoC_cpu_nios2_oci|SoC_cpu_jtag_debug_module_wrapper:the_SoC_cpu_jtag_debug_module_wrapper|SoC_cpu_jtag_debug_module_tck:the_SoC_cpu_jtag_debug_module_tck|sr[0]                                                        ;
; 49.676 ; 49.864       ; 0.188          ; Low Pulse Width  ; altera_reserved_tck ; Rise       ; SoC:inst|SoC_cpu:cpu|SoC_cpu_nios2_oci:the_SoC_cpu_nios2_oci|SoC_cpu_jtag_debug_module_wrapper:the_SoC_cpu_jtag_debug_module_wrapper|SoC_cpu_jtag_debug_module_tck:the_SoC_cpu_jtag_debug_module_tck|sr[10]                                                       ;
; 49.676 ; 49.864       ; 0.188          ; Low Pulse Width  ; altera_reserved_tck ; Rise       ; SoC:inst|SoC_cpu:cpu|SoC_cpu_nios2_oci:the_SoC_cpu_nios2_oci|SoC_cpu_jtag_debug_module_wrapper:the_SoC_cpu_jtag_debug_module_wrapper|SoC_cpu_jtag_debug_module_tck:the_SoC_cpu_jtag_debug_module_tck|sr[11]                                                       ;
; 49.676 ; 49.864       ; 0.188          ; Low Pulse Width  ; altera_reserved_tck ; Rise       ; SoC:inst|SoC_cpu:cpu|SoC_cpu_nios2_oci:the_SoC_cpu_nios2_oci|SoC_cpu_jtag_debug_module_wrapper:the_SoC_cpu_jtag_debug_module_wrapper|SoC_cpu_jtag_debug_module_tck:the_SoC_cpu_jtag_debug_module_tck|sr[12]                                                       ;
; 49.676 ; 49.864       ; 0.188          ; Low Pulse Width  ; altera_reserved_tck ; Rise       ; SoC:inst|SoC_cpu:cpu|SoC_cpu_nios2_oci:the_SoC_cpu_nios2_oci|SoC_cpu_jtag_debug_module_wrapper:the_SoC_cpu_jtag_debug_module_wrapper|SoC_cpu_jtag_debug_module_tck:the_SoC_cpu_jtag_debug_module_tck|sr[13]                                                       ;
; 49.676 ; 49.864       ; 0.188          ; Low Pulse Width  ; altera_reserved_tck ; Rise       ; SoC:inst|SoC_cpu:cpu|SoC_cpu_nios2_oci:the_SoC_cpu_nios2_oci|SoC_cpu_jtag_debug_module_wrapper:the_SoC_cpu_jtag_debug_module_wrapper|SoC_cpu_jtag_debug_module_tck:the_SoC_cpu_jtag_debug_module_tck|sr[14]                                                       ;
; 49.676 ; 49.864       ; 0.188          ; Low Pulse Width  ; altera_reserved_tck ; Rise       ; SoC:inst|SoC_cpu:cpu|SoC_cpu_nios2_oci:the_SoC_cpu_nios2_oci|SoC_cpu_jtag_debug_module_wrapper:the_SoC_cpu_jtag_debug_module_wrapper|SoC_cpu_jtag_debug_module_tck:the_SoC_cpu_jtag_debug_module_tck|sr[15]                                                       ;
; 49.676 ; 49.864       ; 0.188          ; Low Pulse Width  ; altera_reserved_tck ; Rise       ; SoC:inst|SoC_cpu:cpu|SoC_cpu_nios2_oci:the_SoC_cpu_nios2_oci|SoC_cpu_jtag_debug_module_wrapper:the_SoC_cpu_jtag_debug_module_wrapper|SoC_cpu_jtag_debug_module_tck:the_SoC_cpu_jtag_debug_module_tck|sr[16]                                                       ;
; 49.676 ; 49.864       ; 0.188          ; Low Pulse Width  ; altera_reserved_tck ; Rise       ; SoC:inst|SoC_cpu:cpu|SoC_cpu_nios2_oci:the_SoC_cpu_nios2_oci|SoC_cpu_jtag_debug_module_wrapper:the_SoC_cpu_jtag_debug_module_wrapper|SoC_cpu_jtag_debug_module_tck:the_SoC_cpu_jtag_debug_module_tck|sr[17]                                                       ;
; 49.676 ; 49.864       ; 0.188          ; Low Pulse Width  ; altera_reserved_tck ; Rise       ; SoC:inst|SoC_cpu:cpu|SoC_cpu_nios2_oci:the_SoC_cpu_nios2_oci|SoC_cpu_jtag_debug_module_wrapper:the_SoC_cpu_jtag_debug_module_wrapper|SoC_cpu_jtag_debug_module_tck:the_SoC_cpu_jtag_debug_module_tck|sr[18]                                                       ;
; 49.676 ; 49.864       ; 0.188          ; Low Pulse Width  ; altera_reserved_tck ; Rise       ; SoC:inst|SoC_cpu:cpu|SoC_cpu_nios2_oci:the_SoC_cpu_nios2_oci|SoC_cpu_jtag_debug_module_wrapper:the_SoC_cpu_jtag_debug_module_wrapper|SoC_cpu_jtag_debug_module_tck:the_SoC_cpu_jtag_debug_module_tck|sr[19]                                                       ;
; 49.676 ; 49.864       ; 0.188          ; Low Pulse Width  ; altera_reserved_tck ; Rise       ; SoC:inst|SoC_cpu:cpu|SoC_cpu_nios2_oci:the_SoC_cpu_nios2_oci|SoC_cpu_jtag_debug_module_wrapper:the_SoC_cpu_jtag_debug_module_wrapper|SoC_cpu_jtag_debug_module_tck:the_SoC_cpu_jtag_debug_module_tck|sr[20]                                                       ;
; 49.676 ; 49.864       ; 0.188          ; Low Pulse Width  ; altera_reserved_tck ; Rise       ; SoC:inst|SoC_cpu:cpu|SoC_cpu_nios2_oci:the_SoC_cpu_nios2_oci|SoC_cpu_jtag_debug_module_wrapper:the_SoC_cpu_jtag_debug_module_wrapper|SoC_cpu_jtag_debug_module_tck:the_SoC_cpu_jtag_debug_module_tck|sr[21]                                                       ;
; 49.676 ; 49.864       ; 0.188          ; Low Pulse Width  ; altera_reserved_tck ; Rise       ; SoC:inst|SoC_cpu:cpu|SoC_cpu_nios2_oci:the_SoC_cpu_nios2_oci|SoC_cpu_jtag_debug_module_wrapper:the_SoC_cpu_jtag_debug_module_wrapper|SoC_cpu_jtag_debug_module_tck:the_SoC_cpu_jtag_debug_module_tck|sr[22]                                                       ;
; 49.676 ; 49.864       ; 0.188          ; Low Pulse Width  ; altera_reserved_tck ; Rise       ; SoC:inst|SoC_cpu:cpu|SoC_cpu_nios2_oci:the_SoC_cpu_nios2_oci|SoC_cpu_jtag_debug_module_wrapper:the_SoC_cpu_jtag_debug_module_wrapper|SoC_cpu_jtag_debug_module_tck:the_SoC_cpu_jtag_debug_module_tck|sr[23]                                                       ;
; 49.676 ; 49.864       ; 0.188          ; Low Pulse Width  ; altera_reserved_tck ; Rise       ; SoC:inst|SoC_cpu:cpu|SoC_cpu_nios2_oci:the_SoC_cpu_nios2_oci|SoC_cpu_jtag_debug_module_wrapper:the_SoC_cpu_jtag_debug_module_wrapper|SoC_cpu_jtag_debug_module_tck:the_SoC_cpu_jtag_debug_module_tck|sr[24]                                                       ;
; 49.676 ; 49.864       ; 0.188          ; Low Pulse Width  ; altera_reserved_tck ; Rise       ; SoC:inst|SoC_cpu:cpu|SoC_cpu_nios2_oci:the_SoC_cpu_nios2_oci|SoC_cpu_jtag_debug_module_wrapper:the_SoC_cpu_jtag_debug_module_wrapper|SoC_cpu_jtag_debug_module_tck:the_SoC_cpu_jtag_debug_module_tck|sr[25]                                                       ;
; 49.676 ; 49.864       ; 0.188          ; Low Pulse Width  ; altera_reserved_tck ; Rise       ; SoC:inst|SoC_cpu:cpu|SoC_cpu_nios2_oci:the_SoC_cpu_nios2_oci|SoC_cpu_jtag_debug_module_wrapper:the_SoC_cpu_jtag_debug_module_wrapper|SoC_cpu_jtag_debug_module_tck:the_SoC_cpu_jtag_debug_module_tck|sr[26]                                                       ;
; 49.676 ; 49.864       ; 0.188          ; Low Pulse Width  ; altera_reserved_tck ; Rise       ; SoC:inst|SoC_cpu:cpu|SoC_cpu_nios2_oci:the_SoC_cpu_nios2_oci|SoC_cpu_jtag_debug_module_wrapper:the_SoC_cpu_jtag_debug_module_wrapper|SoC_cpu_jtag_debug_module_tck:the_SoC_cpu_jtag_debug_module_tck|sr[35]                                                       ;
; 49.676 ; 49.864       ; 0.188          ; Low Pulse Width  ; altera_reserved_tck ; Rise       ; SoC:inst|SoC_cpu:cpu|SoC_cpu_nios2_oci:the_SoC_cpu_nios2_oci|SoC_cpu_jtag_debug_module_wrapper:the_SoC_cpu_jtag_debug_module_wrapper|SoC_cpu_jtag_debug_module_tck:the_SoC_cpu_jtag_debug_module_tck|sr[8]                                                        ;
; 49.676 ; 49.864       ; 0.188          ; Low Pulse Width  ; altera_reserved_tck ; Rise       ; SoC:inst|SoC_cpu:cpu|SoC_cpu_nios2_oci:the_SoC_cpu_nios2_oci|SoC_cpu_jtag_debug_module_wrapper:the_SoC_cpu_jtag_debug_module_wrapper|SoC_cpu_jtag_debug_module_tck:the_SoC_cpu_jtag_debug_module_tck|sr[9]                                                        ;
; 49.677 ; 49.865       ; 0.188          ; Low Pulse Width  ; altera_reserved_tck ; Rise       ; SoC:inst|SoC_cpu:cpu|SoC_cpu_nios2_oci:the_SoC_cpu_nios2_oci|SoC_cpu_jtag_debug_module_wrapper:the_SoC_cpu_jtag_debug_module_wrapper|SoC_cpu_jtag_debug_module_tck:the_SoC_cpu_jtag_debug_module_tck|sr[1]                                                        ;
; 49.677 ; 49.865       ; 0.188          ; Low Pulse Width  ; altera_reserved_tck ; Rise       ; SoC:inst|SoC_cpu:cpu|SoC_cpu_nios2_oci:the_SoC_cpu_nios2_oci|SoC_cpu_jtag_debug_module_wrapper:the_SoC_cpu_jtag_debug_module_wrapper|SoC_cpu_jtag_debug_module_tck:the_SoC_cpu_jtag_debug_module_tck|sr[27]                                                       ;
; 49.677 ; 49.865       ; 0.188          ; Low Pulse Width  ; altera_reserved_tck ; Rise       ; SoC:inst|SoC_cpu:cpu|SoC_cpu_nios2_oci:the_SoC_cpu_nios2_oci|SoC_cpu_jtag_debug_module_wrapper:the_SoC_cpu_jtag_debug_module_wrapper|SoC_cpu_jtag_debug_module_tck:the_SoC_cpu_jtag_debug_module_tck|sr[28]                                                       ;
; 49.677 ; 49.865       ; 0.188          ; Low Pulse Width  ; altera_reserved_tck ; Rise       ; SoC:inst|SoC_cpu:cpu|SoC_cpu_nios2_oci:the_SoC_cpu_nios2_oci|SoC_cpu_jtag_debug_module_wrapper:the_SoC_cpu_jtag_debug_module_wrapper|SoC_cpu_jtag_debug_module_tck:the_SoC_cpu_jtag_debug_module_tck|sr[29]                                                       ;
; 49.677 ; 49.865       ; 0.188          ; Low Pulse Width  ; altera_reserved_tck ; Rise       ; SoC:inst|SoC_cpu:cpu|SoC_cpu_nios2_oci:the_SoC_cpu_nios2_oci|SoC_cpu_jtag_debug_module_wrapper:the_SoC_cpu_jtag_debug_module_wrapper|SoC_cpu_jtag_debug_module_tck:the_SoC_cpu_jtag_debug_module_tck|sr[2]                                                        ;
; 49.677 ; 49.865       ; 0.188          ; Low Pulse Width  ; altera_reserved_tck ; Rise       ; SoC:inst|SoC_cpu:cpu|SoC_cpu_nios2_oci:the_SoC_cpu_nios2_oci|SoC_cpu_jtag_debug_module_wrapper:the_SoC_cpu_jtag_debug_module_wrapper|SoC_cpu_jtag_debug_module_tck:the_SoC_cpu_jtag_debug_module_tck|sr[30]                                                       ;
; 49.677 ; 49.865       ; 0.188          ; Low Pulse Width  ; altera_reserved_tck ; Rise       ; SoC:inst|SoC_cpu:cpu|SoC_cpu_nios2_oci:the_SoC_cpu_nios2_oci|SoC_cpu_jtag_debug_module_wrapper:the_SoC_cpu_jtag_debug_module_wrapper|SoC_cpu_jtag_debug_module_tck:the_SoC_cpu_jtag_debug_module_tck|sr[31]                                                       ;
; 49.677 ; 49.865       ; 0.188          ; Low Pulse Width  ; altera_reserved_tck ; Rise       ; SoC:inst|SoC_cpu:cpu|SoC_cpu_nios2_oci:the_SoC_cpu_nios2_oci|SoC_cpu_jtag_debug_module_wrapper:the_SoC_cpu_jtag_debug_module_wrapper|SoC_cpu_jtag_debug_module_tck:the_SoC_cpu_jtag_debug_module_tck|sr[32]                                                       ;
; 49.677 ; 49.865       ; 0.188          ; Low Pulse Width  ; altera_reserved_tck ; Rise       ; SoC:inst|SoC_cpu:cpu|SoC_cpu_nios2_oci:the_SoC_cpu_nios2_oci|SoC_cpu_jtag_debug_module_wrapper:the_SoC_cpu_jtag_debug_module_wrapper|SoC_cpu_jtag_debug_module_tck:the_SoC_cpu_jtag_debug_module_tck|sr[33]                                                       ;
; 49.677 ; 49.865       ; 0.188          ; Low Pulse Width  ; altera_reserved_tck ; Rise       ; SoC:inst|SoC_cpu:cpu|SoC_cpu_nios2_oci:the_SoC_cpu_nios2_oci|SoC_cpu_jtag_debug_module_wrapper:the_SoC_cpu_jtag_debug_module_wrapper|SoC_cpu_jtag_debug_module_tck:the_SoC_cpu_jtag_debug_module_tck|sr[34]                                                       ;
; 49.677 ; 49.865       ; 0.188          ; Low Pulse Width  ; altera_reserved_tck ; Rise       ; SoC:inst|SoC_cpu:cpu|SoC_cpu_nios2_oci:the_SoC_cpu_nios2_oci|SoC_cpu_jtag_debug_module_wrapper:the_SoC_cpu_jtag_debug_module_wrapper|SoC_cpu_jtag_debug_module_tck:the_SoC_cpu_jtag_debug_module_tck|sr[36]                                                       ;
; 49.677 ; 49.865       ; 0.188          ; Low Pulse Width  ; altera_reserved_tck ; Rise       ; SoC:inst|SoC_cpu:cpu|SoC_cpu_nios2_oci:the_SoC_cpu_nios2_oci|SoC_cpu_jtag_debug_module_wrapper:the_SoC_cpu_jtag_debug_module_wrapper|SoC_cpu_jtag_debug_module_tck:the_SoC_cpu_jtag_debug_module_tck|sr[37]                                                       ;
; 49.677 ; 49.865       ; 0.188          ; Low Pulse Width  ; altera_reserved_tck ; Rise       ; SoC:inst|SoC_cpu:cpu|SoC_cpu_nios2_oci:the_SoC_cpu_nios2_oci|SoC_cpu_jtag_debug_module_wrapper:the_SoC_cpu_jtag_debug_module_wrapper|SoC_cpu_jtag_debug_module_tck:the_SoC_cpu_jtag_debug_module_tck|sr[3]                                                        ;
; 49.677 ; 49.865       ; 0.188          ; Low Pulse Width  ; altera_reserved_tck ; Rise       ; SoC:inst|SoC_cpu:cpu|SoC_cpu_nios2_oci:the_SoC_cpu_nios2_oci|SoC_cpu_jtag_debug_module_wrapper:the_SoC_cpu_jtag_debug_module_wrapper|SoC_cpu_jtag_debug_module_tck:the_SoC_cpu_jtag_debug_module_tck|sr[4]                                                        ;
; 49.677 ; 49.865       ; 0.188          ; Low Pulse Width  ; altera_reserved_tck ; Rise       ; SoC:inst|SoC_cpu:cpu|SoC_cpu_nios2_oci:the_SoC_cpu_nios2_oci|SoC_cpu_jtag_debug_module_wrapper:the_SoC_cpu_jtag_debug_module_wrapper|SoC_cpu_jtag_debug_module_tck:the_SoC_cpu_jtag_debug_module_tck|sr[5]                                                        ;
; 49.677 ; 49.865       ; 0.188          ; Low Pulse Width  ; altera_reserved_tck ; Rise       ; SoC:inst|SoC_cpu:cpu|SoC_cpu_nios2_oci:the_SoC_cpu_nios2_oci|SoC_cpu_jtag_debug_module_wrapper:the_SoC_cpu_jtag_debug_module_wrapper|SoC_cpu_jtag_debug_module_tck:the_SoC_cpu_jtag_debug_module_tck|sr[6]                                                        ;
; 49.677 ; 49.865       ; 0.188          ; Low Pulse Width  ; altera_reserved_tck ; Rise       ; SoC:inst|SoC_cpu:cpu|SoC_cpu_nios2_oci:the_SoC_cpu_nios2_oci|SoC_cpu_jtag_debug_module_wrapper:the_SoC_cpu_jtag_debug_module_wrapper|SoC_cpu_jtag_debug_module_tck:the_SoC_cpu_jtag_debug_module_tck|sr[7]                                                        ;
; 49.677 ; 49.865       ; 0.188          ; Low Pulse Width  ; altera_reserved_tck ; Rise       ; sld_hub:auto_hub|sld_jtag_hub:\jtag_hub_gen:sld_jtag_hub_inst|hub_minor_ver_reg[0]                                                                                                                                                                                ;
; 49.677 ; 49.865       ; 0.188          ; Low Pulse Width  ; altera_reserved_tck ; Rise       ; sld_hub:auto_hub|sld_jtag_hub:\jtag_hub_gen:sld_jtag_hub_inst|hub_minor_ver_reg[1]                                                                                                                                                                                ;
; 49.677 ; 49.865       ; 0.188          ; Low Pulse Width  ; altera_reserved_tck ; Rise       ; sld_hub:auto_hub|sld_jtag_hub:\jtag_hub_gen:sld_jtag_hub_inst|hub_minor_ver_reg[2]                                                                                                                                                                                ;
; 49.677 ; 49.865       ; 0.188          ; Low Pulse Width  ; altera_reserved_tck ; Rise       ; sld_hub:auto_hub|sld_jtag_hub:\jtag_hub_gen:sld_jtag_hub_inst|hub_minor_ver_reg[3]                                                                                                                                                                                ;
; 49.677 ; 49.865       ; 0.188          ; Low Pulse Width  ; altera_reserved_tck ; Rise       ; sld_hub:auto_hub|sld_jtag_hub:\jtag_hub_gen:sld_jtag_hub_inst|hub_mode_reg[0]                                                                                                                                                                                     ;
; 49.677 ; 49.865       ; 0.188          ; Low Pulse Width  ; altera_reserved_tck ; Rise       ; sld_hub:auto_hub|sld_jtag_hub:\jtag_hub_gen:sld_jtag_hub_inst|identity_contrib_shift_reg[0]                                                                                                                                                                       ;
; 49.677 ; 49.865       ; 0.188          ; Low Pulse Width  ; altera_reserved_tck ; Rise       ; sld_hub:auto_hub|sld_jtag_hub:\jtag_hub_gen:sld_jtag_hub_inst|identity_contrib_shift_reg[1]                                                                                                                                                                       ;
; 49.677 ; 49.865       ; 0.188          ; Low Pulse Width  ; altera_reserved_tck ; Rise       ; sld_hub:auto_hub|sld_jtag_hub:\jtag_hub_gen:sld_jtag_hub_inst|identity_contrib_shift_reg[2]                                                                                                                                                                       ;
; 49.677 ; 49.865       ; 0.188          ; Low Pulse Width  ; altera_reserved_tck ; Rise       ; sld_hub:auto_hub|sld_jtag_hub:\jtag_hub_gen:sld_jtag_hub_inst|identity_contrib_shift_reg[3]                                                                                                                                                                       ;
; 49.677 ; 49.865       ; 0.188          ; Low Pulse Width  ; altera_reserved_tck ; Rise       ; sld_hub:auto_hub|sld_jtag_hub:\jtag_hub_gen:sld_jtag_hub_inst|irsr_reg[0]                                                                                                                                                                                         ;
; 49.677 ; 49.865       ; 0.188          ; Low Pulse Width  ; altera_reserved_tck ; Rise       ; sld_hub:auto_hub|sld_jtag_hub:\jtag_hub_gen:sld_jtag_hub_inst|irsr_reg[1]                                                                                                                                                                                         ;
; 49.677 ; 49.865       ; 0.188          ; Low Pulse Width  ; altera_reserved_tck ; Rise       ; sld_hub:auto_hub|sld_jtag_hub:\jtag_hub_gen:sld_jtag_hub_inst|irsr_reg[2]                                                                                                                                                                                         ;
; 49.677 ; 49.865       ; 0.188          ; Low Pulse Width  ; altera_reserved_tck ; Rise       ; sld_hub:auto_hub|sld_jtag_hub:\jtag_hub_gen:sld_jtag_hub_inst|irsr_reg[3]                                                                                                                                                                                         ;
; 49.677 ; 49.865       ; 0.188          ; Low Pulse Width  ; altera_reserved_tck ; Rise       ; sld_hub:auto_hub|sld_jtag_hub:\jtag_hub_gen:sld_jtag_hub_inst|irsr_reg[4]                                                                                                                                                                                         ;
; 49.677 ; 49.865       ; 0.188          ; Low Pulse Width  ; altera_reserved_tck ; Rise       ; sld_hub:auto_hub|sld_jtag_hub:\jtag_hub_gen:sld_jtag_hub_inst|irsr_reg[5]                                                                                                                                                                                         ;
; 49.677 ; 49.865       ; 0.188          ; Low Pulse Width  ; altera_reserved_tck ; Rise       ; sld_hub:auto_hub|sld_jtag_hub:\jtag_hub_gen:sld_jtag_hub_inst|irsr_reg[6]                                                                                                                                                                                         ;
; 49.677 ; 49.865       ; 0.188          ; Low Pulse Width  ; altera_reserved_tck ; Rise       ; sld_hub:auto_hub|sld_jtag_hub:\jtag_hub_gen:sld_jtag_hub_inst|jtag_ir_reg[0]                                                                                                                                                                                      ;
; 49.677 ; 49.865       ; 0.188          ; Low Pulse Width  ; altera_reserved_tck ; Rise       ; sld_hub:auto_hub|sld_jtag_hub:\jtag_hub_gen:sld_jtag_hub_inst|jtag_ir_reg[1]                                                                                                                                                                                      ;
; 49.677 ; 49.865       ; 0.188          ; Low Pulse Width  ; altera_reserved_tck ; Rise       ; sld_hub:auto_hub|sld_jtag_hub:\jtag_hub_gen:sld_jtag_hub_inst|jtag_ir_reg[2]                                                                                                                                                                                      ;
; 49.677 ; 49.865       ; 0.188          ; Low Pulse Width  ; altera_reserved_tck ; Rise       ; sld_hub:auto_hub|sld_jtag_hub:\jtag_hub_gen:sld_jtag_hub_inst|jtag_ir_reg[3]                                                                                                                                                                                      ;
; 49.677 ; 49.865       ; 0.188          ; Low Pulse Width  ; altera_reserved_tck ; Rise       ; sld_hub:auto_hub|sld_jtag_hub:\jtag_hub_gen:sld_jtag_hub_inst|jtag_ir_reg[4]                                                                                                                                                                                      ;
; 49.677 ; 49.865       ; 0.188          ; Low Pulse Width  ; altera_reserved_tck ; Rise       ; sld_hub:auto_hub|sld_jtag_hub:\jtag_hub_gen:sld_jtag_hub_inst|jtag_ir_reg[5]                                                                                                                                                                                      ;
; 49.677 ; 49.865       ; 0.188          ; Low Pulse Width  ; altera_reserved_tck ; Rise       ; sld_hub:auto_hub|sld_jtag_hub:\jtag_hub_gen:sld_jtag_hub_inst|jtag_ir_reg[6]                                                                                                                                                                                      ;
; 49.677 ; 49.865       ; 0.188          ; Low Pulse Width  ; altera_reserved_tck ; Rise       ; sld_hub:auto_hub|sld_jtag_hub:\jtag_hub_gen:sld_jtag_hub_inst|jtag_ir_reg[7]                                                                                                                                                                                      ;
; 49.677 ; 49.865       ; 0.188          ; Low Pulse Width  ; altera_reserved_tck ; Rise       ; sld_hub:auto_hub|sld_jtag_hub:\jtag_hub_gen:sld_jtag_hub_inst|jtag_ir_reg[8]                                                                                                                                                                                      ;
; 49.677 ; 49.865       ; 0.188          ; Low Pulse Width  ; altera_reserved_tck ; Rise       ; sld_hub:auto_hub|sld_jtag_hub:\jtag_hub_gen:sld_jtag_hub_inst|jtag_ir_reg[9]                                                                                                                                                                                      ;
; 49.677 ; 49.865       ; 0.188          ; Low Pulse Width  ; altera_reserved_tck ; Rise       ; sld_hub:auto_hub|sld_jtag_hub:\jtag_hub_gen:sld_jtag_hub_inst|sld_shadow_jsm:shadow_jsm|state[0]                                                                                                                                                                  ;
; 49.677 ; 49.865       ; 0.188          ; Low Pulse Width  ; altera_reserved_tck ; Rise       ; sld_hub:auto_hub|sld_jtag_hub:\jtag_hub_gen:sld_jtag_hub_inst|sld_shadow_jsm:shadow_jsm|state[10]                                                                                                                                                                 ;
; 49.677 ; 49.865       ; 0.188          ; Low Pulse Width  ; altera_reserved_tck ; Rise       ; sld_hub:auto_hub|sld_jtag_hub:\jtag_hub_gen:sld_jtag_hub_inst|sld_shadow_jsm:shadow_jsm|state[11]                                                                                                                                                                 ;
; 49.677 ; 49.865       ; 0.188          ; Low Pulse Width  ; altera_reserved_tck ; Rise       ; sld_hub:auto_hub|sld_jtag_hub:\jtag_hub_gen:sld_jtag_hub_inst|sld_shadow_jsm:shadow_jsm|state[12]                                                                                                                                                                 ;
; 49.677 ; 49.865       ; 0.188          ; Low Pulse Width  ; altera_reserved_tck ; Rise       ; sld_hub:auto_hub|sld_jtag_hub:\jtag_hub_gen:sld_jtag_hub_inst|sld_shadow_jsm:shadow_jsm|state[13]                                                                                                                                                                 ;
; 49.677 ; 49.865       ; 0.188          ; Low Pulse Width  ; altera_reserved_tck ; Rise       ; sld_hub:auto_hub|sld_jtag_hub:\jtag_hub_gen:sld_jtag_hub_inst|sld_shadow_jsm:shadow_jsm|state[14]                                                                                                                                                                 ;
; 49.677 ; 49.865       ; 0.188          ; Low Pulse Width  ; altera_reserved_tck ; Rise       ; sld_hub:auto_hub|sld_jtag_hub:\jtag_hub_gen:sld_jtag_hub_inst|sld_shadow_jsm:shadow_jsm|state[15]                                                                                                                                                                 ;
; 49.677 ; 49.865       ; 0.188          ; Low Pulse Width  ; altera_reserved_tck ; Rise       ; sld_hub:auto_hub|sld_jtag_hub:\jtag_hub_gen:sld_jtag_hub_inst|sld_shadow_jsm:shadow_jsm|tms_cnt[0]                                                                                                                                                                ;
; 49.677 ; 49.865       ; 0.188          ; Low Pulse Width  ; altera_reserved_tck ; Rise       ; sld_hub:auto_hub|sld_jtag_hub:\jtag_hub_gen:sld_jtag_hub_inst|sld_shadow_jsm:shadow_jsm|tms_cnt[1]                                                                                                                                                                ;
; 49.677 ; 49.865       ; 0.188          ; Low Pulse Width  ; altera_reserved_tck ; Rise       ; sld_hub:auto_hub|sld_jtag_hub:\jtag_hub_gen:sld_jtag_hub_inst|sld_shadow_jsm:shadow_jsm|tms_cnt[2]                                                                                                                                                                ;
; 49.677 ; 49.865       ; 0.188          ; Low Pulse Width  ; altera_reserved_tck ; Rise       ; sld_hub:auto_hub|sld_jtag_hub:\jtag_hub_gen:sld_jtag_hub_inst|tdo_bypass_reg                                                                                                                                                                                      ;
; 49.677 ; 49.865       ; 0.188          ; Low Pulse Width  ; altera_reserved_tck ; Rise       ; sld_hub:auto_hub|sld_jtag_hub:\jtag_hub_gen:sld_jtag_hub_inst|virtual_dr_scan_reg                                                                                                                                                                                 ;
; 49.677 ; 49.865       ; 0.188          ; Low Pulse Width  ; altera_reserved_tck ; Rise       ; sld_hub:auto_hub|sld_jtag_hub:\jtag_hub_gen:sld_jtag_hub_inst|virtual_ir_scan_reg                                                                                                                                                                                 ;
; 49.678 ; 49.866       ; 0.188          ; Low Pulse Width  ; altera_reserved_tck ; Rise       ; SoC:inst|SoC_jtag_uart:jtag_uart|alt_jtag_atlantic:SoC_jtag_uart_alt_jtag_atlantic|count[0]                                                                                                                                                                       ;
; 49.678 ; 49.866       ; 0.188          ; Low Pulse Width  ; altera_reserved_tck ; Rise       ; SoC:inst|SoC_jtag_uart:jtag_uart|alt_jtag_atlantic:SoC_jtag_uart_alt_jtag_atlantic|count[1]                                                                                                                                                                       ;
; 49.678 ; 49.866       ; 0.188          ; Low Pulse Width  ; altera_reserved_tck ; Rise       ; SoC:inst|SoC_jtag_uart:jtag_uart|alt_jtag_atlantic:SoC_jtag_uart_alt_jtag_atlantic|count[2]                                                                                                                                                                       ;
; 49.678 ; 49.866       ; 0.188          ; Low Pulse Width  ; altera_reserved_tck ; Rise       ; SoC:inst|SoC_jtag_uart:jtag_uart|alt_jtag_atlantic:SoC_jtag_uart_alt_jtag_atlantic|count[3]                                                                                                                                                                       ;
; 49.678 ; 49.866       ; 0.188          ; Low Pulse Width  ; altera_reserved_tck ; Rise       ; SoC:inst|SoC_jtag_uart:jtag_uart|alt_jtag_atlantic:SoC_jtag_uart_alt_jtag_atlantic|count[4]                                                                                                                                                                       ;
; 49.678 ; 49.866       ; 0.188          ; Low Pulse Width  ; altera_reserved_tck ; Rise       ; SoC:inst|SoC_jtag_uart:jtag_uart|alt_jtag_atlantic:SoC_jtag_uart_alt_jtag_atlantic|count[5]                                                                                                                                                                       ;
; 49.678 ; 49.866       ; 0.188          ; Low Pulse Width  ; altera_reserved_tck ; Rise       ; SoC:inst|SoC_jtag_uart:jtag_uart|alt_jtag_atlantic:SoC_jtag_uart_alt_jtag_atlantic|count[6]                                                                                                                                                                       ;
; 49.678 ; 49.866       ; 0.188          ; Low Pulse Width  ; altera_reserved_tck ; Rise       ; SoC:inst|SoC_jtag_uart:jtag_uart|alt_jtag_atlantic:SoC_jtag_uart_alt_jtag_atlantic|count[7]                                                                                                                                                                       ;
; 49.678 ; 49.866       ; 0.188          ; Low Pulse Width  ; altera_reserved_tck ; Rise       ; SoC:inst|SoC_jtag_uart:jtag_uart|alt_jtag_atlantic:SoC_jtag_uart_alt_jtag_atlantic|count[8]                                                                                                                                                                       ;
; 49.678 ; 49.866       ; 0.188          ; Low Pulse Width  ; altera_reserved_tck ; Rise       ; SoC:inst|SoC_jtag_uart:jtag_uart|alt_jtag_atlantic:SoC_jtag_uart_alt_jtag_atlantic|count[9]                                                                                                                                                                       ;
; 49.678 ; 49.866       ; 0.188          ; Low Pulse Width  ; altera_reserved_tck ; Rise       ; SoC:inst|SoC_jtag_uart:jtag_uart|alt_jtag_atlantic:SoC_jtag_uart_alt_jtag_atlantic|state                                                                                                                                                                          ;
+--------+--------------+----------------+------------------+---------------------+------------+-------------------------------------------------------------------------------------------------------------------------------------------------------------------------------------------------------------------------------------------------------------------+


+------------------------------------------------------------------------------------------------+
; Setup Times                                                                                    ;
+---------------------+---------------------+--------+--------+------------+---------------------+
; Data Port           ; Clock Port          ; Rise   ; Fall   ; Clock Edge ; Clock Reference     ;
+---------------------+---------------------+--------+--------+------------+---------------------+
; altera_reserved_tdi ; altera_reserved_tck ; 4.988  ; 5.084  ; Rise       ; altera_reserved_tck ;
; altera_reserved_tms ; altera_reserved_tck ; 10.010 ; 10.126 ; Rise       ; altera_reserved_tck ;
+---------------------+---------------------+--------+--------+------------+---------------------+


+------------------------------------------------------------------------------------------------+
; Hold Times                                                                                     ;
+---------------------+---------------------+--------+--------+------------+---------------------+
; Data Port           ; Clock Port          ; Rise   ; Fall   ; Clock Edge ; Clock Reference     ;
+---------------------+---------------------+--------+--------+------------+---------------------+
; altera_reserved_tdi ; altera_reserved_tck ; -2.055 ; -2.132 ; Rise       ; altera_reserved_tck ;
; altera_reserved_tms ; altera_reserved_tck ; -3.797 ; -3.830 ; Rise       ; altera_reserved_tck ;
+---------------------+---------------------+--------+--------+------------+---------------------+


+------------------------------------------------------------------------------------------------+
; Clock to Output Times                                                                          ;
+---------------------+---------------------+--------+--------+------------+---------------------+
; Data Port           ; Clock Port          ; Rise   ; Fall   ; Clock Edge ; Clock Reference     ;
+---------------------+---------------------+--------+--------+------------+---------------------+
; altera_reserved_tdo ; altera_reserved_tck ; 16.484 ; 17.277 ; Fall       ; altera_reserved_tck ;
+---------------------+---------------------+--------+--------+------------+---------------------+


+------------------------------------------------------------------------------------------------+
; Minimum Clock to Output Times                                                                  ;
+---------------------+---------------------+--------+--------+------------+---------------------+
; Data Port           ; Clock Port          ; Rise   ; Fall   ; Clock Edge ; Clock Reference     ;
+---------------------+---------------------+--------+--------+------------+---------------------+
; altera_reserved_tdo ; altera_reserved_tck ; 13.998 ; 14.786 ; Fall       ; altera_reserved_tck ;
+---------------------+---------------------+--------+--------+------------+---------------------+


+----------------------------------------------------+
; Propagation Delay                                  ;
+------------+-------------+-------+----+----+-------+
; Input Port ; Output Port ; RR    ; RF ; FR ; FF    ;
+------------+-------------+-------+----+----+-------+
; INPUT      ; SDRAM_CLK1  ; 0.811 ;    ;    ; 0.904 ;
+------------+-------------+-------+----+----+-------+


+----------------------------------------------------+
; Minimum Propagation Delay                          ;
+------------+-------------+-------+----+----+-------+
; Input Port ; Output Port ; RR    ; RF ; FR ; FF    ;
+------------+-------------+-------+----+----+-------+
; INPUT      ; SDRAM_CLK1  ; 0.354 ;    ;    ; 0.444 ;
+------------+-------------+-------+----+----+-------+


----------------
; MTBF Summary ;
----------------
Typical MTBF of Design is 1e+09 years or 3.15e+16 seconds.

Number of Synchronizer Chains Found: 2
Shortest Synchronizer Chain: 2 Registers
Fraction of Chains for which MTBFs Could Not be Calculated: 0.000
Worst Case Available Settling Time: 197.073 ns

Typical MTBF values are calculated based on the nominal silicon characteristics, at nominal operating conditions.
  - Under typical conditions, an increase of 100ps in available settling time will increase MTBF values by a factor of 10.8



+------------------------------------------------------------------------------------------------------------------------------------------------------------------------------------------------------------------------------------------------------------------------------------------------------------------------------------------------------------------------------------------------------------------------------------------------------+
; Synchronizer Summary                                                                                                                                                                                                                                                                                                                                                                                                                                 ;
+--------------------------------------------------------------------------------------------------------------------------------+------------------------------------------------------------------------------------------------------------------------------------------------------------------------------------------------------------------------------------------------------------------+------------------------+-------------------------+
; Source Node                                                                                                                    ; Synchronization Node                                                                                                                                                                                                                                             ; Typical MTBF (Years)   ; Included in Design MTBF ;
+--------------------------------------------------------------------------------------------------------------------------------+------------------------------------------------------------------------------------------------------------------------------------------------------------------------------------------------------------------------------------------------------------------+------------------------+-------------------------+
; SoC:inst|SoC_cpu:cpu|hbreak_enabled                                                                                            ; SoC:inst|SoC_cpu:cpu|SoC_cpu_nios2_oci:the_SoC_cpu_nios2_oci|SoC_cpu_jtag_debug_module_wrapper:the_SoC_cpu_jtag_debug_module_wrapper|SoC_cpu_jtag_debug_module_tck:the_SoC_cpu_jtag_debug_module_tck|altera_std_synchronizer:the_altera_std_synchronizer1|din_s1 ; Greater than 1 Billion ; Yes                     ;
; SoC:inst|SoC_cpu:cpu|SoC_cpu_nios2_oci:the_SoC_cpu_nios2_oci|SoC_cpu_nios2_oci_debug:the_SoC_cpu_nios2_oci_debug|monitor_ready ; SoC:inst|SoC_cpu:cpu|SoC_cpu_nios2_oci:the_SoC_cpu_nios2_oci|SoC_cpu_jtag_debug_module_wrapper:the_SoC_cpu_jtag_debug_module_wrapper|SoC_cpu_jtag_debug_module_tck:the_SoC_cpu_jtag_debug_module_tck|altera_std_synchronizer:the_altera_std_synchronizer2|din_s1 ; Greater than 1 Billion ; Yes                     ;
+--------------------------------------------------------------------------------------------------------------------------------+------------------------------------------------------------------------------------------------------------------------------------------------------------------------------------------------------------------------------------------------------------------+------------------------+-------------------------+


Synchronizer Chain #1: Typical MTBF is Greater than 1 Billion Years
===============================================================================
+--------------------------------------------------------------------------------------------------------------------------------------------------------------------------------------------------------------------------------------------------------------------------------------------+
; Chain Summary                                                                                                                                                                                                                                                                              ;
+-------------------------+------------------------------------------------------------------------------------------------------------------------------------------------------------------------------------------------------------------------------------------------------------------+
; Property                ; Value                                                                                                                                                                                                                                                            ;
+-------------------------+------------------------------------------------------------------------------------------------------------------------------------------------------------------------------------------------------------------------------------------------------------------+
; Source Node             ; SoC:inst|SoC_cpu:cpu|hbreak_enabled                                                                                                                                                                                                                              ;
; Synchronization Node    ; SoC:inst|SoC_cpu:cpu|SoC_cpu_nios2_oci:the_SoC_cpu_nios2_oci|SoC_cpu_jtag_debug_module_wrapper:the_SoC_cpu_jtag_debug_module_wrapper|SoC_cpu_jtag_debug_module_tck:the_SoC_cpu_jtag_debug_module_tck|altera_std_synchronizer:the_altera_std_synchronizer1|din_s1 ;
; Typical MTBF (years)    ; Greater than 1 Billion                                                                                                                                                                                                                                           ;
; Included in Design MTBF ; Yes                                                                                                                                                                                                                                                              ;
+-------------------------+------------------------------------------------------------------------------------------------------------------------------------------------------------------------------------------------------------------------------------------------------------------+

+----------------------------------------------------------------------------------------------------------------------------------------------------------------------------------------------------------------------------------------------------------------------------------------------------------------------------------------------+
; Statistics                                                                                                                                                                                                                                                                                                                                   ;
+--------------------------------------------------------------------------------------------------------------------------------------------------------------------------------------------------------------------------------------------------------------------+------------------------+--------------+------------------+--------------+
; Property                                                                                                                                                                                                                                                           ; Value                  ; Clock Period ; Active Edge Rate ; Output Slack ;
+--------------------------------------------------------------------------------------------------------------------------------------------------------------------------------------------------------------------------------------------------------------------+------------------------+--------------+------------------+--------------+
; Method of Synchronizer Identification                                                                                                                                                                                                                              ; User Specified         ;              ;                  ;              ;
; Typical MTBF (years)                                                                                                                                                                                                                                               ; Greater than 1 Billion ;              ;                  ;              ;
; Number of Synchronization Registers in Chain                                                                                                                                                                                                                       ; 2                      ;              ;                  ;              ;
; Available Settling Time (ns)                                                                                                                                                                                                                                       ; 197.073                ;              ;                  ;              ;
; Data Toggle Rate Used in MTBF Calculation (millions of transitions / sec)                                                                                                                                                                                          ; 1.25                   ;              ;                  ;              ;
; Source Clock                                                                                                                                                                                                                                                       ;                        ;              ;                  ;              ;
;  Unknown                                                                                                                                                                                                                                                           ;                        ;              ;                  ;              ;
; Synchronization Clock                                                                                                                                                                                                                                              ;                        ;              ;                  ;              ;
;  altera_reserved_tck                                                                                                                                                                                                                                               ;                        ; 100.000      ; 10.0 MHz         ;              ;
; Asynchronous Source                                                                                                                                                                                                                                                ;                        ;              ;                  ;              ;
;  SoC:inst|SoC_cpu:cpu|hbreak_enabled                                                                                                                                                                                                                               ;                        ;              ;                  ;              ;
; Synchronization Registers                                                                                                                                                                                                                                          ;                        ;              ;                  ;              ;
;  SoC:inst|SoC_cpu:cpu|SoC_cpu_nios2_oci:the_SoC_cpu_nios2_oci|SoC_cpu_jtag_debug_module_wrapper:the_SoC_cpu_jtag_debug_module_wrapper|SoC_cpu_jtag_debug_module_tck:the_SoC_cpu_jtag_debug_module_tck|altera_std_synchronizer:the_altera_std_synchronizer1|din_s1  ;                        ;              ;                  ; 99.150       ;
;  SoC:inst|SoC_cpu:cpu|SoC_cpu_nios2_oci:the_SoC_cpu_nios2_oci|SoC_cpu_jtag_debug_module_wrapper:the_SoC_cpu_jtag_debug_module_wrapper|SoC_cpu_jtag_debug_module_tck:the_SoC_cpu_jtag_debug_module_tck|altera_std_synchronizer:the_altera_std_synchronizer1|dreg[0] ;                        ;              ;                  ; 97.923       ;
+--------------------------------------------------------------------------------------------------------------------------------------------------------------------------------------------------------------------------------------------------------------------+------------------------+--------------+------------------+--------------+



Synchronizer Chain #2: Typical MTBF is Greater than 1 Billion Years
===============================================================================
+--------------------------------------------------------------------------------------------------------------------------------------------------------------------------------------------------------------------------------------------------------------------------------------------+
; Chain Summary                                                                                                                                                                                                                                                                              ;
+-------------------------+------------------------------------------------------------------------------------------------------------------------------------------------------------------------------------------------------------------------------------------------------------------+
; Property                ; Value                                                                                                                                                                                                                                                            ;
+-------------------------+------------------------------------------------------------------------------------------------------------------------------------------------------------------------------------------------------------------------------------------------------------------+
; Source Node             ; SoC:inst|SoC_cpu:cpu|SoC_cpu_nios2_oci:the_SoC_cpu_nios2_oci|SoC_cpu_nios2_oci_debug:the_SoC_cpu_nios2_oci_debug|monitor_ready                                                                                                                                   ;
; Synchronization Node    ; SoC:inst|SoC_cpu:cpu|SoC_cpu_nios2_oci:the_SoC_cpu_nios2_oci|SoC_cpu_jtag_debug_module_wrapper:the_SoC_cpu_jtag_debug_module_wrapper|SoC_cpu_jtag_debug_module_tck:the_SoC_cpu_jtag_debug_module_tck|altera_std_synchronizer:the_altera_std_synchronizer2|din_s1 ;
; Typical MTBF (years)    ; Greater than 1 Billion                                                                                                                                                                                                                                           ;
; Included in Design MTBF ; Yes                                                                                                                                                                                                                                                              ;
+-------------------------+------------------------------------------------------------------------------------------------------------------------------------------------------------------------------------------------------------------------------------------------------------------+

+----------------------------------------------------------------------------------------------------------------------------------------------------------------------------------------------------------------------------------------------------------------------------------------------------------------------------------------------+
; Statistics                                                                                                                                                                                                                                                                                                                                   ;
+--------------------------------------------------------------------------------------------------------------------------------------------------------------------------------------------------------------------------------------------------------------------+------------------------+--------------+------------------+--------------+
; Property                                                                                                                                                                                                                                                           ; Value                  ; Clock Period ; Active Edge Rate ; Output Slack ;
+--------------------------------------------------------------------------------------------------------------------------------------------------------------------------------------------------------------------------------------------------------------------+------------------------+--------------+------------------+--------------+
; Method of Synchronizer Identification                                                                                                                                                                                                                              ; User Specified         ;              ;                  ;              ;
; Typical MTBF (years)                                                                                                                                                                                                                                               ; Greater than 1 Billion ;              ;                  ;              ;
; Number of Synchronization Registers in Chain                                                                                                                                                                                                                       ; 2                      ;              ;                  ;              ;
; Available Settling Time (ns)                                                                                                                                                                                                                                       ; 197.427                ;              ;                  ;              ;
; Data Toggle Rate Used in MTBF Calculation (millions of transitions / sec)                                                                                                                                                                                          ; 1.25                   ;              ;                  ;              ;
; Source Clock                                                                                                                                                                                                                                                       ;                        ;              ;                  ;              ;
;  Unknown                                                                                                                                                                                                                                                           ;                        ;              ;                  ;              ;
; Synchronization Clock                                                                                                                                                                                                                                              ;                        ;              ;                  ;              ;
;  altera_reserved_tck                                                                                                                                                                                                                                               ;                        ; 100.000      ; 10.0 MHz         ;              ;
; Asynchronous Source                                                                                                                                                                                                                                                ;                        ;              ;                  ;              ;
;  SoC:inst|SoC_cpu:cpu|SoC_cpu_nios2_oci:the_SoC_cpu_nios2_oci|SoC_cpu_nios2_oci_debug:the_SoC_cpu_nios2_oci_debug|monitor_ready                                                                                                                                    ;                        ;              ;                  ;              ;
; Synchronization Registers                                                                                                                                                                                                                                          ;                        ;              ;                  ;              ;
;  SoC:inst|SoC_cpu:cpu|SoC_cpu_nios2_oci:the_SoC_cpu_nios2_oci|SoC_cpu_jtag_debug_module_wrapper:the_SoC_cpu_jtag_debug_module_wrapper|SoC_cpu_jtag_debug_module_tck:the_SoC_cpu_jtag_debug_module_tck|altera_std_synchronizer:the_altera_std_synchronizer2|din_s1  ;                        ;              ;                  ; 99.152       ;
;  SoC:inst|SoC_cpu:cpu|SoC_cpu_nios2_oci:the_SoC_cpu_nios2_oci|SoC_cpu_jtag_debug_module_wrapper:the_SoC_cpu_jtag_debug_module_wrapper|SoC_cpu_jtag_debug_module_tck:the_SoC_cpu_jtag_debug_module_tck|altera_std_synchronizer:the_altera_std_synchronizer2|dreg[0] ;                        ;              ;                  ; 98.275       ;
+--------------------------------------------------------------------------------------------------------------------------------------------------------------------------------------------------------------------------------------------------------------------+------------------------+--------------+------------------+--------------+



+-----------------------------------------------------------+
; Slow 1200mV 0C Model Fmax Summary                         ;
+------------+-----------------+---------------------+------+
; Fmax       ; Restricted Fmax ; Clock Name          ; Note ;
+------------+-----------------+---------------------+------+
; 196.31 MHz ; 196.31 MHz      ; altera_reserved_tck ;      ;
+------------+-----------------+---------------------+------+
This panel reports FMAX for every clock in the design, regardless of the user-specified clock periods.  FMAX is only computed for paths where the source and destination registers or ports are driven by the same clock.  Paths of different clocks, including generated clocks, are ignored.  For paths between a clock and its inversion, FMAX is computed as if the rising and falling edges are scaled along with FMAX, such that the duty cycle (in terms of a percentage) is maintained. Altera recommends that you always use clock constraints and other slack reports for sign-off analysis.


+----------------------------------------------+
; Slow 1200mV 0C Model Setup Summary           ;
+---------------------+--------+---------------+
; Clock               ; Slack  ; End Point TNS ;
+---------------------+--------+---------------+
; altera_reserved_tck ; 47.453 ; 0.000         ;
+---------------------+--------+---------------+


+---------------------------------------------+
; Slow 1200mV 0C Model Hold Summary           ;
+---------------------+-------+---------------+
; Clock               ; Slack ; End Point TNS ;
+---------------------+-------+---------------+
; altera_reserved_tck ; 0.353 ; 0.000         ;
+---------------------+-------+---------------+


+----------------------------------------------+
; Slow 1200mV 0C Model Recovery Summary        ;
+---------------------+--------+---------------+
; Clock               ; Slack  ; End Point TNS ;
+---------------------+--------+---------------+
; altera_reserved_tck ; 47.995 ; 0.000         ;
+---------------------+--------+---------------+


+---------------------------------------------+
; Slow 1200mV 0C Model Removal Summary        ;
+---------------------+-------+---------------+
; Clock               ; Slack ; End Point TNS ;
+---------------------+-------+---------------+
; altera_reserved_tck ; 0.958 ; 0.000         ;
+---------------------+-------+---------------+


+--------------------------------------------------+
; Slow 1200mV 0C Model Minimum Pulse Width Summary ;
+---------------------+--------+-------------------+
; Clock               ; Slack  ; End Point TNS     ;
+---------------------+--------+-------------------+
; altera_reserved_tck ; 49.564 ; 0.000             ;
+---------------------+--------+-------------------+


+------------------------------------------------------------------------------------------------------------------------------------------------------------------------------------------------------------------------------------------------------------------------------------------------------------------------------------------------------------------------------------------------------------------------------------------------------------------------------------------------------------------------+
; Slow 1200mV 0C Model Setup: 'altera_reserved_tck'                                                                                                                                                                                                                                                                                                                                                                                                                                                                      ;
+--------+------------------------------------------------------------------------------------------------------------------------------------------------------------------------------------------------------------+-------------------------------------------------------------------------------------------------------------------------------------------------------------------------------------------------------------+---------------------+---------------------+--------------+------------+------------+
; Slack  ; From Node                                                                                                                                                                                                  ; To Node                                                                                                                                                                                                     ; Launch Clock        ; Latch Clock         ; Relationship ; Clock Skew ; Data Delay ;
+--------+------------------------------------------------------------------------------------------------------------------------------------------------------------------------------------------------------------+-------------------------------------------------------------------------------------------------------------------------------------------------------------------------------------------------------------+---------------------+---------------------+--------------+------------+------------+
; 47.453 ; sld_hub:auto_hub|sld_jtag_hub:\jtag_hub_gen:sld_jtag_hub_inst|sld_shadow_jsm:shadow_jsm|state[3]                                                                                                           ; sld_hub:auto_hub|sld_jtag_hub:\jtag_hub_gen:sld_jtag_hub_inst|tdo                                                                                                                                           ; altera_reserved_tck ; altera_reserved_tck ; 50.000       ; 0.162      ; 2.728      ;
; 47.459 ; sld_hub:auto_hub|sld_jtag_hub:\jtag_hub_gen:sld_jtag_hub_inst|design_hash_reg[0]                                                                                                                           ; sld_hub:auto_hub|sld_jtag_hub:\jtag_hub_gen:sld_jtag_hub_inst|tdo                                                                                                                                           ; altera_reserved_tck ; altera_reserved_tck ; 50.000       ; 0.178      ; 2.738      ;
; 47.564 ; sld_hub:auto_hub|sld_jtag_hub:\jtag_hub_gen:sld_jtag_hub_inst|sld_shadow_jsm:shadow_jsm|state[4]                                                                                                           ; sld_hub:auto_hub|sld_jtag_hub:\jtag_hub_gen:sld_jtag_hub_inst|tdo                                                                                                                                           ; altera_reserved_tck ; altera_reserved_tck ; 50.000       ; 0.162      ; 2.617      ;
; 47.566 ; sld_hub:auto_hub|sld_jtag_hub:\jtag_hub_gen:sld_jtag_hub_inst|irsr_reg[1]                                                                                                                                  ; sld_hub:auto_hub|sld_jtag_hub:\jtag_hub_gen:sld_jtag_hub_inst|tdo                                                                                                                                           ; altera_reserved_tck ; altera_reserved_tck ; 50.000       ; 0.153      ; 2.606      ;
; 47.641 ; sld_hub:auto_hub|sld_jtag_hub:\jtag_hub_gen:sld_jtag_hub_inst|virtual_ir_scan_reg                                                                                                                          ; SoC:inst|SoC_jtag_uart:jtag_uart|alt_jtag_atlantic:SoC_jtag_uart_alt_jtag_atlantic|jupdate                                                                                                                  ; altera_reserved_tck ; altera_reserved_tck ; 50.000       ; 0.161      ; 2.539      ;
; 47.654 ; sld_hub:auto_hub|sld_jtag_hub:\jtag_hub_gen:sld_jtag_hub_inst|irsr_reg[6]                                                                                                                                  ; sld_hub:auto_hub|sld_jtag_hub:\jtag_hub_gen:sld_jtag_hub_inst|tdo                                                                                                                                           ; altera_reserved_tck ; altera_reserved_tck ; 50.000       ; 0.153      ; 2.518      ;
; 47.707 ; sld_hub:auto_hub|sld_jtag_hub:\jtag_hub_gen:sld_jtag_hub_inst|virtual_ir_scan_reg                                                                                                                          ; sld_hub:auto_hub|sld_jtag_hub:\jtag_hub_gen:sld_jtag_hub_inst|tdo                                                                                                                                           ; altera_reserved_tck ; altera_reserved_tck ; 50.000       ; 0.166      ; 2.478      ;
; 47.721 ; sld_hub:auto_hub|sld_jtag_hub:\jtag_hub_gen:sld_jtag_hub_inst|sld_rom_sr:hub_info_reg|WORD_SR[0]                                                                                                           ; sld_hub:auto_hub|sld_jtag_hub:\jtag_hub_gen:sld_jtag_hub_inst|tdo                                                                                                                                           ; altera_reserved_tck ; altera_reserved_tck ; 50.000       ; 0.161      ; 2.459      ;
; 47.738 ; sld_hub:auto_hub|sld_jtag_hub:\jtag_hub_gen:sld_jtag_hub_inst|irf_reg[2][0]                                                                                                                                ; SoC:inst|SoC_jtag_uart:jtag_uart|alt_jtag_atlantic:SoC_jtag_uart_alt_jtag_atlantic|jupdate                                                                                                                  ; altera_reserved_tck ; altera_reserved_tck ; 50.000       ; 0.152      ; 2.433      ;
; 47.803 ; sld_hub:auto_hub|sld_jtag_hub:\jtag_hub_gen:sld_jtag_hub_inst|irsr_reg[2]                                                                                                                                  ; sld_hub:auto_hub|sld_jtag_hub:\jtag_hub_gen:sld_jtag_hub_inst|tdo                                                                                                                                           ; altera_reserved_tck ; altera_reserved_tck ; 50.000       ; 0.153      ; 2.369      ;
; 47.849 ; sld_hub:auto_hub|sld_jtag_hub:\jtag_hub_gen:sld_jtag_hub_inst|irsr_reg[5]                                                                                                                                  ; sld_hub:auto_hub|sld_jtag_hub:\jtag_hub_gen:sld_jtag_hub_inst|tdo                                                                                                                                           ; altera_reserved_tck ; altera_reserved_tck ; 50.000       ; 0.153      ; 2.323      ;
; 47.883 ; sld_hub:auto_hub|sld_jtag_hub:\jtag_hub_gen:sld_jtag_hub_inst|irsr_reg[0]                                                                                                                                  ; sld_hub:auto_hub|sld_jtag_hub:\jtag_hub_gen:sld_jtag_hub_inst|tdo                                                                                                                                           ; altera_reserved_tck ; altera_reserved_tck ; 50.000       ; 0.153      ; 2.289      ;
; 48.109 ; SoC:inst|SoC_cpu:cpu|SoC_cpu_nios2_oci:the_SoC_cpu_nios2_oci|SoC_cpu_jtag_debug_module_wrapper:the_SoC_cpu_jtag_debug_module_wrapper|SoC_cpu_jtag_debug_module_tck:the_SoC_cpu_jtag_debug_module_tck|sr[0] ; sld_hub:auto_hub|sld_jtag_hub:\jtag_hub_gen:sld_jtag_hub_inst|tdo                                                                                                                                           ; altera_reserved_tck ; altera_reserved_tck ; 50.000       ; 0.152      ; 2.062      ;
; 48.137 ; sld_hub:auto_hub|sld_jtag_hub:\jtag_hub_gen:sld_jtag_hub_inst|hub_minor_ver_reg[0]                                                                                                                         ; sld_hub:auto_hub|sld_jtag_hub:\jtag_hub_gen:sld_jtag_hub_inst|tdo                                                                                                                                           ; altera_reserved_tck ; altera_reserved_tck ; 50.000       ; 0.156      ; 2.038      ;
; 48.214 ; sld_hub:auto_hub|sld_jtag_hub:\jtag_hub_gen:sld_jtag_hub_inst|node_ena[2]~reg0                                                                                                                             ; SoC:inst|SoC_jtag_uart:jtag_uart|alt_jtag_atlantic:SoC_jtag_uart_alt_jtag_atlantic|jupdate                                                                                                                  ; altera_reserved_tck ; altera_reserved_tck ; 50.000       ; 0.157      ; 1.962      ;
; 48.255 ; sld_hub:auto_hub|sld_jtag_hub:\jtag_hub_gen:sld_jtag_hub_inst|tdo_bypass_reg                                                                                                                               ; sld_hub:auto_hub|sld_jtag_hub:\jtag_hub_gen:sld_jtag_hub_inst|tdo                                                                                                                                           ; altera_reserved_tck ; altera_reserved_tck ; 50.000       ; 0.154      ; 1.918      ;
; 48.440 ; sld_hub:auto_hub|sld_jtag_hub:\jtag_hub_gen:sld_jtag_hub_inst|sld_shadow_jsm:shadow_jsm|state[8]                                                                                                           ; SoC:inst|SoC_jtag_uart:jtag_uart|alt_jtag_atlantic:SoC_jtag_uart_alt_jtag_atlantic|jupdate                                                                                                                  ; altera_reserved_tck ; altera_reserved_tck ; 50.000       ; 0.157      ; 1.736      ;
; 49.321 ; SoC:inst|SoC_jtag_uart:jtag_uart|alt_jtag_atlantic:SoC_jtag_uart_alt_jtag_atlantic|td_shift[0]                                                                                                             ; SoC:inst|SoC_jtag_uart:jtag_uart|alt_jtag_atlantic:SoC_jtag_uart_alt_jtag_atlantic|tdo~reg0                                                                                                                 ; altera_reserved_tck ; altera_reserved_tck ; 50.000       ; 0.154      ; 0.852      ;
; 95.448 ; sld_hub:auto_hub|sld_jtag_hub:\jtag_hub_gen:sld_jtag_hub_inst|virtual_ir_scan_reg                                                                                                                          ; SoC:inst|SoC_cpu:cpu|SoC_cpu_nios2_oci:the_SoC_cpu_nios2_oci|SoC_cpu_jtag_debug_module_wrapper:the_SoC_cpu_jtag_debug_module_wrapper|SoC_cpu_jtag_debug_module_tck:the_SoC_cpu_jtag_debug_module_tck|sr[25] ; altera_reserved_tck ; altera_reserved_tck ; 100.000      ; -0.057     ; 4.514      ;
; 95.450 ; sld_hub:auto_hub|sld_jtag_hub:\jtag_hub_gen:sld_jtag_hub_inst|virtual_ir_scan_reg                                                                                                                          ; SoC:inst|SoC_cpu:cpu|SoC_cpu_nios2_oci:the_SoC_cpu_nios2_oci|SoC_cpu_jtag_debug_module_wrapper:the_SoC_cpu_jtag_debug_module_wrapper|SoC_cpu_jtag_debug_module_tck:the_SoC_cpu_jtag_debug_module_tck|sr[22] ; altera_reserved_tck ; altera_reserved_tck ; 100.000      ; -0.057     ; 4.512      ;
; 95.453 ; sld_hub:auto_hub|sld_jtag_hub:\jtag_hub_gen:sld_jtag_hub_inst|virtual_ir_scan_reg                                                                                                                          ; SoC:inst|SoC_cpu:cpu|SoC_cpu_nios2_oci:the_SoC_cpu_nios2_oci|SoC_cpu_jtag_debug_module_wrapper:the_SoC_cpu_jtag_debug_module_wrapper|SoC_cpu_jtag_debug_module_tck:the_SoC_cpu_jtag_debug_module_tck|sr[19] ; altera_reserved_tck ; altera_reserved_tck ; 100.000      ; -0.057     ; 4.509      ;
; 95.457 ; sld_hub:auto_hub|sld_jtag_hub:\jtag_hub_gen:sld_jtag_hub_inst|virtual_ir_scan_reg                                                                                                                          ; SoC:inst|SoC_cpu:cpu|SoC_cpu_nios2_oci:the_SoC_cpu_nios2_oci|SoC_cpu_jtag_debug_module_wrapper:the_SoC_cpu_jtag_debug_module_wrapper|SoC_cpu_jtag_debug_module_tck:the_SoC_cpu_jtag_debug_module_tck|sr[20] ; altera_reserved_tck ; altera_reserved_tck ; 100.000      ; -0.057     ; 4.505      ;
; 95.510 ; sld_hub:auto_hub|sld_jtag_hub:\jtag_hub_gen:sld_jtag_hub_inst|virtual_ir_scan_reg                                                                                                                          ; SoC:inst|SoC_cpu:cpu|SoC_cpu_nios2_oci:the_SoC_cpu_nios2_oci|SoC_cpu_jtag_debug_module_wrapper:the_SoC_cpu_jtag_debug_module_wrapper|SoC_cpu_jtag_debug_module_tck:the_SoC_cpu_jtag_debug_module_tck|sr[21] ; altera_reserved_tck ; altera_reserved_tck ; 100.000      ; -0.057     ; 4.452      ;
; 95.604 ; sld_hub:auto_hub|sld_jtag_hub:\jtag_hub_gen:sld_jtag_hub_inst|sld_shadow_jsm:shadow_jsm|state[4]                                                                                                           ; SoC:inst|SoC_cpu:cpu|SoC_cpu_nios2_oci:the_SoC_cpu_nios2_oci|SoC_cpu_jtag_debug_module_wrapper:the_SoC_cpu_jtag_debug_module_wrapper|SoC_cpu_jtag_debug_module_tck:the_SoC_cpu_jtag_debug_module_tck|sr[25] ; altera_reserved_tck ; altera_reserved_tck ; 100.000      ; -0.061     ; 4.354      ;
; 95.606 ; sld_hub:auto_hub|sld_jtag_hub:\jtag_hub_gen:sld_jtag_hub_inst|sld_shadow_jsm:shadow_jsm|state[4]                                                                                                           ; SoC:inst|SoC_cpu:cpu|SoC_cpu_nios2_oci:the_SoC_cpu_nios2_oci|SoC_cpu_jtag_debug_module_wrapper:the_SoC_cpu_jtag_debug_module_wrapper|SoC_cpu_jtag_debug_module_tck:the_SoC_cpu_jtag_debug_module_tck|sr[22] ; altera_reserved_tck ; altera_reserved_tck ; 100.000      ; -0.061     ; 4.352      ;
; 95.609 ; sld_hub:auto_hub|sld_jtag_hub:\jtag_hub_gen:sld_jtag_hub_inst|sld_shadow_jsm:shadow_jsm|state[4]                                                                                                           ; SoC:inst|SoC_cpu:cpu|SoC_cpu_nios2_oci:the_SoC_cpu_nios2_oci|SoC_cpu_jtag_debug_module_wrapper:the_SoC_cpu_jtag_debug_module_wrapper|SoC_cpu_jtag_debug_module_tck:the_SoC_cpu_jtag_debug_module_tck|sr[19] ; altera_reserved_tck ; altera_reserved_tck ; 100.000      ; -0.061     ; 4.349      ;
; 95.613 ; sld_hub:auto_hub|sld_jtag_hub:\jtag_hub_gen:sld_jtag_hub_inst|sld_shadow_jsm:shadow_jsm|state[4]                                                                                                           ; SoC:inst|SoC_cpu:cpu|SoC_cpu_nios2_oci:the_SoC_cpu_nios2_oci|SoC_cpu_jtag_debug_module_wrapper:the_SoC_cpu_jtag_debug_module_wrapper|SoC_cpu_jtag_debug_module_tck:the_SoC_cpu_jtag_debug_module_tck|sr[20] ; altera_reserved_tck ; altera_reserved_tck ; 100.000      ; -0.061     ; 4.345      ;
; 95.614 ; sld_hub:auto_hub|sld_jtag_hub:\jtag_hub_gen:sld_jtag_hub_inst|virtual_ir_scan_reg                                                                                                                          ; SoC:inst|SoC_cpu:cpu|SoC_cpu_nios2_oci:the_SoC_cpu_nios2_oci|SoC_cpu_jtag_debug_module_wrapper:the_SoC_cpu_jtag_debug_module_wrapper|SoC_cpu_jtag_debug_module_tck:the_SoC_cpu_jtag_debug_module_tck|sr[27] ; altera_reserved_tck ; altera_reserved_tck ; 100.000      ; -0.054     ; 4.351      ;
; 95.637 ; sld_hub:auto_hub|sld_jtag_hub:\jtag_hub_gen:sld_jtag_hub_inst|irsr_reg[5]                                                                                                                                  ; sld_hub:auto_hub|sld_jtag_hub:\jtag_hub_gen:sld_jtag_hub_inst|shadow_irf_reg[1][4]                                                                                                                          ; altera_reserved_tck ; altera_reserved_tck ; 100.000      ; -0.077     ; 4.305      ;
; 95.637 ; sld_hub:auto_hub|sld_jtag_hub:\jtag_hub_gen:sld_jtag_hub_inst|irsr_reg[5]                                                                                                                                  ; sld_hub:auto_hub|sld_jtag_hub:\jtag_hub_gen:sld_jtag_hub_inst|shadow_irf_reg[1][3]                                                                                                                          ; altera_reserved_tck ; altera_reserved_tck ; 100.000      ; -0.077     ; 4.305      ;
; 95.637 ; sld_hub:auto_hub|sld_jtag_hub:\jtag_hub_gen:sld_jtag_hub_inst|irsr_reg[5]                                                                                                                                  ; sld_hub:auto_hub|sld_jtag_hub:\jtag_hub_gen:sld_jtag_hub_inst|shadow_irf_reg[1][2]                                                                                                                          ; altera_reserved_tck ; altera_reserved_tck ; 100.000      ; -0.077     ; 4.305      ;
; 95.637 ; sld_hub:auto_hub|sld_jtag_hub:\jtag_hub_gen:sld_jtag_hub_inst|irsr_reg[5]                                                                                                                                  ; sld_hub:auto_hub|sld_jtag_hub:\jtag_hub_gen:sld_jtag_hub_inst|shadow_irf_reg[1][0]                                                                                                                          ; altera_reserved_tck ; altera_reserved_tck ; 100.000      ; -0.077     ; 4.305      ;
; 95.637 ; sld_hub:auto_hub|sld_jtag_hub:\jtag_hub_gen:sld_jtag_hub_inst|irsr_reg[5]                                                                                                                                  ; sld_hub:auto_hub|sld_jtag_hub:\jtag_hub_gen:sld_jtag_hub_inst|shadow_irf_reg[1][1]                                                                                                                          ; altera_reserved_tck ; altera_reserved_tck ; 100.000      ; -0.077     ; 4.305      ;
; 95.666 ; sld_hub:auto_hub|sld_jtag_hub:\jtag_hub_gen:sld_jtag_hub_inst|sld_shadow_jsm:shadow_jsm|state[4]                                                                                                           ; SoC:inst|SoC_cpu:cpu|SoC_cpu_nios2_oci:the_SoC_cpu_nios2_oci|SoC_cpu_jtag_debug_module_wrapper:the_SoC_cpu_jtag_debug_module_wrapper|SoC_cpu_jtag_debug_module_tck:the_SoC_cpu_jtag_debug_module_tck|sr[21] ; altera_reserved_tck ; altera_reserved_tck ; 100.000      ; -0.061     ; 4.292      ;
; 95.730 ; sld_hub:auto_hub|sld_jtag_hub:\jtag_hub_gen:sld_jtag_hub_inst|virtual_ir_scan_reg                                                                                                                          ; SoC:inst|SoC_cpu:cpu|SoC_cpu_nios2_oci:the_SoC_cpu_nios2_oci|SoC_cpu_jtag_debug_module_wrapper:the_SoC_cpu_jtag_debug_module_wrapper|SoC_cpu_jtag_debug_module_tck:the_SoC_cpu_jtag_debug_module_tck|sr[29] ; altera_reserved_tck ; altera_reserved_tck ; 100.000      ; -0.054     ; 4.235      ;
; 95.770 ; sld_hub:auto_hub|sld_jtag_hub:\jtag_hub_gen:sld_jtag_hub_inst|virtual_ir_scan_reg                                                                                                                          ; SoC:inst|SoC_cpu:cpu|SoC_cpu_nios2_oci:the_SoC_cpu_nios2_oci|SoC_cpu_jtag_debug_module_wrapper:the_SoC_cpu_jtag_debug_module_wrapper|SoC_cpu_jtag_debug_module_tck:the_SoC_cpu_jtag_debug_module_tck|sr[26] ; altera_reserved_tck ; altera_reserved_tck ; 100.000      ; -0.057     ; 4.192      ;
; 95.770 ; sld_hub:auto_hub|sld_jtag_hub:\jtag_hub_gen:sld_jtag_hub_inst|sld_shadow_jsm:shadow_jsm|state[4]                                                                                                           ; SoC:inst|SoC_cpu:cpu|SoC_cpu_nios2_oci:the_SoC_cpu_nios2_oci|SoC_cpu_jtag_debug_module_wrapper:the_SoC_cpu_jtag_debug_module_wrapper|SoC_cpu_jtag_debug_module_tck:the_SoC_cpu_jtag_debug_module_tck|sr[27] ; altera_reserved_tck ; altera_reserved_tck ; 100.000      ; -0.058     ; 4.191      ;
; 95.771 ; sld_hub:auto_hub|sld_jtag_hub:\jtag_hub_gen:sld_jtag_hub_inst|virtual_ir_scan_reg                                                                                                                          ; SoC:inst|SoC_cpu:cpu|SoC_cpu_nios2_oci:the_SoC_cpu_nios2_oci|SoC_cpu_jtag_debug_module_wrapper:the_SoC_cpu_jtag_debug_module_wrapper|SoC_cpu_jtag_debug_module_tck:the_SoC_cpu_jtag_debug_module_tck|sr[24] ; altera_reserved_tck ; altera_reserved_tck ; 100.000      ; -0.057     ; 4.191      ;
; 95.773 ; sld_hub:auto_hub|sld_jtag_hub:\jtag_hub_gen:sld_jtag_hub_inst|virtual_ir_scan_reg                                                                                                                          ; SoC:inst|SoC_cpu:cpu|SoC_cpu_nios2_oci:the_SoC_cpu_nios2_oci|SoC_cpu_jtag_debug_module_wrapper:the_SoC_cpu_jtag_debug_module_wrapper|SoC_cpu_jtag_debug_module_tck:the_SoC_cpu_jtag_debug_module_tck|sr[16] ; altera_reserved_tck ; altera_reserved_tck ; 100.000      ; -0.057     ; 4.189      ;
; 95.776 ; sld_hub:auto_hub|sld_jtag_hub:\jtag_hub_gen:sld_jtag_hub_inst|virtual_ir_scan_reg                                                                                                                          ; SoC:inst|SoC_cpu:cpu|SoC_cpu_nios2_oci:the_SoC_cpu_nios2_oci|SoC_cpu_jtag_debug_module_wrapper:the_SoC_cpu_jtag_debug_module_wrapper|SoC_cpu_jtag_debug_module_tck:the_SoC_cpu_jtag_debug_module_tck|sr[18] ; altera_reserved_tck ; altera_reserved_tck ; 100.000      ; -0.057     ; 4.186      ;
; 95.777 ; sld_hub:auto_hub|sld_jtag_hub:\jtag_hub_gen:sld_jtag_hub_inst|virtual_ir_scan_reg                                                                                                                          ; SoC:inst|SoC_cpu:cpu|SoC_cpu_nios2_oci:the_SoC_cpu_nios2_oci|SoC_cpu_jtag_debug_module_wrapper:the_SoC_cpu_jtag_debug_module_wrapper|SoC_cpu_jtag_debug_module_tck:the_SoC_cpu_jtag_debug_module_tck|sr[23] ; altera_reserved_tck ; altera_reserved_tck ; 100.000      ; -0.057     ; 4.185      ;
; 95.777 ; sld_hub:auto_hub|sld_jtag_hub:\jtag_hub_gen:sld_jtag_hub_inst|virtual_ir_scan_reg                                                                                                                          ; SoC:inst|SoC_cpu:cpu|SoC_cpu_nios2_oci:the_SoC_cpu_nios2_oci|SoC_cpu_jtag_debug_module_wrapper:the_SoC_cpu_jtag_debug_module_wrapper|SoC_cpu_jtag_debug_module_tck:the_SoC_cpu_jtag_debug_module_tck|sr[17] ; altera_reserved_tck ; altera_reserved_tck ; 100.000      ; -0.057     ; 4.185      ;
; 95.777 ; sld_hub:auto_hub|sld_jtag_hub:\jtag_hub_gen:sld_jtag_hub_inst|node_ena[1]~reg0                                                                                                                             ; SoC:inst|SoC_cpu:cpu|SoC_cpu_nios2_oci:the_SoC_cpu_nios2_oci|SoC_cpu_jtag_debug_module_wrapper:the_SoC_cpu_jtag_debug_module_wrapper|SoC_cpu_jtag_debug_module_tck:the_SoC_cpu_jtag_debug_module_tck|sr[25] ; altera_reserved_tck ; altera_reserved_tck ; 100.000      ; -0.061     ; 4.181      ;
; 95.779 ; sld_hub:auto_hub|sld_jtag_hub:\jtag_hub_gen:sld_jtag_hub_inst|node_ena[1]~reg0                                                                                                                             ; SoC:inst|SoC_cpu:cpu|SoC_cpu_nios2_oci:the_SoC_cpu_nios2_oci|SoC_cpu_jtag_debug_module_wrapper:the_SoC_cpu_jtag_debug_module_wrapper|SoC_cpu_jtag_debug_module_tck:the_SoC_cpu_jtag_debug_module_tck|sr[22] ; altera_reserved_tck ; altera_reserved_tck ; 100.000      ; -0.061     ; 4.179      ;
; 95.782 ; sld_hub:auto_hub|sld_jtag_hub:\jtag_hub_gen:sld_jtag_hub_inst|node_ena[1]~reg0                                                                                                                             ; SoC:inst|SoC_cpu:cpu|SoC_cpu_nios2_oci:the_SoC_cpu_nios2_oci|SoC_cpu_jtag_debug_module_wrapper:the_SoC_cpu_jtag_debug_module_wrapper|SoC_cpu_jtag_debug_module_tck:the_SoC_cpu_jtag_debug_module_tck|sr[19] ; altera_reserved_tck ; altera_reserved_tck ; 100.000      ; -0.061     ; 4.176      ;
; 95.786 ; sld_hub:auto_hub|sld_jtag_hub:\jtag_hub_gen:sld_jtag_hub_inst|node_ena[1]~reg0                                                                                                                             ; SoC:inst|SoC_cpu:cpu|SoC_cpu_nios2_oci:the_SoC_cpu_nios2_oci|SoC_cpu_jtag_debug_module_wrapper:the_SoC_cpu_jtag_debug_module_wrapper|SoC_cpu_jtag_debug_module_tck:the_SoC_cpu_jtag_debug_module_tck|sr[20] ; altera_reserved_tck ; altera_reserved_tck ; 100.000      ; -0.061     ; 4.172      ;
; 95.791 ; sld_hub:auto_hub|sld_jtag_hub:\jtag_hub_gen:sld_jtag_hub_inst|virtual_ir_scan_reg                                                                                                                          ; SoC:inst|SoC_cpu:cpu|SoC_cpu_nios2_oci:the_SoC_cpu_nios2_oci|SoC_cpu_jtag_debug_module_wrapper:the_SoC_cpu_jtag_debug_module_wrapper|SoC_cpu_jtag_debug_module_tck:the_SoC_cpu_jtag_debug_module_tck|sr[30] ; altera_reserved_tck ; altera_reserved_tck ; 100.000      ; -0.054     ; 4.174      ;
; 95.839 ; sld_hub:auto_hub|sld_jtag_hub:\jtag_hub_gen:sld_jtag_hub_inst|node_ena[1]~reg0                                                                                                                             ; SoC:inst|SoC_cpu:cpu|SoC_cpu_nios2_oci:the_SoC_cpu_nios2_oci|SoC_cpu_jtag_debug_module_wrapper:the_SoC_cpu_jtag_debug_module_wrapper|SoC_cpu_jtag_debug_module_tck:the_SoC_cpu_jtag_debug_module_tck|sr[21] ; altera_reserved_tck ; altera_reserved_tck ; 100.000      ; -0.061     ; 4.119      ;
; 95.841 ; sld_hub:auto_hub|sld_jtag_hub:\jtag_hub_gen:sld_jtag_hub_inst|virtual_ir_scan_reg                                                                                                                          ; SoC:inst|SoC_cpu:cpu|SoC_cpu_nios2_oci:the_SoC_cpu_nios2_oci|SoC_cpu_jtag_debug_module_wrapper:the_SoC_cpu_jtag_debug_module_wrapper|SoC_cpu_jtag_debug_module_tck:the_SoC_cpu_jtag_debug_module_tck|sr[36] ; altera_reserved_tck ; altera_reserved_tck ; 100.000      ; -0.060     ; 4.118      ;
; 95.841 ; sld_hub:auto_hub|sld_jtag_hub:\jtag_hub_gen:sld_jtag_hub_inst|virtual_ir_scan_reg                                                                                                                          ; SoC:inst|SoC_cpu:cpu|SoC_cpu_nios2_oci:the_SoC_cpu_nios2_oci|SoC_cpu_jtag_debug_module_wrapper:the_SoC_cpu_jtag_debug_module_wrapper|SoC_cpu_jtag_debug_module_tck:the_SoC_cpu_jtag_debug_module_tck|sr[37] ; altera_reserved_tck ; altera_reserved_tck ; 100.000      ; -0.060     ; 4.118      ;
; 95.857 ; sld_hub:auto_hub|sld_jtag_hub:\jtag_hub_gen:sld_jtag_hub_inst|virtual_ir_scan_reg                                                                                                                          ; SoC:inst|SoC_cpu:cpu|SoC_cpu_nios2_oci:the_SoC_cpu_nios2_oci|SoC_cpu_jtag_debug_module_wrapper:the_SoC_cpu_jtag_debug_module_wrapper|SoC_cpu_jtag_debug_module_tck:the_SoC_cpu_jtag_debug_module_tck|sr[28] ; altera_reserved_tck ; altera_reserved_tck ; 100.000      ; -0.054     ; 4.108      ;
; 95.857 ; sld_hub:auto_hub|sld_jtag_hub:\jtag_hub_gen:sld_jtag_hub_inst|virtual_ir_scan_reg                                                                                                                          ; SoC:inst|SoC_cpu:cpu|SoC_cpu_nios2_oci:the_SoC_cpu_nios2_oci|SoC_cpu_jtag_debug_module_wrapper:the_SoC_cpu_jtag_debug_module_wrapper|SoC_cpu_jtag_debug_module_tck:the_SoC_cpu_jtag_debug_module_tck|sr[32] ; altera_reserved_tck ; altera_reserved_tck ; 100.000      ; -0.054     ; 4.108      ;
; 95.857 ; sld_hub:auto_hub|sld_jtag_hub:\jtag_hub_gen:sld_jtag_hub_inst|virtual_ir_scan_reg                                                                                                                          ; SoC:inst|SoC_cpu:cpu|SoC_cpu_nios2_oci:the_SoC_cpu_nios2_oci|SoC_cpu_jtag_debug_module_wrapper:the_SoC_cpu_jtag_debug_module_wrapper|SoC_cpu_jtag_debug_module_tck:the_SoC_cpu_jtag_debug_module_tck|sr[33] ; altera_reserved_tck ; altera_reserved_tck ; 100.000      ; -0.054     ; 4.108      ;
; 95.857 ; sld_hub:auto_hub|sld_jtag_hub:\jtag_hub_gen:sld_jtag_hub_inst|virtual_ir_scan_reg                                                                                                                          ; SoC:inst|SoC_cpu:cpu|SoC_cpu_nios2_oci:the_SoC_cpu_nios2_oci|SoC_cpu_jtag_debug_module_wrapper:the_SoC_cpu_jtag_debug_module_wrapper|SoC_cpu_jtag_debug_module_tck:the_SoC_cpu_jtag_debug_module_tck|sr[34] ; altera_reserved_tck ; altera_reserved_tck ; 100.000      ; -0.054     ; 4.108      ;
; 95.886 ; sld_hub:auto_hub|sld_jtag_hub:\jtag_hub_gen:sld_jtag_hub_inst|sld_shadow_jsm:shadow_jsm|state[4]                                                                                                           ; SoC:inst|SoC_cpu:cpu|SoC_cpu_nios2_oci:the_SoC_cpu_nios2_oci|SoC_cpu_jtag_debug_module_wrapper:the_SoC_cpu_jtag_debug_module_wrapper|SoC_cpu_jtag_debug_module_tck:the_SoC_cpu_jtag_debug_module_tck|sr[29] ; altera_reserved_tck ; altera_reserved_tck ; 100.000      ; -0.058     ; 4.075      ;
; 95.911 ; sld_hub:auto_hub|sld_jtag_hub:\jtag_hub_gen:sld_jtag_hub_inst|sld_shadow_jsm:shadow_jsm|state[3]                                                                                                           ; sld_hub:auto_hub|sld_jtag_hub:\jtag_hub_gen:sld_jtag_hub_inst|irf_reg[2][4]                                                                                                                                 ; altera_reserved_tck ; altera_reserved_tck ; 100.000      ; -0.067     ; 4.041      ;
; 95.911 ; sld_hub:auto_hub|sld_jtag_hub:\jtag_hub_gen:sld_jtag_hub_inst|sld_shadow_jsm:shadow_jsm|state[3]                                                                                                           ; sld_hub:auto_hub|sld_jtag_hub:\jtag_hub_gen:sld_jtag_hub_inst|irf_reg[2][3]                                                                                                                                 ; altera_reserved_tck ; altera_reserved_tck ; 100.000      ; -0.067     ; 4.041      ;
; 95.911 ; sld_hub:auto_hub|sld_jtag_hub:\jtag_hub_gen:sld_jtag_hub_inst|sld_shadow_jsm:shadow_jsm|state[3]                                                                                                           ; sld_hub:auto_hub|sld_jtag_hub:\jtag_hub_gen:sld_jtag_hub_inst|irf_reg[2][2]                                                                                                                                 ; altera_reserved_tck ; altera_reserved_tck ; 100.000      ; -0.067     ; 4.041      ;
; 95.911 ; sld_hub:auto_hub|sld_jtag_hub:\jtag_hub_gen:sld_jtag_hub_inst|sld_shadow_jsm:shadow_jsm|state[3]                                                                                                           ; sld_hub:auto_hub|sld_jtag_hub:\jtag_hub_gen:sld_jtag_hub_inst|irf_reg[2][1]                                                                                                                                 ; altera_reserved_tck ; altera_reserved_tck ; 100.000      ; -0.067     ; 4.041      ;
; 95.911 ; sld_hub:auto_hub|sld_jtag_hub:\jtag_hub_gen:sld_jtag_hub_inst|sld_shadow_jsm:shadow_jsm|state[3]                                                                                                           ; sld_hub:auto_hub|sld_jtag_hub:\jtag_hub_gen:sld_jtag_hub_inst|irf_reg[2][0]                                                                                                                                 ; altera_reserved_tck ; altera_reserved_tck ; 100.000      ; -0.067     ; 4.041      ;
; 95.926 ; sld_hub:auto_hub|sld_jtag_hub:\jtag_hub_gen:sld_jtag_hub_inst|sld_shadow_jsm:shadow_jsm|state[4]                                                                                                           ; SoC:inst|SoC_cpu:cpu|SoC_cpu_nios2_oci:the_SoC_cpu_nios2_oci|SoC_cpu_jtag_debug_module_wrapper:the_SoC_cpu_jtag_debug_module_wrapper|SoC_cpu_jtag_debug_module_tck:the_SoC_cpu_jtag_debug_module_tck|sr[26] ; altera_reserved_tck ; altera_reserved_tck ; 100.000      ; -0.061     ; 4.032      ;
; 95.927 ; sld_hub:auto_hub|sld_jtag_hub:\jtag_hub_gen:sld_jtag_hub_inst|sld_shadow_jsm:shadow_jsm|state[4]                                                                                                           ; SoC:inst|SoC_cpu:cpu|SoC_cpu_nios2_oci:the_SoC_cpu_nios2_oci|SoC_cpu_jtag_debug_module_wrapper:the_SoC_cpu_jtag_debug_module_wrapper|SoC_cpu_jtag_debug_module_tck:the_SoC_cpu_jtag_debug_module_tck|sr[24] ; altera_reserved_tck ; altera_reserved_tck ; 100.000      ; -0.061     ; 4.031      ;
; 95.929 ; sld_hub:auto_hub|sld_jtag_hub:\jtag_hub_gen:sld_jtag_hub_inst|sld_shadow_jsm:shadow_jsm|state[4]                                                                                                           ; SoC:inst|SoC_cpu:cpu|SoC_cpu_nios2_oci:the_SoC_cpu_nios2_oci|SoC_cpu_jtag_debug_module_wrapper:the_SoC_cpu_jtag_debug_module_wrapper|SoC_cpu_jtag_debug_module_tck:the_SoC_cpu_jtag_debug_module_tck|sr[16] ; altera_reserved_tck ; altera_reserved_tck ; 100.000      ; -0.061     ; 4.029      ;
; 95.932 ; sld_hub:auto_hub|sld_jtag_hub:\jtag_hub_gen:sld_jtag_hub_inst|sld_shadow_jsm:shadow_jsm|state[4]                                                                                                           ; SoC:inst|SoC_cpu:cpu|SoC_cpu_nios2_oci:the_SoC_cpu_nios2_oci|SoC_cpu_jtag_debug_module_wrapper:the_SoC_cpu_jtag_debug_module_wrapper|SoC_cpu_jtag_debug_module_tck:the_SoC_cpu_jtag_debug_module_tck|sr[18] ; altera_reserved_tck ; altera_reserved_tck ; 100.000      ; -0.061     ; 4.026      ;
; 95.933 ; sld_hub:auto_hub|sld_jtag_hub:\jtag_hub_gen:sld_jtag_hub_inst|sld_shadow_jsm:shadow_jsm|state[4]                                                                                                           ; SoC:inst|SoC_cpu:cpu|SoC_cpu_nios2_oci:the_SoC_cpu_nios2_oci|SoC_cpu_jtag_debug_module_wrapper:the_SoC_cpu_jtag_debug_module_wrapper|SoC_cpu_jtag_debug_module_tck:the_SoC_cpu_jtag_debug_module_tck|sr[23] ; altera_reserved_tck ; altera_reserved_tck ; 100.000      ; -0.061     ; 4.025      ;
; 95.933 ; sld_hub:auto_hub|sld_jtag_hub:\jtag_hub_gen:sld_jtag_hub_inst|sld_shadow_jsm:shadow_jsm|state[4]                                                                                                           ; SoC:inst|SoC_cpu:cpu|SoC_cpu_nios2_oci:the_SoC_cpu_nios2_oci|SoC_cpu_jtag_debug_module_wrapper:the_SoC_cpu_jtag_debug_module_wrapper|SoC_cpu_jtag_debug_module_tck:the_SoC_cpu_jtag_debug_module_tck|sr[17] ; altera_reserved_tck ; altera_reserved_tck ; 100.000      ; -0.061     ; 4.025      ;
; 95.943 ; sld_hub:auto_hub|sld_jtag_hub:\jtag_hub_gen:sld_jtag_hub_inst|node_ena[1]~reg0                                                                                                                             ; SoC:inst|SoC_cpu:cpu|SoC_cpu_nios2_oci:the_SoC_cpu_nios2_oci|SoC_cpu_jtag_debug_module_wrapper:the_SoC_cpu_jtag_debug_module_wrapper|SoC_cpu_jtag_debug_module_tck:the_SoC_cpu_jtag_debug_module_tck|sr[27] ; altera_reserved_tck ; altera_reserved_tck ; 100.000      ; -0.058     ; 4.018      ;
; 95.947 ; sld_hub:auto_hub|sld_jtag_hub:\jtag_hub_gen:sld_jtag_hub_inst|sld_shadow_jsm:shadow_jsm|state[4]                                                                                                           ; SoC:inst|SoC_cpu:cpu|SoC_cpu_nios2_oci:the_SoC_cpu_nios2_oci|SoC_cpu_jtag_debug_module_wrapper:the_SoC_cpu_jtag_debug_module_wrapper|SoC_cpu_jtag_debug_module_tck:the_SoC_cpu_jtag_debug_module_tck|sr[30] ; altera_reserved_tck ; altera_reserved_tck ; 100.000      ; -0.058     ; 4.014      ;
; 95.965 ; sld_hub:auto_hub|sld_jtag_hub:\jtag_hub_gen:sld_jtag_hub_inst|virtual_ir_scan_reg                                                                                                                          ; SoC:inst|SoC_jtag_uart:jtag_uart|alt_jtag_atlantic:SoC_jtag_uart_alt_jtag_atlantic|write                                                                                                                    ; altera_reserved_tck ; altera_reserved_tck ; 100.000      ; -0.059     ; 3.995      ;
; 95.965 ; sld_hub:auto_hub|sld_jtag_hub:\jtag_hub_gen:sld_jtag_hub_inst|virtual_ir_scan_reg                                                                                                                          ; SoC:inst|SoC_jtag_uart:jtag_uart|alt_jtag_atlantic:SoC_jtag_uart_alt_jtag_atlantic|wdata[7]                                                                                                                 ; altera_reserved_tck ; altera_reserved_tck ; 100.000      ; -0.059     ; 3.995      ;
; 95.965 ; sld_hub:auto_hub|sld_jtag_hub:\jtag_hub_gen:sld_jtag_hub_inst|virtual_ir_scan_reg                                                                                                                          ; SoC:inst|SoC_jtag_uart:jtag_uart|alt_jtag_atlantic:SoC_jtag_uart_alt_jtag_atlantic|wdata[6]                                                                                                                 ; altera_reserved_tck ; altera_reserved_tck ; 100.000      ; -0.059     ; 3.995      ;
; 95.965 ; sld_hub:auto_hub|sld_jtag_hub:\jtag_hub_gen:sld_jtag_hub_inst|virtual_ir_scan_reg                                                                                                                          ; SoC:inst|SoC_jtag_uart:jtag_uart|alt_jtag_atlantic:SoC_jtag_uart_alt_jtag_atlantic|wdata[5]                                                                                                                 ; altera_reserved_tck ; altera_reserved_tck ; 100.000      ; -0.059     ; 3.995      ;
; 95.965 ; sld_hub:auto_hub|sld_jtag_hub:\jtag_hub_gen:sld_jtag_hub_inst|virtual_ir_scan_reg                                                                                                                          ; SoC:inst|SoC_jtag_uart:jtag_uart|alt_jtag_atlantic:SoC_jtag_uart_alt_jtag_atlantic|wdata[4]                                                                                                                 ; altera_reserved_tck ; altera_reserved_tck ; 100.000      ; -0.059     ; 3.995      ;
; 95.965 ; sld_hub:auto_hub|sld_jtag_hub:\jtag_hub_gen:sld_jtag_hub_inst|virtual_ir_scan_reg                                                                                                                          ; SoC:inst|SoC_jtag_uart:jtag_uart|alt_jtag_atlantic:SoC_jtag_uart_alt_jtag_atlantic|wdata[3]                                                                                                                 ; altera_reserved_tck ; altera_reserved_tck ; 100.000      ; -0.059     ; 3.995      ;
; 95.966 ; sld_hub:auto_hub|sld_jtag_hub:\jtag_hub_gen:sld_jtag_hub_inst|irsr_reg[6]                                                                                                                                  ; sld_hub:auto_hub|sld_jtag_hub:\jtag_hub_gen:sld_jtag_hub_inst|shadow_irf_reg[2][4]                                                                                                                          ; altera_reserved_tck ; altera_reserved_tck ; 100.000      ; -0.076     ; 3.977      ;
; 95.966 ; sld_hub:auto_hub|sld_jtag_hub:\jtag_hub_gen:sld_jtag_hub_inst|irsr_reg[6]                                                                                                                                  ; sld_hub:auto_hub|sld_jtag_hub:\jtag_hub_gen:sld_jtag_hub_inst|shadow_irf_reg[2][3]                                                                                                                          ; altera_reserved_tck ; altera_reserved_tck ; 100.000      ; -0.076     ; 3.977      ;
; 95.966 ; sld_hub:auto_hub|sld_jtag_hub:\jtag_hub_gen:sld_jtag_hub_inst|irsr_reg[6]                                                                                                                                  ; sld_hub:auto_hub|sld_jtag_hub:\jtag_hub_gen:sld_jtag_hub_inst|shadow_irf_reg[2][2]                                                                                                                          ; altera_reserved_tck ; altera_reserved_tck ; 100.000      ; -0.076     ; 3.977      ;
; 95.966 ; sld_hub:auto_hub|sld_jtag_hub:\jtag_hub_gen:sld_jtag_hub_inst|irsr_reg[6]                                                                                                                                  ; sld_hub:auto_hub|sld_jtag_hub:\jtag_hub_gen:sld_jtag_hub_inst|shadow_irf_reg[2][1]                                                                                                                          ; altera_reserved_tck ; altera_reserved_tck ; 100.000      ; -0.076     ; 3.977      ;
; 95.966 ; sld_hub:auto_hub|sld_jtag_hub:\jtag_hub_gen:sld_jtag_hub_inst|irsr_reg[6]                                                                                                                                  ; sld_hub:auto_hub|sld_jtag_hub:\jtag_hub_gen:sld_jtag_hub_inst|shadow_irf_reg[2][0]                                                                                                                          ; altera_reserved_tck ; altera_reserved_tck ; 100.000      ; -0.076     ; 3.977      ;
; 95.993 ; sld_hub:auto_hub|sld_jtag_hub:\jtag_hub_gen:sld_jtag_hub_inst|irsr_reg[6]                                                                                                                                  ; sld_hub:auto_hub|sld_jtag_hub:\jtag_hub_gen:sld_jtag_hub_inst|shadow_irf_reg[1][4]                                                                                                                          ; altera_reserved_tck ; altera_reserved_tck ; 100.000      ; -0.077     ; 3.949      ;
; 95.993 ; sld_hub:auto_hub|sld_jtag_hub:\jtag_hub_gen:sld_jtag_hub_inst|irsr_reg[6]                                                                                                                                  ; sld_hub:auto_hub|sld_jtag_hub:\jtag_hub_gen:sld_jtag_hub_inst|shadow_irf_reg[1][3]                                                                                                                          ; altera_reserved_tck ; altera_reserved_tck ; 100.000      ; -0.077     ; 3.949      ;
; 95.993 ; sld_hub:auto_hub|sld_jtag_hub:\jtag_hub_gen:sld_jtag_hub_inst|irsr_reg[6]                                                                                                                                  ; sld_hub:auto_hub|sld_jtag_hub:\jtag_hub_gen:sld_jtag_hub_inst|shadow_irf_reg[1][2]                                                                                                                          ; altera_reserved_tck ; altera_reserved_tck ; 100.000      ; -0.077     ; 3.949      ;
; 95.993 ; sld_hub:auto_hub|sld_jtag_hub:\jtag_hub_gen:sld_jtag_hub_inst|irsr_reg[6]                                                                                                                                  ; sld_hub:auto_hub|sld_jtag_hub:\jtag_hub_gen:sld_jtag_hub_inst|shadow_irf_reg[1][0]                                                                                                                          ; altera_reserved_tck ; altera_reserved_tck ; 100.000      ; -0.077     ; 3.949      ;
; 95.993 ; sld_hub:auto_hub|sld_jtag_hub:\jtag_hub_gen:sld_jtag_hub_inst|irsr_reg[6]                                                                                                                                  ; sld_hub:auto_hub|sld_jtag_hub:\jtag_hub_gen:sld_jtag_hub_inst|shadow_irf_reg[1][1]                                                                                                                          ; altera_reserved_tck ; altera_reserved_tck ; 100.000      ; -0.077     ; 3.949      ;
; 95.997 ; sld_hub:auto_hub|sld_jtag_hub:\jtag_hub_gen:sld_jtag_hub_inst|sld_shadow_jsm:shadow_jsm|state[4]                                                                                                           ; SoC:inst|SoC_cpu:cpu|SoC_cpu_nios2_oci:the_SoC_cpu_nios2_oci|SoC_cpu_jtag_debug_module_wrapper:the_SoC_cpu_jtag_debug_module_wrapper|SoC_cpu_jtag_debug_module_tck:the_SoC_cpu_jtag_debug_module_tck|sr[36] ; altera_reserved_tck ; altera_reserved_tck ; 100.000      ; -0.064     ; 3.958      ;
; 95.997 ; sld_hub:auto_hub|sld_jtag_hub:\jtag_hub_gen:sld_jtag_hub_inst|sld_shadow_jsm:shadow_jsm|state[4]                                                                                                           ; SoC:inst|SoC_cpu:cpu|SoC_cpu_nios2_oci:the_SoC_cpu_nios2_oci|SoC_cpu_jtag_debug_module_wrapper:the_SoC_cpu_jtag_debug_module_wrapper|SoC_cpu_jtag_debug_module_tck:the_SoC_cpu_jtag_debug_module_tck|sr[37] ; altera_reserved_tck ; altera_reserved_tck ; 100.000      ; -0.064     ; 3.958      ;
; 95.998 ; sld_hub:auto_hub|sld_jtag_hub:\jtag_hub_gen:sld_jtag_hub_inst|virtual_ir_scan_reg                                                                                                                          ; sld_hub:auto_hub|sld_jtag_hub:\jtag_hub_gen:sld_jtag_hub_inst|irf_reg[2][4]                                                                                                                                 ; altera_reserved_tck ; altera_reserved_tck ; 100.000      ; -0.063     ; 3.958      ;
; 95.998 ; sld_hub:auto_hub|sld_jtag_hub:\jtag_hub_gen:sld_jtag_hub_inst|virtual_ir_scan_reg                                                                                                                          ; sld_hub:auto_hub|sld_jtag_hub:\jtag_hub_gen:sld_jtag_hub_inst|irf_reg[2][3]                                                                                                                                 ; altera_reserved_tck ; altera_reserved_tck ; 100.000      ; -0.063     ; 3.958      ;
; 95.998 ; sld_hub:auto_hub|sld_jtag_hub:\jtag_hub_gen:sld_jtag_hub_inst|virtual_ir_scan_reg                                                                                                                          ; sld_hub:auto_hub|sld_jtag_hub:\jtag_hub_gen:sld_jtag_hub_inst|irf_reg[2][2]                                                                                                                                 ; altera_reserved_tck ; altera_reserved_tck ; 100.000      ; -0.063     ; 3.958      ;
; 95.998 ; sld_hub:auto_hub|sld_jtag_hub:\jtag_hub_gen:sld_jtag_hub_inst|virtual_ir_scan_reg                                                                                                                          ; sld_hub:auto_hub|sld_jtag_hub:\jtag_hub_gen:sld_jtag_hub_inst|irf_reg[2][1]                                                                                                                                 ; altera_reserved_tck ; altera_reserved_tck ; 100.000      ; -0.063     ; 3.958      ;
; 95.998 ; sld_hub:auto_hub|sld_jtag_hub:\jtag_hub_gen:sld_jtag_hub_inst|virtual_ir_scan_reg                                                                                                                          ; sld_hub:auto_hub|sld_jtag_hub:\jtag_hub_gen:sld_jtag_hub_inst|irf_reg[2][0]                                                                                                                                 ; altera_reserved_tck ; altera_reserved_tck ; 100.000      ; -0.063     ; 3.958      ;
; 96.004 ; sld_hub:auto_hub|sld_jtag_hub:\jtag_hub_gen:sld_jtag_hub_inst|sld_shadow_jsm:shadow_jsm|state[3]                                                                                                           ; sld_hub:auto_hub|sld_jtag_hub:\jtag_hub_gen:sld_jtag_hub_inst|irf_reg[1][4]                                                                                                                                 ; altera_reserved_tck ; altera_reserved_tck ; 100.000      ; -0.068     ; 3.947      ;
; 96.004 ; sld_hub:auto_hub|sld_jtag_hub:\jtag_hub_gen:sld_jtag_hub_inst|sld_shadow_jsm:shadow_jsm|state[3]                                                                                                           ; sld_hub:auto_hub|sld_jtag_hub:\jtag_hub_gen:sld_jtag_hub_inst|irf_reg[1][3]                                                                                                                                 ; altera_reserved_tck ; altera_reserved_tck ; 100.000      ; -0.068     ; 3.947      ;
; 96.004 ; sld_hub:auto_hub|sld_jtag_hub:\jtag_hub_gen:sld_jtag_hub_inst|sld_shadow_jsm:shadow_jsm|state[3]                                                                                                           ; sld_hub:auto_hub|sld_jtag_hub:\jtag_hub_gen:sld_jtag_hub_inst|irf_reg[1][2]                                                                                                                                 ; altera_reserved_tck ; altera_reserved_tck ; 100.000      ; -0.068     ; 3.947      ;
; 96.004 ; sld_hub:auto_hub|sld_jtag_hub:\jtag_hub_gen:sld_jtag_hub_inst|sld_shadow_jsm:shadow_jsm|state[3]                                                                                                           ; sld_hub:auto_hub|sld_jtag_hub:\jtag_hub_gen:sld_jtag_hub_inst|irf_reg[1][0]                                                                                                                                 ; altera_reserved_tck ; altera_reserved_tck ; 100.000      ; -0.068     ; 3.947      ;
; 96.004 ; sld_hub:auto_hub|sld_jtag_hub:\jtag_hub_gen:sld_jtag_hub_inst|sld_shadow_jsm:shadow_jsm|state[3]                                                                                                           ; sld_hub:auto_hub|sld_jtag_hub:\jtag_hub_gen:sld_jtag_hub_inst|irf_reg[1][1]                                                                                                                                 ; altera_reserved_tck ; altera_reserved_tck ; 100.000      ; -0.068     ; 3.947      ;
; 96.013 ; sld_hub:auto_hub|sld_jtag_hub:\jtag_hub_gen:sld_jtag_hub_inst|sld_shadow_jsm:shadow_jsm|state[4]                                                                                                           ; SoC:inst|SoC_cpu:cpu|SoC_cpu_nios2_oci:the_SoC_cpu_nios2_oci|SoC_cpu_jtag_debug_module_wrapper:the_SoC_cpu_jtag_debug_module_wrapper|SoC_cpu_jtag_debug_module_tck:the_SoC_cpu_jtag_debug_module_tck|sr[28] ; altera_reserved_tck ; altera_reserved_tck ; 100.000      ; -0.058     ; 3.948      ;
; 96.013 ; sld_hub:auto_hub|sld_jtag_hub:\jtag_hub_gen:sld_jtag_hub_inst|sld_shadow_jsm:shadow_jsm|state[4]                                                                                                           ; SoC:inst|SoC_cpu:cpu|SoC_cpu_nios2_oci:the_SoC_cpu_nios2_oci|SoC_cpu_jtag_debug_module_wrapper:the_SoC_cpu_jtag_debug_module_wrapper|SoC_cpu_jtag_debug_module_tck:the_SoC_cpu_jtag_debug_module_tck|sr[32] ; altera_reserved_tck ; altera_reserved_tck ; 100.000      ; -0.058     ; 3.948      ;
; 96.013 ; sld_hub:auto_hub|sld_jtag_hub:\jtag_hub_gen:sld_jtag_hub_inst|sld_shadow_jsm:shadow_jsm|state[4]                                                                                                           ; SoC:inst|SoC_cpu:cpu|SoC_cpu_nios2_oci:the_SoC_cpu_nios2_oci|SoC_cpu_jtag_debug_module_wrapper:the_SoC_cpu_jtag_debug_module_wrapper|SoC_cpu_jtag_debug_module_tck:the_SoC_cpu_jtag_debug_module_tck|sr[33] ; altera_reserved_tck ; altera_reserved_tck ; 100.000      ; -0.058     ; 3.948      ;
; 96.013 ; sld_hub:auto_hub|sld_jtag_hub:\jtag_hub_gen:sld_jtag_hub_inst|sld_shadow_jsm:shadow_jsm|state[4]                                                                                                           ; SoC:inst|SoC_cpu:cpu|SoC_cpu_nios2_oci:the_SoC_cpu_nios2_oci|SoC_cpu_jtag_debug_module_wrapper:the_SoC_cpu_jtag_debug_module_wrapper|SoC_cpu_jtag_debug_module_tck:the_SoC_cpu_jtag_debug_module_tck|sr[34] ; altera_reserved_tck ; altera_reserved_tck ; 100.000      ; -0.058     ; 3.948      ;
+--------+------------------------------------------------------------------------------------------------------------------------------------------------------------------------------------------------------------+-------------------------------------------------------------------------------------------------------------------------------------------------------------------------------------------------------------+---------------------+---------------------+--------------+------------+------------+


+-----------------------------------------------------------------------------------------------------------------------------------------------------------------------------------------------------------------------------------------------------------------------------------------------------------------------------------------------------------------------------------------------------------------------------------------------------------------------------------------------------------------------------------------------------------------------------------------------------------------------------------+
; Slow 1200mV 0C Model Hold: 'altera_reserved_tck'                                                                                                                                                                                                                                                                                                                                                                                                                                                                                                                                                                                  ;
+-------+------------------------------------------------------------------------------------------------------------------------------------------------------------------------------------------------------------------------------------------------------------------+-------------------------------------------------------------------------------------------------------------------------------------------------------------------------------------------------------------------------------------------------------------------+---------------------+---------------------+--------------+------------+------------+
; Slack ; From Node                                                                                                                                                                                                                                                        ; To Node                                                                                                                                                                                                                                                           ; Launch Clock        ; Latch Clock         ; Relationship ; Clock Skew ; Data Delay ;
+-------+------------------------------------------------------------------------------------------------------------------------------------------------------------------------------------------------------------------------------------------------------------------+-------------------------------------------------------------------------------------------------------------------------------------------------------------------------------------------------------------------------------------------------------------------+---------------------+---------------------+--------------+------------+------------+
; 0.353 ; sld_hub:auto_hub|sld_jtag_hub:\jtag_hub_gen:sld_jtag_hub_inst|irsr_reg[4]                                                                                                                                                                                        ; sld_hub:auto_hub|sld_jtag_hub:\jtag_hub_gen:sld_jtag_hub_inst|irsr_reg[4]                                                                                                                                                                                         ; altera_reserved_tck ; altera_reserved_tck ; 0.000        ; 0.073      ; 0.597      ;
; 0.353 ; sld_hub:auto_hub|sld_jtag_hub:\jtag_hub_gen:sld_jtag_hub_inst|irsr_reg[5]                                                                                                                                                                                        ; sld_hub:auto_hub|sld_jtag_hub:\jtag_hub_gen:sld_jtag_hub_inst|irsr_reg[5]                                                                                                                                                                                         ; altera_reserved_tck ; altera_reserved_tck ; 0.000        ; 0.073      ; 0.597      ;
; 0.353 ; sld_hub:auto_hub|sld_jtag_hub:\jtag_hub_gen:sld_jtag_hub_inst|hub_mode_reg[0]                                                                                                                                                                                    ; sld_hub:auto_hub|sld_jtag_hub:\jtag_hub_gen:sld_jtag_hub_inst|hub_mode_reg[0]                                                                                                                                                                                     ; altera_reserved_tck ; altera_reserved_tck ; 0.000        ; 0.073      ; 0.597      ;
; 0.354 ; sld_hub:auto_hub|sld_jtag_hub:\jtag_hub_gen:sld_jtag_hub_inst|hub_mode_reg[2]                                                                                                                                                                                    ; sld_hub:auto_hub|sld_jtag_hub:\jtag_hub_gen:sld_jtag_hub_inst|hub_mode_reg[2]                                                                                                                                                                                     ; altera_reserved_tck ; altera_reserved_tck ; 0.000        ; 0.072      ; 0.597      ;
; 0.354 ; sld_hub:auto_hub|sld_jtag_hub:\jtag_hub_gen:sld_jtag_hub_inst|hub_mode_reg[1]                                                                                                                                                                                    ; sld_hub:auto_hub|sld_jtag_hub:\jtag_hub_gen:sld_jtag_hub_inst|hub_mode_reg[1]                                                                                                                                                                                     ; altera_reserved_tck ; altera_reserved_tck ; 0.000        ; 0.072      ; 0.597      ;
; 0.354 ; SoC:inst|SoC_jtag_uart:jtag_uart|alt_jtag_atlantic:SoC_jtag_uart_alt_jtag_atlantic|state                                                                                                                                                                         ; SoC:inst|SoC_jtag_uart:jtag_uart|alt_jtag_atlantic:SoC_jtag_uart_alt_jtag_atlantic|state                                                                                                                                                                          ; altera_reserved_tck ; altera_reserved_tck ; 0.000        ; 0.072      ; 0.597      ;
; 0.354 ; SoC:inst|SoC_jtag_uart:jtag_uart|alt_jtag_atlantic:SoC_jtag_uart_alt_jtag_atlantic|write_stalled                                                                                                                                                                 ; SoC:inst|SoC_jtag_uart:jtag_uart|alt_jtag_atlantic:SoC_jtag_uart_alt_jtag_atlantic|write_stalled                                                                                                                                                                  ; altera_reserved_tck ; altera_reserved_tck ; 0.000        ; 0.072      ; 0.597      ;
; 0.354 ; SoC:inst|SoC_jtag_uart:jtag_uart|alt_jtag_atlantic:SoC_jtag_uart_alt_jtag_atlantic|user_saw_rvalid                                                                                                                                                               ; SoC:inst|SoC_jtag_uart:jtag_uart|alt_jtag_atlantic:SoC_jtag_uart_alt_jtag_atlantic|user_saw_rvalid                                                                                                                                                                ; altera_reserved_tck ; altera_reserved_tck ; 0.000        ; 0.072      ; 0.597      ;
; 0.354 ; sld_hub:auto_hub|sld_jtag_hub:\jtag_hub_gen:sld_jtag_hub_inst|sld_shadow_jsm:shadow_jsm|state[11]                                                                                                                                                                ; sld_hub:auto_hub|sld_jtag_hub:\jtag_hub_gen:sld_jtag_hub_inst|sld_shadow_jsm:shadow_jsm|state[11]                                                                                                                                                                 ; altera_reserved_tck ; altera_reserved_tck ; 0.000        ; 0.072      ; 0.597      ;
; 0.354 ; sld_hub:auto_hub|sld_jtag_hub:\jtag_hub_gen:sld_jtag_hub_inst|sld_shadow_jsm:shadow_jsm|state[13]                                                                                                                                                                ; sld_hub:auto_hub|sld_jtag_hub:\jtag_hub_gen:sld_jtag_hub_inst|sld_shadow_jsm:shadow_jsm|state[13]                                                                                                                                                                 ; altera_reserved_tck ; altera_reserved_tck ; 0.000        ; 0.072      ; 0.597      ;
; 0.354 ; sld_hub:auto_hub|sld_jtag_hub:\jtag_hub_gen:sld_jtag_hub_inst|tdo_bypass_reg                                                                                                                                                                                     ; sld_hub:auto_hub|sld_jtag_hub:\jtag_hub_gen:sld_jtag_hub_inst|tdo_bypass_reg                                                                                                                                                                                      ; altera_reserved_tck ; altera_reserved_tck ; 0.000        ; 0.072      ; 0.597      ;
; 0.354 ; sld_hub:auto_hub|sld_jtag_hub:\jtag_hub_gen:sld_jtag_hub_inst|sld_shadow_jsm:shadow_jsm|state[4]                                                                                                                                                                 ; sld_hub:auto_hub|sld_jtag_hub:\jtag_hub_gen:sld_jtag_hub_inst|sld_shadow_jsm:shadow_jsm|state[4]                                                                                                                                                                  ; altera_reserved_tck ; altera_reserved_tck ; 0.000        ; 0.072      ; 0.597      ;
; 0.354 ; sld_hub:auto_hub|sld_jtag_hub:\jtag_hub_gen:sld_jtag_hub_inst|sld_shadow_jsm:shadow_jsm|state[6]                                                                                                                                                                 ; sld_hub:auto_hub|sld_jtag_hub:\jtag_hub_gen:sld_jtag_hub_inst|sld_shadow_jsm:shadow_jsm|state[6]                                                                                                                                                                  ; altera_reserved_tck ; altera_reserved_tck ; 0.000        ; 0.072      ; 0.597      ;
; 0.354 ; sld_hub:auto_hub|sld_jtag_hub:\jtag_hub_gen:sld_jtag_hub_inst|sld_shadow_jsm:shadow_jsm|state[1]                                                                                                                                                                 ; sld_hub:auto_hub|sld_jtag_hub:\jtag_hub_gen:sld_jtag_hub_inst|sld_shadow_jsm:shadow_jsm|state[1]                                                                                                                                                                  ; altera_reserved_tck ; altera_reserved_tck ; 0.000        ; 0.072      ; 0.597      ;
; 0.354 ; sld_hub:auto_hub|sld_jtag_hub:\jtag_hub_gen:sld_jtag_hub_inst|sld_shadow_jsm:shadow_jsm|state[0]                                                                                                                                                                 ; sld_hub:auto_hub|sld_jtag_hub:\jtag_hub_gen:sld_jtag_hub_inst|sld_shadow_jsm:shadow_jsm|state[0]                                                                                                                                                                  ; altera_reserved_tck ; altera_reserved_tck ; 0.000        ; 0.072      ; 0.597      ;
; 0.354 ; sld_hub:auto_hub|sld_jtag_hub:\jtag_hub_gen:sld_jtag_hub_inst|sld_shadow_jsm:shadow_jsm|tms_cnt[2]                                                                                                                                                               ; sld_hub:auto_hub|sld_jtag_hub:\jtag_hub_gen:sld_jtag_hub_inst|sld_shadow_jsm:shadow_jsm|tms_cnt[2]                                                                                                                                                                ; altera_reserved_tck ; altera_reserved_tck ; 0.000        ; 0.072      ; 0.597      ;
; 0.354 ; sld_hub:auto_hub|sld_jtag_hub:\jtag_hub_gen:sld_jtag_hub_inst|sld_shadow_jsm:shadow_jsm|tms_cnt[1]                                                                                                                                                               ; sld_hub:auto_hub|sld_jtag_hub:\jtag_hub_gen:sld_jtag_hub_inst|sld_shadow_jsm:shadow_jsm|tms_cnt[1]                                                                                                                                                                ; altera_reserved_tck ; altera_reserved_tck ; 0.000        ; 0.072      ; 0.597      ;
; 0.354 ; SoC:inst|SoC_cpu:cpu|SoC_cpu_nios2_oci:the_SoC_cpu_nios2_oci|SoC_cpu_jtag_debug_module_wrapper:the_SoC_cpu_jtag_debug_module_wrapper|SoC_cpu_jtag_debug_module_tck:the_SoC_cpu_jtag_debug_module_tck|sr[31]                                                      ; SoC:inst|SoC_cpu:cpu|SoC_cpu_nios2_oci:the_SoC_cpu_nios2_oci|SoC_cpu_jtag_debug_module_wrapper:the_SoC_cpu_jtag_debug_module_wrapper|SoC_cpu_jtag_debug_module_tck:the_SoC_cpu_jtag_debug_module_tck|sr[31]                                                       ; altera_reserved_tck ; altera_reserved_tck ; 0.000        ; 0.072      ; 0.597      ;
; 0.354 ; SoC:inst|SoC_cpu:cpu|SoC_cpu_nios2_oci:the_SoC_cpu_nios2_oci|SoC_cpu_jtag_debug_module_wrapper:the_SoC_cpu_jtag_debug_module_wrapper|SoC_cpu_jtag_debug_module_tck:the_SoC_cpu_jtag_debug_module_tck|sr[7]                                                       ; SoC:inst|SoC_cpu:cpu|SoC_cpu_nios2_oci:the_SoC_cpu_nios2_oci|SoC_cpu_jtag_debug_module_wrapper:the_SoC_cpu_jtag_debug_module_wrapper|SoC_cpu_jtag_debug_module_tck:the_SoC_cpu_jtag_debug_module_tck|sr[7]                                                        ; altera_reserved_tck ; altera_reserved_tck ; 0.000        ; 0.072      ; 0.597      ;
; 0.355 ; SoC:inst|SoC_jtag_uart:jtag_uart|alt_jtag_atlantic:SoC_jtag_uart_alt_jtag_atlantic|jupdate                                                                                                                                                                       ; SoC:inst|SoC_jtag_uart:jtag_uart|alt_jtag_atlantic:SoC_jtag_uart_alt_jtag_atlantic|jupdate                                                                                                                                                                        ; altera_reserved_tck ; altera_reserved_tck ; 0.000        ; 0.071      ; 0.597      ;
; 0.365 ; SoC:inst|SoC_jtag_uart:jtag_uart|alt_jtag_atlantic:SoC_jtag_uart_alt_jtag_atlantic|write                                                                                                                                                                         ; SoC:inst|SoC_jtag_uart:jtag_uart|alt_jtag_atlantic:SoC_jtag_uart_alt_jtag_atlantic|write                                                                                                                                                                          ; altera_reserved_tck ; altera_reserved_tck ; 0.000        ; 0.072      ; 0.608      ;
; 0.365 ; SoC:inst|SoC_jtag_uart:jtag_uart|alt_jtag_atlantic:SoC_jtag_uart_alt_jtag_atlantic|read                                                                                                                                                                          ; SoC:inst|SoC_jtag_uart:jtag_uart|alt_jtag_atlantic:SoC_jtag_uart_alt_jtag_atlantic|read                                                                                                                                                                           ; altera_reserved_tck ; altera_reserved_tck ; 0.000        ; 0.072      ; 0.608      ;
; 0.365 ; sld_hub:auto_hub|sld_jtag_hub:\jtag_hub_gen:sld_jtag_hub_inst|sld_shadow_jsm:shadow_jsm|tms_cnt[0]                                                                                                                                                               ; sld_hub:auto_hub|sld_jtag_hub:\jtag_hub_gen:sld_jtag_hub_inst|sld_shadow_jsm:shadow_jsm|tms_cnt[0]                                                                                                                                                                ; altera_reserved_tck ; altera_reserved_tck ; 0.000        ; 0.072      ; 0.608      ;
; 0.379 ; sld_hub:auto_hub|sld_jtag_hub:\jtag_hub_gen:sld_jtag_hub_inst|sld_shadow_jsm:shadow_jsm|tms_cnt[2]                                                                                                                                                               ; sld_hub:auto_hub|sld_jtag_hub:\jtag_hub_gen:sld_jtag_hub_inst|sld_shadow_jsm:shadow_jsm|state[0]                                                                                                                                                                  ; altera_reserved_tck ; altera_reserved_tck ; 0.000        ; 0.072      ; 0.622      ;
; 0.379 ; sld_hub:auto_hub|sld_jtag_hub:\jtag_hub_gen:sld_jtag_hub_inst|sld_shadow_jsm:shadow_jsm|tms_cnt[1]                                                                                                                                                               ; sld_hub:auto_hub|sld_jtag_hub:\jtag_hub_gen:sld_jtag_hub_inst|sld_shadow_jsm:shadow_jsm|tms_cnt[2]                                                                                                                                                                ; altera_reserved_tck ; altera_reserved_tck ; 0.000        ; 0.072      ; 0.622      ;
; 0.386 ; sld_hub:auto_hub|sld_jtag_hub:\jtag_hub_gen:sld_jtag_hub_inst|jtag_ir_reg[3]                                                                                                                                                                                     ; sld_hub:auto_hub|sld_jtag_hub:\jtag_hub_gen:sld_jtag_hub_inst|jtag_ir_reg[2]                                                                                                                                                                                      ; altera_reserved_tck ; altera_reserved_tck ; 0.000        ; 0.072      ; 0.629      ;
; 0.388 ; sld_hub:auto_hub|sld_jtag_hub:\jtag_hub_gen:sld_jtag_hub_inst|sld_shadow_jsm:shadow_jsm|tms_cnt[0]                                                                                                                                                               ; sld_hub:auto_hub|sld_jtag_hub:\jtag_hub_gen:sld_jtag_hub_inst|sld_shadow_jsm:shadow_jsm|tms_cnt[1]                                                                                                                                                                ; altera_reserved_tck ; altera_reserved_tck ; 0.000        ; 0.072      ; 0.631      ;
; 0.394 ; SoC:inst|SoC_cpu:cpu|SoC_cpu_nios2_oci:the_SoC_cpu_nios2_oci|SoC_cpu_jtag_debug_module_wrapper:the_SoC_cpu_jtag_debug_module_wrapper|SoC_cpu_jtag_debug_module_tck:the_SoC_cpu_jtag_debug_module_tck|altera_std_synchronizer:the_altera_std_synchronizer2|din_s1 ; SoC:inst|SoC_cpu:cpu|SoC_cpu_nios2_oci:the_SoC_cpu_nios2_oci|SoC_cpu_jtag_debug_module_wrapper:the_SoC_cpu_jtag_debug_module_wrapper|SoC_cpu_jtag_debug_module_tck:the_SoC_cpu_jtag_debug_module_tck|altera_std_synchronizer:the_altera_std_synchronizer2|dreg[0] ; altera_reserved_tck ; altera_reserved_tck ; 0.000        ; 0.073      ; 0.638      ;
; 0.395 ; sld_hub:auto_hub|sld_jtag_hub:\jtag_hub_gen:sld_jtag_hub_inst|shadow_irf_reg[2][3]                                                                                                                                                                               ; sld_hub:auto_hub|sld_jtag_hub:\jtag_hub_gen:sld_jtag_hub_inst|irf_reg[2][3]                                                                                                                                                                                       ; altera_reserved_tck ; altera_reserved_tck ; 0.000        ; 0.072      ; 0.638      ;
; 0.395 ; SoC:inst|SoC_jtag_uart:jtag_uart|alt_jtag_atlantic:SoC_jtag_uart_alt_jtag_atlantic|count[5]                                                                                                                                                                      ; SoC:inst|SoC_jtag_uart:jtag_uart|alt_jtag_atlantic:SoC_jtag_uart_alt_jtag_atlantic|count[6]                                                                                                                                                                       ; altera_reserved_tck ; altera_reserved_tck ; 0.000        ; 0.072      ; 0.638      ;
; 0.395 ; sld_hub:auto_hub|sld_jtag_hub:\jtag_hub_gen:sld_jtag_hub_inst|hub_minor_ver_reg[3]                                                                                                                                                                               ; sld_hub:auto_hub|sld_jtag_hub:\jtag_hub_gen:sld_jtag_hub_inst|hub_minor_ver_reg[2]                                                                                                                                                                                ; altera_reserved_tck ; altera_reserved_tck ; 0.000        ; 0.072      ; 0.638      ;
; 0.395 ; sld_hub:auto_hub|sld_jtag_hub:\jtag_hub_gen:sld_jtag_hub_inst|hub_mode_reg[2]                                                                                                                                                                                    ; sld_hub:auto_hub|sld_jtag_hub:\jtag_hub_gen:sld_jtag_hub_inst|clr_reg                                                                                                                                                                                             ; altera_reserved_tck ; altera_reserved_tck ; 0.000        ; 0.072      ; 0.638      ;
; 0.396 ; sld_hub:auto_hub|sld_jtag_hub:\jtag_hub_gen:sld_jtag_hub_inst|irf_reg[2][2]                                                                                                                                                                                      ; sld_hub:auto_hub|sld_jtag_hub:\jtag_hub_gen:sld_jtag_hub_inst|shadow_irf_reg[2][2]                                                                                                                                                                                ; altera_reserved_tck ; altera_reserved_tck ; 0.000        ; 0.072      ; 0.639      ;
; 0.396 ; sld_hub:auto_hub|sld_jtag_hub:\jtag_hub_gen:sld_jtag_hub_inst|irf_reg[2][1]                                                                                                                                                                                      ; sld_hub:auto_hub|sld_jtag_hub:\jtag_hub_gen:sld_jtag_hub_inst|shadow_irf_reg[2][1]                                                                                                                                                                                ; altera_reserved_tck ; altera_reserved_tck ; 0.000        ; 0.072      ; 0.639      ;
; 0.396 ; sld_hub:auto_hub|sld_jtag_hub:\jtag_hub_gen:sld_jtag_hub_inst|shadow_irf_reg[2][1]                                                                                                                                                                               ; sld_hub:auto_hub|sld_jtag_hub:\jtag_hub_gen:sld_jtag_hub_inst|irf_reg[2][1]                                                                                                                                                                                       ; altera_reserved_tck ; altera_reserved_tck ; 0.000        ; 0.072      ; 0.639      ;
; 0.396 ; sld_hub:auto_hub|sld_jtag_hub:\jtag_hub_gen:sld_jtag_hub_inst|irf_reg[1][4]                                                                                                                                                                                      ; sld_hub:auto_hub|sld_jtag_hub:\jtag_hub_gen:sld_jtag_hub_inst|shadow_irf_reg[1][4]                                                                                                                                                                                ; altera_reserved_tck ; altera_reserved_tck ; 0.000        ; 0.072      ; 0.639      ;
; 0.396 ; sld_hub:auto_hub|sld_jtag_hub:\jtag_hub_gen:sld_jtag_hub_inst|irf_reg[1][2]                                                                                                                                                                                      ; sld_hub:auto_hub|sld_jtag_hub:\jtag_hub_gen:sld_jtag_hub_inst|shadow_irf_reg[1][2]                                                                                                                                                                                ; altera_reserved_tck ; altera_reserved_tck ; 0.000        ; 0.072      ; 0.639      ;
; 0.396 ; sld_hub:auto_hub|sld_jtag_hub:\jtag_hub_gen:sld_jtag_hub_inst|sld_rom_sr:hub_info_reg|WORD_SR[2]                                                                                                                                                                 ; sld_hub:auto_hub|sld_jtag_hub:\jtag_hub_gen:sld_jtag_hub_inst|sld_rom_sr:hub_info_reg|WORD_SR[1]                                                                                                                                                                  ; altera_reserved_tck ; altera_reserved_tck ; 0.000        ; 0.072      ; 0.639      ;
; 0.396 ; sld_hub:auto_hub|sld_jtag_hub:\jtag_hub_gen:sld_jtag_hub_inst|hub_minor_ver_reg[1]                                                                                                                                                                               ; sld_hub:auto_hub|sld_jtag_hub:\jtag_hub_gen:sld_jtag_hub_inst|hub_minor_ver_reg[0]                                                                                                                                                                                ; altera_reserved_tck ; altera_reserved_tck ; 0.000        ; 0.072      ; 0.639      ;
; 0.396 ; sld_hub:auto_hub|sld_jtag_hub:\jtag_hub_gen:sld_jtag_hub_inst|hub_minor_ver_reg[2]                                                                                                                                                                               ; sld_hub:auto_hub|sld_jtag_hub:\jtag_hub_gen:sld_jtag_hub_inst|hub_minor_ver_reg[1]                                                                                                                                                                                ; altera_reserved_tck ; altera_reserved_tck ; 0.000        ; 0.072      ; 0.639      ;
; 0.396 ; SoC:inst|SoC_cpu:cpu|SoC_cpu_nios2_oci:the_SoC_cpu_nios2_oci|SoC_cpu_jtag_debug_module_wrapper:the_SoC_cpu_jtag_debug_module_wrapper|SoC_cpu_jtag_debug_module_tck:the_SoC_cpu_jtag_debug_module_tck|altera_std_synchronizer:the_altera_std_synchronizer1|din_s1 ; SoC:inst|SoC_cpu:cpu|SoC_cpu_nios2_oci:the_SoC_cpu_nios2_oci|SoC_cpu_jtag_debug_module_wrapper:the_SoC_cpu_jtag_debug_module_wrapper|SoC_cpu_jtag_debug_module_tck:the_SoC_cpu_jtag_debug_module_tck|altera_std_synchronizer:the_altera_std_synchronizer1|dreg[0] ; altera_reserved_tck ; altera_reserved_tck ; 0.000        ; 0.073      ; 0.640      ;
; 0.396 ; sld_hub:auto_hub|sld_jtag_hub:\jtag_hub_gen:sld_jtag_hub_inst|jtag_ir_reg[5]                                                                                                                                                                                     ; sld_hub:auto_hub|sld_jtag_hub:\jtag_hub_gen:sld_jtag_hub_inst|jtag_ir_reg[4]                                                                                                                                                                                      ; altera_reserved_tck ; altera_reserved_tck ; 0.000        ; 0.072      ; 0.639      ;
; 0.396 ; sld_hub:auto_hub|sld_jtag_hub:\jtag_hub_gen:sld_jtag_hub_inst|sld_shadow_jsm:shadow_jsm|state[6]                                                                                                                                                                 ; sld_hub:auto_hub|sld_jtag_hub:\jtag_hub_gen:sld_jtag_hub_inst|sld_shadow_jsm:shadow_jsm|state[7]                                                                                                                                                                  ; altera_reserved_tck ; altera_reserved_tck ; 0.000        ; 0.072      ; 0.639      ;
; 0.397 ; SoC:inst|SoC_jtag_uart:jtag_uart|alt_jtag_atlantic:SoC_jtag_uart_alt_jtag_atlantic|count[7]                                                                                                                                                                      ; SoC:inst|SoC_jtag_uart:jtag_uart|alt_jtag_atlantic:SoC_jtag_uart_alt_jtag_atlantic|count[8]                                                                                                                                                                       ; altera_reserved_tck ; altera_reserved_tck ; 0.000        ; 0.072      ; 0.640      ;
; 0.397 ; sld_hub:auto_hub|sld_jtag_hub:\jtag_hub_gen:sld_jtag_hub_inst|shadow_irf_reg[2][0]                                                                                                                                                                               ; sld_hub:auto_hub|sld_jtag_hub:\jtag_hub_gen:sld_jtag_hub_inst|irf_reg[2][0]                                                                                                                                                                                       ; altera_reserved_tck ; altera_reserved_tck ; 0.000        ; 0.072      ; 0.640      ;
; 0.397 ; sld_hub:auto_hub|sld_jtag_hub:\jtag_hub_gen:sld_jtag_hub_inst|shadow_irf_reg[1][1]                                                                                                                                                                               ; sld_hub:auto_hub|sld_jtag_hub:\jtag_hub_gen:sld_jtag_hub_inst|irf_reg[1][1]                                                                                                                                                                                       ; altera_reserved_tck ; altera_reserved_tck ; 0.000        ; 0.072      ; 0.640      ;
; 0.397 ; sld_hub:auto_hub|sld_jtag_hub:\jtag_hub_gen:sld_jtag_hub_inst|sld_shadow_jsm:shadow_jsm|state[13]                                                                                                                                                                ; sld_hub:auto_hub|sld_jtag_hub:\jtag_hub_gen:sld_jtag_hub_inst|sld_shadow_jsm:shadow_jsm|state[14]                                                                                                                                                                 ; altera_reserved_tck ; altera_reserved_tck ; 0.000        ; 0.072      ; 0.640      ;
; 0.397 ; sld_hub:auto_hub|sld_jtag_hub:\jtag_hub_gen:sld_jtag_hub_inst|jtag_ir_reg[9]                                                                                                                                                                                     ; sld_hub:auto_hub|sld_jtag_hub:\jtag_hub_gen:sld_jtag_hub_inst|jtag_ir_reg[8]                                                                                                                                                                                      ; altera_reserved_tck ; altera_reserved_tck ; 0.000        ; 0.072      ; 0.640      ;
; 0.398 ; sld_hub:auto_hub|sld_jtag_hub:\jtag_hub_gen:sld_jtag_hub_inst|shadow_irf_reg[1][3]                                                                                                                                                                               ; sld_hub:auto_hub|sld_jtag_hub:\jtag_hub_gen:sld_jtag_hub_inst|irf_reg[1][3]                                                                                                                                                                                       ; altera_reserved_tck ; altera_reserved_tck ; 0.000        ; 0.072      ; 0.641      ;
; 0.398 ; SoC:inst|SoC_jtag_uart:jtag_uart|alt_jtag_atlantic:SoC_jtag_uart_alt_jtag_atlantic|count[4]                                                                                                                                                                      ; SoC:inst|SoC_jtag_uart:jtag_uart|alt_jtag_atlantic:SoC_jtag_uart_alt_jtag_atlantic|count[5]                                                                                                                                                                       ; altera_reserved_tck ; altera_reserved_tck ; 0.000        ; 0.072      ; 0.641      ;
; 0.398 ; sld_hub:auto_hub|sld_jtag_hub:\jtag_hub_gen:sld_jtag_hub_inst|identity_contrib_update_reg[1]                                                                                                                                                                     ; sld_hub:auto_hub|sld_jtag_hub:\jtag_hub_gen:sld_jtag_hub_inst|design_hash_reg[1]                                                                                                                                                                                  ; altera_reserved_tck ; altera_reserved_tck ; 0.000        ; 0.071      ; 0.640      ;
; 0.398 ; sld_hub:auto_hub|sld_jtag_hub:\jtag_hub_gen:sld_jtag_hub_inst|identity_contrib_update_reg[2]                                                                                                                                                                     ; sld_hub:auto_hub|sld_jtag_hub:\jtag_hub_gen:sld_jtag_hub_inst|design_hash_reg[2]                                                                                                                                                                                  ; altera_reserved_tck ; altera_reserved_tck ; 0.000        ; 0.071      ; 0.640      ;
; 0.399 ; SoC:inst|SoC_jtag_uart:jtag_uart|alt_jtag_atlantic:SoC_jtag_uart_alt_jtag_atlantic|count[3]                                                                                                                                                                      ; SoC:inst|SoC_jtag_uart:jtag_uart|alt_jtag_atlantic:SoC_jtag_uart_alt_jtag_atlantic|count[4]                                                                                                                                                                       ; altera_reserved_tck ; altera_reserved_tck ; 0.000        ; 0.072      ; 0.642      ;
; 0.399 ; sld_hub:auto_hub|sld_jtag_hub:\jtag_hub_gen:sld_jtag_hub_inst|identity_contrib_update_reg[0]                                                                                                                                                                     ; sld_hub:auto_hub|sld_jtag_hub:\jtag_hub_gen:sld_jtag_hub_inst|design_hash_reg[0]                                                                                                                                                                                  ; altera_reserved_tck ; altera_reserved_tck ; 0.000        ; 0.071      ; 0.641      ;
; 0.400 ; SoC:inst|SoC_jtag_uart:jtag_uart|alt_jtag_atlantic:SoC_jtag_uart_alt_jtag_atlantic|td_shift[5]                                                                                                                                                                   ; SoC:inst|SoC_jtag_uart:jtag_uart|alt_jtag_atlantic:SoC_jtag_uart_alt_jtag_atlantic|wdata[1]                                                                                                                                                                       ; altera_reserved_tck ; altera_reserved_tck ; 0.000        ; 0.073      ; 0.644      ;
; 0.400 ; sld_hub:auto_hub|sld_jtag_hub:\jtag_hub_gen:sld_jtag_hub_inst|sld_shadow_jsm:shadow_jsm|state[2]                                                                                                                                                                 ; sld_hub:auto_hub|sld_jtag_hub:\jtag_hub_gen:sld_jtag_hub_inst|sld_shadow_jsm:shadow_jsm|state[9]                                                                                                                                                                  ; altera_reserved_tck ; altera_reserved_tck ; 0.000        ; 0.072      ; 0.643      ;
; 0.401 ; SoC:inst|SoC_cpu:cpu|SoC_cpu_nios2_oci:the_SoC_cpu_nios2_oci|SoC_cpu_jtag_debug_module_wrapper:the_SoC_cpu_jtag_debug_module_wrapper|SoC_cpu_jtag_debug_module_tck:the_SoC_cpu_jtag_debug_module_tck|sr[26]                                                      ; SoC:inst|SoC_cpu:cpu|SoC_cpu_nios2_oci:the_SoC_cpu_nios2_oci|SoC_cpu_jtag_debug_module_wrapper:the_SoC_cpu_jtag_debug_module_wrapper|SoC_cpu_jtag_debug_module_tck:the_SoC_cpu_jtag_debug_module_tck|sr[25]                                                       ; altera_reserved_tck ; altera_reserved_tck ; 0.000        ; 0.073      ; 0.645      ;
; 0.402 ; sld_hub:auto_hub|sld_jtag_hub:\jtag_hub_gen:sld_jtag_hub_inst|sld_shadow_jsm:shadow_jsm|state[14]                                                                                                                                                                ; sld_hub:auto_hub|sld_jtag_hub:\jtag_hub_gen:sld_jtag_hub_inst|sld_shadow_jsm:shadow_jsm|state[15]                                                                                                                                                                 ; altera_reserved_tck ; altera_reserved_tck ; 0.000        ; 0.072      ; 0.645      ;
; 0.402 ; sld_hub:auto_hub|sld_jtag_hub:\jtag_hub_gen:sld_jtag_hub_inst|jtag_ir_reg[7]                                                                                                                                                                                     ; sld_hub:auto_hub|sld_jtag_hub:\jtag_hub_gen:sld_jtag_hub_inst|jtag_ir_reg[6]                                                                                                                                                                                      ; altera_reserved_tck ; altera_reserved_tck ; 0.000        ; 0.072      ; 0.645      ;
; 0.402 ; sld_hub:auto_hub|sld_jtag_hub:\jtag_hub_gen:sld_jtag_hub_inst|sld_shadow_jsm:shadow_jsm|state[12]                                                                                                                                                                ; sld_hub:auto_hub|sld_jtag_hub:\jtag_hub_gen:sld_jtag_hub_inst|sld_shadow_jsm:shadow_jsm|state[13]                                                                                                                                                                 ; altera_reserved_tck ; altera_reserved_tck ; 0.000        ; 0.072      ; 0.645      ;
; 0.403 ; SoC:inst|SoC_jtag_uart:jtag_uart|alt_jtag_atlantic:SoC_jtag_uart_alt_jtag_atlantic|td_shift[6]                                                                                                                                                                   ; SoC:inst|SoC_jtag_uart:jtag_uart|alt_jtag_atlantic:SoC_jtag_uart_alt_jtag_atlantic|wdata[2]                                                                                                                                                                       ; altera_reserved_tck ; altera_reserved_tck ; 0.000        ; 0.073      ; 0.647      ;
; 0.403 ; SoC:inst|SoC_cpu:cpu|SoC_cpu_nios2_oci:the_SoC_cpu_nios2_oci|SoC_cpu_jtag_debug_module_wrapper:the_SoC_cpu_jtag_debug_module_wrapper|SoC_cpu_jtag_debug_module_tck:the_SoC_cpu_jtag_debug_module_tck|sr[37]                                                      ; SoC:inst|SoC_cpu:cpu|SoC_cpu_nios2_oci:the_SoC_cpu_nios2_oci|SoC_cpu_jtag_debug_module_wrapper:the_SoC_cpu_jtag_debug_module_wrapper|SoC_cpu_jtag_debug_module_tck:the_SoC_cpu_jtag_debug_module_tck|sr[36]                                                       ; altera_reserved_tck ; altera_reserved_tck ; 0.000        ; 0.073      ; 0.647      ;
; 0.403 ; sld_hub:auto_hub|sld_jtag_hub:\jtag_hub_gen:sld_jtag_hub_inst|jtag_ir_reg[4]                                                                                                                                                                                     ; sld_hub:auto_hub|sld_jtag_hub:\jtag_hub_gen:sld_jtag_hub_inst|jtag_ir_reg[3]                                                                                                                                                                                      ; altera_reserved_tck ; altera_reserved_tck ; 0.000        ; 0.072      ; 0.646      ;
; 0.403 ; sld_hub:auto_hub|sld_jtag_hub:\jtag_hub_gen:sld_jtag_hub_inst|jtag_ir_reg[8]                                                                                                                                                                                     ; sld_hub:auto_hub|sld_jtag_hub:\jtag_hub_gen:sld_jtag_hub_inst|jtag_ir_reg[7]                                                                                                                                                                                      ; altera_reserved_tck ; altera_reserved_tck ; 0.000        ; 0.072      ; 0.646      ;
; 0.403 ; sld_hub:auto_hub|sld_jtag_hub:\jtag_hub_gen:sld_jtag_hub_inst|sld_shadow_jsm:shadow_jsm|state[14]                                                                                                                                                                ; sld_hub:auto_hub|sld_jtag_hub:\jtag_hub_gen:sld_jtag_hub_inst|sld_shadow_jsm:shadow_jsm|state[11]                                                                                                                                                                 ; altera_reserved_tck ; altera_reserved_tck ; 0.000        ; 0.072      ; 0.646      ;
; 0.403 ; SoC:inst|SoC_cpu:cpu|SoC_cpu_nios2_oci:the_SoC_cpu_nios2_oci|SoC_cpu_jtag_debug_module_wrapper:the_SoC_cpu_jtag_debug_module_wrapper|SoC_cpu_jtag_debug_module_tck:the_SoC_cpu_jtag_debug_module_tck|sr[30]                                                      ; SoC:inst|SoC_cpu:cpu|SoC_cpu_nios2_oci:the_SoC_cpu_nios2_oci|SoC_cpu_jtag_debug_module_wrapper:the_SoC_cpu_jtag_debug_module_wrapper|SoC_cpu_jtag_debug_module_tck:the_SoC_cpu_jtag_debug_module_tck|sr[29]                                                       ; altera_reserved_tck ; altera_reserved_tck ; 0.000        ; 0.072      ; 0.646      ;
; 0.404 ; SoC:inst|SoC_jtag_uart:jtag_uart|alt_jtag_atlantic:SoC_jtag_uart_alt_jtag_atlantic|td_shift[7]                                                                                                                                                                   ; SoC:inst|SoC_jtag_uart:jtag_uart|alt_jtag_atlantic:SoC_jtag_uart_alt_jtag_atlantic|wdata[3]                                                                                                                                                                       ; altera_reserved_tck ; altera_reserved_tck ; 0.000        ; 0.072      ; 0.647      ;
; 0.404 ; sld_hub:auto_hub|sld_jtag_hub:\jtag_hub_gen:sld_jtag_hub_inst|sld_shadow_jsm:shadow_jsm|state[2]                                                                                                                                                                 ; sld_hub:auto_hub|sld_jtag_hub:\jtag_hub_gen:sld_jtag_hub_inst|sld_shadow_jsm:shadow_jsm|state[3]                                                                                                                                                                  ; altera_reserved_tck ; altera_reserved_tck ; 0.000        ; 0.072      ; 0.647      ;
; 0.409 ; sld_hub:auto_hub|sld_jtag_hub:\jtag_hub_gen:sld_jtag_hub_inst|sld_shadow_jsm:shadow_jsm|state[5]                                                                                                                                                                 ; sld_hub:auto_hub|sld_jtag_hub:\jtag_hub_gen:sld_jtag_hub_inst|reset_ena_reg                                                                                                                                                                                       ; altera_reserved_tck ; altera_reserved_tck ; 0.000        ; 0.072      ; 0.652      ;
; 0.409 ; sld_hub:auto_hub|sld_jtag_hub:\jtag_hub_gen:sld_jtag_hub_inst|sld_shadow_jsm:shadow_jsm|state[5]                                                                                                                                                                 ; sld_hub:auto_hub|sld_jtag_hub:\jtag_hub_gen:sld_jtag_hub_inst|sld_shadow_jsm:shadow_jsm|state[6]                                                                                                                                                                  ; altera_reserved_tck ; altera_reserved_tck ; 0.000        ; 0.072      ; 0.652      ;
; 0.410 ; sld_hub:auto_hub|sld_jtag_hub:\jtag_hub_gen:sld_jtag_hub_inst|sld_shadow_jsm:shadow_jsm|state[5]                                                                                                                                                                 ; sld_hub:auto_hub|sld_jtag_hub:\jtag_hub_gen:sld_jtag_hub_inst|sld_shadow_jsm:shadow_jsm|state[8]                                                                                                                                                                  ; altera_reserved_tck ; altera_reserved_tck ; 0.000        ; 0.072      ; 0.653      ;
; 0.411 ; sld_hub:auto_hub|sld_jtag_hub:\jtag_hub_gen:sld_jtag_hub_inst|sld_shadow_jsm:shadow_jsm|state[7]                                                                                                                                                                 ; sld_hub:auto_hub|sld_jtag_hub:\jtag_hub_gen:sld_jtag_hub_inst|sld_shadow_jsm:shadow_jsm|state[4]                                                                                                                                                                  ; altera_reserved_tck ; altera_reserved_tck ; 0.000        ; 0.072      ; 0.654      ;
; 0.414 ; sld_hub:auto_hub|sld_jtag_hub:\jtag_hub_gen:sld_jtag_hub_inst|sld_rom_sr:hub_info_reg|word_counter[4]                                                                                                                                                            ; sld_hub:auto_hub|sld_jtag_hub:\jtag_hub_gen:sld_jtag_hub_inst|sld_rom_sr:hub_info_reg|word_counter[4]                                                                                                                                                             ; altera_reserved_tck ; altera_reserved_tck ; 0.000        ; 0.072      ; 0.657      ;
; 0.415 ; sld_hub:auto_hub|sld_jtag_hub:\jtag_hub_gen:sld_jtag_hub_inst|identity_contrib_shift_reg[2]                                                                                                                                                                      ; sld_hub:auto_hub|sld_jtag_hub:\jtag_hub_gen:sld_jtag_hub_inst|identity_contrib_shift_reg[1]                                                                                                                                                                       ; altera_reserved_tck ; altera_reserved_tck ; 0.000        ; 0.072      ; 0.658      ;
; 0.415 ; SoC:inst|SoC_cpu:cpu|SoC_cpu_nios2_oci:the_SoC_cpu_nios2_oci|SoC_cpu_jtag_debug_module_wrapper:the_SoC_cpu_jtag_debug_module_wrapper|SoC_cpu_jtag_debug_module_tck:the_SoC_cpu_jtag_debug_module_tck|sr[5]                                                       ; SoC:inst|SoC_cpu:cpu|SoC_cpu_nios2_oci:the_SoC_cpu_nios2_oci|SoC_cpu_jtag_debug_module_wrapper:the_SoC_cpu_jtag_debug_module_wrapper|SoC_cpu_jtag_debug_module_tck:the_SoC_cpu_jtag_debug_module_tck|sr[4]                                                        ; altera_reserved_tck ; altera_reserved_tck ; 0.000        ; 0.072      ; 0.658      ;
; 0.416 ; sld_hub:auto_hub|sld_jtag_hub:\jtag_hub_gen:sld_jtag_hub_inst|identity_contrib_shift_reg[1]                                                                                                                                                                      ; sld_hub:auto_hub|sld_jtag_hub:\jtag_hub_gen:sld_jtag_hub_inst|identity_contrib_shift_reg[0]                                                                                                                                                                       ; altera_reserved_tck ; altera_reserved_tck ; 0.000        ; 0.072      ; 0.659      ;
; 0.416 ; SoC:inst|SoC_cpu:cpu|SoC_cpu_nios2_oci:the_SoC_cpu_nios2_oci|SoC_cpu_jtag_debug_module_wrapper:the_SoC_cpu_jtag_debug_module_wrapper|SoC_cpu_jtag_debug_module_tck:the_SoC_cpu_jtag_debug_module_tck|sr[34]                                                      ; SoC:inst|SoC_cpu:cpu|SoC_cpu_nios2_oci:the_SoC_cpu_nios2_oci|SoC_cpu_jtag_debug_module_wrapper:the_SoC_cpu_jtag_debug_module_wrapper|SoC_cpu_jtag_debug_module_tck:the_SoC_cpu_jtag_debug_module_tck|sr[33]                                                       ; altera_reserved_tck ; altera_reserved_tck ; 0.000        ; 0.072      ; 0.659      ;
; 0.416 ; SoC:inst|SoC_cpu:cpu|SoC_cpu_nios2_oci:the_SoC_cpu_nios2_oci|SoC_cpu_jtag_debug_module_wrapper:the_SoC_cpu_jtag_debug_module_wrapper|SoC_cpu_jtag_debug_module_tck:the_SoC_cpu_jtag_debug_module_tck|sr[12]                                                      ; SoC:inst|SoC_cpu:cpu|SoC_cpu_nios2_oci:the_SoC_cpu_nios2_oci|SoC_cpu_jtag_debug_module_wrapper:the_SoC_cpu_jtag_debug_module_wrapper|SoC_cpu_jtag_debug_module_tck:the_SoC_cpu_jtag_debug_module_tck|sr[11]                                                       ; altera_reserved_tck ; altera_reserved_tck ; 0.000        ; 0.072      ; 0.659      ;
; 0.416 ; SoC:inst|SoC_cpu:cpu|SoC_cpu_nios2_oci:the_SoC_cpu_nios2_oci|SoC_cpu_jtag_debug_module_wrapper:the_SoC_cpu_jtag_debug_module_wrapper|SoC_cpu_jtag_debug_module_tck:the_SoC_cpu_jtag_debug_module_tck|sr[2]                                                       ; SoC:inst|SoC_cpu:cpu|SoC_cpu_nios2_oci:the_SoC_cpu_nios2_oci|SoC_cpu_jtag_debug_module_wrapper:the_SoC_cpu_jtag_debug_module_wrapper|SoC_cpu_jtag_debug_module_tck:the_SoC_cpu_jtag_debug_module_tck|sr[1]                                                        ; altera_reserved_tck ; altera_reserved_tck ; 0.000        ; 0.072      ; 0.659      ;
; 0.417 ; SoC:inst|SoC_jtag_uart:jtag_uart|alt_jtag_atlantic:SoC_jtag_uart_alt_jtag_atlantic|count[1]                                                                                                                                                                      ; SoC:inst|SoC_jtag_uart:jtag_uart|alt_jtag_atlantic:SoC_jtag_uart_alt_jtag_atlantic|count[2]                                                                                                                                                                       ; altera_reserved_tck ; altera_reserved_tck ; 0.000        ; 0.072      ; 0.660      ;
; 0.417 ; SoC:inst|SoC_jtag_uart:jtag_uart|alt_jtag_atlantic:SoC_jtag_uart_alt_jtag_atlantic|count[0]                                                                                                                                                                      ; SoC:inst|SoC_jtag_uart:jtag_uart|alt_jtag_atlantic:SoC_jtag_uart_alt_jtag_atlantic|count[1]                                                                                                                                                                       ; altera_reserved_tck ; altera_reserved_tck ; 0.000        ; 0.072      ; 0.660      ;
; 0.417 ; SoC:inst|SoC_cpu:cpu|SoC_cpu_nios2_oci:the_SoC_cpu_nios2_oci|SoC_cpu_jtag_debug_module_wrapper:the_SoC_cpu_jtag_debug_module_wrapper|SoC_cpu_jtag_debug_module_tck:the_SoC_cpu_jtag_debug_module_tck|sr[14]                                                      ; SoC:inst|SoC_cpu:cpu|SoC_cpu_nios2_oci:the_SoC_cpu_nios2_oci|SoC_cpu_jtag_debug_module_wrapper:the_SoC_cpu_jtag_debug_module_wrapper|SoC_cpu_jtag_debug_module_tck:the_SoC_cpu_jtag_debug_module_tck|sr[13]                                                       ; altera_reserved_tck ; altera_reserved_tck ; 0.000        ; 0.072      ; 0.660      ;
; 0.417 ; SoC:inst|SoC_cpu:cpu|SoC_cpu_nios2_oci:the_SoC_cpu_nios2_oci|SoC_cpu_jtag_debug_module_wrapper:the_SoC_cpu_jtag_debug_module_wrapper|SoC_cpu_jtag_debug_module_tck:the_SoC_cpu_jtag_debug_module_tck|sr[11]                                                      ; SoC:inst|SoC_cpu:cpu|SoC_cpu_nios2_oci:the_SoC_cpu_nios2_oci|SoC_cpu_jtag_debug_module_wrapper:the_SoC_cpu_jtag_debug_module_wrapper|SoC_cpu_jtag_debug_module_tck:the_SoC_cpu_jtag_debug_module_tck|sr[10]                                                       ; altera_reserved_tck ; altera_reserved_tck ; 0.000        ; 0.072      ; 0.660      ;
; 0.417 ; SoC:inst|SoC_cpu:cpu|SoC_cpu_nios2_oci:the_SoC_cpu_nios2_oci|SoC_cpu_jtag_debug_module_wrapper:the_SoC_cpu_jtag_debug_module_wrapper|SoC_cpu_jtag_debug_module_tck:the_SoC_cpu_jtag_debug_module_tck|sr[21]                                                      ; SoC:inst|SoC_cpu:cpu|SoC_cpu_nios2_oci:the_SoC_cpu_nios2_oci|SoC_cpu_jtag_debug_module_wrapper:the_SoC_cpu_jtag_debug_module_wrapper|SoC_cpu_jtag_debug_module_tck:the_SoC_cpu_jtag_debug_module_tck|sr[20]                                                       ; altera_reserved_tck ; altera_reserved_tck ; 0.000        ; 0.073      ; 0.661      ;
; 0.418 ; sld_hub:auto_hub|sld_jtag_hub:\jtag_hub_gen:sld_jtag_hub_inst|sld_shadow_jsm:shadow_jsm|state[11]                                                                                                                                                                ; sld_hub:auto_hub|sld_jtag_hub:\jtag_hub_gen:sld_jtag_hub_inst|sld_shadow_jsm:shadow_jsm|state[12]                                                                                                                                                                 ; altera_reserved_tck ; altera_reserved_tck ; 0.000        ; 0.072      ; 0.661      ;
; 0.425 ; sld_hub:auto_hub|sld_jtag_hub:\jtag_hub_gen:sld_jtag_hub_inst|sld_shadow_jsm:shadow_jsm|state[3]                                                                                                                                                                 ; sld_hub:auto_hub|sld_jtag_hub:\jtag_hub_gen:sld_jtag_hub_inst|sld_shadow_jsm:shadow_jsm|state[5]                                                                                                                                                                  ; altera_reserved_tck ; altera_reserved_tck ; 0.000        ; 0.072      ; 0.668      ;
; 0.431 ; sld_hub:auto_hub|sld_jtag_hub:\jtag_hub_gen:sld_jtag_hub_inst|irsr_reg[6]                                                                                                                                                                                        ; sld_hub:auto_hub|sld_jtag_hub:\jtag_hub_gen:sld_jtag_hub_inst|irsr_reg[5]                                                                                                                                                                                         ; altera_reserved_tck ; altera_reserved_tck ; 0.000        ; 0.073      ; 0.675      ;
; 0.449 ; sld_hub:auto_hub|sld_jtag_hub:\jtag_hub_gen:sld_jtag_hub_inst|mixer_addr_reg[4]                                                                                                                                                                                  ; sld_hub:auto_hub|sld_jtag_hub:\jtag_hub_gen:sld_jtag_hub_inst|mixer_addr_reg[4]                                                                                                                                                                                   ; altera_reserved_tck ; altera_reserved_tck ; 0.000        ; 0.071      ; 0.691      ;
; 0.507 ; sld_hub:auto_hub|sld_jtag_hub:\jtag_hub_gen:sld_jtag_hub_inst|shadow_irf_reg[1][4]                                                                                                                                                                               ; sld_hub:auto_hub|sld_jtag_hub:\jtag_hub_gen:sld_jtag_hub_inst|irf_reg[1][4]                                                                                                                                                                                       ; altera_reserved_tck ; altera_reserved_tck ; 0.000        ; 0.072      ; 0.750      ;
; 0.507 ; SoC:inst|SoC_jtag_uart:jtag_uart|alt_jtag_atlantic:SoC_jtag_uart_alt_jtag_atlantic|count[2]                                                                                                                                                                      ; SoC:inst|SoC_jtag_uart:jtag_uart|alt_jtag_atlantic:SoC_jtag_uart_alt_jtag_atlantic|count[3]                                                                                                                                                                       ; altera_reserved_tck ; altera_reserved_tck ; 0.000        ; 0.072      ; 0.750      ;
; 0.508 ; sld_hub:auto_hub|sld_jtag_hub:\jtag_hub_gen:sld_jtag_hub_inst|irf_reg[2][4]                                                                                                                                                                                      ; sld_hub:auto_hub|sld_jtag_hub:\jtag_hub_gen:sld_jtag_hub_inst|shadow_irf_reg[2][4]                                                                                                                                                                                ; altera_reserved_tck ; altera_reserved_tck ; 0.000        ; 0.072      ; 0.751      ;
; 0.508 ; sld_hub:auto_hub|sld_jtag_hub:\jtag_hub_gen:sld_jtag_hub_inst|shadow_irf_reg[2][4]                                                                                                                                                                               ; sld_hub:auto_hub|sld_jtag_hub:\jtag_hub_gen:sld_jtag_hub_inst|irf_reg[2][4]                                                                                                                                                                                       ; altera_reserved_tck ; altera_reserved_tck ; 0.000        ; 0.072      ; 0.751      ;
; 0.508 ; sld_hub:auto_hub|sld_jtag_hub:\jtag_hub_gen:sld_jtag_hub_inst|irf_reg[1][3]                                                                                                                                                                                      ; sld_hub:auto_hub|sld_jtag_hub:\jtag_hub_gen:sld_jtag_hub_inst|shadow_irf_reg[1][3]                                                                                                                                                                                ; altera_reserved_tck ; altera_reserved_tck ; 0.000        ; 0.072      ; 0.751      ;
; 0.508 ; sld_hub:auto_hub|sld_jtag_hub:\jtag_hub_gen:sld_jtag_hub_inst|sld_rom_sr:hub_info_reg|WORD_SR[3]                                                                                                                                                                 ; sld_hub:auto_hub|sld_jtag_hub:\jtag_hub_gen:sld_jtag_hub_inst|sld_rom_sr:hub_info_reg|WORD_SR[2]                                                                                                                                                                  ; altera_reserved_tck ; altera_reserved_tck ; 0.000        ; 0.072      ; 0.751      ;
; 0.509 ; sld_hub:auto_hub|sld_jtag_hub:\jtag_hub_gen:sld_jtag_hub_inst|shadow_irf_reg[1][0]                                                                                                                                                                               ; sld_hub:auto_hub|sld_jtag_hub:\jtag_hub_gen:sld_jtag_hub_inst|irf_reg[1][0]                                                                                                                                                                                       ; altera_reserved_tck ; altera_reserved_tck ; 0.000        ; 0.072      ; 0.752      ;
; 0.514 ; SoC:inst|SoC_cpu:cpu|SoC_cpu_nios2_oci:the_SoC_cpu_nios2_oci|SoC_cpu_jtag_debug_module_wrapper:the_SoC_cpu_jtag_debug_module_wrapper|SoC_cpu_jtag_debug_module_tck:the_SoC_cpu_jtag_debug_module_tck|sr[29]                                                      ; SoC:inst|SoC_cpu:cpu|SoC_cpu_nios2_oci:the_SoC_cpu_nios2_oci|SoC_cpu_jtag_debug_module_wrapper:the_SoC_cpu_jtag_debug_module_wrapper|SoC_cpu_jtag_debug_module_tck:the_SoC_cpu_jtag_debug_module_tck|sr[28]                                                       ; altera_reserved_tck ; altera_reserved_tck ; 0.000        ; 0.072      ; 0.757      ;
; 0.527 ; SoC:inst|SoC_jtag_uart:jtag_uart|alt_jtag_atlantic:SoC_jtag_uart_alt_jtag_atlantic|count[9]                                                                                                                                                                      ; SoC:inst|SoC_jtag_uart:jtag_uart|alt_jtag_atlantic:SoC_jtag_uart_alt_jtag_atlantic|td_shift[8]                                                                                                                                                                    ; altera_reserved_tck ; altera_reserved_tck ; 0.000        ; 0.072      ; 0.770      ;
; 0.528 ; SoC:inst|SoC_jtag_uart:jtag_uart|alt_jtag_atlantic:SoC_jtag_uart_alt_jtag_atlantic|count[9]                                                                                                                                                                      ; SoC:inst|SoC_jtag_uart:jtag_uart|alt_jtag_atlantic:SoC_jtag_uart_alt_jtag_atlantic|td_shift[9]                                                                                                                                                                    ; altera_reserved_tck ; altera_reserved_tck ; 0.000        ; 0.072      ; 0.771      ;
; 0.528 ; SoC:inst|SoC_cpu:cpu|SoC_cpu_nios2_oci:the_SoC_cpu_nios2_oci|SoC_cpu_jtag_debug_module_wrapper:the_SoC_cpu_jtag_debug_module_wrapper|SoC_cpu_jtag_debug_module_tck:the_SoC_cpu_jtag_debug_module_tck|sr[13]                                                      ; SoC:inst|SoC_cpu:cpu|SoC_cpu_nios2_oci:the_SoC_cpu_nios2_oci|SoC_cpu_jtag_debug_module_wrapper:the_SoC_cpu_jtag_debug_module_wrapper|SoC_cpu_jtag_debug_module_tck:the_SoC_cpu_jtag_debug_module_tck|sr[12]                                                       ; altera_reserved_tck ; altera_reserved_tck ; 0.000        ; 0.072      ; 0.771      ;
; 0.538 ; SoC:inst|SoC_jtag_uart:jtag_uart|alt_jtag_atlantic:SoC_jtag_uart_alt_jtag_atlantic|state                                                                                                                                                                         ; SoC:inst|SoC_jtag_uart:jtag_uart|alt_jtag_atlantic:SoC_jtag_uart_alt_jtag_atlantic|td_shift[0]                                                                                                                                                                    ; altera_reserved_tck ; altera_reserved_tck ; 0.000        ; 0.072      ; 0.781      ;
+-------+------------------------------------------------------------------------------------------------------------------------------------------------------------------------------------------------------------------------------------------------------------------+-------------------------------------------------------------------------------------------------------------------------------------------------------------------------------------------------------------------------------------------------------------------+---------------------+---------------------+--------------+------------+------------+


+-----------------------------------------------------------------------------------------------------------------------------------------------------------------------------------------------------------------------------------------------------------------------------------------------------+
; Slow 1200mV 0C Model Recovery: 'altera_reserved_tck'                                                                                                                                                                                                                                                ;
+--------+--------------------------------------------------------------------------------------------------+----------------------------------------------------------------------------------------------------+---------------------+---------------------+--------------+------------+------------+
; Slack  ; From Node                                                                                        ; To Node                                                                                            ; Launch Clock        ; Latch Clock         ; Relationship ; Clock Skew ; Data Delay ;
+--------+--------------------------------------------------------------------------------------------------+----------------------------------------------------------------------------------------------------+---------------------+---------------------+--------------+------------+------------+
; 47.995 ; sld_hub:auto_hub|sld_jtag_hub:\jtag_hub_gen:sld_jtag_hub_inst|clr_reg                            ; SoC:inst|SoC_jtag_uart:jtag_uart|alt_jtag_atlantic:SoC_jtag_uart_alt_jtag_atlantic|jupdate         ; altera_reserved_tck ; altera_reserved_tck ; 50.000       ; 0.154      ; 2.178      ;
; 47.995 ; sld_hub:auto_hub|sld_jtag_hub:\jtag_hub_gen:sld_jtag_hub_inst|clr_reg                            ; SoC:inst|SoC_jtag_uart:jtag_uart|alt_jtag_atlantic:SoC_jtag_uart_alt_jtag_atlantic|tdo~reg0        ; altera_reserved_tck ; altera_reserved_tck ; 50.000       ; 0.154      ; 2.178      ;
; 48.457 ; sld_hub:auto_hub|sld_jtag_hub:\jtag_hub_gen:sld_jtag_hub_inst|sld_shadow_jsm:shadow_jsm|state[8] ; sld_hub:auto_hub|sld_jtag_hub:\jtag_hub_gen:sld_jtag_hub_inst|tdo                                  ; altera_reserved_tck ; altera_reserved_tck ; 50.000       ; 0.162      ; 1.724      ;
; 97.723 ; sld_hub:auto_hub|sld_jtag_hub:\jtag_hub_gen:sld_jtag_hub_inst|clr_reg                            ; sld_hub:auto_hub|sld_jtag_hub:\jtag_hub_gen:sld_jtag_hub_inst|shadow_irf_reg[2][4]                 ; altera_reserved_tck ; altera_reserved_tck ; 100.000      ; -0.070     ; 2.226      ;
; 97.723 ; sld_hub:auto_hub|sld_jtag_hub:\jtag_hub_gen:sld_jtag_hub_inst|clr_reg                            ; sld_hub:auto_hub|sld_jtag_hub:\jtag_hub_gen:sld_jtag_hub_inst|irf_reg[2][4]                        ; altera_reserved_tck ; altera_reserved_tck ; 100.000      ; -0.070     ; 2.226      ;
; 97.723 ; sld_hub:auto_hub|sld_jtag_hub:\jtag_hub_gen:sld_jtag_hub_inst|clr_reg                            ; sld_hub:auto_hub|sld_jtag_hub:\jtag_hub_gen:sld_jtag_hub_inst|shadow_irf_reg[2][3]                 ; altera_reserved_tck ; altera_reserved_tck ; 100.000      ; -0.070     ; 2.226      ;
; 97.723 ; sld_hub:auto_hub|sld_jtag_hub:\jtag_hub_gen:sld_jtag_hub_inst|clr_reg                            ; sld_hub:auto_hub|sld_jtag_hub:\jtag_hub_gen:sld_jtag_hub_inst|irf_reg[2][3]                        ; altera_reserved_tck ; altera_reserved_tck ; 100.000      ; -0.070     ; 2.226      ;
; 97.723 ; sld_hub:auto_hub|sld_jtag_hub:\jtag_hub_gen:sld_jtag_hub_inst|clr_reg                            ; sld_hub:auto_hub|sld_jtag_hub:\jtag_hub_gen:sld_jtag_hub_inst|shadow_irf_reg[2][2]                 ; altera_reserved_tck ; altera_reserved_tck ; 100.000      ; -0.070     ; 2.226      ;
; 97.723 ; sld_hub:auto_hub|sld_jtag_hub:\jtag_hub_gen:sld_jtag_hub_inst|clr_reg                            ; sld_hub:auto_hub|sld_jtag_hub:\jtag_hub_gen:sld_jtag_hub_inst|irf_reg[2][2]                        ; altera_reserved_tck ; altera_reserved_tck ; 100.000      ; -0.070     ; 2.226      ;
; 97.723 ; sld_hub:auto_hub|sld_jtag_hub:\jtag_hub_gen:sld_jtag_hub_inst|clr_reg                            ; sld_hub:auto_hub|sld_jtag_hub:\jtag_hub_gen:sld_jtag_hub_inst|shadow_irf_reg[2][1]                 ; altera_reserved_tck ; altera_reserved_tck ; 100.000      ; -0.070     ; 2.226      ;
; 97.723 ; sld_hub:auto_hub|sld_jtag_hub:\jtag_hub_gen:sld_jtag_hub_inst|clr_reg                            ; sld_hub:auto_hub|sld_jtag_hub:\jtag_hub_gen:sld_jtag_hub_inst|irf_reg[2][1]                        ; altera_reserved_tck ; altera_reserved_tck ; 100.000      ; -0.070     ; 2.226      ;
; 97.723 ; sld_hub:auto_hub|sld_jtag_hub:\jtag_hub_gen:sld_jtag_hub_inst|clr_reg                            ; sld_hub:auto_hub|sld_jtag_hub:\jtag_hub_gen:sld_jtag_hub_inst|shadow_irf_reg[2][0]                 ; altera_reserved_tck ; altera_reserved_tck ; 100.000      ; -0.070     ; 2.226      ;
; 97.723 ; sld_hub:auto_hub|sld_jtag_hub:\jtag_hub_gen:sld_jtag_hub_inst|clr_reg                            ; sld_hub:auto_hub|sld_jtag_hub:\jtag_hub_gen:sld_jtag_hub_inst|irf_reg[2][0]                        ; altera_reserved_tck ; altera_reserved_tck ; 100.000      ; -0.070     ; 2.226      ;
; 97.731 ; sld_hub:auto_hub|sld_jtag_hub:\jtag_hub_gen:sld_jtag_hub_inst|clr_reg                            ; sld_hub:auto_hub|sld_jtag_hub:\jtag_hub_gen:sld_jtag_hub_inst|irsr_reg[1]                          ; altera_reserved_tck ; altera_reserved_tck ; 100.000      ; -0.067     ; 2.221      ;
; 97.731 ; sld_hub:auto_hub|sld_jtag_hub:\jtag_hub_gen:sld_jtag_hub_inst|clr_reg                            ; sld_hub:auto_hub|sld_jtag_hub:\jtag_hub_gen:sld_jtag_hub_inst|irsr_reg[2]                          ; altera_reserved_tck ; altera_reserved_tck ; 100.000      ; -0.067     ; 2.221      ;
; 97.731 ; sld_hub:auto_hub|sld_jtag_hub:\jtag_hub_gen:sld_jtag_hub_inst|clr_reg                            ; sld_hub:auto_hub|sld_jtag_hub:\jtag_hub_gen:sld_jtag_hub_inst|irsr_reg[3]                          ; altera_reserved_tck ; altera_reserved_tck ; 100.000      ; -0.067     ; 2.221      ;
; 97.731 ; sld_hub:auto_hub|sld_jtag_hub:\jtag_hub_gen:sld_jtag_hub_inst|clr_reg                            ; sld_hub:auto_hub|sld_jtag_hub:\jtag_hub_gen:sld_jtag_hub_inst|irsr_reg[4]                          ; altera_reserved_tck ; altera_reserved_tck ; 100.000      ; -0.067     ; 2.221      ;
; 97.731 ; sld_hub:auto_hub|sld_jtag_hub:\jtag_hub_gen:sld_jtag_hub_inst|clr_reg                            ; sld_hub:auto_hub|sld_jtag_hub:\jtag_hub_gen:sld_jtag_hub_inst|irsr_reg[0]                          ; altera_reserved_tck ; altera_reserved_tck ; 100.000      ; -0.067     ; 2.221      ;
; 97.731 ; sld_hub:auto_hub|sld_jtag_hub:\jtag_hub_gen:sld_jtag_hub_inst|clr_reg                            ; sld_hub:auto_hub|sld_jtag_hub:\jtag_hub_gen:sld_jtag_hub_inst|irsr_reg[6]                          ; altera_reserved_tck ; altera_reserved_tck ; 100.000      ; -0.067     ; 2.221      ;
; 97.731 ; sld_hub:auto_hub|sld_jtag_hub:\jtag_hub_gen:sld_jtag_hub_inst|clr_reg                            ; sld_hub:auto_hub|sld_jtag_hub:\jtag_hub_gen:sld_jtag_hub_inst|irsr_reg[5]                          ; altera_reserved_tck ; altera_reserved_tck ; 100.000      ; -0.067     ; 2.221      ;
; 97.731 ; sld_hub:auto_hub|sld_jtag_hub:\jtag_hub_gen:sld_jtag_hub_inst|clr_reg                            ; sld_hub:auto_hub|sld_jtag_hub:\jtag_hub_gen:sld_jtag_hub_inst|hub_mode_reg[0]                      ; altera_reserved_tck ; altera_reserved_tck ; 100.000      ; -0.067     ; 2.221      ;
; 97.735 ; sld_hub:auto_hub|sld_jtag_hub:\jtag_hub_gen:sld_jtag_hub_inst|clr_reg                            ; SoC:inst|SoC_jtag_uart:jtag_uart|alt_jtag_atlantic:SoC_jtag_uart_alt_jtag_atlantic|tck_t_dav       ; altera_reserved_tck ; altera_reserved_tck ; 100.000      ; -0.071     ; 2.213      ;
; 97.764 ; sld_hub:auto_hub|sld_jtag_hub:\jtag_hub_gen:sld_jtag_hub_inst|clr_reg                            ; SoC:inst|SoC_jtag_uart:jtag_uart|alt_jtag_atlantic:SoC_jtag_uart_alt_jtag_atlantic|state           ; altera_reserved_tck ; altera_reserved_tck ; 100.000      ; -0.072     ; 2.183      ;
; 97.764 ; sld_hub:auto_hub|sld_jtag_hub:\jtag_hub_gen:sld_jtag_hub_inst|clr_reg                            ; SoC:inst|SoC_jtag_uart:jtag_uart|alt_jtag_atlantic:SoC_jtag_uart_alt_jtag_atlantic|count[8]        ; altera_reserved_tck ; altera_reserved_tck ; 100.000      ; -0.072     ; 2.183      ;
; 97.764 ; sld_hub:auto_hub|sld_jtag_hub:\jtag_hub_gen:sld_jtag_hub_inst|clr_reg                            ; SoC:inst|SoC_jtag_uart:jtag_uart|alt_jtag_atlantic:SoC_jtag_uart_alt_jtag_atlantic|count[7]        ; altera_reserved_tck ; altera_reserved_tck ; 100.000      ; -0.072     ; 2.183      ;
; 97.764 ; sld_hub:auto_hub|sld_jtag_hub:\jtag_hub_gen:sld_jtag_hub_inst|clr_reg                            ; SoC:inst|SoC_jtag_uart:jtag_uart|alt_jtag_atlantic:SoC_jtag_uart_alt_jtag_atlantic|count[6]        ; altera_reserved_tck ; altera_reserved_tck ; 100.000      ; -0.072     ; 2.183      ;
; 97.764 ; sld_hub:auto_hub|sld_jtag_hub:\jtag_hub_gen:sld_jtag_hub_inst|clr_reg                            ; SoC:inst|SoC_jtag_uart:jtag_uart|alt_jtag_atlantic:SoC_jtag_uart_alt_jtag_atlantic|count[5]        ; altera_reserved_tck ; altera_reserved_tck ; 100.000      ; -0.072     ; 2.183      ;
; 97.764 ; sld_hub:auto_hub|sld_jtag_hub:\jtag_hub_gen:sld_jtag_hub_inst|clr_reg                            ; SoC:inst|SoC_jtag_uart:jtag_uart|alt_jtag_atlantic:SoC_jtag_uart_alt_jtag_atlantic|count[4]        ; altera_reserved_tck ; altera_reserved_tck ; 100.000      ; -0.072     ; 2.183      ;
; 97.764 ; sld_hub:auto_hub|sld_jtag_hub:\jtag_hub_gen:sld_jtag_hub_inst|clr_reg                            ; SoC:inst|SoC_jtag_uart:jtag_uart|alt_jtag_atlantic:SoC_jtag_uart_alt_jtag_atlantic|count[3]        ; altera_reserved_tck ; altera_reserved_tck ; 100.000      ; -0.072     ; 2.183      ;
; 97.764 ; sld_hub:auto_hub|sld_jtag_hub:\jtag_hub_gen:sld_jtag_hub_inst|clr_reg                            ; SoC:inst|SoC_jtag_uart:jtag_uart|alt_jtag_atlantic:SoC_jtag_uart_alt_jtag_atlantic|count[2]        ; altera_reserved_tck ; altera_reserved_tck ; 100.000      ; -0.072     ; 2.183      ;
; 97.764 ; sld_hub:auto_hub|sld_jtag_hub:\jtag_hub_gen:sld_jtag_hub_inst|clr_reg                            ; SoC:inst|SoC_jtag_uart:jtag_uart|alt_jtag_atlantic:SoC_jtag_uart_alt_jtag_atlantic|count[1]        ; altera_reserved_tck ; altera_reserved_tck ; 100.000      ; -0.072     ; 2.183      ;
; 97.764 ; sld_hub:auto_hub|sld_jtag_hub:\jtag_hub_gen:sld_jtag_hub_inst|clr_reg                            ; SoC:inst|SoC_jtag_uart:jtag_uart|alt_jtag_atlantic:SoC_jtag_uart_alt_jtag_atlantic|count[0]        ; altera_reserved_tck ; altera_reserved_tck ; 100.000      ; -0.072     ; 2.183      ;
; 97.764 ; sld_hub:auto_hub|sld_jtag_hub:\jtag_hub_gen:sld_jtag_hub_inst|clr_reg                            ; SoC:inst|SoC_jtag_uart:jtag_uart|alt_jtag_atlantic:SoC_jtag_uart_alt_jtag_atlantic|count[9]        ; altera_reserved_tck ; altera_reserved_tck ; 100.000      ; -0.072     ; 2.183      ;
; 97.764 ; sld_hub:auto_hub|sld_jtag_hub:\jtag_hub_gen:sld_jtag_hub_inst|clr_reg                            ; SoC:inst|SoC_jtag_uart:jtag_uart|alt_jtag_atlantic:SoC_jtag_uart_alt_jtag_atlantic|td_shift[10]    ; altera_reserved_tck ; altera_reserved_tck ; 100.000      ; -0.072     ; 2.183      ;
; 97.764 ; sld_hub:auto_hub|sld_jtag_hub:\jtag_hub_gen:sld_jtag_hub_inst|clr_reg                            ; SoC:inst|SoC_jtag_uart:jtag_uart|alt_jtag_atlantic:SoC_jtag_uart_alt_jtag_atlantic|td_shift[9]     ; altera_reserved_tck ; altera_reserved_tck ; 100.000      ; -0.072     ; 2.183      ;
; 97.764 ; sld_hub:auto_hub|sld_jtag_hub:\jtag_hub_gen:sld_jtag_hub_inst|clr_reg                            ; SoC:inst|SoC_jtag_uart:jtag_uart|alt_jtag_atlantic:SoC_jtag_uart_alt_jtag_atlantic|td_shift[0]     ; altera_reserved_tck ; altera_reserved_tck ; 100.000      ; -0.072     ; 2.183      ;
; 97.764 ; sld_hub:auto_hub|sld_jtag_hub:\jtag_hub_gen:sld_jtag_hub_inst|clr_reg                            ; SoC:inst|SoC_jtag_uart:jtag_uart|alt_jtag_atlantic:SoC_jtag_uart_alt_jtag_atlantic|td_shift[8]     ; altera_reserved_tck ; altera_reserved_tck ; 100.000      ; -0.072     ; 2.183      ;
; 97.764 ; sld_hub:auto_hub|sld_jtag_hub:\jtag_hub_gen:sld_jtag_hub_inst|clr_reg                            ; SoC:inst|SoC_jtag_uart:jtag_uart|alt_jtag_atlantic:SoC_jtag_uart_alt_jtag_atlantic|user_saw_rvalid ; altera_reserved_tck ; altera_reserved_tck ; 100.000      ; -0.072     ; 2.183      ;
; 97.768 ; sld_hub:auto_hub|sld_jtag_hub:\jtag_hub_gen:sld_jtag_hub_inst|clr_reg                            ; SoC:inst|SoC_jtag_uart:jtag_uart|alt_jtag_atlantic:SoC_jtag_uart_alt_jtag_atlantic|td_shift[1]     ; altera_reserved_tck ; altera_reserved_tck ; 100.000      ; -0.068     ; 2.183      ;
; 97.768 ; sld_hub:auto_hub|sld_jtag_hub:\jtag_hub_gen:sld_jtag_hub_inst|clr_reg                            ; SoC:inst|SoC_jtag_uart:jtag_uart|alt_jtag_atlantic:SoC_jtag_uart_alt_jtag_atlantic|td_shift[2]     ; altera_reserved_tck ; altera_reserved_tck ; 100.000      ; -0.068     ; 2.183      ;
; 97.768 ; sld_hub:auto_hub|sld_jtag_hub:\jtag_hub_gen:sld_jtag_hub_inst|clr_reg                            ; SoC:inst|SoC_jtag_uart:jtag_uart|alt_jtag_atlantic:SoC_jtag_uart_alt_jtag_atlantic|td_shift[3]     ; altera_reserved_tck ; altera_reserved_tck ; 100.000      ; -0.068     ; 2.183      ;
; 97.768 ; sld_hub:auto_hub|sld_jtag_hub:\jtag_hub_gen:sld_jtag_hub_inst|clr_reg                            ; SoC:inst|SoC_jtag_uart:jtag_uart|alt_jtag_atlantic:SoC_jtag_uart_alt_jtag_atlantic|td_shift[4]     ; altera_reserved_tck ; altera_reserved_tck ; 100.000      ; -0.068     ; 2.183      ;
; 97.768 ; sld_hub:auto_hub|sld_jtag_hub:\jtag_hub_gen:sld_jtag_hub_inst|clr_reg                            ; SoC:inst|SoC_jtag_uart:jtag_uart|alt_jtag_atlantic:SoC_jtag_uart_alt_jtag_atlantic|td_shift[5]     ; altera_reserved_tck ; altera_reserved_tck ; 100.000      ; -0.068     ; 2.183      ;
; 97.768 ; sld_hub:auto_hub|sld_jtag_hub:\jtag_hub_gen:sld_jtag_hub_inst|clr_reg                            ; SoC:inst|SoC_jtag_uart:jtag_uart|alt_jtag_atlantic:SoC_jtag_uart_alt_jtag_atlantic|td_shift[6]     ; altera_reserved_tck ; altera_reserved_tck ; 100.000      ; -0.068     ; 2.183      ;
; 97.768 ; sld_hub:auto_hub|sld_jtag_hub:\jtag_hub_gen:sld_jtag_hub_inst|clr_reg                            ; SoC:inst|SoC_jtag_uart:jtag_uart|alt_jtag_atlantic:SoC_jtag_uart_alt_jtag_atlantic|wdata[2]        ; altera_reserved_tck ; altera_reserved_tck ; 100.000      ; -0.068     ; 2.183      ;
; 97.768 ; sld_hub:auto_hub|sld_jtag_hub:\jtag_hub_gen:sld_jtag_hub_inst|clr_reg                            ; SoC:inst|SoC_jtag_uart:jtag_uart|alt_jtag_atlantic:SoC_jtag_uart_alt_jtag_atlantic|wdata[1]        ; altera_reserved_tck ; altera_reserved_tck ; 100.000      ; -0.068     ; 2.183      ;
; 97.783 ; sld_hub:auto_hub|sld_jtag_hub:\jtag_hub_gen:sld_jtag_hub_inst|clr_reg                            ; SoC:inst|SoC_jtag_uart:jtag_uart|alt_jtag_atlantic:SoC_jtag_uart_alt_jtag_atlantic|td_shift[7]     ; altera_reserved_tck ; altera_reserved_tck ; 100.000      ; -0.066     ; 2.170      ;
; 97.783 ; sld_hub:auto_hub|sld_jtag_hub:\jtag_hub_gen:sld_jtag_hub_inst|clr_reg                            ; SoC:inst|SoC_jtag_uart:jtag_uart|alt_jtag_atlantic:SoC_jtag_uart_alt_jtag_atlantic|write           ; altera_reserved_tck ; altera_reserved_tck ; 100.000      ; -0.066     ; 2.170      ;
; 97.783 ; sld_hub:auto_hub|sld_jtag_hub:\jtag_hub_gen:sld_jtag_hub_inst|clr_reg                            ; SoC:inst|SoC_jtag_uart:jtag_uart|alt_jtag_atlantic:SoC_jtag_uart_alt_jtag_atlantic|wdata[7]        ; altera_reserved_tck ; altera_reserved_tck ; 100.000      ; -0.066     ; 2.170      ;
; 97.783 ; sld_hub:auto_hub|sld_jtag_hub:\jtag_hub_gen:sld_jtag_hub_inst|clr_reg                            ; SoC:inst|SoC_jtag_uart:jtag_uart|alt_jtag_atlantic:SoC_jtag_uart_alt_jtag_atlantic|wdata[6]        ; altera_reserved_tck ; altera_reserved_tck ; 100.000      ; -0.066     ; 2.170      ;
; 97.783 ; sld_hub:auto_hub|sld_jtag_hub:\jtag_hub_gen:sld_jtag_hub_inst|clr_reg                            ; SoC:inst|SoC_jtag_uart:jtag_uart|alt_jtag_atlantic:SoC_jtag_uart_alt_jtag_atlantic|wdata[5]        ; altera_reserved_tck ; altera_reserved_tck ; 100.000      ; -0.066     ; 2.170      ;
; 97.783 ; sld_hub:auto_hub|sld_jtag_hub:\jtag_hub_gen:sld_jtag_hub_inst|clr_reg                            ; SoC:inst|SoC_jtag_uart:jtag_uart|alt_jtag_atlantic:SoC_jtag_uart_alt_jtag_atlantic|wdata[4]        ; altera_reserved_tck ; altera_reserved_tck ; 100.000      ; -0.066     ; 2.170      ;
; 97.783 ; sld_hub:auto_hub|sld_jtag_hub:\jtag_hub_gen:sld_jtag_hub_inst|clr_reg                            ; SoC:inst|SoC_jtag_uart:jtag_uart|alt_jtag_atlantic:SoC_jtag_uart_alt_jtag_atlantic|wdata[3]        ; altera_reserved_tck ; altera_reserved_tck ; 100.000      ; -0.066     ; 2.170      ;
; 97.787 ; sld_hub:auto_hub|sld_jtag_hub:\jtag_hub_gen:sld_jtag_hub_inst|clr_reg                            ; SoC:inst|SoC_jtag_uart:jtag_uart|alt_jtag_atlantic:SoC_jtag_uart_alt_jtag_atlantic|write_stalled   ; altera_reserved_tck ; altera_reserved_tck ; 100.000      ; -0.067     ; 2.165      ;
; 97.787 ; sld_hub:auto_hub|sld_jtag_hub:\jtag_hub_gen:sld_jtag_hub_inst|clr_reg                            ; SoC:inst|SoC_jtag_uart:jtag_uart|alt_jtag_atlantic:SoC_jtag_uart_alt_jtag_atlantic|write_valid     ; altera_reserved_tck ; altera_reserved_tck ; 100.000      ; -0.067     ; 2.165      ;
; 97.787 ; sld_hub:auto_hub|sld_jtag_hub:\jtag_hub_gen:sld_jtag_hub_inst|clr_reg                            ; SoC:inst|SoC_jtag_uart:jtag_uart|alt_jtag_atlantic:SoC_jtag_uart_alt_jtag_atlantic|read            ; altera_reserved_tck ; altera_reserved_tck ; 100.000      ; -0.067     ; 2.165      ;
; 97.787 ; sld_hub:auto_hub|sld_jtag_hub:\jtag_hub_gen:sld_jtag_hub_inst|clr_reg                            ; SoC:inst|SoC_jtag_uart:jtag_uart|alt_jtag_atlantic:SoC_jtag_uart_alt_jtag_atlantic|read_req        ; altera_reserved_tck ; altera_reserved_tck ; 100.000      ; -0.067     ; 2.165      ;
; 97.787 ; sld_hub:auto_hub|sld_jtag_hub:\jtag_hub_gen:sld_jtag_hub_inst|clr_reg                            ; SoC:inst|SoC_jtag_uart:jtag_uart|alt_jtag_atlantic:SoC_jtag_uart_alt_jtag_atlantic|wdata[0]        ; altera_reserved_tck ; altera_reserved_tck ; 100.000      ; -0.067     ; 2.165      ;
; 97.820 ; sld_hub:auto_hub|sld_jtag_hub:\jtag_hub_gen:sld_jtag_hub_inst|clr_reg                            ; sld_hub:auto_hub|sld_jtag_hub:\jtag_hub_gen:sld_jtag_hub_inst|hub_mode_reg[1]                      ; altera_reserved_tck ; altera_reserved_tck ; 100.000      ; -0.075     ; 2.124      ;
; 97.820 ; sld_hub:auto_hub|sld_jtag_hub:\jtag_hub_gen:sld_jtag_hub_inst|clr_reg                            ; sld_hub:auto_hub|sld_jtag_hub:\jtag_hub_gen:sld_jtag_hub_inst|node_ena[1]~reg0                     ; altera_reserved_tck ; altera_reserved_tck ; 100.000      ; -0.075     ; 2.124      ;
; 97.820 ; sld_hub:auto_hub|sld_jtag_hub:\jtag_hub_gen:sld_jtag_hub_inst|clr_reg                            ; sld_hub:auto_hub|sld_jtag_hub:\jtag_hub_gen:sld_jtag_hub_inst|node_ena[2]~reg0                     ; altera_reserved_tck ; altera_reserved_tck ; 100.000      ; -0.075     ; 2.124      ;
; 97.966 ; sld_hub:auto_hub|sld_jtag_hub:\jtag_hub_gen:sld_jtag_hub_inst|virtual_ir_scan_reg                ; sld_hub:auto_hub|sld_jtag_hub:\jtag_hub_gen:sld_jtag_hub_inst|hub_mode_reg[2]                      ; altera_reserved_tck ; altera_reserved_tck ; 100.000      ; -0.065     ; 1.988      ;
; 98.338 ; sld_hub:auto_hub|sld_jtag_hub:\jtag_hub_gen:sld_jtag_hub_inst|clr_reg                            ; sld_hub:auto_hub|sld_jtag_hub:\jtag_hub_gen:sld_jtag_hub_inst|shadow_irf_reg[1][4]                 ; altera_reserved_tck ; altera_reserved_tck ; 100.000      ; -0.071     ; 1.610      ;
; 98.338 ; sld_hub:auto_hub|sld_jtag_hub:\jtag_hub_gen:sld_jtag_hub_inst|clr_reg                            ; sld_hub:auto_hub|sld_jtag_hub:\jtag_hub_gen:sld_jtag_hub_inst|irf_reg[1][4]                        ; altera_reserved_tck ; altera_reserved_tck ; 100.000      ; -0.071     ; 1.610      ;
; 98.338 ; sld_hub:auto_hub|sld_jtag_hub:\jtag_hub_gen:sld_jtag_hub_inst|clr_reg                            ; sld_hub:auto_hub|sld_jtag_hub:\jtag_hub_gen:sld_jtag_hub_inst|shadow_irf_reg[1][3]                 ; altera_reserved_tck ; altera_reserved_tck ; 100.000      ; -0.071     ; 1.610      ;
; 98.338 ; sld_hub:auto_hub|sld_jtag_hub:\jtag_hub_gen:sld_jtag_hub_inst|clr_reg                            ; sld_hub:auto_hub|sld_jtag_hub:\jtag_hub_gen:sld_jtag_hub_inst|irf_reg[1][3]                        ; altera_reserved_tck ; altera_reserved_tck ; 100.000      ; -0.071     ; 1.610      ;
; 98.338 ; sld_hub:auto_hub|sld_jtag_hub:\jtag_hub_gen:sld_jtag_hub_inst|clr_reg                            ; sld_hub:auto_hub|sld_jtag_hub:\jtag_hub_gen:sld_jtag_hub_inst|shadow_irf_reg[1][2]                 ; altera_reserved_tck ; altera_reserved_tck ; 100.000      ; -0.071     ; 1.610      ;
; 98.338 ; sld_hub:auto_hub|sld_jtag_hub:\jtag_hub_gen:sld_jtag_hub_inst|clr_reg                            ; sld_hub:auto_hub|sld_jtag_hub:\jtag_hub_gen:sld_jtag_hub_inst|irf_reg[1][2]                        ; altera_reserved_tck ; altera_reserved_tck ; 100.000      ; -0.071     ; 1.610      ;
; 98.338 ; sld_hub:auto_hub|sld_jtag_hub:\jtag_hub_gen:sld_jtag_hub_inst|clr_reg                            ; sld_hub:auto_hub|sld_jtag_hub:\jtag_hub_gen:sld_jtag_hub_inst|shadow_irf_reg[1][0]                 ; altera_reserved_tck ; altera_reserved_tck ; 100.000      ; -0.071     ; 1.610      ;
; 98.338 ; sld_hub:auto_hub|sld_jtag_hub:\jtag_hub_gen:sld_jtag_hub_inst|clr_reg                            ; sld_hub:auto_hub|sld_jtag_hub:\jtag_hub_gen:sld_jtag_hub_inst|shadow_irf_reg[1][1]                 ; altera_reserved_tck ; altera_reserved_tck ; 100.000      ; -0.071     ; 1.610      ;
; 98.338 ; sld_hub:auto_hub|sld_jtag_hub:\jtag_hub_gen:sld_jtag_hub_inst|clr_reg                            ; sld_hub:auto_hub|sld_jtag_hub:\jtag_hub_gen:sld_jtag_hub_inst|irf_reg[1][0]                        ; altera_reserved_tck ; altera_reserved_tck ; 100.000      ; -0.071     ; 1.610      ;
; 98.338 ; sld_hub:auto_hub|sld_jtag_hub:\jtag_hub_gen:sld_jtag_hub_inst|clr_reg                            ; sld_hub:auto_hub|sld_jtag_hub:\jtag_hub_gen:sld_jtag_hub_inst|irf_reg[1][1]                        ; altera_reserved_tck ; altera_reserved_tck ; 100.000      ; -0.071     ; 1.610      ;
; 98.477 ; sld_hub:auto_hub|sld_jtag_hub:\jtag_hub_gen:sld_jtag_hub_inst|sld_shadow_jsm:shadow_jsm|state[0] ; sld_hub:auto_hub|sld_jtag_hub:\jtag_hub_gen:sld_jtag_hub_inst|jtag_ir_reg[0]                       ; altera_reserved_tck ; altera_reserved_tck ; 100.000      ; -0.073     ; 1.469      ;
; 98.477 ; sld_hub:auto_hub|sld_jtag_hub:\jtag_hub_gen:sld_jtag_hub_inst|sld_shadow_jsm:shadow_jsm|state[0] ; sld_hub:auto_hub|sld_jtag_hub:\jtag_hub_gen:sld_jtag_hub_inst|jtag_ir_reg[1]                       ; altera_reserved_tck ; altera_reserved_tck ; 100.000      ; -0.073     ; 1.469      ;
; 98.477 ; sld_hub:auto_hub|sld_jtag_hub:\jtag_hub_gen:sld_jtag_hub_inst|sld_shadow_jsm:shadow_jsm|state[0] ; sld_hub:auto_hub|sld_jtag_hub:\jtag_hub_gen:sld_jtag_hub_inst|jtag_ir_reg[2]                       ; altera_reserved_tck ; altera_reserved_tck ; 100.000      ; -0.073     ; 1.469      ;
; 98.477 ; sld_hub:auto_hub|sld_jtag_hub:\jtag_hub_gen:sld_jtag_hub_inst|sld_shadow_jsm:shadow_jsm|state[0] ; sld_hub:auto_hub|sld_jtag_hub:\jtag_hub_gen:sld_jtag_hub_inst|jtag_ir_reg[3]                       ; altera_reserved_tck ; altera_reserved_tck ; 100.000      ; -0.073     ; 1.469      ;
; 98.477 ; sld_hub:auto_hub|sld_jtag_hub:\jtag_hub_gen:sld_jtag_hub_inst|sld_shadow_jsm:shadow_jsm|state[0] ; sld_hub:auto_hub|sld_jtag_hub:\jtag_hub_gen:sld_jtag_hub_inst|jtag_ir_reg[4]                       ; altera_reserved_tck ; altera_reserved_tck ; 100.000      ; -0.073     ; 1.469      ;
; 98.477 ; sld_hub:auto_hub|sld_jtag_hub:\jtag_hub_gen:sld_jtag_hub_inst|sld_shadow_jsm:shadow_jsm|state[0] ; sld_hub:auto_hub|sld_jtag_hub:\jtag_hub_gen:sld_jtag_hub_inst|jtag_ir_reg[5]                       ; altera_reserved_tck ; altera_reserved_tck ; 100.000      ; -0.073     ; 1.469      ;
; 98.477 ; sld_hub:auto_hub|sld_jtag_hub:\jtag_hub_gen:sld_jtag_hub_inst|sld_shadow_jsm:shadow_jsm|state[0] ; sld_hub:auto_hub|sld_jtag_hub:\jtag_hub_gen:sld_jtag_hub_inst|jtag_ir_reg[6]                       ; altera_reserved_tck ; altera_reserved_tck ; 100.000      ; -0.073     ; 1.469      ;
; 98.477 ; sld_hub:auto_hub|sld_jtag_hub:\jtag_hub_gen:sld_jtag_hub_inst|sld_shadow_jsm:shadow_jsm|state[0] ; sld_hub:auto_hub|sld_jtag_hub:\jtag_hub_gen:sld_jtag_hub_inst|jtag_ir_reg[7]                       ; altera_reserved_tck ; altera_reserved_tck ; 100.000      ; -0.073     ; 1.469      ;
; 98.477 ; sld_hub:auto_hub|sld_jtag_hub:\jtag_hub_gen:sld_jtag_hub_inst|sld_shadow_jsm:shadow_jsm|state[0] ; sld_hub:auto_hub|sld_jtag_hub:\jtag_hub_gen:sld_jtag_hub_inst|jtag_ir_reg[8]                       ; altera_reserved_tck ; altera_reserved_tck ; 100.000      ; -0.073     ; 1.469      ;
; 98.477 ; sld_hub:auto_hub|sld_jtag_hub:\jtag_hub_gen:sld_jtag_hub_inst|sld_shadow_jsm:shadow_jsm|state[0] ; sld_hub:auto_hub|sld_jtag_hub:\jtag_hub_gen:sld_jtag_hub_inst|jtag_ir_reg[9]                       ; altera_reserved_tck ; altera_reserved_tck ; 100.000      ; -0.073     ; 1.469      ;
; 98.624 ; sld_hub:auto_hub|sld_jtag_hub:\jtag_hub_gen:sld_jtag_hub_inst|sld_shadow_jsm:shadow_jsm|state[0] ; sld_hub:auto_hub|sld_jtag_hub:\jtag_hub_gen:sld_jtag_hub_inst|virtual_ir_scan_reg                  ; altera_reserved_tck ; altera_reserved_tck ; 100.000      ; -0.072     ; 1.323      ;
; 98.624 ; sld_hub:auto_hub|sld_jtag_hub:\jtag_hub_gen:sld_jtag_hub_inst|sld_shadow_jsm:shadow_jsm|state[0] ; sld_hub:auto_hub|sld_jtag_hub:\jtag_hub_gen:sld_jtag_hub_inst|virtual_dr_scan_reg                  ; altera_reserved_tck ; altera_reserved_tck ; 100.000      ; -0.072     ; 1.323      ;
+--------+--------------------------------------------------------------------------------------------------+----------------------------------------------------------------------------------------------------+---------------------+---------------------+--------------+------------+------------+


+-----------------------------------------------------------------------------------------------------------------------------------------------------------------------------------------------------------------------------------------------------------------------------------------------------+
; Slow 1200mV 0C Model Removal: 'altera_reserved_tck'                                                                                                                                                                                                                                                 ;
+--------+--------------------------------------------------------------------------------------------------+----------------------------------------------------------------------------------------------------+---------------------+---------------------+--------------+------------+------------+
; Slack  ; From Node                                                                                        ; To Node                                                                                            ; Launch Clock        ; Latch Clock         ; Relationship ; Clock Skew ; Data Delay ;
+--------+--------------------------------------------------------------------------------------------------+----------------------------------------------------------------------------------------------------+---------------------+---------------------+--------------+------------+------------+
; 0.958  ; sld_hub:auto_hub|sld_jtag_hub:\jtag_hub_gen:sld_jtag_hub_inst|sld_shadow_jsm:shadow_jsm|state[0] ; sld_hub:auto_hub|sld_jtag_hub:\jtag_hub_gen:sld_jtag_hub_inst|virtual_ir_scan_reg                  ; altera_reserved_tck ; altera_reserved_tck ; 0.000        ; 0.072      ; 1.201      ;
; 0.958  ; sld_hub:auto_hub|sld_jtag_hub:\jtag_hub_gen:sld_jtag_hub_inst|sld_shadow_jsm:shadow_jsm|state[0] ; sld_hub:auto_hub|sld_jtag_hub:\jtag_hub_gen:sld_jtag_hub_inst|virtual_dr_scan_reg                  ; altera_reserved_tck ; altera_reserved_tck ; 0.000        ; 0.072      ; 1.201      ;
; 1.125  ; sld_hub:auto_hub|sld_jtag_hub:\jtag_hub_gen:sld_jtag_hub_inst|sld_shadow_jsm:shadow_jsm|state[0] ; sld_hub:auto_hub|sld_jtag_hub:\jtag_hub_gen:sld_jtag_hub_inst|jtag_ir_reg[0]                       ; altera_reserved_tck ; altera_reserved_tck ; 0.000        ; 0.071      ; 1.367      ;
; 1.125  ; sld_hub:auto_hub|sld_jtag_hub:\jtag_hub_gen:sld_jtag_hub_inst|sld_shadow_jsm:shadow_jsm|state[0] ; sld_hub:auto_hub|sld_jtag_hub:\jtag_hub_gen:sld_jtag_hub_inst|jtag_ir_reg[1]                       ; altera_reserved_tck ; altera_reserved_tck ; 0.000        ; 0.071      ; 1.367      ;
; 1.125  ; sld_hub:auto_hub|sld_jtag_hub:\jtag_hub_gen:sld_jtag_hub_inst|sld_shadow_jsm:shadow_jsm|state[0] ; sld_hub:auto_hub|sld_jtag_hub:\jtag_hub_gen:sld_jtag_hub_inst|jtag_ir_reg[2]                       ; altera_reserved_tck ; altera_reserved_tck ; 0.000        ; 0.071      ; 1.367      ;
; 1.125  ; sld_hub:auto_hub|sld_jtag_hub:\jtag_hub_gen:sld_jtag_hub_inst|sld_shadow_jsm:shadow_jsm|state[0] ; sld_hub:auto_hub|sld_jtag_hub:\jtag_hub_gen:sld_jtag_hub_inst|jtag_ir_reg[3]                       ; altera_reserved_tck ; altera_reserved_tck ; 0.000        ; 0.071      ; 1.367      ;
; 1.125  ; sld_hub:auto_hub|sld_jtag_hub:\jtag_hub_gen:sld_jtag_hub_inst|sld_shadow_jsm:shadow_jsm|state[0] ; sld_hub:auto_hub|sld_jtag_hub:\jtag_hub_gen:sld_jtag_hub_inst|jtag_ir_reg[4]                       ; altera_reserved_tck ; altera_reserved_tck ; 0.000        ; 0.071      ; 1.367      ;
; 1.125  ; sld_hub:auto_hub|sld_jtag_hub:\jtag_hub_gen:sld_jtag_hub_inst|sld_shadow_jsm:shadow_jsm|state[0] ; sld_hub:auto_hub|sld_jtag_hub:\jtag_hub_gen:sld_jtag_hub_inst|jtag_ir_reg[5]                       ; altera_reserved_tck ; altera_reserved_tck ; 0.000        ; 0.071      ; 1.367      ;
; 1.125  ; sld_hub:auto_hub|sld_jtag_hub:\jtag_hub_gen:sld_jtag_hub_inst|sld_shadow_jsm:shadow_jsm|state[0] ; sld_hub:auto_hub|sld_jtag_hub:\jtag_hub_gen:sld_jtag_hub_inst|jtag_ir_reg[6]                       ; altera_reserved_tck ; altera_reserved_tck ; 0.000        ; 0.071      ; 1.367      ;
; 1.125  ; sld_hub:auto_hub|sld_jtag_hub:\jtag_hub_gen:sld_jtag_hub_inst|sld_shadow_jsm:shadow_jsm|state[0] ; sld_hub:auto_hub|sld_jtag_hub:\jtag_hub_gen:sld_jtag_hub_inst|jtag_ir_reg[7]                       ; altera_reserved_tck ; altera_reserved_tck ; 0.000        ; 0.071      ; 1.367      ;
; 1.125  ; sld_hub:auto_hub|sld_jtag_hub:\jtag_hub_gen:sld_jtag_hub_inst|sld_shadow_jsm:shadow_jsm|state[0] ; sld_hub:auto_hub|sld_jtag_hub:\jtag_hub_gen:sld_jtag_hub_inst|jtag_ir_reg[8]                       ; altera_reserved_tck ; altera_reserved_tck ; 0.000        ; 0.071      ; 1.367      ;
; 1.125  ; sld_hub:auto_hub|sld_jtag_hub:\jtag_hub_gen:sld_jtag_hub_inst|sld_shadow_jsm:shadow_jsm|state[0] ; sld_hub:auto_hub|sld_jtag_hub:\jtag_hub_gen:sld_jtag_hub_inst|jtag_ir_reg[9]                       ; altera_reserved_tck ; altera_reserved_tck ; 0.000        ; 0.071      ; 1.367      ;
; 1.293  ; sld_hub:auto_hub|sld_jtag_hub:\jtag_hub_gen:sld_jtag_hub_inst|clr_reg                            ; sld_hub:auto_hub|sld_jtag_hub:\jtag_hub_gen:sld_jtag_hub_inst|shadow_irf_reg[1][4]                 ; altera_reserved_tck ; altera_reserved_tck ; 0.000        ; 0.073      ; 1.537      ;
; 1.293  ; sld_hub:auto_hub|sld_jtag_hub:\jtag_hub_gen:sld_jtag_hub_inst|clr_reg                            ; sld_hub:auto_hub|sld_jtag_hub:\jtag_hub_gen:sld_jtag_hub_inst|irf_reg[1][4]                        ; altera_reserved_tck ; altera_reserved_tck ; 0.000        ; 0.073      ; 1.537      ;
; 1.293  ; sld_hub:auto_hub|sld_jtag_hub:\jtag_hub_gen:sld_jtag_hub_inst|clr_reg                            ; sld_hub:auto_hub|sld_jtag_hub:\jtag_hub_gen:sld_jtag_hub_inst|shadow_irf_reg[1][3]                 ; altera_reserved_tck ; altera_reserved_tck ; 0.000        ; 0.073      ; 1.537      ;
; 1.293  ; sld_hub:auto_hub|sld_jtag_hub:\jtag_hub_gen:sld_jtag_hub_inst|clr_reg                            ; sld_hub:auto_hub|sld_jtag_hub:\jtag_hub_gen:sld_jtag_hub_inst|irf_reg[1][3]                        ; altera_reserved_tck ; altera_reserved_tck ; 0.000        ; 0.073      ; 1.537      ;
; 1.293  ; sld_hub:auto_hub|sld_jtag_hub:\jtag_hub_gen:sld_jtag_hub_inst|clr_reg                            ; sld_hub:auto_hub|sld_jtag_hub:\jtag_hub_gen:sld_jtag_hub_inst|shadow_irf_reg[1][2]                 ; altera_reserved_tck ; altera_reserved_tck ; 0.000        ; 0.073      ; 1.537      ;
; 1.293  ; sld_hub:auto_hub|sld_jtag_hub:\jtag_hub_gen:sld_jtag_hub_inst|clr_reg                            ; sld_hub:auto_hub|sld_jtag_hub:\jtag_hub_gen:sld_jtag_hub_inst|irf_reg[1][2]                        ; altera_reserved_tck ; altera_reserved_tck ; 0.000        ; 0.073      ; 1.537      ;
; 1.293  ; sld_hub:auto_hub|sld_jtag_hub:\jtag_hub_gen:sld_jtag_hub_inst|clr_reg                            ; sld_hub:auto_hub|sld_jtag_hub:\jtag_hub_gen:sld_jtag_hub_inst|shadow_irf_reg[1][0]                 ; altera_reserved_tck ; altera_reserved_tck ; 0.000        ; 0.073      ; 1.537      ;
; 1.293  ; sld_hub:auto_hub|sld_jtag_hub:\jtag_hub_gen:sld_jtag_hub_inst|clr_reg                            ; sld_hub:auto_hub|sld_jtag_hub:\jtag_hub_gen:sld_jtag_hub_inst|shadow_irf_reg[1][1]                 ; altera_reserved_tck ; altera_reserved_tck ; 0.000        ; 0.073      ; 1.537      ;
; 1.293  ; sld_hub:auto_hub|sld_jtag_hub:\jtag_hub_gen:sld_jtag_hub_inst|clr_reg                            ; sld_hub:auto_hub|sld_jtag_hub:\jtag_hub_gen:sld_jtag_hub_inst|irf_reg[1][0]                        ; altera_reserved_tck ; altera_reserved_tck ; 0.000        ; 0.073      ; 1.537      ;
; 1.293  ; sld_hub:auto_hub|sld_jtag_hub:\jtag_hub_gen:sld_jtag_hub_inst|clr_reg                            ; sld_hub:auto_hub|sld_jtag_hub:\jtag_hub_gen:sld_jtag_hub_inst|irf_reg[1][1]                        ; altera_reserved_tck ; altera_reserved_tck ; 0.000        ; 0.073      ; 1.537      ;
; 1.576  ; sld_hub:auto_hub|sld_jtag_hub:\jtag_hub_gen:sld_jtag_hub_inst|virtual_ir_scan_reg                ; sld_hub:auto_hub|sld_jtag_hub:\jtag_hub_gen:sld_jtag_hub_inst|hub_mode_reg[2]                      ; altera_reserved_tck ; altera_reserved_tck ; 0.000        ; 0.079      ; 1.826      ;
; 1.757  ; sld_hub:auto_hub|sld_jtag_hub:\jtag_hub_gen:sld_jtag_hub_inst|clr_reg                            ; sld_hub:auto_hub|sld_jtag_hub:\jtag_hub_gen:sld_jtag_hub_inst|hub_mode_reg[1]                      ; altera_reserved_tck ; altera_reserved_tck ; 0.000        ; 0.069      ; 1.997      ;
; 1.757  ; sld_hub:auto_hub|sld_jtag_hub:\jtag_hub_gen:sld_jtag_hub_inst|clr_reg                            ; sld_hub:auto_hub|sld_jtag_hub:\jtag_hub_gen:sld_jtag_hub_inst|node_ena[1]~reg0                     ; altera_reserved_tck ; altera_reserved_tck ; 0.000        ; 0.069      ; 1.997      ;
; 1.757  ; sld_hub:auto_hub|sld_jtag_hub:\jtag_hub_gen:sld_jtag_hub_inst|clr_reg                            ; sld_hub:auto_hub|sld_jtag_hub:\jtag_hub_gen:sld_jtag_hub_inst|node_ena[2]~reg0                     ; altera_reserved_tck ; altera_reserved_tck ; 0.000        ; 0.069      ; 1.997      ;
; 1.805  ; sld_hub:auto_hub|sld_jtag_hub:\jtag_hub_gen:sld_jtag_hub_inst|clr_reg                            ; SoC:inst|SoC_jtag_uart:jtag_uart|alt_jtag_atlantic:SoC_jtag_uart_alt_jtag_atlantic|write_stalled   ; altera_reserved_tck ; altera_reserved_tck ; 0.000        ; 0.077      ; 2.053      ;
; 1.805  ; sld_hub:auto_hub|sld_jtag_hub:\jtag_hub_gen:sld_jtag_hub_inst|clr_reg                            ; SoC:inst|SoC_jtag_uart:jtag_uart|alt_jtag_atlantic:SoC_jtag_uart_alt_jtag_atlantic|write_valid     ; altera_reserved_tck ; altera_reserved_tck ; 0.000        ; 0.077      ; 2.053      ;
; 1.805  ; sld_hub:auto_hub|sld_jtag_hub:\jtag_hub_gen:sld_jtag_hub_inst|clr_reg                            ; SoC:inst|SoC_jtag_uart:jtag_uart|alt_jtag_atlantic:SoC_jtag_uart_alt_jtag_atlantic|read            ; altera_reserved_tck ; altera_reserved_tck ; 0.000        ; 0.077      ; 2.053      ;
; 1.805  ; sld_hub:auto_hub|sld_jtag_hub:\jtag_hub_gen:sld_jtag_hub_inst|clr_reg                            ; SoC:inst|SoC_jtag_uart:jtag_uart|alt_jtag_atlantic:SoC_jtag_uart_alt_jtag_atlantic|read_req        ; altera_reserved_tck ; altera_reserved_tck ; 0.000        ; 0.077      ; 2.053      ;
; 1.805  ; sld_hub:auto_hub|sld_jtag_hub:\jtag_hub_gen:sld_jtag_hub_inst|clr_reg                            ; SoC:inst|SoC_jtag_uart:jtag_uart|alt_jtag_atlantic:SoC_jtag_uart_alt_jtag_atlantic|wdata[0]        ; altera_reserved_tck ; altera_reserved_tck ; 0.000        ; 0.077      ; 2.053      ;
; 1.809  ; sld_hub:auto_hub|sld_jtag_hub:\jtag_hub_gen:sld_jtag_hub_inst|clr_reg                            ; SoC:inst|SoC_jtag_uart:jtag_uart|alt_jtag_atlantic:SoC_jtag_uart_alt_jtag_atlantic|td_shift[7]     ; altera_reserved_tck ; altera_reserved_tck ; 0.000        ; 0.078      ; 2.058      ;
; 1.809  ; sld_hub:auto_hub|sld_jtag_hub:\jtag_hub_gen:sld_jtag_hub_inst|clr_reg                            ; SoC:inst|SoC_jtag_uart:jtag_uart|alt_jtag_atlantic:SoC_jtag_uart_alt_jtag_atlantic|write           ; altera_reserved_tck ; altera_reserved_tck ; 0.000        ; 0.078      ; 2.058      ;
; 1.809  ; sld_hub:auto_hub|sld_jtag_hub:\jtag_hub_gen:sld_jtag_hub_inst|clr_reg                            ; SoC:inst|SoC_jtag_uart:jtag_uart|alt_jtag_atlantic:SoC_jtag_uart_alt_jtag_atlantic|wdata[7]        ; altera_reserved_tck ; altera_reserved_tck ; 0.000        ; 0.078      ; 2.058      ;
; 1.809  ; sld_hub:auto_hub|sld_jtag_hub:\jtag_hub_gen:sld_jtag_hub_inst|clr_reg                            ; SoC:inst|SoC_jtag_uart:jtag_uart|alt_jtag_atlantic:SoC_jtag_uart_alt_jtag_atlantic|wdata[6]        ; altera_reserved_tck ; altera_reserved_tck ; 0.000        ; 0.078      ; 2.058      ;
; 1.809  ; sld_hub:auto_hub|sld_jtag_hub:\jtag_hub_gen:sld_jtag_hub_inst|clr_reg                            ; SoC:inst|SoC_jtag_uart:jtag_uart|alt_jtag_atlantic:SoC_jtag_uart_alt_jtag_atlantic|wdata[5]        ; altera_reserved_tck ; altera_reserved_tck ; 0.000        ; 0.078      ; 2.058      ;
; 1.809  ; sld_hub:auto_hub|sld_jtag_hub:\jtag_hub_gen:sld_jtag_hub_inst|clr_reg                            ; SoC:inst|SoC_jtag_uart:jtag_uart|alt_jtag_atlantic:SoC_jtag_uart_alt_jtag_atlantic|wdata[4]        ; altera_reserved_tck ; altera_reserved_tck ; 0.000        ; 0.078      ; 2.058      ;
; 1.809  ; sld_hub:auto_hub|sld_jtag_hub:\jtag_hub_gen:sld_jtag_hub_inst|clr_reg                            ; SoC:inst|SoC_jtag_uart:jtag_uart|alt_jtag_atlantic:SoC_jtag_uart_alt_jtag_atlantic|wdata[3]        ; altera_reserved_tck ; altera_reserved_tck ; 0.000        ; 0.078      ; 2.058      ;
; 1.827  ; sld_hub:auto_hub|sld_jtag_hub:\jtag_hub_gen:sld_jtag_hub_inst|clr_reg                            ; SoC:inst|SoC_jtag_uart:jtag_uart|alt_jtag_atlantic:SoC_jtag_uart_alt_jtag_atlantic|state           ; altera_reserved_tck ; altera_reserved_tck ; 0.000        ; 0.072      ; 2.070      ;
; 1.827  ; sld_hub:auto_hub|sld_jtag_hub:\jtag_hub_gen:sld_jtag_hub_inst|clr_reg                            ; SoC:inst|SoC_jtag_uart:jtag_uart|alt_jtag_atlantic:SoC_jtag_uart_alt_jtag_atlantic|count[8]        ; altera_reserved_tck ; altera_reserved_tck ; 0.000        ; 0.072      ; 2.070      ;
; 1.827  ; sld_hub:auto_hub|sld_jtag_hub:\jtag_hub_gen:sld_jtag_hub_inst|clr_reg                            ; SoC:inst|SoC_jtag_uart:jtag_uart|alt_jtag_atlantic:SoC_jtag_uart_alt_jtag_atlantic|count[7]        ; altera_reserved_tck ; altera_reserved_tck ; 0.000        ; 0.072      ; 2.070      ;
; 1.827  ; sld_hub:auto_hub|sld_jtag_hub:\jtag_hub_gen:sld_jtag_hub_inst|clr_reg                            ; SoC:inst|SoC_jtag_uart:jtag_uart|alt_jtag_atlantic:SoC_jtag_uart_alt_jtag_atlantic|count[6]        ; altera_reserved_tck ; altera_reserved_tck ; 0.000        ; 0.072      ; 2.070      ;
; 1.827  ; sld_hub:auto_hub|sld_jtag_hub:\jtag_hub_gen:sld_jtag_hub_inst|clr_reg                            ; SoC:inst|SoC_jtag_uart:jtag_uart|alt_jtag_atlantic:SoC_jtag_uart_alt_jtag_atlantic|count[5]        ; altera_reserved_tck ; altera_reserved_tck ; 0.000        ; 0.072      ; 2.070      ;
; 1.827  ; sld_hub:auto_hub|sld_jtag_hub:\jtag_hub_gen:sld_jtag_hub_inst|clr_reg                            ; SoC:inst|SoC_jtag_uart:jtag_uart|alt_jtag_atlantic:SoC_jtag_uart_alt_jtag_atlantic|count[4]        ; altera_reserved_tck ; altera_reserved_tck ; 0.000        ; 0.072      ; 2.070      ;
; 1.827  ; sld_hub:auto_hub|sld_jtag_hub:\jtag_hub_gen:sld_jtag_hub_inst|clr_reg                            ; SoC:inst|SoC_jtag_uart:jtag_uart|alt_jtag_atlantic:SoC_jtag_uart_alt_jtag_atlantic|count[3]        ; altera_reserved_tck ; altera_reserved_tck ; 0.000        ; 0.072      ; 2.070      ;
; 1.827  ; sld_hub:auto_hub|sld_jtag_hub:\jtag_hub_gen:sld_jtag_hub_inst|clr_reg                            ; SoC:inst|SoC_jtag_uart:jtag_uart|alt_jtag_atlantic:SoC_jtag_uart_alt_jtag_atlantic|count[2]        ; altera_reserved_tck ; altera_reserved_tck ; 0.000        ; 0.072      ; 2.070      ;
; 1.827  ; sld_hub:auto_hub|sld_jtag_hub:\jtag_hub_gen:sld_jtag_hub_inst|clr_reg                            ; SoC:inst|SoC_jtag_uart:jtag_uart|alt_jtag_atlantic:SoC_jtag_uart_alt_jtag_atlantic|count[1]        ; altera_reserved_tck ; altera_reserved_tck ; 0.000        ; 0.072      ; 2.070      ;
; 1.827  ; sld_hub:auto_hub|sld_jtag_hub:\jtag_hub_gen:sld_jtag_hub_inst|clr_reg                            ; SoC:inst|SoC_jtag_uart:jtag_uart|alt_jtag_atlantic:SoC_jtag_uart_alt_jtag_atlantic|count[0]        ; altera_reserved_tck ; altera_reserved_tck ; 0.000        ; 0.072      ; 2.070      ;
; 1.827  ; sld_hub:auto_hub|sld_jtag_hub:\jtag_hub_gen:sld_jtag_hub_inst|clr_reg                            ; SoC:inst|SoC_jtag_uart:jtag_uart|alt_jtag_atlantic:SoC_jtag_uart_alt_jtag_atlantic|count[9]        ; altera_reserved_tck ; altera_reserved_tck ; 0.000        ; 0.072      ; 2.070      ;
; 1.827  ; sld_hub:auto_hub|sld_jtag_hub:\jtag_hub_gen:sld_jtag_hub_inst|clr_reg                            ; SoC:inst|SoC_jtag_uart:jtag_uart|alt_jtag_atlantic:SoC_jtag_uart_alt_jtag_atlantic|td_shift[10]    ; altera_reserved_tck ; altera_reserved_tck ; 0.000        ; 0.072      ; 2.070      ;
; 1.827  ; sld_hub:auto_hub|sld_jtag_hub:\jtag_hub_gen:sld_jtag_hub_inst|clr_reg                            ; SoC:inst|SoC_jtag_uart:jtag_uart|alt_jtag_atlantic:SoC_jtag_uart_alt_jtag_atlantic|td_shift[9]     ; altera_reserved_tck ; altera_reserved_tck ; 0.000        ; 0.072      ; 2.070      ;
; 1.827  ; sld_hub:auto_hub|sld_jtag_hub:\jtag_hub_gen:sld_jtag_hub_inst|clr_reg                            ; SoC:inst|SoC_jtag_uart:jtag_uart|alt_jtag_atlantic:SoC_jtag_uart_alt_jtag_atlantic|td_shift[0]     ; altera_reserved_tck ; altera_reserved_tck ; 0.000        ; 0.072      ; 2.070      ;
; 1.827  ; sld_hub:auto_hub|sld_jtag_hub:\jtag_hub_gen:sld_jtag_hub_inst|clr_reg                            ; SoC:inst|SoC_jtag_uart:jtag_uart|alt_jtag_atlantic:SoC_jtag_uart_alt_jtag_atlantic|td_shift[1]     ; altera_reserved_tck ; altera_reserved_tck ; 0.000        ; 0.077      ; 2.075      ;
; 1.827  ; sld_hub:auto_hub|sld_jtag_hub:\jtag_hub_gen:sld_jtag_hub_inst|clr_reg                            ; SoC:inst|SoC_jtag_uart:jtag_uart|alt_jtag_atlantic:SoC_jtag_uart_alt_jtag_atlantic|td_shift[2]     ; altera_reserved_tck ; altera_reserved_tck ; 0.000        ; 0.077      ; 2.075      ;
; 1.827  ; sld_hub:auto_hub|sld_jtag_hub:\jtag_hub_gen:sld_jtag_hub_inst|clr_reg                            ; SoC:inst|SoC_jtag_uart:jtag_uart|alt_jtag_atlantic:SoC_jtag_uart_alt_jtag_atlantic|td_shift[3]     ; altera_reserved_tck ; altera_reserved_tck ; 0.000        ; 0.077      ; 2.075      ;
; 1.827  ; sld_hub:auto_hub|sld_jtag_hub:\jtag_hub_gen:sld_jtag_hub_inst|clr_reg                            ; SoC:inst|SoC_jtag_uart:jtag_uart|alt_jtag_atlantic:SoC_jtag_uart_alt_jtag_atlantic|td_shift[4]     ; altera_reserved_tck ; altera_reserved_tck ; 0.000        ; 0.077      ; 2.075      ;
; 1.827  ; sld_hub:auto_hub|sld_jtag_hub:\jtag_hub_gen:sld_jtag_hub_inst|clr_reg                            ; SoC:inst|SoC_jtag_uart:jtag_uart|alt_jtag_atlantic:SoC_jtag_uart_alt_jtag_atlantic|td_shift[5]     ; altera_reserved_tck ; altera_reserved_tck ; 0.000        ; 0.077      ; 2.075      ;
; 1.827  ; sld_hub:auto_hub|sld_jtag_hub:\jtag_hub_gen:sld_jtag_hub_inst|clr_reg                            ; SoC:inst|SoC_jtag_uart:jtag_uart|alt_jtag_atlantic:SoC_jtag_uart_alt_jtag_atlantic|td_shift[6]     ; altera_reserved_tck ; altera_reserved_tck ; 0.000        ; 0.077      ; 2.075      ;
; 1.827  ; sld_hub:auto_hub|sld_jtag_hub:\jtag_hub_gen:sld_jtag_hub_inst|clr_reg                            ; SoC:inst|SoC_jtag_uart:jtag_uart|alt_jtag_atlantic:SoC_jtag_uart_alt_jtag_atlantic|td_shift[8]     ; altera_reserved_tck ; altera_reserved_tck ; 0.000        ; 0.072      ; 2.070      ;
; 1.827  ; sld_hub:auto_hub|sld_jtag_hub:\jtag_hub_gen:sld_jtag_hub_inst|clr_reg                            ; SoC:inst|SoC_jtag_uart:jtag_uart|alt_jtag_atlantic:SoC_jtag_uart_alt_jtag_atlantic|wdata[2]        ; altera_reserved_tck ; altera_reserved_tck ; 0.000        ; 0.077      ; 2.075      ;
; 1.827  ; sld_hub:auto_hub|sld_jtag_hub:\jtag_hub_gen:sld_jtag_hub_inst|clr_reg                            ; SoC:inst|SoC_jtag_uart:jtag_uart|alt_jtag_atlantic:SoC_jtag_uart_alt_jtag_atlantic|wdata[1]        ; altera_reserved_tck ; altera_reserved_tck ; 0.000        ; 0.077      ; 2.075      ;
; 1.827  ; sld_hub:auto_hub|sld_jtag_hub:\jtag_hub_gen:sld_jtag_hub_inst|clr_reg                            ; SoC:inst|SoC_jtag_uart:jtag_uart|alt_jtag_atlantic:SoC_jtag_uart_alt_jtag_atlantic|user_saw_rvalid ; altera_reserved_tck ; altera_reserved_tck ; 0.000        ; 0.072      ; 2.070      ;
; 1.848  ; sld_hub:auto_hub|sld_jtag_hub:\jtag_hub_gen:sld_jtag_hub_inst|clr_reg                            ; sld_hub:auto_hub|sld_jtag_hub:\jtag_hub_gen:sld_jtag_hub_inst|irsr_reg[1]                          ; altera_reserved_tck ; altera_reserved_tck ; 0.000        ; 0.078      ; 2.097      ;
; 1.848  ; sld_hub:auto_hub|sld_jtag_hub:\jtag_hub_gen:sld_jtag_hub_inst|clr_reg                            ; sld_hub:auto_hub|sld_jtag_hub:\jtag_hub_gen:sld_jtag_hub_inst|irsr_reg[2]                          ; altera_reserved_tck ; altera_reserved_tck ; 0.000        ; 0.078      ; 2.097      ;
; 1.848  ; sld_hub:auto_hub|sld_jtag_hub:\jtag_hub_gen:sld_jtag_hub_inst|clr_reg                            ; sld_hub:auto_hub|sld_jtag_hub:\jtag_hub_gen:sld_jtag_hub_inst|irsr_reg[3]                          ; altera_reserved_tck ; altera_reserved_tck ; 0.000        ; 0.078      ; 2.097      ;
; 1.848  ; sld_hub:auto_hub|sld_jtag_hub:\jtag_hub_gen:sld_jtag_hub_inst|clr_reg                            ; sld_hub:auto_hub|sld_jtag_hub:\jtag_hub_gen:sld_jtag_hub_inst|irsr_reg[4]                          ; altera_reserved_tck ; altera_reserved_tck ; 0.000        ; 0.078      ; 2.097      ;
; 1.848  ; sld_hub:auto_hub|sld_jtag_hub:\jtag_hub_gen:sld_jtag_hub_inst|clr_reg                            ; sld_hub:auto_hub|sld_jtag_hub:\jtag_hub_gen:sld_jtag_hub_inst|irsr_reg[0]                          ; altera_reserved_tck ; altera_reserved_tck ; 0.000        ; 0.078      ; 2.097      ;
; 1.848  ; sld_hub:auto_hub|sld_jtag_hub:\jtag_hub_gen:sld_jtag_hub_inst|clr_reg                            ; sld_hub:auto_hub|sld_jtag_hub:\jtag_hub_gen:sld_jtag_hub_inst|irsr_reg[6]                          ; altera_reserved_tck ; altera_reserved_tck ; 0.000        ; 0.078      ; 2.097      ;
; 1.848  ; sld_hub:auto_hub|sld_jtag_hub:\jtag_hub_gen:sld_jtag_hub_inst|clr_reg                            ; sld_hub:auto_hub|sld_jtag_hub:\jtag_hub_gen:sld_jtag_hub_inst|irsr_reg[5]                          ; altera_reserved_tck ; altera_reserved_tck ; 0.000        ; 0.078      ; 2.097      ;
; 1.848  ; sld_hub:auto_hub|sld_jtag_hub:\jtag_hub_gen:sld_jtag_hub_inst|clr_reg                            ; sld_hub:auto_hub|sld_jtag_hub:\jtag_hub_gen:sld_jtag_hub_inst|hub_mode_reg[0]                      ; altera_reserved_tck ; altera_reserved_tck ; 0.000        ; 0.078      ; 2.097      ;
; 1.854  ; sld_hub:auto_hub|sld_jtag_hub:\jtag_hub_gen:sld_jtag_hub_inst|clr_reg                            ; SoC:inst|SoC_jtag_uart:jtag_uart|alt_jtag_atlantic:SoC_jtag_uart_alt_jtag_atlantic|tck_t_dav       ; altera_reserved_tck ; altera_reserved_tck ; 0.000        ; 0.073      ; 2.098      ;
; 1.870  ; sld_hub:auto_hub|sld_jtag_hub:\jtag_hub_gen:sld_jtag_hub_inst|clr_reg                            ; sld_hub:auto_hub|sld_jtag_hub:\jtag_hub_gen:sld_jtag_hub_inst|shadow_irf_reg[2][4]                 ; altera_reserved_tck ; altera_reserved_tck ; 0.000        ; 0.074      ; 2.115      ;
; 1.870  ; sld_hub:auto_hub|sld_jtag_hub:\jtag_hub_gen:sld_jtag_hub_inst|clr_reg                            ; sld_hub:auto_hub|sld_jtag_hub:\jtag_hub_gen:sld_jtag_hub_inst|irf_reg[2][4]                        ; altera_reserved_tck ; altera_reserved_tck ; 0.000        ; 0.074      ; 2.115      ;
; 1.870  ; sld_hub:auto_hub|sld_jtag_hub:\jtag_hub_gen:sld_jtag_hub_inst|clr_reg                            ; sld_hub:auto_hub|sld_jtag_hub:\jtag_hub_gen:sld_jtag_hub_inst|shadow_irf_reg[2][3]                 ; altera_reserved_tck ; altera_reserved_tck ; 0.000        ; 0.074      ; 2.115      ;
; 1.870  ; sld_hub:auto_hub|sld_jtag_hub:\jtag_hub_gen:sld_jtag_hub_inst|clr_reg                            ; sld_hub:auto_hub|sld_jtag_hub:\jtag_hub_gen:sld_jtag_hub_inst|irf_reg[2][3]                        ; altera_reserved_tck ; altera_reserved_tck ; 0.000        ; 0.074      ; 2.115      ;
; 1.870  ; sld_hub:auto_hub|sld_jtag_hub:\jtag_hub_gen:sld_jtag_hub_inst|clr_reg                            ; sld_hub:auto_hub|sld_jtag_hub:\jtag_hub_gen:sld_jtag_hub_inst|shadow_irf_reg[2][2]                 ; altera_reserved_tck ; altera_reserved_tck ; 0.000        ; 0.074      ; 2.115      ;
; 1.870  ; sld_hub:auto_hub|sld_jtag_hub:\jtag_hub_gen:sld_jtag_hub_inst|clr_reg                            ; sld_hub:auto_hub|sld_jtag_hub:\jtag_hub_gen:sld_jtag_hub_inst|irf_reg[2][2]                        ; altera_reserved_tck ; altera_reserved_tck ; 0.000        ; 0.074      ; 2.115      ;
; 1.870  ; sld_hub:auto_hub|sld_jtag_hub:\jtag_hub_gen:sld_jtag_hub_inst|clr_reg                            ; sld_hub:auto_hub|sld_jtag_hub:\jtag_hub_gen:sld_jtag_hub_inst|shadow_irf_reg[2][1]                 ; altera_reserved_tck ; altera_reserved_tck ; 0.000        ; 0.074      ; 2.115      ;
; 1.870  ; sld_hub:auto_hub|sld_jtag_hub:\jtag_hub_gen:sld_jtag_hub_inst|clr_reg                            ; sld_hub:auto_hub|sld_jtag_hub:\jtag_hub_gen:sld_jtag_hub_inst|irf_reg[2][1]                        ; altera_reserved_tck ; altera_reserved_tck ; 0.000        ; 0.074      ; 2.115      ;
; 1.870  ; sld_hub:auto_hub|sld_jtag_hub:\jtag_hub_gen:sld_jtag_hub_inst|clr_reg                            ; sld_hub:auto_hub|sld_jtag_hub:\jtag_hub_gen:sld_jtag_hub_inst|shadow_irf_reg[2][0]                 ; altera_reserved_tck ; altera_reserved_tck ; 0.000        ; 0.074      ; 2.115      ;
; 1.870  ; sld_hub:auto_hub|sld_jtag_hub:\jtag_hub_gen:sld_jtag_hub_inst|clr_reg                            ; sld_hub:auto_hub|sld_jtag_hub:\jtag_hub_gen:sld_jtag_hub_inst|irf_reg[2][0]                        ; altera_reserved_tck ; altera_reserved_tck ; 0.000        ; 0.074      ; 2.115      ;
; 51.138 ; sld_hub:auto_hub|sld_jtag_hub:\jtag_hub_gen:sld_jtag_hub_inst|sld_shadow_jsm:shadow_jsm|state[8] ; sld_hub:auto_hub|sld_jtag_hub:\jtag_hub_gen:sld_jtag_hub_inst|tdo                                  ; altera_reserved_tck ; altera_reserved_tck ; -50.000      ; 0.314      ; 1.623      ;
; 51.587 ; sld_hub:auto_hub|sld_jtag_hub:\jtag_hub_gen:sld_jtag_hub_inst|clr_reg                            ; SoC:inst|SoC_jtag_uart:jtag_uart|alt_jtag_atlantic:SoC_jtag_uart_alt_jtag_atlantic|jupdate         ; altera_reserved_tck ; altera_reserved_tck ; -50.000      ; 0.306      ; 2.064      ;
; 51.587 ; sld_hub:auto_hub|sld_jtag_hub:\jtag_hub_gen:sld_jtag_hub_inst|clr_reg                            ; SoC:inst|SoC_jtag_uart:jtag_uart|alt_jtag_atlantic:SoC_jtag_uart_alt_jtag_atlantic|tdo~reg0        ; altera_reserved_tck ; altera_reserved_tck ; -50.000      ; 0.306      ; 2.064      ;
+--------+--------------------------------------------------------------------------------------------------+----------------------------------------------------------------------------------------------------+---------------------+---------------------+--------------+------------+------------+


+------------------------------------------------------------------------------------------------------------------------------------------------------------------------------------------------------------------------------------------------------------------------------------------------------------+
; Slow 1200mV 0C Model Minimum Pulse Width: 'altera_reserved_tck'                                                                                                                                                                                                                                            ;
+--------+--------------+----------------+------------------+---------------------+------------+-------------------------------------------------------------------------------------------------------------------------------------------------------------------------------------------------------------+
; Slack  ; Actual Width ; Required Width ; Type             ; Clock               ; Clock Edge ; Target                                                                                                                                                                                                      ;
+--------+--------------+----------------+------------------+---------------------+------------+-------------------------------------------------------------------------------------------------------------------------------------------------------------------------------------------------------------+
; 49.564 ; 49.782       ; 0.218          ; High Pulse Width ; altera_reserved_tck ; Fall       ; SoC:inst|SoC_jtag_uart:jtag_uart|alt_jtag_atlantic:SoC_jtag_uart_alt_jtag_atlantic|jupdate                                                                                                                  ;
; 49.564 ; 49.782       ; 0.218          ; High Pulse Width ; altera_reserved_tck ; Fall       ; SoC:inst|SoC_jtag_uart:jtag_uart|alt_jtag_atlantic:SoC_jtag_uart_alt_jtag_atlantic|tdo~reg0                                                                                                                 ;
; 49.565 ; 49.783       ; 0.218          ; High Pulse Width ; altera_reserved_tck ; Fall       ; sld_hub:auto_hub|sld_jtag_hub:\jtag_hub_gen:sld_jtag_hub_inst|tdo                                                                                                                                           ;
; 49.608 ; 49.794       ; 0.186          ; Low Pulse Width  ; altera_reserved_tck ; Rise       ; SoC:inst|SoC_cpu:cpu|SoC_cpu_nios2_oci:the_SoC_cpu_nios2_oci|SoC_cpu_jtag_debug_module_wrapper:the_SoC_cpu_jtag_debug_module_wrapper|SoC_cpu_jtag_debug_module_tck:the_SoC_cpu_jtag_debug_module_tck|sr[10] ;
; 49.608 ; 49.794       ; 0.186          ; Low Pulse Width  ; altera_reserved_tck ; Rise       ; SoC:inst|SoC_cpu:cpu|SoC_cpu_nios2_oci:the_SoC_cpu_nios2_oci|SoC_cpu_jtag_debug_module_wrapper:the_SoC_cpu_jtag_debug_module_wrapper|SoC_cpu_jtag_debug_module_tck:the_SoC_cpu_jtag_debug_module_tck|sr[11] ;
; 49.608 ; 49.794       ; 0.186          ; Low Pulse Width  ; altera_reserved_tck ; Rise       ; SoC:inst|SoC_cpu:cpu|SoC_cpu_nios2_oci:the_SoC_cpu_nios2_oci|SoC_cpu_jtag_debug_module_wrapper:the_SoC_cpu_jtag_debug_module_wrapper|SoC_cpu_jtag_debug_module_tck:the_SoC_cpu_jtag_debug_module_tck|sr[12] ;
; 49.608 ; 49.794       ; 0.186          ; Low Pulse Width  ; altera_reserved_tck ; Rise       ; SoC:inst|SoC_cpu:cpu|SoC_cpu_nios2_oci:the_SoC_cpu_nios2_oci|SoC_cpu_jtag_debug_module_wrapper:the_SoC_cpu_jtag_debug_module_wrapper|SoC_cpu_jtag_debug_module_tck:the_SoC_cpu_jtag_debug_module_tck|sr[13] ;
; 49.608 ; 49.794       ; 0.186          ; Low Pulse Width  ; altera_reserved_tck ; Rise       ; SoC:inst|SoC_cpu:cpu|SoC_cpu_nios2_oci:the_SoC_cpu_nios2_oci|SoC_cpu_jtag_debug_module_wrapper:the_SoC_cpu_jtag_debug_module_wrapper|SoC_cpu_jtag_debug_module_tck:the_SoC_cpu_jtag_debug_module_tck|sr[14] ;
; 49.608 ; 49.794       ; 0.186          ; Low Pulse Width  ; altera_reserved_tck ; Rise       ; SoC:inst|SoC_cpu:cpu|SoC_cpu_nios2_oci:the_SoC_cpu_nios2_oci|SoC_cpu_jtag_debug_module_wrapper:the_SoC_cpu_jtag_debug_module_wrapper|SoC_cpu_jtag_debug_module_tck:the_SoC_cpu_jtag_debug_module_tck|sr[1]  ;
; 49.608 ; 49.794       ; 0.186          ; Low Pulse Width  ; altera_reserved_tck ; Rise       ; SoC:inst|SoC_cpu:cpu|SoC_cpu_nios2_oci:the_SoC_cpu_nios2_oci|SoC_cpu_jtag_debug_module_wrapper:the_SoC_cpu_jtag_debug_module_wrapper|SoC_cpu_jtag_debug_module_tck:the_SoC_cpu_jtag_debug_module_tck|sr[2]  ;
; 49.608 ; 49.794       ; 0.186          ; Low Pulse Width  ; altera_reserved_tck ; Rise       ; SoC:inst|SoC_cpu:cpu|SoC_cpu_nios2_oci:the_SoC_cpu_nios2_oci|SoC_cpu_jtag_debug_module_wrapper:the_SoC_cpu_jtag_debug_module_wrapper|SoC_cpu_jtag_debug_module_tck:the_SoC_cpu_jtag_debug_module_tck|sr[3]  ;
; 49.608 ; 49.794       ; 0.186          ; Low Pulse Width  ; altera_reserved_tck ; Rise       ; SoC:inst|SoC_cpu:cpu|SoC_cpu_nios2_oci:the_SoC_cpu_nios2_oci|SoC_cpu_jtag_debug_module_wrapper:the_SoC_cpu_jtag_debug_module_wrapper|SoC_cpu_jtag_debug_module_tck:the_SoC_cpu_jtag_debug_module_tck|sr[4]  ;
; 49.608 ; 49.794       ; 0.186          ; Low Pulse Width  ; altera_reserved_tck ; Rise       ; SoC:inst|SoC_cpu:cpu|SoC_cpu_nios2_oci:the_SoC_cpu_nios2_oci|SoC_cpu_jtag_debug_module_wrapper:the_SoC_cpu_jtag_debug_module_wrapper|SoC_cpu_jtag_debug_module_tck:the_SoC_cpu_jtag_debug_module_tck|sr[5]  ;
; 49.608 ; 49.794       ; 0.186          ; Low Pulse Width  ; altera_reserved_tck ; Rise       ; SoC:inst|SoC_cpu:cpu|SoC_cpu_nios2_oci:the_SoC_cpu_nios2_oci|SoC_cpu_jtag_debug_module_wrapper:the_SoC_cpu_jtag_debug_module_wrapper|SoC_cpu_jtag_debug_module_tck:the_SoC_cpu_jtag_debug_module_tck|sr[6]  ;
; 49.608 ; 49.794       ; 0.186          ; Low Pulse Width  ; altera_reserved_tck ; Rise       ; SoC:inst|SoC_cpu:cpu|SoC_cpu_nios2_oci:the_SoC_cpu_nios2_oci|SoC_cpu_jtag_debug_module_wrapper:the_SoC_cpu_jtag_debug_module_wrapper|SoC_cpu_jtag_debug_module_tck:the_SoC_cpu_jtag_debug_module_tck|sr[7]  ;
; 49.608 ; 49.794       ; 0.186          ; Low Pulse Width  ; altera_reserved_tck ; Rise       ; SoC:inst|SoC_cpu:cpu|SoC_cpu_nios2_oci:the_SoC_cpu_nios2_oci|SoC_cpu_jtag_debug_module_wrapper:the_SoC_cpu_jtag_debug_module_wrapper|SoC_cpu_jtag_debug_module_tck:the_SoC_cpu_jtag_debug_module_tck|sr[8]  ;
; 49.608 ; 49.794       ; 0.186          ; Low Pulse Width  ; altera_reserved_tck ; Rise       ; SoC:inst|SoC_cpu:cpu|SoC_cpu_nios2_oci:the_SoC_cpu_nios2_oci|SoC_cpu_jtag_debug_module_wrapper:the_SoC_cpu_jtag_debug_module_wrapper|SoC_cpu_jtag_debug_module_tck:the_SoC_cpu_jtag_debug_module_tck|sr[9]  ;
; 49.608 ; 49.794       ; 0.186          ; Low Pulse Width  ; altera_reserved_tck ; Rise       ; SoC:inst|SoC_jtag_uart:jtag_uart|alt_jtag_atlantic:SoC_jtag_uart_alt_jtag_atlantic|count[0]                                                                                                                 ;
; 49.608 ; 49.794       ; 0.186          ; Low Pulse Width  ; altera_reserved_tck ; Rise       ; SoC:inst|SoC_jtag_uart:jtag_uart|alt_jtag_atlantic:SoC_jtag_uart_alt_jtag_atlantic|count[1]                                                                                                                 ;
; 49.608 ; 49.794       ; 0.186          ; Low Pulse Width  ; altera_reserved_tck ; Rise       ; SoC:inst|SoC_jtag_uart:jtag_uart|alt_jtag_atlantic:SoC_jtag_uart_alt_jtag_atlantic|count[2]                                                                                                                 ;
; 49.608 ; 49.794       ; 0.186          ; Low Pulse Width  ; altera_reserved_tck ; Rise       ; SoC:inst|SoC_jtag_uart:jtag_uart|alt_jtag_atlantic:SoC_jtag_uart_alt_jtag_atlantic|count[3]                                                                                                                 ;
; 49.608 ; 49.794       ; 0.186          ; Low Pulse Width  ; altera_reserved_tck ; Rise       ; SoC:inst|SoC_jtag_uart:jtag_uart|alt_jtag_atlantic:SoC_jtag_uart_alt_jtag_atlantic|count[4]                                                                                                                 ;
; 49.608 ; 49.794       ; 0.186          ; Low Pulse Width  ; altera_reserved_tck ; Rise       ; SoC:inst|SoC_jtag_uart:jtag_uart|alt_jtag_atlantic:SoC_jtag_uart_alt_jtag_atlantic|count[5]                                                                                                                 ;
; 49.608 ; 49.794       ; 0.186          ; Low Pulse Width  ; altera_reserved_tck ; Rise       ; SoC:inst|SoC_jtag_uart:jtag_uart|alt_jtag_atlantic:SoC_jtag_uart_alt_jtag_atlantic|count[6]                                                                                                                 ;
; 49.608 ; 49.794       ; 0.186          ; Low Pulse Width  ; altera_reserved_tck ; Rise       ; SoC:inst|SoC_jtag_uart:jtag_uart|alt_jtag_atlantic:SoC_jtag_uart_alt_jtag_atlantic|count[7]                                                                                                                 ;
; 49.608 ; 49.794       ; 0.186          ; Low Pulse Width  ; altera_reserved_tck ; Rise       ; SoC:inst|SoC_jtag_uart:jtag_uart|alt_jtag_atlantic:SoC_jtag_uart_alt_jtag_atlantic|count[8]                                                                                                                 ;
; 49.608 ; 49.794       ; 0.186          ; Low Pulse Width  ; altera_reserved_tck ; Rise       ; SoC:inst|SoC_jtag_uart:jtag_uart|alt_jtag_atlantic:SoC_jtag_uart_alt_jtag_atlantic|count[9]                                                                                                                 ;
; 49.608 ; 49.794       ; 0.186          ; Low Pulse Width  ; altera_reserved_tck ; Rise       ; SoC:inst|SoC_jtag_uart:jtag_uart|alt_jtag_atlantic:SoC_jtag_uart_alt_jtag_atlantic|state                                                                                                                    ;
; 49.608 ; 49.794       ; 0.186          ; Low Pulse Width  ; altera_reserved_tck ; Rise       ; SoC:inst|SoC_jtag_uart:jtag_uart|alt_jtag_atlantic:SoC_jtag_uart_alt_jtag_atlantic|td_shift[0]                                                                                                              ;
; 49.608 ; 49.794       ; 0.186          ; Low Pulse Width  ; altera_reserved_tck ; Rise       ; SoC:inst|SoC_jtag_uart:jtag_uart|alt_jtag_atlantic:SoC_jtag_uart_alt_jtag_atlantic|td_shift[10]                                                                                                             ;
; 49.608 ; 49.794       ; 0.186          ; Low Pulse Width  ; altera_reserved_tck ; Rise       ; SoC:inst|SoC_jtag_uart:jtag_uart|alt_jtag_atlantic:SoC_jtag_uart_alt_jtag_atlantic|td_shift[8]                                                                                                              ;
; 49.608 ; 49.794       ; 0.186          ; Low Pulse Width  ; altera_reserved_tck ; Rise       ; SoC:inst|SoC_jtag_uart:jtag_uart|alt_jtag_atlantic:SoC_jtag_uart_alt_jtag_atlantic|td_shift[9]                                                                                                              ;
; 49.608 ; 49.794       ; 0.186          ; Low Pulse Width  ; altera_reserved_tck ; Rise       ; SoC:inst|SoC_jtag_uart:jtag_uart|alt_jtag_atlantic:SoC_jtag_uart_alt_jtag_atlantic|user_saw_rvalid                                                                                                          ;
; 49.608 ; 49.794       ; 0.186          ; Low Pulse Width  ; altera_reserved_tck ; Rise       ; sld_hub:auto_hub|sld_jtag_hub:\jtag_hub_gen:sld_jtag_hub_inst|clr_reg                                                                                                                                       ;
; 49.608 ; 49.794       ; 0.186          ; Low Pulse Width  ; altera_reserved_tck ; Rise       ; sld_hub:auto_hub|sld_jtag_hub:\jtag_hub_gen:sld_jtag_hub_inst|hub_mode_reg[2]                                                                                                                               ;
; 49.609 ; 49.795       ; 0.186          ; Low Pulse Width  ; altera_reserved_tck ; Rise       ; SoC:inst|SoC_cpu:cpu|SoC_cpu_nios2_oci:the_SoC_cpu_nios2_oci|SoC_cpu_jtag_debug_module_wrapper:the_SoC_cpu_jtag_debug_module_wrapper|SoC_cpu_jtag_debug_module_tck:the_SoC_cpu_jtag_debug_module_tck|sr[36] ;
; 49.609 ; 49.795       ; 0.186          ; Low Pulse Width  ; altera_reserved_tck ; Rise       ; SoC:inst|SoC_cpu:cpu|SoC_cpu_nios2_oci:the_SoC_cpu_nios2_oci|SoC_cpu_jtag_debug_module_wrapper:the_SoC_cpu_jtag_debug_module_wrapper|SoC_cpu_jtag_debug_module_tck:the_SoC_cpu_jtag_debug_module_tck|sr[37] ;
; 49.609 ; 49.795       ; 0.186          ; Low Pulse Width  ; altera_reserved_tck ; Rise       ; SoC:inst|SoC_jtag_uart:jtag_uart|alt_jtag_atlantic:SoC_jtag_uart_alt_jtag_atlantic|read                                                                                                                     ;
; 49.609 ; 49.795       ; 0.186          ; Low Pulse Width  ; altera_reserved_tck ; Rise       ; SoC:inst|SoC_jtag_uart:jtag_uart|alt_jtag_atlantic:SoC_jtag_uart_alt_jtag_atlantic|read_req                                                                                                                 ;
; 49.609 ; 49.795       ; 0.186          ; Low Pulse Width  ; altera_reserved_tck ; Rise       ; SoC:inst|SoC_jtag_uart:jtag_uart|alt_jtag_atlantic:SoC_jtag_uart_alt_jtag_atlantic|tck_t_dav                                                                                                                ;
; 49.609 ; 49.795       ; 0.186          ; Low Pulse Width  ; altera_reserved_tck ; Rise       ; SoC:inst|SoC_jtag_uart:jtag_uart|alt_jtag_atlantic:SoC_jtag_uart_alt_jtag_atlantic|td_shift[7]                                                                                                              ;
; 49.609 ; 49.795       ; 0.186          ; Low Pulse Width  ; altera_reserved_tck ; Rise       ; SoC:inst|SoC_jtag_uart:jtag_uart|alt_jtag_atlantic:SoC_jtag_uart_alt_jtag_atlantic|wdata[0]                                                                                                                 ;
; 49.609 ; 49.795       ; 0.186          ; Low Pulse Width  ; altera_reserved_tck ; Rise       ; SoC:inst|SoC_jtag_uart:jtag_uart|alt_jtag_atlantic:SoC_jtag_uart_alt_jtag_atlantic|wdata[3]                                                                                                                 ;
; 49.609 ; 49.795       ; 0.186          ; Low Pulse Width  ; altera_reserved_tck ; Rise       ; SoC:inst|SoC_jtag_uart:jtag_uart|alt_jtag_atlantic:SoC_jtag_uart_alt_jtag_atlantic|wdata[4]                                                                                                                 ;
; 49.609 ; 49.795       ; 0.186          ; Low Pulse Width  ; altera_reserved_tck ; Rise       ; SoC:inst|SoC_jtag_uart:jtag_uart|alt_jtag_atlantic:SoC_jtag_uart_alt_jtag_atlantic|wdata[5]                                                                                                                 ;
; 49.609 ; 49.795       ; 0.186          ; Low Pulse Width  ; altera_reserved_tck ; Rise       ; SoC:inst|SoC_jtag_uart:jtag_uart|alt_jtag_atlantic:SoC_jtag_uart_alt_jtag_atlantic|wdata[6]                                                                                                                 ;
; 49.609 ; 49.795       ; 0.186          ; Low Pulse Width  ; altera_reserved_tck ; Rise       ; SoC:inst|SoC_jtag_uart:jtag_uart|alt_jtag_atlantic:SoC_jtag_uart_alt_jtag_atlantic|wdata[7]                                                                                                                 ;
; 49.609 ; 49.795       ; 0.186          ; Low Pulse Width  ; altera_reserved_tck ; Rise       ; SoC:inst|SoC_jtag_uart:jtag_uart|alt_jtag_atlantic:SoC_jtag_uart_alt_jtag_atlantic|write                                                                                                                    ;
; 49.609 ; 49.795       ; 0.186          ; Low Pulse Width  ; altera_reserved_tck ; Rise       ; SoC:inst|SoC_jtag_uart:jtag_uart|alt_jtag_atlantic:SoC_jtag_uart_alt_jtag_atlantic|write_stalled                                                                                                            ;
; 49.609 ; 49.795       ; 0.186          ; Low Pulse Width  ; altera_reserved_tck ; Rise       ; SoC:inst|SoC_jtag_uart:jtag_uart|alt_jtag_atlantic:SoC_jtag_uart_alt_jtag_atlantic|write_valid                                                                                                              ;
; 49.609 ; 49.795       ; 0.186          ; Low Pulse Width  ; altera_reserved_tck ; Rise       ; sld_hub:auto_hub|sld_jtag_hub:\jtag_hub_gen:sld_jtag_hub_inst|hub_minor_ver_reg[0]                                                                                                                          ;
; 49.609 ; 49.795       ; 0.186          ; Low Pulse Width  ; altera_reserved_tck ; Rise       ; sld_hub:auto_hub|sld_jtag_hub:\jtag_hub_gen:sld_jtag_hub_inst|hub_minor_ver_reg[1]                                                                                                                          ;
; 49.609 ; 49.795       ; 0.186          ; Low Pulse Width  ; altera_reserved_tck ; Rise       ; sld_hub:auto_hub|sld_jtag_hub:\jtag_hub_gen:sld_jtag_hub_inst|hub_minor_ver_reg[2]                                                                                                                          ;
; 49.609 ; 49.795       ; 0.186          ; Low Pulse Width  ; altera_reserved_tck ; Rise       ; sld_hub:auto_hub|sld_jtag_hub:\jtag_hub_gen:sld_jtag_hub_inst|hub_minor_ver_reg[3]                                                                                                                          ;
; 49.609 ; 49.795       ; 0.186          ; Low Pulse Width  ; altera_reserved_tck ; Rise       ; sld_hub:auto_hub|sld_jtag_hub:\jtag_hub_gen:sld_jtag_hub_inst|hub_mode_reg[0]                                                                                                                               ;
; 49.609 ; 49.795       ; 0.186          ; Low Pulse Width  ; altera_reserved_tck ; Rise       ; sld_hub:auto_hub|sld_jtag_hub:\jtag_hub_gen:sld_jtag_hub_inst|hub_mode_reg[1]                                                                                                                               ;
; 49.609 ; 49.795       ; 0.186          ; Low Pulse Width  ; altera_reserved_tck ; Rise       ; sld_hub:auto_hub|sld_jtag_hub:\jtag_hub_gen:sld_jtag_hub_inst|identity_contrib_shift_reg[0]                                                                                                                 ;
; 49.609 ; 49.795       ; 0.186          ; Low Pulse Width  ; altera_reserved_tck ; Rise       ; sld_hub:auto_hub|sld_jtag_hub:\jtag_hub_gen:sld_jtag_hub_inst|identity_contrib_shift_reg[1]                                                                                                                 ;
; 49.609 ; 49.795       ; 0.186          ; Low Pulse Width  ; altera_reserved_tck ; Rise       ; sld_hub:auto_hub|sld_jtag_hub:\jtag_hub_gen:sld_jtag_hub_inst|identity_contrib_shift_reg[2]                                                                                                                 ;
; 49.609 ; 49.795       ; 0.186          ; Low Pulse Width  ; altera_reserved_tck ; Rise       ; sld_hub:auto_hub|sld_jtag_hub:\jtag_hub_gen:sld_jtag_hub_inst|identity_contrib_shift_reg[3]                                                                                                                 ;
; 49.609 ; 49.795       ; 0.186          ; Low Pulse Width  ; altera_reserved_tck ; Rise       ; sld_hub:auto_hub|sld_jtag_hub:\jtag_hub_gen:sld_jtag_hub_inst|irf_reg[1][0]                                                                                                                                 ;
; 49.609 ; 49.795       ; 0.186          ; Low Pulse Width  ; altera_reserved_tck ; Rise       ; sld_hub:auto_hub|sld_jtag_hub:\jtag_hub_gen:sld_jtag_hub_inst|irf_reg[1][1]                                                                                                                                 ;
; 49.609 ; 49.795       ; 0.186          ; Low Pulse Width  ; altera_reserved_tck ; Rise       ; sld_hub:auto_hub|sld_jtag_hub:\jtag_hub_gen:sld_jtag_hub_inst|irf_reg[1][2]                                                                                                                                 ;
; 49.609 ; 49.795       ; 0.186          ; Low Pulse Width  ; altera_reserved_tck ; Rise       ; sld_hub:auto_hub|sld_jtag_hub:\jtag_hub_gen:sld_jtag_hub_inst|irf_reg[1][3]                                                                                                                                 ;
; 49.609 ; 49.795       ; 0.186          ; Low Pulse Width  ; altera_reserved_tck ; Rise       ; sld_hub:auto_hub|sld_jtag_hub:\jtag_hub_gen:sld_jtag_hub_inst|irf_reg[1][4]                                                                                                                                 ;
; 49.609 ; 49.795       ; 0.186          ; Low Pulse Width  ; altera_reserved_tck ; Rise       ; sld_hub:auto_hub|sld_jtag_hub:\jtag_hub_gen:sld_jtag_hub_inst|irf_reg[2][0]                                                                                                                                 ;
; 49.609 ; 49.795       ; 0.186          ; Low Pulse Width  ; altera_reserved_tck ; Rise       ; sld_hub:auto_hub|sld_jtag_hub:\jtag_hub_gen:sld_jtag_hub_inst|irf_reg[2][1]                                                                                                                                 ;
; 49.609 ; 49.795       ; 0.186          ; Low Pulse Width  ; altera_reserved_tck ; Rise       ; sld_hub:auto_hub|sld_jtag_hub:\jtag_hub_gen:sld_jtag_hub_inst|irf_reg[2][2]                                                                                                                                 ;
; 49.609 ; 49.795       ; 0.186          ; Low Pulse Width  ; altera_reserved_tck ; Rise       ; sld_hub:auto_hub|sld_jtag_hub:\jtag_hub_gen:sld_jtag_hub_inst|irf_reg[2][3]                                                                                                                                 ;
; 49.609 ; 49.795       ; 0.186          ; Low Pulse Width  ; altera_reserved_tck ; Rise       ; sld_hub:auto_hub|sld_jtag_hub:\jtag_hub_gen:sld_jtag_hub_inst|irf_reg[2][4]                                                                                                                                 ;
; 49.609 ; 49.795       ; 0.186          ; Low Pulse Width  ; altera_reserved_tck ; Rise       ; sld_hub:auto_hub|sld_jtag_hub:\jtag_hub_gen:sld_jtag_hub_inst|irsr_reg[0]                                                                                                                                   ;
; 49.609 ; 49.795       ; 0.186          ; Low Pulse Width  ; altera_reserved_tck ; Rise       ; sld_hub:auto_hub|sld_jtag_hub:\jtag_hub_gen:sld_jtag_hub_inst|irsr_reg[1]                                                                                                                                   ;
; 49.609 ; 49.795       ; 0.186          ; Low Pulse Width  ; altera_reserved_tck ; Rise       ; sld_hub:auto_hub|sld_jtag_hub:\jtag_hub_gen:sld_jtag_hub_inst|irsr_reg[2]                                                                                                                                   ;
; 49.609 ; 49.795       ; 0.186          ; Low Pulse Width  ; altera_reserved_tck ; Rise       ; sld_hub:auto_hub|sld_jtag_hub:\jtag_hub_gen:sld_jtag_hub_inst|irsr_reg[3]                                                                                                                                   ;
; 49.609 ; 49.795       ; 0.186          ; Low Pulse Width  ; altera_reserved_tck ; Rise       ; sld_hub:auto_hub|sld_jtag_hub:\jtag_hub_gen:sld_jtag_hub_inst|irsr_reg[4]                                                                                                                                   ;
; 49.609 ; 49.795       ; 0.186          ; Low Pulse Width  ; altera_reserved_tck ; Rise       ; sld_hub:auto_hub|sld_jtag_hub:\jtag_hub_gen:sld_jtag_hub_inst|irsr_reg[5]                                                                                                                                   ;
; 49.609 ; 49.795       ; 0.186          ; Low Pulse Width  ; altera_reserved_tck ; Rise       ; sld_hub:auto_hub|sld_jtag_hub:\jtag_hub_gen:sld_jtag_hub_inst|irsr_reg[6]                                                                                                                                   ;
; 49.609 ; 49.795       ; 0.186          ; Low Pulse Width  ; altera_reserved_tck ; Rise       ; sld_hub:auto_hub|sld_jtag_hub:\jtag_hub_gen:sld_jtag_hub_inst|jtag_ir_reg[0]                                                                                                                                ;
; 49.609 ; 49.795       ; 0.186          ; Low Pulse Width  ; altera_reserved_tck ; Rise       ; sld_hub:auto_hub|sld_jtag_hub:\jtag_hub_gen:sld_jtag_hub_inst|jtag_ir_reg[1]                                                                                                                                ;
; 49.609 ; 49.795       ; 0.186          ; Low Pulse Width  ; altera_reserved_tck ; Rise       ; sld_hub:auto_hub|sld_jtag_hub:\jtag_hub_gen:sld_jtag_hub_inst|jtag_ir_reg[2]                                                                                                                                ;
; 49.609 ; 49.795       ; 0.186          ; Low Pulse Width  ; altera_reserved_tck ; Rise       ; sld_hub:auto_hub|sld_jtag_hub:\jtag_hub_gen:sld_jtag_hub_inst|jtag_ir_reg[3]                                                                                                                                ;
; 49.609 ; 49.795       ; 0.186          ; Low Pulse Width  ; altera_reserved_tck ; Rise       ; sld_hub:auto_hub|sld_jtag_hub:\jtag_hub_gen:sld_jtag_hub_inst|jtag_ir_reg[4]                                                                                                                                ;
; 49.609 ; 49.795       ; 0.186          ; Low Pulse Width  ; altera_reserved_tck ; Rise       ; sld_hub:auto_hub|sld_jtag_hub:\jtag_hub_gen:sld_jtag_hub_inst|jtag_ir_reg[5]                                                                                                                                ;
; 49.609 ; 49.795       ; 0.186          ; Low Pulse Width  ; altera_reserved_tck ; Rise       ; sld_hub:auto_hub|sld_jtag_hub:\jtag_hub_gen:sld_jtag_hub_inst|jtag_ir_reg[6]                                                                                                                                ;
; 49.609 ; 49.795       ; 0.186          ; Low Pulse Width  ; altera_reserved_tck ; Rise       ; sld_hub:auto_hub|sld_jtag_hub:\jtag_hub_gen:sld_jtag_hub_inst|jtag_ir_reg[7]                                                                                                                                ;
; 49.609 ; 49.795       ; 0.186          ; Low Pulse Width  ; altera_reserved_tck ; Rise       ; sld_hub:auto_hub|sld_jtag_hub:\jtag_hub_gen:sld_jtag_hub_inst|jtag_ir_reg[8]                                                                                                                                ;
; 49.609 ; 49.795       ; 0.186          ; Low Pulse Width  ; altera_reserved_tck ; Rise       ; sld_hub:auto_hub|sld_jtag_hub:\jtag_hub_gen:sld_jtag_hub_inst|jtag_ir_reg[9]                                                                                                                                ;
; 49.609 ; 49.795       ; 0.186          ; Low Pulse Width  ; altera_reserved_tck ; Rise       ; sld_hub:auto_hub|sld_jtag_hub:\jtag_hub_gen:sld_jtag_hub_inst|node_ena[1]~reg0                                                                                                                              ;
; 49.609 ; 49.795       ; 0.186          ; Low Pulse Width  ; altera_reserved_tck ; Rise       ; sld_hub:auto_hub|sld_jtag_hub:\jtag_hub_gen:sld_jtag_hub_inst|node_ena[2]~reg0                                                                                                                              ;
; 49.609 ; 49.795       ; 0.186          ; Low Pulse Width  ; altera_reserved_tck ; Rise       ; sld_hub:auto_hub|sld_jtag_hub:\jtag_hub_gen:sld_jtag_hub_inst|reset_ena_reg                                                                                                                                 ;
; 49.609 ; 49.795       ; 0.186          ; Low Pulse Width  ; altera_reserved_tck ; Rise       ; sld_hub:auto_hub|sld_jtag_hub:\jtag_hub_gen:sld_jtag_hub_inst|shadow_irf_reg[1][0]                                                                                                                          ;
; 49.609 ; 49.795       ; 0.186          ; Low Pulse Width  ; altera_reserved_tck ; Rise       ; sld_hub:auto_hub|sld_jtag_hub:\jtag_hub_gen:sld_jtag_hub_inst|shadow_irf_reg[1][1]                                                                                                                          ;
; 49.609 ; 49.795       ; 0.186          ; Low Pulse Width  ; altera_reserved_tck ; Rise       ; sld_hub:auto_hub|sld_jtag_hub:\jtag_hub_gen:sld_jtag_hub_inst|shadow_irf_reg[1][2]                                                                                                                          ;
; 49.609 ; 49.795       ; 0.186          ; Low Pulse Width  ; altera_reserved_tck ; Rise       ; sld_hub:auto_hub|sld_jtag_hub:\jtag_hub_gen:sld_jtag_hub_inst|shadow_irf_reg[1][3]                                                                                                                          ;
; 49.609 ; 49.795       ; 0.186          ; Low Pulse Width  ; altera_reserved_tck ; Rise       ; sld_hub:auto_hub|sld_jtag_hub:\jtag_hub_gen:sld_jtag_hub_inst|shadow_irf_reg[1][4]                                                                                                                          ;
; 49.609 ; 49.795       ; 0.186          ; Low Pulse Width  ; altera_reserved_tck ; Rise       ; sld_hub:auto_hub|sld_jtag_hub:\jtag_hub_gen:sld_jtag_hub_inst|shadow_irf_reg[2][0]                                                                                                                          ;
; 49.609 ; 49.795       ; 0.186          ; Low Pulse Width  ; altera_reserved_tck ; Rise       ; sld_hub:auto_hub|sld_jtag_hub:\jtag_hub_gen:sld_jtag_hub_inst|shadow_irf_reg[2][1]                                                                                                                          ;
; 49.609 ; 49.795       ; 0.186          ; Low Pulse Width  ; altera_reserved_tck ; Rise       ; sld_hub:auto_hub|sld_jtag_hub:\jtag_hub_gen:sld_jtag_hub_inst|shadow_irf_reg[2][2]                                                                                                                          ;
; 49.609 ; 49.795       ; 0.186          ; Low Pulse Width  ; altera_reserved_tck ; Rise       ; sld_hub:auto_hub|sld_jtag_hub:\jtag_hub_gen:sld_jtag_hub_inst|shadow_irf_reg[2][3]                                                                                                                          ;
; 49.609 ; 49.795       ; 0.186          ; Low Pulse Width  ; altera_reserved_tck ; Rise       ; sld_hub:auto_hub|sld_jtag_hub:\jtag_hub_gen:sld_jtag_hub_inst|shadow_irf_reg[2][4]                                                                                                                          ;
+--------+--------------+----------------+------------------+---------------------+------------+-------------------------------------------------------------------------------------------------------------------------------------------------------------------------------------------------------------+


+----------------------------------------------------------------------------------------------+
; Setup Times                                                                                  ;
+---------------------+---------------------+-------+-------+------------+---------------------+
; Data Port           ; Clock Port          ; Rise  ; Fall  ; Clock Edge ; Clock Reference     ;
+---------------------+---------------------+-------+-------+------------+---------------------+
; altera_reserved_tdi ; altera_reserved_tck ; 4.763 ; 4.978 ; Rise       ; altera_reserved_tck ;
; altera_reserved_tms ; altera_reserved_tck ; 9.597 ; 9.811 ; Rise       ; altera_reserved_tck ;
+---------------------+---------------------+-------+-------+------------+---------------------+


+------------------------------------------------------------------------------------------------+
; Hold Times                                                                                     ;
+---------------------+---------------------+--------+--------+------------+---------------------+
; Data Port           ; Clock Port          ; Rise   ; Fall   ; Clock Edge ; Clock Reference     ;
+---------------------+---------------------+--------+--------+------------+---------------------+
; altera_reserved_tdi ; altera_reserved_tck ; -1.964 ; -2.197 ; Rise       ; altera_reserved_tck ;
; altera_reserved_tms ; altera_reserved_tck ; -3.721 ; -3.897 ; Rise       ; altera_reserved_tck ;
+---------------------+---------------------+--------+--------+------------+---------------------+


+------------------------------------------------------------------------------------------------+
; Clock to Output Times                                                                          ;
+---------------------+---------------------+--------+--------+------------+---------------------+
; Data Port           ; Clock Port          ; Rise   ; Fall   ; Clock Edge ; Clock Reference     ;
+---------------------+---------------------+--------+--------+------------+---------------------+
; altera_reserved_tdo ; altera_reserved_tck ; 15.252 ; 15.923 ; Fall       ; altera_reserved_tck ;
+---------------------+---------------------+--------+--------+------------+---------------------+


+------------------------------------------------------------------------------------------------+
; Minimum Clock to Output Times                                                                  ;
+---------------------+---------------------+--------+--------+------------+---------------------+
; Data Port           ; Clock Port          ; Rise   ; Fall   ; Clock Edge ; Clock Reference     ;
+---------------------+---------------------+--------+--------+------------+---------------------+
; altera_reserved_tdo ; altera_reserved_tck ; 12.811 ; 13.476 ; Fall       ; altera_reserved_tck ;
+---------------------+---------------------+--------+--------+------------+---------------------+


+----------------------------------------------------+
; Propagation Delay                                  ;
+------------+-------------+-------+----+----+-------+
; Input Port ; Output Port ; RR    ; RF ; FR ; FF    ;
+------------+-------------+-------+----+----+-------+
; INPUT      ; SDRAM_CLK1  ; 0.827 ;    ;    ; 0.941 ;
+------------+-------------+-------+----+----+-------+


+----------------------------------------------------+
; Minimum Propagation Delay                          ;
+------------+-------------+-------+----+----+-------+
; Input Port ; Output Port ; RR    ; RF ; FR ; FF    ;
+------------+-------------+-------+----+----+-------+
; INPUT      ; SDRAM_CLK1  ; 0.404 ;    ;    ; 0.516 ;
+------------+-------------+-------+----+----+-------+


----------------
; MTBF Summary ;
----------------
Typical MTBF of Design is 1e+09 years or 3.15e+16 seconds.

Number of Synchronizer Chains Found: 2
Shortest Synchronizer Chain: 2 Registers
Fraction of Chains for which MTBFs Could Not be Calculated: 0.000
Worst Case Available Settling Time: 197.361 ns

Typical MTBF values are calculated based on the nominal silicon characteristics, at nominal operating conditions.
  - Under typical conditions, an increase of 100ps in available settling time will increase MTBF values by a factor of 10.8



+------------------------------------------------------------------------------------------------------------------------------------------------------------------------------------------------------------------------------------------------------------------------------------------------------------------------------------------------------------------------------------------------------------------------------------------------------+
; Synchronizer Summary                                                                                                                                                                                                                                                                                                                                                                                                                                 ;
+--------------------------------------------------------------------------------------------------------------------------------+------------------------------------------------------------------------------------------------------------------------------------------------------------------------------------------------------------------------------------------------------------------+------------------------+-------------------------+
; Source Node                                                                                                                    ; Synchronization Node                                                                                                                                                                                                                                             ; Typical MTBF (Years)   ; Included in Design MTBF ;
+--------------------------------------------------------------------------------------------------------------------------------+------------------------------------------------------------------------------------------------------------------------------------------------------------------------------------------------------------------------------------------------------------------+------------------------+-------------------------+
; SoC:inst|SoC_cpu:cpu|hbreak_enabled                                                                                            ; SoC:inst|SoC_cpu:cpu|SoC_cpu_nios2_oci:the_SoC_cpu_nios2_oci|SoC_cpu_jtag_debug_module_wrapper:the_SoC_cpu_jtag_debug_module_wrapper|SoC_cpu_jtag_debug_module_tck:the_SoC_cpu_jtag_debug_module_tck|altera_std_synchronizer:the_altera_std_synchronizer1|din_s1 ; Greater than 1 Billion ; Yes                     ;
; SoC:inst|SoC_cpu:cpu|SoC_cpu_nios2_oci:the_SoC_cpu_nios2_oci|SoC_cpu_nios2_oci_debug:the_SoC_cpu_nios2_oci_debug|monitor_ready ; SoC:inst|SoC_cpu:cpu|SoC_cpu_nios2_oci:the_SoC_cpu_nios2_oci|SoC_cpu_jtag_debug_module_wrapper:the_SoC_cpu_jtag_debug_module_wrapper|SoC_cpu_jtag_debug_module_tck:the_SoC_cpu_jtag_debug_module_tck|altera_std_synchronizer:the_altera_std_synchronizer2|din_s1 ; Greater than 1 Billion ; Yes                     ;
+--------------------------------------------------------------------------------------------------------------------------------+------------------------------------------------------------------------------------------------------------------------------------------------------------------------------------------------------------------------------------------------------------------+------------------------+-------------------------+


Synchronizer Chain #1: Typical MTBF is Greater than 1 Billion Years
===============================================================================
+--------------------------------------------------------------------------------------------------------------------------------------------------------------------------------------------------------------------------------------------------------------------------------------------+
; Chain Summary                                                                                                                                                                                                                                                                              ;
+-------------------------+------------------------------------------------------------------------------------------------------------------------------------------------------------------------------------------------------------------------------------------------------------------+
; Property                ; Value                                                                                                                                                                                                                                                            ;
+-------------------------+------------------------------------------------------------------------------------------------------------------------------------------------------------------------------------------------------------------------------------------------------------------+
; Source Node             ; SoC:inst|SoC_cpu:cpu|hbreak_enabled                                                                                                                                                                                                                              ;
; Synchronization Node    ; SoC:inst|SoC_cpu:cpu|SoC_cpu_nios2_oci:the_SoC_cpu_nios2_oci|SoC_cpu_jtag_debug_module_wrapper:the_SoC_cpu_jtag_debug_module_wrapper|SoC_cpu_jtag_debug_module_tck:the_SoC_cpu_jtag_debug_module_tck|altera_std_synchronizer:the_altera_std_synchronizer1|din_s1 ;
; Typical MTBF (years)    ; Greater than 1 Billion                                                                                                                                                                                                                                           ;
; Included in Design MTBF ; Yes                                                                                                                                                                                                                                                              ;
+-------------------------+------------------------------------------------------------------------------------------------------------------------------------------------------------------------------------------------------------------------------------------------------------------+

+----------------------------------------------------------------------------------------------------------------------------------------------------------------------------------------------------------------------------------------------------------------------------------------------------------------------------------------------+
; Statistics                                                                                                                                                                                                                                                                                                                                   ;
+--------------------------------------------------------------------------------------------------------------------------------------------------------------------------------------------------------------------------------------------------------------------+------------------------+--------------+------------------+--------------+
; Property                                                                                                                                                                                                                                                           ; Value                  ; Clock Period ; Active Edge Rate ; Output Slack ;
+--------------------------------------------------------------------------------------------------------------------------------------------------------------------------------------------------------------------------------------------------------------------+------------------------+--------------+------------------+--------------+
; Method of Synchronizer Identification                                                                                                                                                                                                                              ; User Specified         ;              ;                  ;              ;
; Typical MTBF (years)                                                                                                                                                                                                                                               ; Greater than 1 Billion ;              ;                  ;              ;
; Number of Synchronization Registers in Chain                                                                                                                                                                                                                       ; 2                      ;              ;                  ;              ;
; Available Settling Time (ns)                                                                                                                                                                                                                                       ; 197.361                ;              ;                  ;              ;
; Data Toggle Rate Used in MTBF Calculation (millions of transitions / sec)                                                                                                                                                                                          ; 1.25                   ;              ;                  ;              ;
; Source Clock                                                                                                                                                                                                                                                       ;                        ;              ;                  ;              ;
;  Unknown                                                                                                                                                                                                                                                           ;                        ;              ;                  ;              ;
; Synchronization Clock                                                                                                                                                                                                                                              ;                        ;              ;                  ;              ;
;  altera_reserved_tck                                                                                                                                                                                                                                               ;                        ; 100.000      ; 10.0 MHz         ;              ;
; Asynchronous Source                                                                                                                                                                                                                                                ;                        ;              ;                  ;              ;
;  SoC:inst|SoC_cpu:cpu|hbreak_enabled                                                                                                                                                                                                                               ;                        ;              ;                  ;              ;
; Synchronization Registers                                                                                                                                                                                                                                          ;                        ;              ;                  ;              ;
;  SoC:inst|SoC_cpu:cpu|SoC_cpu_nios2_oci:the_SoC_cpu_nios2_oci|SoC_cpu_jtag_debug_module_wrapper:the_SoC_cpu_jtag_debug_module_wrapper|SoC_cpu_jtag_debug_module_tck:the_SoC_cpu_jtag_debug_module_tck|altera_std_synchronizer:the_altera_std_synchronizer1|din_s1  ;                        ;              ;                  ; 99.236       ;
;  SoC:inst|SoC_cpu:cpu|SoC_cpu_nios2_oci:the_SoC_cpu_nios2_oci|SoC_cpu_jtag_debug_module_wrapper:the_SoC_cpu_jtag_debug_module_wrapper|SoC_cpu_jtag_debug_module_tck:the_SoC_cpu_jtag_debug_module_tck|altera_std_synchronizer:the_altera_std_synchronizer1|dreg[0] ;                        ;              ;                  ; 98.125       ;
+--------------------------------------------------------------------------------------------------------------------------------------------------------------------------------------------------------------------------------------------------------------------+------------------------+--------------+------------------+--------------+



Synchronizer Chain #2: Typical MTBF is Greater than 1 Billion Years
===============================================================================
+--------------------------------------------------------------------------------------------------------------------------------------------------------------------------------------------------------------------------------------------------------------------------------------------+
; Chain Summary                                                                                                                                                                                                                                                                              ;
+-------------------------+------------------------------------------------------------------------------------------------------------------------------------------------------------------------------------------------------------------------------------------------------------------+
; Property                ; Value                                                                                                                                                                                                                                                            ;
+-------------------------+------------------------------------------------------------------------------------------------------------------------------------------------------------------------------------------------------------------------------------------------------------------+
; Source Node             ; SoC:inst|SoC_cpu:cpu|SoC_cpu_nios2_oci:the_SoC_cpu_nios2_oci|SoC_cpu_nios2_oci_debug:the_SoC_cpu_nios2_oci_debug|monitor_ready                                                                                                                                   ;
; Synchronization Node    ; SoC:inst|SoC_cpu:cpu|SoC_cpu_nios2_oci:the_SoC_cpu_nios2_oci|SoC_cpu_jtag_debug_module_wrapper:the_SoC_cpu_jtag_debug_module_wrapper|SoC_cpu_jtag_debug_module_tck:the_SoC_cpu_jtag_debug_module_tck|altera_std_synchronizer:the_altera_std_synchronizer2|din_s1 ;
; Typical MTBF (years)    ; Greater than 1 Billion                                                                                                                                                                                                                                           ;
; Included in Design MTBF ; Yes                                                                                                                                                                                                                                                              ;
+-------------------------+------------------------------------------------------------------------------------------------------------------------------------------------------------------------------------------------------------------------------------------------------------------+

+----------------------------------------------------------------------------------------------------------------------------------------------------------------------------------------------------------------------------------------------------------------------------------------------------------------------------------------------+
; Statistics                                                                                                                                                                                                                                                                                                                                   ;
+--------------------------------------------------------------------------------------------------------------------------------------------------------------------------------------------------------------------------------------------------------------------+------------------------+--------------+------------------+--------------+
; Property                                                                                                                                                                                                                                                           ; Value                  ; Clock Period ; Active Edge Rate ; Output Slack ;
+--------------------------------------------------------------------------------------------------------------------------------------------------------------------------------------------------------------------------------------------------------------------+------------------------+--------------+------------------+--------------+
; Method of Synchronizer Identification                                                                                                                                                                                                                              ; User Specified         ;              ;                  ;              ;
; Typical MTBF (years)                                                                                                                                                                                                                                               ; Greater than 1 Billion ;              ;                  ;              ;
; Number of Synchronization Registers in Chain                                                                                                                                                                                                                       ; 2                      ;              ;                  ;              ;
; Available Settling Time (ns)                                                                                                                                                                                                                                       ; 197.678                ;              ;                  ;              ;
; Data Toggle Rate Used in MTBF Calculation (millions of transitions / sec)                                                                                                                                                                                          ; 1.25                   ;              ;                  ;              ;
; Source Clock                                                                                                                                                                                                                                                       ;                        ;              ;                  ;              ;
;  Unknown                                                                                                                                                                                                                                                           ;                        ;              ;                  ;              ;
; Synchronization Clock                                                                                                                                                                                                                                              ;                        ;              ;                  ;              ;
;  altera_reserved_tck                                                                                                                                                                                                                                               ;                        ; 100.000      ; 10.0 MHz         ;              ;
; Asynchronous Source                                                                                                                                                                                                                                                ;                        ;              ;                  ;              ;
;  SoC:inst|SoC_cpu:cpu|SoC_cpu_nios2_oci:the_SoC_cpu_nios2_oci|SoC_cpu_nios2_oci_debug:the_SoC_cpu_nios2_oci_debug|monitor_ready                                                                                                                                    ;                        ;              ;                  ;              ;
; Synchronization Registers                                                                                                                                                                                                                                          ;                        ;              ;                  ;              ;
;  SoC:inst|SoC_cpu:cpu|SoC_cpu_nios2_oci:the_SoC_cpu_nios2_oci|SoC_cpu_jtag_debug_module_wrapper:the_SoC_cpu_jtag_debug_module_wrapper|SoC_cpu_jtag_debug_module_tck:the_SoC_cpu_jtag_debug_module_tck|altera_std_synchronizer:the_altera_std_synchronizer2|din_s1  ;                        ;              ;                  ; 99.238       ;
;  SoC:inst|SoC_cpu:cpu|SoC_cpu_nios2_oci:the_SoC_cpu_nios2_oci|SoC_cpu_jtag_debug_module_wrapper:the_SoC_cpu_jtag_debug_module_wrapper|SoC_cpu_jtag_debug_module_tck:the_SoC_cpu_jtag_debug_module_tck|altera_std_synchronizer:the_altera_std_synchronizer2|dreg[0] ;                        ;              ;                  ; 98.440       ;
+--------------------------------------------------------------------------------------------------------------------------------------------------------------------------------------------------------------------------------------------------------------------+------------------------+--------------+------------------+--------------+



+----------------------------------------------+
; Fast 1200mV 0C Model Setup Summary           ;
+---------------------+--------+---------------+
; Clock               ; Slack  ; End Point TNS ;
+---------------------+--------+---------------+
; altera_reserved_tck ; 48.784 ; 0.000         ;
+---------------------+--------+---------------+


+---------------------------------------------+
; Fast 1200mV 0C Model Hold Summary           ;
+---------------------+-------+---------------+
; Clock               ; Slack ; End Point TNS ;
+---------------------+-------+---------------+
; altera_reserved_tck ; 0.181 ; 0.000         ;
+---------------------+-------+---------------+


+----------------------------------------------+
; Fast 1200mV 0C Model Recovery Summary        ;
+---------------------+--------+---------------+
; Clock               ; Slack  ; End Point TNS ;
+---------------------+--------+---------------+
; altera_reserved_tck ; 49.022 ; 0.000         ;
+---------------------+--------+---------------+


+---------------------------------------------+
; Fast 1200mV 0C Model Removal Summary        ;
+---------------------+-------+---------------+
; Clock               ; Slack ; End Point TNS ;
+---------------------+-------+---------------+
; altera_reserved_tck ; 0.498 ; 0.000         ;
+---------------------+-------+---------------+


+--------------------------------------------------+
; Fast 1200mV 0C Model Minimum Pulse Width Summary ;
+---------------------+--------+-------------------+
; Clock               ; Slack  ; End Point TNS     ;
+---------------------+--------+-------------------+
; altera_reserved_tck ; 49.473 ; 0.000             ;
+---------------------+--------+-------------------+


+------------------------------------------------------------------------------------------------------------------------------------------------------------------------------------------------------------------------------------------------------------------------------------------------------------------------------------------------------------------------------------------------------------------------------------------------------------------------------------------------------------------------+
; Fast 1200mV 0C Model Setup: 'altera_reserved_tck'                                                                                                                                                                                                                                                                                                                                                                                                                                                                      ;
+--------+------------------------------------------------------------------------------------------------------------------------------------------------------------------------------------------------------------+-------------------------------------------------------------------------------------------------------------------------------------------------------------------------------------------------------------+---------------------+---------------------+--------------+------------+------------+
; Slack  ; From Node                                                                                                                                                                                                  ; To Node                                                                                                                                                                                                     ; Launch Clock        ; Latch Clock         ; Relationship ; Clock Skew ; Data Delay ;
+--------+------------------------------------------------------------------------------------------------------------------------------------------------------------------------------------------------------------+-------------------------------------------------------------------------------------------------------------------------------------------------------------------------------------------------------------+---------------------+---------------------+--------------+------------+------------+
; 48.784 ; sld_hub:auto_hub|sld_jtag_hub:\jtag_hub_gen:sld_jtag_hub_inst|design_hash_reg[0]                                                                                                                           ; sld_hub:auto_hub|sld_jtag_hub:\jtag_hub_gen:sld_jtag_hub_inst|tdo                                                                                                                                           ; altera_reserved_tck ; altera_reserved_tck ; 50.000       ; 0.296      ; 1.519      ;
; 48.827 ; sld_hub:auto_hub|sld_jtag_hub:\jtag_hub_gen:sld_jtag_hub_inst|sld_shadow_jsm:shadow_jsm|state[3]                                                                                                           ; sld_hub:auto_hub|sld_jtag_hub:\jtag_hub_gen:sld_jtag_hub_inst|tdo                                                                                                                                           ; altera_reserved_tck ; altera_reserved_tck ; 50.000       ; 0.281      ; 1.461      ;
; 48.863 ; sld_hub:auto_hub|sld_jtag_hub:\jtag_hub_gen:sld_jtag_hub_inst|irsr_reg[1]                                                                                                                                  ; sld_hub:auto_hub|sld_jtag_hub:\jtag_hub_gen:sld_jtag_hub_inst|tdo                                                                                                                                           ; altera_reserved_tck ; altera_reserved_tck ; 50.000       ; 0.271      ; 1.415      ;
; 48.884 ; sld_hub:auto_hub|sld_jtag_hub:\jtag_hub_gen:sld_jtag_hub_inst|virtual_ir_scan_reg                                                                                                                          ; SoC:inst|SoC_jtag_uart:jtag_uart|alt_jtag_atlantic:SoC_jtag_uart_alt_jtag_atlantic|jupdate                                                                                                                  ; altera_reserved_tck ; altera_reserved_tck ; 50.000       ; 0.276      ; 1.399      ;
; 48.892 ; sld_hub:auto_hub|sld_jtag_hub:\jtag_hub_gen:sld_jtag_hub_inst|sld_shadow_jsm:shadow_jsm|state[4]                                                                                                           ; sld_hub:auto_hub|sld_jtag_hub:\jtag_hub_gen:sld_jtag_hub_inst|tdo                                                                                                                                           ; altera_reserved_tck ; altera_reserved_tck ; 50.000       ; 0.281      ; 1.396      ;
; 48.917 ; sld_hub:auto_hub|sld_jtag_hub:\jtag_hub_gen:sld_jtag_hub_inst|irsr_reg[6]                                                                                                                                  ; sld_hub:auto_hub|sld_jtag_hub:\jtag_hub_gen:sld_jtag_hub_inst|tdo                                                                                                                                           ; altera_reserved_tck ; altera_reserved_tck ; 50.000       ; 0.271      ; 1.361      ;
; 48.949 ; sld_hub:auto_hub|sld_jtag_hub:\jtag_hub_gen:sld_jtag_hub_inst|sld_rom_sr:hub_info_reg|WORD_SR[0]                                                                                                           ; sld_hub:auto_hub|sld_jtag_hub:\jtag_hub_gen:sld_jtag_hub_inst|tdo                                                                                                                                           ; altera_reserved_tck ; altera_reserved_tck ; 50.000       ; 0.280      ; 1.338      ;
; 48.950 ; sld_hub:auto_hub|sld_jtag_hub:\jtag_hub_gen:sld_jtag_hub_inst|irf_reg[2][0]                                                                                                                                ; SoC:inst|SoC_jtag_uart:jtag_uart|alt_jtag_atlantic:SoC_jtag_uart_alt_jtag_atlantic|jupdate                                                                                                                  ; altera_reserved_tck ; altera_reserved_tck ; 50.000       ; 0.267      ; 1.324      ;
; 48.955 ; sld_hub:auto_hub|sld_jtag_hub:\jtag_hub_gen:sld_jtag_hub_inst|virtual_ir_scan_reg                                                                                                                          ; sld_hub:auto_hub|sld_jtag_hub:\jtag_hub_gen:sld_jtag_hub_inst|tdo                                                                                                                                           ; altera_reserved_tck ; altera_reserved_tck ; 50.000       ; 0.284      ; 1.336      ;
; 49.037 ; sld_hub:auto_hub|sld_jtag_hub:\jtag_hub_gen:sld_jtag_hub_inst|irsr_reg[5]                                                                                                                                  ; sld_hub:auto_hub|sld_jtag_hub:\jtag_hub_gen:sld_jtag_hub_inst|tdo                                                                                                                                           ; altera_reserved_tck ; altera_reserved_tck ; 50.000       ; 0.271      ; 1.241      ;
; 49.042 ; sld_hub:auto_hub|sld_jtag_hub:\jtag_hub_gen:sld_jtag_hub_inst|irsr_reg[0]                                                                                                                                  ; sld_hub:auto_hub|sld_jtag_hub:\jtag_hub_gen:sld_jtag_hub_inst|tdo                                                                                                                                           ; altera_reserved_tck ; altera_reserved_tck ; 50.000       ; 0.271      ; 1.236      ;
; 49.046 ; sld_hub:auto_hub|sld_jtag_hub:\jtag_hub_gen:sld_jtag_hub_inst|irsr_reg[2]                                                                                                                                  ; sld_hub:auto_hub|sld_jtag_hub:\jtag_hub_gen:sld_jtag_hub_inst|tdo                                                                                                                                           ; altera_reserved_tck ; altera_reserved_tck ; 50.000       ; 0.271      ; 1.232      ;
; 49.164 ; SoC:inst|SoC_cpu:cpu|SoC_cpu_nios2_oci:the_SoC_cpu_nios2_oci|SoC_cpu_jtag_debug_module_wrapper:the_SoC_cpu_jtag_debug_module_wrapper|SoC_cpu_jtag_debug_module_tck:the_SoC_cpu_jtag_debug_module_tck|sr[0] ; sld_hub:auto_hub|sld_jtag_hub:\jtag_hub_gen:sld_jtag_hub_inst|tdo                                                                                                                                           ; altera_reserved_tck ; altera_reserved_tck ; 50.000       ; 0.274      ; 1.117      ;
; 49.189 ; sld_hub:auto_hub|sld_jtag_hub:\jtag_hub_gen:sld_jtag_hub_inst|node_ena[2]~reg0                                                                                                                             ; SoC:inst|SoC_jtag_uart:jtag_uart|alt_jtag_atlantic:SoC_jtag_uart_alt_jtag_atlantic|jupdate                                                                                                                  ; altera_reserved_tck ; altera_reserved_tck ; 50.000       ; 0.273      ; 1.091      ;
; 49.194 ; sld_hub:auto_hub|sld_jtag_hub:\jtag_hub_gen:sld_jtag_hub_inst|hub_minor_ver_reg[0]                                                                                                                         ; sld_hub:auto_hub|sld_jtag_hub:\jtag_hub_gen:sld_jtag_hub_inst|tdo                                                                                                                                           ; altera_reserved_tck ; altera_reserved_tck ; 50.000       ; 0.274      ; 1.087      ;
; 49.262 ; sld_hub:auto_hub|sld_jtag_hub:\jtag_hub_gen:sld_jtag_hub_inst|tdo_bypass_reg                                                                                                                               ; sld_hub:auto_hub|sld_jtag_hub:\jtag_hub_gen:sld_jtag_hub_inst|tdo                                                                                                                                           ; altera_reserved_tck ; altera_reserved_tck ; 50.000       ; 0.272      ; 1.017      ;
; 49.300 ; sld_hub:auto_hub|sld_jtag_hub:\jtag_hub_gen:sld_jtag_hub_inst|sld_shadow_jsm:shadow_jsm|state[8]                                                                                                           ; SoC:inst|SoC_jtag_uart:jtag_uart|alt_jtag_atlantic:SoC_jtag_uart_alt_jtag_atlantic|jupdate                                                                                                                  ; altera_reserved_tck ; altera_reserved_tck ; 50.000       ; 0.273      ; 0.980      ;
; 49.821 ; SoC:inst|SoC_jtag_uart:jtag_uart|alt_jtag_atlantic:SoC_jtag_uart_alt_jtag_atlantic|td_shift[0]                                                                                                             ; SoC:inst|SoC_jtag_uart:jtag_uart|alt_jtag_atlantic:SoC_jtag_uart_alt_jtag_atlantic|tdo~reg0                                                                                                                 ; altera_reserved_tck ; altera_reserved_tck ; 50.000       ; 0.273      ; 0.459      ;
; 97.534 ; sld_hub:auto_hub|sld_jtag_hub:\jtag_hub_gen:sld_jtag_hub_inst|virtual_ir_scan_reg                                                                                                                          ; SoC:inst|SoC_cpu:cpu|SoC_cpu_nios2_oci:the_SoC_cpu_nios2_oci|SoC_cpu_jtag_debug_module_wrapper:the_SoC_cpu_jtag_debug_module_wrapper|SoC_cpu_jtag_debug_module_tck:the_SoC_cpu_jtag_debug_module_tck|sr[25] ; altera_reserved_tck ; altera_reserved_tck ; 100.000      ; -0.028     ; 2.445      ;
; 97.536 ; sld_hub:auto_hub|sld_jtag_hub:\jtag_hub_gen:sld_jtag_hub_inst|virtual_ir_scan_reg                                                                                                                          ; SoC:inst|SoC_cpu:cpu|SoC_cpu_nios2_oci:the_SoC_cpu_nios2_oci|SoC_cpu_jtag_debug_module_wrapper:the_SoC_cpu_jtag_debug_module_wrapper|SoC_cpu_jtag_debug_module_tck:the_SoC_cpu_jtag_debug_module_tck|sr[22] ; altera_reserved_tck ; altera_reserved_tck ; 100.000      ; -0.028     ; 2.443      ;
; 97.541 ; sld_hub:auto_hub|sld_jtag_hub:\jtag_hub_gen:sld_jtag_hub_inst|virtual_ir_scan_reg                                                                                                                          ; SoC:inst|SoC_cpu:cpu|SoC_cpu_nios2_oci:the_SoC_cpu_nios2_oci|SoC_cpu_jtag_debug_module_wrapper:the_SoC_cpu_jtag_debug_module_wrapper|SoC_cpu_jtag_debug_module_tck:the_SoC_cpu_jtag_debug_module_tck|sr[19] ; altera_reserved_tck ; altera_reserved_tck ; 100.000      ; -0.028     ; 2.438      ;
; 97.542 ; sld_hub:auto_hub|sld_jtag_hub:\jtag_hub_gen:sld_jtag_hub_inst|sld_shadow_jsm:shadow_jsm|state[4]                                                                                                           ; SoC:inst|SoC_cpu:cpu|SoC_cpu_nios2_oci:the_SoC_cpu_nios2_oci|SoC_cpu_jtag_debug_module_wrapper:the_SoC_cpu_jtag_debug_module_wrapper|SoC_cpu_jtag_debug_module_tck:the_SoC_cpu_jtag_debug_module_tck|sr[25] ; altera_reserved_tck ; altera_reserved_tck ; 100.000      ; -0.031     ; 2.434      ;
; 97.544 ; sld_hub:auto_hub|sld_jtag_hub:\jtag_hub_gen:sld_jtag_hub_inst|sld_shadow_jsm:shadow_jsm|state[4]                                                                                                           ; SoC:inst|SoC_cpu:cpu|SoC_cpu_nios2_oci:the_SoC_cpu_nios2_oci|SoC_cpu_jtag_debug_module_wrapper:the_SoC_cpu_jtag_debug_module_wrapper|SoC_cpu_jtag_debug_module_tck:the_SoC_cpu_jtag_debug_module_tck|sr[22] ; altera_reserved_tck ; altera_reserved_tck ; 100.000      ; -0.031     ; 2.432      ;
; 97.546 ; sld_hub:auto_hub|sld_jtag_hub:\jtag_hub_gen:sld_jtag_hub_inst|virtual_ir_scan_reg                                                                                                                          ; SoC:inst|SoC_cpu:cpu|SoC_cpu_nios2_oci:the_SoC_cpu_nios2_oci|SoC_cpu_jtag_debug_module_wrapper:the_SoC_cpu_jtag_debug_module_wrapper|SoC_cpu_jtag_debug_module_tck:the_SoC_cpu_jtag_debug_module_tck|sr[20] ; altera_reserved_tck ; altera_reserved_tck ; 100.000      ; -0.028     ; 2.433      ;
; 97.549 ; sld_hub:auto_hub|sld_jtag_hub:\jtag_hub_gen:sld_jtag_hub_inst|sld_shadow_jsm:shadow_jsm|state[4]                                                                                                           ; SoC:inst|SoC_cpu:cpu|SoC_cpu_nios2_oci:the_SoC_cpu_nios2_oci|SoC_cpu_jtag_debug_module_wrapper:the_SoC_cpu_jtag_debug_module_wrapper|SoC_cpu_jtag_debug_module_tck:the_SoC_cpu_jtag_debug_module_tck|sr[19] ; altera_reserved_tck ; altera_reserved_tck ; 100.000      ; -0.031     ; 2.427      ;
; 97.554 ; sld_hub:auto_hub|sld_jtag_hub:\jtag_hub_gen:sld_jtag_hub_inst|sld_shadow_jsm:shadow_jsm|state[4]                                                                                                           ; SoC:inst|SoC_cpu:cpu|SoC_cpu_nios2_oci:the_SoC_cpu_nios2_oci|SoC_cpu_jtag_debug_module_wrapper:the_SoC_cpu_jtag_debug_module_wrapper|SoC_cpu_jtag_debug_module_tck:the_SoC_cpu_jtag_debug_module_tck|sr[20] ; altera_reserved_tck ; altera_reserved_tck ; 100.000      ; -0.031     ; 2.422      ;
; 97.563 ; sld_hub:auto_hub|sld_jtag_hub:\jtag_hub_gen:sld_jtag_hub_inst|virtual_ir_scan_reg                                                                                                                          ; SoC:inst|SoC_cpu:cpu|SoC_cpu_nios2_oci:the_SoC_cpu_nios2_oci|SoC_cpu_jtag_debug_module_wrapper:the_SoC_cpu_jtag_debug_module_wrapper|SoC_cpu_jtag_debug_module_tck:the_SoC_cpu_jtag_debug_module_tck|sr[21] ; altera_reserved_tck ; altera_reserved_tck ; 100.000      ; -0.028     ; 2.416      ;
; 97.571 ; sld_hub:auto_hub|sld_jtag_hub:\jtag_hub_gen:sld_jtag_hub_inst|sld_shadow_jsm:shadow_jsm|state[4]                                                                                                           ; SoC:inst|SoC_cpu:cpu|SoC_cpu_nios2_oci:the_SoC_cpu_nios2_oci|SoC_cpu_jtag_debug_module_wrapper:the_SoC_cpu_jtag_debug_module_wrapper|SoC_cpu_jtag_debug_module_tck:the_SoC_cpu_jtag_debug_module_tck|sr[21] ; altera_reserved_tck ; altera_reserved_tck ; 100.000      ; -0.031     ; 2.405      ;
; 97.650 ; sld_hub:auto_hub|sld_jtag_hub:\jtag_hub_gen:sld_jtag_hub_inst|irsr_reg[5]                                                                                                                                  ; sld_hub:auto_hub|sld_jtag_hub:\jtag_hub_gen:sld_jtag_hub_inst|shadow_irf_reg[1][4]                                                                                                                          ; altera_reserved_tck ; altera_reserved_tck ; 100.000      ; -0.046     ; 2.311      ;
; 97.650 ; sld_hub:auto_hub|sld_jtag_hub:\jtag_hub_gen:sld_jtag_hub_inst|irsr_reg[5]                                                                                                                                  ; sld_hub:auto_hub|sld_jtag_hub:\jtag_hub_gen:sld_jtag_hub_inst|shadow_irf_reg[1][3]                                                                                                                          ; altera_reserved_tck ; altera_reserved_tck ; 100.000      ; -0.046     ; 2.311      ;
; 97.650 ; sld_hub:auto_hub|sld_jtag_hub:\jtag_hub_gen:sld_jtag_hub_inst|irsr_reg[5]                                                                                                                                  ; sld_hub:auto_hub|sld_jtag_hub:\jtag_hub_gen:sld_jtag_hub_inst|shadow_irf_reg[1][2]                                                                                                                          ; altera_reserved_tck ; altera_reserved_tck ; 100.000      ; -0.046     ; 2.311      ;
; 97.650 ; sld_hub:auto_hub|sld_jtag_hub:\jtag_hub_gen:sld_jtag_hub_inst|irsr_reg[5]                                                                                                                                  ; sld_hub:auto_hub|sld_jtag_hub:\jtag_hub_gen:sld_jtag_hub_inst|shadow_irf_reg[1][0]                                                                                                                          ; altera_reserved_tck ; altera_reserved_tck ; 100.000      ; -0.046     ; 2.311      ;
; 97.650 ; sld_hub:auto_hub|sld_jtag_hub:\jtag_hub_gen:sld_jtag_hub_inst|irsr_reg[5]                                                                                                                                  ; sld_hub:auto_hub|sld_jtag_hub:\jtag_hub_gen:sld_jtag_hub_inst|shadow_irf_reg[1][1]                                                                                                                          ; altera_reserved_tck ; altera_reserved_tck ; 100.000      ; -0.046     ; 2.311      ;
; 97.655 ; sld_hub:auto_hub|sld_jtag_hub:\jtag_hub_gen:sld_jtag_hub_inst|node_ena[1]~reg0                                                                                                                             ; SoC:inst|SoC_cpu:cpu|SoC_cpu_nios2_oci:the_SoC_cpu_nios2_oci|SoC_cpu_jtag_debug_module_wrapper:the_SoC_cpu_jtag_debug_module_wrapper|SoC_cpu_jtag_debug_module_tck:the_SoC_cpu_jtag_debug_module_tck|sr[25] ; altera_reserved_tck ; altera_reserved_tck ; 100.000      ; -0.031     ; 2.321      ;
; 97.657 ; sld_hub:auto_hub|sld_jtag_hub:\jtag_hub_gen:sld_jtag_hub_inst|node_ena[1]~reg0                                                                                                                             ; SoC:inst|SoC_cpu:cpu|SoC_cpu_nios2_oci:the_SoC_cpu_nios2_oci|SoC_cpu_jtag_debug_module_wrapper:the_SoC_cpu_jtag_debug_module_wrapper|SoC_cpu_jtag_debug_module_tck:the_SoC_cpu_jtag_debug_module_tck|sr[22] ; altera_reserved_tck ; altera_reserved_tck ; 100.000      ; -0.031     ; 2.319      ;
; 97.661 ; sld_hub:auto_hub|sld_jtag_hub:\jtag_hub_gen:sld_jtag_hub_inst|virtual_ir_scan_reg                                                                                                                          ; SoC:inst|SoC_cpu:cpu|SoC_cpu_nios2_oci:the_SoC_cpu_nios2_oci|SoC_cpu_jtag_debug_module_wrapper:the_SoC_cpu_jtag_debug_module_wrapper|SoC_cpu_jtag_debug_module_tck:the_SoC_cpu_jtag_debug_module_tck|sr[27] ; altera_reserved_tck ; altera_reserved_tck ; 100.000      ; -0.024     ; 2.322      ;
; 97.662 ; sld_hub:auto_hub|sld_jtag_hub:\jtag_hub_gen:sld_jtag_hub_inst|node_ena[1]~reg0                                                                                                                             ; SoC:inst|SoC_cpu:cpu|SoC_cpu_nios2_oci:the_SoC_cpu_nios2_oci|SoC_cpu_jtag_debug_module_wrapper:the_SoC_cpu_jtag_debug_module_wrapper|SoC_cpu_jtag_debug_module_tck:the_SoC_cpu_jtag_debug_module_tck|sr[19] ; altera_reserved_tck ; altera_reserved_tck ; 100.000      ; -0.031     ; 2.314      ;
; 97.667 ; sld_hub:auto_hub|sld_jtag_hub:\jtag_hub_gen:sld_jtag_hub_inst|node_ena[1]~reg0                                                                                                                             ; SoC:inst|SoC_cpu:cpu|SoC_cpu_nios2_oci:the_SoC_cpu_nios2_oci|SoC_cpu_jtag_debug_module_wrapper:the_SoC_cpu_jtag_debug_module_wrapper|SoC_cpu_jtag_debug_module_tck:the_SoC_cpu_jtag_debug_module_tck|sr[20] ; altera_reserved_tck ; altera_reserved_tck ; 100.000      ; -0.031     ; 2.309      ;
; 97.669 ; sld_hub:auto_hub|sld_jtag_hub:\jtag_hub_gen:sld_jtag_hub_inst|sld_shadow_jsm:shadow_jsm|state[4]                                                                                                           ; SoC:inst|SoC_cpu:cpu|SoC_cpu_nios2_oci:the_SoC_cpu_nios2_oci|SoC_cpu_jtag_debug_module_wrapper:the_SoC_cpu_jtag_debug_module_wrapper|SoC_cpu_jtag_debug_module_tck:the_SoC_cpu_jtag_debug_module_tck|sr[27] ; altera_reserved_tck ; altera_reserved_tck ; 100.000      ; -0.027     ; 2.311      ;
; 97.684 ; sld_hub:auto_hub|sld_jtag_hub:\jtag_hub_gen:sld_jtag_hub_inst|node_ena[1]~reg0                                                                                                                             ; SoC:inst|SoC_cpu:cpu|SoC_cpu_nios2_oci:the_SoC_cpu_nios2_oci|SoC_cpu_jtag_debug_module_wrapper:the_SoC_cpu_jtag_debug_module_wrapper|SoC_cpu_jtag_debug_module_tck:the_SoC_cpu_jtag_debug_module_tck|sr[21] ; altera_reserved_tck ; altera_reserved_tck ; 100.000      ; -0.031     ; 2.292      ;
; 97.709 ; sld_hub:auto_hub|sld_jtag_hub:\jtag_hub_gen:sld_jtag_hub_inst|virtual_ir_scan_reg                                                                                                                          ; SoC:inst|SoC_cpu:cpu|SoC_cpu_nios2_oci:the_SoC_cpu_nios2_oci|SoC_cpu_jtag_debug_module_wrapper:the_SoC_cpu_jtag_debug_module_wrapper|SoC_cpu_jtag_debug_module_tck:the_SoC_cpu_jtag_debug_module_tck|sr[29] ; altera_reserved_tck ; altera_reserved_tck ; 100.000      ; -0.024     ; 2.274      ;
; 97.710 ; sld_hub:auto_hub|sld_jtag_hub:\jtag_hub_gen:sld_jtag_hub_inst|virtual_ir_scan_reg                                                                                                                          ; SoC:inst|SoC_cpu:cpu|SoC_cpu_nios2_oci:the_SoC_cpu_nios2_oci|SoC_cpu_jtag_debug_module_wrapper:the_SoC_cpu_jtag_debug_module_wrapper|SoC_cpu_jtag_debug_module_tck:the_SoC_cpu_jtag_debug_module_tck|sr[26] ; altera_reserved_tck ; altera_reserved_tck ; 100.000      ; -0.028     ; 2.269      ;
; 97.711 ; sld_hub:auto_hub|sld_jtag_hub:\jtag_hub_gen:sld_jtag_hub_inst|virtual_ir_scan_reg                                                                                                                          ; SoC:inst|SoC_cpu:cpu|SoC_cpu_nios2_oci:the_SoC_cpu_nios2_oci|SoC_cpu_jtag_debug_module_wrapper:the_SoC_cpu_jtag_debug_module_wrapper|SoC_cpu_jtag_debug_module_tck:the_SoC_cpu_jtag_debug_module_tck|sr[24] ; altera_reserved_tck ; altera_reserved_tck ; 100.000      ; -0.028     ; 2.268      ;
; 97.714 ; sld_hub:auto_hub|sld_jtag_hub:\jtag_hub_gen:sld_jtag_hub_inst|virtual_ir_scan_reg                                                                                                                          ; SoC:inst|SoC_cpu:cpu|SoC_cpu_nios2_oci:the_SoC_cpu_nios2_oci|SoC_cpu_jtag_debug_module_wrapper:the_SoC_cpu_jtag_debug_module_wrapper|SoC_cpu_jtag_debug_module_tck:the_SoC_cpu_jtag_debug_module_tck|sr[16] ; altera_reserved_tck ; altera_reserved_tck ; 100.000      ; -0.028     ; 2.265      ;
; 97.716 ; sld_hub:auto_hub|sld_jtag_hub:\jtag_hub_gen:sld_jtag_hub_inst|virtual_ir_scan_reg                                                                                                                          ; SoC:inst|SoC_cpu:cpu|SoC_cpu_nios2_oci:the_SoC_cpu_nios2_oci|SoC_cpu_jtag_debug_module_wrapper:the_SoC_cpu_jtag_debug_module_wrapper|SoC_cpu_jtag_debug_module_tck:the_SoC_cpu_jtag_debug_module_tck|sr[18] ; altera_reserved_tck ; altera_reserved_tck ; 100.000      ; -0.028     ; 2.263      ;
; 97.718 ; sld_hub:auto_hub|sld_jtag_hub:\jtag_hub_gen:sld_jtag_hub_inst|virtual_ir_scan_reg                                                                                                                          ; SoC:inst|SoC_cpu:cpu|SoC_cpu_nios2_oci:the_SoC_cpu_nios2_oci|SoC_cpu_jtag_debug_module_wrapper:the_SoC_cpu_jtag_debug_module_wrapper|SoC_cpu_jtag_debug_module_tck:the_SoC_cpu_jtag_debug_module_tck|sr[23] ; altera_reserved_tck ; altera_reserved_tck ; 100.000      ; -0.028     ; 2.261      ;
; 97.718 ; sld_hub:auto_hub|sld_jtag_hub:\jtag_hub_gen:sld_jtag_hub_inst|sld_shadow_jsm:shadow_jsm|state[4]                                                                                                           ; SoC:inst|SoC_cpu:cpu|SoC_cpu_nios2_oci:the_SoC_cpu_nios2_oci|SoC_cpu_jtag_debug_module_wrapper:the_SoC_cpu_jtag_debug_module_wrapper|SoC_cpu_jtag_debug_module_tck:the_SoC_cpu_jtag_debug_module_tck|sr[26] ; altera_reserved_tck ; altera_reserved_tck ; 100.000      ; -0.031     ; 2.258      ;
; 97.719 ; sld_hub:auto_hub|sld_jtag_hub:\jtag_hub_gen:sld_jtag_hub_inst|virtual_ir_scan_reg                                                                                                                          ; SoC:inst|SoC_cpu:cpu|SoC_cpu_nios2_oci:the_SoC_cpu_nios2_oci|SoC_cpu_jtag_debug_module_wrapper:the_SoC_cpu_jtag_debug_module_wrapper|SoC_cpu_jtag_debug_module_tck:the_SoC_cpu_jtag_debug_module_tck|sr[17] ; altera_reserved_tck ; altera_reserved_tck ; 100.000      ; -0.028     ; 2.260      ;
; 97.719 ; sld_hub:auto_hub|sld_jtag_hub:\jtag_hub_gen:sld_jtag_hub_inst|sld_shadow_jsm:shadow_jsm|state[4]                                                                                                           ; SoC:inst|SoC_cpu:cpu|SoC_cpu_nios2_oci:the_SoC_cpu_nios2_oci|SoC_cpu_jtag_debug_module_wrapper:the_SoC_cpu_jtag_debug_module_wrapper|SoC_cpu_jtag_debug_module_tck:the_SoC_cpu_jtag_debug_module_tck|sr[24] ; altera_reserved_tck ; altera_reserved_tck ; 100.000      ; -0.031     ; 2.257      ;
; 97.720 ; sld_hub:auto_hub|sld_jtag_hub:\jtag_hub_gen:sld_jtag_hub_inst|sld_shadow_jsm:shadow_jsm|state[4]                                                                                                           ; SoC:inst|SoC_cpu:cpu|SoC_cpu_nios2_oci:the_SoC_cpu_nios2_oci|SoC_cpu_jtag_debug_module_wrapper:the_SoC_cpu_jtag_debug_module_wrapper|SoC_cpu_jtag_debug_module_tck:the_SoC_cpu_jtag_debug_module_tck|sr[29] ; altera_reserved_tck ; altera_reserved_tck ; 100.000      ; -0.027     ; 2.260      ;
; 97.722 ; sld_hub:auto_hub|sld_jtag_hub:\jtag_hub_gen:sld_jtag_hub_inst|sld_shadow_jsm:shadow_jsm|state[4]                                                                                                           ; SoC:inst|SoC_cpu:cpu|SoC_cpu_nios2_oci:the_SoC_cpu_nios2_oci|SoC_cpu_jtag_debug_module_wrapper:the_SoC_cpu_jtag_debug_module_wrapper|SoC_cpu_jtag_debug_module_tck:the_SoC_cpu_jtag_debug_module_tck|sr[16] ; altera_reserved_tck ; altera_reserved_tck ; 100.000      ; -0.031     ; 2.254      ;
; 97.724 ; sld_hub:auto_hub|sld_jtag_hub:\jtag_hub_gen:sld_jtag_hub_inst|sld_shadow_jsm:shadow_jsm|state[4]                                                                                                           ; SoC:inst|SoC_cpu:cpu|SoC_cpu_nios2_oci:the_SoC_cpu_nios2_oci|SoC_cpu_jtag_debug_module_wrapper:the_SoC_cpu_jtag_debug_module_wrapper|SoC_cpu_jtag_debug_module_tck:the_SoC_cpu_jtag_debug_module_tck|sr[18] ; altera_reserved_tck ; altera_reserved_tck ; 100.000      ; -0.031     ; 2.252      ;
; 97.726 ; sld_hub:auto_hub|sld_jtag_hub:\jtag_hub_gen:sld_jtag_hub_inst|sld_shadow_jsm:shadow_jsm|state[4]                                                                                                           ; SoC:inst|SoC_cpu:cpu|SoC_cpu_nios2_oci:the_SoC_cpu_nios2_oci|SoC_cpu_jtag_debug_module_wrapper:the_SoC_cpu_jtag_debug_module_wrapper|SoC_cpu_jtag_debug_module_tck:the_SoC_cpu_jtag_debug_module_tck|sr[23] ; altera_reserved_tck ; altera_reserved_tck ; 100.000      ; -0.031     ; 2.250      ;
; 97.727 ; sld_hub:auto_hub|sld_jtag_hub:\jtag_hub_gen:sld_jtag_hub_inst|sld_shadow_jsm:shadow_jsm|state[4]                                                                                                           ; SoC:inst|SoC_cpu:cpu|SoC_cpu_nios2_oci:the_SoC_cpu_nios2_oci|SoC_cpu_jtag_debug_module_wrapper:the_SoC_cpu_jtag_debug_module_wrapper|SoC_cpu_jtag_debug_module_tck:the_SoC_cpu_jtag_debug_module_tck|sr[17] ; altera_reserved_tck ; altera_reserved_tck ; 100.000      ; -0.031     ; 2.249      ;
; 97.738 ; sld_hub:auto_hub|sld_jtag_hub:\jtag_hub_gen:sld_jtag_hub_inst|virtual_ir_scan_reg                                                                                                                          ; SoC:inst|SoC_cpu:cpu|SoC_cpu_nios2_oci:the_SoC_cpu_nios2_oci|SoC_cpu_jtag_debug_module_wrapper:the_SoC_cpu_jtag_debug_module_wrapper|SoC_cpu_jtag_debug_module_tck:the_SoC_cpu_jtag_debug_module_tck|sr[36] ; altera_reserved_tck ; altera_reserved_tck ; 100.000      ; -0.030     ; 2.239      ;
; 97.738 ; sld_hub:auto_hub|sld_jtag_hub:\jtag_hub_gen:sld_jtag_hub_inst|virtual_ir_scan_reg                                                                                                                          ; SoC:inst|SoC_cpu:cpu|SoC_cpu_nios2_oci:the_SoC_cpu_nios2_oci|SoC_cpu_jtag_debug_module_wrapper:the_SoC_cpu_jtag_debug_module_wrapper|SoC_cpu_jtag_debug_module_tck:the_SoC_cpu_jtag_debug_module_tck|sr[37] ; altera_reserved_tck ; altera_reserved_tck ; 100.000      ; -0.030     ; 2.239      ;
; 97.741 ; sld_hub:auto_hub|sld_jtag_hub:\jtag_hub_gen:sld_jtag_hub_inst|virtual_ir_scan_reg                                                                                                                          ; SoC:inst|SoC_cpu:cpu|SoC_cpu_nios2_oci:the_SoC_cpu_nios2_oci|SoC_cpu_jtag_debug_module_wrapper:the_SoC_cpu_jtag_debug_module_wrapper|SoC_cpu_jtag_debug_module_tck:the_SoC_cpu_jtag_debug_module_tck|sr[30] ; altera_reserved_tck ; altera_reserved_tck ; 100.000      ; -0.024     ; 2.242      ;
; 97.747 ; sld_hub:auto_hub|sld_jtag_hub:\jtag_hub_gen:sld_jtag_hub_inst|virtual_ir_scan_reg                                                                                                                          ; SoC:inst|SoC_cpu:cpu|SoC_cpu_nios2_oci:the_SoC_cpu_nios2_oci|SoC_cpu_jtag_debug_module_wrapper:the_SoC_cpu_jtag_debug_module_wrapper|SoC_cpu_jtag_debug_module_tck:the_SoC_cpu_jtag_debug_module_tck|sr[28] ; altera_reserved_tck ; altera_reserved_tck ; 100.000      ; -0.024     ; 2.236      ;
; 97.747 ; sld_hub:auto_hub|sld_jtag_hub:\jtag_hub_gen:sld_jtag_hub_inst|virtual_ir_scan_reg                                                                                                                          ; SoC:inst|SoC_cpu:cpu|SoC_cpu_nios2_oci:the_SoC_cpu_nios2_oci|SoC_cpu_jtag_debug_module_wrapper:the_SoC_cpu_jtag_debug_module_wrapper|SoC_cpu_jtag_debug_module_tck:the_SoC_cpu_jtag_debug_module_tck|sr[32] ; altera_reserved_tck ; altera_reserved_tck ; 100.000      ; -0.024     ; 2.236      ;
; 97.747 ; sld_hub:auto_hub|sld_jtag_hub:\jtag_hub_gen:sld_jtag_hub_inst|virtual_ir_scan_reg                                                                                                                          ; SoC:inst|SoC_cpu:cpu|SoC_cpu_nios2_oci:the_SoC_cpu_nios2_oci|SoC_cpu_jtag_debug_module_wrapper:the_SoC_cpu_jtag_debug_module_wrapper|SoC_cpu_jtag_debug_module_tck:the_SoC_cpu_jtag_debug_module_tck|sr[33] ; altera_reserved_tck ; altera_reserved_tck ; 100.000      ; -0.024     ; 2.236      ;
; 97.747 ; sld_hub:auto_hub|sld_jtag_hub:\jtag_hub_gen:sld_jtag_hub_inst|virtual_ir_scan_reg                                                                                                                          ; SoC:inst|SoC_cpu:cpu|SoC_cpu_nios2_oci:the_SoC_cpu_nios2_oci|SoC_cpu_jtag_debug_module_wrapper:the_SoC_cpu_jtag_debug_module_wrapper|SoC_cpu_jtag_debug_module_tck:the_SoC_cpu_jtag_debug_module_tck|sr[34] ; altera_reserved_tck ; altera_reserved_tck ; 100.000      ; -0.024     ; 2.236      ;
; 97.749 ; sld_hub:auto_hub|sld_jtag_hub:\jtag_hub_gen:sld_jtag_hub_inst|sld_shadow_jsm:shadow_jsm|state[4]                                                                                                           ; SoC:inst|SoC_cpu:cpu|SoC_cpu_nios2_oci:the_SoC_cpu_nios2_oci|SoC_cpu_jtag_debug_module_wrapper:the_SoC_cpu_jtag_debug_module_wrapper|SoC_cpu_jtag_debug_module_tck:the_SoC_cpu_jtag_debug_module_tck|sr[30] ; altera_reserved_tck ; altera_reserved_tck ; 100.000      ; -0.027     ; 2.231      ;
; 97.779 ; sld_hub:auto_hub|sld_jtag_hub:\jtag_hub_gen:sld_jtag_hub_inst|virtual_ir_scan_reg                                                                                                                          ; sld_hub:auto_hub|sld_jtag_hub:\jtag_hub_gen:sld_jtag_hub_inst|irf_reg[2][4]                                                                                                                                 ; altera_reserved_tck ; altera_reserved_tck ; 100.000      ; -0.032     ; 2.196      ;
; 97.779 ; sld_hub:auto_hub|sld_jtag_hub:\jtag_hub_gen:sld_jtag_hub_inst|virtual_ir_scan_reg                                                                                                                          ; sld_hub:auto_hub|sld_jtag_hub:\jtag_hub_gen:sld_jtag_hub_inst|irf_reg[2][3]                                                                                                                                 ; altera_reserved_tck ; altera_reserved_tck ; 100.000      ; -0.032     ; 2.196      ;
; 97.779 ; sld_hub:auto_hub|sld_jtag_hub:\jtag_hub_gen:sld_jtag_hub_inst|virtual_ir_scan_reg                                                                                                                          ; sld_hub:auto_hub|sld_jtag_hub:\jtag_hub_gen:sld_jtag_hub_inst|irf_reg[2][2]                                                                                                                                 ; altera_reserved_tck ; altera_reserved_tck ; 100.000      ; -0.032     ; 2.196      ;
; 97.779 ; sld_hub:auto_hub|sld_jtag_hub:\jtag_hub_gen:sld_jtag_hub_inst|virtual_ir_scan_reg                                                                                                                          ; sld_hub:auto_hub|sld_jtag_hub:\jtag_hub_gen:sld_jtag_hub_inst|irf_reg[2][1]                                                                                                                                 ; altera_reserved_tck ; altera_reserved_tck ; 100.000      ; -0.032     ; 2.196      ;
; 97.779 ; sld_hub:auto_hub|sld_jtag_hub:\jtag_hub_gen:sld_jtag_hub_inst|virtual_ir_scan_reg                                                                                                                          ; sld_hub:auto_hub|sld_jtag_hub:\jtag_hub_gen:sld_jtag_hub_inst|irf_reg[2][0]                                                                                                                                 ; altera_reserved_tck ; altera_reserved_tck ; 100.000      ; -0.032     ; 2.196      ;
; 97.782 ; sld_hub:auto_hub|sld_jtag_hub:\jtag_hub_gen:sld_jtag_hub_inst|node_ena[1]~reg0                                                                                                                             ; SoC:inst|SoC_cpu:cpu|SoC_cpu_nios2_oci:the_SoC_cpu_nios2_oci|SoC_cpu_jtag_debug_module_wrapper:the_SoC_cpu_jtag_debug_module_wrapper|SoC_cpu_jtag_debug_module_tck:the_SoC_cpu_jtag_debug_module_tck|sr[27] ; altera_reserved_tck ; altera_reserved_tck ; 100.000      ; -0.027     ; 2.198      ;
; 97.806 ; sld_hub:auto_hub|sld_jtag_hub:\jtag_hub_gen:sld_jtag_hub_inst|sld_shadow_jsm:shadow_jsm|state[4]                                                                                                           ; SoC:inst|SoC_cpu:cpu|SoC_cpu_nios2_oci:the_SoC_cpu_nios2_oci|SoC_cpu_jtag_debug_module_wrapper:the_SoC_cpu_jtag_debug_module_wrapper|SoC_cpu_jtag_debug_module_tck:the_SoC_cpu_jtag_debug_module_tck|sr[36] ; altera_reserved_tck ; altera_reserved_tck ; 100.000      ; -0.033     ; 2.168      ;
; 97.806 ; sld_hub:auto_hub|sld_jtag_hub:\jtag_hub_gen:sld_jtag_hub_inst|sld_shadow_jsm:shadow_jsm|state[4]                                                                                                           ; SoC:inst|SoC_cpu:cpu|SoC_cpu_nios2_oci:the_SoC_cpu_nios2_oci|SoC_cpu_jtag_debug_module_wrapper:the_SoC_cpu_jtag_debug_module_wrapper|SoC_cpu_jtag_debug_module_tck:the_SoC_cpu_jtag_debug_module_tck|sr[37] ; altera_reserved_tck ; altera_reserved_tck ; 100.000      ; -0.033     ; 2.168      ;
; 97.817 ; sld_hub:auto_hub|sld_jtag_hub:\jtag_hub_gen:sld_jtag_hub_inst|sld_shadow_jsm:shadow_jsm|state[4]                                                                                                           ; SoC:inst|SoC_cpu:cpu|SoC_cpu_nios2_oci:the_SoC_cpu_nios2_oci|SoC_cpu_jtag_debug_module_wrapper:the_SoC_cpu_jtag_debug_module_wrapper|SoC_cpu_jtag_debug_module_tck:the_SoC_cpu_jtag_debug_module_tck|sr[28] ; altera_reserved_tck ; altera_reserved_tck ; 100.000      ; -0.027     ; 2.163      ;
; 97.817 ; sld_hub:auto_hub|sld_jtag_hub:\jtag_hub_gen:sld_jtag_hub_inst|sld_shadow_jsm:shadow_jsm|state[4]                                                                                                           ; SoC:inst|SoC_cpu:cpu|SoC_cpu_nios2_oci:the_SoC_cpu_nios2_oci|SoC_cpu_jtag_debug_module_wrapper:the_SoC_cpu_jtag_debug_module_wrapper|SoC_cpu_jtag_debug_module_tck:the_SoC_cpu_jtag_debug_module_tck|sr[32] ; altera_reserved_tck ; altera_reserved_tck ; 100.000      ; -0.027     ; 2.163      ;
; 97.817 ; sld_hub:auto_hub|sld_jtag_hub:\jtag_hub_gen:sld_jtag_hub_inst|sld_shadow_jsm:shadow_jsm|state[4]                                                                                                           ; SoC:inst|SoC_cpu:cpu|SoC_cpu_nios2_oci:the_SoC_cpu_nios2_oci|SoC_cpu_jtag_debug_module_wrapper:the_SoC_cpu_jtag_debug_module_wrapper|SoC_cpu_jtag_debug_module_tck:the_SoC_cpu_jtag_debug_module_tck|sr[33] ; altera_reserved_tck ; altera_reserved_tck ; 100.000      ; -0.027     ; 2.163      ;
; 97.817 ; sld_hub:auto_hub|sld_jtag_hub:\jtag_hub_gen:sld_jtag_hub_inst|sld_shadow_jsm:shadow_jsm|state[4]                                                                                                           ; SoC:inst|SoC_cpu:cpu|SoC_cpu_nios2_oci:the_SoC_cpu_nios2_oci|SoC_cpu_jtag_debug_module_wrapper:the_SoC_cpu_jtag_debug_module_wrapper|SoC_cpu_jtag_debug_module_tck:the_SoC_cpu_jtag_debug_module_tck|sr[34] ; altera_reserved_tck ; altera_reserved_tck ; 100.000      ; -0.027     ; 2.163      ;
; 97.828 ; sld_hub:auto_hub|sld_jtag_hub:\jtag_hub_gen:sld_jtag_hub_inst|irsr_reg[6]                                                                                                                                  ; sld_hub:auto_hub|sld_jtag_hub:\jtag_hub_gen:sld_jtag_hub_inst|shadow_irf_reg[2][4]                                                                                                                          ; altera_reserved_tck ; altera_reserved_tck ; 100.000      ; -0.045     ; 2.134      ;
; 97.828 ; sld_hub:auto_hub|sld_jtag_hub:\jtag_hub_gen:sld_jtag_hub_inst|irsr_reg[6]                                                                                                                                  ; sld_hub:auto_hub|sld_jtag_hub:\jtag_hub_gen:sld_jtag_hub_inst|shadow_irf_reg[2][3]                                                                                                                          ; altera_reserved_tck ; altera_reserved_tck ; 100.000      ; -0.045     ; 2.134      ;
; 97.828 ; sld_hub:auto_hub|sld_jtag_hub:\jtag_hub_gen:sld_jtag_hub_inst|irsr_reg[6]                                                                                                                                  ; sld_hub:auto_hub|sld_jtag_hub:\jtag_hub_gen:sld_jtag_hub_inst|shadow_irf_reg[2][2]                                                                                                                          ; altera_reserved_tck ; altera_reserved_tck ; 100.000      ; -0.045     ; 2.134      ;
; 97.828 ; sld_hub:auto_hub|sld_jtag_hub:\jtag_hub_gen:sld_jtag_hub_inst|irsr_reg[6]                                                                                                                                  ; sld_hub:auto_hub|sld_jtag_hub:\jtag_hub_gen:sld_jtag_hub_inst|shadow_irf_reg[2][1]                                                                                                                          ; altera_reserved_tck ; altera_reserved_tck ; 100.000      ; -0.045     ; 2.134      ;
; 97.828 ; sld_hub:auto_hub|sld_jtag_hub:\jtag_hub_gen:sld_jtag_hub_inst|irsr_reg[6]                                                                                                                                  ; sld_hub:auto_hub|sld_jtag_hub:\jtag_hub_gen:sld_jtag_hub_inst|shadow_irf_reg[2][0]                                                                                                                          ; altera_reserved_tck ; altera_reserved_tck ; 100.000      ; -0.045     ; 2.134      ;
; 97.830 ; sld_hub:auto_hub|sld_jtag_hub:\jtag_hub_gen:sld_jtag_hub_inst|sld_shadow_jsm:shadow_jsm|state[3]                                                                                                           ; sld_hub:auto_hub|sld_jtag_hub:\jtag_hub_gen:sld_jtag_hub_inst|irf_reg[2][4]                                                                                                                                 ; altera_reserved_tck ; altera_reserved_tck ; 100.000      ; -0.035     ; 2.142      ;
; 97.830 ; sld_hub:auto_hub|sld_jtag_hub:\jtag_hub_gen:sld_jtag_hub_inst|sld_shadow_jsm:shadow_jsm|state[3]                                                                                                           ; sld_hub:auto_hub|sld_jtag_hub:\jtag_hub_gen:sld_jtag_hub_inst|irf_reg[2][3]                                                                                                                                 ; altera_reserved_tck ; altera_reserved_tck ; 100.000      ; -0.035     ; 2.142      ;
; 97.830 ; sld_hub:auto_hub|sld_jtag_hub:\jtag_hub_gen:sld_jtag_hub_inst|sld_shadow_jsm:shadow_jsm|state[3]                                                                                                           ; sld_hub:auto_hub|sld_jtag_hub:\jtag_hub_gen:sld_jtag_hub_inst|irf_reg[2][2]                                                                                                                                 ; altera_reserved_tck ; altera_reserved_tck ; 100.000      ; -0.035     ; 2.142      ;
; 97.830 ; sld_hub:auto_hub|sld_jtag_hub:\jtag_hub_gen:sld_jtag_hub_inst|sld_shadow_jsm:shadow_jsm|state[3]                                                                                                           ; sld_hub:auto_hub|sld_jtag_hub:\jtag_hub_gen:sld_jtag_hub_inst|irf_reg[2][1]                                                                                                                                 ; altera_reserved_tck ; altera_reserved_tck ; 100.000      ; -0.035     ; 2.142      ;
; 97.830 ; sld_hub:auto_hub|sld_jtag_hub:\jtag_hub_gen:sld_jtag_hub_inst|sld_shadow_jsm:shadow_jsm|state[3]                                                                                                           ; sld_hub:auto_hub|sld_jtag_hub:\jtag_hub_gen:sld_jtag_hub_inst|irf_reg[2][0]                                                                                                                                 ; altera_reserved_tck ; altera_reserved_tck ; 100.000      ; -0.035     ; 2.142      ;
; 97.831 ; sld_hub:auto_hub|sld_jtag_hub:\jtag_hub_gen:sld_jtag_hub_inst|node_ena[1]~reg0                                                                                                                             ; SoC:inst|SoC_cpu:cpu|SoC_cpu_nios2_oci:the_SoC_cpu_nios2_oci|SoC_cpu_jtag_debug_module_wrapper:the_SoC_cpu_jtag_debug_module_wrapper|SoC_cpu_jtag_debug_module_tck:the_SoC_cpu_jtag_debug_module_tck|sr[26] ; altera_reserved_tck ; altera_reserved_tck ; 100.000      ; -0.031     ; 2.145      ;
; 97.832 ; sld_hub:auto_hub|sld_jtag_hub:\jtag_hub_gen:sld_jtag_hub_inst|node_ena[1]~reg0                                                                                                                             ; SoC:inst|SoC_cpu:cpu|SoC_cpu_nios2_oci:the_SoC_cpu_nios2_oci|SoC_cpu_jtag_debug_module_wrapper:the_SoC_cpu_jtag_debug_module_wrapper|SoC_cpu_jtag_debug_module_tck:the_SoC_cpu_jtag_debug_module_tck|sr[24] ; altera_reserved_tck ; altera_reserved_tck ; 100.000      ; -0.031     ; 2.144      ;
; 97.833 ; sld_hub:auto_hub|sld_jtag_hub:\jtag_hub_gen:sld_jtag_hub_inst|node_ena[1]~reg0                                                                                                                             ; SoC:inst|SoC_cpu:cpu|SoC_cpu_nios2_oci:the_SoC_cpu_nios2_oci|SoC_cpu_jtag_debug_module_wrapper:the_SoC_cpu_jtag_debug_module_wrapper|SoC_cpu_jtag_debug_module_tck:the_SoC_cpu_jtag_debug_module_tck|sr[29] ; altera_reserved_tck ; altera_reserved_tck ; 100.000      ; -0.027     ; 2.147      ;
; 97.835 ; sld_hub:auto_hub|sld_jtag_hub:\jtag_hub_gen:sld_jtag_hub_inst|node_ena[1]~reg0                                                                                                                             ; SoC:inst|SoC_cpu:cpu|SoC_cpu_nios2_oci:the_SoC_cpu_nios2_oci|SoC_cpu_jtag_debug_module_wrapper:the_SoC_cpu_jtag_debug_module_wrapper|SoC_cpu_jtag_debug_module_tck:the_SoC_cpu_jtag_debug_module_tck|sr[16] ; altera_reserved_tck ; altera_reserved_tck ; 100.000      ; -0.031     ; 2.141      ;
; 97.837 ; sld_hub:auto_hub|sld_jtag_hub:\jtag_hub_gen:sld_jtag_hub_inst|node_ena[1]~reg0                                                                                                                             ; SoC:inst|SoC_cpu:cpu|SoC_cpu_nios2_oci:the_SoC_cpu_nios2_oci|SoC_cpu_jtag_debug_module_wrapper:the_SoC_cpu_jtag_debug_module_wrapper|SoC_cpu_jtag_debug_module_tck:the_SoC_cpu_jtag_debug_module_tck|sr[18] ; altera_reserved_tck ; altera_reserved_tck ; 100.000      ; -0.031     ; 2.139      ;
; 97.839 ; sld_hub:auto_hub|sld_jtag_hub:\jtag_hub_gen:sld_jtag_hub_inst|node_ena[1]~reg0                                                                                                                             ; SoC:inst|SoC_cpu:cpu|SoC_cpu_nios2_oci:the_SoC_cpu_nios2_oci|SoC_cpu_jtag_debug_module_wrapper:the_SoC_cpu_jtag_debug_module_wrapper|SoC_cpu_jtag_debug_module_tck:the_SoC_cpu_jtag_debug_module_tck|sr[23] ; altera_reserved_tck ; altera_reserved_tck ; 100.000      ; -0.031     ; 2.137      ;
; 97.840 ; sld_hub:auto_hub|sld_jtag_hub:\jtag_hub_gen:sld_jtag_hub_inst|node_ena[1]~reg0                                                                                                                             ; SoC:inst|SoC_cpu:cpu|SoC_cpu_nios2_oci:the_SoC_cpu_nios2_oci|SoC_cpu_jtag_debug_module_wrapper:the_SoC_cpu_jtag_debug_module_wrapper|SoC_cpu_jtag_debug_module_tck:the_SoC_cpu_jtag_debug_module_tck|sr[17] ; altera_reserved_tck ; altera_reserved_tck ; 100.000      ; -0.031     ; 2.136      ;
; 97.861 ; sld_hub:auto_hub|sld_jtag_hub:\jtag_hub_gen:sld_jtag_hub_inst|virtual_ir_scan_reg                                                                                                                          ; sld_hub:auto_hub|sld_jtag_hub:\jtag_hub_gen:sld_jtag_hub_inst|irf_reg[1][4]                                                                                                                                 ; altera_reserved_tck ; altera_reserved_tck ; 100.000      ; -0.033     ; 2.113      ;
; 97.861 ; sld_hub:auto_hub|sld_jtag_hub:\jtag_hub_gen:sld_jtag_hub_inst|virtual_ir_scan_reg                                                                                                                          ; sld_hub:auto_hub|sld_jtag_hub:\jtag_hub_gen:sld_jtag_hub_inst|irf_reg[1][3]                                                                                                                                 ; altera_reserved_tck ; altera_reserved_tck ; 100.000      ; -0.033     ; 2.113      ;
; 97.861 ; sld_hub:auto_hub|sld_jtag_hub:\jtag_hub_gen:sld_jtag_hub_inst|virtual_ir_scan_reg                                                                                                                          ; sld_hub:auto_hub|sld_jtag_hub:\jtag_hub_gen:sld_jtag_hub_inst|irf_reg[1][2]                                                                                                                                 ; altera_reserved_tck ; altera_reserved_tck ; 100.000      ; -0.033     ; 2.113      ;
; 97.861 ; sld_hub:auto_hub|sld_jtag_hub:\jtag_hub_gen:sld_jtag_hub_inst|virtual_ir_scan_reg                                                                                                                          ; sld_hub:auto_hub|sld_jtag_hub:\jtag_hub_gen:sld_jtag_hub_inst|irf_reg[1][0]                                                                                                                                 ; altera_reserved_tck ; altera_reserved_tck ; 100.000      ; -0.033     ; 2.113      ;
; 97.861 ; sld_hub:auto_hub|sld_jtag_hub:\jtag_hub_gen:sld_jtag_hub_inst|virtual_ir_scan_reg                                                                                                                          ; sld_hub:auto_hub|sld_jtag_hub:\jtag_hub_gen:sld_jtag_hub_inst|irf_reg[1][1]                                                                                                                                 ; altera_reserved_tck ; altera_reserved_tck ; 100.000      ; -0.033     ; 2.113      ;
; 97.862 ; sld_hub:auto_hub|sld_jtag_hub:\jtag_hub_gen:sld_jtag_hub_inst|node_ena[1]~reg0                                                                                                                             ; SoC:inst|SoC_cpu:cpu|SoC_cpu_nios2_oci:the_SoC_cpu_nios2_oci|SoC_cpu_jtag_debug_module_wrapper:the_SoC_cpu_jtag_debug_module_wrapper|SoC_cpu_jtag_debug_module_tck:the_SoC_cpu_jtag_debug_module_tck|sr[30] ; altera_reserved_tck ; altera_reserved_tck ; 100.000      ; -0.027     ; 2.118      ;
; 97.866 ; sld_hub:auto_hub|sld_jtag_hub:\jtag_hub_gen:sld_jtag_hub_inst|virtual_ir_scan_reg                                                                                                                          ; SoC:inst|SoC_jtag_uart:jtag_uart|alt_jtag_atlantic:SoC_jtag_uart_alt_jtag_atlantic|write                                                                                                                    ; altera_reserved_tck ; altera_reserved_tck ; 100.000      ; -0.033     ; 2.108      ;
; 97.866 ; sld_hub:auto_hub|sld_jtag_hub:\jtag_hub_gen:sld_jtag_hub_inst|virtual_ir_scan_reg                                                                                                                          ; SoC:inst|SoC_jtag_uart:jtag_uart|alt_jtag_atlantic:SoC_jtag_uart_alt_jtag_atlantic|wdata[7]                                                                                                                 ; altera_reserved_tck ; altera_reserved_tck ; 100.000      ; -0.033     ; 2.108      ;
; 97.866 ; sld_hub:auto_hub|sld_jtag_hub:\jtag_hub_gen:sld_jtag_hub_inst|virtual_ir_scan_reg                                                                                                                          ; SoC:inst|SoC_jtag_uart:jtag_uart|alt_jtag_atlantic:SoC_jtag_uart_alt_jtag_atlantic|wdata[6]                                                                                                                 ; altera_reserved_tck ; altera_reserved_tck ; 100.000      ; -0.033     ; 2.108      ;
+--------+------------------------------------------------------------------------------------------------------------------------------------------------------------------------------------------------------------+-------------------------------------------------------------------------------------------------------------------------------------------------------------------------------------------------------------+---------------------+---------------------+--------------+------------+------------+


+-----------------------------------------------------------------------------------------------------------------------------------------------------------------------------------------------------------------------------------------------------------------------------------------------------------------------------------------------------------------------------------------------------------------------------------------------------------------------------------------------------------------------------------------------------------------------------------------------------------------------------------+
; Fast 1200mV 0C Model Hold: 'altera_reserved_tck'                                                                                                                                                                                                                                                                                                                                                                                                                                                                                                                                                                                  ;
+-------+------------------------------------------------------------------------------------------------------------------------------------------------------------------------------------------------------------------------------------------------------------------+-------------------------------------------------------------------------------------------------------------------------------------------------------------------------------------------------------------------------------------------------------------------+---------------------+---------------------+--------------+------------+------------+
; Slack ; From Node                                                                                                                                                                                                                                                        ; To Node                                                                                                                                                                                                                                                           ; Launch Clock        ; Latch Clock         ; Relationship ; Clock Skew ; Data Delay ;
+-------+------------------------------------------------------------------------------------------------------------------------------------------------------------------------------------------------------------------------------------------------------------------+-------------------------------------------------------------------------------------------------------------------------------------------------------------------------------------------------------------------------------------------------------------------+---------------------+---------------------+--------------+------------+------------+
; 0.181 ; SoC:inst|SoC_cpu:cpu|SoC_cpu_nios2_oci:the_SoC_cpu_nios2_oci|SoC_cpu_jtag_debug_module_wrapper:the_SoC_cpu_jtag_debug_module_wrapper|SoC_cpu_jtag_debug_module_tck:the_SoC_cpu_jtag_debug_module_tck|sr[31]                                                      ; SoC:inst|SoC_cpu:cpu|SoC_cpu_nios2_oci:the_SoC_cpu_nios2_oci|SoC_cpu_jtag_debug_module_wrapper:the_SoC_cpu_jtag_debug_module_wrapper|SoC_cpu_jtag_debug_module_tck:the_SoC_cpu_jtag_debug_module_tck|sr[31]                                                       ; altera_reserved_tck ; altera_reserved_tck ; 0.000        ; 0.042      ; 0.307      ;
; 0.181 ; SoC:inst|SoC_jtag_uart:jtag_uart|alt_jtag_atlantic:SoC_jtag_uart_alt_jtag_atlantic|jupdate                                                                                                                                                                       ; SoC:inst|SoC_jtag_uart:jtag_uart|alt_jtag_atlantic:SoC_jtag_uart_alt_jtag_atlantic|jupdate                                                                                                                                                                        ; altera_reserved_tck ; altera_reserved_tck ; 0.000        ; 0.042      ; 0.307      ;
; 0.182 ; sld_hub:auto_hub|sld_jtag_hub:\jtag_hub_gen:sld_jtag_hub_inst|irsr_reg[4]                                                                                                                                                                                        ; sld_hub:auto_hub|sld_jtag_hub:\jtag_hub_gen:sld_jtag_hub_inst|irsr_reg[4]                                                                                                                                                                                         ; altera_reserved_tck ; altera_reserved_tck ; 0.000        ; 0.041      ; 0.307      ;
; 0.182 ; sld_hub:auto_hub|sld_jtag_hub:\jtag_hub_gen:sld_jtag_hub_inst|hub_mode_reg[2]                                                                                                                                                                                    ; sld_hub:auto_hub|sld_jtag_hub:\jtag_hub_gen:sld_jtag_hub_inst|hub_mode_reg[2]                                                                                                                                                                                     ; altera_reserved_tck ; altera_reserved_tck ; 0.000        ; 0.041      ; 0.307      ;
; 0.182 ; SoC:inst|SoC_jtag_uart:jtag_uart|alt_jtag_atlantic:SoC_jtag_uart_alt_jtag_atlantic|write_stalled                                                                                                                                                                 ; SoC:inst|SoC_jtag_uart:jtag_uart|alt_jtag_atlantic:SoC_jtag_uart_alt_jtag_atlantic|write_stalled                                                                                                                                                                  ; altera_reserved_tck ; altera_reserved_tck ; 0.000        ; 0.041      ; 0.307      ;
; 0.182 ; sld_hub:auto_hub|sld_jtag_hub:\jtag_hub_gen:sld_jtag_hub_inst|irsr_reg[5]                                                                                                                                                                                        ; sld_hub:auto_hub|sld_jtag_hub:\jtag_hub_gen:sld_jtag_hub_inst|irsr_reg[5]                                                                                                                                                                                         ; altera_reserved_tck ; altera_reserved_tck ; 0.000        ; 0.041      ; 0.307      ;
; 0.182 ; sld_hub:auto_hub|sld_jtag_hub:\jtag_hub_gen:sld_jtag_hub_inst|hub_mode_reg[0]                                                                                                                                                                                    ; sld_hub:auto_hub|sld_jtag_hub:\jtag_hub_gen:sld_jtag_hub_inst|hub_mode_reg[0]                                                                                                                                                                                     ; altera_reserved_tck ; altera_reserved_tck ; 0.000        ; 0.041      ; 0.307      ;
; 0.182 ; sld_hub:auto_hub|sld_jtag_hub:\jtag_hub_gen:sld_jtag_hub_inst|tdo_bypass_reg                                                                                                                                                                                     ; sld_hub:auto_hub|sld_jtag_hub:\jtag_hub_gen:sld_jtag_hub_inst|tdo_bypass_reg                                                                                                                                                                                      ; altera_reserved_tck ; altera_reserved_tck ; 0.000        ; 0.041      ; 0.307      ;
; 0.182 ; sld_hub:auto_hub|sld_jtag_hub:\jtag_hub_gen:sld_jtag_hub_inst|sld_shadow_jsm:shadow_jsm|state[0]                                                                                                                                                                 ; sld_hub:auto_hub|sld_jtag_hub:\jtag_hub_gen:sld_jtag_hub_inst|sld_shadow_jsm:shadow_jsm|state[0]                                                                                                                                                                  ; altera_reserved_tck ; altera_reserved_tck ; 0.000        ; 0.041      ; 0.307      ;
; 0.182 ; sld_hub:auto_hub|sld_jtag_hub:\jtag_hub_gen:sld_jtag_hub_inst|sld_shadow_jsm:shadow_jsm|tms_cnt[2]                                                                                                                                                               ; sld_hub:auto_hub|sld_jtag_hub:\jtag_hub_gen:sld_jtag_hub_inst|sld_shadow_jsm:shadow_jsm|tms_cnt[2]                                                                                                                                                                ; altera_reserved_tck ; altera_reserved_tck ; 0.000        ; 0.041      ; 0.307      ;
; 0.182 ; sld_hub:auto_hub|sld_jtag_hub:\jtag_hub_gen:sld_jtag_hub_inst|sld_shadow_jsm:shadow_jsm|tms_cnt[1]                                                                                                                                                               ; sld_hub:auto_hub|sld_jtag_hub:\jtag_hub_gen:sld_jtag_hub_inst|sld_shadow_jsm:shadow_jsm|tms_cnt[1]                                                                                                                                                                ; altera_reserved_tck ; altera_reserved_tck ; 0.000        ; 0.041      ; 0.307      ;
; 0.182 ; SoC:inst|SoC_cpu:cpu|SoC_cpu_nios2_oci:the_SoC_cpu_nios2_oci|SoC_cpu_jtag_debug_module_wrapper:the_SoC_cpu_jtag_debug_module_wrapper|SoC_cpu_jtag_debug_module_tck:the_SoC_cpu_jtag_debug_module_tck|sr[7]                                                       ; SoC:inst|SoC_cpu:cpu|SoC_cpu_nios2_oci:the_SoC_cpu_nios2_oci|SoC_cpu_jtag_debug_module_wrapper:the_SoC_cpu_jtag_debug_module_wrapper|SoC_cpu_jtag_debug_module_tck:the_SoC_cpu_jtag_debug_module_tck|sr[7]                                                        ; altera_reserved_tck ; altera_reserved_tck ; 0.000        ; 0.041      ; 0.307      ;
; 0.183 ; sld_hub:auto_hub|sld_jtag_hub:\jtag_hub_gen:sld_jtag_hub_inst|hub_mode_reg[1]                                                                                                                                                                                    ; sld_hub:auto_hub|sld_jtag_hub:\jtag_hub_gen:sld_jtag_hub_inst|hub_mode_reg[1]                                                                                                                                                                                     ; altera_reserved_tck ; altera_reserved_tck ; 0.000        ; 0.040      ; 0.307      ;
; 0.183 ; SoC:inst|SoC_jtag_uart:jtag_uart|alt_jtag_atlantic:SoC_jtag_uart_alt_jtag_atlantic|state                                                                                                                                                                         ; SoC:inst|SoC_jtag_uart:jtag_uart|alt_jtag_atlantic:SoC_jtag_uart_alt_jtag_atlantic|state                                                                                                                                                                          ; altera_reserved_tck ; altera_reserved_tck ; 0.000        ; 0.040      ; 0.307      ;
; 0.183 ; SoC:inst|SoC_jtag_uart:jtag_uart|alt_jtag_atlantic:SoC_jtag_uart_alt_jtag_atlantic|user_saw_rvalid                                                                                                                                                               ; SoC:inst|SoC_jtag_uart:jtag_uart|alt_jtag_atlantic:SoC_jtag_uart_alt_jtag_atlantic|user_saw_rvalid                                                                                                                                                                ; altera_reserved_tck ; altera_reserved_tck ; 0.000        ; 0.040      ; 0.307      ;
; 0.183 ; sld_hub:auto_hub|sld_jtag_hub:\jtag_hub_gen:sld_jtag_hub_inst|sld_shadow_jsm:shadow_jsm|state[11]                                                                                                                                                                ; sld_hub:auto_hub|sld_jtag_hub:\jtag_hub_gen:sld_jtag_hub_inst|sld_shadow_jsm:shadow_jsm|state[11]                                                                                                                                                                 ; altera_reserved_tck ; altera_reserved_tck ; 0.000        ; 0.040      ; 0.307      ;
; 0.183 ; sld_hub:auto_hub|sld_jtag_hub:\jtag_hub_gen:sld_jtag_hub_inst|sld_shadow_jsm:shadow_jsm|state[13]                                                                                                                                                                ; sld_hub:auto_hub|sld_jtag_hub:\jtag_hub_gen:sld_jtag_hub_inst|sld_shadow_jsm:shadow_jsm|state[13]                                                                                                                                                                 ; altera_reserved_tck ; altera_reserved_tck ; 0.000        ; 0.040      ; 0.307      ;
; 0.183 ; sld_hub:auto_hub|sld_jtag_hub:\jtag_hub_gen:sld_jtag_hub_inst|sld_shadow_jsm:shadow_jsm|state[4]                                                                                                                                                                 ; sld_hub:auto_hub|sld_jtag_hub:\jtag_hub_gen:sld_jtag_hub_inst|sld_shadow_jsm:shadow_jsm|state[4]                                                                                                                                                                  ; altera_reserved_tck ; altera_reserved_tck ; 0.000        ; 0.040      ; 0.307      ;
; 0.183 ; sld_hub:auto_hub|sld_jtag_hub:\jtag_hub_gen:sld_jtag_hub_inst|sld_shadow_jsm:shadow_jsm|state[6]                                                                                                                                                                 ; sld_hub:auto_hub|sld_jtag_hub:\jtag_hub_gen:sld_jtag_hub_inst|sld_shadow_jsm:shadow_jsm|state[6]                                                                                                                                                                  ; altera_reserved_tck ; altera_reserved_tck ; 0.000        ; 0.040      ; 0.307      ;
; 0.183 ; sld_hub:auto_hub|sld_jtag_hub:\jtag_hub_gen:sld_jtag_hub_inst|sld_shadow_jsm:shadow_jsm|state[1]                                                                                                                                                                 ; sld_hub:auto_hub|sld_jtag_hub:\jtag_hub_gen:sld_jtag_hub_inst|sld_shadow_jsm:shadow_jsm|state[1]                                                                                                                                                                  ; altera_reserved_tck ; altera_reserved_tck ; 0.000        ; 0.040      ; 0.307      ;
; 0.188 ; sld_hub:auto_hub|sld_jtag_hub:\jtag_hub_gen:sld_jtag_hub_inst|shadow_irf_reg[2][3]                                                                                                                                                                               ; sld_hub:auto_hub|sld_jtag_hub:\jtag_hub_gen:sld_jtag_hub_inst|irf_reg[2][3]                                                                                                                                                                                       ; altera_reserved_tck ; altera_reserved_tck ; 0.000        ; 0.041      ; 0.313      ;
; 0.188 ; sld_hub:auto_hub|sld_jtag_hub:\jtag_hub_gen:sld_jtag_hub_inst|hub_minor_ver_reg[3]                                                                                                                                                                               ; sld_hub:auto_hub|sld_jtag_hub:\jtag_hub_gen:sld_jtag_hub_inst|hub_minor_ver_reg[2]                                                                                                                                                                                ; altera_reserved_tck ; altera_reserved_tck ; 0.000        ; 0.041      ; 0.313      ;
; 0.188 ; sld_hub:auto_hub|sld_jtag_hub:\jtag_hub_gen:sld_jtag_hub_inst|hub_mode_reg[2]                                                                                                                                                                                    ; sld_hub:auto_hub|sld_jtag_hub:\jtag_hub_gen:sld_jtag_hub_inst|clr_reg                                                                                                                                                                                             ; altera_reserved_tck ; altera_reserved_tck ; 0.000        ; 0.041      ; 0.313      ;
; 0.188 ; SoC:inst|SoC_cpu:cpu|SoC_cpu_nios2_oci:the_SoC_cpu_nios2_oci|SoC_cpu_jtag_debug_module_wrapper:the_SoC_cpu_jtag_debug_module_wrapper|SoC_cpu_jtag_debug_module_tck:the_SoC_cpu_jtag_debug_module_tck|altera_std_synchronizer:the_altera_std_synchronizer2|din_s1 ; SoC:inst|SoC_cpu:cpu|SoC_cpu_nios2_oci:the_SoC_cpu_nios2_oci|SoC_cpu_jtag_debug_module_wrapper:the_SoC_cpu_jtag_debug_module_wrapper|SoC_cpu_jtag_debug_module_tck:the_SoC_cpu_jtag_debug_module_tck|altera_std_synchronizer:the_altera_std_synchronizer2|dreg[0] ; altera_reserved_tck ; altera_reserved_tck ; 0.000        ; 0.041      ; 0.313      ;
; 0.188 ; sld_hub:auto_hub|sld_jtag_hub:\jtag_hub_gen:sld_jtag_hub_inst|sld_shadow_jsm:shadow_jsm|tms_cnt[1]                                                                                                                                                               ; sld_hub:auto_hub|sld_jtag_hub:\jtag_hub_gen:sld_jtag_hub_inst|sld_shadow_jsm:shadow_jsm|tms_cnt[2]                                                                                                                                                                ; altera_reserved_tck ; altera_reserved_tck ; 0.000        ; 0.041      ; 0.313      ;
; 0.189 ; sld_hub:auto_hub|sld_jtag_hub:\jtag_hub_gen:sld_jtag_hub_inst|irf_reg[2][2]                                                                                                                                                                                      ; sld_hub:auto_hub|sld_jtag_hub:\jtag_hub_gen:sld_jtag_hub_inst|shadow_irf_reg[2][2]                                                                                                                                                                                ; altera_reserved_tck ; altera_reserved_tck ; 0.000        ; 0.041      ; 0.314      ;
; 0.189 ; sld_hub:auto_hub|sld_jtag_hub:\jtag_hub_gen:sld_jtag_hub_inst|irf_reg[2][1]                                                                                                                                                                                      ; sld_hub:auto_hub|sld_jtag_hub:\jtag_hub_gen:sld_jtag_hub_inst|shadow_irf_reg[2][1]                                                                                                                                                                                ; altera_reserved_tck ; altera_reserved_tck ; 0.000        ; 0.041      ; 0.314      ;
; 0.189 ; sld_hub:auto_hub|sld_jtag_hub:\jtag_hub_gen:sld_jtag_hub_inst|shadow_irf_reg[2][1]                                                                                                                                                                               ; sld_hub:auto_hub|sld_jtag_hub:\jtag_hub_gen:sld_jtag_hub_inst|irf_reg[2][1]                                                                                                                                                                                       ; altera_reserved_tck ; altera_reserved_tck ; 0.000        ; 0.041      ; 0.314      ;
; 0.189 ; sld_hub:auto_hub|sld_jtag_hub:\jtag_hub_gen:sld_jtag_hub_inst|irf_reg[1][4]                                                                                                                                                                                      ; sld_hub:auto_hub|sld_jtag_hub:\jtag_hub_gen:sld_jtag_hub_inst|shadow_irf_reg[1][4]                                                                                                                                                                                ; altera_reserved_tck ; altera_reserved_tck ; 0.000        ; 0.041      ; 0.314      ;
; 0.189 ; sld_hub:auto_hub|sld_jtag_hub:\jtag_hub_gen:sld_jtag_hub_inst|irf_reg[1][2]                                                                                                                                                                                      ; sld_hub:auto_hub|sld_jtag_hub:\jtag_hub_gen:sld_jtag_hub_inst|shadow_irf_reg[1][2]                                                                                                                                                                                ; altera_reserved_tck ; altera_reserved_tck ; 0.000        ; 0.041      ; 0.314      ;
; 0.189 ; sld_hub:auto_hub|sld_jtag_hub:\jtag_hub_gen:sld_jtag_hub_inst|sld_rom_sr:hub_info_reg|WORD_SR[2]                                                                                                                                                                 ; sld_hub:auto_hub|sld_jtag_hub:\jtag_hub_gen:sld_jtag_hub_inst|sld_rom_sr:hub_info_reg|WORD_SR[1]                                                                                                                                                                  ; altera_reserved_tck ; altera_reserved_tck ; 0.000        ; 0.041      ; 0.314      ;
; 0.189 ; SoC:inst|SoC_jtag_uart:jtag_uart|alt_jtag_atlantic:SoC_jtag_uart_alt_jtag_atlantic|count[5]                                                                                                                                                                      ; SoC:inst|SoC_jtag_uart:jtag_uart|alt_jtag_atlantic:SoC_jtag_uart_alt_jtag_atlantic|count[6]                                                                                                                                                                       ; altera_reserved_tck ; altera_reserved_tck ; 0.000        ; 0.040      ; 0.313      ;
; 0.189 ; SoC:inst|SoC_jtag_uart:jtag_uart|alt_jtag_atlantic:SoC_jtag_uart_alt_jtag_atlantic|write                                                                                                                                                                         ; SoC:inst|SoC_jtag_uart:jtag_uart|alt_jtag_atlantic:SoC_jtag_uart_alt_jtag_atlantic|write                                                                                                                                                                          ; altera_reserved_tck ; altera_reserved_tck ; 0.000        ; 0.041      ; 0.314      ;
; 0.189 ; SoC:inst|SoC_jtag_uart:jtag_uart|alt_jtag_atlantic:SoC_jtag_uart_alt_jtag_atlantic|read                                                                                                                                                                          ; SoC:inst|SoC_jtag_uart:jtag_uart|alt_jtag_atlantic:SoC_jtag_uart_alt_jtag_atlantic|read                                                                                                                                                                           ; altera_reserved_tck ; altera_reserved_tck ; 0.000        ; 0.041      ; 0.314      ;
; 0.189 ; sld_hub:auto_hub|sld_jtag_hub:\jtag_hub_gen:sld_jtag_hub_inst|shadow_irf_reg[2][0]                                                                                                                                                                               ; sld_hub:auto_hub|sld_jtag_hub:\jtag_hub_gen:sld_jtag_hub_inst|irf_reg[2][0]                                                                                                                                                                                       ; altera_reserved_tck ; altera_reserved_tck ; 0.000        ; 0.041      ; 0.314      ;
; 0.189 ; sld_hub:auto_hub|sld_jtag_hub:\jtag_hub_gen:sld_jtag_hub_inst|hub_minor_ver_reg[1]                                                                                                                                                                               ; sld_hub:auto_hub|sld_jtag_hub:\jtag_hub_gen:sld_jtag_hub_inst|hub_minor_ver_reg[0]                                                                                                                                                                                ; altera_reserved_tck ; altera_reserved_tck ; 0.000        ; 0.041      ; 0.314      ;
; 0.189 ; sld_hub:auto_hub|sld_jtag_hub:\jtag_hub_gen:sld_jtag_hub_inst|hub_minor_ver_reg[2]                                                                                                                                                                               ; sld_hub:auto_hub|sld_jtag_hub:\jtag_hub_gen:sld_jtag_hub_inst|hub_minor_ver_reg[1]                                                                                                                                                                                ; altera_reserved_tck ; altera_reserved_tck ; 0.000        ; 0.041      ; 0.314      ;
; 0.189 ; SoC:inst|SoC_cpu:cpu|SoC_cpu_nios2_oci:the_SoC_cpu_nios2_oci|SoC_cpu_jtag_debug_module_wrapper:the_SoC_cpu_jtag_debug_module_wrapper|SoC_cpu_jtag_debug_module_tck:the_SoC_cpu_jtag_debug_module_tck|altera_std_synchronizer:the_altera_std_synchronizer1|din_s1 ; SoC:inst|SoC_cpu:cpu|SoC_cpu_nios2_oci:the_SoC_cpu_nios2_oci|SoC_cpu_jtag_debug_module_wrapper:the_SoC_cpu_jtag_debug_module_wrapper|SoC_cpu_jtag_debug_module_tck:the_SoC_cpu_jtag_debug_module_tck|altera_std_synchronizer:the_altera_std_synchronizer1|dreg[0] ; altera_reserved_tck ; altera_reserved_tck ; 0.000        ; 0.041      ; 0.314      ;
; 0.189 ; sld_hub:auto_hub|sld_jtag_hub:\jtag_hub_gen:sld_jtag_hub_inst|jtag_ir_reg[5]                                                                                                                                                                                     ; sld_hub:auto_hub|sld_jtag_hub:\jtag_hub_gen:sld_jtag_hub_inst|jtag_ir_reg[4]                                                                                                                                                                                      ; altera_reserved_tck ; altera_reserved_tck ; 0.000        ; 0.041      ; 0.314      ;
; 0.189 ; sld_hub:auto_hub|sld_jtag_hub:\jtag_hub_gen:sld_jtag_hub_inst|jtag_ir_reg[9]                                                                                                                                                                                     ; sld_hub:auto_hub|sld_jtag_hub:\jtag_hub_gen:sld_jtag_hub_inst|jtag_ir_reg[8]                                                                                                                                                                                      ; altera_reserved_tck ; altera_reserved_tck ; 0.000        ; 0.041      ; 0.314      ;
; 0.189 ; sld_hub:auto_hub|sld_jtag_hub:\jtag_hub_gen:sld_jtag_hub_inst|sld_shadow_jsm:shadow_jsm|tms_cnt[0]                                                                                                                                                               ; sld_hub:auto_hub|sld_jtag_hub:\jtag_hub_gen:sld_jtag_hub_inst|sld_shadow_jsm:shadow_jsm|tms_cnt[0]                                                                                                                                                                ; altera_reserved_tck ; altera_reserved_tck ; 0.000        ; 0.041      ; 0.314      ;
; 0.190 ; SoC:inst|SoC_jtag_uart:jtag_uart|alt_jtag_atlantic:SoC_jtag_uart_alt_jtag_atlantic|count[7]                                                                                                                                                                      ; SoC:inst|SoC_jtag_uart:jtag_uart|alt_jtag_atlantic:SoC_jtag_uart_alt_jtag_atlantic|count[8]                                                                                                                                                                       ; altera_reserved_tck ; altera_reserved_tck ; 0.000        ; 0.040      ; 0.314      ;
; 0.190 ; sld_hub:auto_hub|sld_jtag_hub:\jtag_hub_gen:sld_jtag_hub_inst|shadow_irf_reg[1][1]                                                                                                                                                                               ; sld_hub:auto_hub|sld_jtag_hub:\jtag_hub_gen:sld_jtag_hub_inst|irf_reg[1][1]                                                                                                                                                                                       ; altera_reserved_tck ; altera_reserved_tck ; 0.000        ; 0.041      ; 0.315      ;
; 0.190 ; sld_hub:auto_hub|sld_jtag_hub:\jtag_hub_gen:sld_jtag_hub_inst|sld_shadow_jsm:shadow_jsm|state[6]                                                                                                                                                                 ; sld_hub:auto_hub|sld_jtag_hub:\jtag_hub_gen:sld_jtag_hub_inst|sld_shadow_jsm:shadow_jsm|state[7]                                                                                                                                                                  ; altera_reserved_tck ; altera_reserved_tck ; 0.000        ; 0.040      ; 0.314      ;
; 0.191 ; sld_hub:auto_hub|sld_jtag_hub:\jtag_hub_gen:sld_jtag_hub_inst|shadow_irf_reg[1][3]                                                                                                                                                                               ; sld_hub:auto_hub|sld_jtag_hub:\jtag_hub_gen:sld_jtag_hub_inst|irf_reg[1][3]                                                                                                                                                                                       ; altera_reserved_tck ; altera_reserved_tck ; 0.000        ; 0.041      ; 0.316      ;
; 0.191 ; sld_hub:auto_hub|sld_jtag_hub:\jtag_hub_gen:sld_jtag_hub_inst|sld_shadow_jsm:shadow_jsm|state[13]                                                                                                                                                                ; sld_hub:auto_hub|sld_jtag_hub:\jtag_hub_gen:sld_jtag_hub_inst|sld_shadow_jsm:shadow_jsm|state[14]                                                                                                                                                                 ; altera_reserved_tck ; altera_reserved_tck ; 0.000        ; 0.040      ; 0.315      ;
; 0.191 ; sld_hub:auto_hub|sld_jtag_hub:\jtag_hub_gen:sld_jtag_hub_inst|identity_contrib_update_reg[1]                                                                                                                                                                     ; sld_hub:auto_hub|sld_jtag_hub:\jtag_hub_gen:sld_jtag_hub_inst|design_hash_reg[1]                                                                                                                                                                                  ; altera_reserved_tck ; altera_reserved_tck ; 0.000        ; 0.040      ; 0.315      ;
; 0.191 ; sld_hub:auto_hub|sld_jtag_hub:\jtag_hub_gen:sld_jtag_hub_inst|identity_contrib_update_reg[2]                                                                                                                                                                     ; sld_hub:auto_hub|sld_jtag_hub:\jtag_hub_gen:sld_jtag_hub_inst|design_hash_reg[2]                                                                                                                                                                                  ; altera_reserved_tck ; altera_reserved_tck ; 0.000        ; 0.040      ; 0.315      ;
; 0.192 ; SoC:inst|SoC_jtag_uart:jtag_uart|alt_jtag_atlantic:SoC_jtag_uart_alt_jtag_atlantic|count[4]                                                                                                                                                                      ; SoC:inst|SoC_jtag_uart:jtag_uart|alt_jtag_atlantic:SoC_jtag_uart_alt_jtag_atlantic|count[5]                                                                                                                                                                       ; altera_reserved_tck ; altera_reserved_tck ; 0.000        ; 0.040      ; 0.316      ;
; 0.192 ; SoC:inst|SoC_jtag_uart:jtag_uart|alt_jtag_atlantic:SoC_jtag_uart_alt_jtag_atlantic|td_shift[5]                                                                                                                                                                   ; SoC:inst|SoC_jtag_uart:jtag_uart|alt_jtag_atlantic:SoC_jtag_uart_alt_jtag_atlantic|wdata[1]                                                                                                                                                                       ; altera_reserved_tck ; altera_reserved_tck ; 0.000        ; 0.041      ; 0.317      ;
; 0.192 ; sld_hub:auto_hub|sld_jtag_hub:\jtag_hub_gen:sld_jtag_hub_inst|identity_contrib_update_reg[0]                                                                                                                                                                     ; sld_hub:auto_hub|sld_jtag_hub:\jtag_hub_gen:sld_jtag_hub_inst|design_hash_reg[0]                                                                                                                                                                                  ; altera_reserved_tck ; altera_reserved_tck ; 0.000        ; 0.040      ; 0.316      ;
; 0.192 ; sld_hub:auto_hub|sld_jtag_hub:\jtag_hub_gen:sld_jtag_hub_inst|sld_shadow_jsm:shadow_jsm|tms_cnt[2]                                                                                                                                                               ; sld_hub:auto_hub|sld_jtag_hub:\jtag_hub_gen:sld_jtag_hub_inst|sld_shadow_jsm:shadow_jsm|state[0]                                                                                                                                                                  ; altera_reserved_tck ; altera_reserved_tck ; 0.000        ; 0.041      ; 0.317      ;
; 0.192 ; SoC:inst|SoC_cpu:cpu|SoC_cpu_nios2_oci:the_SoC_cpu_nios2_oci|SoC_cpu_jtag_debug_module_wrapper:the_SoC_cpu_jtag_debug_module_wrapper|SoC_cpu_jtag_debug_module_tck:the_SoC_cpu_jtag_debug_module_tck|sr[26]                                                      ; SoC:inst|SoC_cpu:cpu|SoC_cpu_nios2_oci:the_SoC_cpu_nios2_oci|SoC_cpu_jtag_debug_module_wrapper:the_SoC_cpu_jtag_debug_module_wrapper|SoC_cpu_jtag_debug_module_tck:the_SoC_cpu_jtag_debug_module_tck|sr[25]                                                       ; altera_reserved_tck ; altera_reserved_tck ; 0.000        ; 0.041      ; 0.317      ;
; 0.193 ; SoC:inst|SoC_jtag_uart:jtag_uart|alt_jtag_atlantic:SoC_jtag_uart_alt_jtag_atlantic|count[3]                                                                                                                                                                      ; SoC:inst|SoC_jtag_uart:jtag_uart|alt_jtag_atlantic:SoC_jtag_uart_alt_jtag_atlantic|count[4]                                                                                                                                                                       ; altera_reserved_tck ; altera_reserved_tck ; 0.000        ; 0.040      ; 0.317      ;
; 0.193 ; sld_hub:auto_hub|sld_jtag_hub:\jtag_hub_gen:sld_jtag_hub_inst|sld_shadow_jsm:shadow_jsm|state[14]                                                                                                                                                                ; sld_hub:auto_hub|sld_jtag_hub:\jtag_hub_gen:sld_jtag_hub_inst|sld_shadow_jsm:shadow_jsm|state[15]                                                                                                                                                                 ; altera_reserved_tck ; altera_reserved_tck ; 0.000        ; 0.040      ; 0.317      ;
; 0.193 ; sld_hub:auto_hub|sld_jtag_hub:\jtag_hub_gen:sld_jtag_hub_inst|jtag_ir_reg[4]                                                                                                                                                                                     ; sld_hub:auto_hub|sld_jtag_hub:\jtag_hub_gen:sld_jtag_hub_inst|jtag_ir_reg[3]                                                                                                                                                                                      ; altera_reserved_tck ; altera_reserved_tck ; 0.000        ; 0.041      ; 0.318      ;
; 0.193 ; sld_hub:auto_hub|sld_jtag_hub:\jtag_hub_gen:sld_jtag_hub_inst|jtag_ir_reg[7]                                                                                                                                                                                     ; sld_hub:auto_hub|sld_jtag_hub:\jtag_hub_gen:sld_jtag_hub_inst|jtag_ir_reg[6]                                                                                                                                                                                      ; altera_reserved_tck ; altera_reserved_tck ; 0.000        ; 0.041      ; 0.318      ;
; 0.193 ; sld_hub:auto_hub|sld_jtag_hub:\jtag_hub_gen:sld_jtag_hub_inst|sld_shadow_jsm:shadow_jsm|state[2]                                                                                                                                                                 ; sld_hub:auto_hub|sld_jtag_hub:\jtag_hub_gen:sld_jtag_hub_inst|sld_shadow_jsm:shadow_jsm|state[9]                                                                                                                                                                  ; altera_reserved_tck ; altera_reserved_tck ; 0.000        ; 0.040      ; 0.317      ;
; 0.193 ; SoC:inst|SoC_cpu:cpu|SoC_cpu_nios2_oci:the_SoC_cpu_nios2_oci|SoC_cpu_jtag_debug_module_wrapper:the_SoC_cpu_jtag_debug_module_wrapper|SoC_cpu_jtag_debug_module_tck:the_SoC_cpu_jtag_debug_module_tck|sr[30]                                                      ; SoC:inst|SoC_cpu:cpu|SoC_cpu_nios2_oci:the_SoC_cpu_nios2_oci|SoC_cpu_jtag_debug_module_wrapper:the_SoC_cpu_jtag_debug_module_wrapper|SoC_cpu_jtag_debug_module_tck:the_SoC_cpu_jtag_debug_module_tck|sr[29]                                                       ; altera_reserved_tck ; altera_reserved_tck ; 0.000        ; 0.041      ; 0.318      ;
; 0.194 ; SoC:inst|SoC_jtag_uart:jtag_uart|alt_jtag_atlantic:SoC_jtag_uart_alt_jtag_atlantic|td_shift[7]                                                                                                                                                                   ; SoC:inst|SoC_jtag_uart:jtag_uart|alt_jtag_atlantic:SoC_jtag_uart_alt_jtag_atlantic|wdata[3]                                                                                                                                                                       ; altera_reserved_tck ; altera_reserved_tck ; 0.000        ; 0.041      ; 0.319      ;
; 0.194 ; sld_hub:auto_hub|sld_jtag_hub:\jtag_hub_gen:sld_jtag_hub_inst|jtag_ir_reg[8]                                                                                                                                                                                     ; sld_hub:auto_hub|sld_jtag_hub:\jtag_hub_gen:sld_jtag_hub_inst|jtag_ir_reg[7]                                                                                                                                                                                      ; altera_reserved_tck ; altera_reserved_tck ; 0.000        ; 0.041      ; 0.319      ;
; 0.194 ; sld_hub:auto_hub|sld_jtag_hub:\jtag_hub_gen:sld_jtag_hub_inst|sld_shadow_jsm:shadow_jsm|tms_cnt[0]                                                                                                                                                               ; sld_hub:auto_hub|sld_jtag_hub:\jtag_hub_gen:sld_jtag_hub_inst|sld_shadow_jsm:shadow_jsm|tms_cnt[1]                                                                                                                                                                ; altera_reserved_tck ; altera_reserved_tck ; 0.000        ; 0.041      ; 0.319      ;
; 0.194 ; sld_hub:auto_hub|sld_jtag_hub:\jtag_hub_gen:sld_jtag_hub_inst|sld_shadow_jsm:shadow_jsm|state[14]                                                                                                                                                                ; sld_hub:auto_hub|sld_jtag_hub:\jtag_hub_gen:sld_jtag_hub_inst|sld_shadow_jsm:shadow_jsm|state[11]                                                                                                                                                                 ; altera_reserved_tck ; altera_reserved_tck ; 0.000        ; 0.040      ; 0.318      ;
; 0.194 ; sld_hub:auto_hub|sld_jtag_hub:\jtag_hub_gen:sld_jtag_hub_inst|sld_shadow_jsm:shadow_jsm|state[12]                                                                                                                                                                ; sld_hub:auto_hub|sld_jtag_hub:\jtag_hub_gen:sld_jtag_hub_inst|sld_shadow_jsm:shadow_jsm|state[13]                                                                                                                                                                 ; altera_reserved_tck ; altera_reserved_tck ; 0.000        ; 0.040      ; 0.318      ;
; 0.195 ; SoC:inst|SoC_jtag_uart:jtag_uart|alt_jtag_atlantic:SoC_jtag_uart_alt_jtag_atlantic|td_shift[6]                                                                                                                                                                   ; SoC:inst|SoC_jtag_uart:jtag_uart|alt_jtag_atlantic:SoC_jtag_uart_alt_jtag_atlantic|wdata[2]                                                                                                                                                                       ; altera_reserved_tck ; altera_reserved_tck ; 0.000        ; 0.041      ; 0.320      ;
; 0.195 ; SoC:inst|SoC_cpu:cpu|SoC_cpu_nios2_oci:the_SoC_cpu_nios2_oci|SoC_cpu_jtag_debug_module_wrapper:the_SoC_cpu_jtag_debug_module_wrapper|SoC_cpu_jtag_debug_module_tck:the_SoC_cpu_jtag_debug_module_tck|sr[37]                                                      ; SoC:inst|SoC_cpu:cpu|SoC_cpu_nios2_oci:the_SoC_cpu_nios2_oci|SoC_cpu_jtag_debug_module_wrapper:the_SoC_cpu_jtag_debug_module_wrapper|SoC_cpu_jtag_debug_module_tck:the_SoC_cpu_jtag_debug_module_tck|sr[36]                                                       ; altera_reserved_tck ; altera_reserved_tck ; 0.000        ; 0.041      ; 0.320      ;
; 0.195 ; sld_hub:auto_hub|sld_jtag_hub:\jtag_hub_gen:sld_jtag_hub_inst|sld_shadow_jsm:shadow_jsm|state[2]                                                                                                                                                                 ; sld_hub:auto_hub|sld_jtag_hub:\jtag_hub_gen:sld_jtag_hub_inst|sld_shadow_jsm:shadow_jsm|state[3]                                                                                                                                                                  ; altera_reserved_tck ; altera_reserved_tck ; 0.000        ; 0.040      ; 0.319      ;
; 0.197 ; sld_hub:auto_hub|sld_jtag_hub:\jtag_hub_gen:sld_jtag_hub_inst|jtag_ir_reg[3]                                                                                                                                                                                     ; sld_hub:auto_hub|sld_jtag_hub:\jtag_hub_gen:sld_jtag_hub_inst|jtag_ir_reg[2]                                                                                                                                                                                      ; altera_reserved_tck ; altera_reserved_tck ; 0.000        ; 0.041      ; 0.322      ;
; 0.197 ; sld_hub:auto_hub|sld_jtag_hub:\jtag_hub_gen:sld_jtag_hub_inst|sld_shadow_jsm:shadow_jsm|state[5]                                                                                                                                                                 ; sld_hub:auto_hub|sld_jtag_hub:\jtag_hub_gen:sld_jtag_hub_inst|sld_shadow_jsm:shadow_jsm|state[6]                                                                                                                                                                  ; altera_reserved_tck ; altera_reserved_tck ; 0.000        ; 0.040      ; 0.321      ;
; 0.199 ; sld_hub:auto_hub|sld_jtag_hub:\jtag_hub_gen:sld_jtag_hub_inst|sld_shadow_jsm:shadow_jsm|state[5]                                                                                                                                                                 ; sld_hub:auto_hub|sld_jtag_hub:\jtag_hub_gen:sld_jtag_hub_inst|reset_ena_reg                                                                                                                                                                                       ; altera_reserved_tck ; altera_reserved_tck ; 0.000        ; 0.040      ; 0.323      ;
; 0.199 ; sld_hub:auto_hub|sld_jtag_hub:\jtag_hub_gen:sld_jtag_hub_inst|sld_shadow_jsm:shadow_jsm|state[5]                                                                                                                                                                 ; sld_hub:auto_hub|sld_jtag_hub:\jtag_hub_gen:sld_jtag_hub_inst|sld_shadow_jsm:shadow_jsm|state[8]                                                                                                                                                                  ; altera_reserved_tck ; altera_reserved_tck ; 0.000        ; 0.040      ; 0.323      ;
; 0.200 ; sld_hub:auto_hub|sld_jtag_hub:\jtag_hub_gen:sld_jtag_hub_inst|identity_contrib_shift_reg[1]                                                                                                                                                                      ; sld_hub:auto_hub|sld_jtag_hub:\jtag_hub_gen:sld_jtag_hub_inst|identity_contrib_shift_reg[0]                                                                                                                                                                       ; altera_reserved_tck ; altera_reserved_tck ; 0.000        ; 0.041      ; 0.325      ;
; 0.200 ; sld_hub:auto_hub|sld_jtag_hub:\jtag_hub_gen:sld_jtag_hub_inst|identity_contrib_shift_reg[2]                                                                                                                                                                      ; sld_hub:auto_hub|sld_jtag_hub:\jtag_hub_gen:sld_jtag_hub_inst|identity_contrib_shift_reg[1]                                                                                                                                                                       ; altera_reserved_tck ; altera_reserved_tck ; 0.000        ; 0.041      ; 0.325      ;
; 0.200 ; SoC:inst|SoC_cpu:cpu|SoC_cpu_nios2_oci:the_SoC_cpu_nios2_oci|SoC_cpu_jtag_debug_module_wrapper:the_SoC_cpu_jtag_debug_module_wrapper|SoC_cpu_jtag_debug_module_tck:the_SoC_cpu_jtag_debug_module_tck|sr[12]                                                      ; SoC:inst|SoC_cpu:cpu|SoC_cpu_nios2_oci:the_SoC_cpu_nios2_oci|SoC_cpu_jtag_debug_module_wrapper:the_SoC_cpu_jtag_debug_module_wrapper|SoC_cpu_jtag_debug_module_tck:the_SoC_cpu_jtag_debug_module_tck|sr[11]                                                       ; altera_reserved_tck ; altera_reserved_tck ; 0.000        ; 0.041      ; 0.325      ;
; 0.200 ; SoC:inst|SoC_cpu:cpu|SoC_cpu_nios2_oci:the_SoC_cpu_nios2_oci|SoC_cpu_jtag_debug_module_wrapper:the_SoC_cpu_jtag_debug_module_wrapper|SoC_cpu_jtag_debug_module_tck:the_SoC_cpu_jtag_debug_module_tck|sr[11]                                                      ; SoC:inst|SoC_cpu:cpu|SoC_cpu_nios2_oci:the_SoC_cpu_nios2_oci|SoC_cpu_jtag_debug_module_wrapper:the_SoC_cpu_jtag_debug_module_wrapper|SoC_cpu_jtag_debug_module_tck:the_SoC_cpu_jtag_debug_module_tck|sr[10]                                                       ; altera_reserved_tck ; altera_reserved_tck ; 0.000        ; 0.041      ; 0.325      ;
; 0.200 ; SoC:inst|SoC_cpu:cpu|SoC_cpu_nios2_oci:the_SoC_cpu_nios2_oci|SoC_cpu_jtag_debug_module_wrapper:the_SoC_cpu_jtag_debug_module_wrapper|SoC_cpu_jtag_debug_module_tck:the_SoC_cpu_jtag_debug_module_tck|sr[5]                                                       ; SoC:inst|SoC_cpu:cpu|SoC_cpu_nios2_oci:the_SoC_cpu_nios2_oci|SoC_cpu_jtag_debug_module_wrapper:the_SoC_cpu_jtag_debug_module_wrapper|SoC_cpu_jtag_debug_module_tck:the_SoC_cpu_jtag_debug_module_tck|sr[4]                                                        ; altera_reserved_tck ; altera_reserved_tck ; 0.000        ; 0.041      ; 0.325      ;
; 0.200 ; SoC:inst|SoC_cpu:cpu|SoC_cpu_nios2_oci:the_SoC_cpu_nios2_oci|SoC_cpu_jtag_debug_module_wrapper:the_SoC_cpu_jtag_debug_module_wrapper|SoC_cpu_jtag_debug_module_tck:the_SoC_cpu_jtag_debug_module_tck|sr[2]                                                       ; SoC:inst|SoC_cpu:cpu|SoC_cpu_nios2_oci:the_SoC_cpu_nios2_oci|SoC_cpu_jtag_debug_module_wrapper:the_SoC_cpu_jtag_debug_module_wrapper|SoC_cpu_jtag_debug_module_tck:the_SoC_cpu_jtag_debug_module_tck|sr[1]                                                        ; altera_reserved_tck ; altera_reserved_tck ; 0.000        ; 0.041      ; 0.325      ;
; 0.201 ; SoC:inst|SoC_jtag_uart:jtag_uart|alt_jtag_atlantic:SoC_jtag_uart_alt_jtag_atlantic|count[1]                                                                                                                                                                      ; SoC:inst|SoC_jtag_uart:jtag_uart|alt_jtag_atlantic:SoC_jtag_uart_alt_jtag_atlantic|count[2]                                                                                                                                                                       ; altera_reserved_tck ; altera_reserved_tck ; 0.000        ; 0.040      ; 0.325      ;
; 0.201 ; sld_hub:auto_hub|sld_jtag_hub:\jtag_hub_gen:sld_jtag_hub_inst|sld_shadow_jsm:shadow_jsm|state[7]                                                                                                                                                                 ; sld_hub:auto_hub|sld_jtag_hub:\jtag_hub_gen:sld_jtag_hub_inst|sld_shadow_jsm:shadow_jsm|state[4]                                                                                                                                                                  ; altera_reserved_tck ; altera_reserved_tck ; 0.000        ; 0.040      ; 0.325      ;
; 0.201 ; SoC:inst|SoC_cpu:cpu|SoC_cpu_nios2_oci:the_SoC_cpu_nios2_oci|SoC_cpu_jtag_debug_module_wrapper:the_SoC_cpu_jtag_debug_module_wrapper|SoC_cpu_jtag_debug_module_tck:the_SoC_cpu_jtag_debug_module_tck|sr[34]                                                      ; SoC:inst|SoC_cpu:cpu|SoC_cpu_nios2_oci:the_SoC_cpu_nios2_oci|SoC_cpu_jtag_debug_module_wrapper:the_SoC_cpu_jtag_debug_module_wrapper|SoC_cpu_jtag_debug_module_tck:the_SoC_cpu_jtag_debug_module_tck|sr[33]                                                       ; altera_reserved_tck ; altera_reserved_tck ; 0.000        ; 0.041      ; 0.326      ;
; 0.201 ; SoC:inst|SoC_cpu:cpu|SoC_cpu_nios2_oci:the_SoC_cpu_nios2_oci|SoC_cpu_jtag_debug_module_wrapper:the_SoC_cpu_jtag_debug_module_wrapper|SoC_cpu_jtag_debug_module_tck:the_SoC_cpu_jtag_debug_module_tck|sr[14]                                                      ; SoC:inst|SoC_cpu:cpu|SoC_cpu_nios2_oci:the_SoC_cpu_nios2_oci|SoC_cpu_jtag_debug_module_wrapper:the_SoC_cpu_jtag_debug_module_wrapper|SoC_cpu_jtag_debug_module_tck:the_SoC_cpu_jtag_debug_module_tck|sr[13]                                                       ; altera_reserved_tck ; altera_reserved_tck ; 0.000        ; 0.041      ; 0.326      ;
; 0.202 ; SoC:inst|SoC_cpu:cpu|SoC_cpu_nios2_oci:the_SoC_cpu_nios2_oci|SoC_cpu_jtag_debug_module_wrapper:the_SoC_cpu_jtag_debug_module_wrapper|SoC_cpu_jtag_debug_module_tck:the_SoC_cpu_jtag_debug_module_tck|sr[21]                                                      ; SoC:inst|SoC_cpu:cpu|SoC_cpu_nios2_oci:the_SoC_cpu_nios2_oci|SoC_cpu_jtag_debug_module_wrapper:the_SoC_cpu_jtag_debug_module_wrapper|SoC_cpu_jtag_debug_module_tck:the_SoC_cpu_jtag_debug_module_tck|sr[20]                                                       ; altera_reserved_tck ; altera_reserved_tck ; 0.000        ; 0.041      ; 0.327      ;
; 0.203 ; SoC:inst|SoC_jtag_uart:jtag_uart|alt_jtag_atlantic:SoC_jtag_uart_alt_jtag_atlantic|count[0]                                                                                                                                                                      ; SoC:inst|SoC_jtag_uart:jtag_uart|alt_jtag_atlantic:SoC_jtag_uart_alt_jtag_atlantic|count[1]                                                                                                                                                                       ; altera_reserved_tck ; altera_reserved_tck ; 0.000        ; 0.040      ; 0.327      ;
; 0.203 ; sld_hub:auto_hub|sld_jtag_hub:\jtag_hub_gen:sld_jtag_hub_inst|sld_shadow_jsm:shadow_jsm|state[11]                                                                                                                                                                ; sld_hub:auto_hub|sld_jtag_hub:\jtag_hub_gen:sld_jtag_hub_inst|sld_shadow_jsm:shadow_jsm|state[12]                                                                                                                                                                 ; altera_reserved_tck ; altera_reserved_tck ; 0.000        ; 0.040      ; 0.327      ;
; 0.208 ; sld_hub:auto_hub|sld_jtag_hub:\jtag_hub_gen:sld_jtag_hub_inst|sld_shadow_jsm:shadow_jsm|state[3]                                                                                                                                                                 ; sld_hub:auto_hub|sld_jtag_hub:\jtag_hub_gen:sld_jtag_hub_inst|sld_shadow_jsm:shadow_jsm|state[5]                                                                                                                                                                  ; altera_reserved_tck ; altera_reserved_tck ; 0.000        ; 0.040      ; 0.332      ;
; 0.209 ; sld_hub:auto_hub|sld_jtag_hub:\jtag_hub_gen:sld_jtag_hub_inst|sld_rom_sr:hub_info_reg|word_counter[4]                                                                                                                                                            ; sld_hub:auto_hub|sld_jtag_hub:\jtag_hub_gen:sld_jtag_hub_inst|sld_rom_sr:hub_info_reg|word_counter[4]                                                                                                                                                             ; altera_reserved_tck ; altera_reserved_tck ; 0.000        ; 0.041      ; 0.334      ;
; 0.211 ; sld_hub:auto_hub|sld_jtag_hub:\jtag_hub_gen:sld_jtag_hub_inst|irsr_reg[6]                                                                                                                                                                                        ; sld_hub:auto_hub|sld_jtag_hub:\jtag_hub_gen:sld_jtag_hub_inst|irsr_reg[5]                                                                                                                                                                                         ; altera_reserved_tck ; altera_reserved_tck ; 0.000        ; 0.041      ; 0.336      ;
; 0.227 ; sld_hub:auto_hub|sld_jtag_hub:\jtag_hub_gen:sld_jtag_hub_inst|mixer_addr_reg[4]                                                                                                                                                                                  ; sld_hub:auto_hub|sld_jtag_hub:\jtag_hub_gen:sld_jtag_hub_inst|mixer_addr_reg[4]                                                                                                                                                                                   ; altera_reserved_tck ; altera_reserved_tck ; 0.000        ; 0.040      ; 0.351      ;
; 0.248 ; sld_hub:auto_hub|sld_jtag_hub:\jtag_hub_gen:sld_jtag_hub_inst|shadow_irf_reg[1][4]                                                                                                                                                                               ; sld_hub:auto_hub|sld_jtag_hub:\jtag_hub_gen:sld_jtag_hub_inst|irf_reg[1][4]                                                                                                                                                                                       ; altera_reserved_tck ; altera_reserved_tck ; 0.000        ; 0.041      ; 0.373      ;
; 0.249 ; sld_hub:auto_hub|sld_jtag_hub:\jtag_hub_gen:sld_jtag_hub_inst|irf_reg[2][4]                                                                                                                                                                                      ; sld_hub:auto_hub|sld_jtag_hub:\jtag_hub_gen:sld_jtag_hub_inst|shadow_irf_reg[2][4]                                                                                                                                                                                ; altera_reserved_tck ; altera_reserved_tck ; 0.000        ; 0.041      ; 0.374      ;
; 0.249 ; sld_hub:auto_hub|sld_jtag_hub:\jtag_hub_gen:sld_jtag_hub_inst|shadow_irf_reg[2][4]                                                                                                                                                                               ; sld_hub:auto_hub|sld_jtag_hub:\jtag_hub_gen:sld_jtag_hub_inst|irf_reg[2][4]                                                                                                                                                                                       ; altera_reserved_tck ; altera_reserved_tck ; 0.000        ; 0.041      ; 0.374      ;
; 0.249 ; sld_hub:auto_hub|sld_jtag_hub:\jtag_hub_gen:sld_jtag_hub_inst|sld_rom_sr:hub_info_reg|WORD_SR[3]                                                                                                                                                                 ; sld_hub:auto_hub|sld_jtag_hub:\jtag_hub_gen:sld_jtag_hub_inst|sld_rom_sr:hub_info_reg|WORD_SR[2]                                                                                                                                                                  ; altera_reserved_tck ; altera_reserved_tck ; 0.000        ; 0.041      ; 0.374      ;
; 0.249 ; SoC:inst|SoC_jtag_uart:jtag_uart|alt_jtag_atlantic:SoC_jtag_uart_alt_jtag_atlantic|count[2]                                                                                                                                                                      ; SoC:inst|SoC_jtag_uart:jtag_uart|alt_jtag_atlantic:SoC_jtag_uart_alt_jtag_atlantic|count[3]                                                                                                                                                                       ; altera_reserved_tck ; altera_reserved_tck ; 0.000        ; 0.040      ; 0.373      ;
; 0.250 ; sld_hub:auto_hub|sld_jtag_hub:\jtag_hub_gen:sld_jtag_hub_inst|irf_reg[1][3]                                                                                                                                                                                      ; sld_hub:auto_hub|sld_jtag_hub:\jtag_hub_gen:sld_jtag_hub_inst|shadow_irf_reg[1][3]                                                                                                                                                                                ; altera_reserved_tck ; altera_reserved_tck ; 0.000        ; 0.041      ; 0.375      ;
; 0.250 ; sld_hub:auto_hub|sld_jtag_hub:\jtag_hub_gen:sld_jtag_hub_inst|shadow_irf_reg[1][0]                                                                                                                                                                               ; sld_hub:auto_hub|sld_jtag_hub:\jtag_hub_gen:sld_jtag_hub_inst|irf_reg[1][0]                                                                                                                                                                                       ; altera_reserved_tck ; altera_reserved_tck ; 0.000        ; 0.041      ; 0.375      ;
; 0.252 ; SoC:inst|SoC_cpu:cpu|SoC_cpu_nios2_oci:the_SoC_cpu_nios2_oci|SoC_cpu_jtag_debug_module_wrapper:the_SoC_cpu_jtag_debug_module_wrapper|SoC_cpu_jtag_debug_module_tck:the_SoC_cpu_jtag_debug_module_tck|sr[29]                                                      ; SoC:inst|SoC_cpu:cpu|SoC_cpu_nios2_oci:the_SoC_cpu_nios2_oci|SoC_cpu_jtag_debug_module_wrapper:the_SoC_cpu_jtag_debug_module_wrapper|SoC_cpu_jtag_debug_module_tck:the_SoC_cpu_jtag_debug_module_tck|sr[28]                                                       ; altera_reserved_tck ; altera_reserved_tck ; 0.000        ; 0.041      ; 0.377      ;
; 0.257 ; SoC:inst|SoC_cpu:cpu|SoC_cpu_nios2_oci:the_SoC_cpu_nios2_oci|SoC_cpu_jtag_debug_module_wrapper:the_SoC_cpu_jtag_debug_module_wrapper|SoC_cpu_jtag_debug_module_tck:the_SoC_cpu_jtag_debug_module_tck|DRsize.100                                                  ; SoC:inst|SoC_cpu:cpu|SoC_cpu_nios2_oci:the_SoC_cpu_nios2_oci|SoC_cpu_jtag_debug_module_wrapper:the_SoC_cpu_jtag_debug_module_wrapper|SoC_cpu_jtag_debug_module_tck:the_SoC_cpu_jtag_debug_module_tck|sr[35]                                                       ; altera_reserved_tck ; altera_reserved_tck ; 0.000        ; 0.042      ; 0.383      ;
; 0.258 ; SoC:inst|SoC_cpu:cpu|SoC_cpu_nios2_oci:the_SoC_cpu_nios2_oci|SoC_cpu_jtag_debug_module_wrapper:the_SoC_cpu_jtag_debug_module_wrapper|SoC_cpu_jtag_debug_module_tck:the_SoC_cpu_jtag_debug_module_tck|sr[4]                                                       ; SoC:inst|SoC_cpu:cpu|SoC_cpu_nios2_oci:the_SoC_cpu_nios2_oci|SoC_cpu_jtag_debug_module_wrapper:the_SoC_cpu_jtag_debug_module_wrapper|SoC_cpu_jtag_debug_module_tck:the_SoC_cpu_jtag_debug_module_tck|sr[3]                                                        ; altera_reserved_tck ; altera_reserved_tck ; 0.000        ; 0.041      ; 0.383      ;
; 0.260 ; SoC:inst|SoC_cpu:cpu|SoC_cpu_nios2_oci:the_SoC_cpu_nios2_oci|SoC_cpu_jtag_debug_module_wrapper:the_SoC_cpu_jtag_debug_module_wrapper|SoC_cpu_jtag_debug_module_tck:the_SoC_cpu_jtag_debug_module_tck|sr[13]                                                      ; SoC:inst|SoC_cpu:cpu|SoC_cpu_nios2_oci:the_SoC_cpu_nios2_oci|SoC_cpu_jtag_debug_module_wrapper:the_SoC_cpu_jtag_debug_module_wrapper|SoC_cpu_jtag_debug_module_tck:the_SoC_cpu_jtag_debug_module_tck|sr[12]                                                       ; altera_reserved_tck ; altera_reserved_tck ; 0.000        ; 0.041      ; 0.385      ;
; 0.261 ; SoC:inst|SoC_cpu:cpu|SoC_cpu_nios2_oci:the_SoC_cpu_nios2_oci|SoC_cpu_jtag_debug_module_wrapper:the_SoC_cpu_jtag_debug_module_wrapper|SoC_cpu_jtag_debug_module_tck:the_SoC_cpu_jtag_debug_module_tck|sr[23]                                                      ; SoC:inst|SoC_cpu:cpu|SoC_cpu_nios2_oci:the_SoC_cpu_nios2_oci|SoC_cpu_jtag_debug_module_wrapper:the_SoC_cpu_jtag_debug_module_wrapper|SoC_cpu_jtag_debug_module_tck:the_SoC_cpu_jtag_debug_module_tck|sr[22]                                                       ; altera_reserved_tck ; altera_reserved_tck ; 0.000        ; 0.041      ; 0.386      ;
+-------+------------------------------------------------------------------------------------------------------------------------------------------------------------------------------------------------------------------------------------------------------------------+-------------------------------------------------------------------------------------------------------------------------------------------------------------------------------------------------------------------------------------------------------------------+---------------------+---------------------+--------------+------------+------------+


+-----------------------------------------------------------------------------------------------------------------------------------------------------------------------------------------------------------------------------------------------------------------------------------------------------+
; Fast 1200mV 0C Model Recovery: 'altera_reserved_tck'                                                                                                                                                                                                                                                ;
+--------+--------------------------------------------------------------------------------------------------+----------------------------------------------------------------------------------------------------+---------------------+---------------------+--------------+------------+------------+
; Slack  ; From Node                                                                                        ; To Node                                                                                            ; Launch Clock        ; Latch Clock         ; Relationship ; Clock Skew ; Data Delay ;
+--------+--------------------------------------------------------------------------------------------------+----------------------------------------------------------------------------------------------------+---------------------+---------------------+--------------+------------+------------+
; 49.022 ; sld_hub:auto_hub|sld_jtag_hub:\jtag_hub_gen:sld_jtag_hub_inst|clr_reg                            ; SoC:inst|SoC_jtag_uart:jtag_uart|alt_jtag_atlantic:SoC_jtag_uart_alt_jtag_atlantic|jupdate         ; altera_reserved_tck ; altera_reserved_tck ; 50.000       ; 0.269      ; 1.254      ;
; 49.022 ; sld_hub:auto_hub|sld_jtag_hub:\jtag_hub_gen:sld_jtag_hub_inst|clr_reg                            ; SoC:inst|SoC_jtag_uart:jtag_uart|alt_jtag_atlantic:SoC_jtag_uart_alt_jtag_atlantic|tdo~reg0        ; altera_reserved_tck ; altera_reserved_tck ; 50.000       ; 0.269      ; 1.254      ;
; 49.315 ; sld_hub:auto_hub|sld_jtag_hub:\jtag_hub_gen:sld_jtag_hub_inst|sld_shadow_jsm:shadow_jsm|state[8] ; sld_hub:auto_hub|sld_jtag_hub:\jtag_hub_gen:sld_jtag_hub_inst|tdo                                  ; altera_reserved_tck ; altera_reserved_tck ; 50.000       ; 0.281      ; 0.973      ;
; 98.685 ; sld_hub:auto_hub|sld_jtag_hub:\jtag_hub_gen:sld_jtag_hub_inst|clr_reg                            ; sld_hub:auto_hub|sld_jtag_hub:\jtag_hub_gen:sld_jtag_hub_inst|shadow_irf_reg[2][4]                 ; altera_reserved_tck ; altera_reserved_tck ; 100.000      ; -0.039     ; 1.283      ;
; 98.685 ; sld_hub:auto_hub|sld_jtag_hub:\jtag_hub_gen:sld_jtag_hub_inst|clr_reg                            ; sld_hub:auto_hub|sld_jtag_hub:\jtag_hub_gen:sld_jtag_hub_inst|irf_reg[2][4]                        ; altera_reserved_tck ; altera_reserved_tck ; 100.000      ; -0.039     ; 1.283      ;
; 98.685 ; sld_hub:auto_hub|sld_jtag_hub:\jtag_hub_gen:sld_jtag_hub_inst|clr_reg                            ; sld_hub:auto_hub|sld_jtag_hub:\jtag_hub_gen:sld_jtag_hub_inst|shadow_irf_reg[2][3]                 ; altera_reserved_tck ; altera_reserved_tck ; 100.000      ; -0.039     ; 1.283      ;
; 98.685 ; sld_hub:auto_hub|sld_jtag_hub:\jtag_hub_gen:sld_jtag_hub_inst|clr_reg                            ; sld_hub:auto_hub|sld_jtag_hub:\jtag_hub_gen:sld_jtag_hub_inst|irf_reg[2][3]                        ; altera_reserved_tck ; altera_reserved_tck ; 100.000      ; -0.039     ; 1.283      ;
; 98.685 ; sld_hub:auto_hub|sld_jtag_hub:\jtag_hub_gen:sld_jtag_hub_inst|clr_reg                            ; sld_hub:auto_hub|sld_jtag_hub:\jtag_hub_gen:sld_jtag_hub_inst|shadow_irf_reg[2][2]                 ; altera_reserved_tck ; altera_reserved_tck ; 100.000      ; -0.039     ; 1.283      ;
; 98.685 ; sld_hub:auto_hub|sld_jtag_hub:\jtag_hub_gen:sld_jtag_hub_inst|clr_reg                            ; sld_hub:auto_hub|sld_jtag_hub:\jtag_hub_gen:sld_jtag_hub_inst|irf_reg[2][2]                        ; altera_reserved_tck ; altera_reserved_tck ; 100.000      ; -0.039     ; 1.283      ;
; 98.685 ; sld_hub:auto_hub|sld_jtag_hub:\jtag_hub_gen:sld_jtag_hub_inst|clr_reg                            ; sld_hub:auto_hub|sld_jtag_hub:\jtag_hub_gen:sld_jtag_hub_inst|shadow_irf_reg[2][1]                 ; altera_reserved_tck ; altera_reserved_tck ; 100.000      ; -0.039     ; 1.283      ;
; 98.685 ; sld_hub:auto_hub|sld_jtag_hub:\jtag_hub_gen:sld_jtag_hub_inst|clr_reg                            ; sld_hub:auto_hub|sld_jtag_hub:\jtag_hub_gen:sld_jtag_hub_inst|irf_reg[2][1]                        ; altera_reserved_tck ; altera_reserved_tck ; 100.000      ; -0.039     ; 1.283      ;
; 98.685 ; sld_hub:auto_hub|sld_jtag_hub:\jtag_hub_gen:sld_jtag_hub_inst|clr_reg                            ; sld_hub:auto_hub|sld_jtag_hub:\jtag_hub_gen:sld_jtag_hub_inst|shadow_irf_reg[2][0]                 ; altera_reserved_tck ; altera_reserved_tck ; 100.000      ; -0.039     ; 1.283      ;
; 98.685 ; sld_hub:auto_hub|sld_jtag_hub:\jtag_hub_gen:sld_jtag_hub_inst|clr_reg                            ; sld_hub:auto_hub|sld_jtag_hub:\jtag_hub_gen:sld_jtag_hub_inst|irf_reg[2][0]                        ; altera_reserved_tck ; altera_reserved_tck ; 100.000      ; -0.039     ; 1.283      ;
; 98.690 ; sld_hub:auto_hub|sld_jtag_hub:\jtag_hub_gen:sld_jtag_hub_inst|clr_reg                            ; SoC:inst|SoC_jtag_uart:jtag_uart|alt_jtag_atlantic:SoC_jtag_uart_alt_jtag_atlantic|tck_t_dav       ; altera_reserved_tck ; altera_reserved_tck ; 100.000      ; -0.044     ; 1.273      ;
; 98.703 ; sld_hub:auto_hub|sld_jtag_hub:\jtag_hub_gen:sld_jtag_hub_inst|clr_reg                            ; sld_hub:auto_hub|sld_jtag_hub:\jtag_hub_gen:sld_jtag_hub_inst|irsr_reg[1]                          ; altera_reserved_tck ; altera_reserved_tck ; 100.000      ; -0.035     ; 1.269      ;
; 98.703 ; sld_hub:auto_hub|sld_jtag_hub:\jtag_hub_gen:sld_jtag_hub_inst|clr_reg                            ; sld_hub:auto_hub|sld_jtag_hub:\jtag_hub_gen:sld_jtag_hub_inst|irsr_reg[2]                          ; altera_reserved_tck ; altera_reserved_tck ; 100.000      ; -0.035     ; 1.269      ;
; 98.703 ; sld_hub:auto_hub|sld_jtag_hub:\jtag_hub_gen:sld_jtag_hub_inst|clr_reg                            ; sld_hub:auto_hub|sld_jtag_hub:\jtag_hub_gen:sld_jtag_hub_inst|irsr_reg[3]                          ; altera_reserved_tck ; altera_reserved_tck ; 100.000      ; -0.035     ; 1.269      ;
; 98.703 ; sld_hub:auto_hub|sld_jtag_hub:\jtag_hub_gen:sld_jtag_hub_inst|clr_reg                            ; sld_hub:auto_hub|sld_jtag_hub:\jtag_hub_gen:sld_jtag_hub_inst|irsr_reg[4]                          ; altera_reserved_tck ; altera_reserved_tck ; 100.000      ; -0.035     ; 1.269      ;
; 98.703 ; sld_hub:auto_hub|sld_jtag_hub:\jtag_hub_gen:sld_jtag_hub_inst|clr_reg                            ; sld_hub:auto_hub|sld_jtag_hub:\jtag_hub_gen:sld_jtag_hub_inst|irsr_reg[0]                          ; altera_reserved_tck ; altera_reserved_tck ; 100.000      ; -0.035     ; 1.269      ;
; 98.703 ; sld_hub:auto_hub|sld_jtag_hub:\jtag_hub_gen:sld_jtag_hub_inst|clr_reg                            ; sld_hub:auto_hub|sld_jtag_hub:\jtag_hub_gen:sld_jtag_hub_inst|irsr_reg[6]                          ; altera_reserved_tck ; altera_reserved_tck ; 100.000      ; -0.035     ; 1.269      ;
; 98.703 ; sld_hub:auto_hub|sld_jtag_hub:\jtag_hub_gen:sld_jtag_hub_inst|clr_reg                            ; sld_hub:auto_hub|sld_jtag_hub:\jtag_hub_gen:sld_jtag_hub_inst|irsr_reg[5]                          ; altera_reserved_tck ; altera_reserved_tck ; 100.000      ; -0.035     ; 1.269      ;
; 98.703 ; sld_hub:auto_hub|sld_jtag_hub:\jtag_hub_gen:sld_jtag_hub_inst|clr_reg                            ; sld_hub:auto_hub|sld_jtag_hub:\jtag_hub_gen:sld_jtag_hub_inst|hub_mode_reg[0]                      ; altera_reserved_tck ; altera_reserved_tck ; 100.000      ; -0.035     ; 1.269      ;
; 98.706 ; sld_hub:auto_hub|sld_jtag_hub:\jtag_hub_gen:sld_jtag_hub_inst|clr_reg                            ; SoC:inst|SoC_jtag_uart:jtag_uart|alt_jtag_atlantic:SoC_jtag_uart_alt_jtag_atlantic|state           ; altera_reserved_tck ; altera_reserved_tck ; 100.000      ; -0.044     ; 1.257      ;
; 98.706 ; sld_hub:auto_hub|sld_jtag_hub:\jtag_hub_gen:sld_jtag_hub_inst|clr_reg                            ; SoC:inst|SoC_jtag_uart:jtag_uart|alt_jtag_atlantic:SoC_jtag_uart_alt_jtag_atlantic|count[8]        ; altera_reserved_tck ; altera_reserved_tck ; 100.000      ; -0.044     ; 1.257      ;
; 98.706 ; sld_hub:auto_hub|sld_jtag_hub:\jtag_hub_gen:sld_jtag_hub_inst|clr_reg                            ; SoC:inst|SoC_jtag_uart:jtag_uart|alt_jtag_atlantic:SoC_jtag_uart_alt_jtag_atlantic|count[7]        ; altera_reserved_tck ; altera_reserved_tck ; 100.000      ; -0.044     ; 1.257      ;
; 98.706 ; sld_hub:auto_hub|sld_jtag_hub:\jtag_hub_gen:sld_jtag_hub_inst|clr_reg                            ; SoC:inst|SoC_jtag_uart:jtag_uart|alt_jtag_atlantic:SoC_jtag_uart_alt_jtag_atlantic|count[6]        ; altera_reserved_tck ; altera_reserved_tck ; 100.000      ; -0.044     ; 1.257      ;
; 98.706 ; sld_hub:auto_hub|sld_jtag_hub:\jtag_hub_gen:sld_jtag_hub_inst|clr_reg                            ; SoC:inst|SoC_jtag_uart:jtag_uart|alt_jtag_atlantic:SoC_jtag_uart_alt_jtag_atlantic|count[5]        ; altera_reserved_tck ; altera_reserved_tck ; 100.000      ; -0.044     ; 1.257      ;
; 98.706 ; sld_hub:auto_hub|sld_jtag_hub:\jtag_hub_gen:sld_jtag_hub_inst|clr_reg                            ; SoC:inst|SoC_jtag_uart:jtag_uart|alt_jtag_atlantic:SoC_jtag_uart_alt_jtag_atlantic|count[4]        ; altera_reserved_tck ; altera_reserved_tck ; 100.000      ; -0.044     ; 1.257      ;
; 98.706 ; sld_hub:auto_hub|sld_jtag_hub:\jtag_hub_gen:sld_jtag_hub_inst|clr_reg                            ; SoC:inst|SoC_jtag_uart:jtag_uart|alt_jtag_atlantic:SoC_jtag_uart_alt_jtag_atlantic|count[3]        ; altera_reserved_tck ; altera_reserved_tck ; 100.000      ; -0.044     ; 1.257      ;
; 98.706 ; sld_hub:auto_hub|sld_jtag_hub:\jtag_hub_gen:sld_jtag_hub_inst|clr_reg                            ; SoC:inst|SoC_jtag_uart:jtag_uart|alt_jtag_atlantic:SoC_jtag_uart_alt_jtag_atlantic|count[2]        ; altera_reserved_tck ; altera_reserved_tck ; 100.000      ; -0.044     ; 1.257      ;
; 98.706 ; sld_hub:auto_hub|sld_jtag_hub:\jtag_hub_gen:sld_jtag_hub_inst|clr_reg                            ; SoC:inst|SoC_jtag_uart:jtag_uart|alt_jtag_atlantic:SoC_jtag_uart_alt_jtag_atlantic|count[1]        ; altera_reserved_tck ; altera_reserved_tck ; 100.000      ; -0.044     ; 1.257      ;
; 98.706 ; sld_hub:auto_hub|sld_jtag_hub:\jtag_hub_gen:sld_jtag_hub_inst|clr_reg                            ; SoC:inst|SoC_jtag_uart:jtag_uart|alt_jtag_atlantic:SoC_jtag_uart_alt_jtag_atlantic|count[0]        ; altera_reserved_tck ; altera_reserved_tck ; 100.000      ; -0.044     ; 1.257      ;
; 98.706 ; sld_hub:auto_hub|sld_jtag_hub:\jtag_hub_gen:sld_jtag_hub_inst|clr_reg                            ; SoC:inst|SoC_jtag_uart:jtag_uart|alt_jtag_atlantic:SoC_jtag_uart_alt_jtag_atlantic|count[9]        ; altera_reserved_tck ; altera_reserved_tck ; 100.000      ; -0.044     ; 1.257      ;
; 98.706 ; sld_hub:auto_hub|sld_jtag_hub:\jtag_hub_gen:sld_jtag_hub_inst|clr_reg                            ; SoC:inst|SoC_jtag_uart:jtag_uart|alt_jtag_atlantic:SoC_jtag_uart_alt_jtag_atlantic|td_shift[10]    ; altera_reserved_tck ; altera_reserved_tck ; 100.000      ; -0.044     ; 1.257      ;
; 98.706 ; sld_hub:auto_hub|sld_jtag_hub:\jtag_hub_gen:sld_jtag_hub_inst|clr_reg                            ; SoC:inst|SoC_jtag_uart:jtag_uart|alt_jtag_atlantic:SoC_jtag_uart_alt_jtag_atlantic|td_shift[9]     ; altera_reserved_tck ; altera_reserved_tck ; 100.000      ; -0.044     ; 1.257      ;
; 98.706 ; sld_hub:auto_hub|sld_jtag_hub:\jtag_hub_gen:sld_jtag_hub_inst|clr_reg                            ; SoC:inst|SoC_jtag_uart:jtag_uart|alt_jtag_atlantic:SoC_jtag_uart_alt_jtag_atlantic|td_shift[0]     ; altera_reserved_tck ; altera_reserved_tck ; 100.000      ; -0.044     ; 1.257      ;
; 98.706 ; sld_hub:auto_hub|sld_jtag_hub:\jtag_hub_gen:sld_jtag_hub_inst|clr_reg                            ; SoC:inst|SoC_jtag_uart:jtag_uart|alt_jtag_atlantic:SoC_jtag_uart_alt_jtag_atlantic|td_shift[8]     ; altera_reserved_tck ; altera_reserved_tck ; 100.000      ; -0.044     ; 1.257      ;
; 98.706 ; sld_hub:auto_hub|sld_jtag_hub:\jtag_hub_gen:sld_jtag_hub_inst|clr_reg                            ; SoC:inst|SoC_jtag_uart:jtag_uart|alt_jtag_atlantic:SoC_jtag_uart_alt_jtag_atlantic|user_saw_rvalid ; altera_reserved_tck ; altera_reserved_tck ; 100.000      ; -0.044     ; 1.257      ;
; 98.712 ; sld_hub:auto_hub|sld_jtag_hub:\jtag_hub_gen:sld_jtag_hub_inst|clr_reg                            ; SoC:inst|SoC_jtag_uart:jtag_uart|alt_jtag_atlantic:SoC_jtag_uart_alt_jtag_atlantic|td_shift[1]     ; altera_reserved_tck ; altera_reserved_tck ; 100.000      ; -0.041     ; 1.254      ;
; 98.712 ; sld_hub:auto_hub|sld_jtag_hub:\jtag_hub_gen:sld_jtag_hub_inst|clr_reg                            ; SoC:inst|SoC_jtag_uart:jtag_uart|alt_jtag_atlantic:SoC_jtag_uart_alt_jtag_atlantic|td_shift[2]     ; altera_reserved_tck ; altera_reserved_tck ; 100.000      ; -0.041     ; 1.254      ;
; 98.712 ; sld_hub:auto_hub|sld_jtag_hub:\jtag_hub_gen:sld_jtag_hub_inst|clr_reg                            ; SoC:inst|SoC_jtag_uart:jtag_uart|alt_jtag_atlantic:SoC_jtag_uart_alt_jtag_atlantic|td_shift[3]     ; altera_reserved_tck ; altera_reserved_tck ; 100.000      ; -0.041     ; 1.254      ;
; 98.712 ; sld_hub:auto_hub|sld_jtag_hub:\jtag_hub_gen:sld_jtag_hub_inst|clr_reg                            ; SoC:inst|SoC_jtag_uart:jtag_uart|alt_jtag_atlantic:SoC_jtag_uart_alt_jtag_atlantic|td_shift[4]     ; altera_reserved_tck ; altera_reserved_tck ; 100.000      ; -0.041     ; 1.254      ;
; 98.712 ; sld_hub:auto_hub|sld_jtag_hub:\jtag_hub_gen:sld_jtag_hub_inst|clr_reg                            ; SoC:inst|SoC_jtag_uart:jtag_uart|alt_jtag_atlantic:SoC_jtag_uart_alt_jtag_atlantic|td_shift[5]     ; altera_reserved_tck ; altera_reserved_tck ; 100.000      ; -0.041     ; 1.254      ;
; 98.712 ; sld_hub:auto_hub|sld_jtag_hub:\jtag_hub_gen:sld_jtag_hub_inst|clr_reg                            ; SoC:inst|SoC_jtag_uart:jtag_uart|alt_jtag_atlantic:SoC_jtag_uart_alt_jtag_atlantic|td_shift[6]     ; altera_reserved_tck ; altera_reserved_tck ; 100.000      ; -0.041     ; 1.254      ;
; 98.712 ; sld_hub:auto_hub|sld_jtag_hub:\jtag_hub_gen:sld_jtag_hub_inst|clr_reg                            ; SoC:inst|SoC_jtag_uart:jtag_uart|alt_jtag_atlantic:SoC_jtag_uart_alt_jtag_atlantic|wdata[2]        ; altera_reserved_tck ; altera_reserved_tck ; 100.000      ; -0.041     ; 1.254      ;
; 98.712 ; sld_hub:auto_hub|sld_jtag_hub:\jtag_hub_gen:sld_jtag_hub_inst|clr_reg                            ; SoC:inst|SoC_jtag_uart:jtag_uart|alt_jtag_atlantic:SoC_jtag_uart_alt_jtag_atlantic|wdata[1]        ; altera_reserved_tck ; altera_reserved_tck ; 100.000      ; -0.041     ; 1.254      ;
; 98.723 ; sld_hub:auto_hub|sld_jtag_hub:\jtag_hub_gen:sld_jtag_hub_inst|clr_reg                            ; SoC:inst|SoC_jtag_uart:jtag_uart|alt_jtag_atlantic:SoC_jtag_uart_alt_jtag_atlantic|td_shift[7]     ; altera_reserved_tck ; altera_reserved_tck ; 100.000      ; -0.040     ; 1.244      ;
; 98.723 ; sld_hub:auto_hub|sld_jtag_hub:\jtag_hub_gen:sld_jtag_hub_inst|clr_reg                            ; SoC:inst|SoC_jtag_uart:jtag_uart|alt_jtag_atlantic:SoC_jtag_uart_alt_jtag_atlantic|write           ; altera_reserved_tck ; altera_reserved_tck ; 100.000      ; -0.040     ; 1.244      ;
; 98.723 ; sld_hub:auto_hub|sld_jtag_hub:\jtag_hub_gen:sld_jtag_hub_inst|clr_reg                            ; SoC:inst|SoC_jtag_uart:jtag_uart|alt_jtag_atlantic:SoC_jtag_uart_alt_jtag_atlantic|wdata[7]        ; altera_reserved_tck ; altera_reserved_tck ; 100.000      ; -0.040     ; 1.244      ;
; 98.723 ; sld_hub:auto_hub|sld_jtag_hub:\jtag_hub_gen:sld_jtag_hub_inst|clr_reg                            ; SoC:inst|SoC_jtag_uart:jtag_uart|alt_jtag_atlantic:SoC_jtag_uart_alt_jtag_atlantic|wdata[6]        ; altera_reserved_tck ; altera_reserved_tck ; 100.000      ; -0.040     ; 1.244      ;
; 98.723 ; sld_hub:auto_hub|sld_jtag_hub:\jtag_hub_gen:sld_jtag_hub_inst|clr_reg                            ; SoC:inst|SoC_jtag_uart:jtag_uart|alt_jtag_atlantic:SoC_jtag_uart_alt_jtag_atlantic|wdata[5]        ; altera_reserved_tck ; altera_reserved_tck ; 100.000      ; -0.040     ; 1.244      ;
; 98.723 ; sld_hub:auto_hub|sld_jtag_hub:\jtag_hub_gen:sld_jtag_hub_inst|clr_reg                            ; SoC:inst|SoC_jtag_uart:jtag_uart|alt_jtag_atlantic:SoC_jtag_uart_alt_jtag_atlantic|wdata[4]        ; altera_reserved_tck ; altera_reserved_tck ; 100.000      ; -0.040     ; 1.244      ;
; 98.723 ; sld_hub:auto_hub|sld_jtag_hub:\jtag_hub_gen:sld_jtag_hub_inst|clr_reg                            ; SoC:inst|SoC_jtag_uart:jtag_uart|alt_jtag_atlantic:SoC_jtag_uart_alt_jtag_atlantic|wdata[3]        ; altera_reserved_tck ; altera_reserved_tck ; 100.000      ; -0.040     ; 1.244      ;
; 98.726 ; sld_hub:auto_hub|sld_jtag_hub:\jtag_hub_gen:sld_jtag_hub_inst|clr_reg                            ; SoC:inst|SoC_jtag_uart:jtag_uart|alt_jtag_atlantic:SoC_jtag_uart_alt_jtag_atlantic|write_stalled   ; altera_reserved_tck ; altera_reserved_tck ; 100.000      ; -0.040     ; 1.241      ;
; 98.726 ; sld_hub:auto_hub|sld_jtag_hub:\jtag_hub_gen:sld_jtag_hub_inst|clr_reg                            ; SoC:inst|SoC_jtag_uart:jtag_uart|alt_jtag_atlantic:SoC_jtag_uart_alt_jtag_atlantic|write_valid     ; altera_reserved_tck ; altera_reserved_tck ; 100.000      ; -0.040     ; 1.241      ;
; 98.726 ; sld_hub:auto_hub|sld_jtag_hub:\jtag_hub_gen:sld_jtag_hub_inst|clr_reg                            ; SoC:inst|SoC_jtag_uart:jtag_uart|alt_jtag_atlantic:SoC_jtag_uart_alt_jtag_atlantic|read            ; altera_reserved_tck ; altera_reserved_tck ; 100.000      ; -0.040     ; 1.241      ;
; 98.726 ; sld_hub:auto_hub|sld_jtag_hub:\jtag_hub_gen:sld_jtag_hub_inst|clr_reg                            ; SoC:inst|SoC_jtag_uart:jtag_uart|alt_jtag_atlantic:SoC_jtag_uart_alt_jtag_atlantic|read_req        ; altera_reserved_tck ; altera_reserved_tck ; 100.000      ; -0.040     ; 1.241      ;
; 98.726 ; sld_hub:auto_hub|sld_jtag_hub:\jtag_hub_gen:sld_jtag_hub_inst|clr_reg                            ; SoC:inst|SoC_jtag_uart:jtag_uart|alt_jtag_atlantic:SoC_jtag_uart_alt_jtag_atlantic|wdata[0]        ; altera_reserved_tck ; altera_reserved_tck ; 100.000      ; -0.040     ; 1.241      ;
; 98.779 ; sld_hub:auto_hub|sld_jtag_hub:\jtag_hub_gen:sld_jtag_hub_inst|clr_reg                            ; sld_hub:auto_hub|sld_jtag_hub:\jtag_hub_gen:sld_jtag_hub_inst|hub_mode_reg[1]                      ; altera_reserved_tck ; altera_reserved_tck ; 100.000      ; -0.044     ; 1.184      ;
; 98.779 ; sld_hub:auto_hub|sld_jtag_hub:\jtag_hub_gen:sld_jtag_hub_inst|clr_reg                            ; sld_hub:auto_hub|sld_jtag_hub:\jtag_hub_gen:sld_jtag_hub_inst|node_ena[1]~reg0                     ; altera_reserved_tck ; altera_reserved_tck ; 100.000      ; -0.044     ; 1.184      ;
; 98.779 ; sld_hub:auto_hub|sld_jtag_hub:\jtag_hub_gen:sld_jtag_hub_inst|clr_reg                            ; sld_hub:auto_hub|sld_jtag_hub:\jtag_hub_gen:sld_jtag_hub_inst|node_ena[2]~reg0                     ; altera_reserved_tck ; altera_reserved_tck ; 100.000      ; -0.044     ; 1.184      ;
; 98.866 ; sld_hub:auto_hub|sld_jtag_hub:\jtag_hub_gen:sld_jtag_hub_inst|virtual_ir_scan_reg                ; sld_hub:auto_hub|sld_jtag_hub:\jtag_hub_gen:sld_jtag_hub_inst|hub_mode_reg[2]                      ; altera_reserved_tck ; altera_reserved_tck ; 100.000      ; -0.034     ; 1.107      ;
; 99.069 ; sld_hub:auto_hub|sld_jtag_hub:\jtag_hub_gen:sld_jtag_hub_inst|clr_reg                            ; sld_hub:auto_hub|sld_jtag_hub:\jtag_hub_gen:sld_jtag_hub_inst|shadow_irf_reg[1][4]                 ; altera_reserved_tck ; altera_reserved_tck ; 100.000      ; -0.040     ; 0.898      ;
; 99.069 ; sld_hub:auto_hub|sld_jtag_hub:\jtag_hub_gen:sld_jtag_hub_inst|clr_reg                            ; sld_hub:auto_hub|sld_jtag_hub:\jtag_hub_gen:sld_jtag_hub_inst|irf_reg[1][4]                        ; altera_reserved_tck ; altera_reserved_tck ; 100.000      ; -0.040     ; 0.898      ;
; 99.069 ; sld_hub:auto_hub|sld_jtag_hub:\jtag_hub_gen:sld_jtag_hub_inst|clr_reg                            ; sld_hub:auto_hub|sld_jtag_hub:\jtag_hub_gen:sld_jtag_hub_inst|shadow_irf_reg[1][3]                 ; altera_reserved_tck ; altera_reserved_tck ; 100.000      ; -0.040     ; 0.898      ;
; 99.069 ; sld_hub:auto_hub|sld_jtag_hub:\jtag_hub_gen:sld_jtag_hub_inst|clr_reg                            ; sld_hub:auto_hub|sld_jtag_hub:\jtag_hub_gen:sld_jtag_hub_inst|irf_reg[1][3]                        ; altera_reserved_tck ; altera_reserved_tck ; 100.000      ; -0.040     ; 0.898      ;
; 99.069 ; sld_hub:auto_hub|sld_jtag_hub:\jtag_hub_gen:sld_jtag_hub_inst|clr_reg                            ; sld_hub:auto_hub|sld_jtag_hub:\jtag_hub_gen:sld_jtag_hub_inst|shadow_irf_reg[1][2]                 ; altera_reserved_tck ; altera_reserved_tck ; 100.000      ; -0.040     ; 0.898      ;
; 99.069 ; sld_hub:auto_hub|sld_jtag_hub:\jtag_hub_gen:sld_jtag_hub_inst|clr_reg                            ; sld_hub:auto_hub|sld_jtag_hub:\jtag_hub_gen:sld_jtag_hub_inst|irf_reg[1][2]                        ; altera_reserved_tck ; altera_reserved_tck ; 100.000      ; -0.040     ; 0.898      ;
; 99.069 ; sld_hub:auto_hub|sld_jtag_hub:\jtag_hub_gen:sld_jtag_hub_inst|clr_reg                            ; sld_hub:auto_hub|sld_jtag_hub:\jtag_hub_gen:sld_jtag_hub_inst|shadow_irf_reg[1][0]                 ; altera_reserved_tck ; altera_reserved_tck ; 100.000      ; -0.040     ; 0.898      ;
; 99.069 ; sld_hub:auto_hub|sld_jtag_hub:\jtag_hub_gen:sld_jtag_hub_inst|clr_reg                            ; sld_hub:auto_hub|sld_jtag_hub:\jtag_hub_gen:sld_jtag_hub_inst|shadow_irf_reg[1][1]                 ; altera_reserved_tck ; altera_reserved_tck ; 100.000      ; -0.040     ; 0.898      ;
; 99.069 ; sld_hub:auto_hub|sld_jtag_hub:\jtag_hub_gen:sld_jtag_hub_inst|clr_reg                            ; sld_hub:auto_hub|sld_jtag_hub:\jtag_hub_gen:sld_jtag_hub_inst|irf_reg[1][0]                        ; altera_reserved_tck ; altera_reserved_tck ; 100.000      ; -0.040     ; 0.898      ;
; 99.069 ; sld_hub:auto_hub|sld_jtag_hub:\jtag_hub_gen:sld_jtag_hub_inst|clr_reg                            ; sld_hub:auto_hub|sld_jtag_hub:\jtag_hub_gen:sld_jtag_hub_inst|irf_reg[1][1]                        ; altera_reserved_tck ; altera_reserved_tck ; 100.000      ; -0.040     ; 0.898      ;
; 99.154 ; sld_hub:auto_hub|sld_jtag_hub:\jtag_hub_gen:sld_jtag_hub_inst|sld_shadow_jsm:shadow_jsm|state[0] ; sld_hub:auto_hub|sld_jtag_hub:\jtag_hub_gen:sld_jtag_hub_inst|jtag_ir_reg[0]                       ; altera_reserved_tck ; altera_reserved_tck ; 100.000      ; -0.042     ; 0.811      ;
; 99.154 ; sld_hub:auto_hub|sld_jtag_hub:\jtag_hub_gen:sld_jtag_hub_inst|sld_shadow_jsm:shadow_jsm|state[0] ; sld_hub:auto_hub|sld_jtag_hub:\jtag_hub_gen:sld_jtag_hub_inst|jtag_ir_reg[1]                       ; altera_reserved_tck ; altera_reserved_tck ; 100.000      ; -0.042     ; 0.811      ;
; 99.154 ; sld_hub:auto_hub|sld_jtag_hub:\jtag_hub_gen:sld_jtag_hub_inst|sld_shadow_jsm:shadow_jsm|state[0] ; sld_hub:auto_hub|sld_jtag_hub:\jtag_hub_gen:sld_jtag_hub_inst|jtag_ir_reg[2]                       ; altera_reserved_tck ; altera_reserved_tck ; 100.000      ; -0.042     ; 0.811      ;
; 99.154 ; sld_hub:auto_hub|sld_jtag_hub:\jtag_hub_gen:sld_jtag_hub_inst|sld_shadow_jsm:shadow_jsm|state[0] ; sld_hub:auto_hub|sld_jtag_hub:\jtag_hub_gen:sld_jtag_hub_inst|jtag_ir_reg[3]                       ; altera_reserved_tck ; altera_reserved_tck ; 100.000      ; -0.042     ; 0.811      ;
; 99.154 ; sld_hub:auto_hub|sld_jtag_hub:\jtag_hub_gen:sld_jtag_hub_inst|sld_shadow_jsm:shadow_jsm|state[0] ; sld_hub:auto_hub|sld_jtag_hub:\jtag_hub_gen:sld_jtag_hub_inst|jtag_ir_reg[4]                       ; altera_reserved_tck ; altera_reserved_tck ; 100.000      ; -0.042     ; 0.811      ;
; 99.154 ; sld_hub:auto_hub|sld_jtag_hub:\jtag_hub_gen:sld_jtag_hub_inst|sld_shadow_jsm:shadow_jsm|state[0] ; sld_hub:auto_hub|sld_jtag_hub:\jtag_hub_gen:sld_jtag_hub_inst|jtag_ir_reg[5]                       ; altera_reserved_tck ; altera_reserved_tck ; 100.000      ; -0.042     ; 0.811      ;
; 99.154 ; sld_hub:auto_hub|sld_jtag_hub:\jtag_hub_gen:sld_jtag_hub_inst|sld_shadow_jsm:shadow_jsm|state[0] ; sld_hub:auto_hub|sld_jtag_hub:\jtag_hub_gen:sld_jtag_hub_inst|jtag_ir_reg[6]                       ; altera_reserved_tck ; altera_reserved_tck ; 100.000      ; -0.042     ; 0.811      ;
; 99.154 ; sld_hub:auto_hub|sld_jtag_hub:\jtag_hub_gen:sld_jtag_hub_inst|sld_shadow_jsm:shadow_jsm|state[0] ; sld_hub:auto_hub|sld_jtag_hub:\jtag_hub_gen:sld_jtag_hub_inst|jtag_ir_reg[7]                       ; altera_reserved_tck ; altera_reserved_tck ; 100.000      ; -0.042     ; 0.811      ;
; 99.154 ; sld_hub:auto_hub|sld_jtag_hub:\jtag_hub_gen:sld_jtag_hub_inst|sld_shadow_jsm:shadow_jsm|state[0] ; sld_hub:auto_hub|sld_jtag_hub:\jtag_hub_gen:sld_jtag_hub_inst|jtag_ir_reg[8]                       ; altera_reserved_tck ; altera_reserved_tck ; 100.000      ; -0.042     ; 0.811      ;
; 99.154 ; sld_hub:auto_hub|sld_jtag_hub:\jtag_hub_gen:sld_jtag_hub_inst|sld_shadow_jsm:shadow_jsm|state[0] ; sld_hub:auto_hub|sld_jtag_hub:\jtag_hub_gen:sld_jtag_hub_inst|jtag_ir_reg[9]                       ; altera_reserved_tck ; altera_reserved_tck ; 100.000      ; -0.042     ; 0.811      ;
; 99.237 ; sld_hub:auto_hub|sld_jtag_hub:\jtag_hub_gen:sld_jtag_hub_inst|sld_shadow_jsm:shadow_jsm|state[0] ; sld_hub:auto_hub|sld_jtag_hub:\jtag_hub_gen:sld_jtag_hub_inst|virtual_ir_scan_reg                  ; altera_reserved_tck ; altera_reserved_tck ; 100.000      ; -0.041     ; 0.729      ;
; 99.237 ; sld_hub:auto_hub|sld_jtag_hub:\jtag_hub_gen:sld_jtag_hub_inst|sld_shadow_jsm:shadow_jsm|state[0] ; sld_hub:auto_hub|sld_jtag_hub:\jtag_hub_gen:sld_jtag_hub_inst|virtual_dr_scan_reg                  ; altera_reserved_tck ; altera_reserved_tck ; 100.000      ; -0.041     ; 0.729      ;
+--------+--------------------------------------------------------------------------------------------------+----------------------------------------------------------------------------------------------------+---------------------+---------------------+--------------+------------+------------+


+-----------------------------------------------------------------------------------------------------------------------------------------------------------------------------------------------------------------------------------------------------------------------------------------------------+
; Fast 1200mV 0C Model Removal: 'altera_reserved_tck'                                                                                                                                                                                                                                                 ;
+--------+--------------------------------------------------------------------------------------------------+----------------------------------------------------------------------------------------------------+---------------------+---------------------+--------------+------------+------------+
; Slack  ; From Node                                                                                        ; To Node                                                                                            ; Launch Clock        ; Latch Clock         ; Relationship ; Clock Skew ; Data Delay ;
+--------+--------------------------------------------------------------------------------------------------+----------------------------------------------------------------------------------------------------+---------------------+---------------------+--------------+------------+------------+
; 0.498  ; sld_hub:auto_hub|sld_jtag_hub:\jtag_hub_gen:sld_jtag_hub_inst|sld_shadow_jsm:shadow_jsm|state[0] ; sld_hub:auto_hub|sld_jtag_hub:\jtag_hub_gen:sld_jtag_hub_inst|virtual_ir_scan_reg                  ; altera_reserved_tck ; altera_reserved_tck ; 0.000        ; 0.041      ; 0.623      ;
; 0.498  ; sld_hub:auto_hub|sld_jtag_hub:\jtag_hub_gen:sld_jtag_hub_inst|sld_shadow_jsm:shadow_jsm|state[0] ; sld_hub:auto_hub|sld_jtag_hub:\jtag_hub_gen:sld_jtag_hub_inst|virtual_dr_scan_reg                  ; altera_reserved_tck ; altera_reserved_tck ; 0.000        ; 0.041      ; 0.623      ;
; 0.573  ; sld_hub:auto_hub|sld_jtag_hub:\jtag_hub_gen:sld_jtag_hub_inst|sld_shadow_jsm:shadow_jsm|state[0] ; sld_hub:auto_hub|sld_jtag_hub:\jtag_hub_gen:sld_jtag_hub_inst|jtag_ir_reg[0]                       ; altera_reserved_tck ; altera_reserved_tck ; 0.000        ; 0.040      ; 0.697      ;
; 0.573  ; sld_hub:auto_hub|sld_jtag_hub:\jtag_hub_gen:sld_jtag_hub_inst|sld_shadow_jsm:shadow_jsm|state[0] ; sld_hub:auto_hub|sld_jtag_hub:\jtag_hub_gen:sld_jtag_hub_inst|jtag_ir_reg[1]                       ; altera_reserved_tck ; altera_reserved_tck ; 0.000        ; 0.040      ; 0.697      ;
; 0.573  ; sld_hub:auto_hub|sld_jtag_hub:\jtag_hub_gen:sld_jtag_hub_inst|sld_shadow_jsm:shadow_jsm|state[0] ; sld_hub:auto_hub|sld_jtag_hub:\jtag_hub_gen:sld_jtag_hub_inst|jtag_ir_reg[2]                       ; altera_reserved_tck ; altera_reserved_tck ; 0.000        ; 0.040      ; 0.697      ;
; 0.573  ; sld_hub:auto_hub|sld_jtag_hub:\jtag_hub_gen:sld_jtag_hub_inst|sld_shadow_jsm:shadow_jsm|state[0] ; sld_hub:auto_hub|sld_jtag_hub:\jtag_hub_gen:sld_jtag_hub_inst|jtag_ir_reg[3]                       ; altera_reserved_tck ; altera_reserved_tck ; 0.000        ; 0.040      ; 0.697      ;
; 0.573  ; sld_hub:auto_hub|sld_jtag_hub:\jtag_hub_gen:sld_jtag_hub_inst|sld_shadow_jsm:shadow_jsm|state[0] ; sld_hub:auto_hub|sld_jtag_hub:\jtag_hub_gen:sld_jtag_hub_inst|jtag_ir_reg[4]                       ; altera_reserved_tck ; altera_reserved_tck ; 0.000        ; 0.040      ; 0.697      ;
; 0.573  ; sld_hub:auto_hub|sld_jtag_hub:\jtag_hub_gen:sld_jtag_hub_inst|sld_shadow_jsm:shadow_jsm|state[0] ; sld_hub:auto_hub|sld_jtag_hub:\jtag_hub_gen:sld_jtag_hub_inst|jtag_ir_reg[5]                       ; altera_reserved_tck ; altera_reserved_tck ; 0.000        ; 0.040      ; 0.697      ;
; 0.573  ; sld_hub:auto_hub|sld_jtag_hub:\jtag_hub_gen:sld_jtag_hub_inst|sld_shadow_jsm:shadow_jsm|state[0] ; sld_hub:auto_hub|sld_jtag_hub:\jtag_hub_gen:sld_jtag_hub_inst|jtag_ir_reg[6]                       ; altera_reserved_tck ; altera_reserved_tck ; 0.000        ; 0.040      ; 0.697      ;
; 0.573  ; sld_hub:auto_hub|sld_jtag_hub:\jtag_hub_gen:sld_jtag_hub_inst|sld_shadow_jsm:shadow_jsm|state[0] ; sld_hub:auto_hub|sld_jtag_hub:\jtag_hub_gen:sld_jtag_hub_inst|jtag_ir_reg[7]                       ; altera_reserved_tck ; altera_reserved_tck ; 0.000        ; 0.040      ; 0.697      ;
; 0.573  ; sld_hub:auto_hub|sld_jtag_hub:\jtag_hub_gen:sld_jtag_hub_inst|sld_shadow_jsm:shadow_jsm|state[0] ; sld_hub:auto_hub|sld_jtag_hub:\jtag_hub_gen:sld_jtag_hub_inst|jtag_ir_reg[8]                       ; altera_reserved_tck ; altera_reserved_tck ; 0.000        ; 0.040      ; 0.697      ;
; 0.573  ; sld_hub:auto_hub|sld_jtag_hub:\jtag_hub_gen:sld_jtag_hub_inst|sld_shadow_jsm:shadow_jsm|state[0] ; sld_hub:auto_hub|sld_jtag_hub:\jtag_hub_gen:sld_jtag_hub_inst|jtag_ir_reg[9]                       ; altera_reserved_tck ; altera_reserved_tck ; 0.000        ; 0.040      ; 0.697      ;
; 0.660  ; sld_hub:auto_hub|sld_jtag_hub:\jtag_hub_gen:sld_jtag_hub_inst|clr_reg                            ; sld_hub:auto_hub|sld_jtag_hub:\jtag_hub_gen:sld_jtag_hub_inst|shadow_irf_reg[1][4]                 ; altera_reserved_tck ; altera_reserved_tck ; 0.000        ; 0.042      ; 0.786      ;
; 0.660  ; sld_hub:auto_hub|sld_jtag_hub:\jtag_hub_gen:sld_jtag_hub_inst|clr_reg                            ; sld_hub:auto_hub|sld_jtag_hub:\jtag_hub_gen:sld_jtag_hub_inst|irf_reg[1][4]                        ; altera_reserved_tck ; altera_reserved_tck ; 0.000        ; 0.042      ; 0.786      ;
; 0.660  ; sld_hub:auto_hub|sld_jtag_hub:\jtag_hub_gen:sld_jtag_hub_inst|clr_reg                            ; sld_hub:auto_hub|sld_jtag_hub:\jtag_hub_gen:sld_jtag_hub_inst|shadow_irf_reg[1][3]                 ; altera_reserved_tck ; altera_reserved_tck ; 0.000        ; 0.042      ; 0.786      ;
; 0.660  ; sld_hub:auto_hub|sld_jtag_hub:\jtag_hub_gen:sld_jtag_hub_inst|clr_reg                            ; sld_hub:auto_hub|sld_jtag_hub:\jtag_hub_gen:sld_jtag_hub_inst|irf_reg[1][3]                        ; altera_reserved_tck ; altera_reserved_tck ; 0.000        ; 0.042      ; 0.786      ;
; 0.660  ; sld_hub:auto_hub|sld_jtag_hub:\jtag_hub_gen:sld_jtag_hub_inst|clr_reg                            ; sld_hub:auto_hub|sld_jtag_hub:\jtag_hub_gen:sld_jtag_hub_inst|shadow_irf_reg[1][2]                 ; altera_reserved_tck ; altera_reserved_tck ; 0.000        ; 0.042      ; 0.786      ;
; 0.660  ; sld_hub:auto_hub|sld_jtag_hub:\jtag_hub_gen:sld_jtag_hub_inst|clr_reg                            ; sld_hub:auto_hub|sld_jtag_hub:\jtag_hub_gen:sld_jtag_hub_inst|irf_reg[1][2]                        ; altera_reserved_tck ; altera_reserved_tck ; 0.000        ; 0.042      ; 0.786      ;
; 0.660  ; sld_hub:auto_hub|sld_jtag_hub:\jtag_hub_gen:sld_jtag_hub_inst|clr_reg                            ; sld_hub:auto_hub|sld_jtag_hub:\jtag_hub_gen:sld_jtag_hub_inst|shadow_irf_reg[1][0]                 ; altera_reserved_tck ; altera_reserved_tck ; 0.000        ; 0.042      ; 0.786      ;
; 0.660  ; sld_hub:auto_hub|sld_jtag_hub:\jtag_hub_gen:sld_jtag_hub_inst|clr_reg                            ; sld_hub:auto_hub|sld_jtag_hub:\jtag_hub_gen:sld_jtag_hub_inst|shadow_irf_reg[1][1]                 ; altera_reserved_tck ; altera_reserved_tck ; 0.000        ; 0.042      ; 0.786      ;
; 0.660  ; sld_hub:auto_hub|sld_jtag_hub:\jtag_hub_gen:sld_jtag_hub_inst|clr_reg                            ; sld_hub:auto_hub|sld_jtag_hub:\jtag_hub_gen:sld_jtag_hub_inst|irf_reg[1][0]                        ; altera_reserved_tck ; altera_reserved_tck ; 0.000        ; 0.042      ; 0.786      ;
; 0.660  ; sld_hub:auto_hub|sld_jtag_hub:\jtag_hub_gen:sld_jtag_hub_inst|clr_reg                            ; sld_hub:auto_hub|sld_jtag_hub:\jtag_hub_gen:sld_jtag_hub_inst|irf_reg[1][1]                        ; altera_reserved_tck ; altera_reserved_tck ; 0.000        ; 0.042      ; 0.786      ;
; 0.815  ; sld_hub:auto_hub|sld_jtag_hub:\jtag_hub_gen:sld_jtag_hub_inst|virtual_ir_scan_reg                ; sld_hub:auto_hub|sld_jtag_hub:\jtag_hub_gen:sld_jtag_hub_inst|hub_mode_reg[2]                      ; altera_reserved_tck ; altera_reserved_tck ; 0.000        ; 0.048      ; 0.947      ;
; 0.915  ; sld_hub:auto_hub|sld_jtag_hub:\jtag_hub_gen:sld_jtag_hub_inst|clr_reg                            ; sld_hub:auto_hub|sld_jtag_hub:\jtag_hub_gen:sld_jtag_hub_inst|hub_mode_reg[1]                      ; altera_reserved_tck ; altera_reserved_tck ; 0.000        ; 0.037      ; 1.036      ;
; 0.915  ; sld_hub:auto_hub|sld_jtag_hub:\jtag_hub_gen:sld_jtag_hub_inst|clr_reg                            ; sld_hub:auto_hub|sld_jtag_hub:\jtag_hub_gen:sld_jtag_hub_inst|node_ena[1]~reg0                     ; altera_reserved_tck ; altera_reserved_tck ; 0.000        ; 0.037      ; 1.036      ;
; 0.915  ; sld_hub:auto_hub|sld_jtag_hub:\jtag_hub_gen:sld_jtag_hub_inst|clr_reg                            ; sld_hub:auto_hub|sld_jtag_hub:\jtag_hub_gen:sld_jtag_hub_inst|node_ena[2]~reg0                     ; altera_reserved_tck ; altera_reserved_tck ; 0.000        ; 0.037      ; 1.036      ;
; 0.955  ; sld_hub:auto_hub|sld_jtag_hub:\jtag_hub_gen:sld_jtag_hub_inst|clr_reg                            ; SoC:inst|SoC_jtag_uart:jtag_uart|alt_jtag_atlantic:SoC_jtag_uart_alt_jtag_atlantic|write_stalled   ; altera_reserved_tck ; altera_reserved_tck ; 0.000        ; 0.042      ; 1.081      ;
; 0.955  ; sld_hub:auto_hub|sld_jtag_hub:\jtag_hub_gen:sld_jtag_hub_inst|clr_reg                            ; SoC:inst|SoC_jtag_uart:jtag_uart|alt_jtag_atlantic:SoC_jtag_uart_alt_jtag_atlantic|write_valid     ; altera_reserved_tck ; altera_reserved_tck ; 0.000        ; 0.042      ; 1.081      ;
; 0.955  ; sld_hub:auto_hub|sld_jtag_hub:\jtag_hub_gen:sld_jtag_hub_inst|clr_reg                            ; SoC:inst|SoC_jtag_uart:jtag_uart|alt_jtag_atlantic:SoC_jtag_uart_alt_jtag_atlantic|read            ; altera_reserved_tck ; altera_reserved_tck ; 0.000        ; 0.042      ; 1.081      ;
; 0.955  ; sld_hub:auto_hub|sld_jtag_hub:\jtag_hub_gen:sld_jtag_hub_inst|clr_reg                            ; SoC:inst|SoC_jtag_uart:jtag_uart|alt_jtag_atlantic:SoC_jtag_uart_alt_jtag_atlantic|read_req        ; altera_reserved_tck ; altera_reserved_tck ; 0.000        ; 0.042      ; 1.081      ;
; 0.955  ; sld_hub:auto_hub|sld_jtag_hub:\jtag_hub_gen:sld_jtag_hub_inst|clr_reg                            ; SoC:inst|SoC_jtag_uart:jtag_uart|alt_jtag_atlantic:SoC_jtag_uart_alt_jtag_atlantic|wdata[0]        ; altera_reserved_tck ; altera_reserved_tck ; 0.000        ; 0.042      ; 1.081      ;
; 0.958  ; sld_hub:auto_hub|sld_jtag_hub:\jtag_hub_gen:sld_jtag_hub_inst|clr_reg                            ; SoC:inst|SoC_jtag_uart:jtag_uart|alt_jtag_atlantic:SoC_jtag_uart_alt_jtag_atlantic|td_shift[7]     ; altera_reserved_tck ; altera_reserved_tck ; 0.000        ; 0.042      ; 1.084      ;
; 0.958  ; sld_hub:auto_hub|sld_jtag_hub:\jtag_hub_gen:sld_jtag_hub_inst|clr_reg                            ; SoC:inst|SoC_jtag_uart:jtag_uart|alt_jtag_atlantic:SoC_jtag_uart_alt_jtag_atlantic|write           ; altera_reserved_tck ; altera_reserved_tck ; 0.000        ; 0.042      ; 1.084      ;
; 0.958  ; sld_hub:auto_hub|sld_jtag_hub:\jtag_hub_gen:sld_jtag_hub_inst|clr_reg                            ; SoC:inst|SoC_jtag_uart:jtag_uart|alt_jtag_atlantic:SoC_jtag_uart_alt_jtag_atlantic|wdata[7]        ; altera_reserved_tck ; altera_reserved_tck ; 0.000        ; 0.042      ; 1.084      ;
; 0.958  ; sld_hub:auto_hub|sld_jtag_hub:\jtag_hub_gen:sld_jtag_hub_inst|clr_reg                            ; SoC:inst|SoC_jtag_uart:jtag_uart|alt_jtag_atlantic:SoC_jtag_uart_alt_jtag_atlantic|wdata[6]        ; altera_reserved_tck ; altera_reserved_tck ; 0.000        ; 0.042      ; 1.084      ;
; 0.958  ; sld_hub:auto_hub|sld_jtag_hub:\jtag_hub_gen:sld_jtag_hub_inst|clr_reg                            ; SoC:inst|SoC_jtag_uart:jtag_uart|alt_jtag_atlantic:SoC_jtag_uart_alt_jtag_atlantic|wdata[5]        ; altera_reserved_tck ; altera_reserved_tck ; 0.000        ; 0.042      ; 1.084      ;
; 0.958  ; sld_hub:auto_hub|sld_jtag_hub:\jtag_hub_gen:sld_jtag_hub_inst|clr_reg                            ; SoC:inst|SoC_jtag_uart:jtag_uart|alt_jtag_atlantic:SoC_jtag_uart_alt_jtag_atlantic|wdata[4]        ; altera_reserved_tck ; altera_reserved_tck ; 0.000        ; 0.042      ; 1.084      ;
; 0.958  ; sld_hub:auto_hub|sld_jtag_hub:\jtag_hub_gen:sld_jtag_hub_inst|clr_reg                            ; SoC:inst|SoC_jtag_uart:jtag_uart|alt_jtag_atlantic:SoC_jtag_uart_alt_jtag_atlantic|wdata[3]        ; altera_reserved_tck ; altera_reserved_tck ; 0.000        ; 0.042      ; 1.084      ;
; 0.961  ; sld_hub:auto_hub|sld_jtag_hub:\jtag_hub_gen:sld_jtag_hub_inst|clr_reg                            ; SoC:inst|SoC_jtag_uart:jtag_uart|alt_jtag_atlantic:SoC_jtag_uart_alt_jtag_atlantic|td_shift[1]     ; altera_reserved_tck ; altera_reserved_tck ; 0.000        ; 0.041      ; 1.086      ;
; 0.961  ; sld_hub:auto_hub|sld_jtag_hub:\jtag_hub_gen:sld_jtag_hub_inst|clr_reg                            ; SoC:inst|SoC_jtag_uart:jtag_uart|alt_jtag_atlantic:SoC_jtag_uart_alt_jtag_atlantic|td_shift[2]     ; altera_reserved_tck ; altera_reserved_tck ; 0.000        ; 0.041      ; 1.086      ;
; 0.961  ; sld_hub:auto_hub|sld_jtag_hub:\jtag_hub_gen:sld_jtag_hub_inst|clr_reg                            ; SoC:inst|SoC_jtag_uart:jtag_uart|alt_jtag_atlantic:SoC_jtag_uart_alt_jtag_atlantic|td_shift[3]     ; altera_reserved_tck ; altera_reserved_tck ; 0.000        ; 0.041      ; 1.086      ;
; 0.961  ; sld_hub:auto_hub|sld_jtag_hub:\jtag_hub_gen:sld_jtag_hub_inst|clr_reg                            ; SoC:inst|SoC_jtag_uart:jtag_uart|alt_jtag_atlantic:SoC_jtag_uart_alt_jtag_atlantic|td_shift[4]     ; altera_reserved_tck ; altera_reserved_tck ; 0.000        ; 0.041      ; 1.086      ;
; 0.961  ; sld_hub:auto_hub|sld_jtag_hub:\jtag_hub_gen:sld_jtag_hub_inst|clr_reg                            ; SoC:inst|SoC_jtag_uart:jtag_uart|alt_jtag_atlantic:SoC_jtag_uart_alt_jtag_atlantic|td_shift[5]     ; altera_reserved_tck ; altera_reserved_tck ; 0.000        ; 0.041      ; 1.086      ;
; 0.961  ; sld_hub:auto_hub|sld_jtag_hub:\jtag_hub_gen:sld_jtag_hub_inst|clr_reg                            ; SoC:inst|SoC_jtag_uart:jtag_uart|alt_jtag_atlantic:SoC_jtag_uart_alt_jtag_atlantic|td_shift[6]     ; altera_reserved_tck ; altera_reserved_tck ; 0.000        ; 0.041      ; 1.086      ;
; 0.961  ; sld_hub:auto_hub|sld_jtag_hub:\jtag_hub_gen:sld_jtag_hub_inst|clr_reg                            ; SoC:inst|SoC_jtag_uart:jtag_uart|alt_jtag_atlantic:SoC_jtag_uart_alt_jtag_atlantic|wdata[2]        ; altera_reserved_tck ; altera_reserved_tck ; 0.000        ; 0.041      ; 1.086      ;
; 0.961  ; sld_hub:auto_hub|sld_jtag_hub:\jtag_hub_gen:sld_jtag_hub_inst|clr_reg                            ; SoC:inst|SoC_jtag_uart:jtag_uart|alt_jtag_atlantic:SoC_jtag_uart_alt_jtag_atlantic|wdata[1]        ; altera_reserved_tck ; altera_reserved_tck ; 0.000        ; 0.041      ; 1.086      ;
; 0.974  ; sld_hub:auto_hub|sld_jtag_hub:\jtag_hub_gen:sld_jtag_hub_inst|clr_reg                            ; SoC:inst|SoC_jtag_uart:jtag_uart|alt_jtag_atlantic:SoC_jtag_uart_alt_jtag_atlantic|state           ; altera_reserved_tck ; altera_reserved_tck ; 0.000        ; 0.037      ; 1.095      ;
; 0.974  ; sld_hub:auto_hub|sld_jtag_hub:\jtag_hub_gen:sld_jtag_hub_inst|clr_reg                            ; SoC:inst|SoC_jtag_uart:jtag_uart|alt_jtag_atlantic:SoC_jtag_uart_alt_jtag_atlantic|count[8]        ; altera_reserved_tck ; altera_reserved_tck ; 0.000        ; 0.037      ; 1.095      ;
; 0.974  ; sld_hub:auto_hub|sld_jtag_hub:\jtag_hub_gen:sld_jtag_hub_inst|clr_reg                            ; SoC:inst|SoC_jtag_uart:jtag_uart|alt_jtag_atlantic:SoC_jtag_uart_alt_jtag_atlantic|count[7]        ; altera_reserved_tck ; altera_reserved_tck ; 0.000        ; 0.037      ; 1.095      ;
; 0.974  ; sld_hub:auto_hub|sld_jtag_hub:\jtag_hub_gen:sld_jtag_hub_inst|clr_reg                            ; SoC:inst|SoC_jtag_uart:jtag_uart|alt_jtag_atlantic:SoC_jtag_uart_alt_jtag_atlantic|count[6]        ; altera_reserved_tck ; altera_reserved_tck ; 0.000        ; 0.037      ; 1.095      ;
; 0.974  ; sld_hub:auto_hub|sld_jtag_hub:\jtag_hub_gen:sld_jtag_hub_inst|clr_reg                            ; SoC:inst|SoC_jtag_uart:jtag_uart|alt_jtag_atlantic:SoC_jtag_uart_alt_jtag_atlantic|count[5]        ; altera_reserved_tck ; altera_reserved_tck ; 0.000        ; 0.037      ; 1.095      ;
; 0.974  ; sld_hub:auto_hub|sld_jtag_hub:\jtag_hub_gen:sld_jtag_hub_inst|clr_reg                            ; SoC:inst|SoC_jtag_uart:jtag_uart|alt_jtag_atlantic:SoC_jtag_uart_alt_jtag_atlantic|count[4]        ; altera_reserved_tck ; altera_reserved_tck ; 0.000        ; 0.037      ; 1.095      ;
; 0.974  ; sld_hub:auto_hub|sld_jtag_hub:\jtag_hub_gen:sld_jtag_hub_inst|clr_reg                            ; SoC:inst|SoC_jtag_uart:jtag_uart|alt_jtag_atlantic:SoC_jtag_uart_alt_jtag_atlantic|count[3]        ; altera_reserved_tck ; altera_reserved_tck ; 0.000        ; 0.037      ; 1.095      ;
; 0.974  ; sld_hub:auto_hub|sld_jtag_hub:\jtag_hub_gen:sld_jtag_hub_inst|clr_reg                            ; SoC:inst|SoC_jtag_uart:jtag_uart|alt_jtag_atlantic:SoC_jtag_uart_alt_jtag_atlantic|count[2]        ; altera_reserved_tck ; altera_reserved_tck ; 0.000        ; 0.037      ; 1.095      ;
; 0.974  ; sld_hub:auto_hub|sld_jtag_hub:\jtag_hub_gen:sld_jtag_hub_inst|clr_reg                            ; SoC:inst|SoC_jtag_uart:jtag_uart|alt_jtag_atlantic:SoC_jtag_uart_alt_jtag_atlantic|count[1]        ; altera_reserved_tck ; altera_reserved_tck ; 0.000        ; 0.037      ; 1.095      ;
; 0.974  ; sld_hub:auto_hub|sld_jtag_hub:\jtag_hub_gen:sld_jtag_hub_inst|clr_reg                            ; SoC:inst|SoC_jtag_uart:jtag_uart|alt_jtag_atlantic:SoC_jtag_uart_alt_jtag_atlantic|count[0]        ; altera_reserved_tck ; altera_reserved_tck ; 0.000        ; 0.037      ; 1.095      ;
; 0.974  ; sld_hub:auto_hub|sld_jtag_hub:\jtag_hub_gen:sld_jtag_hub_inst|clr_reg                            ; SoC:inst|SoC_jtag_uart:jtag_uart|alt_jtag_atlantic:SoC_jtag_uart_alt_jtag_atlantic|count[9]        ; altera_reserved_tck ; altera_reserved_tck ; 0.000        ; 0.037      ; 1.095      ;
; 0.974  ; sld_hub:auto_hub|sld_jtag_hub:\jtag_hub_gen:sld_jtag_hub_inst|clr_reg                            ; SoC:inst|SoC_jtag_uart:jtag_uart|alt_jtag_atlantic:SoC_jtag_uart_alt_jtag_atlantic|td_shift[10]    ; altera_reserved_tck ; altera_reserved_tck ; 0.000        ; 0.037      ; 1.095      ;
; 0.974  ; sld_hub:auto_hub|sld_jtag_hub:\jtag_hub_gen:sld_jtag_hub_inst|clr_reg                            ; SoC:inst|SoC_jtag_uart:jtag_uart|alt_jtag_atlantic:SoC_jtag_uart_alt_jtag_atlantic|td_shift[9]     ; altera_reserved_tck ; altera_reserved_tck ; 0.000        ; 0.037      ; 1.095      ;
; 0.974  ; sld_hub:auto_hub|sld_jtag_hub:\jtag_hub_gen:sld_jtag_hub_inst|clr_reg                            ; SoC:inst|SoC_jtag_uart:jtag_uart|alt_jtag_atlantic:SoC_jtag_uart_alt_jtag_atlantic|td_shift[0]     ; altera_reserved_tck ; altera_reserved_tck ; 0.000        ; 0.037      ; 1.095      ;
; 0.974  ; sld_hub:auto_hub|sld_jtag_hub:\jtag_hub_gen:sld_jtag_hub_inst|clr_reg                            ; SoC:inst|SoC_jtag_uart:jtag_uart|alt_jtag_atlantic:SoC_jtag_uart_alt_jtag_atlantic|td_shift[8]     ; altera_reserved_tck ; altera_reserved_tck ; 0.000        ; 0.037      ; 1.095      ;
; 0.974  ; sld_hub:auto_hub|sld_jtag_hub:\jtag_hub_gen:sld_jtag_hub_inst|clr_reg                            ; SoC:inst|SoC_jtag_uart:jtag_uart|alt_jtag_atlantic:SoC_jtag_uart_alt_jtag_atlantic|user_saw_rvalid ; altera_reserved_tck ; altera_reserved_tck ; 0.000        ; 0.037      ; 1.095      ;
; 0.976  ; sld_hub:auto_hub|sld_jtag_hub:\jtag_hub_gen:sld_jtag_hub_inst|clr_reg                            ; sld_hub:auto_hub|sld_jtag_hub:\jtag_hub_gen:sld_jtag_hub_inst|irsr_reg[1]                          ; altera_reserved_tck ; altera_reserved_tck ; 0.000        ; 0.047      ; 1.107      ;
; 0.976  ; sld_hub:auto_hub|sld_jtag_hub:\jtag_hub_gen:sld_jtag_hub_inst|clr_reg                            ; sld_hub:auto_hub|sld_jtag_hub:\jtag_hub_gen:sld_jtag_hub_inst|irsr_reg[2]                          ; altera_reserved_tck ; altera_reserved_tck ; 0.000        ; 0.047      ; 1.107      ;
; 0.976  ; sld_hub:auto_hub|sld_jtag_hub:\jtag_hub_gen:sld_jtag_hub_inst|clr_reg                            ; sld_hub:auto_hub|sld_jtag_hub:\jtag_hub_gen:sld_jtag_hub_inst|irsr_reg[3]                          ; altera_reserved_tck ; altera_reserved_tck ; 0.000        ; 0.047      ; 1.107      ;
; 0.976  ; sld_hub:auto_hub|sld_jtag_hub:\jtag_hub_gen:sld_jtag_hub_inst|clr_reg                            ; sld_hub:auto_hub|sld_jtag_hub:\jtag_hub_gen:sld_jtag_hub_inst|irsr_reg[4]                          ; altera_reserved_tck ; altera_reserved_tck ; 0.000        ; 0.047      ; 1.107      ;
; 0.976  ; sld_hub:auto_hub|sld_jtag_hub:\jtag_hub_gen:sld_jtag_hub_inst|clr_reg                            ; sld_hub:auto_hub|sld_jtag_hub:\jtag_hub_gen:sld_jtag_hub_inst|irsr_reg[0]                          ; altera_reserved_tck ; altera_reserved_tck ; 0.000        ; 0.047      ; 1.107      ;
; 0.976  ; sld_hub:auto_hub|sld_jtag_hub:\jtag_hub_gen:sld_jtag_hub_inst|clr_reg                            ; sld_hub:auto_hub|sld_jtag_hub:\jtag_hub_gen:sld_jtag_hub_inst|irsr_reg[6]                          ; altera_reserved_tck ; altera_reserved_tck ; 0.000        ; 0.047      ; 1.107      ;
; 0.976  ; sld_hub:auto_hub|sld_jtag_hub:\jtag_hub_gen:sld_jtag_hub_inst|clr_reg                            ; sld_hub:auto_hub|sld_jtag_hub:\jtag_hub_gen:sld_jtag_hub_inst|irsr_reg[5]                          ; altera_reserved_tck ; altera_reserved_tck ; 0.000        ; 0.047      ; 1.107      ;
; 0.976  ; sld_hub:auto_hub|sld_jtag_hub:\jtag_hub_gen:sld_jtag_hub_inst|clr_reg                            ; sld_hub:auto_hub|sld_jtag_hub:\jtag_hub_gen:sld_jtag_hub_inst|hub_mode_reg[0]                      ; altera_reserved_tck ; altera_reserved_tck ; 0.000        ; 0.047      ; 1.107      ;
; 0.984  ; sld_hub:auto_hub|sld_jtag_hub:\jtag_hub_gen:sld_jtag_hub_inst|clr_reg                            ; sld_hub:auto_hub|sld_jtag_hub:\jtag_hub_gen:sld_jtag_hub_inst|shadow_irf_reg[2][4]                 ; altera_reserved_tck ; altera_reserved_tck ; 0.000        ; 0.043      ; 1.111      ;
; 0.984  ; sld_hub:auto_hub|sld_jtag_hub:\jtag_hub_gen:sld_jtag_hub_inst|clr_reg                            ; sld_hub:auto_hub|sld_jtag_hub:\jtag_hub_gen:sld_jtag_hub_inst|irf_reg[2][4]                        ; altera_reserved_tck ; altera_reserved_tck ; 0.000        ; 0.043      ; 1.111      ;
; 0.984  ; sld_hub:auto_hub|sld_jtag_hub:\jtag_hub_gen:sld_jtag_hub_inst|clr_reg                            ; sld_hub:auto_hub|sld_jtag_hub:\jtag_hub_gen:sld_jtag_hub_inst|shadow_irf_reg[2][3]                 ; altera_reserved_tck ; altera_reserved_tck ; 0.000        ; 0.043      ; 1.111      ;
; 0.984  ; sld_hub:auto_hub|sld_jtag_hub:\jtag_hub_gen:sld_jtag_hub_inst|clr_reg                            ; sld_hub:auto_hub|sld_jtag_hub:\jtag_hub_gen:sld_jtag_hub_inst|irf_reg[2][3]                        ; altera_reserved_tck ; altera_reserved_tck ; 0.000        ; 0.043      ; 1.111      ;
; 0.984  ; sld_hub:auto_hub|sld_jtag_hub:\jtag_hub_gen:sld_jtag_hub_inst|clr_reg                            ; sld_hub:auto_hub|sld_jtag_hub:\jtag_hub_gen:sld_jtag_hub_inst|shadow_irf_reg[2][2]                 ; altera_reserved_tck ; altera_reserved_tck ; 0.000        ; 0.043      ; 1.111      ;
; 0.984  ; sld_hub:auto_hub|sld_jtag_hub:\jtag_hub_gen:sld_jtag_hub_inst|clr_reg                            ; sld_hub:auto_hub|sld_jtag_hub:\jtag_hub_gen:sld_jtag_hub_inst|irf_reg[2][2]                        ; altera_reserved_tck ; altera_reserved_tck ; 0.000        ; 0.043      ; 1.111      ;
; 0.984  ; sld_hub:auto_hub|sld_jtag_hub:\jtag_hub_gen:sld_jtag_hub_inst|clr_reg                            ; sld_hub:auto_hub|sld_jtag_hub:\jtag_hub_gen:sld_jtag_hub_inst|shadow_irf_reg[2][1]                 ; altera_reserved_tck ; altera_reserved_tck ; 0.000        ; 0.043      ; 1.111      ;
; 0.984  ; sld_hub:auto_hub|sld_jtag_hub:\jtag_hub_gen:sld_jtag_hub_inst|clr_reg                            ; sld_hub:auto_hub|sld_jtag_hub:\jtag_hub_gen:sld_jtag_hub_inst|irf_reg[2][1]                        ; altera_reserved_tck ; altera_reserved_tck ; 0.000        ; 0.043      ; 1.111      ;
; 0.984  ; sld_hub:auto_hub|sld_jtag_hub:\jtag_hub_gen:sld_jtag_hub_inst|clr_reg                            ; sld_hub:auto_hub|sld_jtag_hub:\jtag_hub_gen:sld_jtag_hub_inst|shadow_irf_reg[2][0]                 ; altera_reserved_tck ; altera_reserved_tck ; 0.000        ; 0.043      ; 1.111      ;
; 0.984  ; sld_hub:auto_hub|sld_jtag_hub:\jtag_hub_gen:sld_jtag_hub_inst|clr_reg                            ; sld_hub:auto_hub|sld_jtag_hub:\jtag_hub_gen:sld_jtag_hub_inst|irf_reg[2][0]                        ; altera_reserved_tck ; altera_reserved_tck ; 0.000        ; 0.043      ; 1.111      ;
; 0.987  ; sld_hub:auto_hub|sld_jtag_hub:\jtag_hub_gen:sld_jtag_hub_inst|clr_reg                            ; SoC:inst|SoC_jtag_uart:jtag_uart|alt_jtag_atlantic:SoC_jtag_uart_alt_jtag_atlantic|tck_t_dav       ; altera_reserved_tck ; altera_reserved_tck ; 0.000        ; 0.037      ; 1.108      ;
; 50.395 ; sld_hub:auto_hub|sld_jtag_hub:\jtag_hub_gen:sld_jtag_hub_inst|sld_shadow_jsm:shadow_jsm|state[8] ; sld_hub:auto_hub|sld_jtag_hub:\jtag_hub_gen:sld_jtag_hub_inst|tdo                                  ; altera_reserved_tck ; altera_reserved_tck ; -50.000      ; 0.367      ; 0.846      ;
; 50.653 ; sld_hub:auto_hub|sld_jtag_hub:\jtag_hub_gen:sld_jtag_hub_inst|clr_reg                            ; SoC:inst|SoC_jtag_uart:jtag_uart|alt_jtag_atlantic:SoC_jtag_uart_alt_jtag_atlantic|jupdate         ; altera_reserved_tck ; altera_reserved_tck ; -50.000      ; 0.355      ; 1.092      ;
; 50.653 ; sld_hub:auto_hub|sld_jtag_hub:\jtag_hub_gen:sld_jtag_hub_inst|clr_reg                            ; SoC:inst|SoC_jtag_uart:jtag_uart|alt_jtag_atlantic:SoC_jtag_uart_alt_jtag_atlantic|tdo~reg0        ; altera_reserved_tck ; altera_reserved_tck ; -50.000      ; 0.355      ; 1.092      ;
+--------+--------------------------------------------------------------------------------------------------+----------------------------------------------------------------------------------------------------+---------------------+---------------------+--------------+------------+------------+


+------------------------------------------------------------------------------------------------------------------------------------------------------------------------------------------------------------------------------------------------------------------------------------------------------------------------------------------------------------------+
; Fast 1200mV 0C Model Minimum Pulse Width: 'altera_reserved_tck'                                                                                                                                                                                                                                                                                                  ;
+--------+--------------+----------------+------------------+---------------------+------------+-------------------------------------------------------------------------------------------------------------------------------------------------------------------------------------------------------------------------------------------------------------------+
; Slack  ; Actual Width ; Required Width ; Type             ; Clock               ; Clock Edge ; Target                                                                                                                                                                                                                                                            ;
+--------+--------------+----------------+------------------+---------------------+------------+-------------------------------------------------------------------------------------------------------------------------------------------------------------------------------------------------------------------------------------------------------------------+
; 49.473 ; 49.689       ; 0.216          ; High Pulse Width ; altera_reserved_tck ; Fall       ; SoC:inst|SoC_jtag_uart:jtag_uart|alt_jtag_atlantic:SoC_jtag_uart_alt_jtag_atlantic|jupdate                                                                                                                                                                        ;
; 49.473 ; 49.689       ; 0.216          ; High Pulse Width ; altera_reserved_tck ; Fall       ; SoC:inst|SoC_jtag_uart:jtag_uart|alt_jtag_atlantic:SoC_jtag_uart_alt_jtag_atlantic|tdo~reg0                                                                                                                                                                       ;
; 49.474 ; 49.690       ; 0.216          ; High Pulse Width ; altera_reserved_tck ; Fall       ; sld_hub:auto_hub|sld_jtag_hub:\jtag_hub_gen:sld_jtag_hub_inst|tdo                                                                                                                                                                                                 ;
; 49.517 ; 49.701       ; 0.184          ; Low Pulse Width  ; altera_reserved_tck ; Rise       ; SoC:inst|SoC_cpu:cpu|SoC_cpu_nios2_oci:the_SoC_cpu_nios2_oci|SoC_cpu_jtag_debug_module_wrapper:the_SoC_cpu_jtag_debug_module_wrapper|SoC_cpu_jtag_debug_module_tck:the_SoC_cpu_jtag_debug_module_tck|sr[0]                                                        ;
; 49.517 ; 49.701       ; 0.184          ; Low Pulse Width  ; altera_reserved_tck ; Rise       ; SoC:inst|SoC_cpu:cpu|SoC_cpu_nios2_oci:the_SoC_cpu_nios2_oci|SoC_cpu_jtag_debug_module_wrapper:the_SoC_cpu_jtag_debug_module_wrapper|SoC_cpu_jtag_debug_module_tck:the_SoC_cpu_jtag_debug_module_tck|sr[10]                                                       ;
; 49.517 ; 49.701       ; 0.184          ; Low Pulse Width  ; altera_reserved_tck ; Rise       ; SoC:inst|SoC_cpu:cpu|SoC_cpu_nios2_oci:the_SoC_cpu_nios2_oci|SoC_cpu_jtag_debug_module_wrapper:the_SoC_cpu_jtag_debug_module_wrapper|SoC_cpu_jtag_debug_module_tck:the_SoC_cpu_jtag_debug_module_tck|sr[11]                                                       ;
; 49.517 ; 49.701       ; 0.184          ; Low Pulse Width  ; altera_reserved_tck ; Rise       ; SoC:inst|SoC_cpu:cpu|SoC_cpu_nios2_oci:the_SoC_cpu_nios2_oci|SoC_cpu_jtag_debug_module_wrapper:the_SoC_cpu_jtag_debug_module_wrapper|SoC_cpu_jtag_debug_module_tck:the_SoC_cpu_jtag_debug_module_tck|sr[12]                                                       ;
; 49.517 ; 49.701       ; 0.184          ; Low Pulse Width  ; altera_reserved_tck ; Rise       ; SoC:inst|SoC_cpu:cpu|SoC_cpu_nios2_oci:the_SoC_cpu_nios2_oci|SoC_cpu_jtag_debug_module_wrapper:the_SoC_cpu_jtag_debug_module_wrapper|SoC_cpu_jtag_debug_module_tck:the_SoC_cpu_jtag_debug_module_tck|sr[13]                                                       ;
; 49.517 ; 49.701       ; 0.184          ; Low Pulse Width  ; altera_reserved_tck ; Rise       ; SoC:inst|SoC_cpu:cpu|SoC_cpu_nios2_oci:the_SoC_cpu_nios2_oci|SoC_cpu_jtag_debug_module_wrapper:the_SoC_cpu_jtag_debug_module_wrapper|SoC_cpu_jtag_debug_module_tck:the_SoC_cpu_jtag_debug_module_tck|sr[14]                                                       ;
; 49.517 ; 49.701       ; 0.184          ; Low Pulse Width  ; altera_reserved_tck ; Rise       ; SoC:inst|SoC_cpu:cpu|SoC_cpu_nios2_oci:the_SoC_cpu_nios2_oci|SoC_cpu_jtag_debug_module_wrapper:the_SoC_cpu_jtag_debug_module_wrapper|SoC_cpu_jtag_debug_module_tck:the_SoC_cpu_jtag_debug_module_tck|sr[15]                                                       ;
; 49.517 ; 49.701       ; 0.184          ; Low Pulse Width  ; altera_reserved_tck ; Rise       ; SoC:inst|SoC_cpu:cpu|SoC_cpu_nios2_oci:the_SoC_cpu_nios2_oci|SoC_cpu_jtag_debug_module_wrapper:the_SoC_cpu_jtag_debug_module_wrapper|SoC_cpu_jtag_debug_module_tck:the_SoC_cpu_jtag_debug_module_tck|sr[35]                                                       ;
; 49.517 ; 49.701       ; 0.184          ; Low Pulse Width  ; altera_reserved_tck ; Rise       ; SoC:inst|SoC_cpu:cpu|SoC_cpu_nios2_oci:the_SoC_cpu_nios2_oci|SoC_cpu_jtag_debug_module_wrapper:the_SoC_cpu_jtag_debug_module_wrapper|SoC_cpu_jtag_debug_module_tck:the_SoC_cpu_jtag_debug_module_tck|sr[36]                                                       ;
; 49.517 ; 49.701       ; 0.184          ; Low Pulse Width  ; altera_reserved_tck ; Rise       ; SoC:inst|SoC_cpu:cpu|SoC_cpu_nios2_oci:the_SoC_cpu_nios2_oci|SoC_cpu_jtag_debug_module_wrapper:the_SoC_cpu_jtag_debug_module_wrapper|SoC_cpu_jtag_debug_module_tck:the_SoC_cpu_jtag_debug_module_tck|sr[37]                                                       ;
; 49.517 ; 49.701       ; 0.184          ; Low Pulse Width  ; altera_reserved_tck ; Rise       ; SoC:inst|SoC_cpu:cpu|SoC_cpu_nios2_oci:the_SoC_cpu_nios2_oci|SoC_cpu_jtag_debug_module_wrapper:the_SoC_cpu_jtag_debug_module_wrapper|SoC_cpu_jtag_debug_module_tck:the_SoC_cpu_jtag_debug_module_tck|sr[8]                                                        ;
; 49.517 ; 49.701       ; 0.184          ; Low Pulse Width  ; altera_reserved_tck ; Rise       ; SoC:inst|SoC_cpu:cpu|SoC_cpu_nios2_oci:the_SoC_cpu_nios2_oci|SoC_cpu_jtag_debug_module_wrapper:the_SoC_cpu_jtag_debug_module_wrapper|SoC_cpu_jtag_debug_module_tck:the_SoC_cpu_jtag_debug_module_tck|sr[9]                                                        ;
; 49.517 ; 49.701       ; 0.184          ; Low Pulse Width  ; altera_reserved_tck ; Rise       ; SoC:inst|SoC_jtag_uart:jtag_uart|alt_jtag_atlantic:SoC_jtag_uart_alt_jtag_atlantic|read                                                                                                                                                                           ;
; 49.517 ; 49.701       ; 0.184          ; Low Pulse Width  ; altera_reserved_tck ; Rise       ; SoC:inst|SoC_jtag_uart:jtag_uart|alt_jtag_atlantic:SoC_jtag_uart_alt_jtag_atlantic|read_req                                                                                                                                                                       ;
; 49.517 ; 49.701       ; 0.184          ; Low Pulse Width  ; altera_reserved_tck ; Rise       ; SoC:inst|SoC_jtag_uart:jtag_uart|alt_jtag_atlantic:SoC_jtag_uart_alt_jtag_atlantic|td_shift[1]                                                                                                                                                                    ;
; 49.517 ; 49.701       ; 0.184          ; Low Pulse Width  ; altera_reserved_tck ; Rise       ; SoC:inst|SoC_jtag_uart:jtag_uart|alt_jtag_atlantic:SoC_jtag_uart_alt_jtag_atlantic|td_shift[2]                                                                                                                                                                    ;
; 49.517 ; 49.701       ; 0.184          ; Low Pulse Width  ; altera_reserved_tck ; Rise       ; SoC:inst|SoC_jtag_uart:jtag_uart|alt_jtag_atlantic:SoC_jtag_uart_alt_jtag_atlantic|td_shift[3]                                                                                                                                                                    ;
; 49.517 ; 49.701       ; 0.184          ; Low Pulse Width  ; altera_reserved_tck ; Rise       ; SoC:inst|SoC_jtag_uart:jtag_uart|alt_jtag_atlantic:SoC_jtag_uart_alt_jtag_atlantic|td_shift[4]                                                                                                                                                                    ;
; 49.517 ; 49.701       ; 0.184          ; Low Pulse Width  ; altera_reserved_tck ; Rise       ; SoC:inst|SoC_jtag_uart:jtag_uart|alt_jtag_atlantic:SoC_jtag_uart_alt_jtag_atlantic|td_shift[5]                                                                                                                                                                    ;
; 49.517 ; 49.701       ; 0.184          ; Low Pulse Width  ; altera_reserved_tck ; Rise       ; SoC:inst|SoC_jtag_uart:jtag_uart|alt_jtag_atlantic:SoC_jtag_uart_alt_jtag_atlantic|td_shift[6]                                                                                                                                                                    ;
; 49.517 ; 49.701       ; 0.184          ; Low Pulse Width  ; altera_reserved_tck ; Rise       ; SoC:inst|SoC_jtag_uart:jtag_uart|alt_jtag_atlantic:SoC_jtag_uart_alt_jtag_atlantic|td_shift[7]                                                                                                                                                                    ;
; 49.517 ; 49.701       ; 0.184          ; Low Pulse Width  ; altera_reserved_tck ; Rise       ; SoC:inst|SoC_jtag_uart:jtag_uart|alt_jtag_atlantic:SoC_jtag_uart_alt_jtag_atlantic|wdata[0]                                                                                                                                                                       ;
; 49.517 ; 49.701       ; 0.184          ; Low Pulse Width  ; altera_reserved_tck ; Rise       ; SoC:inst|SoC_jtag_uart:jtag_uart|alt_jtag_atlantic:SoC_jtag_uart_alt_jtag_atlantic|wdata[1]                                                                                                                                                                       ;
; 49.517 ; 49.701       ; 0.184          ; Low Pulse Width  ; altera_reserved_tck ; Rise       ; SoC:inst|SoC_jtag_uart:jtag_uart|alt_jtag_atlantic:SoC_jtag_uart_alt_jtag_atlantic|wdata[2]                                                                                                                                                                       ;
; 49.517 ; 49.701       ; 0.184          ; Low Pulse Width  ; altera_reserved_tck ; Rise       ; SoC:inst|SoC_jtag_uart:jtag_uart|alt_jtag_atlantic:SoC_jtag_uart_alt_jtag_atlantic|wdata[3]                                                                                                                                                                       ;
; 49.517 ; 49.701       ; 0.184          ; Low Pulse Width  ; altera_reserved_tck ; Rise       ; SoC:inst|SoC_jtag_uart:jtag_uart|alt_jtag_atlantic:SoC_jtag_uart_alt_jtag_atlantic|wdata[4]                                                                                                                                                                       ;
; 49.517 ; 49.701       ; 0.184          ; Low Pulse Width  ; altera_reserved_tck ; Rise       ; SoC:inst|SoC_jtag_uart:jtag_uart|alt_jtag_atlantic:SoC_jtag_uart_alt_jtag_atlantic|wdata[5]                                                                                                                                                                       ;
; 49.517 ; 49.701       ; 0.184          ; Low Pulse Width  ; altera_reserved_tck ; Rise       ; SoC:inst|SoC_jtag_uart:jtag_uart|alt_jtag_atlantic:SoC_jtag_uart_alt_jtag_atlantic|wdata[6]                                                                                                                                                                       ;
; 49.517 ; 49.701       ; 0.184          ; Low Pulse Width  ; altera_reserved_tck ; Rise       ; SoC:inst|SoC_jtag_uart:jtag_uart|alt_jtag_atlantic:SoC_jtag_uart_alt_jtag_atlantic|wdata[7]                                                                                                                                                                       ;
; 49.517 ; 49.701       ; 0.184          ; Low Pulse Width  ; altera_reserved_tck ; Rise       ; SoC:inst|SoC_jtag_uart:jtag_uart|alt_jtag_atlantic:SoC_jtag_uart_alt_jtag_atlantic|write                                                                                                                                                                          ;
; 49.517 ; 49.701       ; 0.184          ; Low Pulse Width  ; altera_reserved_tck ; Rise       ; SoC:inst|SoC_jtag_uart:jtag_uart|alt_jtag_atlantic:SoC_jtag_uart_alt_jtag_atlantic|write_stalled                                                                                                                                                                  ;
; 49.517 ; 49.701       ; 0.184          ; Low Pulse Width  ; altera_reserved_tck ; Rise       ; SoC:inst|SoC_jtag_uart:jtag_uart|alt_jtag_atlantic:SoC_jtag_uart_alt_jtag_atlantic|write_valid                                                                                                                                                                    ;
; 49.517 ; 49.701       ; 0.184          ; Low Pulse Width  ; altera_reserved_tck ; Rise       ; sld_hub:auto_hub|sld_jtag_hub:\jtag_hub_gen:sld_jtag_hub_inst|identity_contrib_shift_reg[0]                                                                                                                                                                       ;
; 49.517 ; 49.701       ; 0.184          ; Low Pulse Width  ; altera_reserved_tck ; Rise       ; sld_hub:auto_hub|sld_jtag_hub:\jtag_hub_gen:sld_jtag_hub_inst|identity_contrib_shift_reg[1]                                                                                                                                                                       ;
; 49.517 ; 49.701       ; 0.184          ; Low Pulse Width  ; altera_reserved_tck ; Rise       ; sld_hub:auto_hub|sld_jtag_hub:\jtag_hub_gen:sld_jtag_hub_inst|identity_contrib_shift_reg[2]                                                                                                                                                                       ;
; 49.517 ; 49.701       ; 0.184          ; Low Pulse Width  ; altera_reserved_tck ; Rise       ; sld_hub:auto_hub|sld_jtag_hub:\jtag_hub_gen:sld_jtag_hub_inst|identity_contrib_shift_reg[3]                                                                                                                                                                       ;
; 49.517 ; 49.701       ; 0.184          ; Low Pulse Width  ; altera_reserved_tck ; Rise       ; sld_hub:auto_hub|sld_jtag_hub:\jtag_hub_gen:sld_jtag_hub_inst|jtag_ir_reg[0]                                                                                                                                                                                      ;
; 49.517 ; 49.701       ; 0.184          ; Low Pulse Width  ; altera_reserved_tck ; Rise       ; sld_hub:auto_hub|sld_jtag_hub:\jtag_hub_gen:sld_jtag_hub_inst|jtag_ir_reg[1]                                                                                                                                                                                      ;
; 49.517 ; 49.701       ; 0.184          ; Low Pulse Width  ; altera_reserved_tck ; Rise       ; sld_hub:auto_hub|sld_jtag_hub:\jtag_hub_gen:sld_jtag_hub_inst|jtag_ir_reg[2]                                                                                                                                                                                      ;
; 49.517 ; 49.701       ; 0.184          ; Low Pulse Width  ; altera_reserved_tck ; Rise       ; sld_hub:auto_hub|sld_jtag_hub:\jtag_hub_gen:sld_jtag_hub_inst|jtag_ir_reg[3]                                                                                                                                                                                      ;
; 49.517 ; 49.701       ; 0.184          ; Low Pulse Width  ; altera_reserved_tck ; Rise       ; sld_hub:auto_hub|sld_jtag_hub:\jtag_hub_gen:sld_jtag_hub_inst|jtag_ir_reg[4]                                                                                                                                                                                      ;
; 49.517 ; 49.701       ; 0.184          ; Low Pulse Width  ; altera_reserved_tck ; Rise       ; sld_hub:auto_hub|sld_jtag_hub:\jtag_hub_gen:sld_jtag_hub_inst|jtag_ir_reg[5]                                                                                                                                                                                      ;
; 49.517 ; 49.701       ; 0.184          ; Low Pulse Width  ; altera_reserved_tck ; Rise       ; sld_hub:auto_hub|sld_jtag_hub:\jtag_hub_gen:sld_jtag_hub_inst|jtag_ir_reg[6]                                                                                                                                                                                      ;
; 49.517 ; 49.701       ; 0.184          ; Low Pulse Width  ; altera_reserved_tck ; Rise       ; sld_hub:auto_hub|sld_jtag_hub:\jtag_hub_gen:sld_jtag_hub_inst|jtag_ir_reg[7]                                                                                                                                                                                      ;
; 49.517 ; 49.701       ; 0.184          ; Low Pulse Width  ; altera_reserved_tck ; Rise       ; sld_hub:auto_hub|sld_jtag_hub:\jtag_hub_gen:sld_jtag_hub_inst|jtag_ir_reg[8]                                                                                                                                                                                      ;
; 49.517 ; 49.701       ; 0.184          ; Low Pulse Width  ; altera_reserved_tck ; Rise       ; sld_hub:auto_hub|sld_jtag_hub:\jtag_hub_gen:sld_jtag_hub_inst|jtag_ir_reg[9]                                                                                                                                                                                      ;
; 49.517 ; 49.701       ; 0.184          ; Low Pulse Width  ; altera_reserved_tck ; Rise       ; sld_hub:auto_hub|sld_jtag_hub:\jtag_hub_gen:sld_jtag_hub_inst|sld_rom_sr:hub_info_reg|WORD_SR[0]                                                                                                                                                                  ;
; 49.517 ; 49.701       ; 0.184          ; Low Pulse Width  ; altera_reserved_tck ; Rise       ; sld_hub:auto_hub|sld_jtag_hub:\jtag_hub_gen:sld_jtag_hub_inst|sld_rom_sr:hub_info_reg|WORD_SR[1]                                                                                                                                                                  ;
; 49.517 ; 49.701       ; 0.184          ; Low Pulse Width  ; altera_reserved_tck ; Rise       ; sld_hub:auto_hub|sld_jtag_hub:\jtag_hub_gen:sld_jtag_hub_inst|sld_rom_sr:hub_info_reg|WORD_SR[2]                                                                                                                                                                  ;
; 49.517 ; 49.701       ; 0.184          ; Low Pulse Width  ; altera_reserved_tck ; Rise       ; sld_hub:auto_hub|sld_jtag_hub:\jtag_hub_gen:sld_jtag_hub_inst|sld_rom_sr:hub_info_reg|WORD_SR[3]                                                                                                                                                                  ;
; 49.517 ; 49.701       ; 0.184          ; Low Pulse Width  ; altera_reserved_tck ; Rise       ; sld_hub:auto_hub|sld_jtag_hub:\jtag_hub_gen:sld_jtag_hub_inst|sld_shadow_jsm:shadow_jsm|state[0]                                                                                                                                                                  ;
; 49.517 ; 49.701       ; 0.184          ; Low Pulse Width  ; altera_reserved_tck ; Rise       ; sld_hub:auto_hub|sld_jtag_hub:\jtag_hub_gen:sld_jtag_hub_inst|sld_shadow_jsm:shadow_jsm|tms_cnt[0]                                                                                                                                                                ;
; 49.517 ; 49.701       ; 0.184          ; Low Pulse Width  ; altera_reserved_tck ; Rise       ; sld_hub:auto_hub|sld_jtag_hub:\jtag_hub_gen:sld_jtag_hub_inst|sld_shadow_jsm:shadow_jsm|tms_cnt[1]                                                                                                                                                                ;
; 49.517 ; 49.701       ; 0.184          ; Low Pulse Width  ; altera_reserved_tck ; Rise       ; sld_hub:auto_hub|sld_jtag_hub:\jtag_hub_gen:sld_jtag_hub_inst|sld_shadow_jsm:shadow_jsm|tms_cnt[2]                                                                                                                                                                ;
; 49.517 ; 49.701       ; 0.184          ; Low Pulse Width  ; altera_reserved_tck ; Rise       ; sld_hub:auto_hub|sld_jtag_hub:\jtag_hub_gen:sld_jtag_hub_inst|virtual_dr_scan_reg                                                                                                                                                                                 ;
; 49.517 ; 49.701       ; 0.184          ; Low Pulse Width  ; altera_reserved_tck ; Rise       ; sld_hub:auto_hub|sld_jtag_hub:\jtag_hub_gen:sld_jtag_hub_inst|virtual_ir_scan_reg                                                                                                                                                                                 ;
; 49.518 ; 49.702       ; 0.184          ; Low Pulse Width  ; altera_reserved_tck ; Rise       ; SoC:inst|SoC_cpu:cpu|SoC_cpu_nios2_oci:the_SoC_cpu_nios2_oci|SoC_cpu_jtag_debug_module_wrapper:the_SoC_cpu_jtag_debug_module_wrapper|SoC_cpu_jtag_debug_module_tck:the_SoC_cpu_jtag_debug_module_tck|DRsize.000                                                   ;
; 49.518 ; 49.702       ; 0.184          ; Low Pulse Width  ; altera_reserved_tck ; Rise       ; SoC:inst|SoC_cpu:cpu|SoC_cpu_nios2_oci:the_SoC_cpu_nios2_oci|SoC_cpu_jtag_debug_module_wrapper:the_SoC_cpu_jtag_debug_module_wrapper|SoC_cpu_jtag_debug_module_tck:the_SoC_cpu_jtag_debug_module_tck|DRsize.010                                                   ;
; 49.518 ; 49.702       ; 0.184          ; Low Pulse Width  ; altera_reserved_tck ; Rise       ; SoC:inst|SoC_cpu:cpu|SoC_cpu_nios2_oci:the_SoC_cpu_nios2_oci|SoC_cpu_jtag_debug_module_wrapper:the_SoC_cpu_jtag_debug_module_wrapper|SoC_cpu_jtag_debug_module_tck:the_SoC_cpu_jtag_debug_module_tck|DRsize.100                                                   ;
; 49.518 ; 49.702       ; 0.184          ; Low Pulse Width  ; altera_reserved_tck ; Rise       ; SoC:inst|SoC_cpu:cpu|SoC_cpu_nios2_oci:the_SoC_cpu_nios2_oci|SoC_cpu_jtag_debug_module_wrapper:the_SoC_cpu_jtag_debug_module_wrapper|SoC_cpu_jtag_debug_module_tck:the_SoC_cpu_jtag_debug_module_tck|altera_std_synchronizer:the_altera_std_synchronizer1|din_s1  ;
; 49.518 ; 49.702       ; 0.184          ; Low Pulse Width  ; altera_reserved_tck ; Rise       ; SoC:inst|SoC_cpu:cpu|SoC_cpu_nios2_oci:the_SoC_cpu_nios2_oci|SoC_cpu_jtag_debug_module_wrapper:the_SoC_cpu_jtag_debug_module_wrapper|SoC_cpu_jtag_debug_module_tck:the_SoC_cpu_jtag_debug_module_tck|altera_std_synchronizer:the_altera_std_synchronizer1|dreg[0] ;
; 49.518 ; 49.702       ; 0.184          ; Low Pulse Width  ; altera_reserved_tck ; Rise       ; SoC:inst|SoC_cpu:cpu|SoC_cpu_nios2_oci:the_SoC_cpu_nios2_oci|SoC_cpu_jtag_debug_module_wrapper:the_SoC_cpu_jtag_debug_module_wrapper|SoC_cpu_jtag_debug_module_tck:the_SoC_cpu_jtag_debug_module_tck|altera_std_synchronizer:the_altera_std_synchronizer2|din_s1  ;
; 49.518 ; 49.702       ; 0.184          ; Low Pulse Width  ; altera_reserved_tck ; Rise       ; SoC:inst|SoC_cpu:cpu|SoC_cpu_nios2_oci:the_SoC_cpu_nios2_oci|SoC_cpu_jtag_debug_module_wrapper:the_SoC_cpu_jtag_debug_module_wrapper|SoC_cpu_jtag_debug_module_tck:the_SoC_cpu_jtag_debug_module_tck|altera_std_synchronizer:the_altera_std_synchronizer2|dreg[0] ;
; 49.518 ; 49.702       ; 0.184          ; Low Pulse Width  ; altera_reserved_tck ; Rise       ; SoC:inst|SoC_cpu:cpu|SoC_cpu_nios2_oci:the_SoC_cpu_nios2_oci|SoC_cpu_jtag_debug_module_wrapper:the_SoC_cpu_jtag_debug_module_wrapper|SoC_cpu_jtag_debug_module_tck:the_SoC_cpu_jtag_debug_module_tck|ir_out[0]                                                    ;
; 49.518 ; 49.702       ; 0.184          ; Low Pulse Width  ; altera_reserved_tck ; Rise       ; SoC:inst|SoC_cpu:cpu|SoC_cpu_nios2_oci:the_SoC_cpu_nios2_oci|SoC_cpu_jtag_debug_module_wrapper:the_SoC_cpu_jtag_debug_module_wrapper|SoC_cpu_jtag_debug_module_tck:the_SoC_cpu_jtag_debug_module_tck|ir_out[1]                                                    ;
; 49.518 ; 49.702       ; 0.184          ; Low Pulse Width  ; altera_reserved_tck ; Rise       ; SoC:inst|SoC_cpu:cpu|SoC_cpu_nios2_oci:the_SoC_cpu_nios2_oci|SoC_cpu_jtag_debug_module_wrapper:the_SoC_cpu_jtag_debug_module_wrapper|SoC_cpu_jtag_debug_module_tck:the_SoC_cpu_jtag_debug_module_tck|sr[16]                                                       ;
; 49.518 ; 49.702       ; 0.184          ; Low Pulse Width  ; altera_reserved_tck ; Rise       ; SoC:inst|SoC_cpu:cpu|SoC_cpu_nios2_oci:the_SoC_cpu_nios2_oci|SoC_cpu_jtag_debug_module_wrapper:the_SoC_cpu_jtag_debug_module_wrapper|SoC_cpu_jtag_debug_module_tck:the_SoC_cpu_jtag_debug_module_tck|sr[17]                                                       ;
; 49.518 ; 49.702       ; 0.184          ; Low Pulse Width  ; altera_reserved_tck ; Rise       ; SoC:inst|SoC_cpu:cpu|SoC_cpu_nios2_oci:the_SoC_cpu_nios2_oci|SoC_cpu_jtag_debug_module_wrapper:the_SoC_cpu_jtag_debug_module_wrapper|SoC_cpu_jtag_debug_module_tck:the_SoC_cpu_jtag_debug_module_tck|sr[18]                                                       ;
; 49.518 ; 49.702       ; 0.184          ; Low Pulse Width  ; altera_reserved_tck ; Rise       ; SoC:inst|SoC_cpu:cpu|SoC_cpu_nios2_oci:the_SoC_cpu_nios2_oci|SoC_cpu_jtag_debug_module_wrapper:the_SoC_cpu_jtag_debug_module_wrapper|SoC_cpu_jtag_debug_module_tck:the_SoC_cpu_jtag_debug_module_tck|sr[19]                                                       ;
; 49.518 ; 49.702       ; 0.184          ; Low Pulse Width  ; altera_reserved_tck ; Rise       ; SoC:inst|SoC_cpu:cpu|SoC_cpu_nios2_oci:the_SoC_cpu_nios2_oci|SoC_cpu_jtag_debug_module_wrapper:the_SoC_cpu_jtag_debug_module_wrapper|SoC_cpu_jtag_debug_module_tck:the_SoC_cpu_jtag_debug_module_tck|sr[1]                                                        ;
; 49.518 ; 49.702       ; 0.184          ; Low Pulse Width  ; altera_reserved_tck ; Rise       ; SoC:inst|SoC_cpu:cpu|SoC_cpu_nios2_oci:the_SoC_cpu_nios2_oci|SoC_cpu_jtag_debug_module_wrapper:the_SoC_cpu_jtag_debug_module_wrapper|SoC_cpu_jtag_debug_module_tck:the_SoC_cpu_jtag_debug_module_tck|sr[20]                                                       ;
; 49.518 ; 49.702       ; 0.184          ; Low Pulse Width  ; altera_reserved_tck ; Rise       ; SoC:inst|SoC_cpu:cpu|SoC_cpu_nios2_oci:the_SoC_cpu_nios2_oci|SoC_cpu_jtag_debug_module_wrapper:the_SoC_cpu_jtag_debug_module_wrapper|SoC_cpu_jtag_debug_module_tck:the_SoC_cpu_jtag_debug_module_tck|sr[21]                                                       ;
; 49.518 ; 49.702       ; 0.184          ; Low Pulse Width  ; altera_reserved_tck ; Rise       ; SoC:inst|SoC_cpu:cpu|SoC_cpu_nios2_oci:the_SoC_cpu_nios2_oci|SoC_cpu_jtag_debug_module_wrapper:the_SoC_cpu_jtag_debug_module_wrapper|SoC_cpu_jtag_debug_module_tck:the_SoC_cpu_jtag_debug_module_tck|sr[22]                                                       ;
; 49.518 ; 49.702       ; 0.184          ; Low Pulse Width  ; altera_reserved_tck ; Rise       ; SoC:inst|SoC_cpu:cpu|SoC_cpu_nios2_oci:the_SoC_cpu_nios2_oci|SoC_cpu_jtag_debug_module_wrapper:the_SoC_cpu_jtag_debug_module_wrapper|SoC_cpu_jtag_debug_module_tck:the_SoC_cpu_jtag_debug_module_tck|sr[23]                                                       ;
; 49.518 ; 49.702       ; 0.184          ; Low Pulse Width  ; altera_reserved_tck ; Rise       ; SoC:inst|SoC_cpu:cpu|SoC_cpu_nios2_oci:the_SoC_cpu_nios2_oci|SoC_cpu_jtag_debug_module_wrapper:the_SoC_cpu_jtag_debug_module_wrapper|SoC_cpu_jtag_debug_module_tck:the_SoC_cpu_jtag_debug_module_tck|sr[24]                                                       ;
; 49.518 ; 49.702       ; 0.184          ; Low Pulse Width  ; altera_reserved_tck ; Rise       ; SoC:inst|SoC_cpu:cpu|SoC_cpu_nios2_oci:the_SoC_cpu_nios2_oci|SoC_cpu_jtag_debug_module_wrapper:the_SoC_cpu_jtag_debug_module_wrapper|SoC_cpu_jtag_debug_module_tck:the_SoC_cpu_jtag_debug_module_tck|sr[25]                                                       ;
; 49.518 ; 49.702       ; 0.184          ; Low Pulse Width  ; altera_reserved_tck ; Rise       ; SoC:inst|SoC_cpu:cpu|SoC_cpu_nios2_oci:the_SoC_cpu_nios2_oci|SoC_cpu_jtag_debug_module_wrapper:the_SoC_cpu_jtag_debug_module_wrapper|SoC_cpu_jtag_debug_module_tck:the_SoC_cpu_jtag_debug_module_tck|sr[26]                                                       ;
; 49.518 ; 49.702       ; 0.184          ; Low Pulse Width  ; altera_reserved_tck ; Rise       ; SoC:inst|SoC_cpu:cpu|SoC_cpu_nios2_oci:the_SoC_cpu_nios2_oci|SoC_cpu_jtag_debug_module_wrapper:the_SoC_cpu_jtag_debug_module_wrapper|SoC_cpu_jtag_debug_module_tck:the_SoC_cpu_jtag_debug_module_tck|sr[2]                                                        ;
; 49.518 ; 49.702       ; 0.184          ; Low Pulse Width  ; altera_reserved_tck ; Rise       ; SoC:inst|SoC_cpu:cpu|SoC_cpu_nios2_oci:the_SoC_cpu_nios2_oci|SoC_cpu_jtag_debug_module_wrapper:the_SoC_cpu_jtag_debug_module_wrapper|SoC_cpu_jtag_debug_module_tck:the_SoC_cpu_jtag_debug_module_tck|sr[31]                                                       ;
; 49.518 ; 49.702       ; 0.184          ; Low Pulse Width  ; altera_reserved_tck ; Rise       ; SoC:inst|SoC_cpu:cpu|SoC_cpu_nios2_oci:the_SoC_cpu_nios2_oci|SoC_cpu_jtag_debug_module_wrapper:the_SoC_cpu_jtag_debug_module_wrapper|SoC_cpu_jtag_debug_module_tck:the_SoC_cpu_jtag_debug_module_tck|sr[3]                                                        ;
; 49.518 ; 49.702       ; 0.184          ; Low Pulse Width  ; altera_reserved_tck ; Rise       ; SoC:inst|SoC_cpu:cpu|SoC_cpu_nios2_oci:the_SoC_cpu_nios2_oci|SoC_cpu_jtag_debug_module_wrapper:the_SoC_cpu_jtag_debug_module_wrapper|SoC_cpu_jtag_debug_module_tck:the_SoC_cpu_jtag_debug_module_tck|sr[4]                                                        ;
; 49.518 ; 49.702       ; 0.184          ; Low Pulse Width  ; altera_reserved_tck ; Rise       ; SoC:inst|SoC_cpu:cpu|SoC_cpu_nios2_oci:the_SoC_cpu_nios2_oci|SoC_cpu_jtag_debug_module_wrapper:the_SoC_cpu_jtag_debug_module_wrapper|SoC_cpu_jtag_debug_module_tck:the_SoC_cpu_jtag_debug_module_tck|sr[5]                                                        ;
; 49.518 ; 49.702       ; 0.184          ; Low Pulse Width  ; altera_reserved_tck ; Rise       ; SoC:inst|SoC_cpu:cpu|SoC_cpu_nios2_oci:the_SoC_cpu_nios2_oci|SoC_cpu_jtag_debug_module_wrapper:the_SoC_cpu_jtag_debug_module_wrapper|SoC_cpu_jtag_debug_module_tck:the_SoC_cpu_jtag_debug_module_tck|sr[6]                                                        ;
; 49.518 ; 49.702       ; 0.184          ; Low Pulse Width  ; altera_reserved_tck ; Rise       ; SoC:inst|SoC_cpu:cpu|SoC_cpu_nios2_oci:the_SoC_cpu_nios2_oci|SoC_cpu_jtag_debug_module_wrapper:the_SoC_cpu_jtag_debug_module_wrapper|SoC_cpu_jtag_debug_module_tck:the_SoC_cpu_jtag_debug_module_tck|sr[7]                                                        ;
; 49.518 ; 49.702       ; 0.184          ; Low Pulse Width  ; altera_reserved_tck ; Rise       ; SoC:inst|SoC_jtag_uart:jtag_uart|alt_jtag_atlantic:SoC_jtag_uart_alt_jtag_atlantic|count[0]                                                                                                                                                                       ;
; 49.518 ; 49.702       ; 0.184          ; Low Pulse Width  ; altera_reserved_tck ; Rise       ; SoC:inst|SoC_jtag_uart:jtag_uart|alt_jtag_atlantic:SoC_jtag_uart_alt_jtag_atlantic|count[1]                                                                                                                                                                       ;
; 49.518 ; 49.702       ; 0.184          ; Low Pulse Width  ; altera_reserved_tck ; Rise       ; SoC:inst|SoC_jtag_uart:jtag_uart|alt_jtag_atlantic:SoC_jtag_uart_alt_jtag_atlantic|count[2]                                                                                                                                                                       ;
; 49.518 ; 49.702       ; 0.184          ; Low Pulse Width  ; altera_reserved_tck ; Rise       ; SoC:inst|SoC_jtag_uart:jtag_uart|alt_jtag_atlantic:SoC_jtag_uart_alt_jtag_atlantic|count[3]                                                                                                                                                                       ;
; 49.518 ; 49.702       ; 0.184          ; Low Pulse Width  ; altera_reserved_tck ; Rise       ; SoC:inst|SoC_jtag_uart:jtag_uart|alt_jtag_atlantic:SoC_jtag_uart_alt_jtag_atlantic|count[4]                                                                                                                                                                       ;
; 49.518 ; 49.702       ; 0.184          ; Low Pulse Width  ; altera_reserved_tck ; Rise       ; SoC:inst|SoC_jtag_uart:jtag_uart|alt_jtag_atlantic:SoC_jtag_uart_alt_jtag_atlantic|count[5]                                                                                                                                                                       ;
; 49.518 ; 49.702       ; 0.184          ; Low Pulse Width  ; altera_reserved_tck ; Rise       ; SoC:inst|SoC_jtag_uart:jtag_uart|alt_jtag_atlantic:SoC_jtag_uart_alt_jtag_atlantic|count[6]                                                                                                                                                                       ;
; 49.518 ; 49.702       ; 0.184          ; Low Pulse Width  ; altera_reserved_tck ; Rise       ; SoC:inst|SoC_jtag_uart:jtag_uart|alt_jtag_atlantic:SoC_jtag_uart_alt_jtag_atlantic|count[7]                                                                                                                                                                       ;
; 49.518 ; 49.702       ; 0.184          ; Low Pulse Width  ; altera_reserved_tck ; Rise       ; SoC:inst|SoC_jtag_uart:jtag_uart|alt_jtag_atlantic:SoC_jtag_uart_alt_jtag_atlantic|count[8]                                                                                                                                                                       ;
; 49.518 ; 49.702       ; 0.184          ; Low Pulse Width  ; altera_reserved_tck ; Rise       ; SoC:inst|SoC_jtag_uart:jtag_uart|alt_jtag_atlantic:SoC_jtag_uart_alt_jtag_atlantic|count[9]                                                                                                                                                                       ;
; 49.518 ; 49.702       ; 0.184          ; Low Pulse Width  ; altera_reserved_tck ; Rise       ; SoC:inst|SoC_jtag_uart:jtag_uart|alt_jtag_atlantic:SoC_jtag_uart_alt_jtag_atlantic|state                                                                                                                                                                          ;
; 49.518 ; 49.702       ; 0.184          ; Low Pulse Width  ; altera_reserved_tck ; Rise       ; SoC:inst|SoC_jtag_uart:jtag_uart|alt_jtag_atlantic:SoC_jtag_uart_alt_jtag_atlantic|tck_t_dav                                                                                                                                                                      ;
; 49.518 ; 49.702       ; 0.184          ; Low Pulse Width  ; altera_reserved_tck ; Rise       ; SoC:inst|SoC_jtag_uart:jtag_uart|alt_jtag_atlantic:SoC_jtag_uart_alt_jtag_atlantic|td_shift[0]                                                                                                                                                                    ;
+--------+--------------+----------------+------------------+---------------------+------------+-------------------------------------------------------------------------------------------------------------------------------------------------------------------------------------------------------------------------------------------------------------------+


+----------------------------------------------------------------------------------------------+
; Setup Times                                                                                  ;
+---------------------+---------------------+-------+-------+------------+---------------------+
; Data Port           ; Clock Port          ; Rise  ; Fall  ; Clock Edge ; Clock Reference     ;
+---------------------+---------------------+-------+-------+------------+---------------------+
; altera_reserved_tdi ; altera_reserved_tck ; 2.349 ; 2.385 ; Rise       ; altera_reserved_tck ;
; altera_reserved_tms ; altera_reserved_tck ; 4.418 ; 4.555 ; Rise       ; altera_reserved_tck ;
+---------------------+---------------------+-------+-------+------------+---------------------+


+------------------------------------------------------------------------------------------------+
; Hold Times                                                                                     ;
+---------------------+---------------------+--------+--------+------------+---------------------+
; Data Port           ; Clock Port          ; Rise   ; Fall   ; Clock Edge ; Clock Reference     ;
+---------------------+---------------------+--------+--------+------------+---------------------+
; altera_reserved_tdi ; altera_reserved_tck ; -0.945 ; -0.989 ; Rise       ; altera_reserved_tck ;
; altera_reserved_tms ; altera_reserved_tck ; -1.636 ; -1.690 ; Rise       ; altera_reserved_tck ;
+---------------------+---------------------+--------+--------+------------+---------------------+


+----------------------------------------------------------------------------------------------+
; Clock to Output Times                                                                        ;
+---------------------+---------------------+-------+-------+------------+---------------------+
; Data Port           ; Clock Port          ; Rise  ; Fall  ; Clock Edge ; Clock Reference     ;
+---------------------+---------------------+-------+-------+------------+---------------------+
; altera_reserved_tdo ; altera_reserved_tck ; 8.685 ; 9.159 ; Fall       ; altera_reserved_tck ;
+---------------------+---------------------+-------+-------+------------+---------------------+


+----------------------------------------------------------------------------------------------+
; Minimum Clock to Output Times                                                                ;
+---------------------+---------------------+-------+-------+------------+---------------------+
; Data Port           ; Clock Port          ; Rise  ; Fall  ; Clock Edge ; Clock Reference     ;
+---------------------+---------------------+-------+-------+------------+---------------------+
; altera_reserved_tdo ; altera_reserved_tck ; 7.411 ; 7.885 ; Fall       ; altera_reserved_tck ;
+---------------------+---------------------+-------+-------+------------+---------------------+


+----------------------------------------------------+
; Propagation Delay                                  ;
+------------+-------------+-------+----+----+-------+
; Input Port ; Output Port ; RR    ; RF ; FR ; FF    ;
+------------+-------------+-------+----+----+-------+
; INPUT      ; SDRAM_CLK1  ; 0.419 ;    ;    ; 0.850 ;
+------------+-------------+-------+----+----+-------+


+----------------------------------------------------+
; Minimum Propagation Delay                          ;
+------------+-------------+-------+----+----+-------+
; Input Port ; Output Port ; RR    ; RF ; FR ; FF    ;
+------------+-------------+-------+----+----+-------+
; INPUT      ; SDRAM_CLK1  ; 0.180 ;    ;    ; 0.609 ;
+------------+-------------+-------+----+----+-------+


----------------
; MTBF Summary ;
----------------
Typical MTBF of Design is 1e+09 years or 3.15e+16 seconds.

Number of Synchronizer Chains Found: 2
Shortest Synchronizer Chain: 2 Registers
Fraction of Chains for which MTBFs Could Not be Calculated: 0.000
Worst Case Available Settling Time: 198.609 ns

Typical MTBF values are calculated based on the nominal silicon characteristics, at nominal operating conditions.
  - Under typical conditions, an increase of 100ps in available settling time will increase MTBF values by a factor of 10.8



+------------------------------------------------------------------------------------------------------------------------------------------------------------------------------------------------------------------------------------------------------------------------------------------------------------------------------------------------------------------------------------------------------------------------------------------------------+
; Synchronizer Summary                                                                                                                                                                                                                                                                                                                                                                                                                                 ;
+--------------------------------------------------------------------------------------------------------------------------------+------------------------------------------------------------------------------------------------------------------------------------------------------------------------------------------------------------------------------------------------------------------+------------------------+-------------------------+
; Source Node                                                                                                                    ; Synchronization Node                                                                                                                                                                                                                                             ; Typical MTBF (Years)   ; Included in Design MTBF ;
+--------------------------------------------------------------------------------------------------------------------------------+------------------------------------------------------------------------------------------------------------------------------------------------------------------------------------------------------------------------------------------------------------------+------------------------+-------------------------+
; SoC:inst|SoC_cpu:cpu|hbreak_enabled                                                                                            ; SoC:inst|SoC_cpu:cpu|SoC_cpu_nios2_oci:the_SoC_cpu_nios2_oci|SoC_cpu_jtag_debug_module_wrapper:the_SoC_cpu_jtag_debug_module_wrapper|SoC_cpu_jtag_debug_module_tck:the_SoC_cpu_jtag_debug_module_tck|altera_std_synchronizer:the_altera_std_synchronizer1|din_s1 ; Greater than 1 Billion ; Yes                     ;
; SoC:inst|SoC_cpu:cpu|SoC_cpu_nios2_oci:the_SoC_cpu_nios2_oci|SoC_cpu_nios2_oci_debug:the_SoC_cpu_nios2_oci_debug|monitor_ready ; SoC:inst|SoC_cpu:cpu|SoC_cpu_nios2_oci:the_SoC_cpu_nios2_oci|SoC_cpu_jtag_debug_module_wrapper:the_SoC_cpu_jtag_debug_module_wrapper|SoC_cpu_jtag_debug_module_tck:the_SoC_cpu_jtag_debug_module_tck|altera_std_synchronizer:the_altera_std_synchronizer2|din_s1 ; Greater than 1 Billion ; Yes                     ;
+--------------------------------------------------------------------------------------------------------------------------------+------------------------------------------------------------------------------------------------------------------------------------------------------------------------------------------------------------------------------------------------------------------+------------------------+-------------------------+


Synchronizer Chain #1: Typical MTBF is Greater than 1 Billion Years
===============================================================================
+--------------------------------------------------------------------------------------------------------------------------------------------------------------------------------------------------------------------------------------------------------------------------------------------+
; Chain Summary                                                                                                                                                                                                                                                                              ;
+-------------------------+------------------------------------------------------------------------------------------------------------------------------------------------------------------------------------------------------------------------------------------------------------------+
; Property                ; Value                                                                                                                                                                                                                                                            ;
+-------------------------+------------------------------------------------------------------------------------------------------------------------------------------------------------------------------------------------------------------------------------------------------------------+
; Source Node             ; SoC:inst|SoC_cpu:cpu|hbreak_enabled                                                                                                                                                                                                                              ;
; Synchronization Node    ; SoC:inst|SoC_cpu:cpu|SoC_cpu_nios2_oci:the_SoC_cpu_nios2_oci|SoC_cpu_jtag_debug_module_wrapper:the_SoC_cpu_jtag_debug_module_wrapper|SoC_cpu_jtag_debug_module_tck:the_SoC_cpu_jtag_debug_module_tck|altera_std_synchronizer:the_altera_std_synchronizer1|din_s1 ;
; Typical MTBF (years)    ; Greater than 1 Billion                                                                                                                                                                                                                                           ;
; Included in Design MTBF ; Yes                                                                                                                                                                                                                                                              ;
+-------------------------+------------------------------------------------------------------------------------------------------------------------------------------------------------------------------------------------------------------------------------------------------------------+

+----------------------------------------------------------------------------------------------------------------------------------------------------------------------------------------------------------------------------------------------------------------------------------------------------------------------------------------------+
; Statistics                                                                                                                                                                                                                                                                                                                                   ;
+--------------------------------------------------------------------------------------------------------------------------------------------------------------------------------------------------------------------------------------------------------------------+------------------------+--------------+------------------+--------------+
; Property                                                                                                                                                                                                                                                           ; Value                  ; Clock Period ; Active Edge Rate ; Output Slack ;
+--------------------------------------------------------------------------------------------------------------------------------------------------------------------------------------------------------------------------------------------------------------------+------------------------+--------------+------------------+--------------+
; Method of Synchronizer Identification                                                                                                                                                                                                                              ; User Specified         ;              ;                  ;              ;
; Typical MTBF (years)                                                                                                                                                                                                                                               ; Greater than 1 Billion ;              ;                  ;              ;
; Number of Synchronization Registers in Chain                                                                                                                                                                                                                       ; 2                      ;              ;                  ;              ;
; Available Settling Time (ns)                                                                                                                                                                                                                                       ; 198.609                ;              ;                  ;              ;
; Data Toggle Rate Used in MTBF Calculation (millions of transitions / sec)                                                                                                                                                                                          ; 1.25                   ;              ;                  ;              ;
; Source Clock                                                                                                                                                                                                                                                       ;                        ;              ;                  ;              ;
;  Unknown                                                                                                                                                                                                                                                           ;                        ;              ;                  ;              ;
; Synchronization Clock                                                                                                                                                                                                                                              ;                        ;              ;                  ;              ;
;  altera_reserved_tck                                                                                                                                                                                                                                               ;                        ; 100.000      ; 10.0 MHz         ;              ;
; Asynchronous Source                                                                                                                                                                                                                                                ;                        ;              ;                  ;              ;
;  SoC:inst|SoC_cpu:cpu|hbreak_enabled                                                                                                                                                                                                                               ;                        ;              ;                  ;              ;
; Synchronization Registers                                                                                                                                                                                                                                          ;                        ;              ;                  ;              ;
;  SoC:inst|SoC_cpu:cpu|SoC_cpu_nios2_oci:the_SoC_cpu_nios2_oci|SoC_cpu_jtag_debug_module_wrapper:the_SoC_cpu_jtag_debug_module_wrapper|SoC_cpu_jtag_debug_module_tck:the_SoC_cpu_jtag_debug_module_tck|altera_std_synchronizer:the_altera_std_synchronizer1|din_s1  ;                        ;              ;                  ; 99.593       ;
;  SoC:inst|SoC_cpu:cpu|SoC_cpu_nios2_oci:the_SoC_cpu_nios2_oci|SoC_cpu_jtag_debug_module_wrapper:the_SoC_cpu_jtag_debug_module_wrapper|SoC_cpu_jtag_debug_module_tck:the_SoC_cpu_jtag_debug_module_tck|altera_std_synchronizer:the_altera_std_synchronizer1|dreg[0] ;                        ;              ;                  ; 99.016       ;
+--------------------------------------------------------------------------------------------------------------------------------------------------------------------------------------------------------------------------------------------------------------------+------------------------+--------------+------------------+--------------+



Synchronizer Chain #2: Typical MTBF is Greater than 1 Billion Years
===============================================================================
+--------------------------------------------------------------------------------------------------------------------------------------------------------------------------------------------------------------------------------------------------------------------------------------------+
; Chain Summary                                                                                                                                                                                                                                                                              ;
+-------------------------+------------------------------------------------------------------------------------------------------------------------------------------------------------------------------------------------------------------------------------------------------------------+
; Property                ; Value                                                                                                                                                                                                                                                            ;
+-------------------------+------------------------------------------------------------------------------------------------------------------------------------------------------------------------------------------------------------------------------------------------------------------+
; Source Node             ; SoC:inst|SoC_cpu:cpu|SoC_cpu_nios2_oci:the_SoC_cpu_nios2_oci|SoC_cpu_nios2_oci_debug:the_SoC_cpu_nios2_oci_debug|monitor_ready                                                                                                                                   ;
; Synchronization Node    ; SoC:inst|SoC_cpu:cpu|SoC_cpu_nios2_oci:the_SoC_cpu_nios2_oci|SoC_cpu_jtag_debug_module_wrapper:the_SoC_cpu_jtag_debug_module_wrapper|SoC_cpu_jtag_debug_module_tck:the_SoC_cpu_jtag_debug_module_tck|altera_std_synchronizer:the_altera_std_synchronizer2|din_s1 ;
; Typical MTBF (years)    ; Greater than 1 Billion                                                                                                                                                                                                                                           ;
; Included in Design MTBF ; Yes                                                                                                                                                                                                                                                              ;
+-------------------------+------------------------------------------------------------------------------------------------------------------------------------------------------------------------------------------------------------------------------------------------------------------+

+----------------------------------------------------------------------------------------------------------------------------------------------------------------------------------------------------------------------------------------------------------------------------------------------------------------------------------------------+
; Statistics                                                                                                                                                                                                                                                                                                                                   ;
+--------------------------------------------------------------------------------------------------------------------------------------------------------------------------------------------------------------------------------------------------------------------+------------------------+--------------+------------------+--------------+
; Property                                                                                                                                                                                                                                                           ; Value                  ; Clock Period ; Active Edge Rate ; Output Slack ;
+--------------------------------------------------------------------------------------------------------------------------------------------------------------------------------------------------------------------------------------------------------------------+------------------------+--------------+------------------+--------------+
; Method of Synchronizer Identification                                                                                                                                                                                                                              ; User Specified         ;              ;                  ;              ;
; Typical MTBF (years)                                                                                                                                                                                                                                               ; Greater than 1 Billion ;              ;                  ;              ;
; Number of Synchronization Registers in Chain                                                                                                                                                                                                                       ; 2                      ;              ;                  ;              ;
; Available Settling Time (ns)                                                                                                                                                                                                                                       ; 198.780                ;              ;                  ;              ;
; Data Toggle Rate Used in MTBF Calculation (millions of transitions / sec)                                                                                                                                                                                          ; 1.25                   ;              ;                  ;              ;
; Source Clock                                                                                                                                                                                                                                                       ;                        ;              ;                  ;              ;
;  Unknown                                                                                                                                                                                                                                                           ;                        ;              ;                  ;              ;
; Synchronization Clock                                                                                                                                                                                                                                              ;                        ;              ;                  ;              ;
;  altera_reserved_tck                                                                                                                                                                                                                                               ;                        ; 100.000      ; 10.0 MHz         ;              ;
; Asynchronous Source                                                                                                                                                                                                                                                ;                        ;              ;                  ;              ;
;  SoC:inst|SoC_cpu:cpu|SoC_cpu_nios2_oci:the_SoC_cpu_nios2_oci|SoC_cpu_nios2_oci_debug:the_SoC_cpu_nios2_oci_debug|monitor_ready                                                                                                                                    ;                        ;              ;                  ;              ;
; Synchronization Registers                                                                                                                                                                                                                                          ;                        ;              ;                  ;              ;
;  SoC:inst|SoC_cpu:cpu|SoC_cpu_nios2_oci:the_SoC_cpu_nios2_oci|SoC_cpu_jtag_debug_module_wrapper:the_SoC_cpu_jtag_debug_module_wrapper|SoC_cpu_jtag_debug_module_tck:the_SoC_cpu_jtag_debug_module_tck|altera_std_synchronizer:the_altera_std_synchronizer2|din_s1  ;                        ;              ;                  ; 99.594       ;
;  SoC:inst|SoC_cpu:cpu|SoC_cpu_nios2_oci:the_SoC_cpu_nios2_oci|SoC_cpu_jtag_debug_module_wrapper:the_SoC_cpu_jtag_debug_module_wrapper|SoC_cpu_jtag_debug_module_tck:the_SoC_cpu_jtag_debug_module_tck|altera_std_synchronizer:the_altera_std_synchronizer2|dreg[0] ;                        ;              ;                  ; 99.186       ;
+--------------------------------------------------------------------------------------------------------------------------------------------------------------------------------------------------------------------------------------------------------------------+------------------------+--------------+------------------+--------------+



+----------------------------------------------------------------------------------+
; Multicorner Timing Analysis Summary                                              ;
+----------------------+--------+-------+----------+---------+---------------------+
; Clock                ; Setup  ; Hold  ; Recovery ; Removal ; Minimum Pulse Width ;
+----------------------+--------+-------+----------+---------+---------------------+
; Worst-case Slack     ; 47.091 ; 0.181 ; 47.709   ; 0.498   ; 49.473              ;
;  altera_reserved_tck ; 47.091 ; 0.181 ; 47.709   ; 0.498   ; 49.473              ;
; Design-wide TNS      ; 0.0    ; 0.0   ; 0.0      ; 0.0     ; 0.0                 ;
;  altera_reserved_tck ; 0.000  ; 0.000 ; 0.000    ; 0.000   ; 0.000               ;
+----------------------+--------+-------+----------+---------+---------------------+


+------------------------------------------------------------------------------------------------+
; Setup Times                                                                                    ;
+---------------------+---------------------+--------+--------+------------+---------------------+
; Data Port           ; Clock Port          ; Rise   ; Fall   ; Clock Edge ; Clock Reference     ;
+---------------------+---------------------+--------+--------+------------+---------------------+
; altera_reserved_tdi ; altera_reserved_tck ; 4.988  ; 5.084  ; Rise       ; altera_reserved_tck ;
; altera_reserved_tms ; altera_reserved_tck ; 10.010 ; 10.126 ; Rise       ; altera_reserved_tck ;
+---------------------+---------------------+--------+--------+------------+---------------------+


+------------------------------------------------------------------------------------------------+
; Hold Times                                                                                     ;
+---------------------+---------------------+--------+--------+------------+---------------------+
; Data Port           ; Clock Port          ; Rise   ; Fall   ; Clock Edge ; Clock Reference     ;
+---------------------+---------------------+--------+--------+------------+---------------------+
; altera_reserved_tdi ; altera_reserved_tck ; -0.945 ; -0.989 ; Rise       ; altera_reserved_tck ;
; altera_reserved_tms ; altera_reserved_tck ; -1.636 ; -1.690 ; Rise       ; altera_reserved_tck ;
+---------------------+---------------------+--------+--------+------------+---------------------+


+------------------------------------------------------------------------------------------------+
; Clock to Output Times                                                                          ;
+---------------------+---------------------+--------+--------+------------+---------------------+
; Data Port           ; Clock Port          ; Rise   ; Fall   ; Clock Edge ; Clock Reference     ;
+---------------------+---------------------+--------+--------+------------+---------------------+
; altera_reserved_tdo ; altera_reserved_tck ; 16.484 ; 17.277 ; Fall       ; altera_reserved_tck ;
+---------------------+---------------------+--------+--------+------------+---------------------+


+----------------------------------------------------------------------------------------------+
; Minimum Clock to Output Times                                                                ;
+---------------------+---------------------+-------+-------+------------+---------------------+
; Data Port           ; Clock Port          ; Rise  ; Fall  ; Clock Edge ; Clock Reference     ;
+---------------------+---------------------+-------+-------+------------+---------------------+
; altera_reserved_tdo ; altera_reserved_tck ; 7.411 ; 7.885 ; Fall       ; altera_reserved_tck ;
+---------------------+---------------------+-------+-------+------------+---------------------+


+----------------------------------------------------+
; Propagation Delay                                  ;
+------------+-------------+-------+----+----+-------+
; Input Port ; Output Port ; RR    ; RF ; FR ; FF    ;
+------------+-------------+-------+----+----+-------+
; INPUT      ; SDRAM_CLK1  ; 0.827 ;    ;    ; 0.941 ;
+------------+-------------+-------+----+----+-------+


+----------------------------------------------------+
; Minimum Propagation Delay                          ;
+------------+-------------+-------+----+----+-------+
; Input Port ; Output Port ; RR    ; RF ; FR ; FF    ;
+------------+-------------+-------+----+----+-------+
; INPUT      ; SDRAM_CLK1  ; 0.180 ;    ;    ; 0.444 ;
+------------+-------------+-------+----+----+-------+


+------------------------------------------------------------------------------------------------------------------------------------------------------------------------------------------------------------------------------------------------------------------------------------------------------------------------------------------------------------------------------------------------------------------------+
; Board Trace Model Assignments                                                                                                                                                                                                                                                                                                                                                                                          ;
+---------------------+--------------+-------------------+-------------------------+-------------------------+---------------+---------------------+----------------+------------------+--------+------------------+------------------------+------------------------+--------------+---------------+-----------------+-------+---------------------+--------------------+---------------+-----------------+-------------+
; Pin                 ; I/O Standard ; Near Tline Length ; Near Tline L per Length ; Near Tline C per Length ; Near Series R ; Near Differential R ; Near Pull-up R ; Near Pull-down R ; Near C ; Far Tline Length ; Far Tline L per Length ; Far Tline C per Length ; Far Series R ; Far Pull-up R ; Far Pull-down R ; Far C ; Termination Voltage ; Far Differential R ; EBD File Name ; EBD Signal Name ; EBD Far-end ;
+---------------------+--------------+-------------------+-------------------------+-------------------------+---------------+---------------------+----------------+------------------+--------+------------------+------------------------+------------------------+--------------+---------------+-----------------+-------+---------------------+--------------------+---------------+-----------------+-------------+
; SDRAM_CAS_N         ; 2.5 V        ; 0 in              ; 0 H/in                  ; 0 F/in                  ; short         ; -                   ; open           ; open             ; open   ; 0 in             ; 0 H/in                 ; 0 F/in                 ; short        ; open          ; open            ; open  ; 0 V                 ; -                  ; n/a           ; n/a             ; n/a         ;
; SDRAM_CKE           ; 2.5 V        ; 0 in              ; 0 H/in                  ; 0 F/in                  ; short         ; -                   ; open           ; open             ; open   ; 0 in             ; 0 H/in                 ; 0 F/in                 ; short        ; open          ; open            ; open  ; 0 V                 ; -                  ; n/a           ; n/a             ; n/a         ;
; SDRAM_CS_N          ; 2.5 V        ; 0 in              ; 0 H/in                  ; 0 F/in                  ; short         ; -                   ; open           ; open             ; open   ; 0 in             ; 0 H/in                 ; 0 F/in                 ; short        ; open          ; open            ; open  ; 0 V                 ; -                  ; n/a           ; n/a             ; n/a         ;
; SDRAM_RAS_N         ; 2.5 V        ; 0 in              ; 0 H/in                  ; 0 F/in                  ; short         ; -                   ; open           ; open             ; open   ; 0 in             ; 0 H/in                 ; 0 F/in                 ; short        ; open          ; open            ; open  ; 0 V                 ; -                  ; n/a           ; n/a             ; n/a         ;
; SDRAM_WE_N          ; 2.5 V        ; 0 in              ; 0 H/in                  ; 0 F/in                  ; short         ; -                   ; open           ; open             ; open   ; 0 in             ; 0 H/in                 ; 0 F/in                 ; short        ; open          ; open            ; open  ; 0 V                 ; -                  ; n/a           ; n/a             ; n/a         ;
; SDRAM_CLK1          ; 2.5 V        ; 0 in              ; 0 H/in                  ; 0 F/in                  ; short         ; -                   ; open           ; open             ; open   ; 0 in             ; 0 H/in                 ; 0 F/in                 ; short        ; open          ; open            ; open  ; 0 V                 ; -                  ; n/a           ; n/a             ; n/a         ;
; LED[7]              ; 2.5 V        ; 0 in              ; 0 H/in                  ; 0 F/in                  ; short         ; -                   ; open           ; open             ; open   ; 0 in             ; 0 H/in                 ; 0 F/in                 ; short        ; open          ; open            ; open  ; 0 V                 ; -                  ; n/a           ; n/a             ; n/a         ;
; LED[6]              ; 2.5 V        ; 0 in              ; 0 H/in                  ; 0 F/in                  ; short         ; -                   ; open           ; open             ; open   ; 0 in             ; 0 H/in                 ; 0 F/in                 ; short        ; open          ; open            ; open  ; 0 V                 ; -                  ; n/a           ; n/a             ; n/a         ;
; LED[5]              ; 2.5 V        ; 0 in              ; 0 H/in                  ; 0 F/in                  ; short         ; -                   ; open           ; open             ; open   ; 0 in             ; 0 H/in                 ; 0 F/in                 ; short        ; open          ; open            ; open  ; 0 V                 ; -                  ; n/a           ; n/a             ; n/a         ;
; LED[4]              ; 2.5 V        ; 0 in              ; 0 H/in                  ; 0 F/in                  ; short         ; -                   ; open           ; open             ; open   ; 0 in             ; 0 H/in                 ; 0 F/in                 ; short        ; open          ; open            ; open  ; 0 V                 ; -                  ; n/a           ; n/a             ; n/a         ;
; LED[3]              ; 2.5 V        ; 0 in              ; 0 H/in                  ; 0 F/in                  ; short         ; -                   ; open           ; open             ; open   ; 0 in             ; 0 H/in                 ; 0 F/in                 ; short        ; open          ; open            ; open  ; 0 V                 ; -                  ; n/a           ; n/a             ; n/a         ;
; LED[2]              ; 2.5 V        ; 0 in              ; 0 H/in                  ; 0 F/in                  ; short         ; -                   ; open           ; open             ; open   ; 0 in             ; 0 H/in                 ; 0 F/in                 ; short        ; open          ; open            ; open  ; 0 V                 ; -                  ; n/a           ; n/a             ; n/a         ;
; LED[1]              ; 2.5 V        ; 0 in              ; 0 H/in                  ; 0 F/in                  ; short         ; -                   ; open           ; open             ; open   ; 0 in             ; 0 H/in                 ; 0 F/in                 ; short        ; open          ; open            ; open  ; 0 V                 ; -                  ; n/a           ; n/a             ; n/a         ;
; LED[0]              ; 2.5 V        ; 0 in              ; 0 H/in                  ; 0 F/in                  ; short         ; -                   ; open           ; open             ; open   ; 0 in             ; 0 H/in                 ; 0 F/in                 ; short        ; open          ; open            ; open  ; 0 V                 ; -                  ; n/a           ; n/a             ; n/a         ;
; SDRAM_ADDR[12]      ; 2.5 V        ; 0 in              ; 0 H/in                  ; 0 F/in                  ; short         ; -                   ; open           ; open             ; open   ; 0 in             ; 0 H/in                 ; 0 F/in                 ; short        ; open          ; open            ; open  ; 0 V                 ; -                  ; n/a           ; n/a             ; n/a         ;
; SDRAM_ADDR[11]      ; 2.5 V        ; 0 in              ; 0 H/in                  ; 0 F/in                  ; short         ; -                   ; open           ; open             ; open   ; 0 in             ; 0 H/in                 ; 0 F/in                 ; short        ; open          ; open            ; open  ; 0 V                 ; -                  ; n/a           ; n/a             ; n/a         ;
; SDRAM_ADDR[10]      ; 2.5 V        ; 0 in              ; 0 H/in                  ; 0 F/in                  ; short         ; -                   ; open           ; open             ; open   ; 0 in             ; 0 H/in                 ; 0 F/in                 ; short        ; open          ; open            ; open  ; 0 V                 ; -                  ; n/a           ; n/a             ; n/a         ;
; SDRAM_ADDR[9]       ; 2.5 V        ; 0 in              ; 0 H/in                  ; 0 F/in                  ; short         ; -                   ; open           ; open             ; open   ; 0 in             ; 0 H/in                 ; 0 F/in                 ; short        ; open          ; open            ; open  ; 0 V                 ; -                  ; n/a           ; n/a             ; n/a         ;
; SDRAM_ADDR[8]       ; 2.5 V        ; 0 in              ; 0 H/in                  ; 0 F/in                  ; short         ; -                   ; open           ; open             ; open   ; 0 in             ; 0 H/in                 ; 0 F/in                 ; short        ; open          ; open            ; open  ; 0 V                 ; -                  ; n/a           ; n/a             ; n/a         ;
; SDRAM_ADDR[7]       ; 2.5 V        ; 0 in              ; 0 H/in                  ; 0 F/in                  ; short         ; -                   ; open           ; open             ; open   ; 0 in             ; 0 H/in                 ; 0 F/in                 ; short        ; open          ; open            ; open  ; 0 V                 ; -                  ; n/a           ; n/a             ; n/a         ;
; SDRAM_ADDR[6]       ; 2.5 V        ; 0 in              ; 0 H/in                  ; 0 F/in                  ; short         ; -                   ; open           ; open             ; open   ; 0 in             ; 0 H/in                 ; 0 F/in                 ; short        ; open          ; open            ; open  ; 0 V                 ; -                  ; n/a           ; n/a             ; n/a         ;
; SDRAM_ADDR[5]       ; 2.5 V        ; 0 in              ; 0 H/in                  ; 0 F/in                  ; short         ; -                   ; open           ; open             ; open   ; 0 in             ; 0 H/in                 ; 0 F/in                 ; short        ; open          ; open            ; open  ; 0 V                 ; -                  ; n/a           ; n/a             ; n/a         ;
; SDRAM_ADDR[4]       ; 2.5 V        ; 0 in              ; 0 H/in                  ; 0 F/in                  ; short         ; -                   ; open           ; open             ; open   ; 0 in             ; 0 H/in                 ; 0 F/in                 ; short        ; open          ; open            ; open  ; 0 V                 ; -                  ; n/a           ; n/a             ; n/a         ;
; SDRAM_ADDR[3]       ; 2.5 V        ; 0 in              ; 0 H/in                  ; 0 F/in                  ; short         ; -                   ; open           ; open             ; open   ; 0 in             ; 0 H/in                 ; 0 F/in                 ; short        ; open          ; open            ; open  ; 0 V                 ; -                  ; n/a           ; n/a             ; n/a         ;
; SDRAM_ADDR[2]       ; 2.5 V        ; 0 in              ; 0 H/in                  ; 0 F/in                  ; short         ; -                   ; open           ; open             ; open   ; 0 in             ; 0 H/in                 ; 0 F/in                 ; short        ; open          ; open            ; open  ; 0 V                 ; -                  ; n/a           ; n/a             ; n/a         ;
; SDRAM_ADDR[1]       ; 2.5 V        ; 0 in              ; 0 H/in                  ; 0 F/in                  ; short         ; -                   ; open           ; open             ; open   ; 0 in             ; 0 H/in                 ; 0 F/in                 ; short        ; open          ; open            ; open  ; 0 V                 ; -                  ; n/a           ; n/a             ; n/a         ;
; SDRAM_ADDR[0]       ; 2.5 V        ; 0 in              ; 0 H/in                  ; 0 F/in                  ; short         ; -                   ; open           ; open             ; open   ; 0 in             ; 0 H/in                 ; 0 F/in                 ; short        ; open          ; open            ; open  ; 0 V                 ; -                  ; n/a           ; n/a             ; n/a         ;
; SDRAM_BA[1]         ; 2.5 V        ; 0 in              ; 0 H/in                  ; 0 F/in                  ; short         ; -                   ; open           ; open             ; open   ; 0 in             ; 0 H/in                 ; 0 F/in                 ; short        ; open          ; open            ; open  ; 0 V                 ; -                  ; n/a           ; n/a             ; n/a         ;
; SDRAM_BA[0]         ; 2.5 V        ; 0 in              ; 0 H/in                  ; 0 F/in                  ; short         ; -                   ; open           ; open             ; open   ; 0 in             ; 0 H/in                 ; 0 F/in                 ; short        ; open          ; open            ; open  ; 0 V                 ; -                  ; n/a           ; n/a             ; n/a         ;
; SDRAM_DQM[3]        ; 2.5 V        ; 0 in              ; 0 H/in                  ; 0 F/in                  ; short         ; -                   ; open           ; open             ; open   ; 0 in             ; 0 H/in                 ; 0 F/in                 ; short        ; open          ; open            ; open  ; 0 V                 ; -                  ; n/a           ; n/a             ; n/a         ;
; SDRAM_DQM[2]        ; 2.5 V        ; 0 in              ; 0 H/in                  ; 0 F/in                  ; short         ; -                   ; open           ; open             ; open   ; 0 in             ; 0 H/in                 ; 0 F/in                 ; short        ; open          ; open            ; open  ; 0 V                 ; -                  ; n/a           ; n/a             ; n/a         ;
; SDRAM_DQM[1]        ; 2.5 V        ; 0 in              ; 0 H/in                  ; 0 F/in                  ; short         ; -                   ; open           ; open             ; open   ; 0 in             ; 0 H/in                 ; 0 F/in                 ; short        ; open          ; open            ; open  ; 0 V                 ; -                  ; n/a           ; n/a             ; n/a         ;
; SDRAM_DQM[0]        ; 2.5 V        ; 0 in              ; 0 H/in                  ; 0 F/in                  ; short         ; -                   ; open           ; open             ; open   ; 0 in             ; 0 H/in                 ; 0 F/in                 ; short        ; open          ; open            ; open  ; 0 V                 ; -                  ; n/a           ; n/a             ; n/a         ;
; SDRAM_DQ[31]        ; 2.5 V        ; 0 in              ; 0 H/in                  ; 0 F/in                  ; short         ; -                   ; open           ; open             ; open   ; 0 in             ; 0 H/in                 ; 0 F/in                 ; short        ; open          ; open            ; open  ; 0 V                 ; -                  ; n/a           ; n/a             ; n/a         ;
; SDRAM_DQ[30]        ; 2.5 V        ; 0 in              ; 0 H/in                  ; 0 F/in                  ; short         ; -                   ; open           ; open             ; open   ; 0 in             ; 0 H/in                 ; 0 F/in                 ; short        ; open          ; open            ; open  ; 0 V                 ; -                  ; n/a           ; n/a             ; n/a         ;
; SDRAM_DQ[29]        ; 2.5 V        ; 0 in              ; 0 H/in                  ; 0 F/in                  ; short         ; -                   ; open           ; open             ; open   ; 0 in             ; 0 H/in                 ; 0 F/in                 ; short        ; open          ; open            ; open  ; 0 V                 ; -                  ; n/a           ; n/a             ; n/a         ;
; SDRAM_DQ[28]        ; 2.5 V        ; 0 in              ; 0 H/in                  ; 0 F/in                  ; short         ; -                   ; open           ; open             ; open   ; 0 in             ; 0 H/in                 ; 0 F/in                 ; short        ; open          ; open            ; open  ; 0 V                 ; -                  ; n/a           ; n/a             ; n/a         ;
; SDRAM_DQ[27]        ; 2.5 V        ; 0 in              ; 0 H/in                  ; 0 F/in                  ; short         ; -                   ; open           ; open             ; open   ; 0 in             ; 0 H/in                 ; 0 F/in                 ; short        ; open          ; open            ; open  ; 0 V                 ; -                  ; n/a           ; n/a             ; n/a         ;
; SDRAM_DQ[26]        ; 2.5 V        ; 0 in              ; 0 H/in                  ; 0 F/in                  ; short         ; -                   ; open           ; open             ; open   ; 0 in             ; 0 H/in                 ; 0 F/in                 ; short        ; open          ; open            ; open  ; 0 V                 ; -                  ; n/a           ; n/a             ; n/a         ;
; SDRAM_DQ[25]        ; 2.5 V        ; 0 in              ; 0 H/in                  ; 0 F/in                  ; short         ; -                   ; open           ; open             ; open   ; 0 in             ; 0 H/in                 ; 0 F/in                 ; short        ; open          ; open            ; open  ; 0 V                 ; -                  ; n/a           ; n/a             ; n/a         ;
; SDRAM_DQ[24]        ; 2.5 V        ; 0 in              ; 0 H/in                  ; 0 F/in                  ; short         ; -                   ; open           ; open             ; open   ; 0 in             ; 0 H/in                 ; 0 F/in                 ; short        ; open          ; open            ; open  ; 0 V                 ; -                  ; n/a           ; n/a             ; n/a         ;
; SDRAM_DQ[23]        ; 2.5 V        ; 0 in              ; 0 H/in                  ; 0 F/in                  ; short         ; -                   ; open           ; open             ; open   ; 0 in             ; 0 H/in                 ; 0 F/in                 ; short        ; open          ; open            ; open  ; 0 V                 ; -                  ; n/a           ; n/a             ; n/a         ;
; SDRAM_DQ[22]        ; 2.5 V        ; 0 in              ; 0 H/in                  ; 0 F/in                  ; short         ; -                   ; open           ; open             ; open   ; 0 in             ; 0 H/in                 ; 0 F/in                 ; short        ; open          ; open            ; open  ; 0 V                 ; -                  ; n/a           ; n/a             ; n/a         ;
; SDRAM_DQ[21]        ; 2.5 V        ; 0 in              ; 0 H/in                  ; 0 F/in                  ; short         ; -                   ; open           ; open             ; open   ; 0 in             ; 0 H/in                 ; 0 F/in                 ; short        ; open          ; open            ; open  ; 0 V                 ; -                  ; n/a           ; n/a             ; n/a         ;
; SDRAM_DQ[20]        ; 2.5 V        ; 0 in              ; 0 H/in                  ; 0 F/in                  ; short         ; -                   ; open           ; open             ; open   ; 0 in             ; 0 H/in                 ; 0 F/in                 ; short        ; open          ; open            ; open  ; 0 V                 ; -                  ; n/a           ; n/a             ; n/a         ;
; SDRAM_DQ[19]        ; 2.5 V        ; 0 in              ; 0 H/in                  ; 0 F/in                  ; short         ; -                   ; open           ; open             ; open   ; 0 in             ; 0 H/in                 ; 0 F/in                 ; short        ; open          ; open            ; open  ; 0 V                 ; -                  ; n/a           ; n/a             ; n/a         ;
; SDRAM_DQ[18]        ; 2.5 V        ; 0 in              ; 0 H/in                  ; 0 F/in                  ; short         ; -                   ; open           ; open             ; open   ; 0 in             ; 0 H/in                 ; 0 F/in                 ; short        ; open          ; open            ; open  ; 0 V                 ; -                  ; n/a           ; n/a             ; n/a         ;
; SDRAM_DQ[17]        ; 2.5 V        ; 0 in              ; 0 H/in                  ; 0 F/in                  ; short         ; -                   ; open           ; open             ; open   ; 0 in             ; 0 H/in                 ; 0 F/in                 ; short        ; open          ; open            ; open  ; 0 V                 ; -                  ; n/a           ; n/a             ; n/a         ;
; SDRAM_DQ[16]        ; 2.5 V        ; 0 in              ; 0 H/in                  ; 0 F/in                  ; short         ; -                   ; open           ; open             ; open   ; 0 in             ; 0 H/in                 ; 0 F/in                 ; short        ; open          ; open            ; open  ; 0 V                 ; -                  ; n/a           ; n/a             ; n/a         ;
; SDRAM_DQ[15]        ; 2.5 V        ; 0 in              ; 0 H/in                  ; 0 F/in                  ; short         ; -                   ; open           ; open             ; open   ; 0 in             ; 0 H/in                 ; 0 F/in                 ; short        ; open          ; open            ; open  ; 0 V                 ; -                  ; n/a           ; n/a             ; n/a         ;
; SDRAM_DQ[14]        ; 2.5 V        ; 0 in              ; 0 H/in                  ; 0 F/in                  ; short         ; -                   ; open           ; open             ; open   ; 0 in             ; 0 H/in                 ; 0 F/in                 ; short        ; open          ; open            ; open  ; 0 V                 ; -                  ; n/a           ; n/a             ; n/a         ;
; SDRAM_DQ[13]        ; 2.5 V        ; 0 in              ; 0 H/in                  ; 0 F/in                  ; short         ; -                   ; open           ; open             ; open   ; 0 in             ; 0 H/in                 ; 0 F/in                 ; short        ; open          ; open            ; open  ; 0 V                 ; -                  ; n/a           ; n/a             ; n/a         ;
; SDRAM_DQ[12]        ; 2.5 V        ; 0 in              ; 0 H/in                  ; 0 F/in                  ; short         ; -                   ; open           ; open             ; open   ; 0 in             ; 0 H/in                 ; 0 F/in                 ; short        ; open          ; open            ; open  ; 0 V                 ; -                  ; n/a           ; n/a             ; n/a         ;
; SDRAM_DQ[11]        ; 2.5 V        ; 0 in              ; 0 H/in                  ; 0 F/in                  ; short         ; -                   ; open           ; open             ; open   ; 0 in             ; 0 H/in                 ; 0 F/in                 ; short        ; open          ; open            ; open  ; 0 V                 ; -                  ; n/a           ; n/a             ; n/a         ;
; SDRAM_DQ[10]        ; 2.5 V        ; 0 in              ; 0 H/in                  ; 0 F/in                  ; short         ; -                   ; open           ; open             ; open   ; 0 in             ; 0 H/in                 ; 0 F/in                 ; short        ; open          ; open            ; open  ; 0 V                 ; -                  ; n/a           ; n/a             ; n/a         ;
; SDRAM_DQ[9]         ; 2.5 V        ; 0 in              ; 0 H/in                  ; 0 F/in                  ; short         ; -                   ; open           ; open             ; open   ; 0 in             ; 0 H/in                 ; 0 F/in                 ; short        ; open          ; open            ; open  ; 0 V                 ; -                  ; n/a           ; n/a             ; n/a         ;
; SDRAM_DQ[8]         ; 2.5 V        ; 0 in              ; 0 H/in                  ; 0 F/in                  ; short         ; -                   ; open           ; open             ; open   ; 0 in             ; 0 H/in                 ; 0 F/in                 ; short        ; open          ; open            ; open  ; 0 V                 ; -                  ; n/a           ; n/a             ; n/a         ;
; SDRAM_DQ[7]         ; 2.5 V        ; 0 in              ; 0 H/in                  ; 0 F/in                  ; short         ; -                   ; open           ; open             ; open   ; 0 in             ; 0 H/in                 ; 0 F/in                 ; short        ; open          ; open            ; open  ; 0 V                 ; -                  ; n/a           ; n/a             ; n/a         ;
; SDRAM_DQ[6]         ; 2.5 V        ; 0 in              ; 0 H/in                  ; 0 F/in                  ; short         ; -                   ; open           ; open             ; open   ; 0 in             ; 0 H/in                 ; 0 F/in                 ; short        ; open          ; open            ; open  ; 0 V                 ; -                  ; n/a           ; n/a             ; n/a         ;
; SDRAM_DQ[5]         ; 2.5 V        ; 0 in              ; 0 H/in                  ; 0 F/in                  ; short         ; -                   ; open           ; open             ; open   ; 0 in             ; 0 H/in                 ; 0 F/in                 ; short        ; open          ; open            ; open  ; 0 V                 ; -                  ; n/a           ; n/a             ; n/a         ;
; SDRAM_DQ[4]         ; 2.5 V        ; 0 in              ; 0 H/in                  ; 0 F/in                  ; short         ; -                   ; open           ; open             ; open   ; 0 in             ; 0 H/in                 ; 0 F/in                 ; short        ; open          ; open            ; open  ; 0 V                 ; -                  ; n/a           ; n/a             ; n/a         ;
; SDRAM_DQ[3]         ; 2.5 V        ; 0 in              ; 0 H/in                  ; 0 F/in                  ; short         ; -                   ; open           ; open             ; open   ; 0 in             ; 0 H/in                 ; 0 F/in                 ; short        ; open          ; open            ; open  ; 0 V                 ; -                  ; n/a           ; n/a             ; n/a         ;
; SDRAM_DQ[2]         ; 2.5 V        ; 0 in              ; 0 H/in                  ; 0 F/in                  ; short         ; -                   ; open           ; open             ; open   ; 0 in             ; 0 H/in                 ; 0 F/in                 ; short        ; open          ; open            ; open  ; 0 V                 ; -                  ; n/a           ; n/a             ; n/a         ;
; SDRAM_DQ[1]         ; 2.5 V        ; 0 in              ; 0 H/in                  ; 0 F/in                  ; short         ; -                   ; open           ; open             ; open   ; 0 in             ; 0 H/in                 ; 0 F/in                 ; short        ; open          ; open            ; open  ; 0 V                 ; -                  ; n/a           ; n/a             ; n/a         ;
; SDRAM_DQ[0]         ; 2.5 V        ; 0 in              ; 0 H/in                  ; 0 F/in                  ; short         ; -                   ; open           ; open             ; open   ; 0 in             ; 0 H/in                 ; 0 F/in                 ; short        ; open          ; open            ; open  ; 0 V                 ; -                  ; n/a           ; n/a             ; n/a         ;
; altera_reserved_tdo ; 2.5 V        ; 0 in              ; 0 H/in                  ; 0 F/in                  ; short         ; -                   ; open           ; open             ; open   ; 0 in             ; 0 H/in                 ; 0 F/in                 ; short        ; open          ; open            ; open  ; 0 V                 ; -                  ; n/a           ; n/a             ; n/a         ;
; ~ALTERA_DCLK~       ; 2.5 V        ; 0 in              ; 0 H/in                  ; 0 F/in                  ; short         ; -                   ; open           ; open             ; open   ; 0 in             ; 0 H/in                 ; 0 F/in                 ; short        ; open          ; open            ; open  ; 0 V                 ; -                  ; n/a           ; n/a             ; n/a         ;
; ~ALTERA_nCEO~       ; 2.5 V        ; 0 in              ; 0 H/in                  ; 0 F/in                  ; short         ; -                   ; open           ; open             ; open   ; 0 in             ; 0 H/in                 ; 0 F/in                 ; short        ; open          ; open            ; open  ; 0 V                 ; -                  ; n/a           ; n/a             ; n/a         ;
+---------------------+--------------+-------------------+-------------------------+-------------------------+---------------+---------------------+----------------+------------------+--------+------------------+------------------------+------------------------+--------------+---------------+-----------------+-------+---------------------+--------------------+---------------+-----------------+-------------+


+----------------------------------------------------------------------------+
; Input Transition Times                                                     ;
+-------------------------+--------------+-----------------+-----------------+
; Pin                     ; I/O Standard ; 10-90 Rise Time ; 90-10 Fall Time ;
+-------------------------+--------------+-----------------+-----------------+
; SDRAM_DQ[31]            ; 2.5 V        ; 2000 ps         ; 2000 ps         ;
; SDRAM_DQ[30]            ; 2.5 V        ; 2000 ps         ; 2000 ps         ;
; SDRAM_DQ[29]            ; 2.5 V        ; 2000 ps         ; 2000 ps         ;
; SDRAM_DQ[28]            ; 2.5 V        ; 2000 ps         ; 2000 ps         ;
; SDRAM_DQ[27]            ; 2.5 V        ; 2000 ps         ; 2000 ps         ;
; SDRAM_DQ[26]            ; 2.5 V        ; 2000 ps         ; 2000 ps         ;
; SDRAM_DQ[25]            ; 2.5 V        ; 2000 ps         ; 2000 ps         ;
; SDRAM_DQ[24]            ; 2.5 V        ; 2000 ps         ; 2000 ps         ;
; SDRAM_DQ[23]            ; 2.5 V        ; 2000 ps         ; 2000 ps         ;
; SDRAM_DQ[22]            ; 2.5 V        ; 2000 ps         ; 2000 ps         ;
; SDRAM_DQ[21]            ; 2.5 V        ; 2000 ps         ; 2000 ps         ;
; SDRAM_DQ[20]            ; 2.5 V        ; 2000 ps         ; 2000 ps         ;
; SDRAM_DQ[19]            ; 2.5 V        ; 2000 ps         ; 2000 ps         ;
; SDRAM_DQ[18]            ; 2.5 V        ; 2000 ps         ; 2000 ps         ;
; SDRAM_DQ[17]            ; 2.5 V        ; 2000 ps         ; 2000 ps         ;
; SDRAM_DQ[16]            ; 2.5 V        ; 2000 ps         ; 2000 ps         ;
; SDRAM_DQ[15]            ; 2.5 V        ; 2000 ps         ; 2000 ps         ;
; SDRAM_DQ[14]            ; 2.5 V        ; 2000 ps         ; 2000 ps         ;
; SDRAM_DQ[13]            ; 2.5 V        ; 2000 ps         ; 2000 ps         ;
; SDRAM_DQ[12]            ; 2.5 V        ; 2000 ps         ; 2000 ps         ;
; SDRAM_DQ[11]            ; 2.5 V        ; 2000 ps         ; 2000 ps         ;
; SDRAM_DQ[10]            ; 2.5 V        ; 2000 ps         ; 2000 ps         ;
; SDRAM_DQ[9]             ; 2.5 V        ; 2000 ps         ; 2000 ps         ;
; SDRAM_DQ[8]             ; 2.5 V        ; 2000 ps         ; 2000 ps         ;
; SDRAM_DQ[7]             ; 2.5 V        ; 2000 ps         ; 2000 ps         ;
; SDRAM_DQ[6]             ; 2.5 V        ; 2000 ps         ; 2000 ps         ;
; SDRAM_DQ[5]             ; 2.5 V        ; 2000 ps         ; 2000 ps         ;
; SDRAM_DQ[4]             ; 2.5 V        ; 2000 ps         ; 2000 ps         ;
; SDRAM_DQ[3]             ; 2.5 V        ; 2000 ps         ; 2000 ps         ;
; SDRAM_DQ[2]             ; 2.5 V        ; 2000 ps         ; 2000 ps         ;
; SDRAM_DQ[1]             ; 2.5 V        ; 2000 ps         ; 2000 ps         ;
; SDRAM_DQ[0]             ; 2.5 V        ; 2000 ps         ; 2000 ps         ;
; INPUT                   ; 2.5 V        ; 2000 ps         ; 2000 ps         ;
; altera_reserved_tms     ; 2.5 V        ; 2000 ps         ; 2000 ps         ;
; altera_reserved_tck     ; 2.5 V        ; 2000 ps         ; 2000 ps         ;
; altera_reserved_tdi     ; 2.5 V        ; 2000 ps         ; 2000 ps         ;
; ~ALTERA_ASDO_DATA1~     ; 2.5 V        ; 2000 ps         ; 2000 ps         ;
; ~ALTERA_FLASH_nCE_nCSO~ ; 2.5 V        ; 2000 ps         ; 2000 ps         ;
; ~ALTERA_DATA0~          ; 2.5 V        ; 2000 ps         ; 2000 ps         ;
+-------------------------+--------------+-----------------+-----------------+


+--------------------------------------------------------------------------------------------------------------------------------------------------------------------------------------------------------------------------------------------------------------------------------------------------------------------------------------------------------------------------------------------------------------------------------------------------------------------------------------------------------------------------------------------------------------------------------------------------------------------------------------------------------------------------------------------------+
; Signal Integrity Metrics (Slow 1200mv 0c Model)                                                                                                                                                                                                                                                                                                                                                                                                                                                                                                                                                                                                                                                  ;
+---------------------+--------------+---------------------+---------------------+------------------------------+------------------------------+---------------------+---------------------+--------------------------------------+--------------------------------------+-----------------------------+-----------------------------+----------------------------+----------------------------+-----------------------------+-----------------------------+--------------------+--------------------+-------------------------------------+-------------------------------------+----------------------------+----------------------------+---------------------------+---------------------------+
; Pin                 ; I/O Standard ; Board Delay on Rise ; Board Delay on Fall ; Steady State Voh at FPGA Pin ; Steady State Vol at FPGA Pin ; Voh Max at FPGA Pin ; Vol Min at FPGA Pin ; Ringback Voltage on Rise at FPGA Pin ; Ringback Voltage on Fall at FPGA Pin ; 10-90 Rise Time at FPGA Pin ; 90-10 Fall Time at FPGA Pin ; Monotonic Rise at FPGA Pin ; Monotonic Fall at FPGA Pin ; Steady State Voh at Far-end ; Steady State Vol at Far-end ; Voh Max at Far-end ; Vol Min at Far-end ; Ringback Voltage on Rise at Far-end ; Ringback Voltage on Fall at Far-end ; 10-90 Rise Time at Far-end ; 90-10 Fall Time at Far-end ; Monotonic Rise at Far-end ; Monotonic Fall at Far-end ;
+---------------------+--------------+---------------------+---------------------+------------------------------+------------------------------+---------------------+---------------------+--------------------------------------+--------------------------------------+-----------------------------+-----------------------------+----------------------------+----------------------------+-----------------------------+-----------------------------+--------------------+--------------------+-------------------------------------+-------------------------------------+----------------------------+----------------------------+---------------------------+---------------------------+
; SDRAM_CAS_N         ; 2.5 V        ; 0 s                 ; 0 s                 ; 2.32 V                       ; 3.07e-09 V                   ; 2.37 V              ; -0.00994 V          ; 0.186 V                              ; 0.028 V                              ; 4.98e-10 s                  ; 4.96e-10 s                  ; Yes                        ; Yes                        ; 2.32 V                      ; 3.07e-09 V                  ; 2.37 V             ; -0.00994 V         ; 0.186 V                             ; 0.028 V                             ; 4.98e-10 s                 ; 4.96e-10 s                 ; Yes                       ; Yes                       ;
; SDRAM_CKE           ; 2.5 V        ; 0 s                 ; 0 s                 ; 2.32 V                       ; 3.07e-09 V                   ; 2.37 V              ; -0.00994 V          ; 0.186 V                              ; 0.028 V                              ; 4.98e-10 s                  ; 4.96e-10 s                  ; Yes                        ; Yes                        ; 2.32 V                      ; 3.07e-09 V                  ; 2.37 V             ; -0.00994 V         ; 0.186 V                             ; 0.028 V                             ; 4.98e-10 s                 ; 4.96e-10 s                 ; Yes                       ; Yes                       ;
; SDRAM_CS_N          ; 2.5 V        ; 0 s                 ; 0 s                 ; 2.32 V                       ; 3.07e-09 V                   ; 2.37 V              ; -0.00994 V          ; 0.186 V                              ; 0.028 V                              ; 4.98e-10 s                  ; 4.96e-10 s                  ; Yes                        ; Yes                        ; 2.32 V                      ; 3.07e-09 V                  ; 2.37 V             ; -0.00994 V         ; 0.186 V                             ; 0.028 V                             ; 4.98e-10 s                 ; 4.96e-10 s                 ; Yes                       ; Yes                       ;
; SDRAM_RAS_N         ; 2.5 V        ; 0 s                 ; 0 s                 ; 2.32 V                       ; 3.07e-09 V                   ; 2.37 V              ; -0.00994 V          ; 0.186 V                              ; 0.028 V                              ; 4.98e-10 s                  ; 4.96e-10 s                  ; Yes                        ; Yes                        ; 2.32 V                      ; 3.07e-09 V                  ; 2.37 V             ; -0.00994 V         ; 0.186 V                             ; 0.028 V                             ; 4.98e-10 s                 ; 4.96e-10 s                 ; Yes                       ; Yes                       ;
; SDRAM_WE_N          ; 2.5 V        ; 0 s                 ; 0 s                 ; 2.32 V                       ; 3.07e-09 V                   ; 2.37 V              ; -0.00994 V          ; 0.186 V                              ; 0.028 V                              ; 4.98e-10 s                  ; 4.96e-10 s                  ; Yes                        ; Yes                        ; 2.32 V                      ; 3.07e-09 V                  ; 2.37 V             ; -0.00994 V         ; 0.186 V                             ; 0.028 V                             ; 4.98e-10 s                 ; 4.96e-10 s                 ; Yes                       ; Yes                       ;
; SDRAM_CLK1          ; 2.5 V        ; 0 s                 ; 0 s                 ; 2.32 V                       ; 4.49e-09 V                   ; 2.38 V              ; -0.00552 V          ; 0.096 V                              ; 0.019 V                              ; 4.18e-10 s                  ; 3.59e-10 s                  ; No                         ; Yes                        ; 2.32 V                      ; 4.49e-09 V                  ; 2.38 V             ; -0.00552 V         ; 0.096 V                             ; 0.019 V                             ; 4.18e-10 s                 ; 3.59e-10 s                 ; No                        ; Yes                       ;
; LED[7]              ; 2.5 V        ; 0 s                 ; 0 s                 ; 2.32 V                       ; 4.49e-09 V                   ; 2.38 V              ; -0.00552 V          ; 0.096 V                              ; 0.019 V                              ; 4.18e-10 s                  ; 3.59e-10 s                  ; No                         ; Yes                        ; 2.32 V                      ; 4.49e-09 V                  ; 2.38 V             ; -0.00552 V         ; 0.096 V                             ; 0.019 V                             ; 4.18e-10 s                 ; 3.59e-10 s                 ; No                        ; Yes                       ;
; LED[6]              ; 2.5 V        ; 0 s                 ; 0 s                 ; 2.32 V                       ; 4.49e-09 V                   ; 2.38 V              ; -0.00552 V          ; 0.096 V                              ; 0.019 V                              ; 4.18e-10 s                  ; 3.59e-10 s                  ; No                         ; Yes                        ; 2.32 V                      ; 4.49e-09 V                  ; 2.38 V             ; -0.00552 V         ; 0.096 V                             ; 0.019 V                             ; 4.18e-10 s                 ; 3.59e-10 s                 ; No                        ; Yes                       ;
; LED[5]              ; 2.5 V        ; 0 s                 ; 0 s                 ; 2.32 V                       ; 4.49e-09 V                   ; 2.38 V              ; -0.00552 V          ; 0.096 V                              ; 0.019 V                              ; 4.18e-10 s                  ; 3.59e-10 s                  ; No                         ; Yes                        ; 2.32 V                      ; 4.49e-09 V                  ; 2.38 V             ; -0.00552 V         ; 0.096 V                             ; 0.019 V                             ; 4.18e-10 s                 ; 3.59e-10 s                 ; No                        ; Yes                       ;
; LED[4]              ; 2.5 V        ; 0 s                 ; 0 s                 ; 2.32 V                       ; 4.49e-09 V                   ; 2.38 V              ; -0.00552 V          ; 0.096 V                              ; 0.019 V                              ; 4.18e-10 s                  ; 3.59e-10 s                  ; No                         ; Yes                        ; 2.32 V                      ; 4.49e-09 V                  ; 2.38 V             ; -0.00552 V         ; 0.096 V                             ; 0.019 V                             ; 4.18e-10 s                 ; 3.59e-10 s                 ; No                        ; Yes                       ;
; LED[3]              ; 2.5 V        ; 0 s                 ; 0 s                 ; 2.32 V                       ; 4.49e-09 V                   ; 2.38 V              ; -0.00552 V          ; 0.096 V                              ; 0.019 V                              ; 4.18e-10 s                  ; 3.59e-10 s                  ; No                         ; Yes                        ; 2.32 V                      ; 4.49e-09 V                  ; 2.38 V             ; -0.00552 V         ; 0.096 V                             ; 0.019 V                             ; 4.18e-10 s                 ; 3.59e-10 s                 ; No                        ; Yes                       ;
; LED[2]              ; 2.5 V        ; 0 s                 ; 0 s                 ; 2.32 V                       ; 4.49e-09 V                   ; 2.38 V              ; -0.00552 V          ; 0.096 V                              ; 0.019 V                              ; 4.18e-10 s                  ; 3.59e-10 s                  ; No                         ; Yes                        ; 2.32 V                      ; 4.49e-09 V                  ; 2.38 V             ; -0.00552 V         ; 0.096 V                             ; 0.019 V                             ; 4.18e-10 s                 ; 3.59e-10 s                 ; No                        ; Yes                       ;
; LED[1]              ; 2.5 V        ; 0 s                 ; 0 s                 ; 2.32 V                       ; 4.49e-09 V                   ; 2.38 V              ; -0.00552 V          ; 0.096 V                              ; 0.019 V                              ; 4.18e-10 s                  ; 3.59e-10 s                  ; No                         ; Yes                        ; 2.32 V                      ; 4.49e-09 V                  ; 2.38 V             ; -0.00552 V         ; 0.096 V                             ; 0.019 V                             ; 4.18e-10 s                 ; 3.59e-10 s                 ; No                        ; Yes                       ;
; LED[0]              ; 2.5 V        ; 0 s                 ; 0 s                 ; 2.32 V                       ; 4.49e-09 V                   ; 2.38 V              ; -0.00552 V          ; 0.096 V                              ; 0.019 V                              ; 4.18e-10 s                  ; 3.59e-10 s                  ; No                         ; Yes                        ; 2.32 V                      ; 4.49e-09 V                  ; 2.38 V             ; -0.00552 V         ; 0.096 V                             ; 0.019 V                             ; 4.18e-10 s                 ; 3.59e-10 s                 ; No                        ; Yes                       ;
; SDRAM_ADDR[12]      ; 2.5 V        ; 0 s                 ; 0 s                 ; 2.32 V                       ; 3.07e-09 V                   ; 2.37 V              ; -0.00994 V          ; 0.186 V                              ; 0.028 V                              ; 4.98e-10 s                  ; 4.96e-10 s                  ; Yes                        ; Yes                        ; 2.32 V                      ; 3.07e-09 V                  ; 2.37 V             ; -0.00994 V         ; 0.186 V                             ; 0.028 V                             ; 4.98e-10 s                 ; 4.96e-10 s                 ; Yes                       ; Yes                       ;
; SDRAM_ADDR[11]      ; 2.5 V        ; 0 s                 ; 0 s                 ; 2.32 V                       ; 3.07e-09 V                   ; 2.37 V              ; -0.00994 V          ; 0.186 V                              ; 0.028 V                              ; 4.98e-10 s                  ; 4.96e-10 s                  ; Yes                        ; Yes                        ; 2.32 V                      ; 3.07e-09 V                  ; 2.37 V             ; -0.00994 V         ; 0.186 V                             ; 0.028 V                             ; 4.98e-10 s                 ; 4.96e-10 s                 ; Yes                       ; Yes                       ;
; SDRAM_ADDR[10]      ; 2.5 V        ; 0 s                 ; 0 s                 ; 2.32 V                       ; 3.07e-09 V                   ; 2.38 V              ; -0.0144 V           ; 0.227 V                              ; 0.024 V                              ; 3.14e-10 s                  ; 3.39e-10 s                  ; Yes                        ; Yes                        ; 2.32 V                      ; 3.07e-09 V                  ; 2.38 V             ; -0.0144 V          ; 0.227 V                             ; 0.024 V                             ; 3.14e-10 s                 ; 3.39e-10 s                 ; Yes                       ; Yes                       ;
; SDRAM_ADDR[9]       ; 2.5 V        ; 0 s                 ; 0 s                 ; 2.32 V                       ; 3.07e-09 V                   ; 2.37 V              ; -0.00994 V          ; 0.186 V                              ; 0.028 V                              ; 4.98e-10 s                  ; 4.96e-10 s                  ; Yes                        ; Yes                        ; 2.32 V                      ; 3.07e-09 V                  ; 2.37 V             ; -0.00994 V         ; 0.186 V                             ; 0.028 V                             ; 4.98e-10 s                 ; 4.96e-10 s                 ; Yes                       ; Yes                       ;
; SDRAM_ADDR[8]       ; 2.5 V        ; 0 s                 ; 0 s                 ; 2.32 V                       ; 3.07e-09 V                   ; 2.37 V              ; -0.00994 V          ; 0.186 V                              ; 0.028 V                              ; 4.98e-10 s                  ; 4.96e-10 s                  ; Yes                        ; Yes                        ; 2.32 V                      ; 3.07e-09 V                  ; 2.37 V             ; -0.00994 V         ; 0.186 V                             ; 0.028 V                             ; 4.98e-10 s                 ; 4.96e-10 s                 ; Yes                       ; Yes                       ;
; SDRAM_ADDR[7]       ; 2.5 V        ; 0 s                 ; 0 s                 ; 2.32 V                       ; 3.07e-09 V                   ; 2.38 V              ; -0.0144 V           ; 0.227 V                              ; 0.024 V                              ; 3.14e-10 s                  ; 3.39e-10 s                  ; Yes                        ; Yes                        ; 2.32 V                      ; 3.07e-09 V                  ; 2.38 V             ; -0.0144 V          ; 0.227 V                             ; 0.024 V                             ; 3.14e-10 s                 ; 3.39e-10 s                 ; Yes                       ; Yes                       ;
; SDRAM_ADDR[6]       ; 2.5 V        ; 0 s                 ; 0 s                 ; 2.32 V                       ; 3.07e-09 V                   ; 2.38 V              ; -0.0144 V           ; 0.227 V                              ; 0.024 V                              ; 3.14e-10 s                  ; 3.39e-10 s                  ; Yes                        ; Yes                        ; 2.32 V                      ; 3.07e-09 V                  ; 2.38 V             ; -0.0144 V          ; 0.227 V                             ; 0.024 V                             ; 3.14e-10 s                 ; 3.39e-10 s                 ; Yes                       ; Yes                       ;
; SDRAM_ADDR[5]       ; 2.5 V        ; 0 s                 ; 0 s                 ; 2.32 V                       ; 3.07e-09 V                   ; 2.37 V              ; -0.00994 V          ; 0.186 V                              ; 0.028 V                              ; 4.98e-10 s                  ; 4.96e-10 s                  ; Yes                        ; Yes                        ; 2.32 V                      ; 3.07e-09 V                  ; 2.37 V             ; -0.00994 V         ; 0.186 V                             ; 0.028 V                             ; 4.98e-10 s                 ; 4.96e-10 s                 ; Yes                       ; Yes                       ;
; SDRAM_ADDR[4]       ; 2.5 V        ; 0 s                 ; 0 s                 ; 2.32 V                       ; 3.07e-09 V                   ; 2.37 V              ; -0.00994 V          ; 0.186 V                              ; 0.028 V                              ; 4.98e-10 s                  ; 4.96e-10 s                  ; Yes                        ; Yes                        ; 2.32 V                      ; 3.07e-09 V                  ; 2.37 V             ; -0.00994 V         ; 0.186 V                             ; 0.028 V                             ; 4.98e-10 s                 ; 4.96e-10 s                 ; Yes                       ; Yes                       ;
; SDRAM_ADDR[3]       ; 2.5 V        ; 0 s                 ; 0 s                 ; 2.32 V                       ; 3.07e-09 V                   ; 2.37 V              ; -0.00994 V          ; 0.186 V                              ; 0.028 V                              ; 4.98e-10 s                  ; 4.96e-10 s                  ; Yes                        ; Yes                        ; 2.32 V                      ; 3.07e-09 V                  ; 2.37 V             ; -0.00994 V         ; 0.186 V                             ; 0.028 V                             ; 4.98e-10 s                 ; 4.96e-10 s                 ; Yes                       ; Yes                       ;
; SDRAM_ADDR[2]       ; 2.5 V        ; 0 s                 ; 0 s                 ; 2.32 V                       ; 3.07e-09 V                   ; 2.38 V              ; -0.0144 V           ; 0.227 V                              ; 0.024 V                              ; 3.14e-10 s                  ; 3.39e-10 s                  ; Yes                        ; Yes                        ; 2.32 V                      ; 3.07e-09 V                  ; 2.38 V             ; -0.0144 V          ; 0.227 V                             ; 0.024 V                             ; 3.14e-10 s                 ; 3.39e-10 s                 ; Yes                       ; Yes                       ;
; SDRAM_ADDR[1]       ; 2.5 V        ; 0 s                 ; 0 s                 ; 2.32 V                       ; 3.07e-09 V                   ; 2.37 V              ; -0.00994 V          ; 0.186 V                              ; 0.028 V                              ; 4.98e-10 s                  ; 4.96e-10 s                  ; Yes                        ; Yes                        ; 2.32 V                      ; 3.07e-09 V                  ; 2.37 V             ; -0.00994 V         ; 0.186 V                             ; 0.028 V                             ; 4.98e-10 s                 ; 4.96e-10 s                 ; Yes                       ; Yes                       ;
; SDRAM_ADDR[0]       ; 2.5 V        ; 0 s                 ; 0 s                 ; 2.32 V                       ; 3.07e-09 V                   ; 2.37 V              ; -0.00994 V          ; 0.186 V                              ; 0.028 V                              ; 4.98e-10 s                  ; 4.96e-10 s                  ; Yes                        ; Yes                        ; 2.32 V                      ; 3.07e-09 V                  ; 2.37 V             ; -0.00994 V         ; 0.186 V                             ; 0.028 V                             ; 4.98e-10 s                 ; 4.96e-10 s                 ; Yes                       ; Yes                       ;
; SDRAM_BA[1]         ; 2.5 V        ; 0 s                 ; 0 s                 ; 2.32 V                       ; 3.07e-09 V                   ; 2.37 V              ; -0.00994 V          ; 0.186 V                              ; 0.028 V                              ; 4.98e-10 s                  ; 4.96e-10 s                  ; Yes                        ; Yes                        ; 2.32 V                      ; 3.07e-09 V                  ; 2.37 V             ; -0.00994 V         ; 0.186 V                             ; 0.028 V                             ; 4.98e-10 s                 ; 4.96e-10 s                 ; Yes                       ; Yes                       ;
; SDRAM_BA[0]         ; 2.5 V        ; 0 s                 ; 0 s                 ; 2.32 V                       ; 3.07e-09 V                   ; 2.38 V              ; -0.0144 V           ; 0.227 V                              ; 0.024 V                              ; 3.14e-10 s                  ; 3.39e-10 s                  ; Yes                        ; Yes                        ; 2.32 V                      ; 3.07e-09 V                  ; 2.38 V             ; -0.0144 V          ; 0.227 V                             ; 0.024 V                             ; 3.14e-10 s                 ; 3.39e-10 s                 ; Yes                       ; Yes                       ;
; SDRAM_DQM[3]        ; 2.5 V        ; 0 s                 ; 0 s                 ; 2.32 V                       ; 3.07e-09 V                   ; 2.38 V              ; -0.0144 V           ; 0.227 V                              ; 0.024 V                              ; 3.14e-10 s                  ; 3.39e-10 s                  ; Yes                        ; Yes                        ; 2.32 V                      ; 3.07e-09 V                  ; 2.38 V             ; -0.0144 V          ; 0.227 V                             ; 0.024 V                             ; 3.14e-10 s                 ; 3.39e-10 s                 ; Yes                       ; Yes                       ;
; SDRAM_DQM[2]        ; 2.5 V        ; 0 s                 ; 0 s                 ; 2.32 V                       ; 3.07e-09 V                   ; 2.37 V              ; -0.00994 V          ; 0.186 V                              ; 0.028 V                              ; 4.98e-10 s                  ; 4.96e-10 s                  ; Yes                        ; Yes                        ; 2.32 V                      ; 3.07e-09 V                  ; 2.37 V             ; -0.00994 V         ; 0.186 V                             ; 0.028 V                             ; 4.98e-10 s                 ; 4.96e-10 s                 ; Yes                       ; Yes                       ;
; SDRAM_DQM[1]        ; 2.5 V        ; 0 s                 ; 0 s                 ; 2.32 V                       ; 3.07e-09 V                   ; 2.37 V              ; -0.00994 V          ; 0.186 V                              ; 0.028 V                              ; 4.98e-10 s                  ; 4.96e-10 s                  ; Yes                        ; Yes                        ; 2.32 V                      ; 3.07e-09 V                  ; 2.37 V             ; -0.00994 V         ; 0.186 V                             ; 0.028 V                             ; 4.98e-10 s                 ; 4.96e-10 s                 ; Yes                       ; Yes                       ;
; SDRAM_DQM[0]        ; 2.5 V        ; 0 s                 ; 0 s                 ; 2.32 V                       ; 3.07e-09 V                   ; 2.37 V              ; -0.00994 V          ; 0.186 V                              ; 0.028 V                              ; 4.98e-10 s                  ; 4.96e-10 s                  ; Yes                        ; Yes                        ; 2.32 V                      ; 3.07e-09 V                  ; 2.37 V             ; -0.00994 V         ; 0.186 V                             ; 0.028 V                             ; 4.98e-10 s                 ; 4.96e-10 s                 ; Yes                       ; Yes                       ;
; SDRAM_DQ[31]        ; 2.5 V        ; 0 s                 ; 0 s                 ; 2.32 V                       ; 3.07e-09 V                   ; 2.37 V              ; -0.00994 V          ; 0.186 V                              ; 0.028 V                              ; 4.98e-10 s                  ; 4.96e-10 s                  ; Yes                        ; Yes                        ; 2.32 V                      ; 3.07e-09 V                  ; 2.37 V             ; -0.00994 V         ; 0.186 V                             ; 0.028 V                             ; 4.98e-10 s                 ; 4.96e-10 s                 ; Yes                       ; Yes                       ;
; SDRAM_DQ[30]        ; 2.5 V        ; 0 s                 ; 0 s                 ; 2.32 V                       ; 3.07e-09 V                   ; 2.37 V              ; -0.00994 V          ; 0.186 V                              ; 0.028 V                              ; 4.98e-10 s                  ; 4.96e-10 s                  ; Yes                        ; Yes                        ; 2.32 V                      ; 3.07e-09 V                  ; 2.37 V             ; -0.00994 V         ; 0.186 V                             ; 0.028 V                             ; 4.98e-10 s                 ; 4.96e-10 s                 ; Yes                       ; Yes                       ;
; SDRAM_DQ[29]        ; 2.5 V        ; 0 s                 ; 0 s                 ; 2.32 V                       ; 3.07e-09 V                   ; 2.37 V              ; -0.00994 V          ; 0.186 V                              ; 0.028 V                              ; 4.98e-10 s                  ; 4.96e-10 s                  ; Yes                        ; Yes                        ; 2.32 V                      ; 3.07e-09 V                  ; 2.37 V             ; -0.00994 V         ; 0.186 V                             ; 0.028 V                             ; 4.98e-10 s                 ; 4.96e-10 s                 ; Yes                       ; Yes                       ;
; SDRAM_DQ[28]        ; 2.5 V        ; 0 s                 ; 0 s                 ; 2.32 V                       ; 3.07e-09 V                   ; 2.37 V              ; -0.00994 V          ; 0.186 V                              ; 0.028 V                              ; 4.98e-10 s                  ; 4.96e-10 s                  ; Yes                        ; Yes                        ; 2.32 V                      ; 3.07e-09 V                  ; 2.37 V             ; -0.00994 V         ; 0.186 V                             ; 0.028 V                             ; 4.98e-10 s                 ; 4.96e-10 s                 ; Yes                       ; Yes                       ;
; SDRAM_DQ[27]        ; 2.5 V        ; 0 s                 ; 0 s                 ; 2.32 V                       ; 3.07e-09 V                   ; 2.37 V              ; -0.00994 V          ; 0.186 V                              ; 0.028 V                              ; 4.98e-10 s                  ; 4.96e-10 s                  ; Yes                        ; Yes                        ; 2.32 V                      ; 3.07e-09 V                  ; 2.37 V             ; -0.00994 V         ; 0.186 V                             ; 0.028 V                             ; 4.98e-10 s                 ; 4.96e-10 s                 ; Yes                       ; Yes                       ;
; SDRAM_DQ[26]        ; 2.5 V        ; 0 s                 ; 0 s                 ; 2.32 V                       ; 3.07e-09 V                   ; 2.37 V              ; -0.00994 V          ; 0.186 V                              ; 0.028 V                              ; 4.98e-10 s                  ; 4.96e-10 s                  ; Yes                        ; Yes                        ; 2.32 V                      ; 3.07e-09 V                  ; 2.37 V             ; -0.00994 V         ; 0.186 V                             ; 0.028 V                             ; 4.98e-10 s                 ; 4.96e-10 s                 ; Yes                       ; Yes                       ;
; SDRAM_DQ[25]        ; 2.5 V        ; 0 s                 ; 0 s                 ; 2.32 V                       ; 3.07e-09 V                   ; 2.37 V              ; -0.00994 V          ; 0.186 V                              ; 0.028 V                              ; 4.98e-10 s                  ; 4.96e-10 s                  ; Yes                        ; Yes                        ; 2.32 V                      ; 3.07e-09 V                  ; 2.37 V             ; -0.00994 V         ; 0.186 V                             ; 0.028 V                             ; 4.98e-10 s                 ; 4.96e-10 s                 ; Yes                       ; Yes                       ;
; SDRAM_DQ[24]        ; 2.5 V        ; 0 s                 ; 0 s                 ; 2.32 V                       ; 3.07e-09 V                   ; 2.37 V              ; -0.00994 V          ; 0.186 V                              ; 0.028 V                              ; 4.98e-10 s                  ; 4.96e-10 s                  ; Yes                        ; Yes                        ; 2.32 V                      ; 3.07e-09 V                  ; 2.37 V             ; -0.00994 V         ; 0.186 V                             ; 0.028 V                             ; 4.98e-10 s                 ; 4.96e-10 s                 ; Yes                       ; Yes                       ;
; SDRAM_DQ[23]        ; 2.5 V        ; 0 s                 ; 0 s                 ; 2.32 V                       ; 3.07e-09 V                   ; 2.37 V              ; -0.00994 V          ; 0.186 V                              ; 0.028 V                              ; 4.98e-10 s                  ; 4.96e-10 s                  ; Yes                        ; Yes                        ; 2.32 V                      ; 3.07e-09 V                  ; 2.37 V             ; -0.00994 V         ; 0.186 V                             ; 0.028 V                             ; 4.98e-10 s                 ; 4.96e-10 s                 ; Yes                       ; Yes                       ;
; SDRAM_DQ[22]        ; 2.5 V        ; 0 s                 ; 0 s                 ; 2.32 V                       ; 3.07e-09 V                   ; 2.37 V              ; -0.00994 V          ; 0.186 V                              ; 0.028 V                              ; 4.98e-10 s                  ; 4.96e-10 s                  ; Yes                        ; Yes                        ; 2.32 V                      ; 3.07e-09 V                  ; 2.37 V             ; -0.00994 V         ; 0.186 V                             ; 0.028 V                             ; 4.98e-10 s                 ; 4.96e-10 s                 ; Yes                       ; Yes                       ;
; SDRAM_DQ[21]        ; 2.5 V        ; 0 s                 ; 0 s                 ; 2.32 V                       ; 3.07e-09 V                   ; 2.37 V              ; -0.00994 V          ; 0.186 V                              ; 0.028 V                              ; 4.98e-10 s                  ; 4.96e-10 s                  ; Yes                        ; Yes                        ; 2.32 V                      ; 3.07e-09 V                  ; 2.37 V             ; -0.00994 V         ; 0.186 V                             ; 0.028 V                             ; 4.98e-10 s                 ; 4.96e-10 s                 ; Yes                       ; Yes                       ;
; SDRAM_DQ[20]        ; 2.5 V        ; 0 s                 ; 0 s                 ; 2.32 V                       ; 3.07e-09 V                   ; 2.37 V              ; -0.00994 V          ; 0.186 V                              ; 0.028 V                              ; 4.98e-10 s                  ; 4.96e-10 s                  ; Yes                        ; Yes                        ; 2.32 V                      ; 3.07e-09 V                  ; 2.37 V             ; -0.00994 V         ; 0.186 V                             ; 0.028 V                             ; 4.98e-10 s                 ; 4.96e-10 s                 ; Yes                       ; Yes                       ;
; SDRAM_DQ[19]        ; 2.5 V        ; 0 s                 ; 0 s                 ; 2.32 V                       ; 3.07e-09 V                   ; 2.37 V              ; -0.00994 V          ; 0.186 V                              ; 0.028 V                              ; 4.98e-10 s                  ; 4.96e-10 s                  ; Yes                        ; Yes                        ; 2.32 V                      ; 3.07e-09 V                  ; 2.37 V             ; -0.00994 V         ; 0.186 V                             ; 0.028 V                             ; 4.98e-10 s                 ; 4.96e-10 s                 ; Yes                       ; Yes                       ;
; SDRAM_DQ[18]        ; 2.5 V        ; 0 s                 ; 0 s                 ; 2.32 V                       ; 3.07e-09 V                   ; 2.37 V              ; -0.00994 V          ; 0.186 V                              ; 0.028 V                              ; 4.98e-10 s                  ; 4.96e-10 s                  ; Yes                        ; Yes                        ; 2.32 V                      ; 3.07e-09 V                  ; 2.37 V             ; -0.00994 V         ; 0.186 V                             ; 0.028 V                             ; 4.98e-10 s                 ; 4.96e-10 s                 ; Yes                       ; Yes                       ;
; SDRAM_DQ[17]        ; 2.5 V        ; 0 s                 ; 0 s                 ; 2.32 V                       ; 3.07e-09 V                   ; 2.37 V              ; -0.00994 V          ; 0.186 V                              ; 0.028 V                              ; 4.98e-10 s                  ; 4.96e-10 s                  ; Yes                        ; Yes                        ; 2.32 V                      ; 3.07e-09 V                  ; 2.37 V             ; -0.00994 V         ; 0.186 V                             ; 0.028 V                             ; 4.98e-10 s                 ; 4.96e-10 s                 ; Yes                       ; Yes                       ;
; SDRAM_DQ[16]        ; 2.5 V        ; 0 s                 ; 0 s                 ; 2.32 V                       ; 3.07e-09 V                   ; 2.37 V              ; -0.00994 V          ; 0.186 V                              ; 0.028 V                              ; 4.98e-10 s                  ; 4.96e-10 s                  ; Yes                        ; Yes                        ; 2.32 V                      ; 3.07e-09 V                  ; 2.37 V             ; -0.00994 V         ; 0.186 V                             ; 0.028 V                             ; 4.98e-10 s                 ; 4.96e-10 s                 ; Yes                       ; Yes                       ;
; SDRAM_DQ[15]        ; 2.5 V        ; 0 s                 ; 0 s                 ; 2.32 V                       ; 3.07e-09 V                   ; 2.37 V              ; -0.00994 V          ; 0.186 V                              ; 0.028 V                              ; 4.98e-10 s                  ; 4.96e-10 s                  ; Yes                        ; Yes                        ; 2.32 V                      ; 3.07e-09 V                  ; 2.37 V             ; -0.00994 V         ; 0.186 V                             ; 0.028 V                             ; 4.98e-10 s                 ; 4.96e-10 s                 ; Yes                       ; Yes                       ;
; SDRAM_DQ[14]        ; 2.5 V        ; 0 s                 ; 0 s                 ; 2.32 V                       ; 3.07e-09 V                   ; 2.38 V              ; -0.0144 V           ; 0.227 V                              ; 0.024 V                              ; 3.14e-10 s                  ; 3.39e-10 s                  ; Yes                        ; Yes                        ; 2.32 V                      ; 3.07e-09 V                  ; 2.38 V             ; -0.0144 V          ; 0.227 V                             ; 0.024 V                             ; 3.14e-10 s                 ; 3.39e-10 s                 ; Yes                       ; Yes                       ;
; SDRAM_DQ[13]        ; 2.5 V        ; 0 s                 ; 0 s                 ; 2.32 V                       ; 3.07e-09 V                   ; 2.37 V              ; -0.00994 V          ; 0.186 V                              ; 0.028 V                              ; 4.98e-10 s                  ; 4.96e-10 s                  ; Yes                        ; Yes                        ; 2.32 V                      ; 3.07e-09 V                  ; 2.37 V             ; -0.00994 V         ; 0.186 V                             ; 0.028 V                             ; 4.98e-10 s                 ; 4.96e-10 s                 ; Yes                       ; Yes                       ;
; SDRAM_DQ[12]        ; 2.5 V        ; 0 s                 ; 0 s                 ; 2.32 V                       ; 3.07e-09 V                   ; 2.37 V              ; -0.00994 V          ; 0.186 V                              ; 0.028 V                              ; 4.98e-10 s                  ; 4.96e-10 s                  ; Yes                        ; Yes                        ; 2.32 V                      ; 3.07e-09 V                  ; 2.37 V             ; -0.00994 V         ; 0.186 V                             ; 0.028 V                             ; 4.98e-10 s                 ; 4.96e-10 s                 ; Yes                       ; Yes                       ;
; SDRAM_DQ[11]        ; 2.5 V        ; 0 s                 ; 0 s                 ; 2.32 V                       ; 3.07e-09 V                   ; 2.37 V              ; -0.00994 V          ; 0.186 V                              ; 0.028 V                              ; 4.98e-10 s                  ; 4.96e-10 s                  ; Yes                        ; Yes                        ; 2.32 V                      ; 3.07e-09 V                  ; 2.37 V             ; -0.00994 V         ; 0.186 V                             ; 0.028 V                             ; 4.98e-10 s                 ; 4.96e-10 s                 ; Yes                       ; Yes                       ;
; SDRAM_DQ[10]        ; 2.5 V        ; 0 s                 ; 0 s                 ; 2.32 V                       ; 3.07e-09 V                   ; 2.37 V              ; -0.00994 V          ; 0.186 V                              ; 0.028 V                              ; 4.98e-10 s                  ; 4.96e-10 s                  ; Yes                        ; Yes                        ; 2.32 V                      ; 3.07e-09 V                  ; 2.37 V             ; -0.00994 V         ; 0.186 V                             ; 0.028 V                             ; 4.98e-10 s                 ; 4.96e-10 s                 ; Yes                       ; Yes                       ;
; SDRAM_DQ[9]         ; 2.5 V        ; 0 s                 ; 0 s                 ; 2.32 V                       ; 3.07e-09 V                   ; 2.37 V              ; -0.00994 V          ; 0.186 V                              ; 0.028 V                              ; 4.98e-10 s                  ; 4.96e-10 s                  ; Yes                        ; Yes                        ; 2.32 V                      ; 3.07e-09 V                  ; 2.37 V             ; -0.00994 V         ; 0.186 V                             ; 0.028 V                             ; 4.98e-10 s                 ; 4.96e-10 s                 ; Yes                       ; Yes                       ;
; SDRAM_DQ[8]         ; 2.5 V        ; 0 s                 ; 0 s                 ; 2.32 V                       ; 3.07e-09 V                   ; 2.37 V              ; -0.00994 V          ; 0.186 V                              ; 0.028 V                              ; 4.98e-10 s                  ; 4.96e-10 s                  ; Yes                        ; Yes                        ; 2.32 V                      ; 3.07e-09 V                  ; 2.37 V             ; -0.00994 V         ; 0.186 V                             ; 0.028 V                             ; 4.98e-10 s                 ; 4.96e-10 s                 ; Yes                       ; Yes                       ;
; SDRAM_DQ[7]         ; 2.5 V        ; 0 s                 ; 0 s                 ; 2.32 V                       ; 3.07e-09 V                   ; 2.37 V              ; -0.00994 V          ; 0.186 V                              ; 0.028 V                              ; 4.98e-10 s                  ; 4.96e-10 s                  ; Yes                        ; Yes                        ; 2.32 V                      ; 3.07e-09 V                  ; 2.37 V             ; -0.00994 V         ; 0.186 V                             ; 0.028 V                             ; 4.98e-10 s                 ; 4.96e-10 s                 ; Yes                       ; Yes                       ;
; SDRAM_DQ[6]         ; 2.5 V        ; 0 s                 ; 0 s                 ; 2.32 V                       ; 3.07e-09 V                   ; 2.37 V              ; -0.00994 V          ; 0.186 V                              ; 0.028 V                              ; 4.98e-10 s                  ; 4.96e-10 s                  ; Yes                        ; Yes                        ; 2.32 V                      ; 3.07e-09 V                  ; 2.37 V             ; -0.00994 V         ; 0.186 V                             ; 0.028 V                             ; 4.98e-10 s                 ; 4.96e-10 s                 ; Yes                       ; Yes                       ;
; SDRAM_DQ[5]         ; 2.5 V        ; 0 s                 ; 0 s                 ; 2.32 V                       ; 3.07e-09 V                   ; 2.37 V              ; -0.00994 V          ; 0.186 V                              ; 0.028 V                              ; 4.98e-10 s                  ; 4.96e-10 s                  ; Yes                        ; Yes                        ; 2.32 V                      ; 3.07e-09 V                  ; 2.37 V             ; -0.00994 V         ; 0.186 V                             ; 0.028 V                             ; 4.98e-10 s                 ; 4.96e-10 s                 ; Yes                       ; Yes                       ;
; SDRAM_DQ[4]         ; 2.5 V        ; 0 s                 ; 0 s                 ; 2.32 V                       ; 3.07e-09 V                   ; 2.37 V              ; -0.00994 V          ; 0.186 V                              ; 0.028 V                              ; 4.98e-10 s                  ; 4.96e-10 s                  ; Yes                        ; Yes                        ; 2.32 V                      ; 3.07e-09 V                  ; 2.37 V             ; -0.00994 V         ; 0.186 V                             ; 0.028 V                             ; 4.98e-10 s                 ; 4.96e-10 s                 ; Yes                       ; Yes                       ;
; SDRAM_DQ[3]         ; 2.5 V        ; 0 s                 ; 0 s                 ; 2.32 V                       ; 3.07e-09 V                   ; 2.37 V              ; -0.00994 V          ; 0.186 V                              ; 0.028 V                              ; 4.98e-10 s                  ; 4.96e-10 s                  ; Yes                        ; Yes                        ; 2.32 V                      ; 3.07e-09 V                  ; 2.37 V             ; -0.00994 V         ; 0.186 V                             ; 0.028 V                             ; 4.98e-10 s                 ; 4.96e-10 s                 ; Yes                       ; Yes                       ;
; SDRAM_DQ[2]         ; 2.5 V        ; 0 s                 ; 0 s                 ; 2.32 V                       ; 3.07e-09 V                   ; 2.37 V              ; -0.00994 V          ; 0.186 V                              ; 0.028 V                              ; 4.98e-10 s                  ; 4.96e-10 s                  ; Yes                        ; Yes                        ; 2.32 V                      ; 3.07e-09 V                  ; 2.37 V             ; -0.00994 V         ; 0.186 V                             ; 0.028 V                             ; 4.98e-10 s                 ; 4.96e-10 s                 ; Yes                       ; Yes                       ;
; SDRAM_DQ[1]         ; 2.5 V        ; 0 s                 ; 0 s                 ; 2.32 V                       ; 3.07e-09 V                   ; 2.37 V              ; -0.00994 V          ; 0.186 V                              ; 0.028 V                              ; 4.98e-10 s                  ; 4.96e-10 s                  ; Yes                        ; Yes                        ; 2.32 V                      ; 3.07e-09 V                  ; 2.37 V             ; -0.00994 V         ; 0.186 V                             ; 0.028 V                             ; 4.98e-10 s                 ; 4.96e-10 s                 ; Yes                       ; Yes                       ;
; SDRAM_DQ[0]         ; 2.5 V        ; 0 s                 ; 0 s                 ; 2.32 V                       ; 3.07e-09 V                   ; 2.37 V              ; -0.00994 V          ; 0.186 V                              ; 0.028 V                              ; 4.98e-10 s                  ; 4.96e-10 s                  ; Yes                        ; Yes                        ; 2.32 V                      ; 3.07e-09 V                  ; 2.37 V             ; -0.00994 V         ; 0.186 V                             ; 0.028 V                             ; 4.98e-10 s                 ; 4.96e-10 s                 ; Yes                       ; Yes                       ;
; altera_reserved_tdo ; 2.5 V        ; 0 s                 ; 0 s                 ; 2.32 V                       ; 2.07e-08 V                   ; 2.33 V              ; -0.0049 V           ; 0.041 V                              ; 0.094 V                              ; 8.74e-10 s                  ; 1.89e-09 s                  ; Yes                        ; Yes                        ; 2.32 V                      ; 2.07e-08 V                  ; 2.33 V             ; -0.0049 V          ; 0.041 V                             ; 0.094 V                             ; 8.74e-10 s                 ; 1.89e-09 s                 ; Yes                       ; Yes                       ;
; ~ALTERA_DCLK~       ; 2.5 V        ; 0 s                 ; 0 s                 ; 2.32 V                       ; 2.67e-09 V                   ; 2.38 V              ; -0.0485 V           ; 0.167 V                              ; 0.096 V                              ; 2.95e-10 s                  ; 2.73e-10 s                  ; Yes                        ; Yes                        ; 2.32 V                      ; 2.67e-09 V                  ; 2.38 V             ; -0.0485 V          ; 0.167 V                             ; 0.096 V                             ; 2.95e-10 s                 ; 2.73e-10 s                 ; Yes                       ; Yes                       ;
; ~ALTERA_nCEO~       ; 2.5 V        ; 0 s                 ; 0 s                 ; 2.32 V                       ; 4.18e-09 V                   ; 2.38 V              ; -0.00483 V          ; 0.152 V                              ; 0.012 V                              ; 4.81e-10 s                  ; 6.29e-10 s                  ; Yes                        ; Yes                        ; 2.32 V                      ; 4.18e-09 V                  ; 2.38 V             ; -0.00483 V         ; 0.152 V                             ; 0.012 V                             ; 4.81e-10 s                 ; 6.29e-10 s                 ; Yes                       ; Yes                       ;
+---------------------+--------------+---------------------+---------------------+------------------------------+------------------------------+---------------------+---------------------+--------------------------------------+--------------------------------------+-----------------------------+-----------------------------+----------------------------+----------------------------+-----------------------------+-----------------------------+--------------------+--------------------+-------------------------------------+-------------------------------------+----------------------------+----------------------------+---------------------------+---------------------------+


+--------------------------------------------------------------------------------------------------------------------------------------------------------------------------------------------------------------------------------------------------------------------------------------------------------------------------------------------------------------------------------------------------------------------------------------------------------------------------------------------------------------------------------------------------------------------------------------------------------------------------------------------------------------------------------------------------+
; Signal Integrity Metrics (Slow 1200mv 85c Model)                                                                                                                                                                                                                                                                                                                                                                                                                                                                                                                                                                                                                                                 ;
+---------------------+--------------+---------------------+---------------------+------------------------------+------------------------------+---------------------+---------------------+--------------------------------------+--------------------------------------+-----------------------------+-----------------------------+----------------------------+----------------------------+-----------------------------+-----------------------------+--------------------+--------------------+-------------------------------------+-------------------------------------+----------------------------+----------------------------+---------------------------+---------------------------+
; Pin                 ; I/O Standard ; Board Delay on Rise ; Board Delay on Fall ; Steady State Voh at FPGA Pin ; Steady State Vol at FPGA Pin ; Voh Max at FPGA Pin ; Vol Min at FPGA Pin ; Ringback Voltage on Rise at FPGA Pin ; Ringback Voltage on Fall at FPGA Pin ; 10-90 Rise Time at FPGA Pin ; 90-10 Fall Time at FPGA Pin ; Monotonic Rise at FPGA Pin ; Monotonic Fall at FPGA Pin ; Steady State Voh at Far-end ; Steady State Vol at Far-end ; Voh Max at Far-end ; Vol Min at Far-end ; Ringback Voltage on Rise at Far-end ; Ringback Voltage on Fall at Far-end ; 10-90 Rise Time at Far-end ; 90-10 Fall Time at Far-end ; Monotonic Rise at Far-end ; Monotonic Fall at Far-end ;
+---------------------+--------------+---------------------+---------------------+------------------------------+------------------------------+---------------------+---------------------+--------------------------------------+--------------------------------------+-----------------------------+-----------------------------+----------------------------+----------------------------+-----------------------------+-----------------------------+--------------------+--------------------+-------------------------------------+-------------------------------------+----------------------------+----------------------------+---------------------------+---------------------------+
; SDRAM_CAS_N         ; 2.5 V        ; 0 s                 ; 0 s                 ; 2.32 V                       ; 4.67e-07 V                   ; 2.35 V              ; -0.00942 V          ; 0.116 V                              ; 0.033 V                              ; 6.66e-10 s                  ; 6.27e-10 s                  ; Yes                        ; Yes                        ; 2.32 V                      ; 4.67e-07 V                  ; 2.35 V             ; -0.00942 V         ; 0.116 V                             ; 0.033 V                             ; 6.66e-10 s                 ; 6.27e-10 s                 ; Yes                       ; Yes                       ;
; SDRAM_CKE           ; 2.5 V        ; 0 s                 ; 0 s                 ; 2.32 V                       ; 4.67e-07 V                   ; 2.35 V              ; -0.00942 V          ; 0.116 V                              ; 0.033 V                              ; 6.66e-10 s                  ; 6.27e-10 s                  ; Yes                        ; Yes                        ; 2.32 V                      ; 4.67e-07 V                  ; 2.35 V             ; -0.00942 V         ; 0.116 V                             ; 0.033 V                             ; 6.66e-10 s                 ; 6.27e-10 s                 ; Yes                       ; Yes                       ;
; SDRAM_CS_N          ; 2.5 V        ; 0 s                 ; 0 s                 ; 2.32 V                       ; 4.67e-07 V                   ; 2.35 V              ; -0.00942 V          ; 0.116 V                              ; 0.033 V                              ; 6.66e-10 s                  ; 6.27e-10 s                  ; Yes                        ; Yes                        ; 2.32 V                      ; 4.67e-07 V                  ; 2.35 V             ; -0.00942 V         ; 0.116 V                             ; 0.033 V                             ; 6.66e-10 s                 ; 6.27e-10 s                 ; Yes                       ; Yes                       ;
; SDRAM_RAS_N         ; 2.5 V        ; 0 s                 ; 0 s                 ; 2.32 V                       ; 4.67e-07 V                   ; 2.35 V              ; -0.00942 V          ; 0.116 V                              ; 0.033 V                              ; 6.66e-10 s                  ; 6.27e-10 s                  ; Yes                        ; Yes                        ; 2.32 V                      ; 4.67e-07 V                  ; 2.35 V             ; -0.00942 V         ; 0.116 V                             ; 0.033 V                             ; 6.66e-10 s                 ; 6.27e-10 s                 ; Yes                       ; Yes                       ;
; SDRAM_WE_N          ; 2.5 V        ; 0 s                 ; 0 s                 ; 2.32 V                       ; 4.67e-07 V                   ; 2.35 V              ; -0.00942 V          ; 0.116 V                              ; 0.033 V                              ; 6.66e-10 s                  ; 6.27e-10 s                  ; Yes                        ; Yes                        ; 2.32 V                      ; 4.67e-07 V                  ; 2.35 V             ; -0.00942 V         ; 0.116 V                             ; 0.033 V                             ; 6.66e-10 s                 ; 6.27e-10 s                 ; Yes                       ; Yes                       ;
; SDRAM_CLK1          ; 2.5 V        ; 0 s                 ; 0 s                 ; 2.32 V                       ; 6.92e-07 V                   ; 2.35 V              ; -0.00996 V          ; 0.121 V                              ; 0.03 V                               ; 4.64e-10 s                  ; 4.47e-10 s                  ; Yes                        ; Yes                        ; 2.32 V                      ; 6.92e-07 V                  ; 2.35 V             ; -0.00996 V         ; 0.121 V                             ; 0.03 V                              ; 4.64e-10 s                 ; 4.47e-10 s                 ; Yes                       ; Yes                       ;
; LED[7]              ; 2.5 V        ; 0 s                 ; 0 s                 ; 2.32 V                       ; 6.92e-07 V                   ; 2.35 V              ; -0.00996 V          ; 0.121 V                              ; 0.03 V                               ; 4.64e-10 s                  ; 4.47e-10 s                  ; Yes                        ; Yes                        ; 2.32 V                      ; 6.92e-07 V                  ; 2.35 V             ; -0.00996 V         ; 0.121 V                             ; 0.03 V                              ; 4.64e-10 s                 ; 4.47e-10 s                 ; Yes                       ; Yes                       ;
; LED[6]              ; 2.5 V        ; 0 s                 ; 0 s                 ; 2.32 V                       ; 6.92e-07 V                   ; 2.35 V              ; -0.00996 V          ; 0.121 V                              ; 0.03 V                               ; 4.64e-10 s                  ; 4.47e-10 s                  ; Yes                        ; Yes                        ; 2.32 V                      ; 6.92e-07 V                  ; 2.35 V             ; -0.00996 V         ; 0.121 V                             ; 0.03 V                              ; 4.64e-10 s                 ; 4.47e-10 s                 ; Yes                       ; Yes                       ;
; LED[5]              ; 2.5 V        ; 0 s                 ; 0 s                 ; 2.32 V                       ; 6.92e-07 V                   ; 2.35 V              ; -0.00996 V          ; 0.121 V                              ; 0.03 V                               ; 4.64e-10 s                  ; 4.47e-10 s                  ; Yes                        ; Yes                        ; 2.32 V                      ; 6.92e-07 V                  ; 2.35 V             ; -0.00996 V         ; 0.121 V                             ; 0.03 V                              ; 4.64e-10 s                 ; 4.47e-10 s                 ; Yes                       ; Yes                       ;
; LED[4]              ; 2.5 V        ; 0 s                 ; 0 s                 ; 2.32 V                       ; 6.92e-07 V                   ; 2.35 V              ; -0.00996 V          ; 0.121 V                              ; 0.03 V                               ; 4.64e-10 s                  ; 4.47e-10 s                  ; Yes                        ; Yes                        ; 2.32 V                      ; 6.92e-07 V                  ; 2.35 V             ; -0.00996 V         ; 0.121 V                             ; 0.03 V                              ; 4.64e-10 s                 ; 4.47e-10 s                 ; Yes                       ; Yes                       ;
; LED[3]              ; 2.5 V        ; 0 s                 ; 0 s                 ; 2.32 V                       ; 6.92e-07 V                   ; 2.35 V              ; -0.00996 V          ; 0.121 V                              ; 0.03 V                               ; 4.64e-10 s                  ; 4.47e-10 s                  ; Yes                        ; Yes                        ; 2.32 V                      ; 6.92e-07 V                  ; 2.35 V             ; -0.00996 V         ; 0.121 V                             ; 0.03 V                              ; 4.64e-10 s                 ; 4.47e-10 s                 ; Yes                       ; Yes                       ;
; LED[2]              ; 2.5 V        ; 0 s                 ; 0 s                 ; 2.32 V                       ; 6.92e-07 V                   ; 2.35 V              ; -0.00996 V          ; 0.121 V                              ; 0.03 V                               ; 4.64e-10 s                  ; 4.47e-10 s                  ; Yes                        ; Yes                        ; 2.32 V                      ; 6.92e-07 V                  ; 2.35 V             ; -0.00996 V         ; 0.121 V                             ; 0.03 V                              ; 4.64e-10 s                 ; 4.47e-10 s                 ; Yes                       ; Yes                       ;
; LED[1]              ; 2.5 V        ; 0 s                 ; 0 s                 ; 2.32 V                       ; 6.92e-07 V                   ; 2.35 V              ; -0.00996 V          ; 0.121 V                              ; 0.03 V                               ; 4.64e-10 s                  ; 4.47e-10 s                  ; Yes                        ; Yes                        ; 2.32 V                      ; 6.92e-07 V                  ; 2.35 V             ; -0.00996 V         ; 0.121 V                             ; 0.03 V                              ; 4.64e-10 s                 ; 4.47e-10 s                 ; Yes                       ; Yes                       ;
; LED[0]              ; 2.5 V        ; 0 s                 ; 0 s                 ; 2.32 V                       ; 6.92e-07 V                   ; 2.35 V              ; -0.00996 V          ; 0.121 V                              ; 0.03 V                               ; 4.64e-10 s                  ; 4.47e-10 s                  ; Yes                        ; Yes                        ; 2.32 V                      ; 6.92e-07 V                  ; 2.35 V             ; -0.00996 V         ; 0.121 V                             ; 0.03 V                              ; 4.64e-10 s                 ; 4.47e-10 s                 ; Yes                       ; Yes                       ;
; SDRAM_ADDR[12]      ; 2.5 V        ; 0 s                 ; 0 s                 ; 2.32 V                       ; 4.67e-07 V                   ; 2.35 V              ; -0.00942 V          ; 0.116 V                              ; 0.033 V                              ; 6.66e-10 s                  ; 6.27e-10 s                  ; Yes                        ; Yes                        ; 2.32 V                      ; 4.67e-07 V                  ; 2.35 V             ; -0.00942 V         ; 0.116 V                             ; 0.033 V                             ; 6.66e-10 s                 ; 6.27e-10 s                 ; Yes                       ; Yes                       ;
; SDRAM_ADDR[11]      ; 2.5 V        ; 0 s                 ; 0 s                 ; 2.32 V                       ; 4.67e-07 V                   ; 2.35 V              ; -0.00942 V          ; 0.116 V                              ; 0.033 V                              ; 6.66e-10 s                  ; 6.27e-10 s                  ; Yes                        ; Yes                        ; 2.32 V                      ; 4.67e-07 V                  ; 2.35 V             ; -0.00942 V         ; 0.116 V                             ; 0.033 V                             ; 6.66e-10 s                 ; 6.27e-10 s                 ; Yes                       ; Yes                       ;
; SDRAM_ADDR[10]      ; 2.5 V        ; 0 s                 ; 0 s                 ; 2.32 V                       ; 4.67e-07 V                   ; 2.36 V              ; -0.00552 V          ; 0.11 V                               ; 0.007 V                              ; 4.54e-10 s                  ; 4.35e-10 s                  ; Yes                        ; Yes                        ; 2.32 V                      ; 4.67e-07 V                  ; 2.36 V             ; -0.00552 V         ; 0.11 V                              ; 0.007 V                             ; 4.54e-10 s                 ; 4.35e-10 s                 ; Yes                       ; Yes                       ;
; SDRAM_ADDR[9]       ; 2.5 V        ; 0 s                 ; 0 s                 ; 2.32 V                       ; 4.67e-07 V                   ; 2.35 V              ; -0.00942 V          ; 0.116 V                              ; 0.033 V                              ; 6.66e-10 s                  ; 6.27e-10 s                  ; Yes                        ; Yes                        ; 2.32 V                      ; 4.67e-07 V                  ; 2.35 V             ; -0.00942 V         ; 0.116 V                             ; 0.033 V                             ; 6.66e-10 s                 ; 6.27e-10 s                 ; Yes                       ; Yes                       ;
; SDRAM_ADDR[8]       ; 2.5 V        ; 0 s                 ; 0 s                 ; 2.32 V                       ; 4.67e-07 V                   ; 2.35 V              ; -0.00942 V          ; 0.116 V                              ; 0.033 V                              ; 6.66e-10 s                  ; 6.27e-10 s                  ; Yes                        ; Yes                        ; 2.32 V                      ; 4.67e-07 V                  ; 2.35 V             ; -0.00942 V         ; 0.116 V                             ; 0.033 V                             ; 6.66e-10 s                 ; 6.27e-10 s                 ; Yes                       ; Yes                       ;
; SDRAM_ADDR[7]       ; 2.5 V        ; 0 s                 ; 0 s                 ; 2.32 V                       ; 4.67e-07 V                   ; 2.36 V              ; -0.00552 V          ; 0.11 V                               ; 0.007 V                              ; 4.54e-10 s                  ; 4.35e-10 s                  ; Yes                        ; Yes                        ; 2.32 V                      ; 4.67e-07 V                  ; 2.36 V             ; -0.00552 V         ; 0.11 V                              ; 0.007 V                             ; 4.54e-10 s                 ; 4.35e-10 s                 ; Yes                       ; Yes                       ;
; SDRAM_ADDR[6]       ; 2.5 V        ; 0 s                 ; 0 s                 ; 2.32 V                       ; 4.67e-07 V                   ; 2.36 V              ; -0.00552 V          ; 0.11 V                               ; 0.007 V                              ; 4.54e-10 s                  ; 4.35e-10 s                  ; Yes                        ; Yes                        ; 2.32 V                      ; 4.67e-07 V                  ; 2.36 V             ; -0.00552 V         ; 0.11 V                              ; 0.007 V                             ; 4.54e-10 s                 ; 4.35e-10 s                 ; Yes                       ; Yes                       ;
; SDRAM_ADDR[5]       ; 2.5 V        ; 0 s                 ; 0 s                 ; 2.32 V                       ; 4.67e-07 V                   ; 2.35 V              ; -0.00942 V          ; 0.116 V                              ; 0.033 V                              ; 6.66e-10 s                  ; 6.27e-10 s                  ; Yes                        ; Yes                        ; 2.32 V                      ; 4.67e-07 V                  ; 2.35 V             ; -0.00942 V         ; 0.116 V                             ; 0.033 V                             ; 6.66e-10 s                 ; 6.27e-10 s                 ; Yes                       ; Yes                       ;
; SDRAM_ADDR[4]       ; 2.5 V        ; 0 s                 ; 0 s                 ; 2.32 V                       ; 4.67e-07 V                   ; 2.35 V              ; -0.00942 V          ; 0.116 V                              ; 0.033 V                              ; 6.66e-10 s                  ; 6.27e-10 s                  ; Yes                        ; Yes                        ; 2.32 V                      ; 4.67e-07 V                  ; 2.35 V             ; -0.00942 V         ; 0.116 V                             ; 0.033 V                             ; 6.66e-10 s                 ; 6.27e-10 s                 ; Yes                       ; Yes                       ;
; SDRAM_ADDR[3]       ; 2.5 V        ; 0 s                 ; 0 s                 ; 2.32 V                       ; 4.67e-07 V                   ; 2.35 V              ; -0.00942 V          ; 0.116 V                              ; 0.033 V                              ; 6.66e-10 s                  ; 6.27e-10 s                  ; Yes                        ; Yes                        ; 2.32 V                      ; 4.67e-07 V                  ; 2.35 V             ; -0.00942 V         ; 0.116 V                             ; 0.033 V                             ; 6.66e-10 s                 ; 6.27e-10 s                 ; Yes                       ; Yes                       ;
; SDRAM_ADDR[2]       ; 2.5 V        ; 0 s                 ; 0 s                 ; 2.32 V                       ; 4.67e-07 V                   ; 2.36 V              ; -0.00552 V          ; 0.11 V                               ; 0.007 V                              ; 4.54e-10 s                  ; 4.35e-10 s                  ; Yes                        ; Yes                        ; 2.32 V                      ; 4.67e-07 V                  ; 2.36 V             ; -0.00552 V         ; 0.11 V                              ; 0.007 V                             ; 4.54e-10 s                 ; 4.35e-10 s                 ; Yes                       ; Yes                       ;
; SDRAM_ADDR[1]       ; 2.5 V        ; 0 s                 ; 0 s                 ; 2.32 V                       ; 4.67e-07 V                   ; 2.35 V              ; -0.00942 V          ; 0.116 V                              ; 0.033 V                              ; 6.66e-10 s                  ; 6.27e-10 s                  ; Yes                        ; Yes                        ; 2.32 V                      ; 4.67e-07 V                  ; 2.35 V             ; -0.00942 V         ; 0.116 V                             ; 0.033 V                             ; 6.66e-10 s                 ; 6.27e-10 s                 ; Yes                       ; Yes                       ;
; SDRAM_ADDR[0]       ; 2.5 V        ; 0 s                 ; 0 s                 ; 2.32 V                       ; 4.67e-07 V                   ; 2.35 V              ; -0.00942 V          ; 0.116 V                              ; 0.033 V                              ; 6.66e-10 s                  ; 6.27e-10 s                  ; Yes                        ; Yes                        ; 2.32 V                      ; 4.67e-07 V                  ; 2.35 V             ; -0.00942 V         ; 0.116 V                             ; 0.033 V                             ; 6.66e-10 s                 ; 6.27e-10 s                 ; Yes                       ; Yes                       ;
; SDRAM_BA[1]         ; 2.5 V        ; 0 s                 ; 0 s                 ; 2.32 V                       ; 4.67e-07 V                   ; 2.35 V              ; -0.00942 V          ; 0.116 V                              ; 0.033 V                              ; 6.66e-10 s                  ; 6.27e-10 s                  ; Yes                        ; Yes                        ; 2.32 V                      ; 4.67e-07 V                  ; 2.35 V             ; -0.00942 V         ; 0.116 V                             ; 0.033 V                             ; 6.66e-10 s                 ; 6.27e-10 s                 ; Yes                       ; Yes                       ;
; SDRAM_BA[0]         ; 2.5 V        ; 0 s                 ; 0 s                 ; 2.32 V                       ; 4.67e-07 V                   ; 2.36 V              ; -0.00552 V          ; 0.11 V                               ; 0.007 V                              ; 4.54e-10 s                  ; 4.35e-10 s                  ; Yes                        ; Yes                        ; 2.32 V                      ; 4.67e-07 V                  ; 2.36 V             ; -0.00552 V         ; 0.11 V                              ; 0.007 V                             ; 4.54e-10 s                 ; 4.35e-10 s                 ; Yes                       ; Yes                       ;
; SDRAM_DQM[3]        ; 2.5 V        ; 0 s                 ; 0 s                 ; 2.32 V                       ; 4.67e-07 V                   ; 2.36 V              ; -0.00552 V          ; 0.11 V                               ; 0.007 V                              ; 4.54e-10 s                  ; 4.35e-10 s                  ; Yes                        ; Yes                        ; 2.32 V                      ; 4.67e-07 V                  ; 2.36 V             ; -0.00552 V         ; 0.11 V                              ; 0.007 V                             ; 4.54e-10 s                 ; 4.35e-10 s                 ; Yes                       ; Yes                       ;
; SDRAM_DQM[2]        ; 2.5 V        ; 0 s                 ; 0 s                 ; 2.32 V                       ; 4.67e-07 V                   ; 2.35 V              ; -0.00942 V          ; 0.116 V                              ; 0.033 V                              ; 6.66e-10 s                  ; 6.27e-10 s                  ; Yes                        ; Yes                        ; 2.32 V                      ; 4.67e-07 V                  ; 2.35 V             ; -0.00942 V         ; 0.116 V                             ; 0.033 V                             ; 6.66e-10 s                 ; 6.27e-10 s                 ; Yes                       ; Yes                       ;
; SDRAM_DQM[1]        ; 2.5 V        ; 0 s                 ; 0 s                 ; 2.32 V                       ; 4.67e-07 V                   ; 2.35 V              ; -0.00942 V          ; 0.116 V                              ; 0.033 V                              ; 6.66e-10 s                  ; 6.27e-10 s                  ; Yes                        ; Yes                        ; 2.32 V                      ; 4.67e-07 V                  ; 2.35 V             ; -0.00942 V         ; 0.116 V                             ; 0.033 V                             ; 6.66e-10 s                 ; 6.27e-10 s                 ; Yes                       ; Yes                       ;
; SDRAM_DQM[0]        ; 2.5 V        ; 0 s                 ; 0 s                 ; 2.32 V                       ; 4.67e-07 V                   ; 2.35 V              ; -0.00942 V          ; 0.116 V                              ; 0.033 V                              ; 6.66e-10 s                  ; 6.27e-10 s                  ; Yes                        ; Yes                        ; 2.32 V                      ; 4.67e-07 V                  ; 2.35 V             ; -0.00942 V         ; 0.116 V                             ; 0.033 V                             ; 6.66e-10 s                 ; 6.27e-10 s                 ; Yes                       ; Yes                       ;
; SDRAM_DQ[31]        ; 2.5 V        ; 0 s                 ; 0 s                 ; 2.32 V                       ; 4.67e-07 V                   ; 2.35 V              ; -0.00942 V          ; 0.116 V                              ; 0.033 V                              ; 6.66e-10 s                  ; 6.27e-10 s                  ; Yes                        ; Yes                        ; 2.32 V                      ; 4.67e-07 V                  ; 2.35 V             ; -0.00942 V         ; 0.116 V                             ; 0.033 V                             ; 6.66e-10 s                 ; 6.27e-10 s                 ; Yes                       ; Yes                       ;
; SDRAM_DQ[30]        ; 2.5 V        ; 0 s                 ; 0 s                 ; 2.32 V                       ; 4.67e-07 V                   ; 2.35 V              ; -0.00942 V          ; 0.116 V                              ; 0.033 V                              ; 6.66e-10 s                  ; 6.27e-10 s                  ; Yes                        ; Yes                        ; 2.32 V                      ; 4.67e-07 V                  ; 2.35 V             ; -0.00942 V         ; 0.116 V                             ; 0.033 V                             ; 6.66e-10 s                 ; 6.27e-10 s                 ; Yes                       ; Yes                       ;
; SDRAM_DQ[29]        ; 2.5 V        ; 0 s                 ; 0 s                 ; 2.32 V                       ; 4.67e-07 V                   ; 2.35 V              ; -0.00942 V          ; 0.116 V                              ; 0.033 V                              ; 6.66e-10 s                  ; 6.27e-10 s                  ; Yes                        ; Yes                        ; 2.32 V                      ; 4.67e-07 V                  ; 2.35 V             ; -0.00942 V         ; 0.116 V                             ; 0.033 V                             ; 6.66e-10 s                 ; 6.27e-10 s                 ; Yes                       ; Yes                       ;
; SDRAM_DQ[28]        ; 2.5 V        ; 0 s                 ; 0 s                 ; 2.32 V                       ; 4.67e-07 V                   ; 2.35 V              ; -0.00942 V          ; 0.116 V                              ; 0.033 V                              ; 6.66e-10 s                  ; 6.27e-10 s                  ; Yes                        ; Yes                        ; 2.32 V                      ; 4.67e-07 V                  ; 2.35 V             ; -0.00942 V         ; 0.116 V                             ; 0.033 V                             ; 6.66e-10 s                 ; 6.27e-10 s                 ; Yes                       ; Yes                       ;
; SDRAM_DQ[27]        ; 2.5 V        ; 0 s                 ; 0 s                 ; 2.32 V                       ; 4.67e-07 V                   ; 2.35 V              ; -0.00942 V          ; 0.116 V                              ; 0.033 V                              ; 6.66e-10 s                  ; 6.27e-10 s                  ; Yes                        ; Yes                        ; 2.32 V                      ; 4.67e-07 V                  ; 2.35 V             ; -0.00942 V         ; 0.116 V                             ; 0.033 V                             ; 6.66e-10 s                 ; 6.27e-10 s                 ; Yes                       ; Yes                       ;
; SDRAM_DQ[26]        ; 2.5 V        ; 0 s                 ; 0 s                 ; 2.32 V                       ; 4.67e-07 V                   ; 2.35 V              ; -0.00942 V          ; 0.116 V                              ; 0.033 V                              ; 6.66e-10 s                  ; 6.27e-10 s                  ; Yes                        ; Yes                        ; 2.32 V                      ; 4.67e-07 V                  ; 2.35 V             ; -0.00942 V         ; 0.116 V                             ; 0.033 V                             ; 6.66e-10 s                 ; 6.27e-10 s                 ; Yes                       ; Yes                       ;
; SDRAM_DQ[25]        ; 2.5 V        ; 0 s                 ; 0 s                 ; 2.32 V                       ; 4.67e-07 V                   ; 2.35 V              ; -0.00942 V          ; 0.116 V                              ; 0.033 V                              ; 6.66e-10 s                  ; 6.27e-10 s                  ; Yes                        ; Yes                        ; 2.32 V                      ; 4.67e-07 V                  ; 2.35 V             ; -0.00942 V         ; 0.116 V                             ; 0.033 V                             ; 6.66e-10 s                 ; 6.27e-10 s                 ; Yes                       ; Yes                       ;
; SDRAM_DQ[24]        ; 2.5 V        ; 0 s                 ; 0 s                 ; 2.32 V                       ; 4.67e-07 V                   ; 2.35 V              ; -0.00942 V          ; 0.116 V                              ; 0.033 V                              ; 6.66e-10 s                  ; 6.27e-10 s                  ; Yes                        ; Yes                        ; 2.32 V                      ; 4.67e-07 V                  ; 2.35 V             ; -0.00942 V         ; 0.116 V                             ; 0.033 V                             ; 6.66e-10 s                 ; 6.27e-10 s                 ; Yes                       ; Yes                       ;
; SDRAM_DQ[23]        ; 2.5 V        ; 0 s                 ; 0 s                 ; 2.32 V                       ; 4.67e-07 V                   ; 2.35 V              ; -0.00942 V          ; 0.116 V                              ; 0.033 V                              ; 6.66e-10 s                  ; 6.27e-10 s                  ; Yes                        ; Yes                        ; 2.32 V                      ; 4.67e-07 V                  ; 2.35 V             ; -0.00942 V         ; 0.116 V                             ; 0.033 V                             ; 6.66e-10 s                 ; 6.27e-10 s                 ; Yes                       ; Yes                       ;
; SDRAM_DQ[22]        ; 2.5 V        ; 0 s                 ; 0 s                 ; 2.32 V                       ; 4.67e-07 V                   ; 2.35 V              ; -0.00942 V          ; 0.116 V                              ; 0.033 V                              ; 6.66e-10 s                  ; 6.27e-10 s                  ; Yes                        ; Yes                        ; 2.32 V                      ; 4.67e-07 V                  ; 2.35 V             ; -0.00942 V         ; 0.116 V                             ; 0.033 V                             ; 6.66e-10 s                 ; 6.27e-10 s                 ; Yes                       ; Yes                       ;
; SDRAM_DQ[21]        ; 2.5 V        ; 0 s                 ; 0 s                 ; 2.32 V                       ; 4.67e-07 V                   ; 2.35 V              ; -0.00942 V          ; 0.116 V                              ; 0.033 V                              ; 6.66e-10 s                  ; 6.27e-10 s                  ; Yes                        ; Yes                        ; 2.32 V                      ; 4.67e-07 V                  ; 2.35 V             ; -0.00942 V         ; 0.116 V                             ; 0.033 V                             ; 6.66e-10 s                 ; 6.27e-10 s                 ; Yes                       ; Yes                       ;
; SDRAM_DQ[20]        ; 2.5 V        ; 0 s                 ; 0 s                 ; 2.32 V                       ; 4.67e-07 V                   ; 2.35 V              ; -0.00942 V          ; 0.116 V                              ; 0.033 V                              ; 6.66e-10 s                  ; 6.27e-10 s                  ; Yes                        ; Yes                        ; 2.32 V                      ; 4.67e-07 V                  ; 2.35 V             ; -0.00942 V         ; 0.116 V                             ; 0.033 V                             ; 6.66e-10 s                 ; 6.27e-10 s                 ; Yes                       ; Yes                       ;
; SDRAM_DQ[19]        ; 2.5 V        ; 0 s                 ; 0 s                 ; 2.32 V                       ; 4.67e-07 V                   ; 2.35 V              ; -0.00942 V          ; 0.116 V                              ; 0.033 V                              ; 6.66e-10 s                  ; 6.27e-10 s                  ; Yes                        ; Yes                        ; 2.32 V                      ; 4.67e-07 V                  ; 2.35 V             ; -0.00942 V         ; 0.116 V                             ; 0.033 V                             ; 6.66e-10 s                 ; 6.27e-10 s                 ; Yes                       ; Yes                       ;
; SDRAM_DQ[18]        ; 2.5 V        ; 0 s                 ; 0 s                 ; 2.32 V                       ; 4.67e-07 V                   ; 2.35 V              ; -0.00942 V          ; 0.116 V                              ; 0.033 V                              ; 6.66e-10 s                  ; 6.27e-10 s                  ; Yes                        ; Yes                        ; 2.32 V                      ; 4.67e-07 V                  ; 2.35 V             ; -0.00942 V         ; 0.116 V                             ; 0.033 V                             ; 6.66e-10 s                 ; 6.27e-10 s                 ; Yes                       ; Yes                       ;
; SDRAM_DQ[17]        ; 2.5 V        ; 0 s                 ; 0 s                 ; 2.32 V                       ; 4.67e-07 V                   ; 2.35 V              ; -0.00942 V          ; 0.116 V                              ; 0.033 V                              ; 6.66e-10 s                  ; 6.27e-10 s                  ; Yes                        ; Yes                        ; 2.32 V                      ; 4.67e-07 V                  ; 2.35 V             ; -0.00942 V         ; 0.116 V                             ; 0.033 V                             ; 6.66e-10 s                 ; 6.27e-10 s                 ; Yes                       ; Yes                       ;
; SDRAM_DQ[16]        ; 2.5 V        ; 0 s                 ; 0 s                 ; 2.32 V                       ; 4.67e-07 V                   ; 2.35 V              ; -0.00942 V          ; 0.116 V                              ; 0.033 V                              ; 6.66e-10 s                  ; 6.27e-10 s                  ; Yes                        ; Yes                        ; 2.32 V                      ; 4.67e-07 V                  ; 2.35 V             ; -0.00942 V         ; 0.116 V                             ; 0.033 V                             ; 6.66e-10 s                 ; 6.27e-10 s                 ; Yes                       ; Yes                       ;
; SDRAM_DQ[15]        ; 2.5 V        ; 0 s                 ; 0 s                 ; 2.32 V                       ; 4.67e-07 V                   ; 2.35 V              ; -0.00942 V          ; 0.116 V                              ; 0.033 V                              ; 6.66e-10 s                  ; 6.27e-10 s                  ; Yes                        ; Yes                        ; 2.32 V                      ; 4.67e-07 V                  ; 2.35 V             ; -0.00942 V         ; 0.116 V                             ; 0.033 V                             ; 6.66e-10 s                 ; 6.27e-10 s                 ; Yes                       ; Yes                       ;
; SDRAM_DQ[14]        ; 2.5 V        ; 0 s                 ; 0 s                 ; 2.32 V                       ; 4.67e-07 V                   ; 2.36 V              ; -0.00552 V          ; 0.11 V                               ; 0.007 V                              ; 4.54e-10 s                  ; 4.35e-10 s                  ; Yes                        ; Yes                        ; 2.32 V                      ; 4.67e-07 V                  ; 2.36 V             ; -0.00552 V         ; 0.11 V                              ; 0.007 V                             ; 4.54e-10 s                 ; 4.35e-10 s                 ; Yes                       ; Yes                       ;
; SDRAM_DQ[13]        ; 2.5 V        ; 0 s                 ; 0 s                 ; 2.32 V                       ; 4.67e-07 V                   ; 2.35 V              ; -0.00942 V          ; 0.116 V                              ; 0.033 V                              ; 6.66e-10 s                  ; 6.27e-10 s                  ; Yes                        ; Yes                        ; 2.32 V                      ; 4.67e-07 V                  ; 2.35 V             ; -0.00942 V         ; 0.116 V                             ; 0.033 V                             ; 6.66e-10 s                 ; 6.27e-10 s                 ; Yes                       ; Yes                       ;
; SDRAM_DQ[12]        ; 2.5 V        ; 0 s                 ; 0 s                 ; 2.32 V                       ; 4.67e-07 V                   ; 2.35 V              ; -0.00942 V          ; 0.116 V                              ; 0.033 V                              ; 6.66e-10 s                  ; 6.27e-10 s                  ; Yes                        ; Yes                        ; 2.32 V                      ; 4.67e-07 V                  ; 2.35 V             ; -0.00942 V         ; 0.116 V                             ; 0.033 V                             ; 6.66e-10 s                 ; 6.27e-10 s                 ; Yes                       ; Yes                       ;
; SDRAM_DQ[11]        ; 2.5 V        ; 0 s                 ; 0 s                 ; 2.32 V                       ; 4.67e-07 V                   ; 2.35 V              ; -0.00942 V          ; 0.116 V                              ; 0.033 V                              ; 6.66e-10 s                  ; 6.27e-10 s                  ; Yes                        ; Yes                        ; 2.32 V                      ; 4.67e-07 V                  ; 2.35 V             ; -0.00942 V         ; 0.116 V                             ; 0.033 V                             ; 6.66e-10 s                 ; 6.27e-10 s                 ; Yes                       ; Yes                       ;
; SDRAM_DQ[10]        ; 2.5 V        ; 0 s                 ; 0 s                 ; 2.32 V                       ; 4.67e-07 V                   ; 2.35 V              ; -0.00942 V          ; 0.116 V                              ; 0.033 V                              ; 6.66e-10 s                  ; 6.27e-10 s                  ; Yes                        ; Yes                        ; 2.32 V                      ; 4.67e-07 V                  ; 2.35 V             ; -0.00942 V         ; 0.116 V                             ; 0.033 V                             ; 6.66e-10 s                 ; 6.27e-10 s                 ; Yes                       ; Yes                       ;
; SDRAM_DQ[9]         ; 2.5 V        ; 0 s                 ; 0 s                 ; 2.32 V                       ; 4.67e-07 V                   ; 2.35 V              ; -0.00942 V          ; 0.116 V                              ; 0.033 V                              ; 6.66e-10 s                  ; 6.27e-10 s                  ; Yes                        ; Yes                        ; 2.32 V                      ; 4.67e-07 V                  ; 2.35 V             ; -0.00942 V         ; 0.116 V                             ; 0.033 V                             ; 6.66e-10 s                 ; 6.27e-10 s                 ; Yes                       ; Yes                       ;
; SDRAM_DQ[8]         ; 2.5 V        ; 0 s                 ; 0 s                 ; 2.32 V                       ; 4.67e-07 V                   ; 2.35 V              ; -0.00942 V          ; 0.116 V                              ; 0.033 V                              ; 6.66e-10 s                  ; 6.27e-10 s                  ; Yes                        ; Yes                        ; 2.32 V                      ; 4.67e-07 V                  ; 2.35 V             ; -0.00942 V         ; 0.116 V                             ; 0.033 V                             ; 6.66e-10 s                 ; 6.27e-10 s                 ; Yes                       ; Yes                       ;
; SDRAM_DQ[7]         ; 2.5 V        ; 0 s                 ; 0 s                 ; 2.32 V                       ; 4.67e-07 V                   ; 2.35 V              ; -0.00942 V          ; 0.116 V                              ; 0.033 V                              ; 6.66e-10 s                  ; 6.27e-10 s                  ; Yes                        ; Yes                        ; 2.32 V                      ; 4.67e-07 V                  ; 2.35 V             ; -0.00942 V         ; 0.116 V                             ; 0.033 V                             ; 6.66e-10 s                 ; 6.27e-10 s                 ; Yes                       ; Yes                       ;
; SDRAM_DQ[6]         ; 2.5 V        ; 0 s                 ; 0 s                 ; 2.32 V                       ; 4.67e-07 V                   ; 2.35 V              ; -0.00942 V          ; 0.116 V                              ; 0.033 V                              ; 6.66e-10 s                  ; 6.27e-10 s                  ; Yes                        ; Yes                        ; 2.32 V                      ; 4.67e-07 V                  ; 2.35 V             ; -0.00942 V         ; 0.116 V                             ; 0.033 V                             ; 6.66e-10 s                 ; 6.27e-10 s                 ; Yes                       ; Yes                       ;
; SDRAM_DQ[5]         ; 2.5 V        ; 0 s                 ; 0 s                 ; 2.32 V                       ; 4.67e-07 V                   ; 2.35 V              ; -0.00942 V          ; 0.116 V                              ; 0.033 V                              ; 6.66e-10 s                  ; 6.27e-10 s                  ; Yes                        ; Yes                        ; 2.32 V                      ; 4.67e-07 V                  ; 2.35 V             ; -0.00942 V         ; 0.116 V                             ; 0.033 V                             ; 6.66e-10 s                 ; 6.27e-10 s                 ; Yes                       ; Yes                       ;
; SDRAM_DQ[4]         ; 2.5 V        ; 0 s                 ; 0 s                 ; 2.32 V                       ; 4.67e-07 V                   ; 2.35 V              ; -0.00942 V          ; 0.116 V                              ; 0.033 V                              ; 6.66e-10 s                  ; 6.27e-10 s                  ; Yes                        ; Yes                        ; 2.32 V                      ; 4.67e-07 V                  ; 2.35 V             ; -0.00942 V         ; 0.116 V                             ; 0.033 V                             ; 6.66e-10 s                 ; 6.27e-10 s                 ; Yes                       ; Yes                       ;
; SDRAM_DQ[3]         ; 2.5 V        ; 0 s                 ; 0 s                 ; 2.32 V                       ; 4.67e-07 V                   ; 2.35 V              ; -0.00942 V          ; 0.116 V                              ; 0.033 V                              ; 6.66e-10 s                  ; 6.27e-10 s                  ; Yes                        ; Yes                        ; 2.32 V                      ; 4.67e-07 V                  ; 2.35 V             ; -0.00942 V         ; 0.116 V                             ; 0.033 V                             ; 6.66e-10 s                 ; 6.27e-10 s                 ; Yes                       ; Yes                       ;
; SDRAM_DQ[2]         ; 2.5 V        ; 0 s                 ; 0 s                 ; 2.32 V                       ; 4.67e-07 V                   ; 2.35 V              ; -0.00942 V          ; 0.116 V                              ; 0.033 V                              ; 6.66e-10 s                  ; 6.27e-10 s                  ; Yes                        ; Yes                        ; 2.32 V                      ; 4.67e-07 V                  ; 2.35 V             ; -0.00942 V         ; 0.116 V                             ; 0.033 V                             ; 6.66e-10 s                 ; 6.27e-10 s                 ; Yes                       ; Yes                       ;
; SDRAM_DQ[1]         ; 2.5 V        ; 0 s                 ; 0 s                 ; 2.32 V                       ; 4.67e-07 V                   ; 2.35 V              ; -0.00942 V          ; 0.116 V                              ; 0.033 V                              ; 6.66e-10 s                  ; 6.27e-10 s                  ; Yes                        ; Yes                        ; 2.32 V                      ; 4.67e-07 V                  ; 2.35 V             ; -0.00942 V         ; 0.116 V                             ; 0.033 V                             ; 6.66e-10 s                 ; 6.27e-10 s                 ; Yes                       ; Yes                       ;
; SDRAM_DQ[0]         ; 2.5 V        ; 0 s                 ; 0 s                 ; 2.32 V                       ; 4.67e-07 V                   ; 2.35 V              ; -0.00942 V          ; 0.116 V                              ; 0.033 V                              ; 6.66e-10 s                  ; 6.27e-10 s                  ; Yes                        ; Yes                        ; 2.32 V                      ; 4.67e-07 V                  ; 2.35 V             ; -0.00942 V         ; 0.116 V                             ; 0.033 V                             ; 6.66e-10 s                 ; 6.27e-10 s                 ; Yes                       ; Yes                       ;
; altera_reserved_tdo ; 2.5 V        ; 0 s                 ; 0 s                 ; 2.32 V                       ; 3.15e-06 V                   ; 2.33 V              ; 3.15e-06 V          ; 0.014 V                              ; 0.05 V                               ; 1.08e-09 s                  ; 2.51e-09 s                  ; Yes                        ; Yes                        ; 2.32 V                      ; 3.15e-06 V                  ; 2.33 V             ; 3.15e-06 V         ; 0.014 V                             ; 0.05 V                              ; 1.08e-09 s                 ; 2.51e-09 s                 ; Yes                       ; Yes                       ;
; ~ALTERA_DCLK~       ; 2.5 V        ; 0 s                 ; 0 s                 ; 2.32 V                       ; 3.75e-07 V                   ; 2.35 V              ; -0.0109 V           ; 0.084 V                              ; 0.027 V                              ; 4.31e-10 s                  ; 3.61e-10 s                  ; Yes                        ; Yes                        ; 2.32 V                      ; 3.75e-07 V                  ; 2.35 V             ; -0.0109 V          ; 0.084 V                             ; 0.027 V                             ; 4.31e-10 s                 ; 3.61e-10 s                 ; Yes                       ; Yes                       ;
; ~ALTERA_nCEO~       ; 2.5 V        ; 0 s                 ; 0 s                 ; 2.32 V                       ; 6.15e-07 V                   ; 2.35 V              ; -0.00712 V          ; 0.093 V                              ; 0.02 V                               ; 6.21e-10 s                  ; 7.9e-10 s                   ; Yes                        ; Yes                        ; 2.32 V                      ; 6.15e-07 V                  ; 2.35 V             ; -0.00712 V         ; 0.093 V                             ; 0.02 V                              ; 6.21e-10 s                 ; 7.9e-10 s                  ; Yes                       ; Yes                       ;
+---------------------+--------------+---------------------+---------------------+------------------------------+------------------------------+---------------------+---------------------+--------------------------------------+--------------------------------------+-----------------------------+-----------------------------+----------------------------+----------------------------+-----------------------------+-----------------------------+--------------------+--------------------+-------------------------------------+-------------------------------------+----------------------------+----------------------------+---------------------------+---------------------------+


+--------------------------------------------------------------------------------------------------------------------------------------------------------------------------------------------------------------------------------------------------------------------------------------------------------------------------------------------------------------------------------------------------------------------------------------------------------------------------------------------------------------------------------------------------------------------------------------------------------------------------------------------------------------------------------------------------+
; Signal Integrity Metrics (Fast 1200mv 0c Model)                                                                                                                                                                                                                                                                                                                                                                                                                                                                                                                                                                                                                                                  ;
+---------------------+--------------+---------------------+---------------------+------------------------------+------------------------------+---------------------+---------------------+--------------------------------------+--------------------------------------+-----------------------------+-----------------------------+----------------------------+----------------------------+-----------------------------+-----------------------------+--------------------+--------------------+-------------------------------------+-------------------------------------+----------------------------+----------------------------+---------------------------+---------------------------+
; Pin                 ; I/O Standard ; Board Delay on Rise ; Board Delay on Fall ; Steady State Voh at FPGA Pin ; Steady State Vol at FPGA Pin ; Voh Max at FPGA Pin ; Vol Min at FPGA Pin ; Ringback Voltage on Rise at FPGA Pin ; Ringback Voltage on Fall at FPGA Pin ; 10-90 Rise Time at FPGA Pin ; 90-10 Fall Time at FPGA Pin ; Monotonic Rise at FPGA Pin ; Monotonic Fall at FPGA Pin ; Steady State Voh at Far-end ; Steady State Vol at Far-end ; Voh Max at Far-end ; Vol Min at Far-end ; Ringback Voltage on Rise at Far-end ; Ringback Voltage on Fall at Far-end ; 10-90 Rise Time at Far-end ; 90-10 Fall Time at Far-end ; Monotonic Rise at Far-end ; Monotonic Fall at Far-end ;
+---------------------+--------------+---------------------+---------------------+------------------------------+------------------------------+---------------------+---------------------+--------------------------------------+--------------------------------------+-----------------------------+-----------------------------+----------------------------+----------------------------+-----------------------------+-----------------------------+--------------------+--------------------+-------------------------------------+-------------------------------------+----------------------------+----------------------------+---------------------------+---------------------------+
; SDRAM_CAS_N         ; 2.5 V        ; 0 s                 ; 0 s                 ; 2.62 V                       ; 2.74e-08 V                   ; 2.71 V              ; -0.0317 V           ; 0.148 V                              ; 0.064 V                              ; 4.51e-10 s                  ; 4.15e-10 s                  ; No                         ; Yes                        ; 2.62 V                      ; 2.74e-08 V                  ; 2.71 V             ; -0.0317 V          ; 0.148 V                             ; 0.064 V                             ; 4.51e-10 s                 ; 4.15e-10 s                 ; No                        ; Yes                       ;
; SDRAM_CKE           ; 2.5 V        ; 0 s                 ; 0 s                 ; 2.62 V                       ; 2.74e-08 V                   ; 2.71 V              ; -0.0317 V           ; 0.148 V                              ; 0.064 V                              ; 4.51e-10 s                  ; 4.15e-10 s                  ; No                         ; Yes                        ; 2.62 V                      ; 2.74e-08 V                  ; 2.71 V             ; -0.0317 V          ; 0.148 V                             ; 0.064 V                             ; 4.51e-10 s                 ; 4.15e-10 s                 ; No                        ; Yes                       ;
; SDRAM_CS_N          ; 2.5 V        ; 0 s                 ; 0 s                 ; 2.62 V                       ; 2.74e-08 V                   ; 2.71 V              ; -0.0317 V           ; 0.148 V                              ; 0.064 V                              ; 4.51e-10 s                  ; 4.15e-10 s                  ; No                         ; Yes                        ; 2.62 V                      ; 2.74e-08 V                  ; 2.71 V             ; -0.0317 V          ; 0.148 V                             ; 0.064 V                             ; 4.51e-10 s                 ; 4.15e-10 s                 ; No                        ; Yes                       ;
; SDRAM_RAS_N         ; 2.5 V        ; 0 s                 ; 0 s                 ; 2.62 V                       ; 2.74e-08 V                   ; 2.71 V              ; -0.0317 V           ; 0.148 V                              ; 0.064 V                              ; 4.51e-10 s                  ; 4.15e-10 s                  ; No                         ; Yes                        ; 2.62 V                      ; 2.74e-08 V                  ; 2.71 V             ; -0.0317 V          ; 0.148 V                             ; 0.064 V                             ; 4.51e-10 s                 ; 4.15e-10 s                 ; No                        ; Yes                       ;
; SDRAM_WE_N          ; 2.5 V        ; 0 s                 ; 0 s                 ; 2.62 V                       ; 2.74e-08 V                   ; 2.71 V              ; -0.0317 V           ; 0.148 V                              ; 0.064 V                              ; 4.51e-10 s                  ; 4.15e-10 s                  ; No                         ; Yes                        ; 2.62 V                      ; 2.74e-08 V                  ; 2.71 V             ; -0.0317 V          ; 0.148 V                             ; 0.064 V                             ; 4.51e-10 s                 ; 4.15e-10 s                 ; No                        ; Yes                       ;
; SDRAM_CLK1          ; 2.5 V        ; 0 s                 ; 0 s                 ; 2.62 V                       ; 4.05e-08 V                   ; 2.72 V              ; -0.0349 V           ; 0.173 V                              ; 0.1 V                                ; 2.72e-10 s                  ; 2.69e-10 s                  ; Yes                        ; Yes                        ; 2.62 V                      ; 4.05e-08 V                  ; 2.72 V             ; -0.0349 V          ; 0.173 V                             ; 0.1 V                               ; 2.72e-10 s                 ; 2.69e-10 s                 ; Yes                       ; Yes                       ;
; LED[7]              ; 2.5 V        ; 0 s                 ; 0 s                 ; 2.62 V                       ; 4.05e-08 V                   ; 2.72 V              ; -0.0349 V           ; 0.173 V                              ; 0.1 V                                ; 2.72e-10 s                  ; 2.69e-10 s                  ; Yes                        ; Yes                        ; 2.62 V                      ; 4.05e-08 V                  ; 2.72 V             ; -0.0349 V          ; 0.173 V                             ; 0.1 V                               ; 2.72e-10 s                 ; 2.69e-10 s                 ; Yes                       ; Yes                       ;
; LED[6]              ; 2.5 V        ; 0 s                 ; 0 s                 ; 2.62 V                       ; 4.05e-08 V                   ; 2.72 V              ; -0.0349 V           ; 0.173 V                              ; 0.1 V                                ; 2.72e-10 s                  ; 2.69e-10 s                  ; Yes                        ; Yes                        ; 2.62 V                      ; 4.05e-08 V                  ; 2.72 V             ; -0.0349 V          ; 0.173 V                             ; 0.1 V                               ; 2.72e-10 s                 ; 2.69e-10 s                 ; Yes                       ; Yes                       ;
; LED[5]              ; 2.5 V        ; 0 s                 ; 0 s                 ; 2.62 V                       ; 4.05e-08 V                   ; 2.72 V              ; -0.0349 V           ; 0.173 V                              ; 0.1 V                                ; 2.72e-10 s                  ; 2.69e-10 s                  ; Yes                        ; Yes                        ; 2.62 V                      ; 4.05e-08 V                  ; 2.72 V             ; -0.0349 V          ; 0.173 V                             ; 0.1 V                               ; 2.72e-10 s                 ; 2.69e-10 s                 ; Yes                       ; Yes                       ;
; LED[4]              ; 2.5 V        ; 0 s                 ; 0 s                 ; 2.62 V                       ; 4.05e-08 V                   ; 2.72 V              ; -0.0349 V           ; 0.173 V                              ; 0.1 V                                ; 2.72e-10 s                  ; 2.69e-10 s                  ; Yes                        ; Yes                        ; 2.62 V                      ; 4.05e-08 V                  ; 2.72 V             ; -0.0349 V          ; 0.173 V                             ; 0.1 V                               ; 2.72e-10 s                 ; 2.69e-10 s                 ; Yes                       ; Yes                       ;
; LED[3]              ; 2.5 V        ; 0 s                 ; 0 s                 ; 2.62 V                       ; 4.05e-08 V                   ; 2.72 V              ; -0.0349 V           ; 0.173 V                              ; 0.1 V                                ; 2.72e-10 s                  ; 2.69e-10 s                  ; Yes                        ; Yes                        ; 2.62 V                      ; 4.05e-08 V                  ; 2.72 V             ; -0.0349 V          ; 0.173 V                             ; 0.1 V                               ; 2.72e-10 s                 ; 2.69e-10 s                 ; Yes                       ; Yes                       ;
; LED[2]              ; 2.5 V        ; 0 s                 ; 0 s                 ; 2.62 V                       ; 4.05e-08 V                   ; 2.72 V              ; -0.0349 V           ; 0.173 V                              ; 0.1 V                                ; 2.72e-10 s                  ; 2.69e-10 s                  ; Yes                        ; Yes                        ; 2.62 V                      ; 4.05e-08 V                  ; 2.72 V             ; -0.0349 V          ; 0.173 V                             ; 0.1 V                               ; 2.72e-10 s                 ; 2.69e-10 s                 ; Yes                       ; Yes                       ;
; LED[1]              ; 2.5 V        ; 0 s                 ; 0 s                 ; 2.62 V                       ; 4.05e-08 V                   ; 2.72 V              ; -0.0349 V           ; 0.173 V                              ; 0.1 V                                ; 2.72e-10 s                  ; 2.69e-10 s                  ; Yes                        ; Yes                        ; 2.62 V                      ; 4.05e-08 V                  ; 2.72 V             ; -0.0349 V          ; 0.173 V                             ; 0.1 V                               ; 2.72e-10 s                 ; 2.69e-10 s                 ; Yes                       ; Yes                       ;
; LED[0]              ; 2.5 V        ; 0 s                 ; 0 s                 ; 2.62 V                       ; 4.05e-08 V                   ; 2.72 V              ; -0.0349 V           ; 0.173 V                              ; 0.1 V                                ; 2.72e-10 s                  ; 2.69e-10 s                  ; Yes                        ; Yes                        ; 2.62 V                      ; 4.05e-08 V                  ; 2.72 V             ; -0.0349 V          ; 0.173 V                             ; 0.1 V                               ; 2.72e-10 s                 ; 2.69e-10 s                 ; Yes                       ; Yes                       ;
; SDRAM_ADDR[12]      ; 2.5 V        ; 0 s                 ; 0 s                 ; 2.62 V                       ; 2.74e-08 V                   ; 2.71 V              ; -0.0317 V           ; 0.148 V                              ; 0.064 V                              ; 4.51e-10 s                  ; 4.15e-10 s                  ; No                         ; Yes                        ; 2.62 V                      ; 2.74e-08 V                  ; 2.71 V             ; -0.0317 V          ; 0.148 V                             ; 0.064 V                             ; 4.51e-10 s                 ; 4.15e-10 s                 ; No                        ; Yes                       ;
; SDRAM_ADDR[11]      ; 2.5 V        ; 0 s                 ; 0 s                 ; 2.62 V                       ; 2.74e-08 V                   ; 2.71 V              ; -0.0317 V           ; 0.148 V                              ; 0.064 V                              ; 4.51e-10 s                  ; 4.15e-10 s                  ; No                         ; Yes                        ; 2.62 V                      ; 2.74e-08 V                  ; 2.71 V             ; -0.0317 V          ; 0.148 V                             ; 0.064 V                             ; 4.51e-10 s                 ; 4.15e-10 s                 ; No                        ; Yes                       ;
; SDRAM_ADDR[10]      ; 2.5 V        ; 0 s                 ; 0 s                 ; 2.62 V                       ; 2.74e-08 V                   ; 2.73 V              ; -0.0384 V           ; 0.169 V                              ; 0.089 V                              ; 2.7e-10 s                   ; 2.62e-10 s                  ; Yes                        ; Yes                        ; 2.62 V                      ; 2.74e-08 V                  ; 2.73 V             ; -0.0384 V          ; 0.169 V                             ; 0.089 V                             ; 2.7e-10 s                  ; 2.62e-10 s                 ; Yes                       ; Yes                       ;
; SDRAM_ADDR[9]       ; 2.5 V        ; 0 s                 ; 0 s                 ; 2.62 V                       ; 2.74e-08 V                   ; 2.71 V              ; -0.0317 V           ; 0.148 V                              ; 0.064 V                              ; 4.51e-10 s                  ; 4.15e-10 s                  ; No                         ; Yes                        ; 2.62 V                      ; 2.74e-08 V                  ; 2.71 V             ; -0.0317 V          ; 0.148 V                             ; 0.064 V                             ; 4.51e-10 s                 ; 4.15e-10 s                 ; No                        ; Yes                       ;
; SDRAM_ADDR[8]       ; 2.5 V        ; 0 s                 ; 0 s                 ; 2.62 V                       ; 2.74e-08 V                   ; 2.71 V              ; -0.0317 V           ; 0.148 V                              ; 0.064 V                              ; 4.51e-10 s                  ; 4.15e-10 s                  ; No                         ; Yes                        ; 2.62 V                      ; 2.74e-08 V                  ; 2.71 V             ; -0.0317 V          ; 0.148 V                             ; 0.064 V                             ; 4.51e-10 s                 ; 4.15e-10 s                 ; No                        ; Yes                       ;
; SDRAM_ADDR[7]       ; 2.5 V        ; 0 s                 ; 0 s                 ; 2.62 V                       ; 2.74e-08 V                   ; 2.73 V              ; -0.0384 V           ; 0.169 V                              ; 0.089 V                              ; 2.7e-10 s                   ; 2.62e-10 s                  ; Yes                        ; Yes                        ; 2.62 V                      ; 2.74e-08 V                  ; 2.73 V             ; -0.0384 V          ; 0.169 V                             ; 0.089 V                             ; 2.7e-10 s                  ; 2.62e-10 s                 ; Yes                       ; Yes                       ;
; SDRAM_ADDR[6]       ; 2.5 V        ; 0 s                 ; 0 s                 ; 2.62 V                       ; 2.74e-08 V                   ; 2.73 V              ; -0.0384 V           ; 0.169 V                              ; 0.089 V                              ; 2.7e-10 s                   ; 2.62e-10 s                  ; Yes                        ; Yes                        ; 2.62 V                      ; 2.74e-08 V                  ; 2.73 V             ; -0.0384 V          ; 0.169 V                             ; 0.089 V                             ; 2.7e-10 s                  ; 2.62e-10 s                 ; Yes                       ; Yes                       ;
; SDRAM_ADDR[5]       ; 2.5 V        ; 0 s                 ; 0 s                 ; 2.62 V                       ; 2.74e-08 V                   ; 2.71 V              ; -0.0317 V           ; 0.148 V                              ; 0.064 V                              ; 4.51e-10 s                  ; 4.15e-10 s                  ; No                         ; Yes                        ; 2.62 V                      ; 2.74e-08 V                  ; 2.71 V             ; -0.0317 V          ; 0.148 V                             ; 0.064 V                             ; 4.51e-10 s                 ; 4.15e-10 s                 ; No                        ; Yes                       ;
; SDRAM_ADDR[4]       ; 2.5 V        ; 0 s                 ; 0 s                 ; 2.62 V                       ; 2.74e-08 V                   ; 2.71 V              ; -0.0317 V           ; 0.148 V                              ; 0.064 V                              ; 4.51e-10 s                  ; 4.15e-10 s                  ; No                         ; Yes                        ; 2.62 V                      ; 2.74e-08 V                  ; 2.71 V             ; -0.0317 V          ; 0.148 V                             ; 0.064 V                             ; 4.51e-10 s                 ; 4.15e-10 s                 ; No                        ; Yes                       ;
; SDRAM_ADDR[3]       ; 2.5 V        ; 0 s                 ; 0 s                 ; 2.62 V                       ; 2.74e-08 V                   ; 2.71 V              ; -0.0317 V           ; 0.148 V                              ; 0.064 V                              ; 4.51e-10 s                  ; 4.15e-10 s                  ; No                         ; Yes                        ; 2.62 V                      ; 2.74e-08 V                  ; 2.71 V             ; -0.0317 V          ; 0.148 V                             ; 0.064 V                             ; 4.51e-10 s                 ; 4.15e-10 s                 ; No                        ; Yes                       ;
; SDRAM_ADDR[2]       ; 2.5 V        ; 0 s                 ; 0 s                 ; 2.62 V                       ; 2.74e-08 V                   ; 2.73 V              ; -0.0384 V           ; 0.169 V                              ; 0.089 V                              ; 2.7e-10 s                   ; 2.62e-10 s                  ; Yes                        ; Yes                        ; 2.62 V                      ; 2.74e-08 V                  ; 2.73 V             ; -0.0384 V          ; 0.169 V                             ; 0.089 V                             ; 2.7e-10 s                  ; 2.62e-10 s                 ; Yes                       ; Yes                       ;
; SDRAM_ADDR[1]       ; 2.5 V        ; 0 s                 ; 0 s                 ; 2.62 V                       ; 2.74e-08 V                   ; 2.71 V              ; -0.0317 V           ; 0.148 V                              ; 0.064 V                              ; 4.51e-10 s                  ; 4.15e-10 s                  ; No                         ; Yes                        ; 2.62 V                      ; 2.74e-08 V                  ; 2.71 V             ; -0.0317 V          ; 0.148 V                             ; 0.064 V                             ; 4.51e-10 s                 ; 4.15e-10 s                 ; No                        ; Yes                       ;
; SDRAM_ADDR[0]       ; 2.5 V        ; 0 s                 ; 0 s                 ; 2.62 V                       ; 2.74e-08 V                   ; 2.71 V              ; -0.0317 V           ; 0.148 V                              ; 0.064 V                              ; 4.51e-10 s                  ; 4.15e-10 s                  ; No                         ; Yes                        ; 2.62 V                      ; 2.74e-08 V                  ; 2.71 V             ; -0.0317 V          ; 0.148 V                             ; 0.064 V                             ; 4.51e-10 s                 ; 4.15e-10 s                 ; No                        ; Yes                       ;
; SDRAM_BA[1]         ; 2.5 V        ; 0 s                 ; 0 s                 ; 2.62 V                       ; 2.74e-08 V                   ; 2.71 V              ; -0.0317 V           ; 0.148 V                              ; 0.064 V                              ; 4.51e-10 s                  ; 4.15e-10 s                  ; No                         ; Yes                        ; 2.62 V                      ; 2.74e-08 V                  ; 2.71 V             ; -0.0317 V          ; 0.148 V                             ; 0.064 V                             ; 4.51e-10 s                 ; 4.15e-10 s                 ; No                        ; Yes                       ;
; SDRAM_BA[0]         ; 2.5 V        ; 0 s                 ; 0 s                 ; 2.62 V                       ; 2.74e-08 V                   ; 2.73 V              ; -0.0384 V           ; 0.169 V                              ; 0.089 V                              ; 2.7e-10 s                   ; 2.62e-10 s                  ; Yes                        ; Yes                        ; 2.62 V                      ; 2.74e-08 V                  ; 2.73 V             ; -0.0384 V          ; 0.169 V                             ; 0.089 V                             ; 2.7e-10 s                  ; 2.62e-10 s                 ; Yes                       ; Yes                       ;
; SDRAM_DQM[3]        ; 2.5 V        ; 0 s                 ; 0 s                 ; 2.62 V                       ; 2.74e-08 V                   ; 2.73 V              ; -0.0384 V           ; 0.169 V                              ; 0.089 V                              ; 2.7e-10 s                   ; 2.62e-10 s                  ; Yes                        ; Yes                        ; 2.62 V                      ; 2.74e-08 V                  ; 2.73 V             ; -0.0384 V          ; 0.169 V                             ; 0.089 V                             ; 2.7e-10 s                  ; 2.62e-10 s                 ; Yes                       ; Yes                       ;
; SDRAM_DQM[2]        ; 2.5 V        ; 0 s                 ; 0 s                 ; 2.62 V                       ; 2.74e-08 V                   ; 2.71 V              ; -0.0317 V           ; 0.148 V                              ; 0.064 V                              ; 4.51e-10 s                  ; 4.15e-10 s                  ; No                         ; Yes                        ; 2.62 V                      ; 2.74e-08 V                  ; 2.71 V             ; -0.0317 V          ; 0.148 V                             ; 0.064 V                             ; 4.51e-10 s                 ; 4.15e-10 s                 ; No                        ; Yes                       ;
; SDRAM_DQM[1]        ; 2.5 V        ; 0 s                 ; 0 s                 ; 2.62 V                       ; 2.74e-08 V                   ; 2.71 V              ; -0.0317 V           ; 0.148 V                              ; 0.064 V                              ; 4.51e-10 s                  ; 4.15e-10 s                  ; No                         ; Yes                        ; 2.62 V                      ; 2.74e-08 V                  ; 2.71 V             ; -0.0317 V          ; 0.148 V                             ; 0.064 V                             ; 4.51e-10 s                 ; 4.15e-10 s                 ; No                        ; Yes                       ;
; SDRAM_DQM[0]        ; 2.5 V        ; 0 s                 ; 0 s                 ; 2.62 V                       ; 2.74e-08 V                   ; 2.71 V              ; -0.0317 V           ; 0.148 V                              ; 0.064 V                              ; 4.51e-10 s                  ; 4.15e-10 s                  ; No                         ; Yes                        ; 2.62 V                      ; 2.74e-08 V                  ; 2.71 V             ; -0.0317 V          ; 0.148 V                             ; 0.064 V                             ; 4.51e-10 s                 ; 4.15e-10 s                 ; No                        ; Yes                       ;
; SDRAM_DQ[31]        ; 2.5 V        ; 0 s                 ; 0 s                 ; 2.62 V                       ; 2.74e-08 V                   ; 2.71 V              ; -0.0317 V           ; 0.148 V                              ; 0.064 V                              ; 4.51e-10 s                  ; 4.15e-10 s                  ; No                         ; Yes                        ; 2.62 V                      ; 2.74e-08 V                  ; 2.71 V             ; -0.0317 V          ; 0.148 V                             ; 0.064 V                             ; 4.51e-10 s                 ; 4.15e-10 s                 ; No                        ; Yes                       ;
; SDRAM_DQ[30]        ; 2.5 V        ; 0 s                 ; 0 s                 ; 2.62 V                       ; 2.74e-08 V                   ; 2.71 V              ; -0.0317 V           ; 0.148 V                              ; 0.064 V                              ; 4.51e-10 s                  ; 4.15e-10 s                  ; No                         ; Yes                        ; 2.62 V                      ; 2.74e-08 V                  ; 2.71 V             ; -0.0317 V          ; 0.148 V                             ; 0.064 V                             ; 4.51e-10 s                 ; 4.15e-10 s                 ; No                        ; Yes                       ;
; SDRAM_DQ[29]        ; 2.5 V        ; 0 s                 ; 0 s                 ; 2.62 V                       ; 2.74e-08 V                   ; 2.71 V              ; -0.0317 V           ; 0.148 V                              ; 0.064 V                              ; 4.51e-10 s                  ; 4.15e-10 s                  ; No                         ; Yes                        ; 2.62 V                      ; 2.74e-08 V                  ; 2.71 V             ; -0.0317 V          ; 0.148 V                             ; 0.064 V                             ; 4.51e-10 s                 ; 4.15e-10 s                 ; No                        ; Yes                       ;
; SDRAM_DQ[28]        ; 2.5 V        ; 0 s                 ; 0 s                 ; 2.62 V                       ; 2.74e-08 V                   ; 2.71 V              ; -0.0317 V           ; 0.148 V                              ; 0.064 V                              ; 4.51e-10 s                  ; 4.15e-10 s                  ; No                         ; Yes                        ; 2.62 V                      ; 2.74e-08 V                  ; 2.71 V             ; -0.0317 V          ; 0.148 V                             ; 0.064 V                             ; 4.51e-10 s                 ; 4.15e-10 s                 ; No                        ; Yes                       ;
; SDRAM_DQ[27]        ; 2.5 V        ; 0 s                 ; 0 s                 ; 2.62 V                       ; 2.74e-08 V                   ; 2.71 V              ; -0.0317 V           ; 0.148 V                              ; 0.064 V                              ; 4.51e-10 s                  ; 4.15e-10 s                  ; No                         ; Yes                        ; 2.62 V                      ; 2.74e-08 V                  ; 2.71 V             ; -0.0317 V          ; 0.148 V                             ; 0.064 V                             ; 4.51e-10 s                 ; 4.15e-10 s                 ; No                        ; Yes                       ;
; SDRAM_DQ[26]        ; 2.5 V        ; 0 s                 ; 0 s                 ; 2.62 V                       ; 2.74e-08 V                   ; 2.71 V              ; -0.0317 V           ; 0.148 V                              ; 0.064 V                              ; 4.51e-10 s                  ; 4.15e-10 s                  ; No                         ; Yes                        ; 2.62 V                      ; 2.74e-08 V                  ; 2.71 V             ; -0.0317 V          ; 0.148 V                             ; 0.064 V                             ; 4.51e-10 s                 ; 4.15e-10 s                 ; No                        ; Yes                       ;
; SDRAM_DQ[25]        ; 2.5 V        ; 0 s                 ; 0 s                 ; 2.62 V                       ; 2.74e-08 V                   ; 2.71 V              ; -0.0317 V           ; 0.148 V                              ; 0.064 V                              ; 4.51e-10 s                  ; 4.15e-10 s                  ; No                         ; Yes                        ; 2.62 V                      ; 2.74e-08 V                  ; 2.71 V             ; -0.0317 V          ; 0.148 V                             ; 0.064 V                             ; 4.51e-10 s                 ; 4.15e-10 s                 ; No                        ; Yes                       ;
; SDRAM_DQ[24]        ; 2.5 V        ; 0 s                 ; 0 s                 ; 2.62 V                       ; 2.74e-08 V                   ; 2.71 V              ; -0.0317 V           ; 0.148 V                              ; 0.064 V                              ; 4.51e-10 s                  ; 4.15e-10 s                  ; No                         ; Yes                        ; 2.62 V                      ; 2.74e-08 V                  ; 2.71 V             ; -0.0317 V          ; 0.148 V                             ; 0.064 V                             ; 4.51e-10 s                 ; 4.15e-10 s                 ; No                        ; Yes                       ;
; SDRAM_DQ[23]        ; 2.5 V        ; 0 s                 ; 0 s                 ; 2.62 V                       ; 2.74e-08 V                   ; 2.71 V              ; -0.0317 V           ; 0.148 V                              ; 0.064 V                              ; 4.51e-10 s                  ; 4.15e-10 s                  ; No                         ; Yes                        ; 2.62 V                      ; 2.74e-08 V                  ; 2.71 V             ; -0.0317 V          ; 0.148 V                             ; 0.064 V                             ; 4.51e-10 s                 ; 4.15e-10 s                 ; No                        ; Yes                       ;
; SDRAM_DQ[22]        ; 2.5 V        ; 0 s                 ; 0 s                 ; 2.62 V                       ; 2.74e-08 V                   ; 2.71 V              ; -0.0317 V           ; 0.148 V                              ; 0.064 V                              ; 4.51e-10 s                  ; 4.15e-10 s                  ; No                         ; Yes                        ; 2.62 V                      ; 2.74e-08 V                  ; 2.71 V             ; -0.0317 V          ; 0.148 V                             ; 0.064 V                             ; 4.51e-10 s                 ; 4.15e-10 s                 ; No                        ; Yes                       ;
; SDRAM_DQ[21]        ; 2.5 V        ; 0 s                 ; 0 s                 ; 2.62 V                       ; 2.74e-08 V                   ; 2.71 V              ; -0.0317 V           ; 0.148 V                              ; 0.064 V                              ; 4.51e-10 s                  ; 4.15e-10 s                  ; No                         ; Yes                        ; 2.62 V                      ; 2.74e-08 V                  ; 2.71 V             ; -0.0317 V          ; 0.148 V                             ; 0.064 V                             ; 4.51e-10 s                 ; 4.15e-10 s                 ; No                        ; Yes                       ;
; SDRAM_DQ[20]        ; 2.5 V        ; 0 s                 ; 0 s                 ; 2.62 V                       ; 2.74e-08 V                   ; 2.71 V              ; -0.0317 V           ; 0.148 V                              ; 0.064 V                              ; 4.51e-10 s                  ; 4.15e-10 s                  ; No                         ; Yes                        ; 2.62 V                      ; 2.74e-08 V                  ; 2.71 V             ; -0.0317 V          ; 0.148 V                             ; 0.064 V                             ; 4.51e-10 s                 ; 4.15e-10 s                 ; No                        ; Yes                       ;
; SDRAM_DQ[19]        ; 2.5 V        ; 0 s                 ; 0 s                 ; 2.62 V                       ; 2.74e-08 V                   ; 2.71 V              ; -0.0317 V           ; 0.148 V                              ; 0.064 V                              ; 4.51e-10 s                  ; 4.15e-10 s                  ; No                         ; Yes                        ; 2.62 V                      ; 2.74e-08 V                  ; 2.71 V             ; -0.0317 V          ; 0.148 V                             ; 0.064 V                             ; 4.51e-10 s                 ; 4.15e-10 s                 ; No                        ; Yes                       ;
; SDRAM_DQ[18]        ; 2.5 V        ; 0 s                 ; 0 s                 ; 2.62 V                       ; 2.74e-08 V                   ; 2.71 V              ; -0.0317 V           ; 0.148 V                              ; 0.064 V                              ; 4.51e-10 s                  ; 4.15e-10 s                  ; No                         ; Yes                        ; 2.62 V                      ; 2.74e-08 V                  ; 2.71 V             ; -0.0317 V          ; 0.148 V                             ; 0.064 V                             ; 4.51e-10 s                 ; 4.15e-10 s                 ; No                        ; Yes                       ;
; SDRAM_DQ[17]        ; 2.5 V        ; 0 s                 ; 0 s                 ; 2.62 V                       ; 2.74e-08 V                   ; 2.71 V              ; -0.0317 V           ; 0.148 V                              ; 0.064 V                              ; 4.51e-10 s                  ; 4.15e-10 s                  ; No                         ; Yes                        ; 2.62 V                      ; 2.74e-08 V                  ; 2.71 V             ; -0.0317 V          ; 0.148 V                             ; 0.064 V                             ; 4.51e-10 s                 ; 4.15e-10 s                 ; No                        ; Yes                       ;
; SDRAM_DQ[16]        ; 2.5 V        ; 0 s                 ; 0 s                 ; 2.62 V                       ; 2.74e-08 V                   ; 2.71 V              ; -0.0317 V           ; 0.148 V                              ; 0.064 V                              ; 4.51e-10 s                  ; 4.15e-10 s                  ; No                         ; Yes                        ; 2.62 V                      ; 2.74e-08 V                  ; 2.71 V             ; -0.0317 V          ; 0.148 V                             ; 0.064 V                             ; 4.51e-10 s                 ; 4.15e-10 s                 ; No                        ; Yes                       ;
; SDRAM_DQ[15]        ; 2.5 V        ; 0 s                 ; 0 s                 ; 2.62 V                       ; 2.74e-08 V                   ; 2.71 V              ; -0.0317 V           ; 0.148 V                              ; 0.064 V                              ; 4.51e-10 s                  ; 4.15e-10 s                  ; No                         ; Yes                        ; 2.62 V                      ; 2.74e-08 V                  ; 2.71 V             ; -0.0317 V          ; 0.148 V                             ; 0.064 V                             ; 4.51e-10 s                 ; 4.15e-10 s                 ; No                        ; Yes                       ;
; SDRAM_DQ[14]        ; 2.5 V        ; 0 s                 ; 0 s                 ; 2.62 V                       ; 2.74e-08 V                   ; 2.73 V              ; -0.0384 V           ; 0.169 V                              ; 0.089 V                              ; 2.7e-10 s                   ; 2.62e-10 s                  ; Yes                        ; Yes                        ; 2.62 V                      ; 2.74e-08 V                  ; 2.73 V             ; -0.0384 V          ; 0.169 V                             ; 0.089 V                             ; 2.7e-10 s                  ; 2.62e-10 s                 ; Yes                       ; Yes                       ;
; SDRAM_DQ[13]        ; 2.5 V        ; 0 s                 ; 0 s                 ; 2.62 V                       ; 2.74e-08 V                   ; 2.71 V              ; -0.0317 V           ; 0.148 V                              ; 0.064 V                              ; 4.51e-10 s                  ; 4.15e-10 s                  ; No                         ; Yes                        ; 2.62 V                      ; 2.74e-08 V                  ; 2.71 V             ; -0.0317 V          ; 0.148 V                             ; 0.064 V                             ; 4.51e-10 s                 ; 4.15e-10 s                 ; No                        ; Yes                       ;
; SDRAM_DQ[12]        ; 2.5 V        ; 0 s                 ; 0 s                 ; 2.62 V                       ; 2.74e-08 V                   ; 2.71 V              ; -0.0317 V           ; 0.148 V                              ; 0.064 V                              ; 4.51e-10 s                  ; 4.15e-10 s                  ; No                         ; Yes                        ; 2.62 V                      ; 2.74e-08 V                  ; 2.71 V             ; -0.0317 V          ; 0.148 V                             ; 0.064 V                             ; 4.51e-10 s                 ; 4.15e-10 s                 ; No                        ; Yes                       ;
; SDRAM_DQ[11]        ; 2.5 V        ; 0 s                 ; 0 s                 ; 2.62 V                       ; 2.74e-08 V                   ; 2.71 V              ; -0.0317 V           ; 0.148 V                              ; 0.064 V                              ; 4.51e-10 s                  ; 4.15e-10 s                  ; No                         ; Yes                        ; 2.62 V                      ; 2.74e-08 V                  ; 2.71 V             ; -0.0317 V          ; 0.148 V                             ; 0.064 V                             ; 4.51e-10 s                 ; 4.15e-10 s                 ; No                        ; Yes                       ;
; SDRAM_DQ[10]        ; 2.5 V        ; 0 s                 ; 0 s                 ; 2.62 V                       ; 2.74e-08 V                   ; 2.71 V              ; -0.0317 V           ; 0.148 V                              ; 0.064 V                              ; 4.51e-10 s                  ; 4.15e-10 s                  ; No                         ; Yes                        ; 2.62 V                      ; 2.74e-08 V                  ; 2.71 V             ; -0.0317 V          ; 0.148 V                             ; 0.064 V                             ; 4.51e-10 s                 ; 4.15e-10 s                 ; No                        ; Yes                       ;
; SDRAM_DQ[9]         ; 2.5 V        ; 0 s                 ; 0 s                 ; 2.62 V                       ; 2.74e-08 V                   ; 2.71 V              ; -0.0317 V           ; 0.148 V                              ; 0.064 V                              ; 4.51e-10 s                  ; 4.15e-10 s                  ; No                         ; Yes                        ; 2.62 V                      ; 2.74e-08 V                  ; 2.71 V             ; -0.0317 V          ; 0.148 V                             ; 0.064 V                             ; 4.51e-10 s                 ; 4.15e-10 s                 ; No                        ; Yes                       ;
; SDRAM_DQ[8]         ; 2.5 V        ; 0 s                 ; 0 s                 ; 2.62 V                       ; 2.74e-08 V                   ; 2.71 V              ; -0.0317 V           ; 0.148 V                              ; 0.064 V                              ; 4.51e-10 s                  ; 4.15e-10 s                  ; No                         ; Yes                        ; 2.62 V                      ; 2.74e-08 V                  ; 2.71 V             ; -0.0317 V          ; 0.148 V                             ; 0.064 V                             ; 4.51e-10 s                 ; 4.15e-10 s                 ; No                        ; Yes                       ;
; SDRAM_DQ[7]         ; 2.5 V        ; 0 s                 ; 0 s                 ; 2.62 V                       ; 2.74e-08 V                   ; 2.71 V              ; -0.0317 V           ; 0.148 V                              ; 0.064 V                              ; 4.51e-10 s                  ; 4.15e-10 s                  ; No                         ; Yes                        ; 2.62 V                      ; 2.74e-08 V                  ; 2.71 V             ; -0.0317 V          ; 0.148 V                             ; 0.064 V                             ; 4.51e-10 s                 ; 4.15e-10 s                 ; No                        ; Yes                       ;
; SDRAM_DQ[6]         ; 2.5 V        ; 0 s                 ; 0 s                 ; 2.62 V                       ; 2.74e-08 V                   ; 2.71 V              ; -0.0317 V           ; 0.148 V                              ; 0.064 V                              ; 4.51e-10 s                  ; 4.15e-10 s                  ; No                         ; Yes                        ; 2.62 V                      ; 2.74e-08 V                  ; 2.71 V             ; -0.0317 V          ; 0.148 V                             ; 0.064 V                             ; 4.51e-10 s                 ; 4.15e-10 s                 ; No                        ; Yes                       ;
; SDRAM_DQ[5]         ; 2.5 V        ; 0 s                 ; 0 s                 ; 2.62 V                       ; 2.74e-08 V                   ; 2.71 V              ; -0.0317 V           ; 0.148 V                              ; 0.064 V                              ; 4.51e-10 s                  ; 4.15e-10 s                  ; No                         ; Yes                        ; 2.62 V                      ; 2.74e-08 V                  ; 2.71 V             ; -0.0317 V          ; 0.148 V                             ; 0.064 V                             ; 4.51e-10 s                 ; 4.15e-10 s                 ; No                        ; Yes                       ;
; SDRAM_DQ[4]         ; 2.5 V        ; 0 s                 ; 0 s                 ; 2.62 V                       ; 2.74e-08 V                   ; 2.71 V              ; -0.0317 V           ; 0.148 V                              ; 0.064 V                              ; 4.51e-10 s                  ; 4.15e-10 s                  ; No                         ; Yes                        ; 2.62 V                      ; 2.74e-08 V                  ; 2.71 V             ; -0.0317 V          ; 0.148 V                             ; 0.064 V                             ; 4.51e-10 s                 ; 4.15e-10 s                 ; No                        ; Yes                       ;
; SDRAM_DQ[3]         ; 2.5 V        ; 0 s                 ; 0 s                 ; 2.62 V                       ; 2.74e-08 V                   ; 2.71 V              ; -0.0317 V           ; 0.148 V                              ; 0.064 V                              ; 4.51e-10 s                  ; 4.15e-10 s                  ; No                         ; Yes                        ; 2.62 V                      ; 2.74e-08 V                  ; 2.71 V             ; -0.0317 V          ; 0.148 V                             ; 0.064 V                             ; 4.51e-10 s                 ; 4.15e-10 s                 ; No                        ; Yes                       ;
; SDRAM_DQ[2]         ; 2.5 V        ; 0 s                 ; 0 s                 ; 2.62 V                       ; 2.74e-08 V                   ; 2.71 V              ; -0.0317 V           ; 0.148 V                              ; 0.064 V                              ; 4.51e-10 s                  ; 4.15e-10 s                  ; No                         ; Yes                        ; 2.62 V                      ; 2.74e-08 V                  ; 2.71 V             ; -0.0317 V          ; 0.148 V                             ; 0.064 V                             ; 4.51e-10 s                 ; 4.15e-10 s                 ; No                        ; Yes                       ;
; SDRAM_DQ[1]         ; 2.5 V        ; 0 s                 ; 0 s                 ; 2.62 V                       ; 2.74e-08 V                   ; 2.71 V              ; -0.0317 V           ; 0.148 V                              ; 0.064 V                              ; 4.51e-10 s                  ; 4.15e-10 s                  ; No                         ; Yes                        ; 2.62 V                      ; 2.74e-08 V                  ; 2.71 V             ; -0.0317 V          ; 0.148 V                             ; 0.064 V                             ; 4.51e-10 s                 ; 4.15e-10 s                 ; No                        ; Yes                       ;
; SDRAM_DQ[0]         ; 2.5 V        ; 0 s                 ; 0 s                 ; 2.62 V                       ; 2.74e-08 V                   ; 2.71 V              ; -0.0317 V           ; 0.148 V                              ; 0.064 V                              ; 4.51e-10 s                  ; 4.15e-10 s                  ; No                         ; Yes                        ; 2.62 V                      ; 2.74e-08 V                  ; 2.71 V             ; -0.0317 V          ; 0.148 V                             ; 0.064 V                             ; 4.51e-10 s                 ; 4.15e-10 s                 ; No                        ; Yes                       ;
; altera_reserved_tdo ; 2.5 V        ; 0 s                 ; 0 s                 ; 2.62 V                       ; 1.77e-07 V                   ; 2.65 V              ; -0.0108 V           ; 0.18 V                               ; 0.17 V                               ; 6.63e-10 s                  ; 1.56e-09 s                  ; Yes                        ; Yes                        ; 2.62 V                      ; 1.77e-07 V                  ; 2.65 V             ; -0.0108 V          ; 0.18 V                              ; 0.17 V                              ; 6.63e-10 s                 ; 1.56e-09 s                 ; Yes                       ; Yes                       ;
; ~ALTERA_DCLK~       ; 2.5 V        ; 0 s                 ; 0 s                 ; 2.62 V                       ; 2.22e-08 V                   ; 2.74 V              ; -0.06 V             ; 0.158 V                              ; 0.08 V                               ; 2.68e-10 s                  ; 2.19e-10 s                  ; Yes                        ; Yes                        ; 2.62 V                      ; 2.22e-08 V                  ; 2.74 V             ; -0.06 V            ; 0.158 V                             ; 0.08 V                              ; 2.68e-10 s                 ; 2.19e-10 s                 ; Yes                       ; Yes                       ;
; ~ALTERA_nCEO~       ; 2.5 V        ; 0 s                 ; 0 s                 ; 2.62 V                       ; 3.54e-08 V                   ; 2.7 V               ; -0.00943 V          ; 0.276 V                              ; 0.035 V                              ; 3.19e-10 s                  ; 4.99e-10 s                  ; No                         ; Yes                        ; 2.62 V                      ; 3.54e-08 V                  ; 2.7 V              ; -0.00943 V         ; 0.276 V                             ; 0.035 V                             ; 3.19e-10 s                 ; 4.99e-10 s                 ; No                        ; Yes                       ;
+---------------------+--------------+---------------------+---------------------+------------------------------+------------------------------+---------------------+---------------------+--------------------------------------+--------------------------------------+-----------------------------+-----------------------------+----------------------------+----------------------------+-----------------------------+-----------------------------+--------------------+--------------------+-------------------------------------+-------------------------------------+----------------------------+----------------------------+---------------------------+---------------------------+


+---------------------------------------------------------------------------------------+
; Setup Transfers                                                                       ;
+---------------------+---------------------+----------+----------+----------+----------+
; From Clock          ; To Clock            ; RR Paths ; FR Paths ; RF Paths ; FF Paths ;
+---------------------+---------------------+----------+----------+----------+----------+
; altera_reserved_tck ; altera_reserved_tck ; 1741     ; 0        ; 32       ; 2        ;
+---------------------+---------------------+----------+----------+----------+----------+
Entries labeled "false path" only account for clock-to-clock false paths and not path-based false paths. As a result, actual path counts may be lower than reported.


+---------------------------------------------------------------------------------------+
; Hold Transfers                                                                        ;
+---------------------+---------------------+----------+----------+----------+----------+
; From Clock          ; To Clock            ; RR Paths ; FR Paths ; RF Paths ; FF Paths ;
+---------------------+---------------------+----------+----------+----------+----------+
; altera_reserved_tck ; altera_reserved_tck ; 1741     ; 0        ; 32       ; 2        ;
+---------------------+---------------------+----------+----------+----------+----------+
Entries labeled "false path" only account for clock-to-clock false paths and not path-based false paths. As a result, actual path counts may be lower than reported.


+---------------------------------------------------------------------------------------+
; Recovery Transfers                                                                    ;
+---------------------+---------------------+----------+----------+----------+----------+
; From Clock          ; To Clock            ; RR Paths ; FR Paths ; RF Paths ; FF Paths ;
+---------------------+---------------------+----------+----------+----------+----------+
; altera_reserved_tck ; altera_reserved_tck ; 81       ; 0        ; 3        ; 0        ;
+---------------------+---------------------+----------+----------+----------+----------+
Entries labeled "false path" only account for clock-to-clock false paths and not path-based false paths. As a result, actual path counts may be lower than reported.


+---------------------------------------------------------------------------------------+
; Removal Transfers                                                                     ;
+---------------------+---------------------+----------+----------+----------+----------+
; From Clock          ; To Clock            ; RR Paths ; FR Paths ; RF Paths ; FF Paths ;
+---------------------+---------------------+----------+----------+----------+----------+
; altera_reserved_tck ; altera_reserved_tck ; 81       ; 0        ; 3        ; 0        ;
+---------------------+---------------------+----------+----------+----------+----------+
Entries labeled "false path" only account for clock-to-clock false paths and not path-based false paths. As a result, actual path counts may be lower than reported.


---------------
; Report TCCS ;
---------------
No dedicated SERDES Transmitter circuitry present in device or used in design


---------------
; Report RSKM ;
---------------
No non-DPA dedicated SERDES Receiver circuitry present in device or used in design


+------------------------------------------------+
; Unconstrained Paths                            ;
+---------------------------------+-------+------+
; Property                        ; Setup ; Hold ;
+---------------------------------+-------+------+
; Illegal Clocks                  ; 0     ; 0    ;
; Unconstrained Clocks            ; 1     ; 1    ;
; Unconstrained Input Ports       ; 35    ; 35   ;
; Unconstrained Input Port Paths  ; 99    ; 99   ;
; Unconstrained Output Ports      ; 65    ; 65   ;
; Unconstrained Output Port Paths ; 97    ; 97   ;
+---------------------------------+-------+------+


+------------------------------------+
; TimeQuest Timing Analyzer Messages ;
+------------------------------------+
Info: *******************************************************************
Info: Running Quartus II 64-Bit TimeQuest Timing Analyzer
    Info: Version 13.1.0 Build 162 10/23/2013 SJ Web Edition
    Info: Processing started: Mon Jan 05 13:33:04 2026
Info: Command: quartus_sta crc_customization -c crc_customization
Info: qsta_default_script.tcl version: #1
Warning (20028): Parallel compilation is not licensed and has been disabled
Info (21077): Low junction temperature is 0 degrees C
Info (21077): High junction temperature is 85 degrees C
Info (332164): Evaluating HDL-embedded SDC commands
    Info (332165): Entity alt_jtag_atlantic
        Info (332166): set_false_path -from [get_registers {*|alt_jtag_atlantic:*|jupdate}] -to [get_registers {*|alt_jtag_atlantic:*|jupdate1*}] 
        Info (332166): set_false_path -from [get_registers {*|alt_jtag_atlantic:*|rdata[*]}] -to [get_registers {*|alt_jtag_atlantic*|td_shift[*]}]
        Info (332166): set_false_path -from [get_registers {*|alt_jtag_atlantic:*|rdata[*]}] -to [get_registers {*|alt_jtag_atlantic*|td_shift[*]}]
        Info (332166): set_false_path -from [get_registers {*|alt_jtag_atlantic:*|rdata[*]}] -to [get_registers {*|alt_jtag_atlantic*|td_shift[*]}]
        Info (332166): set_false_path -from [get_registers {*|alt_jtag_atlantic:*|rdata[*]}] -to [get_registers {*|alt_jtag_atlantic*|td_shift[*]}]
        Info (332166): set_false_path -from [get_registers {*|alt_jtag_atlantic:*|rdata[*]}] -to [get_registers {*|alt_jtag_atlantic*|td_shift[*]}]
        Info (332166): set_false_path -from [get_registers {*|alt_jtag_atlantic:*|rdata[*]}] -to [get_registers {*|alt_jtag_atlantic*|td_shift[*]}]
        Info (332166): set_false_path -from [get_registers {*|alt_jtag_atlantic:*|rdata[*]}] -to [get_registers {*|alt_jtag_atlantic*|td_shift[*]}]
        Info (332166): set_false_path -from [get_registers {*|alt_jtag_atlantic:*|rdata[*]}] -to [get_registers {*|alt_jtag_atlantic*|td_shift[*]}]
        Info (332166): set_false_path -from [get_registers {*|alt_jtag_atlantic:*|read}] -to [get_registers {*|alt_jtag_atlantic:*|read1*}] 
        Info (332166): set_false_path -from [get_registers {*|alt_jtag_atlantic:*|read_req}]
        Info (332166): set_false_path -from [get_registers {*|alt_jtag_atlantic:*|rvalid}] -to [get_registers {*|alt_jtag_atlantic*|td_shift[*]}]
        Info (332166): set_false_path -from [get_registers {*|t_dav}] -to [get_registers {*|alt_jtag_atlantic:*|tck_t_dav}]
        Info (332166): set_false_path -from [get_registers {*|alt_jtag_atlantic:*|user_saw_rvalid}] -to [get_registers {*|alt_jtag_atlantic:*|rvalid0*}]
        Info (332166): set_false_path -from [get_registers {*|alt_jtag_atlantic:*|wdata[*]}] -to [get_registers {*}]
        Info (332166): set_false_path -from [get_registers {*|alt_jtag_atlantic:*|wdata[*]}] -to [get_registers {*}]
        Info (332166): set_false_path -from [get_registers {*|alt_jtag_atlantic:*|wdata[*]}] -to [get_registers {*}]
        Info (332166): set_false_path -from [get_registers {*|alt_jtag_atlantic:*|wdata[*]}] -to [get_registers {*}]
        Info (332166): set_false_path -from [get_registers {*|alt_jtag_atlantic:*|wdata[*]}] -to [get_registers {*}]
        Info (332166): set_false_path -from [get_registers {*|alt_jtag_atlantic:*|wdata[*]}] -to [get_registers {*}]
        Info (332166): set_false_path -from [get_registers {*|alt_jtag_atlantic:*|wdata[*]}] -to [get_registers {*}]
        Info (332166): set_false_path -from [get_registers {*|alt_jtag_atlantic:*|wdata[*]}] -to [get_registers {*}]
        Info (332166): set_false_path -from [get_registers {*|alt_jtag_atlantic:*|write}] -to [get_registers {*|alt_jtag_atlantic:*|write1*}] 
        Info (332166): set_false_path -from [get_registers {*|alt_jtag_atlantic:*|write_stalled}] -to [get_registers {*|alt_jtag_atlantic:*|t_ena*}]
        Info (332166): set_false_path -from [get_registers {*|alt_jtag_atlantic:*|write_stalled}] -to [get_registers {*|alt_jtag_atlantic:*|t_pause*}]
        Info (332166): set_false_path -from [get_registers {*|alt_jtag_atlantic:*|write_valid}]
    Info (332165): Entity altera_avalon_st_clock_crosser
        Info (332166): set_false_path -from [get_registers *altera_avalon_st_clock_crosser:*|in_data_buffer*] -to [get_registers *altera_avalon_st_clock_crosser:*|out_data_buffer*]
        Info (332166): set_false_path -from [get_registers *altera_avalon_st_clock_crosser:*|in_data_buffer*] -to [get_registers *altera_avalon_st_clock_crosser:*|out_data_buffer*]
        Info (332166): set_false_path -from [get_registers *altera_avalon_st_clock_crosser:*|in_data_buffer*] -to [get_registers *altera_avalon_st_clock_crosser:*|out_data_buffer*]
        Info (332166): set_false_path -from [get_registers *altera_avalon_st_clock_crosser:*|in_data_buffer*] -to [get_registers *altera_avalon_st_clock_crosser:*|out_data_buffer*]
        Info (332166): set_false_path -from [get_registers *altera_avalon_st_clock_crosser:*|in_data_buffer*] -to [get_registers *altera_avalon_st_clock_crosser:*|out_data_buffer*]
        Info (332166): set_false_path -from [get_registers *altera_avalon_st_clock_crosser:*|in_data_buffer*] -to [get_registers *altera_avalon_st_clock_crosser:*|out_data_buffer*]
        Info (332166): set_false_path -from [get_registers *altera_avalon_st_clock_crosser:*|in_data_buffer*] -to [get_registers *altera_avalon_st_clock_crosser:*|out_data_buffer*]
        Info (332166): set_false_path -from [get_registers *altera_avalon_st_clock_crosser:*|in_data_buffer*] -to [get_registers *altera_avalon_st_clock_crosser:*|out_data_buffer*]
        Info (332166): set_false_path -from [get_registers *altera_avalon_st_clock_crosser:*|in_data_buffer*] -to [get_registers *altera_avalon_st_clock_crosser:*|out_data_buffer*]
        Info (332166): set_false_path -from [get_registers *altera_avalon_st_clock_crosser:*|in_data_buffer*] -to [get_registers *altera_avalon_st_clock_crosser:*|out_data_buffer*]
        Info (332166): set_false_path -from [get_registers *altera_avalon_st_clock_crosser:*|in_data_buffer*] -to [get_registers *altera_avalon_st_clock_crosser:*|out_data_buffer*]
        Info (332166): set_false_path -from [get_registers *altera_avalon_st_clock_crosser:*|in_data_buffer*] -to [get_registers *altera_avalon_st_clock_crosser:*|out_data_buffer*]
        Info (332166): set_false_path -from [get_registers *altera_avalon_st_clock_crosser:*|in_data_buffer*] -to [get_registers *altera_avalon_st_clock_crosser:*|out_data_buffer*]
        Info (332166): set_false_path -from [get_registers *altera_avalon_st_clock_crosser:*|in_data_buffer*] -to [get_registers *altera_avalon_st_clock_crosser:*|out_data_buffer*]
        Info (332166): set_false_path -from [get_registers *altera_avalon_st_clock_crosser:*|in_data_buffer*] -to [get_registers *altera_avalon_st_clock_crosser:*|out_data_buffer*]
        Info (332166): set_false_path -from [get_registers *altera_avalon_st_clock_crosser:*|in_data_buffer*] -to [get_registers *altera_avalon_st_clock_crosser:*|out_data_buffer*]
        Info (332166): set_false_path -from [get_registers *altera_avalon_st_clock_crosser:*|in_data_buffer*] -to [get_registers *altera_avalon_st_clock_crosser:*|out_data_buffer*]
        Info (332166): set_false_path -from [get_registers *altera_avalon_st_clock_crosser:*|in_data_buffer*] -to [get_registers *altera_avalon_st_clock_crosser:*|out_data_buffer*]
        Info (332166): set_false_path -from [get_registers *altera_avalon_st_clock_crosser:*|in_data_buffer*] -to [get_registers *altera_avalon_st_clock_crosser:*|out_data_buffer*]
        Info (332166): set_false_path -from [get_registers *altera_avalon_st_clock_crosser:*|in_data_buffer*] -to [get_registers *altera_avalon_st_clock_crosser:*|out_data_buffer*]
        Info (332166): set_false_path -from [get_registers *altera_avalon_st_clock_crosser:*|in_data_buffer*] -to [get_registers *altera_avalon_st_clock_crosser:*|out_data_buffer*]
        Info (332166): set_false_path -from [get_registers *altera_avalon_st_clock_crosser:*|in_data_buffer*] -to [get_registers *altera_avalon_st_clock_crosser:*|out_data_buffer*]
        Info (332166): set_false_path -from [get_registers *altera_avalon_st_clock_crosser:*|in_data_buffer*] -to [get_registers *altera_avalon_st_clock_crosser:*|out_data_buffer*]
        Info (332166): set_false_path -from [get_registers *altera_avalon_st_clock_crosser:*|in_data_buffer*] -to [get_registers *altera_avalon_st_clock_crosser:*|out_data_buffer*]
        Info (332166): set_false_path -from [get_registers *altera_avalon_st_clock_crosser:*|in_data_buffer*] -to [get_registers *altera_avalon_st_clock_crosser:*|out_data_buffer*]
        Info (332166): set_false_path -from [get_registers *altera_avalon_st_clock_crosser:*|in_data_buffer*] -to [get_registers *altera_avalon_st_clock_crosser:*|out_data_buffer*]
        Info (332166): set_false_path -from [get_registers *altera_avalon_st_clock_crosser:*|in_data_buffer*] -to [get_registers *altera_avalon_st_clock_crosser:*|out_data_buffer*]
        Info (332166): set_false_path -from [get_registers *altera_avalon_st_clock_crosser:*|in_data_buffer*] -to [get_registers *altera_avalon_st_clock_crosser:*|out_data_buffer*]
        Info (332166): set_false_path -from [get_registers *altera_avalon_st_clock_crosser:*|in_data_buffer*] -to [get_registers *altera_avalon_st_clock_crosser:*|out_data_buffer*]
        Info (332166): set_false_path -from [get_registers *altera_avalon_st_clock_crosser:*|in_data_buffer*] -to [get_registers *altera_avalon_st_clock_crosser:*|out_data_buffer*]
        Info (332166): set_false_path -from [get_registers *altera_avalon_st_clock_crosser:*|in_data_buffer*] -to [get_registers *altera_avalon_st_clock_crosser:*|out_data_buffer*]
        Info (332166): set_false_path -from [get_registers *altera_avalon_st_clock_crosser:*|in_data_buffer*] -to [get_registers *altera_avalon_st_clock_crosser:*|out_data_buffer*]
        Info (332166): set_false_path -from [get_registers *altera_avalon_st_clock_crosser:*|in_data_buffer*] -to [get_registers *altera_avalon_st_clock_crosser:*|out_data_buffer*]
        Info (332166): set_false_path -from [get_registers *altera_avalon_st_clock_crosser:*|in_data_buffer*] -to [get_registers *altera_avalon_st_clock_crosser:*|out_data_buffer*]
        Info (332166): set_false_path -from [get_registers *altera_avalon_st_clock_crosser:*|in_data_buffer*] -to [get_registers *altera_avalon_st_clock_crosser:*|out_data_buffer*]
        Info (332166): set_false_path -from [get_registers *altera_avalon_st_clock_crosser:*|in_data_buffer*] -to [get_registers *altera_avalon_st_clock_crosser:*|out_data_buffer*]
        Info (332166): set_false_path -from [get_registers *altera_avalon_st_clock_crosser:*|in_data_buffer*] -to [get_registers *altera_avalon_st_clock_crosser:*|out_data_buffer*]
        Info (332166): set_false_path -from [get_registers *altera_avalon_st_clock_crosser:*|in_data_buffer*] -to [get_registers *altera_avalon_st_clock_crosser:*|out_data_buffer*]
        Info (332166): set_false_path -from [get_registers *altera_avalon_st_clock_crosser:*|in_data_buffer*] -to [get_registers *altera_avalon_st_clock_crosser:*|out_data_buffer*]
        Info (332166): set_false_path -from [get_registers *altera_avalon_st_clock_crosser:*|in_data_buffer*] -to [get_registers *altera_avalon_st_clock_crosser:*|out_data_buffer*]
        Info (332166): set_false_path -from [get_registers *altera_avalon_st_clock_crosser:*|in_data_buffer*] -to [get_registers *altera_avalon_st_clock_crosser:*|out_data_buffer*]
        Info (332166): set_false_path -from [get_registers *altera_avalon_st_clock_crosser:*|in_data_buffer*] -to [get_registers *altera_avalon_st_clock_crosser:*|out_data_buffer*]
        Info (332166): set_false_path -from [get_registers *altera_avalon_st_clock_crosser:*|in_data_buffer*] -to [get_registers *altera_avalon_st_clock_crosser:*|out_data_buffer*]
        Info (332166): set_false_path -from [get_registers *altera_avalon_st_clock_crosser:*|in_data_buffer*] -to [get_registers *altera_avalon_st_clock_crosser:*|out_data_buffer*]
        Info (332166): set_false_path -from [get_registers *altera_avalon_st_clock_crosser:*|in_data_buffer*] -to [get_registers *altera_avalon_st_clock_crosser:*|out_data_buffer*]
        Info (332166): set_false_path -from [get_registers *altera_avalon_st_clock_crosser:*|in_data_buffer*] -to [get_registers *altera_avalon_st_clock_crosser:*|out_data_buffer*]
        Info (332166): set_false_path -from [get_registers *altera_avalon_st_clock_crosser:*|in_data_buffer*] -to [get_registers *altera_avalon_st_clock_crosser:*|out_data_buffer*]
        Info (332166): set_false_path -from [get_registers *altera_avalon_st_clock_crosser:*|in_data_buffer*] -to [get_registers *altera_avalon_st_clock_crosser:*|out_data_buffer*]
        Info (332166): set_false_path -from [get_registers *altera_avalon_st_clock_crosser:*|in_data_buffer*] -to [get_registers *altera_avalon_st_clock_crosser:*|out_data_buffer*]
        Info (332166): set_false_path -from [get_registers *altera_avalon_st_clock_crosser:*|in_data_buffer*] -to [get_registers *altera_avalon_st_clock_crosser:*|out_data_buffer*]
        Info (332166): set_false_path -from [get_registers *altera_avalon_st_clock_crosser:*|in_data_buffer*] -to [get_registers *altera_avalon_st_clock_crosser:*|out_data_buffer*]
        Info (332166): set_false_path -from [get_registers *altera_avalon_st_clock_crosser:*|in_data_buffer*] -to [get_registers *altera_avalon_st_clock_crosser:*|out_data_buffer*]
        Info (332166): set_false_path -from [get_registers *altera_avalon_st_clock_crosser:*|in_data_buffer*] -to [get_registers *altera_avalon_st_clock_crosser:*|out_data_buffer*]
        Info (332166): set_false_path -from [get_registers *altera_avalon_st_clock_crosser:*|in_data_buffer*] -to [get_registers *altera_avalon_st_clock_crosser:*|out_data_buffer*]
        Info (332166): set_false_path -from [get_registers *altera_avalon_st_clock_crosser:*|in_data_buffer*] -to [get_registers *altera_avalon_st_clock_crosser:*|out_data_buffer*]
        Info (332166): set_false_path -from [get_registers *altera_avalon_st_clock_crosser:*|in_data_buffer*] -to [get_registers *altera_avalon_st_clock_crosser:*|out_data_buffer*]
        Info (332166): set_false_path -from [get_registers *altera_avalon_st_clock_crosser:*|in_data_buffer*] -to [get_registers *altera_avalon_st_clock_crosser:*|out_data_buffer*]
        Info (332166): set_false_path -from [get_registers *altera_avalon_st_clock_crosser:*|in_data_buffer*] -to [get_registers *altera_avalon_st_clock_crosser:*|out_data_buffer*]
        Info (332166): set_false_path -from [get_registers *altera_avalon_st_clock_crosser:*|in_data_buffer*] -to [get_registers *altera_avalon_st_clock_crosser:*|out_data_buffer*]
        Info (332166): set_false_path -from [get_registers *altera_avalon_st_clock_crosser:*|in_data_buffer*] -to [get_registers *altera_avalon_st_clock_crosser:*|out_data_buffer*]
        Info (332166): set_false_path -from [get_registers *altera_avalon_st_clock_crosser:*|in_data_buffer*] -to [get_registers *altera_avalon_st_clock_crosser:*|out_data_buffer*]
        Info (332166): set_false_path -from [get_registers *altera_avalon_st_clock_crosser:*|in_data_buffer*] -to [get_registers *altera_avalon_st_clock_crosser:*|out_data_buffer*]
        Info (332166): set_false_path -from [get_registers *altera_avalon_st_clock_crosser:*|in_data_buffer*] -to [get_registers *altera_avalon_st_clock_crosser:*|out_data_buffer*]
        Info (332166): set_false_path -from [get_registers *altera_avalon_st_clock_crosser:*|in_data_buffer*] -to [get_registers *altera_avalon_st_clock_crosser:*|out_data_buffer*]
        Info (332166): set_false_path -from [get_registers *altera_avalon_st_clock_crosser:*|in_data_buffer*] -to [get_registers *altera_avalon_st_clock_crosser:*|out_data_buffer*]
        Info (332166): set_false_path -from [get_registers *altera_avalon_st_clock_crosser:*|in_data_buffer*] -to [get_registers *altera_avalon_st_clock_crosser:*|out_data_buffer*]
        Info (332166): set_false_path -from [get_registers *altera_avalon_st_clock_crosser:*|in_data_buffer*] -to [get_registers *altera_avalon_st_clock_crosser:*|out_data_buffer*]
        Info (332166): set_false_path -from [get_registers *altera_avalon_st_clock_crosser:*|in_data_buffer*] -to [get_registers *altera_avalon_st_clock_crosser:*|out_data_buffer*]
        Info (332166): set_false_path -from [get_registers *altera_avalon_st_clock_crosser:*|in_data_buffer*] -to [get_registers *altera_avalon_st_clock_crosser:*|out_data_buffer*]
        Info (332166): set_false_path -from [get_registers *altera_avalon_st_clock_crosser:*|in_data_buffer*] -to [get_registers *altera_avalon_st_clock_crosser:*|out_data_buffer*]
        Info (332166): set_false_path -from [get_registers *altera_avalon_st_clock_crosser:*|in_data_buffer*] -to [get_registers *altera_avalon_st_clock_crosser:*|out_data_buffer*]
        Info (332166): set_false_path -from [get_registers *altera_avalon_st_clock_crosser:*|in_data_buffer*] -to [get_registers *altera_avalon_st_clock_crosser:*|out_data_buffer*]
        Info (332166): set_false_path -from [get_registers *altera_avalon_st_clock_crosser:*|in_data_buffer*] -to [get_registers *altera_avalon_st_clock_crosser:*|out_data_buffer*]
        Info (332166): set_false_path -from [get_registers *altera_avalon_st_clock_crosser:*|in_data_buffer*] -to [get_registers *altera_avalon_st_clock_crosser:*|out_data_buffer*]
        Info (332166): set_false_path -from [get_registers *altera_avalon_st_clock_crosser:*|in_data_buffer*] -to [get_registers *altera_avalon_st_clock_crosser:*|out_data_buffer*]
        Info (332166): set_false_path -from [get_registers *altera_avalon_st_clock_crosser:*|in_data_buffer*] -to [get_registers *altera_avalon_st_clock_crosser:*|out_data_buffer*]
        Info (332166): set_false_path -from [get_registers *altera_avalon_st_clock_crosser:*|in_data_buffer*] -to [get_registers *altera_avalon_st_clock_crosser:*|out_data_buffer*]
        Info (332166): set_false_path -from [get_registers *altera_avalon_st_clock_crosser:*|in_data_buffer*] -to [get_registers *altera_avalon_st_clock_crosser:*|out_data_buffer*]
        Info (332166): set_false_path -from [get_registers *altera_avalon_st_clock_crosser:*|in_data_buffer*] -to [get_registers *altera_avalon_st_clock_crosser:*|out_data_buffer*]
        Info (332166): set_false_path -from [get_registers *altera_avalon_st_clock_crosser:*|in_data_buffer*] -to [get_registers *altera_avalon_st_clock_crosser:*|out_data_buffer*]
        Info (332166): set_false_path -from [get_registers *altera_avalon_st_clock_crosser:*|in_data_buffer*] -to [get_registers *altera_avalon_st_clock_crosser:*|out_data_buffer*]
        Info (332166): set_false_path -from [get_registers *altera_avalon_st_clock_crosser:*|in_data_buffer*] -to [get_registers *altera_avalon_st_clock_crosser:*|out_data_buffer*]
        Info (332166): set_false_path -from [get_registers *altera_avalon_st_clock_crosser:*|in_data_buffer*] -to [get_registers *altera_avalon_st_clock_crosser:*|out_data_buffer*]
        Info (332166): set_false_path -from [get_registers *altera_avalon_st_clock_crosser:*|in_data_buffer*] -to [get_registers *altera_avalon_st_clock_crosser:*|out_data_buffer*]
        Info (332166): set_false_path -from [get_registers *altera_avalon_st_clock_crosser:*|in_data_buffer*] -to [get_registers *altera_avalon_st_clock_crosser:*|out_data_buffer*]
        Info (332166): set_false_path -from [get_registers *altera_avalon_st_clock_crosser:*|in_data_buffer*] -to [get_registers *altera_avalon_st_clock_crosser:*|out_data_buffer*]
        Info (332166): set_false_path -from [get_registers *altera_avalon_st_clock_crosser:*|in_data_buffer*] -to [get_registers *altera_avalon_st_clock_crosser:*|out_data_buffer*]
        Info (332166): set_false_path -from [get_registers *altera_avalon_st_clock_crosser:*|in_data_buffer*] -to [get_registers *altera_avalon_st_clock_crosser:*|out_data_buffer*]
        Info (332166): set_false_path -from [get_registers *altera_avalon_st_clock_crosser:*|in_data_buffer*] -to [get_registers *altera_avalon_st_clock_crosser:*|out_data_buffer*]
        Info (332166): set_false_path -from [get_registers *altera_avalon_st_clock_crosser:*|in_data_buffer*] -to [get_registers *altera_avalon_st_clock_crosser:*|out_data_buffer*]
        Info (332166): set_false_path -from [get_registers *altera_avalon_st_clock_crosser:*|in_data_buffer*] -to [get_registers *altera_avalon_st_clock_crosser:*|out_data_buffer*]
        Info (332166): set_false_path -from [get_registers *altera_avalon_st_clock_crosser:*|in_data_buffer*] -to [get_registers *altera_avalon_st_clock_crosser:*|out_data_buffer*]
        Info (332166): set_false_path -from [get_registers *altera_avalon_st_clock_crosser:*|in_data_buffer*] -to [get_registers *altera_avalon_st_clock_crosser:*|out_data_buffer*]
        Info (332166): set_false_path -from [get_registers *altera_avalon_st_clock_crosser:*|in_data_buffer*] -to [get_registers *altera_avalon_st_clock_crosser:*|out_data_buffer*]
        Info (332166): set_false_path -from [get_registers *altera_avalon_st_clock_crosser:*|in_data_buffer*] -to [get_registers *altera_avalon_st_clock_crosser:*|out_data_buffer*]
        Info (332166): set_false_path -from [get_registers *altera_avalon_st_clock_crosser:*|in_data_buffer*] -to [get_registers *altera_avalon_st_clock_crosser:*|out_data_buffer*]
        Info (332166): set_false_path -from [get_registers *altera_avalon_st_clock_crosser:*|in_data_buffer*] -to [get_registers *altera_avalon_st_clock_crosser:*|out_data_buffer*]
        Info (332166): set_false_path -from [get_registers *altera_avalon_st_clock_crosser:*|in_data_buffer*] -to [get_registers *altera_avalon_st_clock_crosser:*|out_data_buffer*]
        Info (332166): set_false_path -from [get_registers *altera_avalon_st_clock_crosser:*|in_data_buffer*] -to [get_registers *altera_avalon_st_clock_crosser:*|out_data_buffer*]
        Info (332166): set_false_path -from [get_registers *altera_avalon_st_clock_crosser:*|in_data_buffer*] -to [get_registers *altera_avalon_st_clock_crosser:*|out_data_buffer*]
        Info (332166): set_false_path -from [get_registers *altera_avalon_st_clock_crosser:*|in_data_buffer*] -to [get_registers *altera_avalon_st_clock_crosser:*|out_data_buffer*]
        Info (332166): set_false_path -from [get_registers *altera_avalon_st_clock_crosser:*|in_data_buffer*] -to [get_registers *altera_avalon_st_clock_crosser:*|out_data_buffer*]
        Info (332166): set_false_path -from [get_registers *altera_avalon_st_clock_crosser:*|in_data_buffer*] -to [get_registers *altera_avalon_st_clock_crosser:*|out_data_buffer*]
        Info (332166): set_false_path -from [get_registers *altera_avalon_st_clock_crosser:*|in_data_buffer*] -to [get_registers *altera_avalon_st_clock_crosser:*|out_data_buffer*]
        Info (332166): set_false_path -from [get_registers *altera_avalon_st_clock_crosser:*|in_data_buffer*] -to [get_registers *altera_avalon_st_clock_crosser:*|out_data_buffer*]
        Info (332166): set_false_path -from [get_registers *altera_avalon_st_clock_crosser:*|in_data_buffer*] -to [get_registers *altera_avalon_st_clock_crosser:*|out_data_buffer*]
        Info (332166): set_false_path -from [get_registers *altera_avalon_st_clock_crosser:*|in_data_buffer*] -to [get_registers *altera_avalon_st_clock_crosser:*|out_data_buffer*]
        Info (332166): set_false_path -from [get_registers *altera_avalon_st_clock_crosser:*|in_data_buffer*] -to [get_registers *altera_avalon_st_clock_crosser:*|out_data_buffer*]
        Info (332166): set_false_path -from [get_registers *altera_avalon_st_clock_crosser:*|in_data_buffer*] -to [get_registers *altera_avalon_st_clock_crosser:*|out_data_buffer*]
        Info (332166): set_false_path -from [get_registers *altera_avalon_st_clock_crosser:*|in_data_buffer*] -to [get_registers *altera_avalon_st_clock_crosser:*|out_data_buffer*]
        Info (332166): set_false_path -from [get_registers *altera_avalon_st_clock_crosser:*|in_data_buffer*] -to [get_registers *altera_avalon_st_clock_crosser:*|out_data_buffer*]
        Info (332166): set_false_path -from [get_registers *altera_avalon_st_clock_crosser:*|in_data_buffer*] -to [get_registers *altera_avalon_st_clock_crosser:*|out_data_buffer*]
        Info (332166): set_false_path -from [get_registers *altera_avalon_st_clock_crosser:*|in_data_buffer*] -to [get_registers *altera_avalon_st_clock_crosser:*|out_data_buffer*]
    Info (332165): Entity altera_std_synchronizer
        Info (332166): set_false_path -to [get_keepers {*altera_std_synchronizer:*|din_s1}]
    Info (332165): Entity sld_jtag_hub
        Info (332166): create_clock -name altera_reserved_tck [get_ports {altera_reserved_tck}] -period 10MHz   
        Info (332166): set_clock_groups -asynchronous -group {altera_reserved_tck}
Info (332104): Reading SDC File: 'SoC/synthesis/submodules/altera_reset_controller.sdc'
Info (332104): Reading SDC File: 'SoC/synthesis/submodules/SoC_cpu.sdc'
Warning (332060): Node: INPUT was determined to be a clock but was found without an associated clock assignment.
Warning (332056): PLL cross checking found inconsistent PLL clock settings:
    Warning (332056): Node: inst|altpll|sd1|pll7|clk[0] was found missing 1 generated clock that corresponds to a base clock with a period of: 20.000
    Warning (332056): Node: inst|altpll|sd1|pll7|clk[1] was found missing 1 generated clock that corresponds to a base clock with a period of: 20.000
    Warning (332056): Node: inst|altpll|sd1|pll7|clk[2] was found missing 1 generated clock that corresponds to a base clock with a period of: 20.000
Critical Warning (332168): The following clock transfers have no clock uncertainty assignment. For more accurate results, apply clock uncertainty assignments or use the derive_clock_uncertainty command.
    Critical Warning (332169): From altera_reserved_tck (Rise) to altera_reserved_tck (Rise) (setup and hold)
    Critical Warning (332169): From altera_reserved_tck (Rise) to altera_reserved_tck (Fall) (setup and hold)
    Critical Warning (332169): From altera_reserved_tck (Fall) to altera_reserved_tck (Fall) (setup and hold)
Info: Found TIMEQUEST_REPORT_SCRIPT_INCLUDE_DEFAULT_ANALYSIS = ON
Info: Analyzing Slow 1200mV 85C Model
Info (332146): Worst-case setup slack is 47.091
    Info (332119):     Slack       End Point TNS Clock 
    Info (332119): ========= =================== =====================
    Info (332119):    47.091               0.000 altera_reserved_tck 
Info (332146): Worst-case hold slack is 0.404
    Info (332119):     Slack       End Point TNS Clock 
    Info (332119): ========= =================== =====================
    Info (332119):     0.404               0.000 altera_reserved_tck 
Info (332146): Worst-case recovery slack is 47.709
    Info (332119):     Slack       End Point TNS Clock 
    Info (332119): ========= =================== =====================
    Info (332119):    47.709               0.000 altera_reserved_tck 
Info (332146): Worst-case removal slack is 1.051
    Info (332119):     Slack       End Point TNS Clock 
    Info (332119): ========= =================== =====================
    Info (332119):     1.051               0.000 altera_reserved_tck 
Info (332146): Worst-case minimum pulse width slack is 49.624
    Info (332119):     Slack       End Point TNS Clock 
    Info (332119): ========= =================== =====================
    Info (332119):    49.624               0.000 altera_reserved_tck 
Info (332114): Report Metastability: Found 2 synchronizer chains.
    Info (332114): Typical MTBF of Design is 1e+09 years or 3.15e+16 seconds.

    Info (332114): Number of Synchronizer Chains Found: 2
    Info (332114): Shortest Synchronizer Chain: 2 Registers
    Info (332114): Fraction of Chains for which MTBFs Could Not be Calculated: 0.000
    Info (332114): Worst Case Available Settling Time: 197.073 ns
    Info (332114): 
    Info (332114): Typical MTBF values are calculated based on the nominal silicon characteristics, at nominal operating conditions.
    Info (332114):   - Under typical conditions, an increase of 100ps in available settling time will increase MTBF values by a factor of 10.8
Info: Analyzing Slow 1200mV 0C Model
Info (334003): Started post-fitting delay annotation
Info (334004): Delay annotation completed successfully
Warning (332060): Node: INPUT was determined to be a clock but was found without an associated clock assignment.
Warning (332056): PLL cross checking found inconsistent PLL clock settings:
    Warning (332056): Node: inst|altpll|sd1|pll7|clk[0] was found missing 1 generated clock that corresponds to a base clock with a period of: 20.000
    Warning (332056): Node: inst|altpll|sd1|pll7|clk[1] was found missing 1 generated clock that corresponds to a base clock with a period of: 20.000
    Warning (332056): Node: inst|altpll|sd1|pll7|clk[2] was found missing 1 generated clock that corresponds to a base clock with a period of: 20.000
Critical Warning (332168): The following clock transfers have no clock uncertainty assignment. For more accurate results, apply clock uncertainty assignments or use the derive_clock_uncertainty command.
    Critical Warning (332169): From altera_reserved_tck (Rise) to altera_reserved_tck (Rise) (setup and hold)
    Critical Warning (332169): From altera_reserved_tck (Rise) to altera_reserved_tck (Fall) (setup and hold)
    Critical Warning (332169): From altera_reserved_tck (Fall) to altera_reserved_tck (Fall) (setup and hold)
Info (332146): Worst-case setup slack is 47.453
    Info (332119):     Slack       End Point TNS Clock 
    Info (332119): ========= =================== =====================
    Info (332119):    47.453               0.000 altera_reserved_tck 
Info (332146): Worst-case hold slack is 0.353
    Info (332119):     Slack       End Point TNS Clock 
    Info (332119): ========= =================== =====================
    Info (332119):     0.353               0.000 altera_reserved_tck 
Info (332146): Worst-case recovery slack is 47.995
    Info (332119):     Slack       End Point TNS Clock 
    Info (332119): ========= =================== =====================
    Info (332119):    47.995               0.000 altera_reserved_tck 
Info (332146): Worst-case removal slack is 0.958
    Info (332119):     Slack       End Point TNS Clock 
    Info (332119): ========= =================== =====================
    Info (332119):     0.958               0.000 altera_reserved_tck 
Info (332146): Worst-case minimum pulse width slack is 49.564
    Info (332119):     Slack       End Point TNS Clock 
    Info (332119): ========= =================== =====================
    Info (332119):    49.564               0.000 altera_reserved_tck 
Info (332114): Report Metastability: Found 2 synchronizer chains.
    Info (332114): Typical MTBF of Design is 1e+09 years or 3.15e+16 seconds.

    Info (332114): Number of Synchronizer Chains Found: 2
    Info (332114): Shortest Synchronizer Chain: 2 Registers
    Info (332114): Fraction of Chains for which MTBFs Could Not be Calculated: 0.000
    Info (332114): Worst Case Available Settling Time: 197.361 ns
    Info (332114): 
    Info (332114): Typical MTBF values are calculated based on the nominal silicon characteristics, at nominal operating conditions.
    Info (332114):   - Under typical conditions, an increase of 100ps in available settling time will increase MTBF values by a factor of 10.8
Info: Analyzing Fast 1200mV 0C Model
Warning (332060): Node: INPUT was determined to be a clock but was found without an associated clock assignment.
Warning (332056): PLL cross checking found inconsistent PLL clock settings:
    Warning (332056): Node: inst|altpll|sd1|pll7|clk[0] was found missing 1 generated clock that corresponds to a base clock with a period of: 20.000
    Warning (332056): Node: inst|altpll|sd1|pll7|clk[1] was found missing 1 generated clock that corresponds to a base clock with a period of: 20.000
    Warning (332056): Node: inst|altpll|sd1|pll7|clk[2] was found missing 1 generated clock that corresponds to a base clock with a period of: 20.000
Critical Warning (332168): The following clock transfers have no clock uncertainty assignment. For more accurate results, apply clock uncertainty assignments or use the derive_clock_uncertainty command.
    Critical Warning (332169): From altera_reserved_tck (Rise) to altera_reserved_tck (Rise) (setup and hold)
    Critical Warning (332169): From altera_reserved_tck (Rise) to altera_reserved_tck (Fall) (setup and hold)
    Critical Warning (332169): From altera_reserved_tck (Fall) to altera_reserved_tck (Fall) (setup and hold)
Info (332146): Worst-case setup slack is 48.784
    Info (332119):     Slack       End Point TNS Clock 
    Info (332119): ========= =================== =====================
    Info (332119):    48.784               0.000 altera_reserved_tck 
Info (332146): Worst-case hold slack is 0.181
    Info (332119):     Slack       End Point TNS Clock 
    Info (332119): ========= =================== =====================
    Info (332119):     0.181               0.000 altera_reserved_tck 
Info (332146): Worst-case recovery slack is 49.022
    Info (332119):     Slack       End Point TNS Clock 
    Info (332119): ========= =================== =====================
    Info (332119):    49.022               0.000 altera_reserved_tck 
Info (332146): Worst-case removal slack is 0.498
    Info (332119):     Slack       End Point TNS Clock 
    Info (332119): ========= =================== =====================
    Info (332119):     0.498               0.000 altera_reserved_tck 
Info (332146): Worst-case minimum pulse width slack is 49.473
    Info (332119):     Slack       End Point TNS Clock 
    Info (332119): ========= =================== =====================
    Info (332119):    49.473               0.000 altera_reserved_tck 
Info (332114): Report Metastability: Found 2 synchronizer chains.
    Info (332114): Typical MTBF of Design is 1e+09 years or 3.15e+16 seconds.

    Info (332114): Number of Synchronizer Chains Found: 2
    Info (332114): Shortest Synchronizer Chain: 2 Registers
    Info (332114): Fraction of Chains for which MTBFs Could Not be Calculated: 0.000
    Info (332114): Worst Case Available Settling Time: 198.609 ns
    Info (332114): 
    Info (332114): Typical MTBF values are calculated based on the nominal silicon characteristics, at nominal operating conditions.
    Info (332114):   - Under typical conditions, an increase of 100ps in available settling time will increase MTBF values by a factor of 10.8
Info (332102): Design is not fully constrained for setup requirements
Info (332102): Design is not fully constrained for hold requirements
Info: Quartus II 64-Bit TimeQuest Timing Analyzer was successful. 0 errors, 28 warnings
    Info: Peak virtual memory: 4723 megabytes
    Info: Processing ended: Mon Jan 05 13:33:10 2026
    Info: Elapsed time: 00:00:06
    Info: Total CPU time (on all processors): 00:00:05


